dataset_id,fold,checkpoint,sparsity,features,features_added,accuracy,roc_auc_score,prediction_probas,ground_truth
1468,0,xgboost,0.0,856,0,0.9027777777777778,0.9891010802469135,"[2.2270102e-05 4.1325300e-05 1.5100467e-05 2.2458653e-04 5.1462401e-05
 9.9643147e-01 3.6760358e-04 1.1454459e-04 2.7316625e-03] [3.7943241e-01 6.0136968e-01 5.7508465e-04 7.9691330e-05 2.8509877e-04
 1.6108062e-02 1.2373801e-03 4.6023820e-04 4.5238590e-04] [3.1068006e-07 2.7237752e-07 2.5087809e-05 9.9994910e-01 1.6749651e-06
 1.4560353e-05 2.2152744e-06 3.1426357e-06 3.6502772e-06] [1.0115082e-03 5.4949325e-02 9.3608260e-01 1.9513095e-04 6.8533287e-04
 1.1078864e-03 3.9664893e-03 7.5470743e-04 1.2469863e-03] [1.2634701e-05 6.7018133e-05 9.4683892e-06 6.9073221e-04 1.0462450e-04
 1.2641639e-04 9.9675876e-01 3.5757494e-05 2.1946412e-03] [7.4518452e-06 4.0481536e-04 9.9920112e-01 3.2942093e-04 5.0488929e-06
 8.1618737e-06 2.9221379e-05 5.5599771e-06 9.1866323e-06] [8.8590568e-06 7.0810944e-05 6.9415078e-06 4.9493792e-06 6.4933033e-06
 6.9983769e-05 4.0249703e-05 1.3750085e-05 9.9977797e-01] [3.7021126e-04 9.9503905e-01 8.1752660e-04 8.2099332e-06 2.5083145e-04
 5.3981104e-04 2.0004816e-03 2.7622236e-04 6.9768657e-04] [1.4664886e-04 4.1452513e-04 1.4948864e-04 6.2209938e-04 9.9359873e-05
 4.7639986e-03 6.4896583e-04 9.9128002e-01 1.8749129e-03] [5.2277373e-05 1.2175910e-04 4.2275307e-05 6.9455582e-06 9.9898082e-01
 1.7167740e-04 1.6408793e-04 3.9005237e-05 4.2117925e-04] [2.6729394e-05 2.6865067e-05 2.0644671e-05 3.0193371e-05 9.9953687e-01
 1.9535520e-04 5.5519176e-05 3.1626754e-05 7.6242031e-05] [0.0159625  0.03717824 0.01290845 0.6769176  0.01399592 0.0524204
 0.05010304 0.01190995 0.12860394] [7.7892733e-01 1.7193122e-01 1.7214209e-02 3.2216587e-04 2.9491880e-03
 3.6302868e-03 1.7236041e-02 4.0031630e-03 3.7864423e-03] [0.00162624 0.00459682 0.00165773 0.00689868 0.00110184 0.05282966
 0.00719661 0.00121337 0.92287904] [9.9970454e-01 7.0847818e-05 3.5142159e-05 3.5870866e-07 1.0959336e-05
 2.3585455e-05 8.7405162e-05 1.2068718e-05 5.5110817e-05] [0.00705338 0.00637999 0.00478262 0.07399731 0.01629918 0.38899773
 0.08167667 0.03627857 0.38453454] [5.6600034e-05 1.6635962e-04 3.8806073e-05 9.9004400e-01 3.6217389e-04
 7.1848062e-04 2.5056794e-04 6.3712285e-03 1.9918550e-03] [8.9398944e-01 9.9880733e-02 5.4240704e-04 1.8288160e-03 2.0737009e-04
 2.3042641e-03 7.7794836e-04 3.3475980e-04 1.3428129e-04] [1.09954577e-04 1.10512694e-04 7.11718531e-05 1.24203943e-04
 1.04294195e-04 7.10316701e-04 2.30788661e-04 9.83190417e-01
 1.53483059e-02] [2.0933100e-03 9.1687040e-03 5.4768706e-03 4.6421963e-05 1.4182921e-03
 3.0522880e-03 1.1311452e-02 9.6348763e-01 3.9449735e-03] [4.5954566e-05 9.9544758e-01 4.2020464e-03 3.4012448e-06 3.1135871e-05
 3.5057616e-05 1.6059849e-04 3.4287666e-05 3.9975130e-05] [5.6104077e-04 9.9248177e-01 1.2389298e-03 1.2441832e-05 3.8012528e-04
 8.1806257e-04 3.0316520e-03 4.1860424e-04 1.0573168e-03] [8.8271454e-06 7.9844021e-06 5.9853301e-06 9.2605886e-05 2.0398025e-05
 2.4247443e-04 9.9724698e-01 4.5401761e-05 2.3294201e-03] [4.5707612e-04 1.5297238e-03 3.0992497e-04 1.3406097e-02 1.0562254e-03
 1.7222546e-02 3.2469484e-03 1.1319087e-03 9.6163958e-01] [9.9963105e-01 1.6639564e-04 2.3093959e-05 2.3572858e-07 7.2020180e-06
 2.1249320e-05 5.7439025e-05 7.9310648e-06 8.5442320e-05] [1.6868358e-05 1.4788710e-05 6.8570480e-06 6.1977546e-05 9.9779034e-01
 1.5682384e-03 1.2027822e-04 1.7062927e-04 2.4997015e-04] [4.3462110e-06 3.9959850e-05 9.9905688e-01 8.5247838e-04 2.9447115e-06
 5.8428582e-06 2.6081148e-05 3.2427988e-06 8.1907056e-06] [3.7086600e-05 8.6378401e-05 3.2709897e-05 2.9688554e-05 9.9878234e-01
 1.2181317e-04 1.4535010e-04 2.7671085e-05 7.3698914e-04] [2.6807270e-04 2.4247951e-04 1.8176940e-04 2.8123611e-03 6.1947078e-04
 7.9373289e-03 3.1042246e-03 8.9777869e-01 8.7055579e-02] [8.1985287e-04 9.8867911e-01 2.1450368e-03 1.8181338e-05 5.5547949e-04
 1.1954401e-03 4.4301725e-03 6.1170931e-04 1.5450638e-03] [1.2833203e-05 1.1607995e-05 8.7016751e-06 1.3463358e-04 2.9655339e-05
 7.0775702e-04 1.4860570e-04 9.9835217e-01 5.9405615e-04] [2.6381942e-05 7.0976283e-05 3.2562253e-05 5.6778395e-04 6.0964161e-05
 3.0496516e-03 2.6743746e-04 1.3569354e-04 9.9578851e-01] [1.2329876e-04 1.9832994e-04 9.0597074e-05 7.9249898e-05 9.9550784e-01
 9.0394478e-04 5.9894455e-04 1.4588943e-04 2.3519371e-03] [1.4301539e-04 3.3309715e-04 1.1565283e-04 1.9001009e-05 1.2539589e-04
 4.0927835e-04 4.5646020e-04 2.3585539e-03 9.9603951e-01] [9.9980587e-01 4.6566372e-05 2.3097997e-05 2.3576979e-07 7.2032772e-06
 1.5502084e-05 5.7449066e-05 7.9324509e-06 3.6222893e-05] [0.00179924 0.00157742 0.00079943 0.66599107 0.00555648 0.12692332
 0.01234739 0.01819991 0.1668057 ] [1.3864240e-04 5.3636049e-04 4.5951614e-03 9.8241901e-01 1.8744063e-04
 1.9295054e-04 8.2623225e-04 9.1367474e-05 1.1012786e-02] [9.9378890e-01 2.4748298e-03 2.2221390e-04 2.0841644e-04 1.7093132e-04
 1.9146256e-03 6.4124865e-04 2.7593639e-04 3.0289267e-04] [1.8950364e-03 1.4043503e-01 8.4509712e-01 8.1733725e-04 1.2839546e-03
 1.4456768e-03 5.9634740e-03 1.4139261e-03 1.6484604e-03] [3.2581006e-06 8.6730279e-06 6.2609724e-05 9.9980634e-01 7.7751411e-06
 2.8639028e-05 1.4423588e-05 9.2207574e-06 5.9099268e-05] [6.9077789e-05 6.0561393e-05 2.8080363e-05 2.5380484e-04 1.6484712e-04
 6.4221048e-03 4.9255200e-04 6.9874560e-04 9.9181026e-01] [7.7905817e-05 7.0468086e-05 5.2824784e-05 8.1731268e-04 1.8002721e-04
 4.2965463e-03 9.0213248e-04 9.8999643e-01 3.6063057e-03] [1.23313985e-05 9.40739847e-05 9.92104411e-01 7.66859623e-03
 9.03837827e-06 6.39722784e-05 2.69469692e-05 1.45907588e-05
 5.97884764e-06] [4.43429344e-05 1.94222070e-04 1.16017334e-04 7.04103240e-06
 9.99190152e-01 6.46571207e-05 2.39612316e-04 3.30851908e-05
 1.10873669e-04] [1.35142109e-04 9.95946348e-01 2.98430328e-04 2.95023278e-06
 9.15636265e-05 1.97052796e-04 7.30256492e-04 1.00832345e-04
 2.49742810e-03] [8.9759560e-06 1.6656162e-05 6.0862380e-06 9.0519519e-05 2.0741920e-05
 2.2639767e-03 9.9677902e-01 4.6167195e-05 7.6786446e-04] [1.5272301e-04 1.9327035e-04 6.2082443e-05 5.6113320e-04 3.6445830e-04
 1.2550079e-02 1.1309234e-03 9.5347857e-01 3.1506754e-02] [9.9974829e-01 9.7743134e-05 2.3096667e-05 2.3575622e-07 7.2028624e-06
 1.5501191e-05 6.3795356e-05 7.9319943e-06 3.6220808e-05] [1.0549107e-04 9.9723899e-01 7.5618934e-04 4.6055404e-05 7.7320357e-05
 7.6329341e-04 2.3052270e-04 1.2481914e-04 6.5728824e-04] [3.6793372e-05 3.3280674e-05 2.4948118e-05 3.8600076e-04 8.5023275e-05
 9.9726367e-01 6.0733361e-04 1.8924412e-04 1.3736805e-03] [0.00452288 0.00409107 0.00306678 0.04744967 0.0104516  0.49005097
 0.07465733 0.02326309 0.34244663] [9.6318372e-06 1.5493115e-05 9.9711108e-01 2.7242554e-03 7.0597112e-06
 6.5804714e-05 3.7546568e-05 1.1396572e-05 1.7722419e-05] [6.4025365e-04 9.9119955e-01 3.0492393e-03 6.5230677e-05 4.3379489e-04
 3.9007579e-04 2.5352414e-03 4.7770666e-04 1.2089286e-03] [0.00215354 0.00720738 0.00146023 0.06316359 0.00497647 0.05606138
 0.01529819 0.11787752 0.7318016 ] [1.6868129e-05 4.4902772e-05 6.8569543e-06 1.2501461e-03 9.9777669e-01
 2.5609595e-04 2.8925337e-04 4.7738526e-05 3.1146448e-04] [1.6456048e-04 1.4427232e-04 6.6894412e-05 6.5333652e-04 1.0529946e-03
 1.1470581e-02 1.1733822e-03 9.8248291e-01 2.7910206e-03] [2.2165227e-04 2.0049092e-04 2.0392066e-04 9.7734970e-01 5.1220076e-04
 1.0483451e-02 2.5666852e-03 1.1400519e-03 7.3218886e-03] [4.5908091e-05 3.5022464e-04 9.9889201e-01 1.6914571e-04 3.3648634e-05
 3.3217360e-04 1.0031993e-04 5.4319378e-05 2.2258446e-05] [0.00170835 0.00188576 0.00426001 0.00095771 0.00125215 0.7844471
 0.00683533 0.16913235 0.02952123] [0.9295695  0.00673883 0.00399192 0.00374407 0.00307067 0.03442076
 0.01151961 0.00495702 0.0019876 ] [5.01331547e-03 1.16765071e-02 3.70563334e-03 7.46059464e-04
 4.39567445e-03 8.29337776e-01 1.96482148e-02 3.74053954e-03
 1.21736266e-01] [6.1241374e-04 5.4400600e-03 6.2062894e-03 3.9706024e-04 9.8362398e-01
 3.6063182e-04 2.4250024e-03 4.5693471e-04 4.7757736e-04] [1.11622649e-04 1.12189227e-04 7.22515688e-05 1.26088184e-04
 1.05876396e-04 8.15808482e-04 2.31849321e-04 9.98105884e-01
 3.18388746e-04] [3.1760181e-05 3.8472761e-05 8.3096253e-05 1.8982051e-06 2.1518643e-05
 3.2408891e-04 9.9916947e-01 4.9217597e-05 2.8050900e-04] [5.6517190e-05 4.3115934e-04 9.6821612e-01 3.0692162e-02 4.1424599e-05
 2.9319740e-04 1.7508802e-04 6.6872206e-05 2.7402244e-05] [2.0790601e-04 9.9721402e-01 4.5911272e-04 4.6105947e-06 1.4086381e-04
 3.0315094e-04 1.1234449e-03 1.5512301e-04 3.9181180e-04] [5.6033127e-04 9.9122673e-01 1.2373631e-03 1.2426099e-05 3.7964457e-04
 8.1702805e-04 4.2924760e-03 4.1807487e-04 1.0559798e-03] [0.00166395 0.00145881 0.0006764  0.00611368 0.00397086 0.23800208
 0.01186465 0.44991168 0.2863379 ] [3.3650576e-05 1.8951978e-04 4.1533658e-05 1.7001580e-03 7.7760727e-05
 1.1857956e-04 2.0926393e-04 9.9612230e-01 1.5071589e-03] [8.7239360e-03 3.8210858e-02 1.5585735e-02 2.4371158e-04 5.9107775e-03
 1.3231782e-02 5.8861587e-02 6.5091108e-03 8.5272247e-01] [1.5491682e-04 6.7853584e-04 9.6974629e-01 2.7862431e-02 1.0496161e-04
 2.0826347e-04 8.3711155e-04 1.1558668e-04 2.9195042e-04] [0.00722206 0.00633168 0.00293579 0.02653521 0.01723473 0.6714292
 0.05149617 0.07305362 0.14376153] [0.27292275 0.18527503 0.11067291 0.00093806 0.0286599  0.0616786
 0.22857429 0.03156107 0.07971739] [4.43444114e-05 1.94228545e-04 1.16021205e-04 9.83396944e-07
 9.99223471e-01 6.46592744e-05 2.39620305e-04 3.30862931e-05
 8.35698083e-05] [4.3577541e-04 3.3244509e-03 9.8948252e-01 1.6055893e-03 3.1940427e-04
 3.1531043e-03 9.5227041e-04 5.1561795e-04 2.1128471e-04] [3.5568763e-05 3.5749308e-05 2.3023096e-05 4.0178238e-05 3.3737706e-05
 1.3732808e-03 9.9831498e-01 4.2085634e-05 1.0145515e-04] [2.3106099e-05 2.9240698e-05 9.3927183e-06 8.4896164e-05 5.5140456e-05
 1.8987543e-03 1.7110225e-04 9.9368095e-01 4.0474460e-03] [1.28023985e-05 1.12240295e-05 3.82921018e-04 9.61740792e-01
 8.19203851e-05 4.53306129e-04 9.12861942e-05 1.59623247e-04
 3.70661467e-02] [1.0221004e-05 4.4768007e-05 9.9951017e-01 3.3209592e-04 6.9250909e-06
 1.3740675e-05 5.5230412e-05 7.6261049e-06 1.9262119e-05] [7.9479600e-05 3.4812087e-04 1.7642874e-04 1.6747730e-05 1.4439272e-04
 2.4636864e-04 4.2947746e-04 9.9781078e-01 7.4828241e-04] [5.8785436e-04 1.9218067e-03 2.3896500e-04 2.0762212e-03 1.4028561e-03
 1.9961534e-01 4.3531004e-03 6.2180995e-03 7.8358579e-01] [3.7261652e-04 3.3704221e-04 2.5265623e-04 3.9091334e-03 8.6105330e-04
 9.7461081e-01 4.3148184e-03 1.9165252e-03 1.3425350e-02] [9.9980587e-01 4.6566372e-05 2.3097997e-05 2.3576979e-07 7.2032772e-06
 1.5502084e-05 5.7449066e-05 7.9324509e-06 3.6222893e-05] [8.9759560e-06 1.6656162e-05 6.0862380e-06 9.0519519e-05 2.0741920e-05
 2.2639767e-03 9.9677902e-01 4.6167195e-05 7.6786446e-04] [4.3571889e-04 9.9416119e-01 9.6218509e-04 9.6626509e-06 2.9521517e-04
 6.3532835e-04 2.3544587e-03 3.2509895e-04 8.2113937e-04] [9.22383785e-01 2.03024689e-02 1.00704925e-02 1.02793201e-04
 3.14055639e-03 6.75875321e-03 2.50472128e-02 3.45846731e-03
 8.73544812e-03] [8.6067246e-07 2.3155003e-06 2.1293774e-05 9.9974972e-01 1.9888689e-06
 7.2975599e-05 8.7247572e-06 4.4268086e-06 1.3765212e-04] [6.2869607e-05 1.6735819e-04 2.6190586e-03 9.9347371e-01 1.5003221e-04
 9.2391710e-04 2.7832328e-04 1.7792740e-04 2.1467546e-03] [1.6862532e-05 1.4783602e-05 6.8546797e-06 6.1956140e-05 9.9744570e-01
 1.5676966e-03 4.6573629e-04 1.7057033e-04 2.4988383e-04] [4.0986928e-05 8.2026847e-05 7.9325844e-05 3.9495124e-05 9.9911481e-01
 1.3400715e-04 4.3654628e-04 4.8496560e-05 2.4334329e-05] [7.2322413e-04 9.7937369e-01 1.5082488e-02 1.6859928e-04 5.3009152e-04
 1.4302402e-03 1.4277919e-03 8.5573294e-04 4.0817878e-04] [3.8377664e-05 4.5365578e-04 2.6022342e-05 1.6522731e-03 8.8684232e-05
 7.9440523e-04 9.9502915e-01 9.5038915e-05 1.8223994e-03] [0.01055155 0.02982556 0.01075588 0.05467444 0.00714905 0.61813223
 0.0597954  0.00787273 0.20124312] [2.4206696e-04 5.5991448e-03 6.3333631e-04 5.3681601e-06 1.6400905e-04
 2.8985328e-04 1.1944216e-03 9.9157339e-01 2.9841976e-04] [2.5895669e-04 5.9898114e-03 6.7752576e-04 5.7427128e-06 1.7545228e-04
 9.9072534e-01 1.6362797e-03 1.9321301e-04 3.3765461e-04] [1.08990949e-04 1.09544279e-04 7.05481798e-05 1.23115562e-04
 1.03380175e-04 7.96575099e-04 2.26383272e-04 9.98150527e-01
 3.10882169e-04] [8.9888599e-06 8.1306853e-06 6.0949874e-06 9.4302442e-05 2.0771738e-05
 1.3694355e-03 9.9821198e-01 4.6233567e-05 2.3405567e-04] [9.9943858e-01 2.5313743e-04 3.5132809e-05 3.5861325e-07 1.0956420e-05
 3.2326530e-05 8.7381908e-05 1.2065507e-05 1.2998329e-04] [8.4498461e-05 5.4703566e-04 1.5009304e-04 3.1235140e-05 9.9481344e-01
 8.5982814e-05 2.3599621e-04 3.8362013e-03 2.1555227e-04] [0.00199996 0.11395616 0.0563035  0.08656757 0.00146588 0.01717924
 0.58875215 0.10677353 0.02700204] [0.00149409 0.00135145 0.00101308 0.01567456 0.01106624 0.86296016
 0.01730125 0.00768474 0.08145445] [2.9735831e-05 2.6896896e-05 2.0162683e-05 7.8014424e-04 6.8714427e-05
 9.9061710e-01 5.4333254e-04 1.5294401e-04 7.7610179e-03] [9.9943858e-01 2.5313743e-04 3.5132809e-05 3.5861325e-07 1.0956420e-05
 3.2326530e-05 8.7381908e-05 1.2065507e-05 1.2998329e-04] [4.8665208e-04 3.7125796e-03 5.7979834e-01 4.1124594e-01 3.5669463e-04
 2.5246334e-03 1.0634477e-03 5.7581614e-04 2.3595215e-04] [8.3046361e-06 1.0890700e-05 6.0772786e-06 1.1417226e-04 1.9190595e-05
 1.0672739e-04 9.9921203e-01 4.2714266e-05 4.7983948e-04] [1.9220952e-02 3.6268525e-02 1.4187861e-02 2.2048899e-04 2.0184114e-03
 1.0288764e-03 9.2293572e-01 2.2227301e-03 1.8964148e-03] [9.1339516e-06 1.5697424e-05 8.0687596e-06 2.0578475e-05 2.1797290e-05
 2.0327396e-03 9.7380799e-01 9.6615498e-05 2.3987405e-02] [9.9924076e-01 6.9327024e-04 1.0320691e-05 1.0534700e-07 3.2185851e-06
 6.9266716e-06 2.5669500e-05 3.5443929e-06 1.6185182e-05] [2.0545802e-05 4.7853177e-05 1.6614838e-05 2.7297099e-06 1.8014540e-05
 9.9954271e-01 8.2583741e-05 1.5329651e-05 2.5365755e-04] [0.00259664 0.00658168 0.01799182 0.58405036 0.00227673 0.07428996
 0.00667471 0.0019374  0.3036007 ] [2.2325841e-04 9.7787194e-04 9.6237886e-01 3.4174848e-02 1.5126546e-04
 3.0013896e-04 1.2064035e-03 1.6657777e-04 4.2074441e-04] [9.7084221e-06 1.1558859e-05 8.5762267e-06 2.1872740e-05 2.3168186e-05
 2.4443797e-03 9.9666280e-01 9.8204029e-05 7.1969396e-04] [1.5770650e-03 2.1817514e-03 8.6608349e-04 4.3288753e-03 1.2856142e-02
 1.0710596e-02 3.2756939e-03 8.4196091e-02 8.8000768e-01] [9.9314272e-01 1.6051931e-03 9.5885195e-04 8.1272310e-06 2.4830471e-04
 5.3437363e-04 1.9803310e-03 2.7343986e-04 1.2486409e-03] [1.32007001e-04 1.19404074e-04 8.95086996e-05 1.38489029e-03
 9.77732707e-04 7.28025474e-03 1.52861257e-03 6.78968092e-04
 9.87808585e-01] [1.6405529e-05 3.7155638e-05 6.6689045e-06 1.6808683e-04 3.9150123e-05
 9.9535745e-01 1.1697792e-04 2.9518337e-03 1.3062998e-03] [1.49932532e-02 1.06882704e-04 2.27959772e-05 3.39040475e-04
 7.76887682e-05 1.44780730e-03 9.69409108e-01 1.72919026e-04
 1.34305181e-02] [1.03467246e-04 9.88061905e-01 9.19061713e-03 2.25874919e-06
 7.01027020e-05 1.37999668e-04 4.44326230e-04 7.71990672e-05
 1.91207509e-03] [4.3903306e-04 2.4302551e-03 8.5151207e-01 1.4066689e-01 4.1643172e-04
 2.0837269e-03 7.8185607e-04 5.1947247e-04 1.1503145e-03] [0.00328652 0.00288134 0.00133598 0.01925224 0.00784296 0.8037361
 0.03340471 0.03324432 0.09501585] [1.1080988e-03 4.8534735e-03 2.8991932e-03 2.4573579e-05 7.5077597e-04
 1.6157359e-03 2.3193423e-02 9.6346641e-01 2.0882811e-03] [0.00722206 0.00633168 0.00293579 0.02653521 0.01723473 0.6714292
 0.05149617 0.07305362 0.14376153] [8.9888053e-06 1.4239395e-05 6.0949505e-06 9.4301868e-05 2.0771613e-05
 1.3694272e-03 9.9820590e-01 4.6233286e-05 2.3405426e-04] [9.1774319e-04 1.1614007e-03 3.7306600e-04 3.3719619e-03 2.1901028e-03
 7.5415939e-02 6.7959484e-03 9.7075375e-03 9.0006632e-01] [1.4818261e-05 3.6041787e-05 9.0865925e-04 9.9671668e-01 3.5362307e-05
 1.3356908e-03 1.0566018e-04 1.4989181e-04 6.9713086e-04] [8.4987132e-06 1.3670450e-05 9.9702090e-01 2.8435790e-03 6.2291811e-06
 5.8063215e-05 2.3368781e-05 1.0055839e-05 1.5637492e-05] [3.7466205e-05 6.8994275e-05 1.9636758e-05 9.2343573e-04 3.2850403e-05
 1.0719113e-03 9.9766880e-01 2.7954320e-05 1.4887708e-04] [6.3545465e-01 3.4720689e-01 1.7469369e-03 1.4807041e-05 4.5238758e-04
 9.7357738e-04 3.6079732e-03 9.2845112e-03 1.2583140e-03] [0.01166935 0.05111178 0.77741665 0.0314839  0.0079064  0.01701526
 0.06305673 0.00870674 0.03163313] [2.8711619e-04 9.9586666e-01 6.8427547e-04 1.7519245e-05 1.9453136e-04
 9.2240388e-04 1.4559050e-03 2.1422339e-04 3.5741218e-04] [1.9318131e-05 4.6298454e-05 1.3098842e-05 2.0804175e-04 4.4640947e-05
 9.9813819e-01 1.9070694e-04 4.7839654e-05 1.2919047e-03] [8.2373037e-04 7.2217541e-04 3.3484944e-04 5.9954357e-01 1.9657507e-03
 2.6260167e-02 5.8735269e-03 2.2272627e-01 1.4174999e-01] [0.00717981 0.00629464 0.00291862 0.03222944 0.01713391 0.6675017
 0.05119494 0.07262629 0.1429206 ] [0.00305204 0.00164211 0.00197553 0.00182119 0.00927877 0.03126101
 0.01021053 0.01290724 0.9278516 ] [1.1592454e-03 1.0163260e-03 4.7123758e-04 8.4374475e-01 2.7664241e-03
 1.0777415e-01 8.2658837e-03 1.1726173e-02 2.3075817e-02] [7.6043762e-06 1.2231892e-05 9.9880898e-01 1.0922831e-03 5.5736768e-06
 3.9763261e-05 2.0909632e-05 8.9976502e-06 3.6869631e-06] [2.2172701e-04 2.8949699e-04 1.5034412e-04 2.3261458e-03 5.1237328e-04
 5.4865070e-02 2.6664524e-03 1.1925539e-03 9.3777579e-01] [5.2277373e-05 1.2175910e-04 4.2275307e-05 6.9455582e-06 9.9898082e-01
 1.7167740e-04 1.6408793e-04 3.9005237e-05 4.2117925e-04] [8.1470665e-05 9.9855763e-01 1.7990927e-04 1.8067216e-06 5.5199249e-05
 1.6286358e-04 4.4023647e-04 6.0786966e-05 4.6013924e-04] [1.6650530e-04 9.3775644e-04 2.0551131e-04 9.8881334e-01 3.8476565e-04
 5.8673986e-04 1.0354519e-03 4.1233568e-04 7.4575217e-03] [2.5257698e-04 4.0627827e-04 7.4098366e-01 2.5498864e-01 1.8512784e-04
 1.7256051e-03 6.9450692e-04 2.9885396e-04 4.6473715e-04] [0.00218468 0.00600786 0.00377833 0.3719052  0.00555638 0.567215
 0.00730882 0.00923915 0.02680454] [2.0790601e-04 9.9721402e-01 4.5911272e-04 4.6105947e-06 1.4086381e-04
 3.0315094e-04 1.1234449e-03 1.5512301e-04 3.9181180e-04] [5.3966345e-05 5.7269674e-04 6.7546354e-03 9.9180776e-01 8.9361449e-05
 4.3919965e-04 1.4839041e-04 6.3854066e-05 7.0120142e-05] [0.00718729 0.00630119 0.00292166 0.02640745 0.01715174 0.6681964
 0.05606314 0.07270187 0.14306934] [1.0423302e-03 9.4281789e-04 7.0676260e-04 1.0935123e-02 2.4086493e-03
 9.0970773e-01 1.2069958e-02 5.3611491e-03 5.6825485e-02] [8.2758525e-06 3.7550806e-05 3.4617333e-04 9.9711716e-01 1.9124080e-05
 6.9616665e-04 8.3893472e-05 4.2566222e-05 1.6491335e-03] [4.9881131e-05 3.5286834e-04 6.9194296e-03 3.8238015e-02 9.5319045e-01
 1.3639442e-04 1.5656662e-04 3.7217349e-05 9.1914984e-04] [1.2519002e-04 4.5275144e-04 3.1217901e-04 4.0173760e-05 9.1758746e-05
 3.9194312e-04 3.1099067e-04 9.9804962e-01 2.2539275e-04] [2.2606586e-05 6.4336447e-05 2.7903058e-03 9.8952675e-01 2.1443436e-04
 5.2354797e-03 1.5976967e-04 2.2867338e-04 1.7576014e-03] [8.9973555e-06 8.1383696e-06 6.1007481e-06 9.4391573e-05 2.0791371e-05
 3.0545442e-04 9.9915540e-01 4.6277262e-05 3.5448984e-04] [1.2337996e-04 1.1343774e-03 9.8954391e-01 7.8839529e-03 8.3594263e-05
 1.6586664e-04 7.4038911e-04 9.2056354e-05 2.3251720e-04] [5.1431361e-05 6.7447087e-05 3.7637139e-05 7.0707913e-04 1.1884909e-04
 1.0737424e-03 5.2136643e-04 9.9393106e-01 3.4914624e-03] [4.69370186e-03 8.57294619e-01 1.22804465e-02 1.02466256e-04
 3.18014994e-03 6.84395945e-03 2.53629759e-02 3.50206904e-03
 8.67396593e-02] [1.0549476e-04 9.9749362e-01 2.3296094e-04 2.3394880e-06 7.1476483e-05
 9.6798985e-04 7.3000143e-04 7.8711841e-05 3.1736272e-04] [1.6856595e-03 2.0419282e-03 4.4103060e-03 1.0074650e-04 1.1420944e-03
 2.8707359e-03 1.4848036e-02 2.6122076e-03 9.7028828e-01] [4.3194753e-04 3.9070871e-04 2.9288611e-04 4.5315763e-03 9.9815696e-04
 9.4545394e-01 5.0018583e-03 2.2216896e-03 4.0677279e-02] [2.3098661e-04 1.0117220e-03 4.1266895e-04 6.4528372e-06 1.5650158e-04
 9.5937765e-01 1.9957910e-03 1.7234393e-04 3.6635857e-02] [0.00656388 0.01055821 0.00701872 0.02084366 0.00481104 0.05738221
 0.01804859 0.00776651 0.86700714] [0.01704556 0.02358125 0.0114506  0.12887459 0.04335255 0.6248256
 0.050193   0.02016863 0.08050822] [1.2445189e-03 9.8281509e-01 3.2561186e-03 2.7598882e-05 8.4320555e-04
 1.8146525e-03 6.7249071e-03 9.2856167e-04 2.3453736e-03] [5.8266468e-04 5.1758005e-03 1.6452761e-03 3.5553010e-05 3.9477626e-04
 3.2200580e-04 2.3460793e-03 9.8731452e-01 2.1833126e-03] [1.1427519e-05 1.0336514e-05 6.2631349e-05 9.9582016e-01 5.9658014e-05
 5.4048502e-04 1.3232819e-04 5.8776590e-05 3.3042196e-03] [0.0018853  0.00224464 0.00178795 0.28246897 0.00582226 0.50608593
 0.01332416 0.01907046 0.16731028] [9.9980587e-01 4.6566372e-05 2.3097997e-05 2.3576979e-07 7.2032772e-06
 1.5502084e-05 5.7449066e-05 7.9324509e-06 3.6222893e-05] [2.0790601e-04 9.9721402e-01 4.5911272e-04 4.6105947e-06 1.4086381e-04
 3.0315094e-04 1.1234449e-03 1.5512301e-04 3.9181180e-04] [4.0980776e-05 6.5918932e-05 4.7025125e-05 1.8174793e-05 9.9896479e-01
 3.5825890e-04 4.3648071e-04 4.8489277e-05 1.9869445e-05] [0.00389455 0.00352273 0.00264074 0.06514157 0.00899964 0.21478611
 0.045098   0.40519336 0.2507233 ] [2.8947098e-04 2.5378322e-04 1.1767108e-04 9.1115497e-03 6.9079379e-04
 3.1524986e-02 2.0640451e-03 2.9281003e-03 9.5301956e-01] [4.7664344e-04 1.1101497e-03 3.8544912e-04 6.3326821e-05 9.9070728e-01
 1.5652842e-03 1.4960866e-03 3.5563362e-04 3.8401398e-03] [8.1929495e-05 8.2345439e-05 5.3031716e-05 9.2547096e-05 7.7711818e-05
 5.9879280e-04 1.7017437e-04 9.9860978e-01 2.3369296e-04] [0.00324952 0.00293928 0.00220337 0.0340908  0.0240681  0.17921248
 0.0376287  0.01671365 0.6998941 ] [0.04313257 0.02320699 0.02791905 0.0257378  0.04091212 0.44179308
 0.1442993  0.18241031 0.07058871] [3.7104739e-05 8.6420645e-05 3.5803641e-05 4.9297360e-06 9.9927086e-01
 1.2185102e-04 1.1646427e-04 2.7684619e-05 2.9893947e-04] [2.8369154e-04 4.5632725e-04 3.2553382e-04 9.0086542e-04 2.0793354e-04
 2.1921303e-03 7.8827329e-04 9.8754919e-01 7.2961058e-03] [1.05353947e-05 9.23652715e-06 4.28267958e-06 3.87090331e-05
 2.51416750e-05 1.45553774e-03 9.98231232e-01 1.06569154e-04
 1.18758988e-04] [0.00166251 0.00167095 0.02021226 0.9474328  0.00157692 0.01215067
 0.00345317 0.00196711 0.00987362] [9.1443360e-01 2.2382054e-02 1.1102011e-02 1.1332234e-04 3.4622443e-03
 7.4510509e-03 2.7612798e-02 3.8127187e-03 9.6302181e-03] [4.43444114e-05 1.94228545e-04 1.16021205e-04 9.83396944e-07
 9.99223471e-01 6.46592744e-05 2.39620305e-04 3.30862931e-05
 8.35698083e-05] [3.5472360e-05 6.4427732e-05 2.9056864e-05 2.5480484e-05 3.3646236e-05
 2.8141792e-04 9.9666852e-01 2.3342983e-03 5.2763894e-04] [2.4069610e-05 2.1102160e-05 7.1992481e-04 9.9671245e-01 5.7439735e-05
 1.5679073e-03 1.7162603e-04 2.4347239e-04 4.8199674e-04] [1.7276817e-04 1.5146809e-04 7.0230868e-05 6.3478266e-04 9.7736895e-01
 1.6062114e-02 1.2319057e-03 1.7476096e-03 2.5602276e-03] [8.9759560e-06 1.6656162e-05 6.0862380e-06 9.0519519e-05 2.0741920e-05
 2.2639767e-03 9.9677902e-01 4.6167195e-05 7.6786446e-04] [9.9729854e-01 6.3178618e-04 1.9005088e-03 3.5784535e-07 1.0932959e-05
 2.1521901e-05 6.9295485e-05 1.2039672e-05 5.4978180e-05] [0.00138731 0.00392143 0.00130898 0.00741357 0.00093995 0.03565089
 0.9298472  0.0010351  0.01849556] [9.9724019e-01 1.9235353e-03 3.6801612e-06 2.3317579e-04 2.1604583e-05
 1.4624787e-04 4.0078448e-05 2.5621481e-05 3.6590602e-04] [0.01003099 0.07652458 0.7530178  0.02396084 0.00735228 0.07258042
 0.02192004 0.01186886 0.02274426] [4.8822473e-04 1.1057443e-03 1.9846507e-04 1.7243428e-03 1.1650999e-03
 9.5928162e-01 3.4812377e-03 4.9385615e-03 2.7616747e-02] [8.1973616e-04 9.8853838e-01 2.1447313e-03 1.8178749e-05 5.5540039e-04
 1.1952700e-03 4.4295420e-03 7.5388822e-04 1.5448438e-03] [4.0962019e-05 6.5888766e-05 3.0097945e-05 2.6328213e-05 9.9850756e-01
 3.0030668e-04 1.9897995e-04 4.8467085e-05 7.8135502e-04] [1.30002763e-06 1.13975216e-06 2.80248842e-05 9.99855399e-01
 3.10238693e-06 6.71286471e-05 9.26972189e-06 1.31502275e-05
 2.14810534e-05] [7.7933515e-04 9.3981791e-01 2.0390276e-03 2.3790546e-05 5.2802730e-04
 2.4157611e-03 4.6767066e-03 4.3611515e-02 6.1079287e-03] [0.01235022 0.03287613 0.00502041 0.3180942  0.02947257 0.19950858
 0.05467431 0.03495236 0.31305122] [6.0263765e-04 2.6395558e-03 1.5767219e-03 1.3364299e-05 4.0830864e-04
 8.7871565e-04 3.2564260e-03 9.8948854e-01 1.1357088e-03] [1.19462988e-04 6.13694021e-04 7.73265710e-05 1.34944712e-04
 1.13313115e-04 6.42163388e-04 2.50746554e-04 9.75389481e-01
 2.26588231e-02] [1.3196680e-03 5.2799149e-03 9.7175509e-01 2.6615462e-04 9.6725929e-04
 7.9236506e-03 3.2782520e-03 1.5614576e-03 7.6484880e-03] [3.7261652e-04 3.3704221e-04 2.5265623e-04 3.9091334e-03 8.6105330e-04
 9.7461081e-01 4.3148184e-03 1.9165252e-03 1.3425350e-02] [1.10491732e-04 1.16021885e-03 8.81129563e-01 1.16508126e-01
 2.17152701e-04 4.29763983e-04 2.41450078e-04 1.30735905e-04
 7.24942511e-05] [4.7468656e-04 8.4732100e-03 7.0663437e-04 1.7546938e-04 9.8663992e-01
 5.8734877e-04 1.3257554e-03 3.5417356e-04 1.2628038e-03] [0.04517229 0.10521075 0.09366858 0.02856967 0.03960706 0.14834455
 0.14178665 0.03370399 0.36393642] [9.2864384e-06 4.9638016e-05 1.1461908e-05 9.1029182e-02 2.1459375e-05
 9.1165816e-04 9.7764074e-05 4.9946910e-05 9.0781957e-01] [0.00222983 0.00201694 0.00151196 0.02339318 0.00515275 0.0660226
 0.0258209  0.14972468 0.7241272 ] [4.6643117e-04 4.2190036e-04 3.1626827e-04 4.8933462e-03 1.0778434e-03
 1.3810495e-02 5.4011722e-03 3.1319156e-02 9.4229341e-01] [2.7636517e-05 7.3568022e-05 1.1234351e-05 7.1181066e-04 6.5951797e-05
 3.3601784e-04 9.9818927e-01 7.8214085e-05 5.0626113e-04] [0.02642486 0.11574095 0.06913715 0.00058601 0.01790378 0.55790186
 0.14278992 0.01971614 0.04979931] [9.7660780e-01 2.2125592e-02 1.5658444e-04 6.7035988e-05 4.5936627e-05
 7.2078762e-04 1.7233129e-04 7.4156022e-05 2.9734079e-05] [9.9735604e-05 1.0024176e-04 6.4557280e-05 2.2702565e-04 9.4601201e-05
 4.6537086e-04 2.0715896e-04 9.9794036e-01 8.0095959e-04] [6.9107846e-03 9.9277192e-01 7.7203194e-06 4.7938383e-06 1.8465147e-05
 4.6312289e-05 2.3911110e-05 2.0096969e-04 1.5076291e-05] [3.2467316e-04 1.4220687e-03 9.9490935e-01 4.1957588e-05 2.1997752e-04
 4.7341097e-04 1.7544101e-03 2.4224541e-04 6.1186677e-04] [6.1589299e-04 2.6976143e-03 1.6114030e-03 1.6683294e-05 9.8921216e-01
 8.9804357e-04 3.3280526e-03 4.5953062e-04 1.1606892e-03] [4.0036603e-06 7.3282950e-05 9.9976772e-01 1.1782782e-04 2.7126241e-06
 5.3398921e-06 1.7193202e-05 2.9872151e-06 8.8794532e-06] [0.00054139 0.00064458 0.00352333 0.38037053 0.00167193 0.15601213
 0.00382619 0.00547631 0.44793358] [3.1760181e-05 3.8472761e-05 8.3096253e-05 1.8982051e-06 2.1518643e-05
 3.2408891e-04 9.9916947e-01 4.9217597e-05 2.8050900e-04] [8.3018313e-06 2.2334714e-05 6.0752263e-06 1.0971275e-04 1.9184115e-05
 1.4596697e-04 9.9887460e-01 4.2699841e-05 7.7108433e-04] [6.4101249e-01 3.5024366e-01 1.7622161e-03 1.4936548e-05 4.5634431e-04
 9.8209258e-04 3.6395295e-03 6.1943138e-04 1.2693196e-03] [9.3343015e-06 8.1835115e-06 3.7944301e-06 3.4295990e-05 9.9877733e-01
 8.6780323e-04 6.6557339e-05 9.4419767e-05 1.3832387e-04]",5 0 3 2 6 2 8 1 7 4 4 3 0 8 0 5 3 0 7 7 1 1 6 8 0 4 2 4 7 1 7 8 4 8 0 3 3 0 2 3 8 7 2 4 1 6 7 0 1 5 8 2 1 8 4 7 3 2 5 0 5 4 7 6 2 1 1 5 7 1 2 5 0 4 2 6 7 8 2 7 8 5 0 6 1 0 3 3 4 4 1 6 5 7 5 7 6 0 4 0 5 5 0 2 6 0 6 0 5 3 2 6 8 0 8 5 6 1 3 8 7 6 6 6 2 2 6 1 2 1 5 3 4 8 3 2 3 4 1 3 2 5 1 3 8 5 3 4 7 3 6 2 7 1 1 8 5 5 8 5 1 7 3 8 0 1 4 7 8 4 7 8 8 4 7 6 3 0 4 6 3 4 6 0 6 0 2 5 1 4 3 1 5 7 7 2 5 2 4 3 8 8 8 6 5 0 7 1 2 4 2 3 6 6 0 4
1468,1,xgboost,0.0,856,0,0.8981481481481481,0.9898003472222222,"[9.9604380e-01 1.0630886e-04 6.2875784e-05 1.1961667e-06 2.7020884e-05
 9.1118374e-05 1.1628096e-03 2.3534154e-03 1.5147724e-04] [2.1581448e-04 1.7159332e-04 2.7340016e-05 8.4566290e-04 9.8922670e-01
 6.8539535e-03 8.7049330e-04 2.0994038e-04 1.5784770e-03] [9.5634347e-01 1.1249029e-03 5.8394042e-04 1.2799133e-02 2.8592037e-04
 6.1885681e-04 1.0784452e-03 1.6628897e-02 1.0536394e-02] [6.4059353e-04 1.1516244e-03 5.1707309e-03 4.4015025e-05 9.8811460e-01
 1.2857317e-04 2.0279018e-03 2.5250646e-03 1.9683657e-04] [0.08580636 0.08934813 0.06232707 0.00117813 0.5454962  0.04915418
 0.0856581  0.02960201 0.05142979] [2.1257547e-03 9.9039102e-01 1.5440820e-03 2.9186833e-05 5.6261261e-04
 1.2177388e-03 2.1220814e-03 7.3335640e-04 1.2741145e-03] [9.9970019e-01 1.2279903e-04 1.0166669e-04 8.4687423e-07 1.1042967e-05
 6.5854538e-06 2.9530116e-05 1.4394328e-05 1.2919098e-05] [4.5687873e-05 2.1458041e-05 8.2788542e-03 9.9136996e-01 6.7592264e-05
 8.0274163e-05 4.3625168e-05 2.2292797e-05 7.0245107e-05] [1.0675455e-04 6.6987115e-05 2.5796886e-05 1.9605555e-05 9.0698064e-05
 1.1944614e-04 1.9442719e-04 9.9321508e-01 6.1612017e-03] [9.9880004e-01 4.8659476e-05 1.8924045e-05 3.1282756e-04 6.0655373e-05
 2.3299994e-04 6.4971835e-05 2.7638451e-05 4.3331229e-04] [1.1506685e-03 2.0686092e-03 9.6673614e-01 2.9110055e-02 1.3980830e-04
 3.1975284e-04 2.4995647e-04 1.0515158e-04 1.1989370e-04] [1.4153881e-03 4.8875939e-03 9.9190837e-01 7.9146863e-05 1.5392716e-04
 3.2426638e-04 4.0030136e-04 1.8447530e-04 6.4648909e-04] [3.8431990e-06 2.6735397e-06 2.1860290e-06 7.6021759e-05 8.6366481e-06
 9.8951379e-05 4.2762280e-05 4.5674149e-04 9.9930823e-01] [9.9970019e-01 1.2279903e-04 1.0166669e-04 8.4687423e-07 1.1042967e-05
 6.5854538e-06 2.9530116e-05 1.4394328e-05 1.2919098e-05] [3.0533047e-04 2.8232497e-04 1.1366792e-04 1.8150420e-03 3.5192570e-04
 9.9408025e-01 3.7697004e-04 1.6035969e-04 2.5141009e-03] [0.05362198 0.06562992 0.02754648 0.00616638 0.01419185 0.22935371
 0.05352934 0.01849885 0.5314615 ] [2.5744867e-02 5.9076952e-05 4.9677194e-05 1.6132429e-06 1.5786138e-05
 1.9750527e-04 9.7286421e-01 9.2696300e-04 1.4033445e-04] [1.0493618e-03 2.1504065e-04 6.3061394e-04 9.9314344e-01 7.1329955e-04
 8.8173646e-04 1.1862301e-03 2.1898291e-04 1.9613099e-03] [2.4484707e-05 1.8314115e-05 3.0535114e-06 1.3749872e-04 9.9923956e-01
 1.1409550e-04 2.8040938e-04 2.9563107e-05 1.5308621e-04] [3.11781839e-03 9.67735589e-01 7.53409811e-04 5.72589168e-04
 2.64887838e-03 1.26866065e-02 4.73580090e-03 1.99225475e-03
 5.75708319e-03] [1.0080368e-03 9.9544346e-01 7.3220656e-04 1.3840457e-05 2.6679182e-04
 5.7745428e-04 1.0062954e-03 3.4775879e-04 6.0418766e-04] [1.7304896e-01 9.3474868e-05 5.5542077e-05 2.1782371e-03 2.1943785e-04
 4.9289372e-03 4.3995772e-03 5.9570424e-04 8.1448013e-01] [1.5143311e-05 8.9224886e-06 4.0078667e-06 4.5900117e-05 6.1609164e-05
 2.2966722e-04 9.9819189e-01 6.0038907e-05 1.3828623e-03] [7.3045587e-05 6.0099817e-05 2.1294303e-05 1.0824185e-03 9.9812835e-01
 2.9878967e-04 3.9716808e-05 2.5635374e-05 2.7068876e-04] [0.00119236 0.00218591 0.02174849 0.8626259  0.00260324 0.02916564
 0.01408097 0.00287712 0.06352033] [9.9893218e-01 1.4308508e-04 8.4626881e-05 1.8866959e-06 3.6368423e-05
 7.8717101e-05 1.3717578e-04 4.7405647e-05 5.3853821e-04] [4.2719707e-06 2.9718199e-06 2.4299184e-06 9.5296011e-05 9.6002086e-06
 1.4908363e-04 9.9956089e-01 2.6061527e-05 1.4939602e-04] [1.7162804e-03 2.5999907e-03 8.8168104e-04 1.9736754e-04 4.5423914e-04
 7.4918196e-03 1.7133146e-03 9.7575706e-01 9.1882385e-03] [9.2705601e-01 1.7064655e-02 1.0092795e-02 2.2501187e-04 4.3373834e-03
 9.3879905e-03 1.6359897e-02 5.6537078e-03 9.8226098e-03] [5.6780083e-04 9.9157262e-01 4.1243280e-04 7.7959667e-06 1.5027687e-04
 5.1305317e-03 5.6681962e-04 1.9588345e-04 1.3958332e-03] [1.4967488e-03 6.5505138e-04 1.9841874e-04 2.2818081e-03 4.2159539e-03
 7.3486003e-03 2.7593151e-01 2.3398972e-03 7.0553195e-01] [2.1257094e-05 1.9655457e-05 2.3703084e-03 9.9660373e-01 2.4501067e-05
 8.8379529e-05 2.6244628e-05 1.1164237e-05 8.3478627e-04] [9.9954396e-01 1.0668244e-04 6.3096741e-05 1.4066968e-06 2.7115839e-05
 5.8690486e-05 1.0227654e-04 3.5345052e-05 6.1407583e-05] [0.00614421 0.00427425 0.00349486 0.13706054 0.01380761 0.4112762
 0.06836511 0.03748331 0.31809387] [1.4302560e-05 2.5712370e-05 9.9977332e-01 1.7609815e-04 1.7377853e-06
 3.5747983e-06 3.1069019e-06 1.3070102e-06 8.2594050e-07] [8.0885970e-05 5.4927685e-05 9.9967480e-01 8.7238132e-06 3.0997726e-05
 7.0832742e-05 4.7113463e-05 2.3313760e-05 8.4594494e-06] [0.0021944  0.0040229  0.00124818 0.8326227  0.00479095 0.05367581
 0.02591432 0.005295   0.07023574] [4.2770605e-04 3.9398932e-04 1.0577032e-04 1.5461685e-03 3.5406885e-04
 8.8703819e-03 6.9024018e-03 9.0957253e-04 9.8048991e-01] [1.98002017e-04 2.06174809e-04 1.43822486e-04 2.71858676e-06
 5.24041570e-05 1.13425405e-04 9.97935295e-01 6.83079561e-05
 1.27987552e-03] [1.9688745e-05 1.5963375e-05 5.2108817e-06 7.0511340e-04 8.0102000e-05
 7.8682613e-04 4.1168062e-03 9.9398440e-01 2.8586495e-04] [4.2681240e-06 2.9691439e-06 2.4277304e-06 9.5210198e-05 9.5915639e-06
 8.1520673e-04 9.9866080e-01 2.6038058e-05 3.8347216e-04] [0.00585615 0.00592685 0.00333101 0.13063473 0.01316027 0.39199436
 0.06515996 0.08075596 0.3031807 ] [9.3115494e-05 7.4035786e-05 1.2343994e-05 3.3436820e-04 2.7464380e-04
 1.2144278e-03 1.7725980e-04 9.9706084e-01 7.5890124e-04] [4.9801442e-06 3.6560718e-06 1.7944874e-06 4.7526519e-05 7.0897240e-06
 2.9904005e-04 2.3898470e-05 3.3565800e-04 9.9927634e-01] [1.7594580e-04 1.2239766e-04 1.0007885e-04 3.9248709e-03 3.9539507e-04
 9.7396028e-01 1.9577052e-03 1.0733735e-03 1.8289965e-02] [7.8229881e-05 4.9088248e-05 1.8903993e-05 1.6798396e-05 6.6463668e-05
 4.9593922e-04 9.9848986e-01 4.9988117e-05 7.3475321e-04] [8.4503606e-04 8.7991601e-04 9.9574667e-01 1.7904918e-04 2.2365146e-04
 4.8407918e-04 8.4357621e-04 2.9152574e-04 5.0648977e-04] [9.9980706e-01 3.6696121e-05 4.0862183e-06 3.5017604e-06 1.6944528e-05
 7.3110474e-05 2.1166043e-05 1.3028075e-05 2.4440320e-05] [1.06970496e-04 7.44146164e-05 6.08453593e-05 2.38622003e-03
 2.40389985e-04 9.92401719e-01 1.19023421e-03 6.52583374e-04
 2.88666715e-03] [1.1040289e-04 8.7780943e-05 1.4635711e-05 3.9644513e-04 3.2563266e-04
 1.4398916e-03 2.1016867e-04 9.9651527e-01 8.9979451e-04] [3.2461400e-04 3.3801293e-04 2.0694932e-04 1.8461804e-05 8.5913889e-05
 9.8379850e-01 3.2405325e-04 1.3176484e-04 1.4771755e-02] [1.80551200e-04 1.06003805e-04 9.14501429e-01 8.51504728e-02
 7.16433442e-06 1.87209571e-05 1.28087668e-05 5.38838140e-06
 1.74829820e-05] [5.8559462e-04 2.9235828e-04 4.9128756e-04 9.7960556e-01 1.0755501e-02
 4.0721525e-03 5.9437752e-04 3.0373179e-04 3.2994563e-03] [8.3967061e-06 2.3366307e-05 4.0346645e-03 9.9580848e-01 3.2724227e-05
 2.4174016e-05 3.5466910e-05 3.6560361e-06 2.9051762e-05] [5.1874068e-04 5.4015237e-04 9.9742508e-01 7.3839554e-05 1.3729237e-04
 2.9716047e-04 5.1784428e-04 1.7895836e-04 3.1091762e-04] [2.0594837e-04 4.2444479e-04 9.9909961e-01 3.9731727e-05 2.4358731e-05
 1.1666429e-04 4.3549797e-05 1.8320492e-05 2.7417416e-05] [7.3006697e-04 4.7405035e-04 5.5223773e-05 4.5236698e-05 2.1889406e-04
 9.9672204e-01 2.7342871e-04 1.6830025e-04 1.3127172e-03] [9.9952447e-01 4.4689499e-04 8.5324746e-07 6.4846620e-07 2.9998957e-06
 1.4367772e-05 5.3633635e-06 2.2562574e-06 2.2111744e-06] [6.3605822e-04 9.6356426e-04 4.6201289e-04 6.1482860e-05 1.6834220e-04
 3.6436616e-04 6.3495943e-04 9.9632794e-01 3.8123460e-04] [1.1589284e-05 8.6148566e-06 9.6076801e-06 4.1895564e-05 9.5939831e-06
 5.8730942e-04 9.9891269e-01 2.4646120e-05 3.9405577e-04] [0.11259655 0.11724414 0.08178662 0.00154596 0.02980035 0.06450095
 0.11240201 0.03884427 0.44127914] [9.9955709e-05 7.4765056e-05 1.2465572e-05 6.2396406e-04 9.9782759e-01
 4.6578067e-04 1.7900567e-04 9.1473281e-05 6.2495505e-04] [7.3461138e-06 4.6598871e-06 2.8677455e-06 5.6804198e-05 9.5998521e-06
 7.1975483e-05 9.9952376e-01 2.6060559e-05 2.9694600e-04] [1.06970496e-04 7.44146164e-05 6.08453593e-05 2.38622003e-03
 2.40389985e-04 9.92401719e-01 1.19023421e-03 6.52583374e-04
 2.88666715e-03] [4.7676970e-04 3.3166746e-04 2.7118888e-04 1.0635427e-02 1.0714232e-03
 3.1913623e-02 9.2770833e-01 2.9085763e-03 2.4683001e-02] [9.9834836e-01 1.6229282e-03 5.9369477e-06 1.1222252e-07 2.1632293e-06
 4.6821701e-06 8.1593425e-06 2.8197310e-06 4.8989327e-06] [3.3596304e-04 6.1590731e-04 1.9109747e-04 1.2795684e-02 7.3349586e-04
 8.2177818e-03 3.9674905e-03 8.1066572e-04 9.7233194e-01] [6.0002461e-05 1.1000006e-04 3.4129669e-05 2.2852875e-03 1.3100119e-04
 1.4676827e-03 7.0858700e-04 1.4478347e-04 9.9505854e-01] [0.01649662 0.01717754 0.010517   0.00093821 0.00436608 0.7664469
 0.01646812 0.00669618 0.1608933 ] [9.99782741e-01 1.56374863e-05 5.10581731e-06 4.57672513e-06
 2.11725728e-05 1.01404425e-04 3.78534205e-05 1.59241463e-05
 1.56059778e-05] [2.2922545e-06 1.3734882e-06 5.0594736e-05 9.9975544e-01 4.4369349e-06
 9.9089171e-05 2.1968435e-05 1.2044886e-05 5.2767580e-05] [1.4442218e-02 9.4276768e-01 9.9141360e-04 8.8098680e-04 3.4856664e-03
 2.6009388e-02 6.2318542e-03 2.6216127e-03 2.5692307e-03] [6.6464701e-05 5.2845851e-05 8.3788527e-06 1.9892538e-03 1.9603742e-04
 3.3144772e-04 1.5447538e-04 9.9478817e-01 2.4129234e-03] [1.1925336e-04 1.2417571e-04 7.2656934e-05 1.6373617e-06 9.9941802e-01
 4.5282897e-05 1.0967407e-04 4.1140764e-05 6.8139103e-05] [9.9954396e-01 1.0668244e-04 6.3096741e-05 1.4066968e-06 2.7115839e-05
 5.8690486e-05 1.0227654e-04 3.5345052e-05 6.1407583e-05] [1.1924744e-04 1.2416954e-04 8.6617627e-05 1.6372803e-06 9.9936837e-01
 6.8310932e-05 1.1904132e-04 4.1138719e-05 7.1473405e-05] [8.8709436e-04 5.5663980e-04 1.7892636e-04 1.1276220e-03 7.5366959e-04
 5.8126327e-02 1.3474494e-03 9.3414664e-01 2.8756224e-03] [6.7246074e-06 4.9367331e-06 2.4230667e-06 6.4174208e-05 9.5731384e-06
 2.8082172e-03 9.9674243e-01 2.4592573e-05 3.3692966e-04] [3.2639851e-05 2.2706092e-05 1.8565710e-05 7.2810566e-04 7.3350064e-05
 1.7741326e-03 3.6317552e-04 9.9529749e-01 1.6898084e-03] [4.1025528e-04 2.5742970e-04 9.9136734e-05 7.5343625e-05 3.4855021e-04
 1.6693554e-03 6.2315608e-04 9.9625993e-01 2.5691098e-04] [1.06474574e-04 6.68113644e-05 2.14758547e-05 1.35344191e-04
 9.04601984e-05 9.99004543e-01 1.61729229e-04 6.80361845e-05
 3.45150242e-04] [9.9725455e-01 6.2672386e-04 4.3718718e-04 8.2638835e-06 1.5929667e-04
 3.4478740e-04 6.0084061e-04 2.0764041e-04 3.6074943e-04] [2.1072235e-03 1.3222545e-03 9.7997302e-01 3.6596585e-04 1.7902836e-03
 8.5744308e-03 3.2007613e-03 1.3464950e-03 1.3195903e-03] [5.57238054e-05 1.09299996e-04 9.08829825e-05 9.98465776e-01
 6.09352974e-05 1.52955705e-04 2.46774987e-04 6.73462491e-05
 7.50298263e-04] [9.7655907e-04 9.9104601e-01 2.3598214e-04 2.1919147e-04 8.2967867e-04
 3.9736824e-03 1.4833423e-03 6.2401150e-04 6.1154325e-04] [1.6024418e-05 9.4416400e-06 4.2410666e-06 4.8570841e-05 6.5193926e-05
 3.6899108e-04 3.0284375e-04 9.9909091e-01 9.3820992e-05] [2.5199365e-03 1.5812264e-03 7.9775724e-04 3.2031946e-03 2.1409227e-03
 9.7615039e-01 3.8276501e-03 1.6102141e-03 8.1686797e-03] [2.2647555e-05 1.8006989e-05 4.9682485e-04 1.6184261e-02 9.8248243e-01
 2.6146261e-04 2.7570696e-04 2.9067338e-05 2.2960333e-04] [3.2837194e-01 3.3466011e-02 2.2517610e-05 1.9503859e-05 7.9168691e-05
 6.3728964e-01 1.4154172e-04 5.9543720e-05 5.5009336e-04] [0.00874421 0.01603041 0.00497375 0.33303705 0.01909092 0.21388668
 0.10326306 0.02109944 0.2798745 ] [6.4059353e-04 1.1516244e-03 5.1707309e-03 4.4015025e-05 9.8811460e-01
 1.2857317e-04 2.0279018e-03 2.5250646e-03 1.9683657e-04] [0.15886408 0.06366715 0.04441265 0.5630687  0.0161825  0.03502601
 0.06103775 0.02109363 0.03664755] [9.5818806e-01 1.0543023e-03 1.6979971e-04 4.7615492e-03 3.9110477e-03
 1.7293980e-02 2.5242555e-03 1.2899148e-03 1.0807083e-02] [1.8286899e-05 1.6909053e-05 1.4677327e-03 9.9821717e-01 2.1077578e-05
 7.6030490e-05 2.2577560e-05 9.6042877e-06 1.5057485e-04] [3.30911542e-04 3.44570406e-04 9.84266460e-01 1.37476083e-02
 4.80231887e-04 1.87376121e-04 3.30339884e-04 1.14159906e-04
 1.98338661e-04] [9.8671651e-01 1.3181708e-02 2.0991061e-05 3.9678125e-07 7.6484475e-06
 1.6554588e-05 2.8848703e-05 9.9696363e-06 1.7320988e-05] [6.7180791e-04 9.8118412e-01 1.7709186e-02 2.5564282e-06 4.1970903e-05
 9.0843401e-05 1.5830727e-04 5.4708384e-05 8.6557309e-05] [2.7172829e-04 2.8294424e-04 1.9737495e-04 3.7308589e-06 9.9856073e-01
 1.5565964e-04 2.7125888e-04 9.3742601e-05 1.6286595e-04] [3.5999897e-01 6.3917071e-01 2.4686397e-05 1.8761590e-05 8.6793756e-05
 4.1569199e-04 1.5517433e-04 6.5278611e-05 6.3974330e-05] [2.0611024e-04 1.9058064e-04 7.6730306e-05 1.2252259e-03 2.3756402e-04
 9.1257214e-04 2.5446972e-04 9.9519956e-01 1.6971184e-03] [4.1875340e-02 8.1071329e-01 3.0416939e-02 5.7495281e-04 1.1082929e-02
 2.3988292e-02 4.1802984e-02 1.4446415e-02 2.5098840e-02] [8.0828869e-04 6.9721019e-01 4.6479280e-04 1.5278672e-01 1.6935512e-04
 3.6655855e-04 6.3878001e-04 2.2075161e-04 1.4733458e-01] [2.91548731e-05 1.82942913e-05 9.88660455e-01 1.10794641e-02
 2.47698135e-05 1.06703694e-04 4.42847086e-05 1.86296729e-05
 1.82574277e-05] [9.2705601e-01 1.7064655e-02 1.0092795e-02 2.2501187e-04 4.3373834e-03
 9.3879905e-03 1.6359897e-02 5.6537078e-03 9.8226098e-03] [1.1924744e-04 1.2416954e-04 8.6617627e-05 1.6372803e-06 9.9936837e-01
 6.8310932e-05 1.1904132e-04 4.1138719e-05 7.1473405e-05] [9.9949795e-04 9.9034053e-01 7.2836974e-03 3.2279331e-05 1.4932873e-04
 7.1519922e-04 2.6697761e-04 1.1231202e-04 1.0023468e-04] [3.67843604e-05 3.40128063e-05 1.36940225e-05 2.21571929e-04
 4.23978563e-05 2.03684391e-03 9.96992946e-01 1.93191645e-05
 6.02449174e-04] [6.3591369e-04 4.4237686e-04 5.3300511e-04 9.1051614e-01 1.4290604e-03
 4.2566273e-02 7.0756534e-03 3.8794486e-03 3.2922097e-02] [0.00192292 0.00133769 0.00109376 0.042895   0.00432128 0.1287146
 0.02139581 0.01173092 0.786588  ] [0.3784068  0.160363   0.0951705  0.00179895 0.03467699 0.07505614
 0.13079591 0.04520088 0.07853089] [1.2749310e-02 8.7443717e-02 8.9826131e-01 2.2554239e-04 2.3277401e-04
 2.0428532e-04 4.2917364e-04 2.7897023e-04 1.7492991e-04] [5.0652485e-05 2.7973090e-05 9.9740148e-01 2.4376099e-03 1.5786254e-05
 2.7589196e-05 2.3993534e-05 1.1873040e-05 3.0504825e-06] [6.2069966e-04 3.8948073e-04 9.9310911e-01 1.0996190e-03 5.2734296e-04
 2.5256686e-03 9.4281038e-04 3.9662089e-04 3.8869629e-04] [1.0496512e-04 7.2694733e-05 2.7780328e-05 3.1815440e-04 4.2704106e-04
 9.9621528e-01 1.9837231e-03 4.1615669e-04 4.3423020e-04] [9.8941836e-04 6.8829430e-04 5.6278589e-04 2.2071216e-02 2.2234756e-03
 3.0230933e-01 1.1009012e-02 6.0360353e-03 6.5411037e-01] [0.00630048 0.00468344 0.00522319 0.0227764  0.00521574 0.6124209
 0.01283942 0.0133988  0.3171416 ] [6.5879995e-06 3.8816706e-06 1.7435997e-06 1.9968567e-05 2.6802718e-05
 9.9915320e-05 9.9921334e-01 2.6119558e-05 6.0160586e-04] [9.9797326e-01 3.7312292e-04 3.6331799e-04 6.2665626e-05 2.1056709e-04
 4.8116577e-04 3.2004106e-04 1.5837017e-04 5.7464917e-05] [1.7196363e-04 1.2112927e-04 2.2504173e-04 1.3297170e-03 2.2472090e-04
 4.0696589e-03 8.1254629e-04 9.5044184e-01 4.2603411e-02] [1.6053754e-03 2.3730290e-03 4.2488301e-04 2.8477032e-02 6.3453903e-03
 9.4564192e-02 4.6670873e-02 3.9605605e-03 8.1557864e-01] [3.2040803e-05 5.9979473e-05 9.9441868e-06 8.3995439e-02 3.8169142e-05
 3.8886123e-04 1.4676842e-04 3.4821846e-03 9.1184664e-01] [2.0606477e-04 9.9622858e-01 3.4319276e-03 7.8413740e-07 1.2873791e-05
 2.7864518e-05 4.8557853e-05 1.6780792e-05 2.6549869e-05] [1.8278262e-05 8.3279710e-06 1.2301829e-05 1.6923341e-05 2.6430014e-05
 1.4493307e-02 9.8531890e-01 2.6330090e-05 7.9175305e-05] [4.2081690e-05 3.3459000e-05 5.3050098e-06 1.2594829e-03 1.2411980e-04
 9.9833375e-01 8.0108963e-05 4.0936298e-05 8.0740574e-05] [8.8398027e-01 1.1529930e-01 1.4864218e-04 2.8096931e-06 5.4160344e-05
 1.1722658e-04 2.0428383e-04 7.0597052e-05 1.2265361e-04] [0.00922904 0.00960998 0.00474111 0.00106131 0.0024426  0.04028611
 0.00921309 0.8740084  0.04940833] [2.3275593e-04 1.6218114e-04 2.4282759e-04 6.1084094e-05 1.9774796e-04
 1.3060174e-03 3.5354396e-04 9.9718815e-01 2.5571286e-04] [3.1076153e-04 4.5936028e-04 8.2246988e-05 5.5124578e-03 1.2283123e-03
 1.8305317e-02 9.0343412e-03 7.6666760e-04 9.6430057e-01] [3.1839980e-05 5.9702805e-05 1.8523981e-05 9.3742888e-03 2.0339424e-04
 9.8690856e-01 3.2213840e-04 7.8581659e-05 3.0029651e-03] [0.00444834 0.00279127 0.00094345 0.00400273 0.00377928 0.01810059
 0.0067568  0.9180766  0.04110092] [0.00639853 0.00377004 0.00169345 0.01939428 0.02603188 0.36040094
 0.12092521 0.02536838 0.43601727] [1.0783181e-02 1.6054396e-02 9.4213820e-01 4.5186738e-03 7.9164002e-03
 8.6096348e-04 3.8606832e-03 1.8818743e-03 1.1985673e-02] [1.5597804e-03 1.6241625e-03 9.9245822e-01 2.1415954e-05 4.1281889e-04
 8.9352072e-04 1.5570859e-03 5.3810264e-04 9.3488657e-04] [1.5747914e-03 9.2787220e-04 4.1678859e-04 1.9000530e-02 6.4068981e-03
 9.0550506e-01 2.9761812e-02 6.2436005e-03 3.0162603e-02] [8.4846246e-04 9.8101062e-01 1.7706055e-02 2.5559762e-06 4.1963482e-05
 9.0827336e-05 1.5827929e-04 5.4698710e-05 8.6542008e-05] [6.2706363e-03 2.0468703e-02 9.6895045e-01 2.7432901e-04 3.9175519e-04
 8.4792922e-04 1.4776363e-03 5.1064650e-04 8.0792350e-04] [0.0131454  0.00824856 0.00265142 0.03246287 0.01116825 0.8613442
 0.01996716 0.00839978 0.04261238] [6.2539228e-05 2.1164768e-05 9.5069408e-06 6.9061387e-03 3.0920291e-04
 1.2970893e-03 4.7607024e-04 9.9023235e-01 6.8589387e-04] [1.3487176e-05 1.9936442e-05 3.5695559e-06 2.3924312e-04 5.3309304e-05
 9.9807405e-01 3.9209440e-04 3.3273715e-05 1.1709953e-03] [6.5891059e-06 3.8823227e-06 1.7438925e-06 1.9971922e-05 2.6807220e-05
 5.0672673e-04 9.9938118e-01 2.6123947e-05 2.6992080e-05] [1.2150837e-04 1.8370905e-04 3.2892523e-05 1.3630205e-02 1.1202126e-03
 4.2416439e-03 2.9743845e-03 3.0660853e-04 9.7738886e-01] [0.43102878 0.12988137 0.09060203 0.0017126  0.03301239 0.07145323
 0.12451732 0.04303112 0.07476117] [1.69934428e-05 7.90686863e-06 2.74888953e-06 2.69245720e-05
 9.97707248e-01 1.80695287e-03 1.19525204e-04 4.20963734e-05
 2.69638986e-04] [8.4463572e-05 6.8557361e-05 8.3784898e-06 1.4871098e-04 9.9898988e-01
 3.8797667e-04 1.1096876e-04 3.8821818e-05 1.6223728e-04] [1.5802708e-04 9.3110066e-05 4.1823838e-05 4.7898779e-04 6.4291887e-04
 4.5970134e-03 2.9865347e-03 6.2653219e-04 9.9037498e-01] [1.9713942e-05 4.3579366e-05 9.9890780e-01 1.0038378e-03 2.9453392e-06
 1.2687968e-05 5.2658243e-06 2.2152246e-06 1.9770112e-06] [2.6884786e-04 9.6168788e-04 9.9854302e-01 1.1350980e-05 7.2910188e-05
 2.8779983e-05 5.0153132e-05 1.7332095e-05 4.5983175e-05] [3.2228238e-06 2.2419729e-06 1.8331566e-06 6.3750209e-05 7.2425073e-06
 8.2978484e-05 3.5859528e-05 3.8301354e-04 9.9941993e-01] [1.8238816e-02 1.8991647e-02 1.1112282e-02 2.5042080e-04 4.8271716e-03
 6.9256420e-03 1.6773740e-02 6.2921392e-03 9.1658813e-01] [9.0836565e-04 1.3524079e-03 1.3205906e-03 9.3267781e-06 9.9571073e-01
 7.2526789e-05 3.2522049e-04 1.5852733e-04 1.4228035e-04] [0.17980698 0.18722877 0.13060617 0.00246877 0.04758858 0.10300246
 0.17949632 0.06203094 0.107771  ] [1.09755101e-05 2.39055535e-05 1.28301850e-04 9.99400854e-01
 1.20019795e-05 2.77319850e-05 4.86054669e-05 1.32646983e-05
 3.34304466e-04] [1.9688409e-06 1.1797030e-06 4.3456301e-05 9.9979001e-01 3.8109256e-06
 8.5108615e-05 1.8868914e-05 1.0345466e-05 4.5322569e-05] [2.4429083e-04 2.2588446e-04 9.0944195e-05 1.4521909e-03 2.8157097e-04
 1.0816201e-03 3.0160884e-04 9.9431038e-01 2.0114987e-03] [9.5313501e-01 1.4898751e-03 8.8117830e-04 1.9645262e-05 3.7868661e-04
 4.8325313e-04 1.5076083e-03 4.9361173e-04 4.1611142e-02] [7.8833812e-01 2.1034773e-01 2.7117724e-04 5.1258980e-06 9.8808094e-05
 2.1386374e-04 3.7268776e-04 1.2879462e-04 2.2376464e-04] [6.5917338e-06 3.8838707e-06 1.7445880e-06 1.9979885e-05 2.6817910e-05
 9.7453383e-05 9.9977976e-01 2.6134365e-05 3.7587648e-05] [4.5738412e-05 2.8700268e-05 1.1052535e-05 8.3998948e-06 9.9905509e-01
 1.8611268e-04 5.9149164e-04 4.4782115e-05 2.8642438e-05] [2.9893781e-04 2.4595772e-04 1.3985455e-05 3.6217767e-04 3.1116503e-04
 1.3813822e-03 1.6254021e-04 9.9611604e-01 1.1077892e-03] [1.3048179e-05 7.6880306e-06 3.4533703e-06 3.9549705e-05 9.9915779e-01
 3.7001001e-04 2.4659632e-04 5.1732353e-05 1.1014721e-04] [0.17768493 0.18501912 0.12906478 0.01424147 0.04702695 0.10178684
 0.17737794 0.06129886 0.10649911] [7.1110850e-04 4.1898745e-04 1.8820382e-04 2.1554055e-03 2.8930816e-03
 2.0165047e-02 1.3439161e-02 2.8193432e-03 9.5720965e-01] [3.7243008e-05 4.5583067e-05 9.9938440e-01 3.8203652e-04 9.8569108e-06
 3.3511402e-05 3.7178670e-05 1.2848321e-05 5.7285375e-05] [3.5782250e-05 7.7767669e-05 1.2893347e-05 5.8302475e-04 4.9489016e-05
 9.9495018e-01 1.9029572e-04 5.1758601e-05 4.0488024e-03] [1.8030181e-04 8.7468594e-04 9.9864846e-01 5.4119078e-05 2.6937789e-05
 1.2901648e-04 4.8160720e-05 2.0260233e-05 1.8081555e-05] [1.8888843e-04 1.3140115e-04 1.0744059e-04 4.2135818e-03 9.2107290e-01
 1.2643658e-02 2.1017138e-03 1.1523303e-03 5.8388069e-02] [9.9894506e-01 2.1697491e-04 1.7963612e-04 1.4963524e-06 1.9511956e-05
 1.1635909e-05 5.7745643e-04 2.5433492e-05 2.2826911e-05] [1.2398277e-05 8.6249293e-06 5.9377833e-04 9.9728155e-01 2.7862094e-05
 8.2990603e-04 1.3795256e-04 7.5636839e-05 1.0323222e-03] [8.3419647e-05 5.3410469e-05 8.7773908e-05 9.4544435e-01 5.9480863e-05
 5.2105311e-02 1.4642208e-04 1.5280124e-04 1.8670739e-03] [8.4463572e-05 6.8557361e-05 8.3784898e-06 1.4871098e-04 9.9898988e-01
 3.8797667e-04 1.1096876e-04 3.8821818e-05 1.6223728e-04] [9.9336267e-01 1.5527562e-03 9.1836898e-04 2.0474403e-05 3.9466933e-04
 8.5423706e-04 1.4886286e-03 5.1444495e-04 8.9378422e-04] [1.8981619e-04 9.9652594e-01 3.1613144e-03 7.2230608e-07 1.1858682e-05
 2.5667354e-05 4.4728986e-05 1.5457583e-05 2.4456343e-05] [2.6845469e-06 4.2389934e-06 5.9253431e-05 9.9976593e-01 5.0482990e-06
 5.5906625e-05 2.7306334e-05 5.5794212e-06 7.4008545e-05] [0.04200651 0.04374038 0.6128598  0.02777762 0.01111764 0.14151962
 0.03863224 0.01449166 0.0678545 ] [4.5361594e-05 1.8179340e-05 2.6628895e-02 9.7325248e-01 1.1320214e-05
 9.8858582e-06 1.7428547e-05 6.0230132e-06 1.0464236e-05] [1.3748147e-04 2.0322205e-04 3.6386260e-05 6.4148228e-03 5.4340821e-04
 1.0896113e-02 9.7005051e-03 3.9907458e-04 9.7166902e-01] [5.1998137e-04 3.8652643e-04 4.3107191e-04 1.8726606e-02 4.3045732e-04
 2.3624104e-02 1.0596426e-03 1.6842265e-02 9.3797934e-01] [4.6451177e-04 4.2951261e-04 1.6525284e-04 2.7612995e-03 9.9108559e-01
 4.0188050e-03 4.9125188e-04 2.4396204e-04 3.3984115e-04] [4.7849744e-04 2.8193230e-04 1.2664046e-04 1.4503506e-03 1.9467245e-03
 9.1198045e-01 9.0430705e-03 1.8971076e-03 7.2795168e-02] [5.31491023e-05 3.33503449e-05 1.07727155e-05 9.76087449e-06
 9.99353349e-01 1.36747229e-04 1.83970886e-04 3.39617436e-05
 1.84969962e-04] [1.0192933e-03 9.9764097e-01 8.6400966e-04 1.1106580e-05 5.3743188e-05
 2.3188544e-04 6.7132620e-05 4.1321320e-05 7.0592228e-05] [4.2373904e-05 3.1107942e-05 1.5268522e-05 4.0438230e-04 6.0323415e-05
 9.9656183e-01 2.0334162e-04 1.5496569e-04 2.5263519e-03] [2.3672097e-05 1.9356363e-05 1.3464807e-05 5.2805967e-04 5.3197236e-05
 1.2866921e-03 2.6339354e-04 7.2184086e-01 2.7597129e-01] [1.6511866e-03 9.9253631e-01 1.1993705e-03 2.2670971e-05 4.3701089e-04
 9.4588241e-04 1.6483334e-03 5.6963653e-04 9.8967226e-04] [3.6795493e-05 3.4023098e-05 1.3698166e-05 2.1873135e-04 4.2410687e-05
 2.0374602e-03 9.9729460e-01 1.9325011e-05 3.0297515e-04] [4.0285845e-06 7.3854317e-06 2.2914767e-06 1.5343486e-04 8.7954531e-06
 9.8540630e-05 9.9958688e-01 9.7208076e-06 1.2894218e-04] [4.2719707e-06 2.9718199e-06 2.4299184e-06 9.5296011e-05 9.6002086e-06
 1.4908363e-04 9.9956089e-01 2.6061527e-05 1.4939602e-04] [6.61074009e-05 1.08510525e-04 7.55371439e-05 9.66902182e-04
 2.61295616e-04 4.08862205e-03 1.92184933e-03 9.91433501e-01
 1.07768469e-03] [0.0075122  0.0047138  0.0018153  0.00137962 0.00638232 0.9587103
 0.01141064 0.00480022 0.00327559] [6.1235740e-05 4.2598938e-05 3.4831170e-05 1.3660011e-03 1.3761234e-04
 4.0989472e-03 6.8135461e-04 3.7357392e-04 9.9320388e-01] [3.1255115e-06 4.9352916e-06 6.8986352e-05 9.9972755e-01 5.8775286e-06
 6.5089873e-05 3.1791657e-05 6.4958931e-06 8.6165128e-05] [6.0989748e-04 4.8492724e-04 7.6886463e-05 1.8253911e-02 1.7988905e-03
 5.3779031e-03 1.1610335e-03 5.9329742e-04 9.7164321e-01] [1.5596190e-03 1.6239944e-03 9.9235547e-01 1.2500360e-04 4.1277616e-04
 8.9342822e-04 1.5569247e-03 5.3804694e-04 9.3478977e-04] [0.21686572 0.17876922 0.12470501 0.00235722 0.04543839 0.09834851
 0.17138615 0.0592282  0.10290158] [1.99035072e-04 1.38459713e-04 1.13212045e-04 5.05589647e-03
 9.70550776e-01 1.33228451e-02 2.21461290e-03 1.21423067e-03
 7.19096139e-03] [1.4276750e-03 9.9354655e-01 1.0370186e-03 1.9602134e-05 3.7785523e-04
 8.1784400e-04 1.4252088e-03 4.9252808e-04 8.5570640e-04] [1.06731942e-03 8.48621828e-04 1.41490731e-04 3.83263314e-03
 3.14805354e-03 1.02013424e-01 2.48063356e-03 3.78168635e-02
 8.48650992e-01] [1.7370035e-06 1.0645363e-06 3.9213977e-05 9.9980587e-01 9.1270958e-06
 2.2856453e-05 1.3350183e-05 9.3355147e-06 9.7518030e-05] [0.13721919 0.14288309 0.09967174 0.00188403 0.0363171  0.07860604
 0.1369821  0.28419158 0.08224513] [2.6845469e-06 4.2389934e-06 5.9253431e-05 9.9976593e-01 5.0482990e-06
 5.5906625e-05 2.7306334e-05 5.5794212e-06 7.4008545e-05] [0.03406372 0.03546975 0.31026772 0.09723041 0.0494346  0.1434611
 0.03400487 0.01175152 0.28431636] [2.3846852e-03 1.2390328e-03 6.0822640e-04 3.8651580e-03 5.6417054e-03
 1.5185557e-01 1.3437093e-02 5.4979101e-03 8.1547058e-01] [1.1489695e-05 1.6983793e-05 3.0408910e-06 5.2969786e-04 4.5414032e-05
 5.8029144e-04 3.3402402e-04 1.0985711e-03 9.9738044e-01] [9.8551717e-04 1.8067083e-03 5.6056684e-04 1.1206604e-01 2.1516427e-03
 1.5855256e-02 1.1638267e-02 6.5278667e-01 2.0214933e-01] [6.4943401e-05 4.5745404e-05 8.4988766e-05 4.1750871e-02 8.4867592e-05
 1.5369389e-03 3.0686439e-04 2.3038864e-04 9.5589441e-01] [1.8648469e-03 9.7723114e-01 2.0346424e-02 7.4608638e-06 8.2860621e-05
 4.9413782e-05 2.2157848e-04 1.0800757e-04 8.8277724e-05] [3.2639851e-05 2.2706092e-05 1.8565710e-05 7.2810566e-04 7.3350064e-05
 1.7741326e-03 3.6317552e-04 9.9529749e-01 1.6898084e-03] [7.7735727e-05 6.0168702e-05 3.4212692e-06 1.4728622e-04 9.9927241e-01
 1.6122247e-04 3.9762333e-05 2.5664758e-05 2.1232471e-04] [1.6411244e-04 1.5174720e-04 6.1095503e-05 7.6031795e-04 1.8915706e-04
 9.3060295e-04 2.0261816e-04 9.9618906e-01 1.3513076e-03] [7.9394697e-04 6.4372143e-04 2.1012817e-04 2.4064928e-03 3.2301024e-03
 7.7253520e-03 1.6600977e-01 3.1477744e-03 8.1583267e-01] [1.2238064e-03 7.2107074e-04 3.2389592e-04 3.7094166e-03 4.9789483e-03
 3.4703720e-02 2.3128577e-02 4.8520425e-03 9.2635852e-01] [1.09007371e-04 1.00794095e-04 3.87800283e-05 6.47996436e-04
 9.98016357e-01 8.34825914e-04 1.15282506e-04 5.72507270e-05
 7.97508110e-05] [0.0104405  0.00615158 0.00276321 0.31526303 0.04247627 0.29606348
 0.19731392 0.04139364 0.08813433] [3.1703904e-03 9.8931807e-01 4.6091443e-03 3.9784718e-05 4.2447352e-04
 2.5313380e-04 1.1350886e-03 5.5329432e-04 4.9658911e-04] [1.0109310e-04 1.0526586e-04 6.1592575e-05 1.3880193e-06 2.6755784e-05
 3.8387087e-05 9.9953568e-01 3.4875757e-05 9.4988747e-05] [0.01452545 0.01343101 0.0043571  0.8585152  0.01674212 0.01710786
 0.01793355 0.00762877 0.04975896]",0 4 0 4 4 1 0 3 7 0 2 2 8 0 5 6 6 3 4 1 1 8 6 4 3 0 6 7 0 1 6 3 0 5 2 2 3 6 6 7 6 7 7 8 5 6 2 0 5 7 5 2 2 3 2 2 5 0 7 6 1 4 6 5 6 0 8 8 5 0 3 1 7 4 0 4 7 6 7 7 5 0 2 3 1 7 5 4 5 3 4 0 0 3 2 0 1 4 1 7 1 1 2 0 4 1 6 3 8 1 2 2 2 5 6 8 6 0 7 8 5 1 6 5 0 7 7 8 5 7 5 2 2 5 1 2 5 7 5 6 8 0 4 4 8 2 2 8 8 4 6 3 3 7 0 1 6 4 7 4 2 8 2 5 2 4 0 3 3 4 0 1 3 3 3 8 3 4 5 4 1 5 8 1 6 6 6 7 5 8 3 8 2 1 4 1 8 3 1 3 3 8 8 7 8 1 7 4 7 8 8 4 3 1 6 5
1468,2,xgboost,0.0,856,0,0.9027777777777778,0.992042824074074,"[1.1623039e-06 1.1833895e-06 7.6870610e-06 9.9969041e-01 3.6785862e-06
 6.7850786e-05 1.4401299e-05 4.8989873e-06 2.0874575e-04] [1.7673614e-05 2.2841212e-05 1.1238438e-05 5.3038828e-05 1.0259209e-04
 2.1524054e-04 6.9922409e-03 9.9048293e-01 2.1021722e-03] [0.00347351 0.00353652 0.00300825 0.09459862 0.01099333 0.4371448
 0.04055793 0.01464046 0.39204663] [9.2240989e-05 1.1149182e-04 3.6654557e-05 4.1857551e-05 2.6283418e-05
 1.2969016e-03 1.7882798e-04 9.9789017e-01 3.2554840e-04] [9.9841392e-01 8.4146834e-04 1.8995941e-04 9.2146092e-06 4.5206791e-05
 1.8387122e-04 1.8271369e-04 3.4410405e-05 9.9270954e-05] [1.06171301e-05 3.19936116e-05 9.99810517e-01 1.18437856e-04
 5.03125420e-06 8.69029373e-06 4.89298736e-06 4.98751297e-06
 4.86746376e-06] [1.6416988e-03 6.7389672e-05 2.3193727e-04 6.4273910e-03 9.2037968e-05
 6.5266027e-04 9.8149729e-01 1.2257231e-04 9.2670396e-03] [6.1258630e-05 5.9030404e-05 6.4807675e-05 3.8153914e-05 9.9942541e-01
 1.8087264e-04 3.4175486e-05 3.7466692e-05 9.8807745e-05] [2.0040830e-05 2.0404399e-05 1.7356502e-05 4.4891774e-04 6.3427411e-05
 6.9025578e-03 9.9158102e-01 8.4469975e-05 8.6181803e-04] [2.3934418e-04 2.1471399e-04 7.3670519e-05 6.4714026e-04 2.8961396e-04
 7.8246603e-03 3.2258156e-04 9.8954505e-01 8.4316928e-04] [1.2955902e-02 8.8556275e-02 8.5461676e-01 7.0861058e-04 3.3661667e-03
 7.5775194e-03 1.7193222e-02 3.0580519e-03 1.1967497e-02] [9.9827075e-01 2.1018180e-04 1.5945094e-04 1.8025277e-05 1.1264092e-04
 8.9872384e-04 1.0954525e-04 1.1166153e-04 1.0897393e-04] [1.9966271e-03 5.6704162e-03 9.5250577e-01 3.4369465e-02 5.1875808e-04
 8.4651960e-04 2.6496383e-03 4.7127478e-04 9.7148039e-04] [0.00389829 0.00471461 0.00127972 0.03699953 0.00242203 0.05392991
 0.8213913  0.00344396 0.07192068] [1.1195054e-04 7.1765149e-05 5.5182634e-05 3.2690230e-01 5.0374435e-04
 1.3322485e-02 2.3375584e-03 3.5419437e-04 6.5634084e-01] [9.9888021e-01 4.1385079e-04 1.9865404e-04 9.9520548e-06 4.7276004e-05
 7.7145822e-05 2.4146943e-04 4.2948679e-05 8.8533852e-05] [0.12953551 0.36788052 0.14142093 0.00708482 0.03365555 0.05491978
 0.171901   0.03057497 0.06302688] [0.08663655 0.24604759 0.38476294 0.04573663 0.02250967 0.03673171
 0.11497164 0.02044929 0.04215394] [2.0245582e-04 2.6200851e-04 7.9331010e-05 4.6630317e-04 6.0807568e-05
 3.8254182e-03 9.9467152e-01 5.5241660e-05 3.7686361e-04] [0.05989517 0.17010215 0.0653908  0.00327591 0.01556179 0.3170121
 0.28057903 0.01413738 0.07404564] [5.5476796e-04 5.9853349e-04 5.5517521e-05 1.1221867e-01 1.5826788e-04
 8.4302453e-03 7.0318510e-04 2.2316922e-04 8.7705761e-01] [8.87940769e-05 1.02559105e-04 3.47933928e-05 2.04513577e-04
 2.66692896e-05 1.68261584e-03 1.68710918e-04 9.97526109e-01
 1.65286896e-04] [6.8767037e-04 2.1069485e-03 6.2300626e-04 9.9133085e-06 9.8400152e-01
 1.0414612e-03 5.6529167e-04 9.9006686e-03 1.0634748e-03] [1.4745719e-04 3.1512545e-04 9.9861646e-01 5.2348513e-04 3.8311904e-05
 5.6897490e-05 1.9568412e-04 3.4805125e-05 7.1746908e-05] [2.1305529e-04 1.3180503e-03 9.9502820e-01 2.9691732e-03 4.4815482e-05
 7.3130701e-05 2.2890195e-04 4.0713378e-05 8.3926032e-05] [7.6686527e-04 2.1778953e-03 9.9491715e-01 4.1942949e-05 1.9924479e-04
 3.2513149e-04 1.0176739e-03 1.8100729e-04 3.7312644e-04] [2.71185709e-04 7.70167215e-04 2.96068116e-04 2.36653668e-05
 9.97697532e-01 1.14975956e-04 3.59879108e-04 6.92889080e-05
 3.97227501e-04] [2.7116982e-04 7.7012205e-04 2.9605077e-04 1.4831378e-05 9.9763906e-01
 3.7107387e-04 3.5985801e-04 6.4005697e-05 2.1383956e-04] [1.7841948e-04 5.3764839e-04 9.9260336e-01 5.9290105e-03 3.3494245e-04
 1.6875235e-04 8.2225997e-05 8.3814506e-05 8.1797079e-05] [1.5466185e-05 4.1467054e-05 8.9953458e-01 1.0032426e-01 9.5423065e-06
 3.2331121e-05 8.6284053e-06 9.4593488e-06 2.4251243e-05] [6.9452735e-04 9.7207212e-01 2.5665689e-02 3.0753679e-05 1.4609154e-04
 2.3839480e-04 7.4618502e-04 1.3271933e-04 2.7358593e-04] [3.2642044e-04 1.3484903e-04 1.8089033e-03 9.8909587e-01 1.7603570e-04
 5.8131159e-04 5.9212610e-04 7.9623096e-05 7.2049303e-03] [9.9849534e-01 4.1369133e-04 1.9857750e-04 9.9482204e-06 4.7257789e-05
 6.8109905e-05 6.3565804e-04 4.2932134e-05 8.8499743e-05] [9.1725437e-04 1.4983500e-04 5.1845907e-04 9.9611378e-01 6.6446919e-05
 1.7429196e-03 2.4032877e-04 3.2089400e-05 2.1891680e-04] [9.5466967e-06 7.0461165e-06 4.1597490e-05 9.9918717e-01 5.5416822e-05
 2.8644188e-04 2.5715449e-04 3.8964881e-05 1.1664236e-04] [1.4533836e-03 9.8058230e-01 1.5867377e-03 7.9491416e-05 3.7761411e-04
 7.6924446e-03 6.8083783e-03 3.4305008e-04 1.0765502e-03] [2.2796035e-04 9.9538285e-01 3.8745520e-03 1.0094079e-05 4.7950663e-05
 7.8246892e-05 2.4491563e-04 4.3561631e-05 8.9797482e-05] [8.1671472e-04 9.5572680e-01 4.1082378e-02 3.6164103e-05 1.7179307e-04
 2.4759540e-04 1.4407693e-03 1.5606846e-04 3.2171755e-04] [9.9729246e-01 1.1442587e-03 4.3987687e-04 2.2036684e-05 1.0468253e-04
 1.7082297e-04 5.3468236e-04 9.5100608e-05 1.9603936e-04] [4.9874128e-05 5.0778908e-05 1.6124795e-04 9.8688185e-01 1.5784708e-04
 6.2767151e-03 5.8234850e-04 2.1021414e-04 5.6291781e-03] [0.0285301  0.02585777 0.09151221 0.02904708 0.01385773 0.1105662
 0.01347689 0.65682024 0.03033173] [1.1265535e-05 8.3147370e-06 7.1636236e-06 2.4956262e-05 6.5394357e-05
 9.9348676e-01 1.1957519e-03 4.5980327e-05 5.1544262e-03] [7.1438422e-05 6.8839916e-05 7.5577242e-05 4.4494227e-05 9.9933749e-01
 2.1092956e-04 3.9854676e-05 4.3692806e-05 1.0763286e-04] [6.0822313e-05 5.8254045e-05 4.9405582e-05 1.9594310e-04 1.9249711e-04
 4.6351319e-04 1.1465204e-03 9.9391705e-01 3.9160154e-03] [6.7186680e-05 1.4358209e-04 9.9857867e-01 1.0294965e-03 1.7456265e-05
 2.5924521e-05 8.9160560e-05 1.5858439e-05 3.2690383e-05] [3.0621941e-05 5.4511998e-05 2.3796414e-05 4.7811188e-04 9.2717069e-05
 9.9162138e-01 7.0171844e-04 1.3712434e-04 6.8600429e-03] [9.8766532e-06 7.2896473e-06 6.2804497e-06 2.6828258e-05 9.9897480e-01
 3.7640249e-04 2.6604239e-04 4.0311599e-05 2.9222271e-04] [3.0845200e-04 1.7131426e-05 1.3172929e-05 1.1679037e-04 1.2025144e-04
 1.7480531e-03 9.9482548e-01 2.3170114e-03 5.3373119e-04] [0.11114253 0.2095686  0.09937949 0.10659794 0.03043807 0.13824254
 0.1445497  0.02765199 0.13242912] [7.9679303e-05 5.8808848e-05 5.0667153e-05 2.1643554e-04 4.6252395e-04
 3.8259146e-03 9.9223244e-01 3.2521144e-04 2.7483082e-03] [3.3972482e-04 1.1257111e-03 2.8147499e-04 6.4938026e-03 1.0286192e-03
 2.1109812e-02 6.1760120e-02 1.5212811e-03 9.0633953e-01] [5.9729387e-05 5.7207268e-05 4.8517810e-05 1.2859568e-03 1.8903810e-04
 2.0117967e-03 9.2680461e-04 9.6158493e-01 3.3836089e-02] [0.0576035  0.06291431 0.04772892 0.19718683 0.03371713 0.49610525
 0.03279049 0.03342396 0.03852959] [3.1905409e-05 2.2340493e-05 2.0375264e-05 2.7884194e-04 6.0032855e-04
 5.3305770e-03 6.8536686e-04 1.3022205e-04 9.9290001e-01] [0.00325768 0.00331678 0.00282134 0.08872088 0.01031027 0.40998343
 0.10017138 0.0137308  0.36768737] [7.6468112e-03 2.1291411e-02 7.8301728e-03 5.5179594e-04 1.9867730e-03
 5.7521596e-04 7.1352934e-03 9.5076388e-01 2.2185689e-03] [1.0446135e-03 9.9182796e-01 8.7120227e-04 6.1393999e-05 2.2105285e-04
 1.8612751e-03 3.2344358e-03 2.0081920e-04 6.7726016e-04] [2.3932289e-05 2.4366449e-05 2.0726726e-05 9.9499965e-01 7.5743519e-05
 3.0119068e-03 2.7944226e-04 1.0087215e-04 1.4633945e-03] [1.57753049e-04 1.16432566e-04 1.00313249e-04 4.28509404e-04
 9.15727462e-04 7.57473195e-03 4.24931105e-03 6.43869455e-04
 9.85813320e-01] [2.71260244e-04 7.70378858e-04 2.96149490e-04 1.94437071e-05
 9.97971714e-01 1.15007555e-04 3.59978003e-04 6.40270373e-05
 1.31984634e-04] [1.4748298e-04 2.7264300e-04 1.1120185e-04 1.9254274e-04 9.9897492e-01
 1.5534735e-05 1.3377337e-04 3.6693389e-05 1.1522246e-04] [7.5861863e-03 2.1544751e-02 8.2822507e-03 4.1491917e-04 1.9710215e-03
 3.2163516e-03 1.0067302e-02 9.4322616e-01 3.6911401e-03] [1.7467883e-05 3.8347211e-05 1.4472796e-05 2.9915079e-04 5.2889231e-05
 1.7684294e-03 9.9438173e-01 7.8220772e-05 3.3493475e-03] [0.27562374 0.03266441 0.26935607 0.16033447 0.0029883  0.01573894
 0.01526323 0.21600974 0.01202111] [9.7025442e-01 3.8572783e-03 2.4319906e-02 3.0768068e-05 1.4615989e-04
 2.3850656e-04 7.4653450e-04 1.3278154e-04 2.7371416e-04] [1.2356137e-03 1.3495326e-03 9.8453587e-01 2.1232830e-03 2.8651217e-03
 5.7705143e-03 7.0336671e-04 7.1695494e-04 6.9969782e-04] [0.00481381 0.00907685 0.65762323 0.31085125 0.00131834 0.00312232
 0.00626074 0.00119766 0.00573578] [3.8010310e-04 9.9289775e-01 1.6333135e-03 1.5008135e-05 5.4037613e-05
 4.5499959e-04 7.9067674e-04 3.6084887e-03 1.6556021e-04] [8.5323656e-05 8.8624132e-05 9.9080223e-01 8.5623795e-03 4.9942581e-05
 2.6511497e-04 4.8570029e-05 4.9508340e-05 4.8316670e-05] [4.9668361e-05 4.7861718e-05 3.7363861e-05 3.4651031e-05 3.0644354e-05
 1.4665097e-04 2.7709380e-05 9.9950087e-01 1.2458161e-04] [9.9832767e-01 8.2414673e-04 2.9110524e-04 6.8839877e-06 7.3862968e-05
 2.4139330e-05 1.9801849e-04 6.7102053e-05 1.8701675e-04] [1.7808680e-04 3.1826861e-04 5.8461814e-05 1.3902336e-03 1.1064644e-04
 2.2100415e-03 9.9234688e-01 1.5733141e-04 3.2299908e-03] [1.7220116e-05 1.7532528e-05 1.4913602e-05 4.6897872e-04 5.4500106e-05
 9.9827588e-01 2.0106847e-04 7.2581024e-05 8.7733573e-04] [7.1990347e-05 1.1264379e-04 5.3416810e-05 5.4232289e-05 1.6360551e-05
 6.2087907e-05 7.7695950e-05 9.9944896e-01 1.0265983e-04] [4.7997391e-04 8.5443183e-04 3.7298931e-04 7.4940203e-03 1.4532658e-03
 7.7439278e-01 1.0998869e-02 2.1493139e-03 2.0180435e-01] [1.7495895e-05 8.1245496e-05 1.4496005e-05 2.9963051e-04 5.2974050e-05
 2.4497102e-03 9.9597639e-01 7.8346209e-05 1.0297241e-03] [9.9366564e-01 6.1695804e-03 1.7296126e-05 1.9552565e-06 1.2218501e-05
 9.7487296e-05 1.1882704e-05 1.2112264e-05 1.1820721e-05] [2.1157048e-04 2.4436854e-04 8.2902450e-05 4.8729638e-04 6.3545092e-05
 4.3962407e-03 4.0198886e-04 9.9371827e-01 3.9383021e-04] [9.3653187e-05 1.1319874e-04 3.7215730e-05 4.2498377e-05 2.6685839e-05
 1.0295962e-03 1.8156580e-04 9.9814510e-01 3.3053249e-04] [5.51384292e-04 9.90194976e-01 8.37896671e-03 1.08094355e-05
 1.15981871e-04 3.79042758e-05 3.10934643e-04 1.05365696e-04
 2.93659104e-04] [3.5685449e-04 2.2076531e-03 9.9649328e-01 1.5251820e-04 7.5063173e-05
 1.2248944e-04 3.8339669e-04 6.8192407e-05 1.4057095e-04] [2.0194065e-04 9.9505436e-01 1.7159399e-04 6.4743826e-06 4.3539076e-05
 4.3018762e-04 4.7555030e-04 3.1472226e-03 4.6914190e-04] [1.2791874e-04 1.2326581e-04 9.6229036e-05 7.9672049e-05 7.8923229e-05
 3.7769350e-04 7.1364324e-05 9.9885225e-01 1.9272890e-04] [9.9892956e-01 5.2752107e-04 1.8633099e-04 4.4063104e-06 4.7278339e-05
 1.5451131e-05 1.2674803e-04 4.2950804e-05 1.1970588e-04] [0.06389041 0.18144861 0.06975263 0.00349442 0.01659983 0.5338609
 0.08478622 0.0150804  0.03108656] [0.09806909 0.10711066 0.08125775 0.00918585 0.05740289 0.4579984
 0.05582531 0.05690379 0.07624625] [7.1238422e-01 2.4911719e-03 1.1957965e-03 9.5582604e-05 2.8457737e-04
 4.6437891e-04 1.4535235e-03 2.7985233e-04 2.8135088e-01] [0.0294181  0.03213032 0.02437515 0.00275551 0.01721932 0.8374141
 0.01674609 0.01706961 0.02287183] [4.3039850e-05 6.6939501e-05 7.8549951e-05 6.0880386e-05 4.6453195e-05
 9.7410759e-04 9.9516773e-01 3.9525166e-05 3.5227942e-03] [6.2748295e-04 3.6795557e-04 2.5636828e-04 2.1225803e-04 2.1026307e-04
 2.6109891e-03 9.8599470e-01 9.2065642e-03 5.1345804e-04] [1.02821774e-04 2.92013312e-04 1.12256101e-04 5.62373498e-06
 2.67148571e-05 4.35938200e-05 1.36450224e-04 9.99230504e-01
 5.00290116e-05] [9.9311310e-01 6.1581074e-04 2.9559774e-04 1.4808668e-05 7.0346738e-05
 1.1479317e-04 9.4622490e-04 4.6975673e-03 1.3173860e-04] [5.2329496e-04 5.0426036e-04 3.9365730e-04 3.7279999e-04 9.9626607e-01
 4.8392537e-04 2.9193994e-04 3.2005468e-04 8.4405328e-04] [7.7304372e-05 7.4492491e-05 5.8153517e-05 5.5072298e-05 9.9945658e-01
 7.1488452e-05 4.3127173e-05 4.7280460e-05 1.1647069e-04] [5.0476467e-04 9.9297237e-01 3.3524518e-03 3.4920493e-05 1.9481841e-04
 2.2667656e-03 1.8946447e-04 1.9312468e-04 2.9126494e-04] [9.9659097e-01 1.2598726e-03 6.0475612e-04 3.0296718e-05 1.4392080e-04
 2.3485252e-04 7.3509756e-04 1.3074727e-04 2.6952074e-04] [4.6698819e-03 1.3262453e-02 5.0983629e-03 2.5541469e-04 1.2133158e-03
 1.9799119e-03 6.1971992e-03 9.6505129e-01 2.2721807e-03] [0.02898563 0.18860866 0.64996254 0.00156362 0.01009122 0.09335097
 0.00760797 0.00838162 0.01144778] [6.1825500e-05 1.4482767e-04 1.3776892e-04 7.6700835e-06 6.3305895e-05
 5.5039558e-03 4.3082301e-04 1.2853399e-01 8.6511588e-01] [4.9874128e-05 5.0778908e-05 1.6124795e-04 9.8688185e-01 1.5784708e-04
 6.2767151e-03 5.8234850e-04 2.1021414e-04 5.6291781e-03] [1.4715206e-03 9.9281913e-01 1.6065389e-03 8.0483398e-05 3.8232643e-04
 6.2388764e-04 1.9527919e-03 3.4733105e-04 7.1598409e-04] [1.0829526e-05 1.9278323e-05 8.4156600e-06 1.4661539e-04 3.2789689e-05
 2.7471939e-03 9.9525154e-01 4.8494414e-05 1.7348161e-03] [1.0771677e-03 9.8795450e-01 9.2595825e-03 2.1117008e-05 2.2657849e-04
 7.4048723e-05 6.0743227e-04 2.0583924e-04 5.7368353e-04] [4.2802401e-04 4.3578912e-04 3.7069316e-04 1.1656951e-02 1.3546571e-03
 9.3064189e-01 4.9977666e-03 1.8040764e-03 4.8310094e-02] [3.85278654e-05 6.85858176e-05 9.05731402e-04 9.78045344e-01
 1.16654715e-04 3.57080228e-03 8.82887398e-04 1.72527041e-04
 1.61989797e-02] [9.55723763e-01 2.91614654e-03 4.00314517e-02 2.60629531e-05
 1.23808815e-04 2.02033625e-04 6.32372859e-04 1.12476315e-04
 2.31857208e-04] [7.1438422e-05 6.8839916e-05 7.5577242e-05 4.4494227e-05 9.9933749e-01
 2.1092956e-04 3.9854676e-05 4.3692806e-05 1.0763286e-04] [2.6609929e-05 1.9639951e-05 1.6920931e-05 5.8948259e-05 1.5446573e-04
 9.7432411e-01 2.4404547e-03 1.0860842e-04 2.2850219e-02] [4.1541946e-04 6.5126934e-04 9.9692887e-01 2.8059205e-05 2.4315791e-04
 9.0078067e-04 1.8083114e-04 2.4104370e-04 4.1062725e-04] [2.71239260e-04 7.70319311e-04 2.96126585e-04 1.48351774e-05
 9.97894585e-01 1.14998664e-04 3.59950151e-04 6.40220896e-05
 2.13894324e-04] [0.01198744 0.00964895 0.00471705 0.00294569 0.00716896 0.91861975
 0.00957514 0.00710663 0.02823034] [0.03263462 0.06153533 0.02918066 0.03130021 0.00893749 0.73768705
 0.04244393 0.00811942 0.04816135] [1.2471651e-05 1.1945026e-05 1.0130643e-05 2.2084911e-04 3.9471644e-05
 2.7417101e-04 9.9620098e-01 5.2566738e-05 3.1773699e-03] [1.8856526e-04 3.5555553e-04 2.0296304e-04 1.7118198e-04 9.9833113e-01
 1.3438855e-04 2.4524410e-04 4.6914556e-05 3.2404158e-04] [0.12953551 0.36788052 0.14142093 0.00708482 0.03365555 0.05491978
 0.171901   0.03057497 0.06302688] [2.6636122e-04 8.3028100e-04 2.0699017e-04 4.5946566e-03 8.0648880e-04
 7.8827292e-03 7.4913472e-02 1.1927598e-03 9.0930623e-01] [4.8735452e-05 5.8940943e-05 1.5998730e-05 3.7723588e-04 3.0279642e-05
 9.9728572e-01 9.3717646e-04 4.3055505e-05 1.2028839e-03] [2.8255893e-04 2.8768516e-04 2.4471217e-04 7.6953061e-03 2.8987008e-03
 3.5560384e-02 3.2992633e-03 1.1909564e-03 9.4854045e-01] [0.01183666 0.0219323  0.00306424 0.05501892 0.00579947 0.34932342
 0.02576709 0.00817768 0.5190802 ] [1.3866222e-04 9.2361198e-04 9.9264187e-01 6.0944678e-03 2.9167115e-05
 8.4445455e-06 1.0475072e-04 2.6497384e-05 3.2570057e-05] [3.1731601e-05 5.7261739e-05 1.9303630e-05 2.4950756e-03 1.7621649e-04
 1.5161568e-02 9.8034370e-01 1.3759649e-04 1.5775372e-03] [6.8264757e-04 9.7254974e-01 2.5226682e-02 3.0227644e-05 1.4359267e-04
 2.3431708e-04 7.3342165e-04 1.3044919e-04 2.6890627e-04] [7.1438422e-05 6.8839916e-05 7.5577242e-05 4.4494227e-05 9.9933749e-01
 2.1092956e-04 3.9854676e-05 4.3692806e-05 1.0763286e-04] [4.8735452e-05 5.8940943e-05 1.5998730e-05 3.7723588e-04 3.0279642e-05
 9.9728572e-01 9.3717646e-04 4.3055505e-05 1.2028839e-03] [0.00829663 0.00958279 0.00325098 0.01910908 0.00249189 0.9237972
 0.01576379 0.0022638  0.01544386] [0.0048718  0.00589199 0.01160048 0.79568034 0.01199094 0.06739781
 0.00838125 0.00430401 0.08988138] [6.6959954e-05 1.3911139e-04 1.0819330e-02 9.6176594e-01 3.6582773e-04
 1.0529264e-02 1.3537763e-03 2.5722210e-04 1.4702569e-02] [1.7003436e-03 9.1343880e-01 1.8563572e-03 9.2998649e-05 4.4177857e-04
 7.2090281e-04 2.2564530e-03 7.8665018e-02 8.2732033e-04] [9.9056494e-01 9.3238037e-03 3.1321593e-05 1.5691294e-06 7.4539539e-06
 1.2163506e-05 3.8072216e-05 6.7716765e-06 1.3959048e-05] [3.33341586e-06 3.93719256e-06 2.64305163e-06 9.98968720e-01
 1.05499585e-05 2.93725781e-04 3.89221968e-05 1.40500051e-05
 6.64071296e-04] [9.9808192e-01 4.5145600e-04 1.5942077e-04 1.8021869e-05 1.1261961e-04
 7.5731840e-04 1.9865550e-04 1.1164041e-04 1.0895332e-04] [0.09946395 0.18754767 0.08893694 0.09539689 0.02723971 0.22879392
 0.12936078 0.02474639 0.11851379] [2.0040830e-05 2.0404399e-05 1.7356502e-05 4.4891774e-04 6.3427411e-05
 6.9025578e-03 9.9158102e-01 8.4469975e-05 8.6181803e-04] [5.1121951e-06 9.6741524e-06 4.2356533e-06 8.6809945e-05 1.5478727e-05
 9.9678183e-01 5.3005567e-04 2.2892311e-05 2.5438995e-03] [0.01455934 0.0413485  0.01589522 0.00128488 0.00378277 0.00399013
 0.01932108 0.7700816  0.12973653] [4.8131539e-04 5.7445690e-05 7.1585819e-04 9.9839598e-01 3.6780668e-05
 1.5302992e-04 3.3257988e-05 3.6460831e-05 8.9817637e-05] [1.4425270e-04 1.4686977e-04 1.2493107e-04 3.9286288e-03 4.5654672e-04
 1.5288552e-02 1.6843481e-03 9.6194440e-01 1.6281478e-02] [0.43601856 0.23835297 0.09162784 0.00459032 0.02180573 0.035583
 0.11137615 0.01980979 0.04083566] [3.1196827e-04 3.2403573e-04 9.9074650e-01 7.0607811e-03 1.8260469e-04
 8.3887129e-04 1.7758642e-04 1.8101717e-04 1.7666006e-04] [0.00943769 0.01779555 0.00843883 0.00905178 0.00258465 0.00672615
 0.01227447 0.00234807 0.9313428 ] [2.2513268e-04 1.8690446e-04 6.8435795e-05 8.1500539e-04 2.7833178e-04
 9.9574834e-01 4.3310787e-04 2.6173994e-04 1.9830759e-03] [1.4436003e-04 1.7458988e-04 4.7390087e-05 1.3701548e-03 8.9691872e-05
 1.9971153e-03 2.4835108e-04 1.2753550e-04 9.9580079e-01] [0.02489962 0.03896062 0.01847551 0.02992838 0.3270504  0.05615653
 0.02687304 0.40903956 0.06861638] [4.8912672e-04 9.9645257e-01 2.9774604e-04 3.2591302e-05 2.1033669e-04
 1.9457631e-03 1.5857708e-04 1.7470249e-04 2.3861197e-04] [0.008137   0.00845175 0.7828689  0.1332976  0.00476284 0.04600781
 0.00463194 0.00472143 0.00712072] [5.1020641e-05 9.0824971e-05 3.9648305e-05 1.6191466e-03 1.5448035e-04
 1.3709690e-03 1.1691662e-03 2.9181570e-03 9.9258655e-01] [1.0211377e-04 9.1605543e-05 3.1430784e-05 3.0926045e-04 9.9505192e-01
 3.3383123e-03 1.3762615e-04 1.1619508e-04 8.2149770e-04] [2.3412718e-03 3.6705036e-03 9.8269099e-01 1.5813950e-04 1.3704192e-03
 5.0767278e-03 1.0191498e-03 1.3585036e-03 2.3142626e-03] [0.828094   0.07265188 0.0279289  0.00139916 0.00664656 0.01084598
 0.03394834 0.00603818 0.01244704] [6.1259037e-05 5.9030790e-05 6.4808097e-05 3.8154165e-05 9.9943191e-01
 1.8087382e-04 3.4175708e-05 3.7466936e-05 9.2295973e-05] [9.9889320e-01 1.3453630e-04 1.0206375e-04 1.1537889e-05 7.2100876e-05
 5.7526858e-04 7.0119298e-05 7.1473900e-05 6.9753594e-05] [7.4503641e-04 8.1372558e-04 6.1731972e-04 6.9785441e-05 4.3609290e-04
 3.4794395e-03 4.2410792e-04 9.9299264e-01 4.2189602e-04] [1.15062736e-04 1.17150121e-04 9.96508825e-05 4.43555648e-03
 3.64163134e-04 3.40132602e-03 1.34351512e-03 8.19356561e-01
 1.70767009e-01] [1.4843915e-04 9.9935061e-01 1.2779888e-04 6.1993087e-06 3.0413776e-05
 1.2370295e-04 1.2292420e-04 2.3150273e-05 6.6786466e-05] [2.71239260e-04 7.70319311e-04 2.96126585e-04 1.48351774e-05
 9.97894585e-01 1.14998664e-04 3.59950151e-04 6.40220896e-05
 2.13894324e-04] [9.5479236e-06 7.0470223e-06 4.1602838e-05 9.9931562e-01 5.5423945e-05
 1.1746248e-04 2.9765419e-04 3.8969891e-05 1.1665736e-04] [9.9888021e-01 4.1385079e-04 1.9865404e-04 9.9520548e-06 4.7276004e-05
 7.7145822e-05 2.4146943e-04 4.2948679e-05 8.8533852e-05] [3.4394415e-04 3.7565434e-04 9.9605930e-01 8.2339626e-04 2.0132119e-04
 1.6062739e-03 1.9578837e-04 1.9957073e-04 1.9476724e-04] [1.0639823e-05 1.9270419e-05 6.7657402e-06 2.3570163e-05 6.1762221e-05
 9.9388850e-01 1.0779137e-03 4.3426480e-05 4.8681404e-03] [1.4745152e-04 3.1511334e-04 9.9857807e-01 5.6188146e-04 3.8310431e-05
 5.6895300e-05 1.9567659e-04 3.4803787e-05 7.1744151e-05] [2.1759664e-04 1.0172367e-03 5.4382958e-02 2.8180860e-03 9.4099253e-01
 2.0557144e-04 1.4297363e-04 2.8959837e-05 1.9410026e-04] [1.32062391e-03 3.85126768e-04 2.08775094e-03 9.95395839e-01
 1.05224615e-04 1.45565617e-04 2.65640701e-04 5.08163757e-05
 2.43366521e-04] [3.5512545e-05 3.1858053e-05 2.0173581e-04 9.9264479e-01 4.2971289e-05
 7.6066807e-04 4.7862839e-05 4.0409661e-05 6.1941715e-03] [4.3674656e-05 5.9913302e-05 2.6569081e-05 8.0877988e-05 2.4254061e-04
 7.3884064e-03 7.3206634e-04 9.8908269e-01 2.3433296e-03] [0.01910681 0.02309444 0.00759263 0.00543414 0.00544436 0.26864052
 0.03704247 0.00494602 0.6286986 ] [8.4085295e-05 1.5229190e-04 5.3468870e-05 3.2329551e-04 4.8809970e-04
 2.0443937e-03 2.5019760e-03 1.6255567e-02 9.7809678e-01] [9.6880150e-04 9.7161996e-01 2.1870030e-02 7.3466603e-05 4.5909642e-04
 3.6629771e-03 4.4647930e-04 4.5510466e-04 4.4415047e-04] [0.00094587 0.00294838 0.00073503 0.01631591 0.00286389 0.02799206
 0.26602244 0.00423556 0.67794085] [9.9889320e-01 1.3453630e-04 1.0206375e-04 1.1537889e-05 7.2100876e-05
 5.7526858e-04 7.0119298e-05 7.1473900e-05 6.9753594e-05] [9.98938501e-01 1.34542395e-04 1.02068378e-04 1.15384128e-05
 7.21041433e-05 4.84869146e-04 1.15139606e-04 7.14771450e-05
 6.97567593e-05] [1.1447570e-03 9.5271283e-01 2.1444453e-02 7.2036986e-05 4.5016271e-04
 3.5916979e-03 4.3779111e-04 1.9710803e-02 4.3550759e-04] [3.3347962e-06 3.3952967e-06 2.6441460e-06 9.9938238e-01 1.0554328e-05
 3.7113766e-04 3.8938317e-05 1.4055823e-05 1.7357430e-04] [7.3285977e-04 9.9642366e-01 8.0010272e-04 4.0083039e-05 1.9040950e-04
 3.1071392e-04 9.7254675e-04 1.7298089e-04 3.5658060e-04] [2.0096495e-05 2.3736526e-05 1.7404711e-05 4.5016466e-04 6.3603591e-05
 1.1006608e-03 9.9433523e-01 8.4704596e-05 3.9043645e-03] [1.7371820e-05 3.2873839e-05 1.4393203e-05 2.9750561e-04 5.2598371e-05
 9.7282035e-03 9.8891312e-01 7.7790595e-05 8.6618139e-04] [3.9371462e-05 3.5319859e-05 1.2118598e-05 1.0645280e-04 9.9831450e-01
 1.2871353e-03 5.3063777e-05 4.4800716e-05 1.0728310e-04] [0.00468662 0.00566803 0.00153851 0.0357064  0.00291183 0.8218434
 0.00806268 0.00414042 0.11544219] [1.2022097e-03 2.2224535e-03 9.0646429e-04 1.5695150e-03 9.9131340e-01
 1.2663176e-04 1.0904566e-03 2.9910696e-04 1.2697054e-03] [5.2612264e-05 5.4647400e-05 9.9847776e-01 1.0421014e-03 3.0795585e-05
 2.5177508e-04 2.9949273e-05 3.0527855e-05 2.9793049e-05] [6.9452735e-04 9.7207212e-01 2.5665689e-02 3.0753679e-05 1.4609154e-04
 2.3839480e-04 7.4618502e-04 1.3271933e-04 2.7358593e-04] [4.0690112e-03 2.5172627e-02 9.5875078e-01 3.0029900e-03 8.5590268e-04
 1.3966786e-03 4.3716547e-03 7.7755924e-04 1.6028520e-03] [0.00803719 0.005932   0.00511075 0.02183167 0.04665441 0.38591692
 0.2164936  0.03280381 0.27721965] [1.4110972e-06 3.0977824e-06 1.1691493e-06 2.3961778e-05 4.2725264e-06
 9.9939251e-01 1.4630893e-04 6.3188668e-06 4.2089412e-04] [8.1714825e-04 9.5623416e-01 4.1104186e-02 3.6183301e-05 1.7188427e-04
 2.8048409e-04 8.7792624e-04 1.5615132e-04 3.2188834e-04] [3.5004108e-05 3.2000615e-05 2.3775849e-05 6.3683015e-05 2.1596788e-05
 4.9462800e-05 1.4773027e-05 9.9970800e-01 5.1644918e-05] [9.8317808e-01 1.7041916e-03 1.0171284e-02 1.3593699e-05 6.4575179e-05
 1.0537503e-04 3.2982783e-04 4.3121581e-03 1.2093019e-04] [3.3758275e-04 3.6870642e-04 2.7971304e-04 3.5418660e-05 1.9759765e-04
 1.5765649e-03 9.9658704e-01 1.9587958e-04 4.2148956e-04] [1.7673614e-05 2.2841212e-05 1.1238438e-05 5.3038828e-05 1.0259209e-04
 2.1524054e-04 6.9922409e-03 9.9048293e-01 2.1021722e-03] [6.5828317e-05 4.8585862e-05 4.1859432e-05 2.5310012e-04 3.8212133e-04
 9.7163624e-01 1.7731829e-03 1.2726086e-02 1.3072993e-02] [1.7554325e-04 1.1891235e-03 9.9662751e-01 1.5837358e-03 4.5609133e-05
 2.5625966e-05 1.2227306e-04 4.1434425e-05 1.8912576e-04] [4.9027271e-04 9.9458534e-01 4.3162392e-03 7.3390788e-06 8.1325539e-05
 7.9225247e-05 1.7252447e-04 6.1903200e-05 2.0591152e-04] [1.8028737e-04 4.8609378e-04 4.0174337e-04 8.8196284e-06 1.8460395e-04
 5.5810865e-03 1.0341355e-03 1.5707227e-04 9.9196613e-01] [2.3301115e-04 3.2866748e-05 1.4390099e-05 2.9744144e-04 5.2587024e-05
 9.7261053e-03 9.8869985e-01 7.7773817e-05 8.6599455e-04] [1.8531898e-03 2.2399542e-03 7.3641725e-04 5.2706286e-04 5.2805373e-04
 9.8677015e-01 3.5927864e-03 4.7971960e-04 3.2726924e-03] [0.01446788 0.00172676 0.00998975 0.8207079  0.00110559 0.14706044
 0.0009997  0.00109598 0.00284598] [1.7441332e-04 2.1093649e-04 5.7255893e-05 1.3615566e-03 1.0836408e-04
 2.4609011e-02 9.7187728e-01 1.5408605e-04 1.4471369e-03] [0.09510531 0.27009887 0.10383161 0.00520169 0.02471    0.04032225
 0.12621017 0.02244822 0.31207192] [1.1247668e-02 6.9582842e-02 8.9378059e-01 4.9804640e-04 2.3659077e-03
 3.8607342e-03 1.2084250e-02 2.1493507e-03 4.4306447e-03] [6.28926093e-04 7.50632389e-05 3.15977111e-02 9.67241824e-01
 4.80606359e-05 1.99961432e-04 4.34576068e-05 4.76427085e-05
 1.17363066e-04] [1.1914537e-06 1.2130683e-06 8.5298952e-06 9.9983478e-01 3.7708435e-06
 6.9552458e-05 1.3911857e-05 5.0218514e-06 6.2014456e-05] [3.4407635e-06 4.7200674e-06 2.0931552e-06 6.2536101e-06 1.9107745e-05
 9.9792659e-01 1.7770276e-04 1.4920047e-05 1.8451591e-03] [1.3244593e-04 1.2762818e-04 1.4011910e-04 8.2491650e-05 9.9877185e-01
 3.9106052e-04 7.3890056e-05 8.1005892e-05 1.9954976e-04] [1.35878045e-05 1.30140479e-05 1.10372766e-05 5.17851731e-04
 4.30041728e-05 1.40050382e-04 2.10838043e-04 1.82574091e-03
 9.97224927e-01] [1.2129014e-04 3.5371242e-05 2.5476501e-03 9.9722242e-01 9.6641525e-06
 1.2167264e-05 2.4397279e-05 4.6671366e-06 2.2351551e-05] [2.6599232e-02 9.6835840e-01 1.4188441e-03 7.1080358e-05 3.3765857e-04
 5.5099779e-04 1.7246439e-03 3.0675175e-04 6.3233444e-04] [1.0282301e-04 3.7220516e-04 1.0528850e-04 2.4898397e-06 2.6715179e-05
 8.7308499e-06 7.1620445e-05 9.9924254e-01 6.7641275e-05] [9.93757725e-01 2.00317518e-04 1.51967572e-04 1.71793126e-05
 1.07354434e-04 8.56544764e-04 1.04404055e-04 4.70061600e-03
 1.03859449e-04] [0.03356516 0.00196816 0.00144314 0.04538164 0.00527381 0.16603781
 0.01945679 0.00702344 0.71985   ] [2.71261495e-04 7.70382467e-04 2.96150858e-04 1.48363933e-05
 9.97976363e-01 1.15008086e-04 3.59979662e-04 6.40273356e-05
 1.31985245e-04] [2.0148844e-05 2.0514371e-05 1.7450047e-05 4.5133726e-04 6.3769265e-05
 1.3937870e-03 9.9692529e-01 8.4925232e-05 1.0227540e-03] [8.1031481e-05 5.9806782e-05 7.6067896e-04 9.8765290e-01 4.7037264e-04
 5.9708110e-03 2.1827014e-03 3.5800869e-04 2.4637526e-03] [9.99109805e-01 1.93155487e-04 1.02523656e-04 8.32187743e-06
 7.21165125e-05 2.67156167e-04 5.36314001e-05 7.14894049e-05
 1.21785037e-04] [3.4670543e-04 9.9845314e-01 2.9849666e-04 1.4479568e-05 7.1036688e-05
 2.8892988e-04 3.1715521e-04 5.4071508e-05 1.5599148e-04] [2.2950184e-05 1.6938826e-05 1.6650785e-05 1.9826386e-04 1.3322159e-04
 5.1693839e-04 5.6901929e-04 9.9618357e-01 2.3423689e-03] [7.7292163e-05 7.4480726e-05 5.8144331e-05 4.8140133e-05 9.9929869e-01
 2.2821312e-04 4.3120363e-05 4.7272992e-05 1.2466908e-04] [2.0162004e-05 2.0527772e-05 1.7461445e-05 4.5163208e-04 6.3810920e-05
 7.4143737e-04 9.9757653e-01 8.4980711e-05 1.0234221e-03]",3 7 5 7 0 2 8 4 6 7 2 0 2 6 8 0 6 2 6 8 8 7 4 2 2 2 4 4 2 3 1 3 0 3 3 1 1 1 0 3 3 5 4 7 2 5 4 6 5 6 8 7 8 8 6 7 1 8 8 4 4 7 6 2 0 2 3 1 2 7 0 6 5 7 5 6 0 7 7 1 2 1 7 0 5 6 8 5 6 6 7 0 4 4 1 0 7 1 8 3 1 6 1 5 3 0 4 5 2 4 5 5 6 4 5 8 5 8 8 2 6 1 4 5 3 3 3 1 0 3 0 8 6 5 7 3 7 0 2 8 5 8 4 1 3 8 4 2 0 4 0 7 7 1 4 3 0 2 5 2 4 3 3 7 8 8 1 8 0 0 1 3 1 6 6 4 5 4 2 1 2 5 5 1 7 0 6 7 5 2 1 8 6 5 3 6 8 2 2 3 5 4 8 3 1 7 0 0 4 6 3 0 1 7 4 6
1468,3,xgboost,0.0,856,0,0.9444444444444444,0.99585262345679,"[1.0998199e-03 5.8788632e-04 6.4004370e-04 1.6612882e-03 3.1258161e-03
 3.6067655e-03 7.7916723e-04 6.9998030e-04 9.8779917e-01] [7.6837117e-05 1.7653687e-03 9.9708778e-01 5.8323238e-04 2.3199471e-05
 8.2941318e-05 2.0368966e-04 2.3215760e-05 1.5379174e-04] [1.27463145e-05 3.95236884e-06 2.17523302e-06 1.48195482e-04
 1.52206530e-05 2.92814337e-04 9.99181211e-01 2.77835406e-05
 3.15850484e-04] [1.4650110e-04 9.4719297e-05 4.6810796e-03 9.4173658e-01 6.9964427e-04
 2.2943379e-02 1.2891219e-03 8.7636086e-04 2.7532659e-02] [6.0227113e-03 1.5617723e-03 2.0383140e-03 9.8151684e-01 1.8722663e-03
 3.7472581e-03 2.0913309e-03 7.5678184e-04 3.9276996e-04] [4.4429771e-06 3.4106872e-06 3.0342310e-06 4.4922108e-05 4.8156347e-05
 9.9799120e-01 8.9395978e-04 2.9310624e-05 9.8162249e-04] [6.2281506e-05 2.5082318e-04 3.6860900e-05 2.5112799e-03 2.5792525e-04
 9.8005760e-01 6.2191212e-03 4.7081267e-04 1.0133284e-02] [2.6611428e-05 1.6532224e-05 1.6584714e-05 1.3556886e-05 9.9960464e-01
 1.0222999e-04 3.1209889e-05 2.0374931e-05 1.6833239e-04] [1.80755800e-04 2.18321919e-03 9.96798635e-01 1.61136468e-05
 1.34243310e-04 3.21722066e-04 2.22641305e-04 1.07149535e-04
 3.54460826e-05] [0.0021466  0.00133357 0.0013378  0.96110916 0.00733935 0.00899397
 0.00251754 0.00164354 0.01357848] [1.44025935e-05 3.59545920e-05 1.53068230e-02 9.82854366e-01
 7.54152716e-05 1.06321147e-03 3.39090533e-04 4.59018811e-05
 2.64781382e-04] [9.9926502e-01 2.9665945e-04 4.5492376e-05 1.9253932e-06 2.0306294e-05
 7.2597817e-05 2.1655997e-04 2.0320551e-05 6.1113205e-05] [6.5897148e-05 4.0938285e-05 3.8471055e-05 6.7718451e-05 2.2530554e-04
 4.6361139e-04 7.7284109e-05 9.9860400e-01 4.1683661e-04] [3.3099385e-04 3.8622698e-04 1.9214198e-02 9.4702816e-01 6.8027474e-04
 5.1244972e-03 3.7116373e-03 2.0839556e-03 2.1440022e-02] [7.5518299e-04 9.9581784e-01 1.7663465e-03 4.5763227e-05 2.5147319e-04
 9.6313609e-04 1.1546202e-04 2.0071938e-04 8.4122672e-05] [0.00145131 0.00182341 0.00100354 0.06836948 0.007022   0.2111697
 0.0311131  0.01281785 0.6652296 ] [3.8977691e-05 2.9921508e-05 2.6618933e-05 3.9409607e-04 9.8965132e-01
 5.0994260e-03 2.3028213e-03 2.5713848e-04 2.1996519e-03] [1.0750576e-04 1.4056780e-04 8.3014216e-05 2.7644821e-03 5.2015600e-04
 8.3252233e-01 6.2785349e-03 9.4948488e-04 1.5663391e-01] [2.3836123e-04 2.9947562e-04 1.6482010e-04 1.1228950e-02 1.1532878e-03
 3.4682348e-02 5.1099933e-03 2.1051930e-03 9.4501758e-01] [3.5614361e-05 2.4279427e-05 1.8416147e-05 6.6620926e-04 1.7008332e-04
 6.7636766e-04 2.8990689e-03 9.9398524e-01 1.5247633e-03] [2.2215410e-03 6.4490186e-03 1.5026906e-03 6.3599007e-05 9.7814637e-01
 2.3980271e-03 6.5288534e-03 6.7122240e-04 2.0186710e-03] [1.45057670e-03 1.69263536e-03 7.32182118e-04 6.08976930e-02
 2.98129627e-03 8.06711495e-01 1.62662119e-02 9.13291238e-03
 1.00134976e-01] [1.8144465e-05 2.2796596e-05 1.2546376e-05 8.5476646e-04 8.7790235e-05
 9.9268806e-01 2.1092126e-03 1.6025091e-04 4.0464508e-03] [3.3584347e-05 4.2195174e-05 2.3222636e-05 1.5821230e-03 1.6249447e-04
 9.8156422e-01 3.9040295e-03 2.9661512e-04 1.2391526e-02] [5.0505023e-06 5.5891069e-06 2.5492534e-06 1.8466546e-04 1.0380050e-05
 3.5976592e-04 9.9888021e-01 3.1798259e-05 5.2000384e-04] [9.9771106e-01 7.2704349e-04 1.6940894e-04 7.1699669e-06 7.5618489e-05
 2.7034653e-04 7.3604425e-04 7.5671647e-05 2.2757908e-04] [0.00301828 0.01215537 0.00178635 0.12170147 0.01249955 0.37589386
 0.05003632 0.02281648 0.4000923 ] [4.7456047e-05 7.9776597e-05 2.4150038e-05 1.2967180e-05 9.9832767e-01
 4.3338665e-04 8.0457871e-04 3.0203384e-05 2.3985021e-04] [2.0657406e-04 3.2640013e-04 9.9796140e-01 2.4048850e-05 1.9815548e-04
 6.3250848e-04 4.3707417e-04 1.5816241e-04 5.5625700e-05] [7.4461936e-06 3.8619364e-06 1.3703178e-04 9.9511421e-01 5.0359522e-05
 3.2127504e-03 9.8513628e-05 3.0651598e-05 1.3451143e-03] [5.4147513e-06 3.6914028e-06 3.0690396e-06 1.3977701e-04 9.9913090e-01
 3.3835875e-04 3.2933040e-05 3.2390722e-05 3.1353306e-04] [9.4307303e-01 7.0799200e-05 5.3701784e-05 4.4162061e-02 4.9596617e-04
 7.4388012e-03 1.1030262e-03 6.2123768e-04 2.9814104e-03] [2.5100872e-04 6.1142235e-04 9.9584395e-01 1.9052825e-03 7.5787109e-05
 2.7094947e-04 7.3768600e-04 7.5840479e-05 2.2808662e-04] [4.2266205e-05 3.5331381e-05 2.9589979e-05 3.4371133e-05 9.9923646e-01
 7.8562261e-05 2.6396297e-05 3.2360920e-05 4.8465841e-04] [6.3131185e-05 9.9751393e-05 9.4052643e-01 5.8832578e-02 6.0558388e-05
 1.9330138e-04 1.3357456e-04 4.8336136e-05 4.2298223e-05] [3.1458312e-06 3.9524070e-06 2.1752539e-06 1.4819691e-04 1.5220800e-05
 2.9281716e-04 9.9919087e-01 2.7783808e-05 3.1585354e-04] [4.8955699e-04 5.9130066e-03 9.8854440e-01 2.8289014e-03 3.6358312e-04
 8.7134837e-04 6.0299918e-04 2.9020262e-04 9.6001786e-05] [9.9977034e-01 3.2055788e-05 1.6265391e-05 2.8974812e-06 2.3874398e-05
 7.6206619e-05 5.2660129e-05 1.9055926e-05 6.7019596e-06] [1.72712578e-04 2.72896898e-04 1.12871945e-04 2.01067796e-05
 1.65673991e-04 5.28828183e-04 3.65429325e-04 9.98314977e-01
 4.65075755e-05] [4.7917085e-05 5.4691354e-05 1.6222690e-05 6.2134153e-05 9.7423152e-05
 2.2190458e-03 9.9700397e-01 1.4477786e-05 4.8415890e-04] [6.3886670e-05 7.4547475e-05 4.0285668e-05 9.9220443e-01 1.3130301e-04
 1.2202116e-03 7.1640045e-04 4.0223380e-04 5.1467274e-03] [4.2501037e-05 2.2958331e-05 2.1151192e-05 1.8277245e-04 1.4531313e-04
 2.5080242e-03 9.9696022e-01 3.2540742e-05 8.4536056e-05] [5.7723996e-04 9.8297095e-01 3.9045533e-04 1.6525406e-05 1.7428618e-04
 8.3488915e-03 5.5016992e-03 4.8003561e-04 1.5399863e-03] [8.3248742e-05 2.5106885e-04 6.7715574e-04 4.5988618e-05 9.9798703e-01
 1.9040112e-04 2.8829070e-05 1.0869768e-05 7.2534400e-04] [1.26462837e-04 6.84332626e-04 9.98450518e-01 3.62041760e-06
 3.81829486e-05 1.36509334e-04 4.07208892e-04 3.82098006e-05
 1.14914255e-04] [4.0854829e-06 3.1362538e-06 2.7900883e-06 4.1307587e-05 9.9933928e-01
 1.4743691e-04 2.0441966e-04 2.6952210e-05 2.3055854e-04] [3.1458312e-06 3.9524070e-06 2.1752539e-06 1.4819691e-04 1.5220800e-05
 2.9281716e-04 9.9919087e-01 2.7783808e-05 3.1585354e-04] [3.6025544e-05 4.1118619e-05 1.2196720e-05 3.7941852e-05 9.9937171e-01
 7.5753589e-05 5.0403898e-05 1.0884849e-05 3.6400545e-04] [0.08361284 0.24272373 0.05655722 0.072697   0.10718501 0.09025528
 0.24572857 0.025263   0.07597734] [1.5212224e-03 1.0370640e-03 7.8662176e-04 2.8456282e-02 7.2648944e-03
 3.0216467e-02 1.2383004e-01 9.0998616e-03 7.9778761e-01] [5.4379128e-04 9.9606508e-01 3.6783004e-04 1.5567828e-05 1.6418702e-04
 5.8699137e-04 1.5981398e-03 1.6430246e-04 4.9413228e-04] [3.7419630e-04 6.6577480e-04 3.2296922e-04 4.5999135e-05 8.1464683e-04
 6.9437915e-04 1.6686816e-02 9.7006357e-01 1.0331665e-02] [0.0010516  0.00132123 0.00072715 0.04953984 0.00508807 0.59298086
 0.02254425 0.00928768 0.31745932] [1.0992618e-02 1.3355319e-01 8.0598432e-01 2.5160372e-04 1.0446557e-02
 8.8559194e-03 1.9636054e-02 2.6848493e-03 7.5949593e-03] [9.9887210e-01 3.1218027e-05 1.5840302e-05 2.8217567e-06 2.3250452e-05
 7.4215000e-05 9.5546240e-04 1.8557908e-05 6.5268073e-06] [9.80259851e-04 9.60380852e-01 6.63065352e-04 2.80631994e-05
 2.95970211e-04 1.41779575e-02 9.34289955e-03 2.96178303e-04
 1.38347205e-02] [3.1060984e-03 9.8407817e-01 1.3900859e-03 5.8833197e-05 6.2048784e-04
 2.2183300e-03 6.0396171e-03 6.2092411e-04 1.8674013e-03] [5.7737954e-05 3.5869427e-05 3.5983281e-05 2.9413937e-05 1.9740890e-04
 2.4191380e-04 6.7715024e-05 9.9896872e-01 3.6522513e-04] [0.00706181 0.00381467 0.0035144  0.02825237 0.02414467 0.08150993
 0.02824796 0.00540684 0.8180474 ] [0.04452574 0.07035353 0.34897712 0.00518358 0.04271117 0.13633327
 0.09420867 0.03409093 0.22361597] [9.9936861e-01 3.2042906e-05 1.6258855e-05 2.8963168e-06 2.3864804e-05
 7.6175995e-05 5.2638967e-05 4.2078734e-04 6.6992666e-06] [1.2583973e-05 5.0678802e-05 7.4477421e-06 5.0740392e-04 5.2113726e-05
 1.1058559e-02 9.8702371e-01 9.5127572e-05 1.1923504e-03] [4.5280487e-04 9.9672347e-01 3.0628539e-04 1.2963047e-05 1.3671555e-04
 4.8877706e-04 1.3307413e-03 1.3681166e-04 4.1145494e-04] [6.3540858e-05 1.9964436e-04 2.4570790e-03 1.6399830e-05 9.9637258e-01
 1.1544385e-04 3.1190251e-05 5.5051578e-04 1.9366016e-04] [3.7419630e-04 6.6577480e-04 3.2296922e-04 4.5999135e-05 8.1464683e-04
 6.9437915e-04 1.6686816e-02 9.7006357e-01 1.0331665e-02] [3.5791488e-06 2.0624263e-06 8.7036547e-05 9.9926561e-01 2.9119943e-05
 2.8107481e-04 1.5872854e-04 1.7724013e-05 1.5503546e-04] [4.6992255e-03 9.6599579e-01 3.1786393e-03 1.3453090e-04 1.4188382e-03
 5.0725434e-03 1.3810481e-02 1.4198357e-03 4.2700921e-03] [4.1781695e-04 2.0013437e-04 5.1980846e-02 8.4079397e-01 2.8257498e-03
 7.3366284e-02 1.5402741e-02 1.7199066e-03 1.3292594e-02] [2.3836123e-04 2.9947562e-04 1.6482010e-04 1.1228950e-02 1.1532878e-03
 3.4682348e-02 5.1099933e-03 2.1051930e-03 9.4501758e-01] [3.38308309e-05 8.24071612e-05 9.99081969e-01 6.14700199e-04
 1.02145505e-05 3.65184351e-05 9.94249567e-05 1.02217327e-05
 3.07414011e-05] [0.00265189 0.00333182 0.00183371 0.12492778 0.01283091 0.3858588
 0.05685127 0.02342135 0.38829246] [4.8764225e-05 4.5063338e-05 4.0855823e-05 3.0374318e-01 7.9371661e-05
 8.4734178e-04 4.3305833e-04 2.4314727e-04 6.9451922e-01] [2.1989441e-03 9.8872828e-01 9.8410400e-04 4.1650659e-05 4.3927113e-04
 1.5704553e-03 4.2757113e-03 4.3958001e-04 1.3220172e-03] [2.61595618e-04 9.97061193e-01 1.80435926e-03 3.19050400e-06
 3.41324776e-05 3.19002051e-04 1.20830926e-04 3.41564773e-05
 3.61541111e-04] [9.8952466e-01 3.0163028e-03 6.0398784e-03 2.7311266e-05 2.2753107e-04
 5.4529158e-04 3.7735779e-04 1.8160921e-04 6.0078051e-05] [4.3389047e-04 5.2406508e-03 9.9136883e-01 9.8544685e-04 3.2224081e-04
 7.7226915e-04 5.3443317e-04 2.5720402e-04 8.5085529e-05] [1.1108811e-03 9.5571750e-01 3.9696220e-02 2.5426307e-05 2.7113222e-04
 8.9495268e-04 1.2450631e-03 2.7132282e-04 7.6752354e-04] [9.9928552e-01 3.2040243e-05 1.6257502e-05 2.8960760e-06 2.3862820e-05
 5.5123081e-05 5.2634590e-05 4.4163640e-04 9.0093163e-05] [3.8531007e-06 2.9578634e-06 2.6313880e-06 3.8957973e-05 4.1762811e-05
 3.2248066e-04 9.9935120e-01 2.5419167e-05 2.1070326e-04] [4.1960844e-05 2.6067997e-05 2.6150739e-05 2.1376469e-05 1.4346618e-04
 1.7581013e-04 9.9926764e-01 3.2127118e-05 2.6542615e-04] [3.5909572e-05 4.7610032e-05 9.9600250e-01 3.5791432e-03 1.4624937e-04
 7.5403143e-05 7.5978380e-05 2.7493990e-05 9.6696331e-06] [7.9461820e-03 5.7359405e-02 2.7103366e-03 1.2121802e-04 1.2825930e-03
 1.2983400e-02 7.1259108e-03 9.0057367e-01 9.8973159e-03] [1.5435059e-04 1.8306142e-04 3.4788076e-02 8.4843948e-02 8.7869447e-01
 3.2322831e-05 1.5693174e-04 4.6635872e-05 1.1002262e-03] [0.0061733  0.02034106 0.00328969 0.10008378 0.02185301 0.20332518
 0.03383306 0.12112006 0.48998082] [2.9441092e-06 3.6989609e-06 2.0357670e-06 1.3869385e-04 1.4244788e-05
 2.2908201e-04 6.3115847e-05 7.8951554e-05 9.9946719e-01] [3.3075670e-03 3.3722736e-04 8.6545527e-01 1.2037882e-01 3.6648985e-03
 2.4831181e-03 6.3662458e-04 4.1561128e-04 3.3208576e-03] [1.4817422e-05 1.6397607e-05 7.4791378e-06 5.4178125e-04 3.0453522e-05
 1.0555004e-03 1.5121298e-04 9.3291368e-05 9.9808902e-01] [0.00121287 0.00160806 0.7581566  0.22466598 0.00116344 0.00292568
 0.00256622 0.00092863 0.00677256] [3.7825177e-04 9.9835348e-01 2.8572127e-04 1.5846488e-05 1.1420565e-04
 7.2137416e-05 3.8498119e-04 1.1428595e-04 2.8109743e-04] [3.1366071e-06 3.9408178e-06 2.1688757e-06 1.4776237e-04 1.5176171e-05
 3.2203910e-03 9.9626106e-01 7.6247044e-05 2.7007470e-04] [1.0736810e-04 1.3489665e-04 7.4241958e-05 5.0579971e-03 5.1948999e-04
 1.5622415e-02 2.3017584e-03 9.4826915e-04 9.7523355e-01] [1.3034699e-04 1.7043356e-04 1.0065175e-04 3.3518362e-03 9.1970348e-01
 5.9678396e-03 1.4734605e-03 1.1512163e-03 6.7950755e-02] [0.00126839 0.00159359 0.00087705 0.0597524  0.00613697 0.06572419
 0.04181698 0.01120233 0.8116281 ] [1.1004374e-03 7.5020199e-04 5.6903437e-04 2.0584995e-02 5.2553532e-03
 7.8822955e-02 1.1687878e-02 6.5827505e-03 8.7464643e-01] [7.1220384e-05 2.3467149e-04 3.7952665e-05 1.1546498e-03 2.5211467e-04
 9.4574749e-01 1.9065554e-03 4.6020607e-04 5.0135162e-02] [0.01980552 0.04210818 0.4727562  0.35760477 0.01899838 0.04795116
 0.01621016 0.01516401 0.00940166] [9.9824524e-01 1.3339372e-03 4.0426825e-05 1.7110018e-06 1.8045181e-05
 6.4514032e-05 1.5843539e-04 1.8057870e-05 1.1962353e-04] [9.2595172e-01 6.0831625e-02 1.4335752e-03 6.0673814e-05 6.3989998e-04
 2.2877310e-03 6.2285652e-03 6.4034987e-04 1.9258235e-03] [9.8092087e-06 1.2324243e-05 6.7827918e-06 4.6210180e-04 4.7460904e-05
 1.4272730e-03 2.1029011e-04 9.9638772e-01 1.4362746e-03] [4.7431068e-04 1.1553549e-03 9.8438603e-01 1.0633062e-02 1.4320873e-04
 1.2397306e-03 1.3939450e-03 1.4330956e-04 4.3099688e-04] [9.9942136e-01 1.5916969e-04 4.5499495e-05 1.9256943e-06 2.0309470e-05
 7.2609175e-05 1.9768527e-04 2.0323730e-05 6.1122766e-05] [1.0141568e-04 4.9613707e-04 7.6606695e-05 4.2487109e-06 9.9909306e-01
 1.9341278e-05 1.0322005e-04 3.0642019e-05 7.5366959e-05] [0.05082032 0.08029938 0.03321235 0.00591638 0.04874923 0.05638776
 0.50948894 0.03891035 0.17621525] [1.5835965e-05 6.3775318e-05 9.3724111e-06 6.3852884e-04 6.5581124e-05
 5.0584145e-04 9.9683172e-01 1.1971075e-04 1.7496758e-03] [1.58649655e-05 7.86586224e-06 6.48711924e-04 9.95920897e-01
 1.07296706e-04 2.49310839e-03 4.01769503e-04 6.53067254e-05
 3.39126243e-04] [6.2113891e-06 4.7682229e-06 4.2419274e-06 9.5203519e-05 6.7323730e-05
 9.9693120e-01 1.2497773e-03 4.0976956e-05 1.6002443e-03] [9.9307805e-01 1.9040258e-03 5.4427603e-04 2.3035636e-05 2.4294647e-04
 8.6856779e-04 2.3647582e-03 2.4311754e-04 7.3116476e-04] [4.7914818e-05 1.0194441e-04 1.6221922e-05 6.2131214e-05 9.7418546e-05
 2.2189408e-03 9.9695683e-01 1.4477102e-05 4.8413599e-04] [5.57547719e-06 1.46425709e-05 2.75707816e-06 3.04615351e-05
 9.97799456e-01 1.23385398e-03 1.18915894e-04 2.69106804e-05
 7.67343969e-04] [2.4174286e-04 3.7171578e-04 6.7040841e-05 1.8644863e-04 3.7059269e-04
 8.0862566e-04 8.2403298e-05 1.9868316e-04 9.9767274e-01] [9.9942136e-01 1.5916969e-04 4.5499495e-05 1.9256943e-06 2.0309470e-05
 7.2609175e-05 1.9768527e-04 2.0323730e-05 6.1122766e-05] [6.9343449e-05 3.5810088e-05 3.5923753e-05 7.4233561e-05 1.9708232e-04
 1.4338495e-04 2.4546529e-04 9.9731606e-01 1.8826588e-03] [6.9343449e-05 3.5810088e-05 3.5923753e-05 7.4233561e-05 1.9708232e-04
 1.4338495e-04 2.4546529e-04 9.9731606e-01 1.8826588e-03] [6.3344346e-06 7.9585543e-06 4.3800837e-06 2.9840879e-04 3.0648553e-05
 9.2168176e-04 1.3579779e-04 9.9766731e-01 9.2749461e-04] [1.3128088e-03 3.8110137e-03 8.8800711e-04 3.7583501e-05 3.9637668e-04
 1.4171016e-03 3.8581938e-03 9.8708600e-01 1.1929232e-03] [1.1504673e-04 8.8316548e-05 7.8568570e-05 1.1632170e-03 1.2469646e-03
 1.5051496e-02 9.7232282e-01 7.5897150e-04 9.1746356e-03] [1.7354147e-04 1.9807587e-04 5.8753769e-05 2.2503150e-04 3.5283779e-04
 3.6491887e-04 2.4280477e-04 9.9663049e-01 1.7534799e-03] [1.9489858e-06 1.8380863e-06 1.2426527e-04 9.9948466e-01 7.0785068e-06
 2.1286902e-04 3.1363496e-05 1.2920994e-05 1.2299734e-04] [5.8039563e-04 9.8834467e-01 3.9258989e-04 1.6615748e-05 1.7523897e-04
 2.9402386e-04 4.1448576e-03 1.7536219e-04 5.8762846e-03] [1.3123611e-04 1.6488411e-04 9.0746005e-05 6.1823945e-03 6.3497270e-04
 9.7234434e-01 2.8134412e-03 1.1590691e-03 1.6478935e-02] [2.4725011e-04 1.5360294e-04 1.5409065e-04 1.2595873e-04 9.9623990e-01
 1.0359437e-03 2.8997497e-04 1.8930604e-04 1.5639972e-03] [3.8288113e-06 1.8563040e-05 6.7722481e-03 9.9260360e-01 5.0377175e-06
 7.3241165e-05 1.9245928e-05 1.5432568e-05 4.8876792e-04] [0.01452341 0.00933908 0.01016764 0.02362985 0.04965628 0.79417837
 0.01237774 0.01111979 0.07500786] [3.7638383e-04 9.9717063e-01 2.5459271e-04 1.0775235e-05 1.1364176e-04
 4.0628485e-04 1.2119523e-03 1.1372156e-04 3.4201264e-04] [7.1220384e-05 2.3467149e-04 3.7952665e-05 1.1546498e-03 2.5211467e-04
 9.4574749e-01 1.9065554e-03 4.6020607e-04 5.0135162e-02] [9.99565065e-01 1.19631804e-04 3.41973791e-05 1.44735020e-06
 1.52645807e-05 5.45729890e-05 1.48580075e-04 1.52752964e-05
 4.59398143e-05] [2.4045314e-06 3.2524863e-06 1.3092024e-06 8.9567591e-04 4.9564071e-05
 1.8798287e-03 2.9825369e-05 2.1236667e-05 9.9711692e-01] [1.5915722e-04 8.5272983e-04 6.7363711e-05 7.4426620e-04 1.0802649e-03
 9.7989148e-01 2.5256239e-03 6.5750891e-04 1.4021580e-02] [9.7450632e-01 3.4698481e-03 2.0940294e-02 6.5369213e-06 6.9706082e-05
 2.3008570e-04 5.1016477e-04 6.9755159e-05 1.9732481e-04] [7.6945208e-04 1.2157846e-03 9.8306793e-01 9.4284732e-03 7.3809450e-04
 2.3559844e-03 1.6280262e-03 5.8912783e-04 2.0719599e-04] [1.2478713e-05 1.5678181e-05 8.6286791e-06 5.8785890e-04 9.9588901e-01
 1.8156940e-03 2.6751874e-04 1.1021130e-04 1.2929937e-03] [2.1359627e-05 2.6836105e-05 1.4769567e-05 1.0062293e-03 1.0334649e-04
 9.9601233e-01 4.5790791e-04 1.8864704e-04 2.1685774e-03] [3.5656386e-04 2.2963583e-04 4.0697891e-04 9.6705806e-01 1.3485679e-03
 1.2298000e-02 1.3460919e-03 1.6891893e-03 1.5266893e-02] [9.9968767e-01 2.0140315e-04 4.0664768e-06 3.3240710e-06 2.2309192e-05
 2.7338721e-05 7.6524793e-06 4.9958112e-06 4.1274136e-05] [2.0546363e-04 5.9645053e-04 1.3897938e-04 5.8820833e-06 6.2035680e-05
 2.2178616e-04 6.0383423e-04 9.9797887e-01 1.8670069e-04] [1.9828150e-05 2.9067965e-05 1.1176537e-05 4.4436890e-04 4.0751824e-05
 6.0614282e-05 1.1835351e-04 9.9544168e-01 3.8341931e-03] [0.02907678 0.04594318 0.0190024  0.00338505 0.02789181 0.7830872
 0.06152137 0.02226251 0.00782971] [9.9658823e-01 3.1817153e-03 1.8931074e-05 3.3723400e-06 2.7787099e-05
 8.8695881e-05 6.1290426e-05 2.2178941e-05 7.8003222e-06] [7.2321949e-05 4.9304097e-05 9.6598400e-05 9.9063230e-01 3.4538741e-04
 5.1803296e-03 7.6814013e-04 4.3262559e-04 2.4229952e-03] [3.1366071e-06 3.9408178e-06 2.1688757e-06 1.4776237e-04 1.5176171e-05
 3.2203910e-03 9.9626106e-01 7.6247044e-05 2.7007470e-04] [3.3584347e-05 4.2195174e-05 2.3222636e-05 1.5821230e-03 1.6249447e-04
 9.8156422e-01 3.9040295e-03 2.9661512e-04 1.2391526e-02] [0.4474064  0.10852464 0.00077082 0.02788455 0.00711893 0.02830973
 0.12134207 0.00891703 0.24972586] [1.7077663e-03 4.9575591e-03 9.7874296e-01 5.1459782e-03 5.1562651e-04
 1.8434364e-03 5.0189304e-03 5.1598903e-04 1.5518139e-03] [9.3827030e-04 3.7786465e-03 5.5530906e-04 3.7832387e-02 3.8856375e-03
 6.2488124e-02 1.5554406e-02 2.1536099e-02 8.5343117e-01] [8.32903147e-01 5.30768670e-02 1.23674795e-02 5.23434079e-04
 5.52042853e-03 1.97362937e-02 5.37339337e-02 5.52430982e-03
 1.66141111e-02] [3.4793321e-04 1.0100326e-03 2.3534842e-04 9.9607514e-06 1.0505156e-04
 3.7557405e-04 1.0225361e-03 9.9657744e-01 3.1615997e-04] [9.9830699e-01 4.6570480e-04 1.3312428e-04 5.6342751e-06 5.9422164e-05
 2.1244246e-04 5.7839515e-04 5.9463997e-05 1.7883515e-04] [5.0580909e-04 6.3549553e-04 3.4975260e-04 8.3309287e-01 2.4473073e-03
 7.3596895e-02 1.0843541e-02 4.4672778e-03 7.4061066e-02] [5.2777970e-05 6.6309927e-05 3.6494450e-05 2.4863142e-03 2.5536111e-04
 9.7031444e-01 6.8488144e-03 4.6613213e-04 1.9473342e-02] [0.01090176 0.13244931 0.7993225  0.00757809 0.01129704 0.00878272
 0.01947375 0.00266266 0.00753218] [4.3633529e-05 5.7266159e-05 2.8515587e-05 5.0797094e-06 9.9962008e-01
 1.0794027e-04 9.2320923e-05 3.3407799e-05 1.1749518e-05] [0.00396236 0.00425903 0.00164826 0.01376925 0.00119636 0.09146252
 0.00813594 0.8400228  0.03554352] [9.99696374e-01 8.35189858e-05 2.38743378e-05 1.01044384e-06
 1.06567159e-05 3.80992387e-05 1.03728744e-04 1.06641983e-05
 3.20721265e-05] [1.4112972e-03 9.5911258e-01 9.5462688e-04 4.0403083e-05 4.2611349e-04
 2.0412255e-02 1.3451138e-02 4.2641314e-04 3.7651216e-03] [1.0832826e-04 9.9797636e-01 1.4858320e-03 2.4794622e-06 2.6439628e-05
 8.7271874e-05 2.1201515e-04 2.6458218e-05 7.4845542e-05] [3.1367595e-06 3.9410093e-06 2.1689812e-06 1.4776955e-04 1.5176907e-05
 3.2205475e-03 9.9630946e-01 2.7703687e-05 2.7008782e-04] [1.9704130e-05 2.3799211e-04 9.8546696e-01 1.4180143e-02 1.4633819e-05
 3.5070807e-05 2.4270055e-05 1.1680336e-05 9.6141594e-06] [5.7741639e-04 9.8327142e-01 3.9057469e-04 1.6530457e-05 1.7433945e-04
 8.3514443e-03 5.5033811e-03 1.7446204e-04 1.5404571e-03] [7.2279768e-03 2.0982442e-02 4.8891339e-03 2.0692479e-04 2.1823456e-03
 7.8021879e-03 2.1242198e-02 2.1838800e-03 9.3328291e-01] [3.2678590e-04 5.1634252e-04 2.1356263e-04 3.8043614e-05 3.1346828e-04
 1.0005847e-03 6.9142150e-04 9.9681181e-01 8.7996006e-05] [4.5274725e-04 9.9659663e-01 3.0624642e-04 1.2961397e-05 1.3669815e-04
 4.8871490e-04 1.4578410e-03 1.3679426e-04 4.1140258e-04] [3.1944078e-06 4.0134387e-06 1.7392688e-06 5.2282220e-04 6.5845692e-05
 4.1302913e-03 9.9485493e-01 2.8212833e-05 3.8892607e-04] [5.45809598e-05 7.23650737e-05 9.89423811e-01 1.01103093e-02
 5.23566123e-05 1.14609444e-04 1.15483665e-04 4.17896481e-05
 1.46974126e-05] [0.00909234 0.05691492 0.00378223 0.03159599 0.00274525 0.8282084
 0.03062388 0.00274718 0.03428977] [3.68876863e-05 6.23610220e-04 2.49514851e-05 1.05603226e-06
 1.11375075e-05 4.58592913e-05 9.98593628e-01 1.11453382e-05
 6.51700015e-04] [9.72975220e-04 1.45927155e-02 9.01599182e-04 5.24151183e-05
 6.91588968e-04 1.22451605e-02 7.72394612e-03 4.12382797e-04
 9.62407231e-01] [1.26863306e-04 6.24431483e-03 8.58126004e-05 3.63188246e-06
 3.83038641e-05 1.81181837e-04 9.78838384e-01 3.83307961e-05
 1.44431265e-02] [8.4597132e-06 6.8795352e-06 5.2896939e-06 5.5185887e-05 4.0401010e-05
 3.6842891e-04 2.6797102e-04 9.9864823e-01 5.9918949e-04] [6.1215670e-04 4.6851870e-04 1.0303867e-01 8.9349157e-01 5.2515388e-04
 8.0483977e-04 2.1800656e-04 5.9554110e-05 7.8156858e-04] [3.1458312e-06 3.9524070e-06 2.1752539e-06 1.4819691e-04 1.5220800e-05
 2.9281716e-04 9.9919087e-01 2.7783808e-05 3.1585354e-04] [1.7601895e-05 2.2114917e-05 9.5837577e-06 2.8808652e-03 3.6282415e-04
 3.3734008e-03 2.7672516e-04 1.5545897e-04 9.9290138e-01] [3.3915114e-06 4.4345284e-06 2.6188709e-06 8.7211774e-05 1.6409500e-05
 1.4637624e-03 9.9692303e-01 2.9953642e-05 1.4692077e-03] [1.1397155e-04 6.1063457e-04 4.8238711e-05 5.3296465e-04 7.7357102e-04
 9.7989398e-01 1.8085846e-03 4.7083828e-04 1.5747240e-02] [5.6791559e-06 1.4117614e-05 3.3958813e-06 1.8920844e-05 4.5035529e-05
 2.3430074e-03 9.9639565e-01 4.6261173e-04 7.1160676e-04] [2.6231992e-06 2.6585807e-05 9.9985909e-01 1.0050722e-04 1.9481918e-06
 3.9373776e-06 3.2310581e-06 1.5549962e-06 5.1440747e-07] [7.3056988e-04 2.2037455e-03 5.5185263e-04 2.1250142e-05 2.2058112e-04
 1.0636386e-04 1.4150053e-03 9.9455100e-01 1.9961948e-04] [0.00888959 0.00955516 0.00369789 0.03089141 0.00268403 0.16934717
 0.01825303 0.00268592 0.75399584] [4.6583231e-05 1.1629033e-04 5.7776012e-03 9.8673624e-01 2.4392041e-04
 4.7548730e-03 1.0967426e-03 1.4846351e-04 1.0792719e-03] [1.16128795e-04 2.80015229e-04 7.85515731e-05 3.32457194e-06
 9.98914719e-01 1.25354345e-04 3.41289124e-04 3.50874470e-05
 1.05523919e-04] [3.0497491e-04 9.5325074e-04 2.8260227e-04 1.6429292e-05 2.1677540e-04
 9.8197836e-01 5.8085844e-03 1.2925956e-04 1.0309797e-02] [2.6609345e-05 1.6530930e-05 1.6583415e-05 1.3555825e-05 9.9952638e-01
 1.0222199e-04 1.0948008e-04 2.0373336e-05 1.6831921e-04] [8.1065220e-05 9.7912794e-04 9.9810302e-01 4.6843474e-04 6.0205337e-05
 1.4428564e-04 9.9849894e-05 4.8054291e-05 1.5896816e-05] [1.0141154e-04 2.4452852e-04 6.8596630e-05 2.9032444e-06 9.9905223e-01
 1.0946792e-04 2.9803696e-04 3.0640767e-05 9.2150643e-05] [3.1141564e-04 2.3906073e-04 2.1267429e-04 3.1486666e-03 3.3753612e-03
 6.3543608e-03 1.1275928e-01 4.9185250e-03 8.6868072e-01] [3.6843377e-04 4.2052069e-04 1.2473592e-04 4.7774820e-04 9.9348432e-01
 7.7473349e-04 5.1548140e-04 1.1131951e-04 3.7226891e-03] [1.2298561e-04 1.8029628e-04 6.9323323e-05 2.7562322e-03 2.5276630e-04
 3.7596488e-04 7.3409645e-04 7.7432476e-04 9.9473405e-01] [3.68876863e-05 6.23610220e-04 2.49514851e-05 1.05603226e-06
 1.11375075e-05 4.58592913e-05 9.98593628e-01 1.11453382e-05
 6.51700015e-04] [8.3746813e-04 9.7573733e-01 5.6647859e-04 2.3975314e-05 2.5285708e-04
 1.2112695e-02 7.9819467e-03 2.5303487e-04 2.2342347e-03] [2.7665749e-04 3.8848869e-03 1.8713603e-04 7.9202382e-06 9.8666072e-01
 3.9511276e-04 1.3399803e-03 8.3589985e-05 7.1640238e-03] [1.1597212e-05 6.6827042e-06 4.9313679e-03 9.9275476e-01 1.8632053e-04
 1.1389111e-03 5.1431457e-04 5.7429606e-05 3.9861252e-04] [8.2692859e-06 5.3464601e-06 4.6869673e-06 1.2630294e-04 1.3041106e-04
 6.6155894e-04 9.9856526e-01 4.9466416e-05 4.4873572e-04] [0.03076733 0.18121041 0.5512903  0.15309708 0.00928959 0.01086978
 0.03131471 0.00929612 0.0228647 ] [0.09856948 0.28614208 0.06667416 0.00341846 0.02976112 0.10640012
 0.2896844  0.02978204 0.08956815] [2.1456890e-05 2.6958312e-05 1.4836837e-05 1.0108114e-03 1.0381700e-04
 3.1220489e-03 4.5999305e-04 1.8950609e-04 9.9505061e-01] [9.9942136e-01 1.5916969e-04 4.5499495e-05 1.9256943e-06 2.0309470e-05
 7.2609175e-05 1.9768527e-04 2.0323730e-05 6.1122766e-05] [1.5110212e-03 6.8290186e-01 3.0718634e-01 4.3257995e-05 4.5622297e-04
 1.6310605e-03 4.4407188e-03 4.5654373e-04 1.3730348e-03] [7.8895529e-05 1.3337807e-03 5.3366337e-05 2.2586462e-06 2.3820967e-05
 9.4454694e-01 8.2454918e-04 2.3837694e-05 5.3112637e-02] [9.9977034e-01 3.2055788e-05 1.6265391e-05 2.8974812e-06 2.3874398e-05
 7.6206619e-05 5.2660129e-05 1.9055926e-05 6.7019596e-06] [2.4671358e-04 2.0535520e-04 1.2278023e-04 1.0609730e-03 9.9407816e-01
 3.1432221e-03 6.2133616e-04 1.8889527e-04 3.3251639e-04] [1.39950658e-04 9.97409523e-01 1.91956514e-03 3.20324830e-06
 3.41576888e-05 1.12747635e-04 2.49993231e-04 3.41817067e-05
 9.66939915e-05] [2.0280555e-03 9.8186547e-01 1.3253842e-03 2.3610130e-04 1.9454058e-03
 6.2096980e-03 4.2910087e-03 1.5527710e-03 5.4610928e-04] [8.2302380e-05 2.9807992e-04 3.9273917e-05 2.0950683e-03 2.9134407e-04
 9.7227240e-01 8.5542630e-04 5.3181482e-04 2.3534296e-02] [3.3980739e-06 4.1269359e-06 2.6239381e-06 3.8393438e-05 1.6441252e-05
 4.9417577e-04 9.9885201e-01 3.0011601e-05 5.5877661e-04] [9.7913605e-01 1.8505979e-02 5.5057468e-04 3.2267882e-05 2.3331170e-04
 4.0475716e-04 4.4891494e-04 2.3347574e-04 4.5473708e-04] [4.1999738e-04 6.4580934e-04 1.1647501e-04 9.5623698e-05 6.4385805e-04
 1.6877983e-03 1.4316535e-04 9.9354434e-01 2.7029580e-03] [1.0048528e-04 9.9927777e-01 4.0483987e-04 1.8512536e-06 1.3111107e-05
 1.9329915e-05 2.2755275e-05 4.5586290e-05 1.1424565e-04] [8.58094209e-05 1.07810345e-04 5.93347468e-05 4.04239073e-03
 4.15180199e-04 5.00592357e-03 2.05355044e-03 7.57863279e-04
 9.87472117e-01] [4.7001359e-03 1.3644251e-02 9.5552421e-01 1.3455698e-04 1.4191130e-03
 5.0735259e-03 1.3813158e-02 1.4201107e-03 4.2709201e-03] [9.99696374e-01 8.35189858e-05 2.38743378e-05 1.01044384e-06
 1.06567159e-05 3.80992387e-05 1.03728744e-04 1.06641983e-05
 3.20721265e-05] [3.3584347e-05 4.2195174e-05 2.3222636e-05 1.5821230e-03 1.6249447e-04
 9.8156422e-01 3.9040295e-03 2.9661512e-04 1.2391526e-02] [1.52035616e-04 4.41351673e-04 1.02839585e-04 4.35252377e-06
 4.59041912e-05 1.88528895e-04 4.46815335e-04 9.96873438e-01
 1.74477510e-03] [9.7388664e-04 7.4761151e-04 6.6509395e-04 9.8467898e-03 1.0555725e-02
 7.8194425e-02 5.7537708e-02 1.5381647e-02 8.2609713e-01] [0.00107595 0.00135181 0.01231358 0.6333887  0.00520587 0.15655391
 0.02306618 0.00950271 0.1575413 ] [9.99696374e-01 8.35189858e-05 2.38743378e-05 1.01044384e-06
 1.06567159e-05 3.80992387e-05 1.03728744e-04 1.06641983e-05
 3.20721265e-05] [5.7741832e-05 9.1235772e-05 3.7735714e-05 6.7221636e-06 5.5388671e-05
 6.4067499e-05 5.7887891e-04 9.9903584e-01 7.2460134e-05] [3.1498462e-04 4.6176533e-04 1.7754725e-04 7.0591168e-03 9.4405770e-01
 9.6290157e-04 1.8801291e-03 1.9831599e-03 4.3102674e-02]",8 2 6 3 3 5 5 4 2 3 3 0 7 3 1 8 4 5 8 7 4 5 5 5 6 0 8 4 2 3 4 0 2 4 2 6 2 0 7 6 3 6 1 4 2 4 6 4 2 8 1 7 5 2 0 1 1 7 8 3 0 6 1 4 7 3 1 3 8 2 5 8 1 1 0 2 1 0 6 6 2 7 4 8 8 3 8 3 1 6 3 4 8 3 5 2 0 1 7 2 0 4 8 6 3 5 0 6 4 8 0 7 7 7 7 6 7 3 1 5 4 3 5 1 5 0 8 5 0 2 4 5 3 0 7 7 5 0 3 6 5 1 2 8 0 7 0 3 5 2 4 7 0 1 1 6 2 1 8 7 1 6 2 5 6 8 6 7 3 6 8 6 5 6 2 7 8 3 4 5 4 2 4 8 4 8 6 1 4 3 6 2 2 8 0 1 5 0 4 1 1 5 6 0 7 1 8 2 0 5 7 7 3 0 7 4
1468,4,xgboost,0.0,856,0,0.8935185185185185,0.9938030478395061,"[1.0357014e-02 7.7215147e-01 2.0952919e-01 2.2377924e-05 9.3256246e-04
 3.3433598e-03 2.3449897e-03 7.5514085e-04 5.6391495e-04] [6.1719044e-07 1.3959271e-06 1.8551931e-05 9.9993408e-01 1.2488069e-06
 2.4803574e-05 6.1470364e-06 1.6330783e-06 1.1518211e-05] [0.00102895 0.00086353 0.0005173  0.25727716 0.01195435 0.14302547
 0.02560254 0.464287   0.0954437 ] [3.9343108e-06 9.8588289e-06 2.9889325e-06 2.0962190e-04 8.8693369e-06
 9.9812609e-01 8.3829284e-05 1.1598528e-05 1.5431608e-03] [2.6526148e-03 1.5009518e-02 8.3055561e-03 5.1900519e-05 1.4524488e-03
 2.1115399e-03 7.7222409e-03 9.6252704e-01 1.6712761e-04] [5.9640071e-05 5.0052331e-05 2.0440717e-05 1.8446750e-04 9.9247301e-01
 3.3495820e-03 2.0397089e-03 2.9473691e-04 1.5283673e-03] [3.3771637e-05 3.7061083e-05 3.1456002e-05 6.9848017e-04 1.3375578e-04
 9.9764687e-01 4.2412867e-04 2.1974483e-04 7.7474763e-04] [2.1154773e-03 1.7753915e-03 7.2504691e-04 1.2102817e-02 2.4577675e-02
 8.3752102e-01 6.5694675e-02 1.0454531e-02 4.5033395e-02] [1.2620051e-03 3.9053343e-03 1.5785086e-03 9.4862300e-01 6.9101510e-04
 3.4037504e-02 4.2436458e-03 5.5954821e-04 5.0994605e-03] [8.2044317e-05 9.9429685e-01 3.5482815e-03 1.7442914e-03 6.5925400e-05
 1.6112885e-04 3.8212082e-05 5.7158897e-05 6.1229475e-06] [9.89676774e-01 2.10808613e-03 1.25735591e-03 6.32013334e-03
 1.15207666e-04 3.29454255e-04 7.35419599e-05 9.98878022e-05
 1.95469856e-05] [5.3196334e-05 2.1415655e-05 2.0392200e-03 9.9600559e-01 1.3201548e-04
 1.5762644e-03 1.4805089e-05 3.7498387e-05 1.2001488e-04] [5.0625292e-04 8.7662472e-04 1.7351039e-04 1.5658458e-03 5.8816606e-03
 8.9236442e-03 2.0974466e-01 2.5018638e-03 7.6982588e-01] [8.4284591e-05 1.3964357e-04 3.7979389e-05 3.2207635e-04 9.9808866e-01
 2.8470124e-04 1.4980741e-04 3.7370115e-05 8.5551076e-04] [0.00221857 0.00243467 0.00206645 0.08216507 0.00878688 0.07958496
 0.0240851  0.01443578 0.78422254] [8.1191421e-04 1.6652100e-04 5.7378176e-05 1.4507162e-04 9.9713802e-01
 5.4270733e-04 3.8487218e-05 1.0806667e-04 9.9189824e-04] [0.00673727 0.00565418 0.00230909 0.02083845 0.07827379 0.37838688
 0.23041661 0.03329508 0.2440887 ] [5.3769174e-05 5.9006430e-05 5.0082355e-05 8.3395006e-04 2.1295813e-04
 9.0764534e-01 1.0860632e-02 3.4986468e-04 7.9934381e-02] [2.5315108e-04 1.8972547e-04 1.3815543e-04 2.6632864e-03 5.8745884e-04
 1.8862983e-02 1.0182146e-03 9.9660745e-03 9.6632093e-01] [1.6603859e-04 9.9533749e-01 5.1988027e-04 4.4033013e-06 9.0914938e-05
 3.1031733e-03 4.3254707e-04 7.3618277e-05 2.7196831e-04] [9.9975306e-01 1.0401587e-04 3.8956248e-05 4.8750235e-07 1.0065467e-05
 2.6547114e-05 5.2033160e-05 8.1504859e-06 6.6562188e-06] [1.16257987e-03 8.33803713e-01 1.59613714e-01 4.05542878e-03
 1.02684375e-04 5.43260947e-04 2.37589251e-04 8.31484867e-05
 3.97890573e-04] [0.06359565 0.3598487  0.19912322 0.00168654 0.03482202 0.09184124
 0.197858   0.02819707 0.02302754] [9.9530572e-01 2.2221217e-03 6.0181087e-04 7.5311204e-06 1.5549501e-04
 4.1010985e-04 1.0684279e-03 1.2591180e-04 1.0282769e-04] [1.1270208e-04 9.4584000e-05 6.8497509e-05 9.7247612e-01 1.9000333e-03
 4.7080796e-03 2.1054046e-03 5.5696524e-04 1.7977610e-02] [2.52553087e-04 1.53290958e-03 9.47646913e-05 4.22913959e-04
 9.94691432e-01 7.84578267e-04 6.56652555e-04 1.11977024e-04
 1.45219977e-03] [1.1645035e-01 7.2470379e-01 7.1313493e-02 3.7885344e-04 1.2471073e-02
 3.7099026e-02 2.4851641e-02 1.0098429e-02 2.6333504e-03] [5.8071710e-05 9.9684817e-01 2.8041329e-03 1.1584777e-06 2.6734429e-05
 7.0510570e-05 1.5190437e-04 2.1648138e-05 1.7679278e-05] [7.0706142e-06 5.9339359e-06 2.9295745e-06 5.8291196e-05 1.1920276e-04
 9.6360528e-01 3.2044479e-04 3.4942426e-05 3.5845898e-02] [7.8358862e-05 4.4338481e-04 2.4534817e-04 2.0780592e-06 4.2905674e-05
 1.1316144e-04 2.4378921e-04 9.9880254e-01 2.8373201e-05] [9.3654264e-04 3.7970240e-03 8.0712813e-01 1.6693659e-02 1.6737352e-01
 1.0291835e-03 2.4163669e-03 3.4436033e-04 2.8122682e-04] [0.00372628 0.00483111 0.00347077 0.05034849 0.01475828 0.2038682
 0.03181434 0.25037006 0.4368125 ] [0.00462094 0.00507104 0.0043041  0.0955725  0.01830171 0.58355695
 0.05803319 0.03006751 0.20047209] [7.4398449e-06 7.3279803e-06 2.4411896e-04 9.9768138e-01 2.6447142e-05
 2.9570609e-04 3.9625040e-05 4.3449512e-05 1.6544450e-03] [4.2908410e-05 2.0944821e-05 1.0293384e-05 2.8378327e-04 1.2911294e-04
 9.2859427e-04 2.7769696e-05 9.9654937e-01 2.0071415e-03] [1.0744452e-05 9.0171734e-06 3.6824958e-06 3.3232729e-05 9.9864393e-01
 6.0344365e-04 3.6746360e-04 5.3098305e-05 2.7534284e-04] [5.80191272e-06 6.36703908e-06 5.40408928e-06 1.19997865e-04
 2.29790476e-05 3.77228163e-04 9.99283612e-01 3.77518372e-05
 1.40896431e-04] [0.00315914 0.00265127 0.0327625  0.52380985 0.03670293 0.16280442
 0.10804339 0.01561221 0.11445431] [5.6004457e-05 3.1289354e-05 1.4453811e-05 1.2234201e-04 9.9922192e-01
 3.0635466e-04 2.1376591e-05 4.7867117e-05 1.7840698e-04] [1.6331755e-03 9.8356056e-01 5.1136077e-03 4.3311444e-05 8.9425122e-04
 2.3585402e-03 5.0811181e-03 7.2411832e-04 5.9136166e-04] [5.0472352e-04 6.3668177e-03 9.9084723e-01 2.6004438e-04 4.0556290e-04
 9.9123979e-04 2.3507462e-04 3.5163271e-04 3.7667400e-05] [9.9805647e-01 2.9843583e-04 9.6034331e-05 1.2749787e-04 2.6036639e-04
 7.4455887e-04 1.4673598e-04 2.2574388e-04 4.4175686e-05] [0.06795743 0.38452932 0.2127803  0.00110287 0.03721033 0.0674421
 0.18462716 0.030131   0.01421949] [2.9813691e-05 1.8698094e-05 6.9355738e-05 9.9777836e-01 2.1755468e-05
 2.0027661e-03 1.3747342e-05 1.8862511e-05 4.6644840e-05] [9.99602258e-01 1.56225840e-04 5.85100352e-05 6.22482673e-07
 1.51177501e-05 8.71656521e-05 3.96062969e-05 1.22415595e-05
 2.82893943e-05] [0.00110214 0.00092496 0.00417933 0.31528544 0.01280475 0.05895513
 0.03769367 0.4973151  0.07173945] [4.1932336e-04 3.5191255e-04 3.0183178e-04 9.3889952e-01 4.8717079e-03
 2.3550551e-02 1.4340982e-02 2.0722635e-03 1.5191920e-02] [6.1807223e-04 9.1886427e-04 1.7277976e-04 9.4252182e-03 3.0809799e-03
 1.4643639e-01 1.6917319e-03 1.7028147e-03 8.3595318e-01] [0.01239099 0.07011301 0.7564322  0.02182556 0.07281256 0.01789437
 0.0385507  0.00549392 0.00448669] [6.4805085e-05 3.9334453e-04 2.9201754e-05 2.4763963e-04 9.9839956e-01
 3.9627761e-04 1.8442352e-04 2.8733315e-05 2.5605573e-04] [2.0726924e-04 2.1680279e-04 3.4975517e-05 2.3717291e-03 6.2367762e-04
 8.2866317e-01 1.5789548e-01 1.0323306e-03 8.9545948e-03] [1.8389343e-04 2.3197189e-03 9.9661654e-01 6.1989173e-05 1.4776477e-04
 4.2255674e-04 9.4324634e-05 1.2811560e-04 2.5070889e-05] [1.5182899e-05 1.0137776e-05 9.9401641e-01 5.1303809e-03 1.4871774e-04
 6.6142675e-04 4.7721696e-06 8.8755442e-06 4.0216064e-06] [6.89722074e-05 6.73343238e-05 9.92071450e-01 7.43197557e-03
 6.79919904e-05 1.78409449e-04 4.34021822e-05 5.89506781e-05
 1.15360235e-05] [1.5116731e-03 9.9660647e-01 6.2530796e-04 5.3045760e-06 1.3351794e-04
 6.4647070e-04 1.7189345e-04 1.0811583e-04 1.9120183e-04] [1.9506583e-04 1.1037580e-03 5.1593635e-04 1.1336286e-05 9.9525708e-01
 2.8170305e-04 6.0688669e-04 8.6488391e-05 1.9416772e-03] [1.1365016e-04 4.7602909e-04 2.3108394e-01 7.6781505e-01 4.6064659e-05
 1.2149298e-04 2.6173823e-04 3.7300739e-05 4.4791377e-05] [1.0737337e-05 9.0112026e-06 3.6800573e-06 3.3210723e-05 9.9798262e-01
 6.0304411e-04 1.0295033e-03 5.3063144e-05 2.7516051e-04] [9.99657154e-01 1.56234426e-04 5.85132511e-05 3.80953793e-07
 1.51185804e-05 5.42020607e-05 3.69638619e-05 1.22422325e-05
 9.14211614e-06] [0.00170968 0.00187621 0.00159245 0.04748249 0.00677137 0.11543537
 0.01014536 0.01112455 0.80386245] [9.9979335e-01 1.0402006e-04 3.8957816e-05 2.9834092e-07 1.0065873e-05
 1.5733329e-05 2.5889087e-05 8.1508142e-06 3.5051000e-06] [5.9821998e-04 1.3785879e-03 4.5447311e-04 3.0369006e-02 1.3485994e-03
 3.2856402e-01 7.2478494e-03 2.2393173e-02 6.0764611e-01] [2.8102582e-05 2.2626889e-05 9.9034566e-01 9.4813854e-03 2.2847891e-05
 5.9952348e-05 1.0651189e-05 1.9809670e-05 8.9759778e-06] [3.4103869e-03 1.5412163e-02 9.7832072e-01 2.4223021e-04 3.0707711e-04
 1.1009109e-03 7.7216479e-04 2.4865489e-04 1.8568769e-04] [2.7462692e-04 2.4993002e-04 2.1213088e-04 9.8972116e-03 9.0201368e-04
 2.2501074e-01 2.6423123e-03 1.4819005e-03 7.5932914e-01] [5.1568489e-04 5.8268558e-04 2.7703520e-04 2.4893528e-04 5.0835637e-04
 1.4537247e-03 3.2450564e-04 9.9600285e-01 8.6251530e-05] [9.9975306e-01 1.0401587e-04 3.8956248e-05 4.8750235e-07 1.0065467e-05
 2.6547114e-05 5.2033160e-05 8.1504859e-06 6.6562188e-06] [1.6501150e-04 9.8491645e-01 1.4226613e-02 2.7676583e-06 6.3869767e-05
 1.6845312e-04 3.6290678e-04 5.1718427e-05 4.2236599e-05] [1.1842904e-03 9.9390291e-04 4.0589712e-04 5.5239527e-03 1.3759120e-02
 3.2616189e-01 4.0503085e-02 5.3438145e-01 7.7086404e-02] [7.0432805e-05 8.3041820e-04 6.9190100e-05 1.6552760e-04 3.8565733e-05
 1.1054976e-03 9.9728537e-01 3.1228534e-05 4.0375497e-04] [2.27583359e-06 2.24161226e-06 4.99012640e-05 9.99666214e-01
 8.09012090e-06 1.85682249e-04 2.56531112e-05 1.32911055e-05
 4.66966558e-05] [7.3861724e-05 1.2237485e-04 2.7714899e-05 2.8224749e-04 1.6476605e-04
 2.0467488e-03 9.9649978e-01 3.2748820e-05 7.4971595e-04] [1.6246831e-06 1.2237932e-06 5.1164880e-05 9.9978513e-01 1.6941620e-05
 4.6002060e-05 4.9871516e-05 7.2064058e-06 4.0813949e-05] [1.2515075e-05 1.0503130e-05 4.2893453e-06 3.8709248e-05 1.4540041e-04
 3.6188177e-04 9.9911100e-01 6.1848536e-05 2.5380685e-04] [2.0705358e-04 1.7206476e-03 4.2285682e-03 5.8661877e-05 9.8857260e-01
 7.7838829e-04 2.3143666e-03 1.1962652e-04 2.0000848e-03] [7.45407888e-05 1.00247926e-04 4.00446115e-05 4.10409921e-05
 7.34814239e-05 5.16083033e-04 4.69063234e-05 9.98977780e-01
 1.29923472e-04] [3.6223235e-05 7.2314148e-04 9.9621946e-01 2.8448843e-03 1.6676049e-05
 4.0357369e-05 9.4752999e-05 1.3503413e-05 1.1027746e-05] [1.1769436e-04 1.2915822e-04 1.0962436e-04 2.4342097e-03 4.6614019e-04
 8.4807174e-03 7.1557786e-04 9.4875240e-01 3.8794439e-02] [2.50645709e-04 9.78951514e-01 1.95477977e-02 5.00015858e-06
 1.15389594e-04 3.04333953e-04 6.55641430e-04 9.34365162e-05
 7.63062781e-05] [0.26655608 0.2818535  0.15596437 0.00132099 0.02727454 0.07193516
 0.15497339 0.02208551 0.01803645] [2.0705358e-04 1.7206476e-03 4.2285682e-03 5.8661877e-05 9.8857260e-01
 7.7838829e-04 2.3143666e-03 1.1962652e-04 2.0000848e-03] [2.3532069e-04 8.9558453e-05 4.1370648e-05 4.7467276e-04 4.8234646e-04
 7.1778859e-04 9.9750310e-01 1.3700828e-04 3.1878721e-04] [2.52951322e-05 1.23664082e-04 9.99353945e-01 3.50689108e-04
 1.38504265e-05 3.35191362e-05 7.86978708e-05 1.12153703e-05
 9.15918463e-06] [5.8071710e-05 9.9684817e-01 2.8041329e-03 1.1584777e-06 2.6734429e-05
 7.0510570e-05 1.5190437e-04 2.1648138e-05 1.7679278e-05] [4.2580410e-05 5.3712918e-04 9.9892980e-01 3.0115421e-04 3.4214841e-05
 9.7842661e-05 2.1840791e-05 2.9665085e-05 5.8051432e-06] [2.44107490e-04 9.97681141e-01 6.25982299e-04 6.47366869e-06
 1.33661932e-04 3.52526084e-04 7.59463874e-04 1.08232416e-04
 8.83896428e-05] [3.3225755e-03 9.7516042e-01 1.7849464e-03 1.6038985e-03 3.2753570e-03
 9.3664024e-03 2.0908010e-03 2.8398128e-03 5.5572152e-04] [4.4650215e-04 3.7472206e-04 1.5303159e-04 1.3810357e-03 5.1874723e-03
 9.6285719e-01 1.5270502e-02 2.2065791e-03 1.2123022e-02] [5.80191272e-06 6.36703908e-06 5.40408928e-06 1.19997865e-04
 2.29790476e-05 3.77228163e-04 9.99283612e-01 3.77518372e-05
 1.40896431e-04] [2.1644530e-05 5.4238135e-05 1.6443550e-05 1.5378423e-03 4.8794471e-05
 9.0913370e-04 2.4018236e-04 6.3809050e-05 9.9710792e-01] [3.8753310e-04 4.3788363e-04 2.0818968e-04 1.0849735e-04 3.8202576e-04
 1.1249944e-03 2.1709727e-04 9.9705207e-01 8.1739461e-05] [0.0023063  0.00193554 0.00079045 0.41953525 0.02679463 0.09311571
 0.08739727 0.01139755 0.35672727] [0.06359565 0.3598487  0.19912322 0.00168654 0.03482202 0.09184124
 0.197858   0.02819707 0.02302754] [7.8302801e-05 4.4306761e-04 2.0710564e-04 4.5505813e-06 4.2874977e-05
 1.1308048e-04 2.4361479e-04 9.9808794e-01 7.7942276e-04] [8.3743420e-05 9.1900321e-05 7.8001336e-05 1.2988450e-03 3.3167424e-04
 1.8813523e-02 5.7487522e-04 5.4490101e-04 9.7818255e-01] [2.0477319e-05 1.7185350e-05 7.0182791e-06 6.3336549e-05 2.3790596e-04
 1.1500723e-03 7.0033001e-04 9.9737465e-01 4.2902026e-04] [6.2995078e-04 3.0797343e-03 9.7824258e-01 1.4400745e-02 3.4493164e-04
 8.3476212e-04 1.9598948e-03 2.7930777e-04 2.2810072e-04] [9.6571177e-01 3.6274714e-03 2.9877733e-02 3.1318759e-06 7.2274954e-05
 1.9062120e-04 4.1066451e-04 5.8524460e-05 4.7794889e-05] [1.4416140e-06 1.5820325e-06 1.3427662e-06 2.9816136e-05 5.7096599e-06
 8.3755027e-04 9.9819142e-01 9.3802828e-06 9.2171924e-04] [1.0724649e-05 9.0005533e-06 3.6757083e-06 2.8200851e-05 9.9680328e-01
 2.4844892e-03 1.9158918e-04 5.3000436e-05 4.1598457e-04] [2.3289663e-03 5.0208859e-02 3.8602767e-03 6.1763596e-05 1.2752340e-03
 3.5755713e-03 2.0825280e-02 1.0326183e-03 9.1683143e-01] [6.9471985e-06 7.6238730e-06 6.4708461e-06 1.9294232e-04 2.7515065e-05
 1.1597043e-03 9.9687248e-01 4.5203935e-05 1.6810892e-03] [1.3567990e-04 5.6830159e-04 3.8098920e-02 9.6060365e-01 5.4993685e-05
 1.4504294e-04 3.1247307e-04 4.4531040e-05 3.6366913e-05] [9.8787737e-04 2.2825778e-02 9.5369577e-01 1.8265145e-02 4.5478821e-04
 9.0112112e-04 2.4179753e-03 3.6826395e-04 8.3249637e-05] [3.12810589e-04 1.01365666e-04 2.29568323e-05 1.98758673e-04
 9.97509480e-01 4.32552479e-04 8.21427675e-05 2.71265344e-05
 1.31276972e-03] [6.5047043e-06 6.4974752e-06 2.2293852e-06 3.0340247e-05 7.5571807e-05
 3.4794470e-04 2.2246280e-04 9.9898070e-01 3.2773530e-04] [0.00080879 0.00088757 0.00075334 0.02246235 0.0032033  0.46901765
 0.11902409 0.00526264 0.3785802 ] [6.3251573e-05 1.9573497e-04 7.9114696e-05 1.4865064e-04 3.4633627e-05
 1.7059564e-03 9.9748898e-01 2.8044491e-05 2.5558443e-04] [5.9800135e-05 9.9077479e-05 2.2438615e-05 2.2851399e-04 1.3339835e-04
 9.9836093e-01 8.5874606e-05 2.6514193e-05 9.8347489e-04] [2.27583359e-06 2.24161226e-06 4.99012640e-05 9.99666214e-01
 8.09012090e-06 1.85682249e-04 2.56531112e-05 1.32911055e-05
 4.66966558e-05] [2.8444651e-06 3.1001553e-05 9.9968576e-01 2.6807270e-04 2.2856268e-06
 5.9974327e-06 1.4590145e-06 1.9816930e-06 5.7021191e-07] [7.2581071e-04 4.1069188e-03 9.9085969e-01 1.9248335e-05 3.9742026e-04
 1.0481749e-03 2.2581343e-03 3.2181034e-04 2.6281105e-04] [9.3249825e-04 4.5588436e-03 9.6906710e-01 2.0043006e-02 5.1059254e-04
 1.2356747e-03 2.9011769e-03 4.1345137e-04 3.3765103e-04] [9.9046773e-01 9.4422121e-03 3.1084517e-05 2.6328078e-07 5.4359625e-06
 1.4337050e-05 3.0887008e-05 4.4017570e-06 3.5947612e-06] [4.4693152e-05 8.9223048e-04 9.9820065e-01 6.4486422e-04 2.0575335e-05
 4.9793951e-05 1.1690866e-04 1.6660842e-05 1.3606315e-05] [2.4722039e-04 3.3248018e-04 1.3281114e-04 1.1933998e-04 2.4370699e-04
 6.9691869e-04 1.5556856e-04 9.9803060e-01 4.1349129e-05] [9.9959391e-01 1.7105234e-04 6.4062886e-05 8.0168928e-07 1.6552491e-05
 4.3656277e-05 8.5567655e-05 1.3403337e-05 1.0946039e-05] [1.4061274e-03 1.1800771e-03 4.8192823e-04 2.2460269e-02 1.6336424e-02
 7.3366076e-01 3.4987602e-02 6.9489758e-03 1.8253785e-01] [3.5792196e-05 3.9278446e-05 1.1848605e-04 9.8780966e-01 1.4175838e-04
 6.4680800e-03 2.4570321e-04 2.3289218e-04 4.9083456e-03] [1.7746893e-04 1.0041881e-03 9.9776518e-01 4.6438431e-06 9.7173761e-05
 2.5629066e-04 5.5213942e-04 7.8686280e-05 6.4260283e-05] [5.7570878e-06 6.3178422e-06 5.3623385e-06 9.6231146e-05 2.2801514e-05
 5.8561761e-04 3.9520764e-05 5.2339286e-02 9.4689918e-01] [8.9507573e-04 1.0625764e-03 6.5688640e-05 5.6872767e-04 9.9338830e-01
 2.2301667e-03 3.4864957e-04 7.7619821e-05 1.3631748e-03] [2.0917316e-05 2.2954719e-05 1.9483070e-05 4.3262175e-04 8.2845101e-05
 9.7595292e-01 9.5909694e-03 1.3610451e-04 1.3741232e-02] [0.02785173 0.08618854 0.03483681 0.06545573 0.01525032 0.66066444
 0.04638316 0.01234892 0.05102034] [5.2511656e-05 9.9710470e-01 2.5356538e-03 1.0475608e-06 2.4174755e-05
 6.3759639e-05 1.8257629e-04 1.9575466e-05 1.5986585e-05] [3.5859295e-05 5.9412101e-05 1.3455368e-05 1.3702908e-04 7.9992642e-05
 1.2112754e-04 6.3736297e-05 1.5899315e-05 9.9947351e-01] [4.36740025e-04 9.87735927e-01 1.36746909e-03 1.15822395e-05
 2.39138433e-04 8.16244446e-03 1.13775104e-03 1.93641943e-04
 7.15372909e-04] [9.5117684e-06 5.9654394e-06 1.0498103e-03 9.9837238e-01 6.9408775e-06
 5.3018547e-04 4.3859559e-06 6.0179063e-06 1.4881583e-05] [0.00455158 0.10516834 0.8662209  0.00144873 0.00209541 0.00552653
 0.01190606 0.00169675 0.00138568] [4.3767217e-05 4.8030255e-05 4.0766208e-05 9.0521324e-04 1.7334423e-04
 9.9695045e-01 5.4966036e-04 2.8478389e-04 1.0040540e-03] [0.00462094 0.00507104 0.0043041  0.0955725  0.01830171 0.58355695
 0.05803319 0.03006751 0.20047209] [3.04349291e-04 1.70038271e-04 7.85475204e-05 6.64852501e-04
 9.15797835e-04 9.96520638e-01 1.16168434e-04 2.60128145e-04
 9.69531597e-04] [2.2265967e-05 2.4434728e-05 2.0739244e-05 4.6051512e-04 8.8186556e-05
 8.2603504e-04 9.9177492e-01 1.4487989e-04 6.6380491e-03] [4.2978089e-04 2.4318672e-03 1.3456796e-03 8.4090061e-06 9.9397331e-01
 3.4211506e-04 1.2511699e-03 1.9055649e-04 2.7078282e-05] [9.9933940e-01 2.5384457e-04 1.4046556e-04 1.1897205e-06 2.4564151e-05
 6.4786713e-05 1.3957304e-04 1.9890798e-05 1.6244092e-05] [0.00187157 0.00205387 0.00174324 0.42766374 0.00741255 0.236352
 0.02350458 0.01217793 0.28722048] [1.5391650e-04 1.1593766e-04 8.1113794e-05 9.8391277e-01 1.6049867e-03
 6.0865181e-03 4.7246413e-03 6.8270828e-04 2.6373756e-03] [1.3228081e-03 9.8940629e-01 3.4159326e-03 2.7916161e-05 5.9736724e-04
 1.5755246e-03 2.2557534e-03 4.8371704e-04 9.1468904e-04] [1.9813774e-03 9.8413205e-01 5.1165791e-03 4.1814401e-05 8.9477084e-04
 2.3599109e-03 3.3787980e-03 7.2453910e-04 1.3700736e-03] [4.6245780e-04 5.0750282e-04 4.3074822e-04 9.0948611e-01 1.8316098e-03
 5.8401592e-02 5.8078850e-03 3.0091167e-03 2.0062979e-02] [8.0046448e-05 1.8495435e-03 9.9780494e-01 1.5968538e-06 3.6850925e-05
 7.2238807e-05 1.1162922e-04 2.9839946e-05 1.3370396e-05] [2.50645709e-04 9.78951514e-01 1.95477977e-02 5.00015858e-06
 1.15389594e-04 3.04333953e-04 6.55641430e-04 9.34365162e-05
 7.63062781e-05] [9.9956042e-01 4.1060190e-04 2.4016285e-06 2.1580290e-06 4.4069620e-06
 1.2602404e-05 2.8131515e-06 3.8209414e-06 7.4771771e-07] [3.6270172e-05 3.0439347e-05 1.8234865e-05 9.0689585e-03 4.2138787e-04
 8.7245135e-04 9.0248347e-04 1.6366007e-02 9.7228378e-01] [0.00228451 0.00191725 0.00078298 0.00663685 0.02654157 0.66059923
 0.07813109 0.0112899  0.2118166 ] [1.3561531e-04 7.5767537e-05 3.5000074e-05 2.9625234e-04 4.0807136e-04
 4.3502630e-04 8.8662622e-05 1.1591079e-04 9.9840969e-01] [2.99792970e-04 4.96700406e-04 1.12490365e-04 1.14559871e-03
 6.68759225e-04 1.01265765e-03 5.32851962e-04 9.92688179e-01
 3.04297917e-03] [1.0905523e-03 9.8902249e-01 3.4146076e-03 2.8921169e-05 5.9713551e-04
 1.5749135e-03 3.3929113e-03 4.8352941e-04 3.9488127e-04] [9.6221355e-04 8.0752728e-04 3.2978374e-04 1.5369577e-02 1.1179024e-02
 8.4904450e-01 2.3942040e-02 4.7551873e-03 9.3610108e-02] [4.83861986e-05 1.78217495e-04 6.05211790e-05 1.13714785e-04
 2.64940390e-05 1.30502344e-03 1.62704629e-04 9.97909367e-01
 1.95517219e-04] [1.0905523e-03 9.8902249e-01 3.4146076e-03 2.8921169e-05 5.9713551e-04
 1.5749135e-03 3.3929113e-03 4.8352941e-04 3.9488127e-04] [4.2208719e-01 5.7615596e-01 5.5546965e-04 3.9997494e-06 9.7138683e-05
 5.6008098e-04 2.7971980e-04 7.8657948e-05 1.8177289e-04] [9.9955791e-01 1.7104618e-04 5.1075160e-05 4.9885723e-05 1.6551896e-05
 4.3654705e-05 8.5564578e-05 1.3402854e-05 1.0945645e-05] [4.1552819e-04 9.6011432e-03 9.8532307e-01 8.2894167e-06 2.7790959e-03
 5.0453393e-04 1.0869415e-03 1.5490192e-04 1.2650277e-04] [2.0083564e-04 5.0326576e-04 3.6967554e-04 9.8216105e-01 4.5275455e-04
 8.4356815e-03 2.2286074e-03 5.9207261e-04 5.0561149e-03] [9.9958378e-01 3.8877621e-04 2.2739691e-06 2.0433183e-06 4.1727080e-06
 1.1932519e-05 2.6636171e-06 3.6178376e-06 7.0797250e-07] [3.9763100e-04 1.4389900e-03 2.4387966e-01 7.5257963e-01 1.6116761e-04
 3.9003851e-04 9.1575121e-04 1.3050520e-04 1.0657893e-04] [5.8042947e-06 6.3696530e-06 5.4063080e-06 8.9394562e-05 2.2988483e-05
 1.1324924e-04 9.9969387e-01 3.7767339e-05 2.5167976e-05] [2.4500594e-03 9.9282736e-01 1.2288360e-03 1.0803881e-05 2.6238538e-04
 1.5128576e-03 1.0042746e-03 2.1246610e-04 4.9099390e-04] [1.55716087e-04 1.06470245e-04 4.00228273e-05 3.12284421e-04
 9.95097697e-01 2.23899004e-03 4.52296808e-04 1.10371133e-04
 1.48615020e-03] [4.4936086e-03 1.0449899e-05 4.2676065e-06 1.9889185e-04 1.4466351e-04
 1.3441470e-04 9.9404740e-01 6.1535080e-05 9.0481545e-04] [4.86104473e-05 2.71583685e-05 1.50659525e-05 1.06189764e-04
 9.99322176e-01 2.65908078e-04 1.85543395e-05 4.15474424e-05
 1.54852736e-04] [8.3586091e-01 1.6318916e-01 2.3585274e-04 1.5591324e-04 5.1731415e-05
 1.3643887e-04 2.9393696e-04 4.1889427e-05 3.4209603e-05] [5.3287554e-04 3.0152150e-03 1.6684773e-03 1.0426128e-05 2.9177777e-04
 4.2418044e-04 1.5512968e-03 9.9247217e-01 3.3573728e-05] [5.7927123e-06 6.3569423e-06 5.3955200e-06 1.1980758e-04 2.2942608e-05
 1.9736663e-03 9.9769896e-01 3.7691974e-05 1.2933624e-04] [6.12490621e-05 1.01478065e-04 2.29822890e-05 2.34050734e-04
 9.98615623e-01 2.06890516e-04 1.08864049e-04 2.71566150e-05
 6.21694082e-04] [3.9272953e-05 6.3487540e-05 1.0978605e-05 7.7557267e-04 1.9576866e-04
 2.0507649e-03 9.9648738e-01 1.0819861e-04 2.6864390e-04] [2.0477319e-05 1.7185350e-05 7.0182791e-06 6.3336549e-05 2.3790596e-04
 1.1500723e-03 7.0033001e-04 9.9737465e-01 4.2902026e-04] [3.23268614e-04 1.58041145e-03 9.91583645e-01 4.64119157e-03
 1.77006732e-04 4.28370578e-04 1.00574887e-03 1.43331024e-04
 1.17053234e-04] [1.21064193e-04 1.32856279e-04 1.12763126e-04 2.50390614e-03
 4.79486742e-04 1.52886184e-02 1.52041251e-03 9.75917161e-01
 3.92376538e-03] [7.3861724e-05 1.2237485e-04 2.7714899e-05 2.8224749e-04 1.6476605e-04
 2.0467488e-03 9.9649978e-01 3.2748820e-05 7.4971595e-04] [1.10935449e-04 2.00597005e-05 9.97852325e-01 1.85726909e-03
 2.02556275e-05 1.06226486e-04 6.25463599e-06 1.75621153e-05
 9.09744722e-06] [1.8007452e-04 4.0773652e-04 1.6772728e-04 3.7243860e-03 7.1320299e-04
 5.5217589e-03 9.4455540e-01 1.1717076e-03 4.3557946e-02] [4.2956785e-04 2.4306616e-03 1.3450126e-03 1.1392042e-05 9.9348056e-01
 6.2035769e-04 1.3364668e-03 1.9046203e-04 1.5554356e-04] [2.2960551e-06 1.9269394e-06 7.8693688e-07 7.1017284e-06 2.6675623e-05
 9.9934667e-01 1.9959206e-04 1.1346928e-05 4.0354193e-04] [0.06359565 0.3598487  0.19912322 0.00168654 0.03482202 0.09184124
 0.197858   0.02819707 0.02302754] [7.3730457e-06 6.1877490e-06 2.5269956e-06 3.4390498e-05 8.5660213e-05
 3.9439375e-04 2.5216030e-04 9.9893981e-01 2.7752796e-04] [2.0791318e-05 2.2816466e-05 1.9365709e-05 4.3001579e-04 8.2346065e-05
 9.8426199e-01 3.3906407e-03 1.3528479e-04 1.1636703e-02] [4.4674176e-05 4.9025552e-05 4.1610980e-05 6.8804715e-04 1.7693648e-04
 9.9800426e-01 5.2498293e-04 2.9068530e-04 1.7977186e-04] [1.0191983e-04 1.6886184e-04 3.8243052e-05 3.8946583e-04 2.2735632e-04
 3.4427040e-04 1.8115228e-04 9.9751425e-01 1.0345132e-03] [3.04033438e-05 3.33647404e-05 2.83186655e-05 6.28816255e-04
 1.20415454e-04 3.07108019e-03 3.81827384e-04 1.97828253e-04
 9.95507956e-01] [1.34679913e-05 1.13028655e-05 5.58020656e-06 1.03414008e-04
 2.27055512e-04 3.19524261e-04 9.96937752e-01 6.65578409e-05
 2.31539668e-03] [5.80191272e-06 6.36703908e-06 5.40408928e-06 1.19997865e-04
 2.29790476e-05 3.77228163e-04 9.99283612e-01 3.77518372e-05
 1.40896431e-04] [9.99736726e-01 1.04014165e-04 3.89556117e-05 4.87494390e-07
 1.00653033e-05 2.23387742e-05 7.25680438e-05 8.15035310e-06
 6.65611014e-06] [3.3632106e-01 6.6021371e-01 1.1967832e-03 1.0136559e-05 2.0928947e-04
 5.5199018e-04 1.1891787e-03 1.6947192e-04 1.3840156e-04] [1.2039658e-05 5.8860078e-05 9.9626416e-01 3.5951927e-03 6.5923518e-06
 1.5954018e-05 3.7457619e-05 5.3381505e-06 4.3594732e-06] [4.7217658e-05 5.1816780e-05 4.3980064e-05 1.3113610e-03 1.8701021e-04
 2.6654429e-03 2.8019209e-04 3.0723523e-04 9.9510574e-01] [3.0687843e-05 2.3115628e-05 2.3723069e-05 9.9598122e-01 3.2000165e-04
 2.1767686e-03 8.5534604e-04 1.3611812e-04 4.5296873e-04] [9.1434020e-05 4.4631477e-05 2.1934247e-05 6.0471677e-04 2.7512800e-04
 1.9787503e-03 5.9174708e-05 9.9264717e-01 4.2770365e-03] [0.62396383 0.10579625 0.2305793  0.00286527 0.00673916 0.01927169
 0.00379802 0.00584301 0.00114342] [2.69915297e-04 7.78599933e-04 1.03616051e-03 1.06787365e-05
 1.06437423e-03 5.06436452e-04 5.20061608e-03 9.74578679e-01
 1.65545139e-02] [1.1670799e-04 2.6734298e-04 2.4995856e-02 9.6711159e-01 4.7304009e-05
 1.9333931e-03 2.9050239e-04 3.8304370e-05 5.1990366e-03] [6.6770854e-06 7.3274505e-06 4.2967725e-04 9.9833918e-01 2.6445230e-05
 7.7372196e-04 8.3855666e-05 4.3446365e-05 2.8967432e-04] [8.4257314e-05 5.1141257e-04 3.7967096e-05 1.8054282e-04 9.9776566e-01
 6.9166318e-04 2.3474755e-04 3.7358019e-05 4.5637711e-04] [5.3004076e-04 5.9890636e-04 2.8474719e-04 3.5163295e-04 5.2250799e-04
 1.4941943e-03 3.3353938e-04 9.9569219e-01 1.9224048e-04] [0.01278314 0.03955802 0.01598908 0.03004227 0.00699945 0.7943218
 0.04298487 0.00566779 0.05165361] [2.4719740e-04 3.3244927e-04 1.3279877e-04 1.6399260e-04 2.4368432e-04
 6.9685385e-04 1.5555408e-04 9.9793774e-01 8.9655936e-05] [0.00799911 0.00677725 0.00191844 0.02367723 0.00788543 0.9302704
 0.00498282 0.00683685 0.00965251] [9.9976617e-01 9.8485572e-05 3.6885067e-05 4.6158291e-07 9.5302994e-06
 2.5135687e-05 4.9266677e-05 7.7171499e-06 6.3023163e-06] [8.9867674e-05 7.4095347e-05 2.7852904e-05 1.2933121e-04 9.9773538e-01
 6.1681238e-04 3.0860287e-04 7.6810073e-05 9.4123092e-04] [2.7223560e-04 1.8589516e-04 1.7930772e-04 5.4186199e-05 6.2547583e-04
 4.3898422e-04 9.8137679e-03 4.1737597e-04 9.8801279e-01] [8.4648549e-05 9.2893613e-05 7.8844401e-05 2.3509180e-03 9.6340907e-01
 4.7784233e-03 5.0230941e-04 5.5079052e-04 2.8152084e-02] [2.0791318e-05 2.2816466e-05 1.9365709e-05 4.3001579e-04 8.2346065e-05
 9.8426199e-01 3.3906407e-03 1.3528479e-04 1.1636703e-02] [6.5453136e-01 1.7629402e-04 3.9926228e-05 4.0660758e-04 2.3736307e-04
 3.9958511e-03 3.4032926e-01 4.7178211e-05 2.3618550e-04] [6.8885071e-05 8.3822539e-05 2.1498521e-05 2.3699896e-03 1.5366446e-04
 6.3393009e-03 9.9065000e-01 3.0542273e-05 2.8234822e-04] [1.3560713e-04 7.6731702e-04 9.9816751e-01 1.2835635e-04 7.4252101e-05
 1.9583618e-04 4.2189899e-04 6.0125567e-05 4.9102364e-05] [1.4424287e-06 1.5829266e-06 1.3435250e-06 2.9832987e-05 5.7128868e-06
 1.9209921e-04 9.9875557e-01 9.3855842e-06 1.0030782e-03] [4.4641402e-04 5.0441467e-04 2.3982141e-04 1.2498211e-04 4.4006988e-04
 1.2959233e-03 2.5008261e-04 9.9660408e-01 9.4158808e-05] [3.5674993e-06 2.6872226e-06 1.7525761e-04 9.9946529e-01 3.7200614e-05
 1.0101188e-04 1.0950848e-04 1.5823913e-05 8.9619680e-05] [1.6021708e-05 7.8327714e-05 9.9965847e-01 1.5447952e-04 8.7727431e-06
 2.1230739e-05 4.9846560e-05 7.1037130e-06 5.8013497e-06] [9.9837446e-01 2.4960202e-04 8.0319929e-05 1.0663518e-04 2.1776200e-04
 6.2272488e-04 1.2272511e-04 1.8880486e-04 3.6947145e-05] [3.6376393e-03 9.8931670e-01 2.2276689e-03 1.6040689e-05 3.8956731e-04
 2.2461622e-03 1.1217943e-03 3.1545144e-04 7.2898599e-04] [1.4140547e-04 1.5977758e-04 7.5965494e-05 6.8260240e-05 9.9876201e-01
 3.9862448e-04 2.4946209e-04 1.2085953e-04 2.3650930e-05] [0.07569548 0.3551989  0.19655024 0.00166475 0.03437207 0.09065451
 0.19530137 0.02783272 0.02272999] [6.9591815e-06 7.6370234e-06 6.4820078e-06 1.0793564e-04 2.7562526e-05
 8.0492842e-04 9.9859196e-01 4.5281908e-05 4.0119115e-04] [9.9988306e-01 1.7947508e-05 5.7753637e-06 7.6675415e-06 1.5658066e-05
 4.4776680e-05 8.8244869e-06 1.3575918e-05 2.6566636e-06]",1 3 5 5 7 4 5 5 3 1 0 3 8 4 8 4 3 5 8 1 0 1 6 0 3 4 1 1 5 7 2 8 8 3 7 4 6 3 4 1 2 0 1 3 0 8 3 8 4 4 6 2 2 2 1 4 3 4 0 5 0 8 2 2 5 7 0 1 8 6 3 6 3 6 4 7 2 7 1 0 4 6 2 1 2 1 1 5 6 8 7 5 0 7 8 7 2 0 6 4 8 6 3 3 4 7 8 6 5 3 2 2 2 0 2 7 0 5 3 2 8 4 5 8 1 8 1 3 2 5 8 5 6 4 0 8 3 1 1 3 2 1 0 8 5 8 7 1 5 7 1 1 0 2 3 0 3 6 1 4 6 4 0 7 6 4 6 7 2 7 6 2 6 4 5 8 7 5 5 7 8 6 6 0 0 2 8 5 7 0 7 3 3 4 7 5 7 5 0 4 8 4 5 6 6 2 6 7 3 2 0 1 4 7 6 0
1468,0,xgboost,0.0,2000,1144,0.8425925925925926,0.9753809799382717,"[1.3653301e-04 3.4616838e-04 1.4991971e-04 3.3293609e-04 2.1536619e-04
 9.9508238e-01 1.8371771e-04 2.8761549e-04 3.2653406e-03] [0.136816   0.05732389 0.30469957 0.03757951 0.03403489 0.19738433
 0.0329198  0.05626079 0.14298125] [8.8057667e-04 1.4795808e-03 4.6152999e-03 9.7173172e-01 6.4044812e-04
 4.3303240e-03 2.6001961e-03 3.9554951e-03 9.7663840e-03] [0.05585415 0.06965633 0.50091314 0.15473877 0.04477945 0.07345802
 0.03518162 0.04940503 0.01601345] [2.2541352e-04 4.2351463e-04 1.6285085e-04 5.8160501e-04 2.6149000e-04
 4.4707814e-04 9.9471962e-01 2.3479188e-04 2.9435810e-03] [9.1367727e-04 5.4680547e-03 9.8349643e-01 2.0560916e-03 5.5388955e-04
 6.4121798e-04 4.2272653e-04 4.4649202e-04 6.0013835e-03] [0.00915848 0.01977342 0.01351869 0.00468763 0.00666556 0.01452115
 0.00492028 0.01282209 0.9139327 ] [9.8452799e-04 9.9329078e-01 4.2641629e-04 4.3462389e-04 5.0706713e-04
 4.2294018e-04 1.3200146e-03 1.3964728e-03 1.2170860e-03] [2.7407068e-04 1.1467723e-03 8.6470152e-04 6.4417330e-04 3.4519692e-04
 3.9054471e-04 2.3456295e-03 9.9372840e-01 2.6056112e-04] [8.61782246e-05 4.62701486e-04 1.38316798e-04 2.95995240e-04
 9.98425484e-01 8.03778239e-05 1.11197405e-04 1.22658472e-04
 2.77062791e-04] [2.0247386e-04 3.1149093e-04 3.1648856e-04 1.4341852e-03 9.9595535e-01
 1.1675319e-03 1.7917126e-04 1.8918593e-04 2.4409901e-04] [0.03187598 0.00718442 0.03682015 0.7919535  0.01398287 0.05431983
 0.01308261 0.0178396  0.03294103] [0.9434168  0.03828378 0.00243661 0.00251343 0.00231915 0.00556855
 0.0014922  0.00227923 0.00169031] [0.02148341 0.154106   0.11838976 0.01638172 0.03974237 0.14116472
 0.0480162  0.03238484 0.42833096] [9.9752277e-01 2.8980701e-04 5.3746230e-04 9.8583441e-05 1.9237181e-04
 3.0983565e-04 2.3538752e-04 3.3599901e-04 4.7776679e-04] [0.02685745 0.05333578 0.02088707 0.08083141 0.02554023 0.42153075
 0.0396607  0.04323631 0.28812027] [0.00249988 0.00555975 0.00202595 0.9582461  0.00483395 0.00515881
 0.00422419 0.00332116 0.0141302 ] [0.07547376 0.00517827 0.00942266 0.88853884 0.00232381 0.01044724
 0.00289579 0.00403653 0.00168313] [2.9545423e-04 1.2928937e-04 4.9843523e-04 7.4897381e-04 1.3959051e-04
 4.0495431e-04 1.9897718e-04 9.9697411e-01 6.1019114e-04] [0.00188286 0.00322677 0.00272893 0.00170109 0.00336638 0.00343662
 0.002956   0.974037   0.00666444] [1.1652897e-03 9.7154027e-01 1.6610960e-02 7.7435229e-04 1.3725047e-03
 2.7386229e-03 2.3709622e-03 2.4374037e-03 9.8964782e-04] [5.2385643e-04 9.9097037e-01 2.3972257e-03 4.0229448e-04 5.3104892e-04
 2.3502482e-03 5.4689404e-04 1.3160415e-03 9.6201000e-04] [1.4806309e-04 1.5021971e-04 9.1350303e-05 5.7921297e-04 1.5709476e-04
 1.9696837e-03 9.9451137e-01 4.2417430e-04 1.9687775e-03] [0.00245453 0.0135578  0.00253956 0.00357365 0.00259362 0.0058113
 0.01078583 0.00328402 0.9553997 ] [9.9775296e-01 3.6140296e-04 3.8898972e-04 2.9808769e-04 1.8053707e-04
 3.3974147e-04 1.2879733e-04 3.2441368e-04 2.2504831e-04] [2.1974514e-04 1.2457681e-04 1.4291196e-04 6.1766553e-04 9.9564183e-01
 2.6330189e-04 1.3366505e-04 3.1287561e-04 2.5434631e-03] [4.0175219e-04 1.0691688e-03 9.9229068e-01 1.7507446e-03 8.3766179e-04
 2.6448732e-03 2.4436071e-04 5.9028214e-04 1.7045790e-04] [9.1534799e-05 5.0186622e-04 2.6231149e-04 1.3036272e-04 9.9762779e-01
 1.5821723e-04 1.6002882e-04 3.8902787e-04 6.7886367e-04] [0.02086632 0.0290704  0.02095507 0.08388352 0.02775496 0.05518343
 0.03205823 0.04115838 0.6890697 ] [7.6167873e-04 9.8933768e-01 1.4374331e-03 1.5619550e-03 7.4196717e-04
 2.3855409e-03 8.3986623e-04 1.3034714e-03 1.6304172e-03] [5.4401078e-04 3.4182839e-04 3.1840694e-04 1.1080159e-03 4.9840624e-04
 2.4119092e-03 1.0773598e-03 9.9286157e-01 8.3853788e-04] [0.00583123 0.01009557 0.00506688 0.06317744 0.00941151 0.05639927
 0.02542794 0.01795859 0.80663157] [8.4097573e-04 3.3714599e-03 2.3856908e-03 2.9094957e-04 9.8927569e-01
 3.1846983e-04 1.0106338e-03 1.9839229e-03 5.2219164e-04] [0.09554873 0.04358926 0.19718099 0.06112314 0.05310279 0.05402219
 0.09315085 0.09883498 0.3034471 ] [9.9644983e-01 3.3815103e-04 9.3853433e-04 2.6339950e-04 2.9714525e-04
 3.0774204e-04 2.9451639e-04 8.2119624e-04 2.8942432e-04] [0.03158471 0.03421231 0.02676195 0.20269223 0.06191346 0.29603127
 0.1769442  0.07101963 0.09884025] [0.00323576 0.01386545 0.0035289  0.95469856 0.0053142  0.00579413
 0.00660382 0.00420376 0.00275539] [9.8762625e-01 2.9101067e-03 1.3653379e-03 5.1066175e-04 1.0945493e-03
 9.9652947e-04 1.4265998e-03 1.0775700e-03 2.9923925e-03] [0.08102113 0.33889815 0.21750331 0.06388631 0.05387985 0.07558625
 0.0508322  0.06125823 0.05713462] [4.2605933e-04 1.0597393e-03 1.2863916e-03 9.8462796e-01 6.4518413e-04
 4.8524812e-03 5.0772616e-04 2.4262231e-03 4.1682650e-03] [0.00253606 0.00430224 0.00188722 0.00235802 0.00323279 0.01726793
 0.00225245 0.00485541 0.9613079 ] [9.9065783e-04 5.8997126e-04 2.2781739e-04 1.3205893e-03 6.1051868e-04
 1.0623059e-03 8.9234189e-04 9.8976505e-01 4.5407489e-03] [0.00335711 0.00297542 0.96920913 0.00927461 0.0026286  0.00452185
 0.00217281 0.00330248 0.00255797] [4.5266128e-04 7.5891777e-04 1.9123055e-03 2.8458628e-04 9.9399042e-01
 7.1830110e-04 1.6428769e-04 9.7718986e-04 7.4133388e-04] [2.2948496e-03 9.6125722e-01 2.6370078e-02 9.4113674e-04 3.6508958e-03
 9.9980715e-04 1.6205598e-03 1.3520129e-03 1.5135005e-03] [1.6606807e-04 1.3979133e-04 2.0152003e-04 6.9105549e-04 1.8587039e-04
 1.4263457e-03 9.9404955e-01 2.3674722e-04 2.9030177e-03] [0.00411573 0.00654931 0.00273213 0.01505906 0.00671414 0.03676722
 0.00747448 0.7525322  0.16805574] [9.9684465e-01 6.3285721e-04 6.9681584e-04 1.0700161e-04 3.2336163e-04
 2.0333164e-04 4.1003476e-04 4.0789452e-04 3.7402051e-04] [3.1620340e-04 9.7768790e-01 1.6575390e-02 1.7164601e-03 4.0707728e-04
 1.7864208e-03 4.9226510e-04 4.1436200e-04 6.0392375e-04] [8.6075708e-04 2.7056420e-04 2.6951655e-04 3.2285824e-03 8.6970400e-04
 9.8516601e-01 4.3350817e-03 6.5887230e-04 4.3408861e-03] [0.0132557  0.03280386 0.04319426 0.07434829 0.023019   0.4720059
 0.02872819 0.065611   0.24703377] [0.00135975 0.00779255 0.97972316 0.00285543 0.0014381  0.00114774
 0.00210544 0.00158141 0.00199645] [0.00540634 0.9225277  0.00581158 0.00706762 0.00901013 0.01594498
 0.02026421 0.0065356  0.00743179] [0.02362833 0.01418279 0.00539193 0.0511054  0.01387399 0.1528325
 0.02070842 0.07122992 0.6470467 ] [7.2019749e-05 1.6594655e-04 1.4205280e-04 3.4602202e-04 9.9703300e-01
 8.4095862e-04 2.0599645e-04 3.8322262e-04 8.1073429e-04] [0.00592196 0.00918137 0.00770761 0.06006324 0.01199007 0.08693866
 0.01493705 0.76331484 0.03994519] [3.0447752e-03 2.0696642e-03 8.9513656e-04 9.5985758e-01 1.1693429e-03
 9.1035701e-03 3.0941274e-03 3.9609210e-03 1.6804913e-02] [2.9591841e-03 2.6618270e-03 9.9067760e-01 5.6560396e-04 4.5381291e-04
 5.3547753e-04 2.7246372e-04 8.5269741e-04 1.0214049e-03] [0.04154455 0.04611399 0.04900229 0.22188692 0.02939039 0.12858647
 0.05060358 0.02029764 0.4125742 ] [0.9383823  0.01034715 0.00534533 0.00954241 0.0062792  0.00489176
 0.00939687 0.01318684 0.00262811] [0.13311724 0.05365027 0.08303685 0.02616706 0.08887014 0.4432334
 0.03632571 0.12257288 0.01302647] [7.7069079e-04 4.1180174e-03 2.0696404e-03 3.4859467e-03 9.8264438e-01
 1.8179276e-03 4.8433687e-04 1.0472176e-03 3.5618965e-03] [6.2108779e-04 5.3807362e-03 4.9186707e-04 2.0892899e-03 6.6291168e-04
 8.2778977e-04 1.1264577e-03 9.8789340e-01 9.0642914e-04] [2.22677263e-04 4.55648056e-04 7.84167554e-04 1.78634320e-04
 1.87524318e-04 4.34419140e-04 9.97474134e-01 1.53657791e-04
 1.09093926e-04] [0.01409627 0.00806169 0.9248343  0.01348038 0.00541613 0.00599795
 0.00381354 0.00320751 0.02109222] [4.2954404e-04 9.9672228e-01 5.6377216e-04 2.1092320e-04 2.1727727e-04
 8.3962682e-04 3.5397208e-04 3.2263875e-04 3.4000658e-04] [3.1655093e-03 9.8878223e-01 2.1546306e-03 1.0499795e-03 9.8488922e-04
 9.6039259e-04 4.0489176e-04 2.1780899e-03 3.1936183e-04] [0.05664568 0.04123143 0.06501694 0.11945636 0.05484993 0.21248853
 0.19481783 0.1333392  0.12215411] [1.0268658e-04 2.8878564e-04 9.9670200e-05 1.1422832e-03 1.7247847e-04
 2.8633044e-04 2.5244051e-04 9.9653107e-01 1.1243009e-03] [0.09710533 0.14763409 0.11519455 0.02930286 0.11942688 0.07957552
 0.2028755  0.15594138 0.05294391] [0.01321956 0.05432984 0.73841596 0.07483526 0.02089242 0.02516499
 0.01241148 0.04143746 0.01929307] [0.03532933 0.03556119 0.02226019 0.35250917 0.02733473 0.25249296
 0.04405454 0.03068498 0.19977291] [0.38233793 0.08008799 0.07789905 0.0417597  0.05387333 0.06775002
 0.15371653 0.03010533 0.1124701 ] [1.1886436e-04 3.4917856e-04 1.4596115e-04 8.2609586e-05 9.9838626e-01
 1.3783181e-04 2.0922731e-04 2.3706752e-04 3.3303603e-04] [0.02645611 0.05194066 0.6652259  0.02890026 0.04362283 0.04944816
 0.0781749  0.01996769 0.03626347] [1.9484904e-04 5.0464470e-04 1.1615732e-04 1.2562081e-04 1.9310937e-04
 9.9011828e-05 9.9804771e-01 4.8166924e-04 2.3721278e-04] [2.1991537e-04 1.4603144e-04 1.2781148e-04 1.1942798e-03 1.3764657e-04
 2.6661926e-03 4.0583400e-04 9.9437696e-01 7.2525343e-04] [0.00454531 0.00406689 0.02318791 0.28715444 0.01089684 0.34522563
 0.01394092 0.02013146 0.29085058] [7.1881054e-04 2.7345931e-03 9.9141097e-01 4.7913662e-04 3.9119774e-04
 3.6449818e-04 1.3704263e-03 5.5006339e-04 1.9802689e-03] [3.0033579e-04 9.1562443e-04 2.9093254e-04 2.5057932e-04 5.2578031e-04
 5.4888451e-04 3.9681283e-04 9.9635088e-01 4.2012613e-04] [0.01135303 0.0152754  0.00987984 0.03226522 0.02422788 0.6550258
 0.04036742 0.02447718 0.18712823] [0.02144366 0.02854706 0.01581068 0.13765137 0.04818    0.43388098
 0.07306898 0.02876338 0.2126539 ] [9.9780971e-01 1.7981944e-04 2.3359837e-04 1.6338805e-04 1.3236489e-04
 5.8025838e-04 1.5746013e-04 2.1293812e-04 5.3048402e-04] [4.5976648e-04 2.0641167e-04 1.6819379e-04 5.2091904e-04 2.6274016e-04
 1.1948441e-03 9.9631482e-01 3.1557004e-04 5.5680046e-04] [1.7394518e-03 9.9076158e-01 1.1436011e-03 6.7242497e-04 8.2170666e-04
 8.2656066e-04 9.1361138e-04 1.1566506e-03 1.9643840e-03] [0.95711833 0.01272078 0.0064845  0.00505605 0.00380799 0.00384136
 0.00418574 0.00500902 0.0017762 ] [9.3018031e-04 1.1660539e-03 2.0546645e-03 9.8018366e-01 1.6188931e-03
 6.8559200e-03 2.9056589e-03 1.3154908e-03 2.9695015e-03] [0.00339354 0.00295753 0.00222075 0.9686248  0.00299166 0.00876692
 0.00132863 0.00228783 0.00742835] [1.0941325e-04 9.4515155e-05 6.6735665e-05 2.1985744e-04 9.9705553e-01
 1.1481681e-03 1.8405831e-04 3.1223617e-04 8.0952112e-04] [1.4421037e-04 2.5626249e-04 2.3449243e-03 2.5907313e-04 9.9389315e-01
 1.6872138e-04 5.1030784e-04 7.1794557e-04 1.7054060e-03] [0.01092276 0.79224503 0.10521614 0.00635828 0.00936668 0.02175242
 0.0265022  0.01438253 0.01325401] [2.1723907e-04 6.3981995e-04 1.2460163e-04 1.3933984e-03 3.3438718e-04
 4.9084029e-04 9.9623823e-01 2.3410984e-04 3.2729565e-04] [0.08302925 0.34621045 0.16131203 0.06168508 0.03813928 0.10301808
 0.11443956 0.02457266 0.06759363] [2.8338723e-04 8.7070541e-04 1.3049955e-03 1.1366103e-03 3.6585736e-04
 2.9086301e-04 7.7364966e-04 9.9444228e-01 5.3168024e-04] [0.00160658 0.00502376 0.00131126 0.00318586 0.00137618 0.97952855
 0.00101249 0.00302687 0.00392844] [2.4124631e-04 7.5497146e-04 3.6084835e-04 2.2948756e-04 1.7830933e-04
 2.9770460e-04 1.7279186e-04 9.9707341e-01 6.9119781e-04] [1.1714153e-04 8.7028042e-05 9.5518728e-05 4.5081295e-04 8.5512518e-05
 1.0545825e-03 9.9329454e-01 1.1648294e-04 4.6983780e-03] [9.9537659e-01 1.1174666e-03 4.6329500e-04 1.2561511e-03 3.8955628e-04
 2.7843038e-04 5.3211383e-04 2.5052132e-04 3.3584173e-04] [2.4670971e-04 5.9297663e-04 4.8202387e-04 2.2797885e-04 9.9747074e-01
 7.4783369e-05 4.1476858e-04 2.7693412e-04 2.1306318e-04] [8.2622236e-04 1.1589542e-03 2.5753065e-03 9.9235946e-01 6.6658593e-04
 4.6201423e-04 4.4431980e-04 7.6375157e-04 7.4342464e-04] [0.03203201 0.02206047 0.06090925 0.1615826  0.03483742 0.39798233
 0.10908446 0.04156932 0.13994211] [2.0181743e-04 4.6173035e-04 7.5078255e-04 8.3089544e-04 3.4061191e-04
 9.9439394e-01 5.1008927e-04 6.3316117e-04 1.8770029e-03] [9.9655449e-01 7.1045547e-04 1.5731748e-03 1.5526234e-04 1.5282868e-04
 1.3193768e-04 1.3428790e-04 3.4455193e-04 2.4299265e-04] [0.01608112 0.05812787 0.7777416  0.02895317 0.01056435 0.01932067
 0.0373972  0.0290753  0.02273871] [4.1145788e-04 2.0833107e-04 2.1277074e-04 2.6956468e-04 2.0245821e-04
 4.7699508e-04 9.9563235e-01 1.9305179e-04 2.3929905e-03] [0.20917016 0.18192384 0.11034839 0.04771096 0.04645196 0.20103972
 0.04030427 0.1095098  0.05354095] [2.6980348e-04 7.3232310e-05 8.2765895e-05 1.1016913e-03 1.7275805e-04
 4.7924736e-04 9.9537551e-01 1.9287725e-04 2.2521298e-03] [9.9383014e-01 7.9966040e-04 5.1535951e-04 1.7776748e-04 3.4337101e-04
 7.6163048e-04 2.4401408e-04 5.3638907e-04 2.7917400e-03] [0.00383895 0.00440623 0.00482303 0.00327801 0.0016194  0.9741596
 0.00256373 0.00218677 0.00312434] [0.05756547 0.09452373 0.49408105 0.06781998 0.06869031 0.0285708
 0.03047345 0.10882082 0.04945441] [0.03626653 0.01928965 0.6908453  0.04753475 0.01676391 0.02025083
 0.03159538 0.10554708 0.03190659] [1.0428825e-04 6.9686146e-05 6.5164153e-05 7.1851438e-04 1.6318320e-04
 1.6372701e-03 9.9613488e-01 1.3741560e-04 9.6965040e-04] [0.02441635 0.04105039 0.01591237 0.01487006 0.012099   0.04713454
 0.01368431 0.01748831 0.8133447 ] [9.8366749e-01 6.3977269e-03 1.4947536e-03 1.6921036e-03 6.4650906e-04
 3.3510539e-03 9.9684461e-04 1.0614918e-03 6.9207966e-04] [0.04699706 0.01154677 0.00753463 0.05843807 0.04171288 0.03333157
 0.04922521 0.0414058  0.709808  ] [0.01454956 0.01553774 0.01333481 0.04627747 0.02148461 0.7028768
 0.02269763 0.0218974  0.14134394] [4.5938723e-02 1.7232700e-04 1.4511970e-04 1.5976602e-03 2.2271952e-04
 1.1620061e-03 9.4321311e-01 3.2141208e-04 7.2269323e-03] [0.00453186 0.8764889  0.07480047 0.00320114 0.00234491 0.02242268
 0.00357919 0.0039074  0.00872348] [0.00350668 0.00966069 0.01673576 0.94734305 0.00115629 0.00562644
 0.00223305 0.00252558 0.01121242] [0.0798446  0.03583614 0.01701908 0.25203726 0.06247245 0.20839992
 0.08679959 0.05181039 0.20578057] [2.9503678e-03 6.3895537e-03 3.5287982e-03 7.5688801e-04 2.5273068e-03
 3.0415892e-03 1.7876095e-03 9.7685289e-01 2.1649371e-03] [0.0132595  0.02356272 0.01097475 0.08146725 0.02562767 0.04114604
 0.03369612 0.02727232 0.74299365] [1.16612639e-04 1.85623343e-04 8.46508046e-05 1.00036920e-03
 1.18683645e-04 7.42972188e-04 9.92693186e-01 2.43109069e-04
 4.81482968e-03] [0.03294471 0.01434047 0.00756767 0.0134296  0.01601818 0.12790062
 0.03755054 0.01239511 0.7378531 ] [0.00509701 0.00591542 0.0630347  0.8294386  0.00360579 0.04264973
 0.00508442 0.00277929 0.04239502] [3.8106804e-04 4.4538200e-04 9.9394184e-01 1.3696405e-03 2.8886608e-04
 2.0852399e-03 3.8788750e-04 4.8283418e-04 6.1724609e-04] [1.6859757e-04 3.5325132e-04 7.4279925e-04 3.2989596e-04 1.5591701e-04
 8.9149464e-05 9.9765861e-01 4.3989383e-04 6.1877174e-05] [0.22270845 0.06813675 0.17274477 0.01044871 0.01381331 0.02583138
 0.0140773  0.4485453  0.02369408] [0.19721802 0.07823485 0.08536608 0.03005722 0.06702129 0.21953923
 0.09299088 0.07722507 0.15234737] [3.5185220e-03 9.8515970e-01 1.9932347e-03 1.5987784e-03 1.0599385e-03
 2.4369673e-03 9.4060588e-04 1.8202274e-03 1.4721032e-03] [9.2258921e-04 8.7674055e-04 3.7162707e-04 6.8334071e-03 5.5118377e-04
 9.8592883e-01 4.9750309e-04 6.6046428e-04 3.3576367e-03] [0.0051697  0.00268362 0.00336216 0.91490173 0.00427658 0.00338298
 0.00456828 0.00555699 0.05609797] [0.0393978  0.01552118 0.04203764 0.19286753 0.02061739 0.27398032
 0.01370825 0.02766184 0.374208  ] [0.03030904 0.03520394 0.03997922 0.07749474 0.03055156 0.04416009
 0.0379313  0.03297127 0.6713988 ] [0.00209808 0.0016712  0.0025492  0.94824356 0.00194325 0.00387284
 0.00428872 0.00199084 0.03334229] [8.6363126e-04 1.4065887e-03 9.9124336e-01 2.1746687e-03 5.7910918e-04
 1.1634027e-03 6.8544073e-04 8.5037330e-04 1.0334647e-03] [0.03687439 0.01904431 0.01701333 0.05523743 0.02880573 0.21708103
 0.06508582 0.02733119 0.5335268 ] [2.35615036e-04 3.76327953e-04 6.94022572e-04 6.43328065e-04
 9.96348619e-01 1.12170324e-04 2.00380804e-04 1.61821285e-04
 1.22770132e-03] [2.7413413e-04 9.9370265e-01 8.2185946e-04 1.0398615e-03 5.2494317e-04
 6.9578609e-04 6.2104512e-04 1.5298391e-03 7.8995409e-04] [0.00756353 0.01258853 0.00344701 0.8743477  0.00711663 0.01089447
 0.0096246  0.00634667 0.06807084] [0.01173719 0.03837919 0.80237275 0.05078921 0.0117113  0.01839259
 0.0148709  0.01362289 0.03812402] [0.00261007 0.00322011 0.01925265 0.9345696  0.00326148 0.01591831
 0.00426563 0.00431251 0.01258964] [3.9949853e-04 9.8851901e-01 4.5283316e-03 1.1346624e-03 4.4400812e-04
 2.7652932e-04 3.2729383e-03 1.0197744e-03 4.0527145e-04] [0.00336346 0.01270099 0.0049024  0.9649877  0.0025065  0.00410218
 0.00196479 0.00190538 0.00356657] [0.07889505 0.02174602 0.02273438 0.17585419 0.02924857 0.145118
 0.05665804 0.16808437 0.3016614 ] [0.03388863 0.02935595 0.03425365 0.10951684 0.04927361 0.29689696
 0.05899697 0.10870112 0.2791162 ] [0.00218727 0.00240997 0.02009882 0.8392304  0.00270401 0.01651037
 0.00341762 0.01414289 0.09929864] [4.9331569e-04 3.3868800e-04 1.6000404e-03 1.4175288e-03 9.9508888e-01
 2.8713065e-04 2.6363117e-04 2.6725617e-04 2.4355359e-04] [9.7153115e-04 3.8609016e-03 1.9739915e-03 1.5073639e-03 1.2324929e-03
 1.1767283e-03 2.4854837e-03 9.8343670e-01 3.3548353e-03] [0.0014976  0.00292165 0.00524073 0.9485727  0.00167393 0.01783978
 0.00523846 0.00250552 0.01450956] [2.0828003e-04 1.9180997e-04 2.0333110e-04 1.1654891e-03 2.8040831e-04
 2.0380374e-03 9.9402726e-01 2.0614742e-04 1.6792321e-03] [0.01799682 0.03943129 0.65193206 0.20636699 0.01715455 0.01698353
 0.03024314 0.0136599  0.00623169] [5.0095440e-04 1.0535608e-03 8.4084069e-04 7.2188526e-03 6.8486453e-04
 2.1113092e-03 5.1306188e-03 9.7239280e-01 1.0066228e-02] [0.06543089 0.2793004  0.14678523 0.14079878 0.05171414 0.06404835
 0.0350825  0.15200076 0.064839  ] [2.3667186e-03 9.8644662e-01 1.2691841e-03 6.7360874e-04 1.4603212e-03
 7.3361699e-04 2.8525749e-03 1.8029979e-03 2.3943987e-03] [0.03021495 0.03797284 0.02836819 0.02347137 0.06128467 0.05752388
 0.05055663 0.04952649 0.66108096] [0.02636506 0.08361924 0.0217891  0.29887193 0.0496148  0.19522685
 0.13891268 0.03382043 0.15177992] [0.00194422 0.01407531 0.00617888 0.00232035 0.00137299 0.96490675
 0.00144937 0.00412625 0.00362581] [0.02852233 0.02703667 0.026962   0.00933433 0.00735544 0.03397518
 0.00445459 0.00912121 0.8532383 ] [0.16890666 0.19371977 0.09178982 0.07792888 0.04454547 0.06403963
 0.04786341 0.19372042 0.11748595] [0.00834239 0.9523237  0.010181   0.00353111 0.00369345 0.01114474
 0.00358499 0.00438658 0.00281199] [0.00594459 0.02442532 0.01246876 0.01124021 0.00469579 0.01292239
 0.00864378 0.8674488  0.05221039] [4.5551304e-04 8.0261374e-04 2.4646474e-04 9.9439466e-01 2.9430978e-04
 8.4296928e-04 4.8428713e-04 5.2181957e-04 1.9573809e-03] [0.05380936 0.09725823 0.04016834 0.13152024 0.07069557 0.13192621
 0.12834992 0.12608011 0.22019204] [9.96782422e-01 2.69159733e-04 1.18762522e-03 9.86186569e-05
 2.54822429e-04 3.03714711e-04 2.54022714e-04 7.40100688e-04
 1.09532346e-04] [5.0001481e-04 9.9429733e-01 1.3161437e-03 2.9867160e-04 5.7674787e-04
 1.0789670e-03 1.1029292e-03 4.5937797e-04 3.6989510e-04] [3.8583850e-04 4.2264213e-04 1.5035439e-04 5.0408760e-04 9.9623591e-01
 7.7047991e-04 2.2681888e-04 6.9309020e-04 6.1077432e-04] [0.02171298 0.01805864 0.01249296 0.19546387 0.02336508 0.09266929
 0.04523899 0.39706123 0.19393693] [0.02742001 0.01362392 0.00601094 0.11282903 0.01160482 0.05552087
 0.01677912 0.03457353 0.7216377 ] [7.2558370e-04 3.3028712e-03 9.2939258e-04 1.4142793e-03 9.8679429e-01
 6.8950700e-04 2.2905469e-03 2.1395965e-03 1.7139362e-03] [7.5981312e-04 8.9551177e-04 6.7496992e-04 7.6778338e-04 5.7669485e-04
 5.3132209e-04 5.8991747e-04 9.9508816e-01 1.1584976e-04] [0.02239213 0.01625574 0.00617292 0.0722812  0.0132948  0.11164559
 0.02613301 0.01097513 0.7208495 ] [0.09321473 0.1611378  0.24362336 0.07246034 0.0627354  0.11360174
 0.07366023 0.1056223  0.07394412] [4.5144866e-04 9.3374646e-04 5.1277387e-04 2.6426997e-04 9.9650359e-01
 5.6157151e-04 2.7217763e-04 2.1416832e-04 2.8623489e-04] [1.1984702e-03 3.1451422e-03 8.2492043e-04 5.3100497e-04 1.6531113e-03
 1.4175171e-03 3.4371982e-03 9.7217607e-01 1.5616553e-02] [6.9423440e-05 1.3272429e-04 4.7382517e-05 2.2435693e-04 1.7946037e-04
 5.5015937e-04 9.9641198e-01 1.0954448e-04 2.2750094e-03] [0.18457033 0.09464622 0.24287939 0.03397679 0.06610972 0.0397619
 0.14029631 0.05074844 0.14701095] [0.96360075 0.0044809  0.00560126 0.00313299 0.0040359  0.00172592
 0.00691599 0.00169647 0.00880984] [3.4796220e-04 4.7430865e-04 1.8454631e-03 2.9660607e-04 9.9406427e-01
 1.5942408e-03 2.3049135e-04 4.7495478e-04 6.7173189e-04] [1.5398499e-04 1.3527194e-04 3.6874597e-04 1.2640034e-04 1.5824969e-04
 7.4607821e-04 9.9765730e-01 1.5834555e-04 4.9556681e-04] [0.02816361 0.01209722 0.04952161 0.5607001  0.02881409 0.05241673
 0.13346027 0.04097915 0.09384719] [6.2650972e-04 4.7649370e-04 3.6193317e-04 2.3328420e-03 9.9047917e-01
 2.5032850e-03 1.9211277e-03 2.9079337e-04 1.0078482e-03] [3.6092196e-04 1.3313713e-04 8.0401573e-05 1.0067546e-03 3.3031451e-04
 5.6922500e-04 9.8944408e-01 4.1446986e-04 7.6606912e-03] [9.9458355e-01 2.3568240e-03 1.0218136e-03 8.2403515e-04 2.7972125e-04
 1.0744712e-04 2.1374220e-04 2.6726493e-04 3.4558430e-04] [0.01168256 0.02344311 0.01965741 0.03015578 0.0107083  0.04896005
 0.82169193 0.01828732 0.0154135 ] [9.6676207e-01 1.4717192e-03 1.1350325e-03 4.6859807e-03 9.2575199e-04
 1.6365230e-02 7.8908575e-04 1.0256702e-03 6.8394355e-03] [0.05777728 0.11339108 0.23017995 0.07266293 0.04615892 0.19697003
 0.10644515 0.0972509  0.07916372] [0.03274474 0.02474364 0.01534209 0.12489319 0.02180378 0.15060152
 0.04052962 0.05115001 0.5381914 ] [1.6678136e-03 9.7654301e-01 7.8871734e-03 1.5933972e-03 2.2121803e-03
 4.9007153e-03 1.0081775e-03 8.1985904e-04 3.3677141e-03] [3.6416078e-04 1.9158154e-03 5.7453988e-04 2.6571547e-04 9.9535614e-01
 5.2805652e-04 5.5718399e-04 1.5237628e-04 2.8598355e-04] [1.5079460e-04 3.2110815e-04 1.3154414e-03 9.9070144e-01 3.0095928e-04
 1.2449042e-03 5.0960085e-04 3.6240247e-04 5.0933217e-03] [0.00130157 0.9801232  0.00309796 0.00255592 0.00126442 0.00100308
 0.00354439 0.00167543 0.00543398] [0.04716953 0.0278746  0.02420534 0.30840284 0.03423712 0.2302149
 0.04153708 0.0540435  0.23231511] [0.00152569 0.0023115  0.00309388 0.00526417 0.00155921 0.0011983
 0.0032673  0.9803869  0.001393  ] [5.0838251e-04 5.8426813e-04 2.4364584e-03 9.7917195e-04 8.3304540e-04
 3.3960419e-04 8.6575036e-04 9.9225980e-01 1.1934680e-03] [0.00770975 0.00800894 0.8938176  0.02169944 0.01000835 0.01670399
 0.01261905 0.01067129 0.01876157] [0.02808018 0.05122232 0.03595242 0.07026912 0.03634435 0.44918624
 0.06505049 0.07182176 0.19207306] [0.00480331 0.03137536 0.5941597  0.28512692 0.01633495 0.01635164
 0.03487051 0.01096799 0.00600956] [7.9926371e-04 1.8868516e-03 3.1392362e-03 1.1917645e-03 9.8991990e-01
 4.7637636e-04 5.2053470e-04 1.0838859e-03 9.8218105e-04] [0.06380181 0.32381183 0.17778908 0.0631186  0.08170489 0.0510363
 0.07673157 0.1214072  0.04059872] [0.00948583 0.00616731 0.00857787 0.0806471  0.02123015 0.0353267
 0.02841897 0.0168458  0.7933003 ] [0.0309565  0.04032737 0.01953578 0.12410673 0.04010289 0.3159509
 0.03721113 0.08468183 0.30712688] [0.0263388  0.0458748  0.01855129 0.2003907  0.0280184  0.4496508
 0.04741252 0.0477688  0.13599385] [3.0123984e-04 1.8618998e-04 2.2097012e-04 1.0914409e-03 2.1197255e-04
 9.5248350e-04 9.9645692e-01 2.3733212e-04 3.4139570e-04] [0.04771939 0.17730561 0.51078564 0.05835842 0.03699902 0.02983572
 0.06629211 0.05035906 0.02234503] [9.6165955e-01 2.2578803e-03 2.6452499e-02 3.0437466e-03 1.3969975e-03
 2.0040018e-03 1.4274836e-03 1.0495868e-03 7.0832483e-04] [2.6654458e-04 3.0904941e-04 2.8873218e-04 8.9958246e-04 2.6469515e-04
 3.8143480e-04 3.3867764e-04 9.9606812e-01 1.1831884e-03] [7.1808160e-03 9.8391312e-01 1.1048245e-03 1.1119193e-03 7.9713261e-04
 1.1385161e-03 9.5910765e-04 1.2055126e-03 2.5890823e-03] [3.3919113e-03 2.3690595e-03 9.8432380e-01 2.5389795e-03 1.8045022e-03
 1.0957591e-03 2.5434727e-03 1.2771150e-03 6.5546803e-04] [5.8771943e-04 3.7837557e-03 1.1840358e-03 7.7551306e-04 9.8956877e-01
 9.1523974e-04 9.6629973e-04 7.4889325e-04 1.4698235e-03] [1.1867523e-03 3.7723470e-03 9.8906833e-01 1.9358064e-03 5.5233599e-04
 5.4361264e-04 1.0459977e-03 5.5067032e-04 1.3441062e-03] [0.02726986 0.03628193 0.04296155 0.21354263 0.04651363 0.12403387
 0.0872371  0.11244031 0.30971918] [3.6056858e-04 4.6417268e-04 1.5859504e-03 4.0568007e-04 3.1176305e-04
 1.5313580e-03 9.9417949e-01 2.4976750e-04 9.1127941e-04] [1.6203999e-04 9.5863979e-05 1.1299825e-04 1.5017939e-04 1.0176697e-04
 1.3070049e-03 9.9651414e-01 2.1025361e-04 1.3457263e-03] [0.24770947 0.12329202 0.23134442 0.10590801 0.0435027  0.0254818
 0.1387422  0.06676165 0.01725768] [1.6502116e-04 1.8776223e-04 5.7950860e-05 2.9174576e-04 9.9775332e-01
 7.7618560e-04 2.3296340e-04 2.7985722e-04 2.5521734e-04]",5 0 3 2 6 2 8 1 7 4 4 3 0 8 0 5 3 0 7 7 1 1 6 8 0 4 2 4 7 1 7 8 4 8 0 3 3 0 2 3 8 7 2 4 1 6 7 0 1 5 8 2 1 8 4 7 3 2 5 0 5 4 7 6 2 1 1 5 7 1 2 5 0 4 2 6 7 8 2 7 8 5 0 6 1 0 3 3 4 4 1 6 5 7 5 7 6 0 4 0 5 5 0 2 6 0 6 0 5 3 2 6 8 0 8 5 6 1 3 8 7 6 6 6 2 2 6 1 2 1 5 3 4 8 3 2 3 4 1 3 2 5 1 3 8 5 3 4 7 3 6 2 7 1 1 8 5 5 8 5 1 7 3 8 0 1 4 7 8 4 7 8 8 4 7 6 3 0 4 6 3 4 6 0 6 0 2 5 1 4 3 1 5 7 7 2 5 2 4 3 8 8 8 6 5 0 7 1 2 4 2 3 6 6 0 4
1468,1,xgboost,0.0,2000,1144,0.8194444444444444,0.9751639660493827,"[9.9702090e-01 3.1945403e-04 7.5345294e-04 2.9552219e-04 1.8360278e-04
 1.1831211e-04 4.2146404e-04 1.4813548e-04 7.3913182e-04] [1.2172912e-03 7.6858210e-04 1.1522520e-03 8.2443212e-04 9.9338633e-01
 5.1561592e-04 4.0896406e-04 1.2867030e-03 4.3988897e-04] [0.7441755  0.00615913 0.00775944 0.22696991 0.00202673 0.00383665
 0.00117515 0.00137151 0.00652596] [1.1834877e-03 3.2544439e-03 8.7902378e-03 1.1317383e-02 9.6991539e-01
 5.7123834e-04 9.5278007e-04 1.0505227e-03 2.9645828e-03] [0.14725198 0.21266143 0.12697707 0.11553013 0.14706923 0.0381663
 0.06502608 0.0688573  0.07846051] [2.2955404e-03 9.8419237e-01 2.9274158e-03 2.0779541e-03 1.1533014e-03
 7.4735930e-04 2.5843459e-03 1.9776325e-03 2.0440710e-03] [9.96400118e-01 7.41888070e-04 4.25609149e-04 2.31902915e-04
 8.88828130e-04 8.07505217e-04 1.77604466e-04 2.06528392e-04
 1.20028424e-04] [0.00303293 0.01400901 0.06048848 0.90771097 0.00313109 0.00309018
 0.00223391 0.00222708 0.00407642] [6.2932831e-04 1.2170535e-03 8.5117150e-04 5.0950196e-04 6.8874116e-04
 5.6014344e-04 2.8643693e-04 9.9303800e-01 2.2196693e-03] [9.9555713e-01 8.3453092e-04 4.0579188e-04 3.8823226e-04 3.0482034e-04
 1.5604538e-03 3.0109670e-04 3.7106307e-04 2.7687455e-04] [0.02578224 0.03865002 0.79029757 0.01512254 0.03568644 0.01975381
 0.01306984 0.03214401 0.02949356] [0.01171229 0.02746691 0.8905416  0.01783609 0.00767412 0.01539814
 0.00560298 0.01524204 0.00852582] [0.00135194 0.00098808 0.00187533 0.00541687 0.00280143 0.01829902
 0.00250514 0.00380294 0.9629593 ] [9.9778581e-01 1.9106352e-04 6.2098226e-04 5.9404229e-05 1.4770286e-04
 1.6252894e-04 1.3099970e-04 1.6321611e-04 7.3825760e-04] [0.00439307 0.00278621 0.00310465 0.0028715  0.00208968 0.9748999
 0.00361638 0.00163328 0.00460534] [0.09596322 0.1843376  0.08954968 0.22313882 0.04306509 0.06269196
 0.03748298 0.10374001 0.16003059] [4.2801883e-02 2.4828632e-04 6.1721564e-04 9.2607559e-05 2.1995648e-04
 1.9991316e-03 9.4621783e-01 4.5923074e-04 7.3438287e-03] [0.01323259 0.0078984  0.0115234  0.9278448  0.00507654 0.00778719
 0.00848243 0.00558285 0.01257181] [2.2846964e-04 5.4930145e-04 7.3075428e-04 1.5260592e-04 9.9642193e-01
 1.5474693e-04 3.0731084e-04 4.6890686e-04 9.8600145e-04] [4.1982092e-04 9.9368817e-01 7.4568979e-04 2.6981917e-04 4.2944148e-04
 3.7755247e-04 4.2485166e-04 2.6973414e-03 9.4731111e-04] [3.2622236e-04 9.9343163e-01 1.5441068e-03 2.0638306e-03 4.4479096e-04
 2.7951642e-04 5.7342759e-04 1.0557233e-03 2.8075284e-04] [0.8563181  0.0074012  0.0022926  0.0216348  0.00464633 0.03496577
 0.00542477 0.00727413 0.06004232] [1.1379046e-04 1.0318094e-04 1.8050076e-04 2.2131018e-03 2.4899482e-04
 1.7736146e-03 9.9468803e-01 1.5462787e-04 5.2414497e-04] [5.0724111e-04 3.7831560e-04 5.9961609e-04 4.4651996e-04 9.9617827e-01
 1.0308616e-03 3.9026080e-04 3.4065667e-04 1.2822471e-04] [0.05238749 0.04117435 0.06357612 0.1139779  0.03585123 0.42646068
 0.09816462 0.08704614 0.08136146] [9.9703336e-01 1.4369421e-03 3.7553310e-04 1.1457477e-04 2.0171478e-04
 1.9428694e-04 1.6160836e-04 3.7445180e-04 1.0753207e-04] [1.0884807e-04 1.2939719e-04 1.0107039e-04 4.3810505e-04 2.0585844e-04
 6.5253058e-04 9.9453461e-01 2.4276694e-04 3.5867833e-03] [0.00427573 0.01946699 0.00472731 0.00276834 0.0035894  0.00251047
 0.0018846  0.94623226 0.01454487] [0.88194674 0.01817644 0.03908191 0.00974918 0.00663588 0.00711207
 0.00559351 0.01049829 0.02120598] [3.9815861e-03 9.8708308e-01 1.9518194e-03 8.6249528e-04 6.9152220e-04
 7.4067176e-04 1.1775576e-03 1.6318080e-03 1.8794135e-03] [0.01250494 0.01392491 0.00702031 0.03252205 0.01101209 0.05388229
 0.84784883 0.01036019 0.01092439] [0.00721413 0.00894667 0.21885139 0.7128293  0.00549757 0.0192219
 0.0082585  0.01035356 0.008827  ] [9.9505532e-01 5.0735957e-04 6.2468910e-04 1.3389185e-03 3.3940587e-04
 4.8863661e-04 6.8275887e-04 4.9339177e-04 4.6955660e-04] [0.02747557 0.0690918  0.02773599 0.10329568 0.03517466 0.07589027
 0.05811956 0.04617857 0.55703783] [3.5408809e-04 1.2054527e-03 9.9642915e-01 5.1521970e-04 2.5550873e-04
 3.3735050e-04 1.5654517e-04 1.5966165e-04 5.8707851e-04] [2.4223845e-03 2.4044227e-03 9.8641998e-01 2.7274147e-03 9.1918535e-04
 4.9338822e-04 1.0482136e-03 2.0656204e-03 1.4994431e-03] [0.06651893 0.07866891 0.09806008 0.12910174 0.0606375  0.14049537
 0.0426699  0.10294429 0.28090325] [0.01043444 0.00676839 0.00600448 0.03322889 0.01275534 0.06567651
 0.01896669 0.00801512 0.83815014] [3.4344714e-04 6.6564744e-04 9.9408918e-04 6.8036013e-04 1.7937730e-04
 1.2586440e-04 9.9646181e-01 3.3469804e-04 2.1470657e-04] [2.9003972e-04 3.9264193e-04 2.2879287e-04 3.4957106e-04 2.8863110e-04
 8.5015381e-03 2.3030689e-04 9.8897272e-01 7.4570841e-04] [2.7595359e-04 2.0172914e-04 1.2329219e-04 7.4647518e-04 2.3390660e-04
 6.0583360e-04 9.8408937e-01 3.9308725e-04 1.3330344e-02] [0.01698735 0.02377233 0.02948735 0.46835548 0.01597409 0.04342395
 0.0317794  0.31887725 0.05134283] [5.2571582e-04 2.9160737e-04 1.1852648e-03 4.0006574e-04 3.5902436e-04
 7.8102056e-04 1.1064669e-03 9.9385059e-01 1.5002545e-03] [0.00154011 0.00281001 0.00377918 0.00749546 0.00229263 0.01494195
 0.01313217 0.00622824 0.94778025] [0.05550278 0.1050291  0.06475271 0.06003527 0.05982101 0.39930084
 0.06107068 0.08490299 0.1095846 ] [7.9152925e-04 4.1385510e-04 1.6419365e-03 7.2178477e-04 4.3771614e-04
 3.0781567e-04 9.9344277e-01 8.5706339e-04 1.3855465e-03] [0.00357298 0.00689045 0.9418328  0.00256148 0.00338908 0.00307282
 0.00274164 0.02677198 0.0091668 ] [9.9496305e-01 1.4914790e-03 7.3315291e-04 1.4431530e-03 1.7729064e-04
 2.1846693e-04 1.6471071e-04 3.7755567e-04 4.3110480e-04] [9.6088240e-04 9.9950936e-04 9.3656167e-04 1.8250186e-03 8.1175042e-04
 9.8293072e-01 1.2562304e-03 1.8101617e-03 8.4691998e-03] [2.9549180e-04 6.0841010e-04 5.3730467e-04 3.1604565e-04 4.1101183e-04
 4.6623871e-04 2.4526985e-04 9.9510139e-01 2.0188058e-03] [0.00215539 0.00441149 0.00545492 0.00212723 0.00208543 0.976074
 0.00399475 0.00166047 0.00203641] [7.0740294e-04 1.7618403e-03 1.6388097e-01 8.3007413e-01 5.2703521e-04
 1.1146297e-03 6.6594628e-04 4.2046272e-04 8.4759813e-04] [2.2986592e-03 3.3333004e-03 8.2474649e-03 9.7652370e-01 2.3456106e-03
 9.4283005e-04 9.1603765e-04 2.7800216e-03 2.6123521e-03] [0.00291876 0.00183471 0.0558884  0.929795   0.00135854 0.00115535
 0.00267724 0.00125439 0.00311762] [0.00655439 0.0225862  0.8975385  0.01209177 0.0124178  0.0147027
 0.00958964 0.0180868  0.00643227] [0.00946297 0.01241073 0.91138566 0.02035669 0.0064887  0.00741812
 0.00576049 0.00938794 0.01732866] [2.3721305e-03 4.1056783e-03 2.4772726e-03 4.9872318e-04 7.9961045e-04
 9.8194033e-01 1.8610056e-03 3.6202024e-03 2.3251127e-03] [9.8737049e-01 5.3297034e-03 3.0835825e-03 2.6368650e-04 4.5953918e-04
 5.4984557e-04 1.1123427e-03 9.8992651e-04 8.4086799e-04] [4.1285410e-04 5.0869951e-04 1.4236391e-03 1.2188661e-03 5.1067467e-04
 4.1326240e-04 9.1379526e-04 9.9339467e-01 1.2035026e-03] [1.53245157e-04 2.21472292e-04 1.21490215e-04 6.42249419e-04
 1.98960901e-04 1.27347547e-03 9.96640682e-01 2.83279282e-04
 4.65175806e-04] [0.06851052 0.15463108 0.08450165 0.04625062 0.05005866 0.04784194
 0.30732897 0.09660758 0.14426897] [5.1603263e-04 2.7162605e-04 8.3465762e-05 3.3753962e-04 9.9736577e-01
 3.2363684e-04 2.7314204e-04 3.1190619e-04 5.1688869e-04] [2.1017293e-04 2.2814424e-04 1.0711378e-04 1.8504515e-04 3.2501997e-04
 9.9642284e-04 9.9644804e-01 4.0216753e-04 1.0978173e-03] [5.4770435e-04 3.0940308e-04 3.7984131e-04 6.3509853e-03 7.9719891e-04
 9.8774207e-01 8.0235262e-04 5.0240982e-04 2.5680659e-03] [0.01173112 0.00610001 0.00778218 0.0460001  0.00825032 0.01012111
 0.717871   0.01419752 0.17794661] [9.9383992e-01 1.1699963e-03 6.3658203e-04 1.0274585e-03 4.2351047e-04
 2.2710286e-04 5.3789763e-04 9.7189163e-04 1.1656784e-03] [0.0150178  0.0148477  0.00817463 0.03814407 0.0096102  0.0273316
 0.04776428 0.02899591 0.81011385] [0.0124099  0.02215419 0.01159754 0.05937335 0.01729752 0.02918192
 0.03419213 0.03883466 0.7749588 ] [0.05160797 0.06301985 0.11814693 0.01812685 0.03696649 0.5531946
 0.02781199 0.07984369 0.05128163] [9.9395269e-01 1.1328547e-03 4.0801594e-04 1.1866204e-03 4.6576271e-04
 5.7489338e-04 7.0167554e-04 5.3425482e-04 1.0431943e-03] [1.3416761e-04 6.0575152e-05 2.5586868e-04 9.9805379e-01 8.4555686e-05
 6.9991488e-04 1.3531691e-04 9.4713330e-05 4.8115983e-04] [2.3756216e-03 9.6987176e-01 8.4753921e-03 6.5357389e-04 2.6669668e-03
 2.3397980e-03 2.3344678e-03 5.7029082e-03 5.5795629e-03] [1.7592147e-03 1.0064874e-03 3.0536167e-03 2.9504923e-03 8.5402204e-04
 7.2635879e-04 5.9246289e-04 9.8853070e-01 5.2666047e-04] [3.7655764e-04 1.5619718e-03 3.1701772e-04 6.3557405e-04 9.9450582e-01
 7.2047120e-04 5.6706561e-04 5.2978809e-04 7.8566879e-04] [9.9404424e-01 3.6409029e-04 1.0847070e-03 1.1917665e-03 6.6001201e-04
 8.6310040e-04 4.3852799e-04 3.9100245e-04 9.6261338e-04] [9.4474759e-04 4.7460632e-04 1.4660963e-03 4.9534033e-04 9.9431437e-01
 2.3361431e-04 6.9703656e-04 5.6817319e-04 8.0602313e-04] [0.00711514 0.00178179 0.00446805 0.00150556 0.00191901 0.00155942
 0.001803   0.9708673  0.00898069] [8.2350118e-05 1.7313566e-04 1.7203996e-04 4.5634661e-04 1.3967715e-04
 3.8978487e-04 9.9520111e-01 1.4719764e-04 3.2383220e-03] [4.3909377e-04 8.9613831e-04 3.5573618e-04 3.6452923e-03 8.8625308e-04
 2.3667798e-03 1.2783081e-03 9.8281646e-01 7.3158569e-03] [1.4533695e-03 3.4565206e-03 2.8123967e-03 1.2083539e-03 8.5312413e-04
 1.6746968e-03 9.5364673e-04 9.8055077e-01 7.0371502e-03] [0.00674157 0.01247303 0.0052392  0.0098418  0.0031399  0.9513454
 0.00327372 0.00491529 0.00303007] [9.9445784e-01 2.4574131e-03 8.6980563e-04 1.7997604e-04 3.2898784e-04
 8.3251594e-04 2.8477306e-04 4.5268200e-04 1.3598849e-04] [0.01971241 0.09234036 0.71283615 0.03803161 0.01590394 0.023918
 0.02762673 0.01583263 0.05379817] [3.2742327e-04 4.9689540e-04 6.1938015e-04 9.9244589e-01 6.2500889e-04
 2.2949730e-03 8.4700901e-04 7.0129498e-04 1.6421905e-03] [1.2602013e-03 9.9162090e-01 1.8863050e-03 9.8432112e-04 7.5040979e-04
 7.1500643e-04 3.0353843e-04 1.1065120e-03 1.3728188e-03] [7.2011910e-04 2.3716544e-03 1.1955518e-03 9.4120828e-03 1.4135026e-03
 5.6524626e-03 3.3244281e-03 9.2495555e-01 5.0954614e-02] [0.06655844 0.10152419 0.29467365 0.01265442 0.06199108 0.22238797
 0.0695141  0.0926818  0.07801434] [4.1841381e-04 7.1292353e-04 1.2074586e-03 1.4293507e-04 9.9669790e-01
 6.9255999e-05 1.8097159e-04 3.1710835e-04 2.5301427e-04] [0.04403871 0.00332539 0.00256339 0.00437599 0.00338068 0.9349819
 0.00127431 0.00350492 0.00255469] [0.05097932 0.08802059 0.03365417 0.04714465 0.1221057  0.29863155
 0.11655764 0.0860975  0.15680888] [2.6067029e-04 8.7923970e-04 1.6622952e-03 5.6409696e-04 9.9494237e-01
 5.1391259e-04 5.2124384e-04 3.8758278e-04 2.6857498e-04] [0.01422611 0.00407239 0.00918025 0.9490462  0.00589127 0.00508649
 0.00319931 0.00757668 0.00172129] [9.8833615e-01 1.0373604e-03 3.0470488e-03 1.0900642e-03 8.2484318e-04
 5.2087737e-04 2.3009379e-03 7.6450157e-04 2.0782358e-03] [0.00673876 0.00867321 0.38715467 0.5273944  0.00487469 0.01017516
 0.00472881 0.0027245  0.04753581] [0.01821496 0.0768581  0.7630499  0.03725064 0.01197464 0.04043733
 0.00890731 0.01463069 0.02867646] [0.9816753  0.00236134 0.004763   0.00272194 0.00203364 0.00126361
 0.00192389 0.00152496 0.00173228] [3.3201277e-03 9.6981221e-01 1.0354439e-02 1.6961728e-03 1.9562645e-03
 8.3236163e-04 4.8232744e-03 3.7420981e-03 3.4630210e-03] [4.7591812e-04 4.6447516e-04 8.2793919e-04 1.8741935e-04 9.9690634e-01
 4.9933331e-04 2.4243415e-04 2.9361233e-04 1.0258223e-04] [0.2192008  0.16312467 0.11282296 0.03786791 0.05182964 0.03976852
 0.0339458  0.1412143  0.20022541] [1.3466597e-03 1.0519726e-03 7.6681207e-04 5.6251540e-04 5.9755094e-04
 3.5890538e-04 5.9951824e-04 9.9090576e-01 3.8102502e-03] [0.12837592 0.2897423  0.19667418 0.05724139 0.07501395 0.07280804
 0.03591067 0.10020007 0.04403351] [5.5774429e-04 9.7985530e-01 2.1664046e-03 6.7852428e-03 9.7483094e-04
 1.0425497e-03 5.4029177e-04 3.1152610e-03 4.9624103e-03] [0.00611485 0.00344087 0.97638434 0.00283699 0.0014596  0.0031759
 0.00147215 0.00350248 0.00161279] [0.9401274  0.00769093 0.00467526 0.00413453 0.01118216 0.0044701
 0.00671171 0.00540365 0.01560434] [4.1791482e-04 1.8516786e-03 1.3578265e-03 1.3349656e-04 9.9426162e-01
 6.8730168e-04 6.4328592e-04 2.5791250e-04 3.8899784e-04] [4.2006158e-04 9.8735482e-01 4.3835668e-03 1.0173527e-03 6.4117194e-04
 7.1772182e-04 5.2688050e-04 1.0077340e-03 3.9306823e-03] [7.4370479e-04 4.7047046e-04 3.6051808e-04 1.5771406e-04 3.2326340e-04
 3.7750258e-04 9.9686313e-01 1.8224417e-04 5.2153168e-04] [0.02729291 0.02371619 0.03674255 0.08375573 0.14325188 0.18980297
 0.03299805 0.03387979 0.42855993] [0.0331676  0.02258776 0.01324502 0.15339372 0.06106078 0.05658388
 0.04891256 0.06153649 0.5495122 ] [0.0622541  0.10068391 0.09390762 0.0893058  0.06370133 0.14161368
 0.0355529  0.27511445 0.1378662 ] [0.03017651 0.08375744 0.6093863  0.02276442 0.02373621 0.04446626
 0.03036072 0.1445462  0.01080595] [0.00537993 0.00511542 0.9521206  0.01815012 0.00255684 0.00217165
 0.00652571 0.00374829 0.00423147] [0.02223199 0.00508841 0.9472274  0.00490979 0.00336559 0.00131852
 0.00367537 0.00512331 0.00705961] [1.3119701e-03 7.8283809e-04 2.8776709e-04 4.1513713e-03 9.7859988e-04
 9.8589480e-01 6.9118896e-04 7.0259062e-04 5.1988834e-03] [0.02394868 0.01828696 0.0127614  0.09682664 0.03046542 0.33067188
 0.05656429 0.05070999 0.37976477] [0.01709701 0.01854786 0.02530981 0.08197651 0.03080076 0.64246684
 0.02705775 0.04466493 0.1120785 ] [2.3461308e-04 2.6639632e-04 2.8883206e-04 1.1951250e-03 1.4680591e-04
 5.5611914e-04 9.8831826e-01 4.8701707e-04 8.5068773e-03] [0.9774284  0.00371469 0.00140406 0.00131078 0.0022574  0.00531694
 0.00406596 0.0014565  0.00304531] [8.5646968e-04 2.0558652e-03 2.2576507e-03 3.2810161e-03 1.9411182e-03
 1.8532682e-02 2.4999450e-03 9.5845765e-01 1.0117611e-02] [0.04704677 0.0622462  0.01490406 0.09917039 0.04578461 0.08514037
 0.03913965 0.06472535 0.5418426 ] [7.9294649e-04 1.4714517e-03 1.5644262e-03 9.8260123e-01 1.1758042e-03
 7.4592442e-04 1.0922549e-03 1.1977497e-03 9.3582505e-03] [2.3869645e-04 9.8078066e-01 1.7280614e-02 2.4406306e-04 2.5055333e-04
 1.6527729e-04 3.7061973e-04 2.5826992e-04 4.1124201e-04] [4.5442037e-04 2.1906926e-04 5.0358759e-04 4.7683495e-04 2.1989184e-04
 1.7242023e-03 9.9430758e-01 2.1667400e-04 1.8777279e-03] [1.4112582e-03 1.4824795e-03 5.2265328e-04 3.7019018e-03 8.1257388e-04
 9.8896796e-01 4.6982378e-04 1.9958294e-03 6.3557207e-04] [0.65434784 0.10754882 0.03352245 0.02135759 0.04986825 0.01745489
 0.03480809 0.06095869 0.02013336] [0.0101837  0.01452935 0.00291186 0.00418122 0.00466292 0.00301081
 0.00406195 0.9542803  0.00217784] [8.9653872e-04 6.2531959e-03 6.0020207e-04 3.0522924e-04 1.4231381e-03
 2.4144158e-03 2.3037298e-03 9.8536682e-01 4.3670894e-04] [0.02854905 0.0762948  0.10196346 0.15748633 0.06037208 0.11519798
 0.06152554 0.14856002 0.25005075] [0.00170852 0.00184392 0.00139395 0.00861402 0.00101472 0.97221047
 0.0022298  0.00202977 0.00895485] [0.00537812 0.00430695 0.01246242 0.0046988  0.0051749  0.04874191
 0.00509128 0.9099252  0.00422043] [0.05222965 0.03454835 0.01979889 0.10952722 0.13072696 0.24758974
 0.06169958 0.0714689  0.2724107 ] [0.03269523 0.15712942 0.11030425 0.06671629 0.0723471  0.09922741
 0.09155469 0.09111588 0.27890974] [0.00283704 0.00251478 0.97352684 0.00351452 0.00230639 0.00699528
 0.00265891 0.00394678 0.00169952] [0.06192081 0.03858139 0.03868985 0.03063357 0.03200914 0.32529742
 0.08199518 0.0309755  0.35989717] [0.00464809 0.834486   0.14314483 0.00164906 0.00235738 0.00505449
 0.0018468  0.00203277 0.00478055] [0.05707267 0.07368392 0.61822844 0.04938774 0.02988769 0.05052716
 0.03996236 0.03562737 0.04562268] [0.07905034 0.14455873 0.09500905 0.2579465  0.07852332 0.05044343
 0.14145492 0.10451116 0.04850257] [2.64520902e-04 1.11665395e-04 5.00454800e-04 9.78406752e-04
 4.45900601e-04 1.08914392e-03 5.61705499e-04 9.90578949e-01
 5.46925748e-03] [0.00205696 0.00198472 0.00185472 0.00638432 0.0014042  0.9765455
 0.0017602  0.00414729 0.00386201] [1.5120755e-04 1.6692231e-04 7.5649616e-05 2.1965222e-03 1.2347946e-04
 1.2671845e-03 9.8653096e-01 5.2542554e-04 8.9626396e-03] [0.02714374 0.04803957 0.01462299 0.15894113 0.02336972 0.0437399
 0.05053749 0.03117536 0.6024301 ] [0.17790507 0.21451558 0.10123053 0.04028955 0.07356328 0.06700037
 0.05602193 0.15980358 0.10967011] [1.4460966e-04 2.3342432e-04 2.4442302e-04 3.2880050e-04 9.9576914e-01
 6.5148214e-04 6.2862318e-04 4.1457743e-04 1.5848849e-03] [2.0181056e-04 3.3142426e-04 2.0759887e-04 1.6077777e-04 9.9819106e-01
 4.1471020e-04 5.9182265e-05 1.7208581e-04 2.6129381e-04] [0.02370521 0.01360561 0.01758664 0.05565035 0.01679091 0.02716726
 0.05505897 0.03312272 0.7573123 ] [0.00736613 0.00916876 0.9109905  0.01096533 0.01253739 0.01933665
 0.0103377  0.00661373 0.01268385] [0.00745499 0.00524833 0.9746907  0.00218488 0.00208766 0.00122977
 0.00251305 0.0034005  0.0011902 ] [0.00566303 0.00548377 0.0113436  0.01573226 0.00901306 0.00857137
 0.00863576 0.02144104 0.91411614] [0.04609792 0.10188117 0.24213494 0.12282693 0.04801588 0.11872686
 0.04478037 0.05534372 0.22019221] [0.001835   0.00158697 0.00273859 0.00125674 0.98365605 0.00200187
 0.00130287 0.00160934 0.00401259] [0.11416947 0.08204553 0.13857076 0.07572064 0.06055611 0.06110464
 0.03803662 0.13455874 0.29523745] [8.2628900e-04 3.5140682e-03 8.8333553e-03 9.7497183e-01 2.4382782e-03
 1.2658484e-03 1.9089667e-03 3.0264659e-03 3.2148811e-03] [2.6925451e-03 6.3364336e-04 6.0812188e-03 9.7560829e-01 1.0454721e-03
 6.1365645e-03 1.1823603e-03 5.1390775e-03 1.4808031e-03] [2.8104933e-03 5.7088351e-03 2.7855390e-03 1.0003458e-03 7.3872390e-04
 5.9799349e-04 7.0680090e-04 9.8493516e-01 7.1613706e-04] [0.97286314 0.00251423 0.00416202 0.00149753 0.00223753 0.00314381
 0.00110658 0.00901671 0.00345839] [0.4382444  0.13862732 0.11185575 0.07882891 0.03525848 0.08587752
 0.03039271 0.05065294 0.03026197] [3.1445327e-04 8.2481645e-05 1.4832840e-04 2.9749998e-03 2.1904716e-04
 5.2167155e-04 9.9482006e-01 2.8601143e-04 6.3293090e-04] [2.2981329e-04 4.3990056e-04 5.0720805e-04 6.4897799e-04 9.9708986e-01
 1.4527576e-04 2.9130632e-04 1.8895797e-04 4.5864203e-04] [3.4793949e-04 2.0956987e-04 4.5718602e-04 1.3177058e-04 1.8056028e-04
 1.0344685e-03 2.3201165e-04 9.9705744e-01 3.4912911e-04] [5.1884854e-04 1.0904029e-03 6.2347384e-04 1.4879479e-03 9.9029750e-01
 7.4601627e-04 1.0813586e-03 7.0593623e-04 3.4484947e-03] [0.08343223 0.08638089 0.1302229  0.10662895 0.03809379 0.17924124
 0.13702956 0.07450903 0.16446139] [0.01642135 0.00535212 0.00652138 0.02393542 0.01611743 0.02129541
 0.01445087 0.02413809 0.87176794] [0.00444392 0.00571968 0.9738618  0.00339918 0.00209557 0.00151251
 0.00301878 0.00348415 0.00246445] [0.00398877 0.00209183 0.0017665  0.00686952 0.00279671 0.9589658
 0.00628684 0.00230037 0.0149337 ] [4.0870428e-04 4.2695710e-03 9.8783523e-01 1.5213798e-03 5.9765374e-04
 7.2380301e-04 1.1017571e-03 1.8454610e-03 1.6963957e-03] [2.4231414e-03 4.5835046e-04 4.0255309e-04 6.2276033e-04 9.8908955e-01
 3.3786364e-03 1.3326399e-03 8.4125658e-04 1.4510512e-03] [9.9741274e-01 4.4424567e-04 6.9260440e-04 1.9805164e-04 2.4117473e-04
 1.2759694e-04 2.6029474e-04 1.9012684e-04 4.3323150e-04] [0.00324514 0.00221713 0.00306535 0.8747918  0.00404108 0.06412882
 0.00620301 0.00788989 0.03441771] [0.00467783 0.00599477 0.00476937 0.8499287  0.00716526 0.09557462
 0.00399964 0.01478301 0.0131068 ] [4.5818576e-04 3.2878740e-04 7.9615164e-04 6.0770474e-04 9.9626321e-01
 4.4278381e-04 3.6621591e-04 2.1763085e-04 5.1927817e-04] [9.8623115e-01 4.0414552e-03 1.4604338e-03 1.0381326e-03 1.3190712e-03
 8.7484415e-04 1.0547412e-03 3.0559939e-03 9.2414388e-04] [1.9873134e-04 9.9388665e-01 1.6599550e-03 4.0505696e-04 2.9672877e-04
 2.2813012e-03 2.0602588e-04 9.2769455e-04 1.3789356e-04] [4.0546109e-04 9.9115283e-04 5.9897156e-04 9.9428409e-01 8.6193933e-04
 7.0416293e-04 7.4071961e-04 4.6562240e-04 9.4788108e-04] [0.11470618 0.24081917 0.25117594 0.05451104 0.06346625 0.07039311
 0.0715343  0.09346247 0.03993155] [0.00179275 0.00358098 0.33543262 0.6489353  0.00191587 0.00279386
 0.00070514 0.00138624 0.0034572 ] [0.01778892 0.06866495 0.01347531 0.14712358 0.03266032 0.08446088
 0.0253934  0.03194048 0.5784921 ] [0.01457869 0.02867386 0.00894716 0.06172819 0.01962338 0.626394
 0.03078407 0.01583354 0.19343713] [1.1083640e-03 1.3507493e-03 1.3384763e-03 6.8179978e-04 9.8963416e-01
 4.1436255e-03 5.5841822e-04 4.7900210e-04 7.0545863e-04] [0.02318923 0.01184816 0.01243492 0.07914835 0.03151315 0.58996964
 0.03899566 0.01791755 0.19498332] [8.0791494e-04 3.8040942e-04 7.7562319e-04 1.6693940e-03 9.9389464e-01
 1.4740471e-03 3.8462353e-04 4.0542849e-04 2.0787804e-04] [3.6740138e-03 9.7810376e-01 1.3279964e-02 5.6140748e-04 7.1424764e-04
 3.8218309e-04 8.3834433e-04 8.1699929e-04 1.6291408e-03] [1.5524129e-03 1.0985970e-03 3.7224096e-04 2.6852619e-03 1.3532297e-03
 9.8788249e-01 1.0582265e-03 1.5905919e-03 2.4069350e-03] [1.2779889e-03 1.2938440e-03 1.0987525e-03 1.8383102e-03 9.3126029e-04
 2.9571946e-03 1.4796568e-03 9.5895660e-01 3.0166361e-02] [2.5478476e-03 9.6776193e-01 1.1450819e-02 7.0897874e-04 1.3007002e-03
 8.3188619e-03 1.7470798e-03 1.6519155e-03 4.5118690e-03] [2.6686970e-04 4.3257905e-04 3.1218416e-04 2.5629535e-04 2.7013241e-04
 2.5411730e-04 9.9779773e-01 2.6173593e-04 1.4834240e-04] [1.08908600e-04 2.67509808e-04 1.05682135e-04 7.60572904e-04
 2.44818715e-04 7.92596373e-04 9.97387826e-01 1.51381653e-04
 1.80664720e-04] [7.7894023e-05 1.2881044e-04 6.1522536e-05 5.9315842e-04 8.2634273e-05
 6.6466583e-04 9.9767369e-01 5.5363734e-04 1.6397219e-04] [9.5271075e-04 7.1606279e-04 4.9830123e-04 1.5158522e-03 9.6828805e-04
 5.8797922e-04 2.5395774e-03 9.9112040e-01 1.1008920e-03] [0.02887259 0.06525253 0.11181415 0.06496041 0.03557744 0.190775
 0.35053998 0.03199259 0.12021534] [0.00868637 0.00385485 0.01027731 0.08832227 0.00712154 0.02274847
 0.00670146 0.01599268 0.83629507] [1.3290643e-03 1.2929350e-03 9.9071292e-03 9.7594053e-01 1.6110305e-03
 5.6188148e-03 2.3639866e-03 1.1188390e-03 8.1761420e-04] [0.02646923 0.10609657 0.06206431 0.02704142 0.01686195 0.03048683
 0.01560644 0.03404029 0.68133295] [0.00944469 0.00545389 0.94943786 0.00253926 0.01001424 0.01141584
 0.00397129 0.0036553  0.00406766] [0.04804279 0.38885728 0.04985594 0.07647219 0.04050556 0.124428
 0.0494004  0.02639091 0.19604695] [4.0608857e-04 2.6989100e-04 3.2450238e-04 1.7551268e-03 9.9357551e-01
 1.2412559e-03 9.2113914e-04 5.3657498e-04 9.6987595e-04] [2.0628609e-03 9.8416877e-01 9.3236862e-04 1.1269028e-03 9.8257675e-04
 3.3711893e-03 7.5763813e-04 4.3636174e-03 2.2340587e-03] [0.26502085 0.04223313 0.0619905  0.03637087 0.03509808 0.38746655
 0.03760085 0.06246738 0.07175183] [4.6517220e-04 1.2579781e-04 1.7233118e-03 9.9479169e-01 2.0590419e-04
 1.2466403e-03 1.9626952e-04 3.2194355e-04 9.2323864e-04] [0.04232135 0.23066016 0.1651129  0.06695072 0.05937136 0.09611086
 0.02885026 0.24563149 0.06499086] [9.4570726e-04 2.1132112e-03 4.9658832e-03 9.8597229e-01 8.0531562e-04
 1.6651013e-03 7.0391817e-04 1.8186729e-03 1.0099186e-03] [0.1176641  0.11520492 0.13215652 0.01478604 0.04776913 0.0971986
 0.0609263  0.16469601 0.24959837] [0.0016504  0.005457   0.00746746 0.02764475 0.00918729 0.03141879
 0.00715034 0.01221242 0.89781153] [0.02034136 0.01807925 0.00785558 0.06637134 0.01287685 0.05744139
 0.0229428  0.0340539  0.7600375 ] [0.01393216 0.0094842  0.00167499 0.00947609 0.0038437  0.01147959
 0.02016151 0.9137265  0.01622127] [0.02705334 0.02848723 0.02178725 0.12266424 0.03491214 0.5281682
 0.05451179 0.07976691 0.1026489 ] [8.0679031e-04 9.8319244e-01 5.9684445e-03 1.0455558e-03 1.8267898e-03
 1.5556512e-03 1.7065944e-03 2.6619753e-03 1.2357702e-03] [1.0708695e-03 3.2758436e-04 4.3968836e-04 3.6305920e-04 5.7162956e-04
 1.7802379e-03 1.2057455e-03 9.9301082e-01 1.2303402e-03] [3.3562764e-04 1.7492926e-04 4.8810116e-04 1.0456475e-04 9.9779248e-01
 1.8191827e-04 8.5117375e-05 2.2281846e-04 6.1447610e-04] [9.8301307e-04 2.0189181e-03 1.0092010e-03 5.7448251e-03 1.3380762e-03
 6.4298348e-04 5.2740384e-04 9.8475039e-01 2.9851892e-03] [0.02283148 0.02731276 0.05615488 0.08502401 0.02236635 0.3534746
 0.01248239 0.04119771 0.37915578] [0.00744896 0.02099057 0.00426486 0.08188906 0.01355856 0.05971522
 0.00944488 0.01036327 0.79232466] [5.7371450e-04 5.9081090e-04 3.5240210e-04 2.6446697e-04 9.9514884e-01
 2.7130623e-04 7.9599483e-04 5.5080507e-04 1.4516687e-03] [0.01840449 0.04530087 0.0178601  0.14489493 0.02940789 0.5461965
 0.02379104 0.05904401 0.11510014] [7.18397275e-03 9.57723796e-01 8.28282163e-03 2.84997467e-03
 2.45309621e-03 8.09799414e-04 3.92695703e-03 1.09386705e-02
 5.83095383e-03] [2.6226745e-04 2.9244102e-04 4.2104596e-04 2.5571676e-04 1.4794247e-04
 4.9268398e-05 9.9661297e-01 2.4574739e-04 1.7125986e-03] [0.2934228  0.07447321 0.04267578 0.16302347 0.06813265 0.09549645
 0.03908421 0.12855874 0.0951327 ]",0 4 0 4 4 1 0 3 7 0 2 2 8 0 5 6 6 3 4 1 1 8 6 4 3 0 6 7 0 1 6 3 0 5 2 2 3 6 6 7 6 7 7 8 5 6 2 0 5 7 5 2 2 3 2 2 5 0 7 6 1 4 6 5 6 0 8 8 5 0 3 1 7 4 0 4 7 6 7 7 5 0 2 3 1 7 5 4 5 3 4 0 0 3 2 0 1 4 1 7 1 1 2 0 4 1 6 3 8 1 2 2 2 5 6 8 6 0 7 8 5 1 6 5 0 7 7 8 5 7 5 2 2 5 1 2 5 7 5 6 8 0 4 4 8 2 2 8 8 4 6 3 3 7 0 1 6 4 7 4 2 8 2 5 2 4 0 3 3 4 0 1 3 3 3 8 3 4 5 4 1 5 8 1 6 6 6 7 5 8 3 8 2 1 4 1 8 3 1 3 3 8 8 7 8 1 7 4 7 8 8 4 3 1 6 5
1468,2,xgboost,0.0,2000,1144,0.8333333333333334,0.9780815972222222,"[1.5931749e-03 9.0671715e-04 8.3859041e-03 9.6058893e-01 2.9535203e-03
 1.0806703e-02 4.3774596e-03 4.1416092e-03 6.2459665e-03] [1.5924047e-04 1.1538604e-04 7.5058859e-05 8.2976674e-04 1.7410815e-04
 2.4531910e-03 1.2881454e-03 9.9325573e-01 1.6492938e-03] [0.05739941 0.03700522 0.03467013 0.11525972 0.04704696 0.13043149
 0.07856365 0.20206998 0.29755342] [5.3951197e-04 1.3002282e-03 5.9964182e-04 1.9330959e-04 3.1948480e-04
 4.3068952e-03 6.1727827e-04 9.9151176e-01 6.1182800e-04] [9.9573320e-01 1.7421978e-04 2.4293714e-04 6.6880329e-04 2.9364042e-04
 3.3000717e-04 2.2324100e-04 8.0186431e-04 1.5320694e-03] [4.9276889e-04 7.3849742e-04 9.9599421e-01 7.7444187e-04 4.2829436e-04
 1.6746834e-04 2.1868646e-04 7.9313345e-04 3.9252863e-04] [7.8560941e-02 1.8354764e-04 1.0320046e-04 8.4520900e-04 1.6661581e-04
 1.3414975e-03 9.1827106e-01 1.7849289e-04 3.4946195e-04] [3.3217313e-04 6.1079033e-04 3.8799233e-04 2.8895392e-04 9.9738377e-01
 2.8339724e-04 1.0262225e-04 1.7376806e-04 4.3648554e-04] [2.9607411e-04 9.6911113e-05 5.0001353e-04 8.2650222e-04 2.0795409e-04
 5.8079686e-04 9.9613082e-01 1.5371962e-04 1.2072152e-03] [5.0094875e-04 1.6855778e-03 2.7580169e-04 2.3392679e-03 1.1434758e-03
 4.7209645e-03 4.0257775e-04 9.8221552e-01 6.7158071e-03] [0.00444936 0.02441696 0.91894823 0.00567606 0.00515447 0.0054657
 0.00364153 0.01445753 0.01779017] [9.9695885e-01 4.1082819e-04 4.8825177e-04 2.2484944e-04 2.4636401e-04
 7.1624678e-04 5.0788798e-04 3.6201152e-04 8.4716878e-05] [0.15888572 0.11188596 0.22400023 0.03629586 0.05500862 0.03147363
 0.05108788 0.11550687 0.21585518] [0.03677227 0.01464356 0.01239825 0.05073015 0.01238016 0.05126053
 0.7149119  0.02460933 0.08229385] [0.01164988 0.0081125  0.0076535  0.4974136  0.01577658 0.05223833
 0.02415534 0.01546532 0.36753494] [9.9382246e-01 3.1325677e-03 3.3510255e-04 5.9442426e-04 1.7398848e-04
 6.8136619e-04 6.8337092e-04 1.7999436e-04 3.9676006e-04] [0.21622342 0.09387271 0.20796478 0.03658799 0.0663157  0.09796201
 0.07373216 0.07724191 0.13009936] [0.14491051 0.24199381 0.03299252 0.02422376 0.06182571 0.06767135
 0.03689199 0.07130543 0.31818488] [6.7264988e-04 4.0738870e-04 2.6758842e-03 4.4920581e-04 4.3593615e-04
 4.4136684e-04 9.9396569e-01 2.4396639e-04 7.0794922e-04] [0.11278187 0.17945392 0.28224584 0.01789716 0.02933865 0.05268116
 0.05879457 0.04644104 0.22036576] [0.00185482 0.00152984 0.0010156  0.930015   0.00119279 0.00322263
 0.00125827 0.00137685 0.0585342 ] [2.9626393e-04 1.1377976e-03 3.8949726e-04 3.0854292e-04 1.8070258e-04
 3.6413101e-03 3.2810471e-04 9.9193221e-01 1.7855280e-03] [4.5637647e-04 1.0694269e-03 9.3950663e-04 1.6808513e-04 9.9556386e-01
 4.5616110e-04 4.9252663e-04 4.3835043e-04 4.1573425e-04] [1.3333914e-03 7.3818141e-03 9.8229098e-01 8.1013271e-04 1.3002615e-03
 1.5402058e-03 5.8624567e-04 9.3970582e-04 3.8172682e-03] [0.00638113 0.00799877 0.9575563  0.00145801 0.00375807 0.01112812
 0.0033637  0.00594123 0.00241466] [0.00226594 0.00601429 0.9769707  0.00226922 0.00143613 0.00273988
 0.00218088 0.00137873 0.00474435] [2.0925066e-04 5.2412215e-04 9.9879527e-04 3.1017102e-04 9.9491417e-01
 1.1528246e-03 1.8108012e-04 5.7768961e-04 1.1319397e-03] [3.0773171e-04 2.0251330e-03 1.2111649e-03 8.1785722e-04 9.9433643e-01
 2.1460076e-04 2.3258022e-04 6.8288628e-04 1.7163919e-04] [1.1070129e-03 3.4149324e-03 9.9233800e-01 9.1564516e-04 4.9991067e-04
 8.0365385e-04 3.8954127e-04 3.9627284e-04 1.3506673e-04] [2.4065715e-03 1.6665987e-03 8.4903497e-01 1.4084393e-01 1.2742479e-03
 8.1870967e-04 1.6537302e-03 1.0891095e-03 1.2121694e-03] [0.00704369 0.9057233  0.03835499 0.00471129 0.00626347 0.02633173
 0.00228002 0.00374933 0.0055422 ] [0.01804732 0.00522092 0.01079782 0.8180228  0.00892889 0.07751196
 0.03664243 0.01418704 0.01064079] [9.9530387e-01 1.8934014e-03 4.3712562e-04 2.1770636e-04 2.9236451e-04
 1.1592092e-03 1.1745116e-04 3.0420852e-04 2.7463559e-04] [0.03195039 0.02796733 0.03244436 0.86825407 0.00661101 0.00973842
 0.00707743 0.01019984 0.00575721] [3.9301394e-04 1.3463841e-04 2.0264831e-04 9.9694842e-01 2.8116425e-04
 5.9980614e-04 2.7146525e-04 2.2429667e-04 9.4456482e-04] [1.2885148e-02 9.7193164e-01 2.6728478e-03 2.3813986e-03 1.9253653e-03
 1.8790190e-03 1.9279827e-03 3.6195854e-03 7.7702152e-04] [5.6702847e-04 9.5505279e-01 3.2965958e-02 1.7683101e-03 5.6202267e-04
 5.7772952e-03 2.9165417e-04 2.1994447e-03 8.1551203e-04] [2.0147006e-03 8.9566034e-01 9.3690723e-02 1.1794382e-03 1.5119502e-03
 2.1460983e-03 1.6493113e-03 1.5664160e-03 5.8106019e-04] [9.7840250e-01 4.6667000e-03 7.3462250e-03 3.5045389e-04 8.4856205e-04
 3.2875803e-03 2.2774509e-03 1.0349459e-03 1.7855269e-03] [0.00306047 0.0020932  0.00151255 0.91833436 0.0027721  0.02957739
 0.0147411  0.00352745 0.02438134] [0.06200885 0.38271302 0.19342493 0.02270834 0.05407191 0.03110042
 0.05679794 0.1216667  0.07550789] [4.8909191e-04 2.0821401e-04 2.5924938e-04 4.5042345e-03 6.0542009e-04
 9.9185646e-01 8.7101379e-04 3.6934248e-04 8.3698460e-04] [4.1540358e-03 1.0335338e-03 6.6402892e-04 3.9404165e-04 9.9236381e-01
 1.7508685e-04 3.0806984e-04 5.9976371e-04 3.0762274e-04] [5.1601022e-04 8.1572018e-04 5.3878187e-04 4.8073847e-03 1.5617968e-03
 1.0468437e-02 2.5244432e-03 9.6899253e-01 9.7749159e-03] [8.5748016e-04 1.6041670e-03 9.9282795e-01 5.5492349e-04 6.5756886e-04
 1.0147019e-03 9.3878520e-04 1.2152966e-03 3.2917046e-04] [2.5487790e-04 1.6169104e-04 3.1349261e-04 3.3962014e-03 6.2607374e-04
 9.9350280e-01 4.3749486e-04 5.1705516e-04 7.9031661e-04] [3.2773189e-04 2.0986925e-04 1.6374401e-04 8.3168049e-04 9.9480814e-01
 9.3458866e-04 3.1152318e-04 1.2374412e-04 2.2890212e-03] [4.3230470e-02 2.0347122e-04 1.3640884e-04 7.9611695e-04 1.2392917e-04
 2.7602739e-04 9.5351952e-01 3.8284250e-04 1.3312504e-03] [0.08780275 0.09790081 0.12428766 0.17211258 0.08384616 0.11186506
 0.15537985 0.12465131 0.04215382] [0.01239721 0.0022445  0.01323373 0.02051573 0.00726118 0.04121964
 0.77252024 0.00774754 0.12286019] [0.02214184 0.00623576 0.00875318 0.05013105 0.01836775 0.13034548
 0.0349369  0.02328087 0.7058072 ] [3.1182708e-04 4.3799818e-04 3.1791482e-04 7.4965891e-04 4.6882086e-04
 1.8441458e-03 9.6849166e-04 9.9099147e-01 3.9096400e-03] [0.05554614 0.25196707 0.10652606 0.18752292 0.07322387 0.03341806
 0.03183727 0.05447772 0.20548092] [0.00750322 0.0096677  0.00175631 0.02352737 0.01002728 0.02577271
 0.00831622 0.02063865 0.8927905 ] [0.02832556 0.0230428  0.01537457 0.30898267 0.04802309 0.06374069
 0.06326526 0.05608285 0.39316255] [0.01479966 0.04566106 0.03479458 0.01208016 0.01046319 0.01037561
 0.00561916 0.8562253  0.00998131] [1.2106607e-03 9.9223572e-01 1.2963803e-03 2.5079236e-04 5.9760653e-04
 2.8953908e-03 2.9648715e-04 6.5532443e-04 5.6166068e-04] [0.04330667 0.02387171 0.01941153 0.26596206 0.03351889 0.33083552
 0.06245791 0.02865558 0.19198008] [0.00585847 0.00164954 0.0020375  0.05178319 0.00256647 0.00696249
 0.00334884 0.003507   0.9222865 ] [1.0965747e-03 3.6696988e-04 4.3031649e-04 2.9208660e-04 9.9419075e-01
 2.9042459e-03 2.5854103e-04 3.1735495e-04 1.4317015e-04] [1.4496717e-03 1.3070494e-03 3.8716328e-04 3.0335257e-04 9.9557686e-01
 1.0127826e-04 2.6650587e-04 5.1687955e-04 9.1273214e-05] [0.0045069  0.00385987 0.00634535 0.00566867 0.00530355 0.00145446
 0.00603069 0.96007663 0.00675392] [3.7253753e-04 1.0206619e-04 1.6729269e-04 8.7579363e-05 5.2473275e-05
 4.4864346e-04 9.9721044e-01 7.4979638e-05 1.4840449e-03] [0.02652627 0.0122141  0.2322919  0.6801851  0.00919679 0.01367494
 0.01419749 0.00939507 0.00231834] [0.7871775  0.04192094 0.12137008 0.01656334 0.00833107 0.00734416
 0.00503867 0.00793124 0.00432304] [0.02065962 0.02678889 0.7218243  0.02196235 0.02191104 0.08122657
 0.03694761 0.03124976 0.03742986] [0.01288798 0.03541901 0.8888338  0.02141244 0.01092615 0.00482066
 0.00912875 0.01231419 0.00425705] [6.8497681e-04 9.8187250e-01 7.8191720e-03 4.2811414e-04 1.1072939e-03
 5.2322303e-03 5.2160502e-04 4.9727631e-04 1.8367966e-03] [1.2720727e-03 3.8228331e-03 9.8804700e-01 6.8837486e-04 5.9278856e-04
 3.0718439e-03 1.3506855e-03 5.7252991e-04 5.8187847e-04] [2.9376775e-03 5.1230146e-03 1.8074686e-03 1.8726495e-03 1.6964026e-03
 9.6835243e-04 1.3059170e-03 9.8155677e-01 2.7317207e-03] [9.9688417e-01 2.6380047e-04 1.4245708e-03 1.8202413e-04 1.5765244e-04
 2.4415174e-04 3.2939101e-04 1.2711393e-04 3.8711677e-04] [1.9397569e-04 3.8561266e-04 1.9736457e-04 3.3225561e-04 3.4271987e-04
 3.1588043e-04 9.9723959e-01 2.0182809e-04 7.9071813e-04] [5.9749349e-04 3.0403485e-04 1.1903292e-04 2.9570231e-04 2.6057288e-04
 9.9742508e-01 1.8336251e-04 4.2426775e-04 3.9050542e-04] [6.4058305e-04 2.2188223e-03 1.0557506e-03 5.7291577e-04 6.0890452e-04
 2.6188005e-04 4.3781710e-04 9.9344170e-01 7.6166075e-04] [0.04293949 0.03391926 0.03176933 0.04189618 0.04032272 0.21291453
 0.06257264 0.04151437 0.4921515 ] [2.6353868e-04 1.0403805e-04 1.7153236e-04 3.9254717e-04 2.4162920e-04
 1.1477682e-03 9.9731392e-01 2.0620234e-04 1.5882074e-04] [0.95335776 0.01411711 0.00331382 0.00211298 0.00439562 0.01088433
 0.00318034 0.00524827 0.00338974] [7.1670878e-04 6.5389520e-04 7.9474103e-04 4.6262942e-04 2.8275250e-04
 1.5898013e-03 2.0185318e-04 9.9487090e-01 4.2672944e-04] [6.1765901e-04 3.6400638e-03 9.3346491e-04 1.6806653e-04 3.4004345e-04
 6.0026953e-04 3.4651268e-04 9.9284464e-01 5.0926825e-04] [0.0015219  0.9171766  0.06914675 0.00442001 0.00109453 0.0023584
 0.00101332 0.00225952 0.00100897] [3.4711154e-03 1.2926625e-02 9.6889335e-01 6.1283754e-03 1.5416096e-03
 1.9719792e-03 2.4423234e-03 1.6879527e-03 9.3666994e-04] [0.00684702 0.9331168  0.0325556  0.00477329 0.00386956 0.00433648
 0.00530321 0.00364146 0.00555661] [2.8836878e-03 1.4359625e-03 5.2241744e-03 1.2040763e-03 3.3908032e-04
 4.0956007e-04 3.7251573e-04 9.8770463e-01 4.2635357e-04] [9.9850225e-01 1.9401933e-04 1.9970699e-04 9.1699912e-05 1.3112114e-04
 4.9882157e-05 2.8884874e-04 3.7141741e-04 1.7103068e-04] [0.10214855 0.10057656 0.33573905 0.05120378 0.08765601 0.0687386
 0.05449454 0.1450001  0.05444284] [0.13384965 0.13961127 0.06071315 0.08846197 0.07468298 0.06970061
 0.0859468  0.20828556 0.13874799] [0.8109809  0.01782316 0.00464974 0.00096626 0.00662104 0.0048531
 0.00190982 0.00247063 0.14972533] [0.07156932 0.12277291 0.20513777 0.10491421 0.06627799 0.0447352
 0.04544193 0.21878947 0.12036116] [2.8778796e-04 7.7826157e-04 1.2147239e-03 3.2362903e-05 3.0607067e-04
 1.3687115e-03 9.9516833e-01 2.3025625e-04 6.1350071e-04] [6.4668502e-04 7.4089511e-04 7.7767455e-04 2.2356649e-04 2.7655342e-04
 1.9457871e-04 9.9653000e-01 3.5475992e-04 2.5525715e-04] [3.4406732e-04 5.2721001e-04 5.1397592e-04 2.6503325e-04 3.5775380e-04
 4.0237955e-04 4.2147486e-04 9.9702662e-01 1.4151938e-04] [9.9726617e-01 1.2471677e-03 2.5646656e-04 1.3623251e-04 1.8524795e-04
 1.7795627e-04 1.8627847e-04 1.3553379e-04 4.0895314e-04] [3.5212160e-04 4.6780088e-04 3.3666699e-03 3.6440432e-04 9.9424148e-01
 3.2080029e-04 1.7636825e-04 2.2241432e-04 4.8792319e-04] [1.0745545e-03 3.2102581e-04 1.2015798e-03 6.5683373e-05 9.9539018e-01
 7.9644611e-04 2.0813006e-04 2.6981620e-04 6.7256083e-04] [0.01636612 0.8195061  0.06322695 0.02565896 0.01317027 0.02371569
 0.02385854 0.01043434 0.00406297] [9.8269296e-01 4.1358103e-03 2.3383009e-03 2.8802727e-03 9.5788360e-04
 2.0147297e-03 7.6267606e-04 2.9915415e-03 1.2258851e-03] [0.001196   0.00570957 0.0029232  0.00119007 0.00126623 0.00124935
 0.0020635  0.9815704  0.00283163] [0.02755067 0.01916926 0.8212369  0.01232147 0.01278654 0.02980188
 0.00895242 0.04499545 0.02318539] [8.4215665e-04 9.5996837e-04 1.6846136e-03 1.2449069e-03 6.6486216e-04
 6.4925905e-03 1.4327241e-03 9.0107352e-01 8.5604630e-02] [0.00915923 0.00784903 0.01384055 0.8721642  0.01154288 0.03217316
 0.00796657 0.01490532 0.03039903] [6.0179585e-04 9.8749316e-01 2.9881469e-03 1.6267017e-03 1.1557373e-03
 1.5807447e-03 5.7087542e-04 2.0808035e-03 1.9020254e-03] [1.8351628e-04 2.7440267e-04 1.2415036e-04 3.2312685e-04 1.7736565e-04
 3.2333557e-03 9.9329489e-01 1.8342681e-03 5.5491849e-04] [0.02084766 0.86558807 0.08114948 0.0058674  0.0037455  0.00744652
 0.00577257 0.00828873 0.00129405] [0.03585827 0.02573138 0.03735029 0.15874532 0.0335502  0.48703608
 0.14450078 0.04082204 0.03640562] [0.01364091 0.00400506 0.00850472 0.82923174 0.01234943 0.03481592
 0.01903469 0.0130119  0.06540559] [9.5709378e-01 1.5017946e-02 1.0546239e-02 2.7459806e-03 2.1930353e-03
 4.8241629e-03 2.2869245e-03 4.5839646e-03 7.0802722e-04] [2.2588193e-03 2.2541224e-04 5.5185752e-04 6.3466944e-04 9.9466562e-01
 1.0683504e-04 1.2504298e-03 2.5254989e-04 5.3810581e-05] [0.03291708 0.02719746 0.01910855 0.06478257 0.01833439 0.5271192
 0.03452371 0.04790771 0.22810932] [4.3242709e-03 3.7019986e-03 9.7312623e-01 3.6135977e-03 1.7338678e-03
 8.0251601e-04 3.4926445e-03 7.0827026e-03 2.1221964e-03] [7.3565572e-04 4.2808130e-03 3.6613393e-04 4.5740351e-04 9.9128491e-01
 6.0373603e-04 3.5962937e-04 7.0955732e-04 1.2020777e-03] [0.13600886 0.23013657 0.18077484 0.08533694 0.09607023 0.05636282
 0.05999833 0.08687116 0.0684403 ] [0.11350936 0.19176203 0.18365343 0.12741297 0.07813103 0.12929657
 0.05019753 0.06838603 0.05765104] [1.9519738e-04 6.7056113e-05 5.4873381e-05 3.3231056e-04 1.4821946e-04
 4.5403215e-04 9.9763846e-01 5.7799596e-04 5.3192233e-04] [1.5415868e-04 2.1048517e-04 4.1746555e-04 4.9037987e-04 9.9724066e-01
 3.4135903e-04 2.3472989e-04 5.9715612e-04 3.1356848e-04] [0.10091716 0.15945636 0.09274258 0.33029124 0.07245554 0.06807107
 0.08882979 0.03976629 0.04746995] [0.00806497 0.01480656 0.02089789 0.04250339 0.01111086 0.06421643
 0.02872873 0.03960295 0.7700682 ] [9.8929426e-04 8.9305767e-04 1.2587269e-03 2.8785274e-03 1.2016756e-03
 9.8444647e-01 2.0136971e-03 2.3520028e-03 3.9665150e-03] [0.00657669 0.00557262 0.00334279 0.01563189 0.0040958  0.07442112
 0.01299351 0.0130783  0.86428726] [0.04716625 0.07083113 0.08617362 0.1184963  0.05203192 0.4127742
 0.04236635 0.04694636 0.12321386] [4.0593287e-03 9.5282756e-03 9.6907794e-01 1.6393594e-03 2.3320902e-03
 7.1073915e-03 3.4993065e-03 1.9359795e-03 8.2033814e-04] [1.7365989e-04 4.5546345e-05 3.4881614e-05 8.4568874e-04 1.5847676e-04
 7.2075677e-04 9.9637896e-01 1.4882517e-04 1.4932029e-03] [0.00603446 0.83517134 0.1355312  0.00430509 0.0056238  0.00412029
 0.00146376 0.00414909 0.003601  ] [4.0640368e-04 3.4760009e-04 1.0470310e-03 5.6189712e-04 9.9663407e-01
 2.8621612e-04 3.6602397e-04 2.1708780e-04 1.3372286e-04] [6.9057272e-04 1.2851200e-03 6.8204838e-04 3.8223325e-03 1.9511804e-03
 9.8351395e-01 4.3026078e-04 4.1240798e-03 3.5004851e-03] [0.0665307  0.08760673 0.08025134 0.03587557 0.0438388  0.46400785
 0.04533678 0.03360631 0.14294589] [0.03060196 0.04618854 0.01664209 0.2785198  0.03513503 0.14228837
 0.08948777 0.09300523 0.26813117] [0.01306247 0.00584278 0.02408654 0.68724126 0.01176389 0.03948802
 0.01566832 0.00605547 0.1967913 ] [0.00584097 0.9443618  0.00648965 0.00121611 0.00305869 0.00205005
 0.00274708 0.03204446 0.00219122] [0.9711865  0.00736932 0.00392592 0.00212028 0.00370862 0.00155987
 0.00281997 0.00595068 0.00135886] [0.00343242 0.00629408 0.01234762 0.83937037 0.00658751 0.06020213
 0.0125111  0.007821   0.05143375] [9.9171782e-01 8.8943524e-04 5.7448953e-04 6.7121122e-04 8.9168071e-04
 1.0778395e-03 1.9731664e-03 1.1307355e-03 1.0736027e-03] [0.13867629 0.24303523 0.13728195 0.04227548 0.0575049  0.12811588
 0.09536266 0.09041545 0.06733216] [1.1141762e-04 8.2246705e-05 1.8291622e-04 6.2810967e-04 1.6736264e-04
 5.8950315e-04 9.9756843e-01 2.3661256e-04 4.3338945e-04] [3.5941400e-04 1.9831226e-04 2.1447720e-04 1.6905386e-03 2.3895396e-04
 9.8782992e-01 7.0148974e-04 3.7150760e-04 8.3954437e-03] [0.04813193 0.14196314 0.07677172 0.05746923 0.06168576 0.05010092
 0.03692419 0.17009772 0.3568554 ] [7.5521611e-04 1.2227420e-03 1.3640016e-02 9.8259789e-01 3.9506351e-04
 1.9016083e-04 4.6315233e-04 3.6240657e-04 3.7337822e-04] [3.5207873e-04 3.2140306e-04 1.7077322e-04 1.1852406e-03 6.2043912e-04
 6.1150906e-03 2.0153471e-03 9.8248798e-01 6.7316210e-03] [0.10080471 0.04318485 0.13246737 0.06957447 0.06780745 0.1262739
 0.23261385 0.1332681  0.09400526] [0.01372925 0.00891448 0.83765984 0.07493369 0.01656533 0.00964846
 0.00743233 0.01683392 0.01428267] [0.03291382 0.02803937 0.14321698 0.01241508 0.01262083 0.06074715
 0.04333028 0.04165281 0.62506366] [1.1384477e-03 4.7172475e-04 3.0143486e-04 2.0408635e-03 9.9292432e-04
 9.8839104e-01 6.6042301e-04 8.4795465e-04 5.1551922e-03] [0.0044995  0.00898952 0.00388765 0.03157115 0.0051683  0.01854148
 0.00452465 0.00937303 0.91344476] [1.5829876e-03 1.3661350e-03 2.0255074e-03 3.8404320e-04 9.8795778e-01
 1.0862085e-03 1.6460811e-03 2.1393567e-03 1.8119510e-03] [1.5038772e-03 9.8826617e-01 3.6928295e-03 1.6097999e-03 8.5948361e-04
 6.5952702e-04 6.8533869e-04 8.0472644e-04 1.9182042e-03] [0.00436455 0.05534451 0.9053556  0.00578601 0.00510809 0.00655823
 0.00595649 0.00706958 0.00445696] [0.00271045 0.00227825 0.00239683 0.00557104 0.00498834 0.02887182
 0.00439407 0.00368141 0.9451078 ] [1.3407177e-03 6.3564640e-04 2.0472563e-03 1.0987710e-02 9.2491001e-01
 5.7319449e-03 1.4773733e-03 1.5034217e-03 5.1365905e-02] [0.01594206 0.01048589 0.88156587 0.00566181 0.02784071 0.02138956
 0.00400495 0.01122986 0.02187926] [0.4336331  0.12034937 0.17050715 0.08180893 0.03107019 0.06421191
 0.02440596 0.04256025 0.03145311] [1.0299127e-04 3.9112259e-04 4.1594045e-04 1.8882571e-04 9.9796116e-01
 4.9070141e-04 9.8445307e-05 2.9757692e-04 5.3264910e-05] [9.9671268e-01 1.2551859e-03 1.4326528e-04 2.3863578e-04 3.0981502e-04
 1.7511444e-04 1.6224779e-04 3.4959271e-04 6.5348338e-04] [0.00146812 0.00109379 0.0020346  0.0014489  0.0014596  0.00244142
 0.00214061 0.9811453  0.00676763] [0.03698833 0.01960822 0.00421201 0.04097693 0.01554178 0.42590073
 0.04713808 0.022866   0.38676798] [0.005428   0.91248244 0.0314135  0.01506957 0.00273869 0.01605953
 0.00583675 0.00689855 0.00407297] [8.7983033e-04 1.8082823e-03 7.8165793e-04 3.6598239e-04 9.9392492e-01
 1.1386166e-03 1.8790281e-04 7.6864020e-04 1.4413359e-04] [1.2770888e-03 5.4338702e-04 1.5335598e-03 9.7498202e-01 2.0979538e-03
 3.3088552e-03 1.6835809e-03 7.0581131e-04 1.3867745e-02] [9.9257725e-01 4.3315389e-03 3.9801124e-04 4.7465926e-04 1.9844189e-04
 1.1030840e-03 2.3666525e-04 3.9258835e-04 2.8773892e-04] [0.00300743 0.00717515 0.91261166 0.01472802 0.00390578 0.04381966
 0.00303272 0.00888245 0.00283713] [6.7463017e-04 7.6781499e-04 5.9544342e-04 1.3990893e-03 6.6979328e-04
 9.8740560e-01 1.4299762e-03 1.7301294e-03 5.3274841e-03] [9.0343319e-04 1.1624825e-03 9.9244410e-01 1.8653483e-03 2.3317664e-04
 3.4133054e-04 1.7599100e-03 4.1364296e-04 8.7660213e-04] [6.03867462e-04 4.11644723e-04 3.20861954e-03 1.71585160e-03
 9.89777029e-01 1.02613754e-04 2.94735190e-04 4.69846855e-04
 3.41572380e-03] [0.0083569  0.00538064 0.01856936 0.91777945 0.0140421  0.01502263
 0.01245553 0.00595528 0.00243811] [0.11230214 0.00864994 0.03356568 0.06393542 0.01987167 0.03489016
 0.01580837 0.04975124 0.6612254 ] [1.0642684e-03 6.0391478e-04 2.9211072e-04 3.3289141e-03 6.7562266e-04
 2.2837666e-03 4.7899233e-04 9.8808527e-01 3.1871395e-03] [0.09370603 0.2985249  0.05380436 0.03093825 0.06085509 0.20703533
 0.06224075 0.06433316 0.12856212] [1.3438938e-03 2.0151210e-03 4.5960268e-04 9.4938669e-03 1.3180685e-03
 2.0908522e-03 2.5705660e-03 6.1304206e-03 9.7457767e-01] [0.01439454 0.8063577  0.1400235  0.0077126  0.00597289 0.00709341
 0.00265537 0.00384219 0.01194786] [0.00695044 0.00728628 0.00374418 0.00965258 0.0066669  0.0218581
 0.01293484 0.01097429 0.9199324 ] [9.9565339e-01 1.6912367e-03 1.0608914e-03 5.3257280e-04 1.7282591e-04
 1.4908715e-04 3.3767556e-04 2.4717714e-04 1.5506943e-04] [9.9379879e-01 1.6208247e-03 4.5053387e-04 1.1885051e-04 4.7080289e-04
 3.6685597e-04 6.7189202e-04 1.8985034e-03 6.0296746e-04] [2.2067535e-03 9.7254610e-01 1.0845739e-02 7.7111204e-04 1.5827261e-03
 3.2057494e-03 1.8541268e-03 1.1477520e-03 5.8399388e-03] [0.00397831 0.00453047 0.00771913 0.8010848  0.00331485 0.02806219
 0.01465735 0.00768764 0.1289652 ] [1.0952048e-03 9.8455334e-01 1.6413165e-03 1.5889489e-03 9.1513549e-04
 4.3832706e-04 1.8079216e-03 5.9150737e-03 2.0447650e-03] [3.3256441e-04 1.6732853e-04 1.7146365e-04 1.1180760e-03 3.2062817e-04
 1.3496645e-03 9.9387002e-01 3.8905995e-04 2.2811827e-03] [1.1104961e-04 8.0787373e-05 7.5525939e-05 3.6704328e-04 1.2202904e-04
 1.7640842e-03 9.9719632e-01 1.4439094e-04 1.3875378e-04] [2.6065169e-04 1.5500101e-04 2.1756344e-04 9.8458747e-04 9.9598217e-01
 3.1876590e-04 2.3965849e-04 8.3045143e-04 1.0111375e-03] [0.04042197 0.08667647 0.02758338 0.0523649  0.03641452 0.51667494
 0.04715118 0.04280815 0.1499045 ] [8.1834855e-04 3.2425567e-03 1.0960622e-03 2.6399372e-04 9.9207956e-01
 5.0364470e-04 4.1607805e-04 7.7907729e-04 8.0068968e-04] [1.0365284e-03 1.3612026e-03 9.8799664e-01 7.1248757e-03 7.3371938e-04
 3.0623798e-04 4.9507665e-04 5.2493543e-04 4.2076656e-04] [7.0703856e-04 9.0833491e-01 7.7584147e-02 4.3814755e-03 9.8481716e-04
 2.6085530e-03 2.8413956e-03 1.0040250e-03 1.5537051e-03] [0.01958411 0.04641779 0.8348512  0.00628641 0.02136255 0.0203684
 0.0132557  0.01762642 0.02024748] [0.02058464 0.02835338 0.011299   0.26311672 0.02947489 0.3386229
 0.13414432 0.03155681 0.14284737] [1.8810341e-04 4.1397358e-04 9.1208442e-04 1.7975317e-03 6.0136802e-04
 9.9173939e-01 1.2288141e-03 1.0264650e-03 2.0923044e-03] [2.44219135e-03 8.77337396e-01 1.09026074e-01 8.00857204e-04
 1.69859477e-03 1.24963641e-03 9.61438403e-04 2.22041272e-03
 4.26334701e-03] [9.4944413e-04 5.9233035e-04 8.5118494e-04 1.6438313e-03 6.5948145e-04
 5.3092826e-04 6.6249591e-04 9.9331045e-01 7.9987134e-04] [9.9325317e-01 6.2674878e-04 1.2849550e-03 5.9856399e-04 3.4054185e-04
 2.6161247e-03 6.4401445e-04 4.4058383e-04 1.9533977e-04] [2.0397975e-04 6.1235612e-04 5.0232862e-04 3.1804128e-04 3.1637444e-04
 5.3597533e-04 9.9639028e-01 2.6446657e-04 8.5614354e-04] [4.6592296e-04 1.9414254e-04 4.1761939e-04 1.4704255e-03 3.6471171e-04
 7.1087165e-04 1.4659540e-03 9.8950493e-01 5.4054121e-03] [0.00664706 0.00698946 0.01677182 0.01699361 0.01293081 0.15089555
 0.02027431 0.02801163 0.7404857 ] [0.00242821 0.00604269 0.9781908  0.00226251 0.00200825 0.00215239
 0.00260923 0.0022559  0.00205003] [0.00245327 0.96306443 0.01797752 0.00264302 0.00218677 0.00295405
 0.00195065 0.00438074 0.00238958] [0.02518085 0.07570804 0.01607144 0.1429169  0.02058913 0.10810437
 0.03031964 0.01359212 0.5675175 ] [1.3441638e-02 5.1068353e-05 1.2586384e-04 1.7904817e-03 2.7655775e-04
 7.2128064e-04 9.8277563e-01 1.7389232e-04 6.4364460e-04] [0.04481859 0.0367903  0.02971924 0.05864958 0.03187776 0.6986065
 0.02114457 0.05799729 0.02039621] [0.00408246 0.00249723 0.01372226 0.96111214 0.00246504 0.00744844
 0.00430517 0.00185977 0.00250744] [2.6685194e-04 2.8202555e-04 2.4956002e-04 1.1982033e-03 1.5894465e-04
 3.4929762e-04 9.9689341e-01 2.4036186e-04 3.6132606e-04] [0.10146531 0.12541616 0.06219102 0.13707487 0.03663589 0.31028536
 0.05452392 0.06593711 0.10647039] [0.02011746 0.03851458 0.8159664  0.01489147 0.02350969 0.01289733
 0.01623171 0.0407716  0.01709975] [8.8434271e-04 2.2246372e-03 6.4245707e-01 3.4987718e-01 8.4184390e-04
 6.0505426e-04 1.0065569e-03 4.7524480e-04 1.6281025e-03] [4.9279159e-04 2.3512609e-04 3.4562650e-04 9.8529202e-01 3.7759545e-04
 7.2198887e-03 9.4827596e-04 4.8099089e-04 4.6076151e-03] [6.0542458e-04 3.0194805e-04 5.1474554e-04 1.7782990e-03 5.9787167e-04
 9.8681402e-01 1.3483190e-03 1.6770541e-03 6.3623451e-03] [5.0181540e-04 5.2221364e-04 2.5625920e-04 1.2485360e-04 9.9789208e-01
 2.0806643e-04 1.5274045e-04 1.4431404e-04 1.9772077e-04] [3.8803974e-04 1.8840665e-03 4.6385996e-04 3.6444373e-03 1.2673651e-03
 4.2665382e-03 2.7048483e-03 2.1297862e-03 9.8325104e-01] [0.00200582 0.01477811 0.37393212 0.5812586  0.00226106 0.00632667
 0.00468057 0.01298842 0.0017686 ] [2.0377813e-03 9.9037218e-01 2.6894095e-03 7.4925617e-04 6.2150415e-04
 1.1348967e-03 6.1059120e-04 1.0901109e-03 6.9423689e-04] [2.1732874e-04 1.0193529e-03 7.7855989e-04 1.3638153e-03 4.7313666e-04
 2.3712861e-04 2.3578080e-04 9.9554175e-01 1.3320192e-04] [9.9420339e-01 3.6412390e-04 9.2724792e-04 1.5099385e-03 3.9441232e-04
 3.3396174e-04 1.9621575e-04 1.4904981e-03 5.8015675e-04] [0.8969803  0.0034355  0.00206254 0.02476942 0.00952293 0.03789596
 0.00816589 0.00774861 0.00941882] [3.7298710e-04 1.5748007e-03 5.4516789e-04 1.6013172e-03 9.9389327e-01
 8.8000490e-04 1.7484772e-04 4.6694788e-04 4.9068249e-04] [2.8718042e-04 1.1269928e-04 8.1205151e-05 9.6968753e-04 3.1065472e-04
 9.7383285e-04 9.9640298e-01 2.5415132e-04 6.0764502e-04] [4.3853064e-04 1.8325415e-04 4.2670508e-04 9.7450101e-01 9.0188376e-04
 7.3064221e-03 1.4687615e-02 4.9794547e-04 1.0566508e-03] [9.9616587e-01 2.1636549e-03 6.3977129e-04 9.0630405e-05 2.3610146e-04
 1.8413062e-04 1.5038412e-04 2.6718053e-04 1.0224885e-04] [4.2185179e-04 9.9565721e-01 5.5072131e-04 3.4264693e-04 2.6541462e-04
 3.1056907e-04 7.1287737e-04 5.2957452e-04 1.2091852e-03] [1.0708377e-03 7.8931521e-04 8.9341815e-04 3.3666384e-03 8.3453895e-04
 6.7853229e-03 3.2179160e-03 9.6681309e-01 1.6228929e-02] [3.1425196e-04 3.5377929e-04 1.6111595e-04 3.3455677e-04 9.9785334e-01
 2.0462672e-04 1.5553010e-04 2.5361218e-04 3.6917385e-04] [9.7742632e-05 1.6783678e-04 4.1455722e-05 8.1788027e-04 2.9088088e-04
 9.1413158e-04 9.9655992e-01 9.3164977e-05 1.0170204e-03]",3 7 5 7 0 2 8 4 6 7 2 0 2 6 8 0 6 2 6 8 8 7 4 2 2 2 4 4 2 3 1 3 0 3 3 1 1 1 0 3 3 5 4 7 2 5 4 6 5 6 8 7 8 8 6 7 1 8 8 4 4 7 6 2 0 2 3 1 2 7 0 6 5 7 5 6 0 7 7 1 2 1 7 0 5 6 8 5 6 6 7 0 4 4 1 0 7 1 8 3 1 6 1 5 3 0 4 5 2 4 5 5 6 4 5 8 5 8 8 2 6 1 4 5 3 3 3 1 0 3 0 8 6 5 7 3 7 0 2 8 5 8 4 1 3 8 4 2 0 4 0 7 7 1 4 3 0 2 5 2 4 3 3 7 8 8 1 8 0 0 1 3 1 6 6 4 5 4 2 1 2 5 5 1 7 0 6 7 5 2 1 8 6 5 3 6 8 2 2 3 5 4 8 3 1 7 0 0 4 6 3 0 1 7 4 6
1468,3,xgboost,0.0,2000,1144,0.875,0.9847366898148147,"[0.05230014 0.04864585 0.09168956 0.04137077 0.05645968 0.42101467
 0.03409091 0.03834726 0.21608116] [1.9349252e-03 2.4920012e-04 9.9496233e-01 7.7156903e-04 3.6392192e-04
 5.5732834e-04 5.5049290e-04 4.5966590e-04 1.5054015e-04] [7.2961506e-05 1.7829747e-04 1.4203730e-04 4.4529609e-04 3.7238005e-04
 1.2833417e-03 9.9351889e-01 3.1486279e-04 3.6718852e-03] [0.03754947 0.0568079  0.14034483 0.34170142 0.02793473 0.20826484
 0.02118798 0.04884542 0.11736338] [0.00192437 0.01123605 0.00136453 0.96742487 0.00135945 0.00949962
 0.00149653 0.00315429 0.00254029] [0.00157994 0.00135502 0.0010539  0.00833744 0.00137254 0.94526345
 0.0160113  0.00229839 0.022728  ] [3.7460562e-04 3.6131250e-04 2.1456889e-04 7.1832417e-03 6.4598175e-04
 9.7521883e-01 1.3564470e-03 6.0551462e-04 1.4039502e-02] [3.7957731e-04 2.8076940e-04 1.9745495e-04 3.2072820e-04 9.9781239e-01
 1.1040773e-04 2.1540087e-04 4.8455031e-04 1.9864827e-04] [0.01354061 0.00942243 0.93744296 0.00483758 0.00814651 0.0061127
 0.00523407 0.0051784  0.01008477] [0.01726007 0.02549684 0.03285035 0.86913425 0.00686066 0.00426781
 0.0117235  0.01564941 0.01675715] [0.0027701  0.00429463 0.24320547 0.68231046 0.00461072 0.01342528
 0.00774411 0.00510577 0.03653342] [9.9360728e-01 6.7485042e-04 4.1688411e-04 6.1888079e-04 7.6022145e-04
 8.0629688e-04 1.0297284e-03 1.8410727e-03 2.4476569e-04] [8.6843409e-04 2.8025925e-03 4.4936602e-04 1.6441894e-03 5.8349606e-04
 3.8166178e-04 5.5851083e-04 9.9171770e-01 9.9399907e-04] [0.0451956  0.03076649 0.38677418 0.07446252 0.03140707 0.03867583
 0.03903688 0.08511052 0.26857096] [9.2993525e-04 9.9025285e-01 3.3364568e-03 7.7318435e-04 5.1799358e-04
 1.2155466e-03 3.8406759e-04 1.6082213e-03 9.8170398e-04] [0.06618465 0.03038016 0.0227846  0.04715257 0.04630886 0.33628798
 0.09721456 0.04131697 0.31236967] [1.8110542e-04 3.3586114e-04 2.2208638e-04 2.1292293e-03 9.9087322e-01
 6.2372960e-04 2.9911048e-04 2.9816551e-04 5.0374568e-03] [4.7876884e-04 1.0908347e-03 4.1871614e-04 1.9492555e-03 7.7357329e-04
 9.8322701e-01 3.3942508e-03 1.8145200e-03 6.8530287e-03] [0.00184265 0.00317801 0.00217098 0.00639034 0.0023984  0.02851178
 0.00309176 0.00270509 0.94971097] [0.00179851 0.00360673 0.00132853 0.00666486 0.0020412  0.01226917
 0.00142374 0.9377955  0.03307173] [2.1536413e-03 1.2311706e-03 1.0197395e-03 2.0783807e-03 9.9025095e-01
 6.4701668e-04 7.9812470e-04 6.3175953e-04 1.1892319e-03] [0.03647211 0.02633028 0.0283818  0.26788774 0.0309751  0.31564957
 0.07586917 0.04332763 0.17510661] [4.0862549e-04 6.5685622e-04 3.5649462e-04 1.0693896e-03 7.3545612e-04
 9.8770940e-01 1.6532480e-03 8.0885051e-04 6.6017313e-03] [4.9237697e-04 2.8506067e-04 5.0287461e-04 1.4580047e-03 1.2617472e-03
 9.9146867e-01 1.7193507e-03 1.1264941e-03 1.6854844e-03] [4.7613392e-04 5.7811971e-04 1.4434480e-04 9.1514096e-04 2.5214232e-04
 2.0587198e-03 9.9406093e-01 4.0509997e-04 1.1093247e-03] [0.9790757  0.00509076 0.00116277 0.00237291 0.0029899  0.00214838
 0.00224413 0.00224342 0.00267206] [0.15318109 0.06635935 0.03710121 0.06446023 0.07506979 0.16685003
 0.13197486 0.0605684  0.2444351 ] [1.6888797e-04 6.6608581e-04 1.3853067e-04 1.7844776e-04 9.9752885e-01
 1.4536495e-04 4.9928954e-04 3.0890200e-04 3.6560479e-04] [0.01089521 0.01817356 0.9452073  0.00255709 0.0018423  0.00335839
 0.00274592 0.00356256 0.01165772] [5.3714681e-04 2.3957292e-04 4.5140402e-04 9.8992318e-01 4.3384818e-04
 1.0888366e-03 3.1932717e-04 6.6730788e-04 6.3394150e-03] [2.0994063e-04 1.8613550e-04 1.8701216e-04 1.2010146e-03 9.9593830e-01
 2.6003018e-04 3.2187687e-04 2.7503978e-04 1.4205965e-03] [9.7891939e-01 8.4114098e-04 2.4346532e-03 4.7472510e-03 8.9412532e-04
 6.2115430e-03 1.0124696e-03 1.9782116e-03 2.9611578e-03] [0.02302654 0.06960893 0.82148856 0.03207817 0.00528302 0.00993564
 0.02166172 0.00683308 0.01008436] [4.67423524e-04 6.18580962e-04 4.18819749e-04 1.15678995e-04
 9.97592986e-01 1.16586714e-04 1.66252226e-04 1.04681923e-04
 3.98956472e-04] [0.00375514 0.00976063 0.9465467  0.00714714 0.00739228 0.00183547
 0.00341543 0.00796311 0.01218411] [1.9867600e-04 1.5844849e-04 4.2714560e-04 1.0257929e-03 2.7406518e-04
 8.9475041e-04 9.9427819e-01 4.1567738e-04 2.3271914e-03] [0.07827257 0.31985325 0.4066747  0.01955845 0.02190698 0.08821284
 0.01752132 0.03116731 0.01683257] [9.9823916e-01 1.8666092e-04 4.2900266e-04 6.0386181e-05 2.1230795e-04
 1.4776997e-04 3.6584475e-04 2.0501550e-04 1.5388610e-04] [3.9771467e-04 2.0576683e-03 4.9921358e-04 7.1929384e-04 5.7965348e-04
 5.0905556e-04 2.4614536e-04 9.9416357e-01 8.2771422e-04] [4.2160353e-04 4.3597052e-04 8.7274052e-04 8.6498604e-04 1.8489067e-04
 1.4573348e-03 9.9518520e-01 2.0831954e-04 3.6899696e-04] [0.03994438 0.03023465 0.01573704 0.538712   0.03495868 0.16593641
 0.01620184 0.06685166 0.09142333] [1.0471439e-03 7.6344988e-04 8.7654684e-04 3.8387370e-04 4.1670230e-04
 1.7355743e-03 9.9404377e-01 4.8047866e-04 2.5247483e-04] [1.2007096e-03 9.8869240e-01 1.4467773e-03 1.7469157e-03 1.1563929e-03
 5.6254398e-04 1.7937263e-03 1.2043406e-03 2.1961522e-03] [3.7841097e-04 7.5853552e-04 3.6023324e-03 3.0980376e-04 9.9291199e-01
 8.3689863e-04 3.3036957e-04 4.9975741e-04 3.7186663e-04] [2.0549481e-03 2.8677403e-03 9.8814231e-01 7.4933044e-04 8.6132530e-04
 1.3401100e-03 5.6005083e-04 1.7847645e-03 1.6393508e-03] [4.9124978e-04 2.8747329e-04 3.0868952e-04 1.7271549e-03 9.8621911e-01
 8.4363710e-04 8.9797168e-04 3.7796263e-04 8.8468110e-03] [3.3480272e-04 2.4378275e-04 2.1327852e-04 1.0746483e-03 1.4133773e-04
 1.6924329e-03 9.9543071e-01 1.1277404e-04 7.5620011e-04] [3.4727791e-04 5.1197194e-04 4.2197871e-04 2.4112211e-04 9.9679488e-01
 9.8129362e-04 3.0030662e-04 2.1167632e-04 1.8954539e-04] [0.14080748 0.12940039 0.10837442 0.14134523 0.07606857 0.2208053
 0.0793795  0.08307638 0.02074269] [0.03489698 0.08424129 0.03672918 0.27171484 0.06196159 0.09786322
 0.09425806 0.06867075 0.24966408] [9.6214708e-04 9.9643505e-01 7.7031134e-04 5.0709280e-04 2.8140645e-04
 1.9330640e-04 1.4818023e-04 4.1801314e-04 2.8448825e-04] [0.00456904 0.03501299 0.00383385 0.00353163 0.00675153 0.01254953
 0.01051643 0.9122978  0.01093719] [0.1269773  0.04556941 0.13880742 0.09430344 0.14306304 0.12905824
 0.10330866 0.10748421 0.11142827] [0.03612944 0.29315227 0.42951182 0.04201848 0.01176798 0.1315823
 0.01378407 0.01704965 0.02500392] [9.9509603e-01 1.4830090e-03 2.5548562e-04 4.8874231e-04 1.8278197e-04
 6.4322987e-04 4.6245882e-04 7.5375236e-04 6.3442660e-04] [1.1346083e-02 9.6499115e-01 4.2395373e-03 8.2642371e-03 1.4192420e-03
 5.4150610e-03 2.0991545e-03 1.7878055e-03 4.3772423e-04] [0.0058509  0.9622488  0.00594953 0.0036246  0.00232207 0.00872223
 0.00260673 0.00421022 0.00446485] [4.1314986e-04 1.1122858e-03 3.9698827e-04 6.1902305e-04 2.4457366e-04
 4.3266072e-04 2.4144043e-04 9.9612623e-01 4.1362253e-04] [0.03263881 0.0572512  0.09611348 0.1256315  0.07310045 0.11558527
 0.05691374 0.09497642 0.3477891 ] [0.09659703 0.2525153  0.10963491 0.02364808 0.0366709  0.06858499
 0.13381937 0.1362877  0.14224175] [9.9434942e-01 7.6461089e-04 7.5442402e-04 1.1467620e-03 1.8359972e-04
 8.9419057e-04 2.4122222e-04 7.6521270e-04 9.0052118e-04] [1.8001953e-04 2.5241612e-04 9.9105258e-05 7.2981720e-04 1.6067114e-04
 5.3713727e-04 9.9668944e-01 1.6677403e-04 1.1845798e-03] [3.2888677e-03 9.8946941e-01 1.7405497e-03 6.7685085e-04 3.8291721e-04
 8.6879666e-04 1.2641712e-03 1.0642719e-03 1.2441704e-03] [2.2172992e-04 1.3177070e-03 2.2142383e-03 2.1723629e-04 9.9512488e-01
 1.5694663e-04 1.5293287e-04 4.5083719e-04 1.4356276e-04] [0.00801916 0.00182434 0.00124457 0.00822703 0.00493899 0.0097614
 0.00396401 0.9590782  0.00294227] [3.5504389e-04 3.4544893e-04 3.8177408e-03 9.8481214e-01 5.5062672e-04
 9.2977961e-04 3.9792014e-04 6.6277815e-04 8.1285872e-03] [0.01310764 0.839628   0.0106536  0.03309419 0.00712817 0.06467571
 0.01492192 0.00596017 0.01083066] [1.2195582e-03 3.3484190e-04 1.5613955e-01 7.8556722e-01 9.7936089e-04
 9.0791900e-03 7.8935403e-04 7.0360559e-04 4.5187365e-02] [0.02372074 0.03416092 0.01293581 0.05605554 0.02412162 0.065584
 0.0725449  0.0362188  0.6746577 ] [1.2147654e-03 1.1494353e-03 9.8444057e-01 4.0243845e-03 6.9876789e-04
 1.6553216e-03 1.3127212e-03 3.0485438e-03 2.4554688e-03] [0.02283039 0.0188413  0.02045111 0.15470934 0.03028343 0.1069885
 0.14745101 0.02323054 0.47521433] [0.00197682 0.00359959 0.00312322 0.8257021  0.00211564 0.01353797
 0.00277881 0.00472497 0.14244084] [2.3138227e-03 9.8805434e-01 1.6737909e-03 5.5594777e-04 5.5944425e-04
 8.0302771e-04 1.9731303e-03 5.8803230e-04 3.4784337e-03] [1.3932746e-03 9.8952568e-01 3.9346516e-03 1.2274878e-03 7.6671405e-04
 1.7086938e-03 7.6772424e-04 4.9825938e-04 1.7755663e-04] [0.88906217 0.01599674 0.0432024  0.01023356 0.00578369 0.01112002
 0.00464444 0.00421373 0.01574332] [0.06127962 0.07136885 0.66753846 0.029725   0.02115102 0.04314377
 0.02329614 0.06094744 0.02154973] [0.00266945 0.9565339  0.02045743 0.00463576 0.00242978 0.005725
 0.0019198  0.00436839 0.0012605 ] [9.9761909e-01 5.1391829e-04 2.8486273e-04 9.8505843e-05 2.4813559e-04
 3.3109792e-04 1.8819139e-04 2.9826094e-04 4.1794431e-04] [2.1513850e-04 2.3102970e-04 1.3317321e-04 2.6161451e-04 4.9716490e-04
 3.2653743e-03 9.9385309e-01 2.7327792e-04 1.2701285e-03] [7.0865656e-04 1.0318486e-03 3.0444920e-04 6.1543792e-04 4.1982706e-04
 3.7501639e-04 9.9569631e-01 7.3416461e-04 1.1429177e-04] [1.1985102e-03 5.8136596e-03 9.7774541e-01 7.2283051e-03 6.1275839e-04
 2.1987662e-03 3.1901586e-03 1.4991837e-03 5.1327382e-04] [0.00756306 0.01431262 0.00548662 0.00434233 0.00451856 0.00620686
 0.00403984 0.94244385 0.01108624] [3.3380999e-04 6.5204484e-04 3.0642678e-04 2.5085808e-04 9.9718922e-01
 5.0498924e-04 2.4339915e-04 1.4865502e-04 3.7063091e-04] [0.01181464 0.03212655 0.01778152 0.4239572  0.01578693 0.14718908
 0.025086   0.02970325 0.29655486] [0.00194587 0.00226009 0.00152238 0.01954224 0.00253199 0.02036866
 0.00508458 0.00519961 0.9415446 ] [0.00128258 0.00634495 0.6894823  0.28741705 0.00182471 0.00155166
 0.00119696 0.00160548 0.00929435] [0.00213522 0.00235705 0.00108042 0.0088081  0.00219577 0.01075857
 0.00222697 0.00166672 0.96877116] [0.03157382 0.01060155 0.91739994 0.01546111 0.00427003 0.00342801
 0.00627677 0.00868303 0.00230573] [1.9643537e-03 9.8917449e-01 1.7844151e-03 3.4887195e-03 4.9178116e-04
 1.0446099e-03 4.7061432e-04 1.0474647e-03 5.3356303e-04] [1.2846825e-04 1.5758854e-04 2.3196865e-04 4.9618375e-04 2.1297748e-04
 1.2842722e-03 9.9511635e-01 1.4194111e-04 2.2302093e-03] [0.02759304 0.03687007 0.08434477 0.13192403 0.0431785  0.1885206
 0.08658043 0.07901009 0.32197848] [7.6612673e-04 8.2974433e-04 5.4505607e-04 6.6333602e-04 9.7756553e-01
 7.5088800e-03 8.8572390e-03 1.0875199e-03 2.1765451e-03] [0.03212037 0.06994686 0.01122102 0.09173342 0.07125079 0.15131046
 0.05794534 0.06545361 0.44901815] [0.00720024 0.01401785 0.01286096 0.03793884 0.01904288 0.0518168
 0.01413746 0.02638774 0.8165973 ] [7.9249736e-04 3.0479077e-04 3.1957400e-04 7.7423808e-04 8.1521453e-04
 9.9142087e-01 7.2114985e-04 1.4877404e-03 3.3639516e-03] [0.15370439 0.17344156 0.36846492 0.03152677 0.06105444 0.05837599
 0.03396463 0.07131912 0.04814817] [9.9518812e-01 2.0400421e-03 3.2159608e-04 6.7189417e-04 1.5940594e-04
 6.1998819e-04 2.0780742e-04 2.9347438e-04 4.9762346e-04] [0.95788574 0.0086878  0.00926106 0.00451892 0.0031992  0.00210163
 0.00419189 0.00552989 0.00462385] [8.5709384e-04 6.2554673e-04 3.1897117e-04 5.8715632e-03 1.2006764e-03
 3.8087578e-03 4.8998366e-03 9.7835791e-01 4.0596165e-03] [0.01335162 0.02674931 0.5368824  0.19743077 0.0150738  0.11793628
 0.02192536 0.02232421 0.04832624] [9.9491704e-01 6.8108988e-04 2.4236258e-04 5.8080355e-04 4.6657355e-04
 1.5138494e-03 7.9737214e-04 3.9603096e-04 4.0485186e-04] [2.1514943e-04 1.3232004e-03 6.5557170e-04 2.3842095e-04 9.9625140e-01
 3.6913311e-04 1.9800846e-04 1.8181407e-04 5.6735863e-04] [0.12495878 0.16035488 0.10862635 0.08383416 0.07391904 0.16327229
 0.06655874 0.07344429 0.14503147] [1.4576752e-04 1.6273969e-04 2.6328492e-04 6.1829283e-04 1.8601291e-04
 4.4090243e-04 9.9256855e-01 2.0515975e-04 5.4092207e-03] [5.0233951e-04 4.4466907e-04 4.7532935e-03 9.5785362e-01 6.0073251e-04
 3.6916293e-03 1.0968593e-03 6.8688655e-04 3.0369986e-02] [3.2600082e-04 1.3428375e-04 2.5004122e-04 6.8055457e-03 4.0601837e-04
 9.8912328e-01 1.0433716e-03 6.9646991e-04 1.2150428e-03] [0.863384   0.01260823 0.01112231 0.0156891  0.00927394 0.00502793
 0.01448293 0.01272553 0.05568597] [6.2775600e-04 3.3062790e-04 6.3014030e-04 4.3099126e-04 4.7624559e-04
 4.2054386e-04 9.9632061e-01 2.8103808e-04 4.8202465e-04] [2.5628495e-04 3.2681553e-04 4.2736632e-04 1.1258771e-03 9.9168891e-01
 2.5595170e-03 7.7883067e-04 6.2507286e-04 2.2113656e-03] [0.01341151 0.02015334 0.06083265 0.01717017 0.0077128  0.02606662
 0.0111611  0.02389766 0.8195941 ] [9.9529892e-01 9.5227151e-04 3.3209356e-04 7.5041770e-04 3.2418538e-04
 5.2921404e-04 6.9643109e-04 7.4661901e-04 3.6983506e-04] [6.5893942e-04 1.7711063e-04 3.2572058e-04 1.3119249e-04 2.5915442e-04
 6.5998157e-04 1.7566263e-04 9.9716371e-01 4.4845260e-04] [2.2982986e-04 4.1735588e-04 6.3164858e-04 4.8752685e-04 4.7834098e-04
 2.5760240e-03 4.4293661e-04 9.9368829e-01 1.0480541e-03] [4.0232384e-04 4.2468970e-04 3.3466626e-04 2.9732869e-03 5.1236228e-04
 1.3844196e-03 5.9553812e-04 9.9055707e-01 2.8155658e-03] [9.6860086e-04 1.0401594e-02 1.9074047e-03 2.4399813e-03 1.2258640e-03
 1.7371275e-03 1.0760282e-03 9.7974008e-01 5.0337333e-04] [0.01468763 0.0042386  0.00328078 0.0280714  0.00673213 0.01512085
 0.8931422  0.01000892 0.02471746] [6.35222474e-04 4.26712912e-04 8.11172475e-04 1.15257106e-04
 3.32475436e-04 5.48237411e-04 2.70045217e-04 9.96677995e-01
 1.82924021e-04] [0.0021565  0.00164754 0.16694409 0.79375374 0.0020052  0.01166351
 0.00197007 0.00179972 0.01805966] [3.2918826e-03 9.8764867e-01 1.9035165e-03 2.0731352e-03 9.3915639e-04
 5.6702259e-04 4.6704078e-04 2.2861790e-03 8.2336867e-04] [0.05294511 0.11356525 0.03872707 0.22201174 0.05421541 0.19506301
 0.064387   0.09199788 0.16708755] [1.1797175e-03 1.6677303e-03 7.9983892e-04 7.0734024e-03 9.8616576e-01
 8.3072664e-04 6.3328730e-04 1.3756892e-03 2.7380924e-04] [3.7171820e-04 7.3543296e-04 2.0701243e-03 9.9172276e-01 3.9175726e-04
 1.8958007e-03 6.5425056e-04 6.5192243e-04 1.5061947e-03] [0.05127754 0.19180419 0.12177044 0.07107801 0.09447743 0.25984487
 0.10201632 0.07653077 0.03120042] [9.6818653e-04 9.9287874e-01 2.0788212e-03 2.3294908e-04 7.7556004e-04
 5.2343908e-04 2.9341082e-04 8.7414286e-04 1.3747961e-03] [2.2723112e-04 2.6596506e-04 2.2186870e-04 2.9809863e-04 5.2706001e-04
 9.9100620e-01 3.6247040e-04 7.3085487e-04 6.3602077e-03] [9.9692947e-01 4.5513245e-04 4.0723872e-04 5.5794074e-04 3.0394204e-04
 3.2108559e-04 2.2257712e-04 3.2334350e-04 4.7928287e-04] [9.5618673e-04 4.1733723e-04 5.2767288e-04 1.1335751e-03 5.6488457e-04
 3.8979240e-02 2.2815948e-03 2.1575554e-03 9.5298189e-01] [0.01291503 0.02240805 0.00822248 0.08837535 0.01760098 0.42160186
 0.03252563 0.02719099 0.3691596 ] [9.9015629e-01 2.0767683e-03 5.5053239e-03 1.5918488e-04 4.5312924e-04
 3.1645497e-04 5.0085422e-04 6.1369513e-04 2.1825744e-04] [0.00158251 0.00868954 0.9605766  0.011934   0.00227692 0.00178425
 0.00332893 0.00322403 0.00660324] [3.1085103e-04 1.7752970e-04 1.8784845e-04 5.2051543e-04 9.9461764e-01
 1.4120244e-03 3.2275124e-04 1.8557745e-04 2.2652668e-03] [0.00098248 0.00100203 0.00126678 0.00418614 0.00169564 0.9713907
 0.00314378 0.0011866  0.01514585] [0.00353199 0.00208092 0.00158864 0.96930313 0.00279078 0.00199702
 0.00263723 0.00305655 0.01301373] [9.8323363e-01 3.2081020e-03 1.6044709e-03 7.3932257e-04 1.5608015e-03
 2.1568227e-03 7.3941273e-04 4.5418884e-03 2.2155133e-03] [4.5853094e-04 1.6099612e-03 3.2625414e-04 1.1995318e-03 3.2090332e-04
 2.4118699e-04 3.2571072e-04 9.9541759e-01 1.0035471e-04] [7.6589710e-04 6.2988541e-04 3.5523894e-04 1.2398845e-03 5.4349459e-04
 1.1003441e-03 6.7079032e-04 9.9365211e-01 1.0423494e-03] [0.16885948 0.20413665 0.2147605  0.09821937 0.06405987 0.01583627
 0.06029892 0.08665145 0.08717752] [9.5917976e-01 8.7134680e-03 2.6532069e-03 2.1755965e-02 2.0251577e-03
 1.5822157e-03 7.7134976e-04 1.9131076e-03 1.4057937e-03] [0.00136428 0.00295459 0.00135817 0.9701127  0.00317894 0.00340273
 0.00917879 0.00257317 0.00587668] [2.6111043e-04 1.6010465e-04 9.8135817e-05 1.7891293e-04 1.9750104e-04
 8.9266675e-04 9.9751043e-01 9.7711280e-05 6.0336059e-04] [3.8406908e-04 6.3204119e-04 4.4880112e-04 8.2665449e-03 6.5432803e-04
 9.8320651e-01 6.0145004e-04 2.5725760e-03 3.2336647e-03] [0.08615467 0.02231892 0.01819815 0.03611013 0.02189075 0.05887631
 0.01917335 0.02808293 0.7091948 ] [0.00577999 0.028913   0.9322067  0.00832498 0.00329561 0.00325928
 0.0037864  0.00685633 0.00757779] [0.0692661  0.06774231 0.02345667 0.19891736 0.04849595 0.06174346
 0.18866932 0.03800451 0.30370435] [0.6064768  0.05181416 0.06176554 0.02644881 0.02683659 0.07626005
 0.05840511 0.05722311 0.03476987] [2.3996239e-03 1.3530762e-03 1.8353428e-03 1.1492113e-03 6.7007233e-04
 8.7007467e-04 3.3882584e-03 9.8756170e-01 7.7260059e-04] [9.7931767e-01 1.1831305e-02 1.3273197e-03 1.1385885e-03 1.7258327e-03
 1.7565172e-03 1.1664679e-03 1.2675130e-03 4.6877528e-04] [0.04631162 0.01791315 0.02152031 0.0606677  0.05157777 0.21448752
 0.0435513  0.05663905 0.48733157] [7.4125163e-04 8.6444418e-04 5.8331457e-04 8.9680508e-04 2.0697007e-03
 9.8201722e-01 8.4593182e-04 2.7900236e-03 9.1913482e-03] [0.03001471 0.06153871 0.55139196 0.03236873 0.05808072 0.04462982
 0.08303726 0.08786287 0.05107521] [6.4596679e-04 6.6803640e-04 2.4424423e-04 7.3800894e-04 9.9626273e-01
 3.7115044e-04 7.4415479e-04 2.3231009e-04 9.3415969e-05] [0.01022554 0.0073101  0.00457708 0.01176764 0.0046366  0.0462575
 0.00933959 0.8946204  0.01126549] [9.9670702e-01 5.0752365e-04 2.1990512e-04 2.9436045e-04 5.3420663e-04
 4.1232017e-04 1.6520820e-04 3.7060768e-04 7.8884634e-04] [0.00141552 0.98290724 0.002171   0.00473595 0.0010192  0.0030143
 0.0016492  0.0016172  0.00147036] [1.4066137e-03 9.9128973e-01 4.6477052e-03 5.3526042e-04 2.6980630e-04
 1.8999164e-04 9.7095262e-04 2.9462873e-04 3.9534870e-04] [7.9825164e-05 1.1070816e-04 2.1398738e-04 5.4824562e-04 2.0158158e-04
 1.0997371e-03 9.9697673e-01 1.9128200e-04 5.7790708e-04] [1.6212869e-03 1.9810174e-03 9.8635364e-01 5.0938828e-04 5.7913695e-04
 4.3305927e-03 1.8048174e-03 9.6873386e-04 1.8514592e-03] [1.3278383e-03 9.8835784e-01 4.9223442e-04 6.5354402e-03 4.5678020e-04
 1.0640459e-03 4.2044118e-04 8.2220737e-04 5.2314473e-04] [0.03030821 0.02446442 0.0139151  0.00678817 0.01212892 0.01921965
 0.00706463 0.00546748 0.8806435 ] [5.8486953e-04 6.2439381e-04 7.9651637e-04 3.5366730e-04 6.8438397e-04
 8.7389111e-04 5.5154588e-04 9.9454427e-01 9.8648504e-04] [2.1210003e-03 9.9385697e-01 6.5074756e-04 3.6824451e-04 3.4475714e-04
 3.8911140e-04 8.3132519e-04 2.7583161e-04 1.1620445e-03] [1.7639477e-04 1.8178564e-04 1.2866632e-04 2.2229405e-04 2.6332246e-04
 1.3394648e-03 9.9562460e-01 2.1858196e-04 1.8449196e-03] [2.5396452e-03 2.4575540e-03 9.8653227e-01 4.0394771e-03 8.2710106e-04
 7.4088981e-04 1.0381396e-03 1.0529334e-03 7.7206211e-04] [0.04495046 0.3602094  0.06701142 0.13313667 0.08079758 0.09091911
 0.11202516 0.04709689 0.06385331] [1.8751597e-04 6.2141934e-04 2.0448037e-04 1.5331458e-04 1.0549464e-04
 4.7170272e-04 9.9785030e-01 2.5008031e-04 1.5566153e-04] [0.04496042 0.13229066 0.10506608 0.0231846  0.0259135  0.04366307
 0.01961664 0.02646253 0.5788425 ] [6.2046002e-04 8.8728720e-04 1.6988990e-04 2.3630219e-04 3.7678733e-04
 2.3385652e-04 9.9675131e-01 4.7867102e-04 2.4550414e-04] [4.5913149e-04 2.3101710e-04 2.7295618e-04 1.9659698e-03 6.1795383e-04
 5.3182425e-04 1.1186140e-03 9.9251270e-01 2.2898000e-03] [0.00285294 0.00147709 0.14181642 0.8385071  0.00146002 0.00721734
 0.00171643 0.00159924 0.0033534 ] [4.0866784e-04 2.8968515e-04 1.1449891e-04 5.3120975e-04 2.0456089e-04
 5.0453999e-04 9.9560392e-01 5.7972764e-04 1.7632593e-03] [9.5434714e-04 9.4798836e-04 1.2920557e-03 1.0663064e-02 1.4987329e-03
 4.7558304e-03 4.2104116e-03 1.5367190e-03 9.7414082e-01] [1.4404072e-04 7.9021724e-05 8.4105115e-05 4.3510643e-04 1.9293299e-04
 8.1452634e-03 9.8786688e-01 1.4437272e-04 2.9082394e-03] [0.02331039 0.01596094 0.02340888 0.06067758 0.02626774 0.461967
 0.02084548 0.05819678 0.30936518] [1.97230795e-04 1.55455040e-04 1.06513566e-04 5.18190907e-04
 1.06571584e-04 3.44070443e-03 9.94443715e-01 2.69686949e-04
 7.61950680e-04] [3.6077574e-04 3.7933013e-04 9.9475491e-01 1.7495292e-03 2.0068687e-04
 3.8290987e-04 2.5228321e-04 8.5769547e-04 1.0619130e-03] [1.6531813e-03 2.1473062e-03 8.0614770e-03 8.0619269e-04 9.8779378e-04
 5.2789837e-04 1.8688263e-03 9.8355919e-01 3.8812208e-04] [0.11829946 0.13295129 0.10881672 0.11739793 0.07012825 0.23204719
 0.08222476 0.09017806 0.04795634] [0.00231738 0.00237744 0.48890987 0.45275986 0.00212513 0.01366337
 0.00224128 0.00283421 0.03277141] [7.1429758e-04 2.1045239e-04 8.1881107e-04 1.0516385e-04 9.9732494e-01
 3.2342275e-04 9.9316196e-05 2.1080332e-04 1.9279993e-04] [0.00199244 0.00343858 0.00184616 0.00114948 0.00144102 0.9680891
 0.00793436 0.00498636 0.00912249] [1.3379808e-04 2.6152533e-04 2.1754988e-04 2.5712748e-04 9.9753892e-01
 7.0846538e-05 2.1638494e-04 1.1862153e-04 1.1852407e-03] [0.02554286 0.01775659 0.91025263 0.00400705 0.00703175 0.00290114
 0.00688326 0.01344181 0.01218288] [2.2690718e-04 9.7760488e-04 2.8346473e-04 2.6523610e-04 9.9658197e-01
 7.6476380e-04 3.9509175e-04 3.3815167e-04 1.6685753e-04] [0.0222518  0.01526271 0.01619031 0.05671127 0.04145708 0.05375541
 0.02848939 0.04276676 0.72311527] [2.5476075e-03 1.5275670e-03 3.4235364e-03 6.3336274e-04 9.8693246e-01
 7.3911832e-04 2.4812235e-03 1.0796620e-03 6.3549518e-04] [0.01076882 0.01953371 0.01168562 0.04256702 0.01107836 0.03143356
 0.00849165 0.01718346 0.8472578 ] [2.8755044e-04 3.7471164e-04 4.8850157e-04 4.7756013e-04 4.4231565e-04
 1.5626020e-04 9.9635458e-01 6.2395452e-04 7.9461274e-04] [7.7845709e-04 9.7480696e-01 4.1677128e-03 1.6764508e-03 4.5848819e-03
 2.3790342e-03 1.9192818e-03 5.9667537e-03 3.7204614e-03] [2.6263195e-04 8.1121537e-04 5.0390261e-04 2.2471814e-04 9.9356705e-01
 2.6928913e-04 4.1501300e-04 3.0057193e-04 3.6456352e-03] [0.00129615 0.00146039 0.08541948 0.8852579  0.0034779  0.01377825
 0.00189    0.00209173 0.00532822] [5.7414605e-04 3.1945060e-04 4.4961210e-04 1.0605828e-03 4.5248118e-04
 1.9073229e-03 9.9436569e-01 4.1113747e-04 4.5958874e-04] [0.1441132  0.14195286 0.36580712 0.02998755 0.05793414 0.02230689
 0.06904338 0.11092352 0.05793137] [0.05497615 0.11465505 0.14917164 0.10142199 0.0363683  0.2996717
 0.07189774 0.05117125 0.12066616] [0.00320504 0.00748227 0.00986917 0.0161672  0.00488098 0.03281241
 0.01456702 0.01009047 0.90092546] [9.9483830e-01 1.4076831e-03 4.0482331e-04 2.4870943e-04 1.3896082e-04
 1.6555339e-03 2.9019843e-04 3.6422841e-04 6.5150223e-04] [0.00126472 0.60370725 0.3696872  0.01179914 0.00148765 0.0033314
 0.0039953  0.00285415 0.00187317] [0.0056139  0.00337774 0.01170332 0.00191778 0.00449799 0.9580539
 0.00266378 0.00321173 0.00895982] [9.9680614e-01 1.3018240e-03 2.3294784e-04 6.1516394e-04 1.7776072e-04
 1.2993636e-04 2.7988502e-04 2.9666131e-04 1.5965504e-04] [8.3438831e-04 7.8223419e-04 1.0700632e-03 4.6045365e-04 9.9448699e-01
 3.8492141e-04 3.1908642e-04 4.3623298e-04 1.2255932e-03] [3.7897113e-04 9.9594587e-01 1.2068927e-03 4.0632708e-04 3.3920896e-04
 3.8536990e-04 3.8000819e-04 5.1348074e-04 4.4384753e-04] [0.00423166 0.9745423  0.00203203 0.00380622 0.00232026 0.00589598
 0.00179835 0.00218176 0.00319145] [0.02706061 0.05523254 0.04689522 0.12473597 0.04280432 0.14576007
 0.19986565 0.03454779 0.32309783] [1.8483574e-04 2.4569751e-04 2.3577784e-04 6.7445944e-04 1.6252504e-04
 9.5779373e-04 9.9597746e-01 2.9612140e-04 1.2653957e-03] [0.9771691  0.00189776 0.0055174  0.00138628 0.00191892 0.00590101
 0.00344116 0.00165727 0.00111111] [1.1573627e-03 5.9350883e-04 7.5455999e-04 1.0419264e-03 6.4782845e-04
 1.7554313e-04 2.5544272e-04 9.9502569e-01 3.4808923e-04] [1.1221172e-03 9.8516011e-01 6.7834835e-03 1.1167543e-03 1.2430719e-03
 1.9032144e-03 7.5479504e-04 8.8183407e-04 1.0346207e-03] [0.00538194 0.00463726 0.00244549 0.01381987 0.00659359 0.09642059
 0.01131336 0.00715861 0.8522293 ] [0.00592808 0.01887702 0.9283678  0.00815661 0.00373678 0.01353478
 0.01137418 0.00808381 0.00194098] [9.9420434e-01 1.6815457e-03 2.1857700e-04 6.7083735e-04 4.2063164e-04
 7.8340364e-04 1.3614047e-03 4.8836565e-04 1.7088439e-04] [7.2527392e-04 5.0410553e-04 3.7755541e-04 2.4279610e-03 7.4659334e-04
 9.8383743e-01 1.2255250e-03 7.9033466e-04 9.3652001e-03] [1.3220031e-03 4.7900973e-04 7.4871612e-04 3.0105843e-04 3.4236873e-04
 4.4308722e-04 1.5695560e-04 9.9598604e-01 2.2070987e-04] [0.02748139 0.07388177 0.0666433  0.12103264 0.03056835 0.39410686
 0.05247051 0.06005991 0.17375523] [0.01868482 0.01240506 0.0236588  0.02984325 0.00918479 0.03998439
 0.02176794 0.02510478 0.8193662 ] [9.9702877e-01 3.4358323e-04 6.3598412e-04 9.9760124e-05 1.9583805e-04
 6.4332719e-04 2.8025202e-04 3.3380880e-04 4.3873696e-04] [2.0062017e-04 6.2039943e-04 2.3786843e-04 4.1980570e-04 6.2863628e-04
 4.7012419e-04 2.5968716e-04 9.9668199e-01 4.8090468e-04] [6.0085329e-04 4.8735167e-04 4.6260448e-04 5.1873614e-04 9.9478120e-01
 3.3349684e-04 6.2198285e-04 1.7785626e-03 4.1521218e-04]",8 2 6 3 3 5 5 4 2 3 3 0 7 3 1 8 4 5 8 7 4 5 5 5 6 0 8 4 2 3 4 0 2 4 2 6 2 0 7 6 3 6 1 4 2 4 6 4 2 8 1 7 5 2 0 1 1 7 8 3 0 6 1 4 7 3 1 3 8 2 5 8 1 1 0 2 1 0 6 6 2 7 4 8 8 3 8 3 1 6 3 4 8 3 5 2 0 1 7 2 0 4 8 6 3 5 0 6 4 8 0 7 7 7 7 6 7 3 1 5 4 3 5 1 5 0 8 5 0 2 4 5 3 0 7 7 5 0 3 6 5 1 2 8 0 7 0 3 5 2 4 7 0 1 1 6 2 1 8 7 1 6 2 5 6 8 6 7 3 6 8 6 5 6 2 7 8 3 4 5 4 2 4 8 4 8 6 1 4 3 6 2 2 8 0 1 5 0 4 1 1 5 6 0 7 1 8 2 0 5 7 7 3 0 7 4
1468,4,xgboost,0.0,2000,1144,0.8518518518518519,0.9844714506172839,"[0.11781609 0.08669829 0.51660585 0.05823012 0.04752398 0.0341965
 0.05361139 0.03569418 0.04962358] [3.3697806e-04 4.9457513e-04 1.0353653e-03 9.9362141e-01 6.9646974e-04
 6.5422157e-04 5.7069998e-04 1.2952338e-03 1.2950661e-03] [0.0207323  0.01876343 0.01884021 0.19905627 0.03109874 0.3365031
 0.04316864 0.12440663 0.20743068] [0.00164911 0.00245029 0.00100558 0.00982007 0.00161496 0.9771846
 0.00180049 0.00177129 0.00270364] [7.4741091e-03 3.2503584e-03 1.7774133e-03 9.6596060e-03 2.4227377e-03
 1.2801542e-03 7.4588712e-03 9.6602517e-01 6.5153395e-04] [0.00124486 0.00217942 0.00155055 0.00344912 0.97692376 0.00293377
 0.00263337 0.00195215 0.00713297] [1.0553275e-03 5.5709336e-04 9.6669921e-04 1.3946436e-03 1.2111453e-03
 9.8735446e-01 1.5961891e-03 9.0578420e-04 4.9586659e-03] [0.02855434 0.00943146 0.00990657 0.10485451 0.02105412 0.12710188
 0.04087938 0.01620739 0.6420104 ] [0.01632589 0.15282701 0.0427208  0.62272996 0.02151342 0.08112102
 0.01604137 0.01899427 0.02772625] [6.9292041e-04 9.7573107e-01 1.7108934e-02 3.6458194e-04 5.7064870e-04
 2.0394509e-03 3.6441753e-04 6.8289140e-04 2.4450640e-03] [7.1944416e-01 2.7233789e-02 3.0545909e-02 2.1718350e-01 1.1660731e-03
 1.2115336e-03 5.4249627e-04 9.8459516e-04 1.6879389e-03] [0.0075938  0.00657472 0.19114396 0.71505284 0.00715493 0.00804875
 0.00331602 0.01595544 0.04515957] [0.01939381 0.01056006 0.00847967 0.13003011 0.01506271 0.04144789
 0.03370329 0.0160572  0.72526526] [1.2427091e-04 4.6659718e-04 3.5688453e-04 2.7563528e-04 9.9790812e-01
 1.7413752e-04 1.2000710e-04 2.1127707e-04 3.6308885e-04] [0.07898497 0.05594478 0.02150887 0.20468047 0.06219675 0.18941891
 0.07857349 0.2197502  0.08894154] [3.6575389e-04 1.0791073e-03 5.7193235e-04 5.1028623e-05 9.9702471e-01
 5.4263743e-04 6.4505861e-05 1.7489251e-04 1.2542827e-04] [0.03236332 0.01759475 0.00442155 0.07882443 0.01710058 0.0811114
 0.07047044 0.03043899 0.6676746 ] [0.09544379 0.01837637 0.01798039 0.20342606 0.04440312 0.32714915
 0.03687067 0.05307903 0.2032714 ] [0.10147361 0.05822295 0.06354714 0.14209817 0.04777261 0.31787354
 0.04191021 0.03956347 0.18753834] [0.00499654 0.94608986 0.00827011 0.0052169  0.00591191 0.01812652
 0.00365355 0.00468724 0.00304738] [9.97669280e-01 3.41189327e-04 1.95130458e-04 4.16211959e-04
 2.64661881e-04 4.72607004e-04 1.16539726e-04 2.66658782e-04
 2.57707841e-04] [6.3746126e-04 9.2897028e-01 5.7058904e-02 1.1286730e-03 8.6311408e-04
 7.4707237e-03 5.0756166e-04 1.9575013e-03 1.4058121e-03] [0.13078892 0.10014536 0.17506252 0.10879474 0.07938396 0.17079076
 0.08700096 0.09294402 0.05508873] [9.9334258e-01 6.9316133e-04 1.0962678e-03 2.7532887e-04 1.1156367e-03
 6.4945774e-04 1.6252889e-03 6.9684559e-04 5.0544855e-04] [0.02745105 0.01188468 0.01132875 0.4153306  0.01775609 0.03433898
 0.02865445 0.02184078 0.43141463] [6.8147457e-04 8.5630635e-04 1.3591720e-03 8.0170733e-04 9.8915404e-01
 2.2397165e-03 5.9110980e-04 9.8742452e-04 3.3290335e-03] [0.16608524 0.13563913 0.19939831 0.02639173 0.06635033 0.06193211
 0.03473534 0.09593887 0.21352889] [9.6208410e-04 9.8909611e-01 5.5767568e-03 1.0514854e-03 5.8892969e-04
 5.7878852e-04 3.7684018e-04 5.2855996e-04 1.2405114e-03] [1.6051244e-04 1.1306027e-03 2.4345233e-04 1.0302181e-03 3.3704229e-04
 9.9395931e-01 9.3170220e-04 7.6174585e-04 1.4454630e-03] [1.4915169e-04 4.9767748e-04 6.7254575e-04 2.1351670e-04 2.6730294e-04
 2.4425078e-04 1.1294166e-03 9.9663454e-01 1.9167316e-04] [2.3498553e-04 1.0256502e-03 7.2244755e-03 6.6573045e-04 9.8941445e-01
 4.7488764e-04 2.1690206e-04 1.4998899e-04 5.9297751e-04] [0.02080828 0.06136841 0.01550025 0.3326576  0.05302654 0.23853742
 0.02905931 0.09582772 0.15321451] [0.11019395 0.05263496 0.05365124 0.10122045 0.0475017  0.21513264
 0.07996728 0.06910258 0.27059522] [1.0643633e-03 2.1541110e-04 1.9581780e-04 9.8516834e-01 4.6919269e-04
 3.5101706e-03 2.1480438e-03 1.0140092e-03 6.2146881e-03] [4.1769826e-04 9.3771011e-04 2.5455485e-04 7.6107518e-04 4.3268912e-04
 6.3630001e-04 2.8245634e-04 9.9563885e-01 6.3865853e-04] [1.7570515e-04 4.0681002e-04 1.6429645e-04 1.4059066e-03 9.9553007e-01
 1.0735038e-03 4.5760674e-04 5.2150595e-04 2.6461019e-04] [3.2021751e-04 1.5211252e-04 2.3443416e-04 1.2867531e-03 3.4218401e-04
 3.3169216e-04 9.9383706e-01 5.5594696e-04 2.9395618e-03] [0.0951763  0.0226533  0.14549284 0.16081996 0.03669319 0.38300025
 0.02940844 0.06526013 0.06149561] [1.8641468e-04 9.3800598e-04 6.1772892e-04 3.7980909e-04 9.9667609e-01
 4.4691481e-04 1.9813709e-04 2.3570482e-04 3.2123367e-04] [0.00150745 0.98417443 0.00154409 0.001017   0.00138373 0.00295793
 0.00418983 0.00141012 0.00181542] [7.4829644e-04 6.1093429e-03 9.8567837e-01 9.0451661e-04 1.5324766e-03
 1.2803595e-03 8.7873038e-04 1.6698503e-03 1.1980670e-03] [9.8837900e-01 1.2889798e-03 5.1558227e-03 9.0906763e-04 7.8894204e-04
 1.3905736e-03 5.6892738e-04 8.0014119e-04 7.1848999e-04] [0.10929324 0.12505719 0.0464406  0.1495192  0.04383532 0.36851135
 0.0480833  0.04305032 0.06620951] [0.00287635 0.04337594 0.00752817 0.90817153 0.01280719 0.00813461
 0.00396358 0.00816454 0.00497809] [9.9520290e-01 1.2902897e-03 5.7587156e-04 3.4244682e-04 2.6031293e-04
 1.3482793e-03 3.2106120e-04 5.1727536e-04 1.4154440e-04] [0.03486631 0.04748912 0.04186681 0.18374011 0.04413355 0.1181356
 0.03639556 0.128006   0.3653669 ] [5.2442290e-03 1.9893351e-03 8.2214345e-04 9.5695388e-01 2.9372917e-03
 2.3222840e-03 9.3191713e-03 2.9967390e-03 1.7414939e-02] [0.0183842  0.01603678 0.00476786 0.0265713  0.0138149  0.01885945
 0.01839859 0.01777067 0.86539626] [0.07136376 0.13655551 0.13762628 0.02928406 0.0922066  0.10336988
 0.06124705 0.05323495 0.31511188] [5.3605862e-04 3.9582886e-03 2.0165076e-03 1.1335392e-03 9.8946929e-01
 1.2821576e-03 3.7349691e-04 9.2041213e-04 3.1018010e-04] [0.00494769 0.00456127 0.0036033  0.02153609 0.0065821  0.01311276
 0.9269681  0.01646937 0.00221931] [9.5177500e-04 2.1412037e-03 9.8678952e-01 4.6218873e-04 6.0736560e-03
 4.8776137e-04 1.5238132e-03 8.6296443e-04 7.0705800e-04] [1.1802365e-03 9.0946006e-03 9.6997416e-01 3.1943214e-03 1.7278693e-03
 7.7804215e-03 9.4598287e-04 2.6592261e-03 3.4431443e-03] [1.6361895e-03 1.8014177e-03 9.9102461e-01 1.3301086e-03 1.0084868e-03
 9.1287924e-04 7.9217530e-04 8.5375656e-04 6.4033119e-04] [1.2857445e-03 9.8982543e-01 3.0139624e-03 1.0831195e-03 4.4641420e-04
 4.0260796e-04 1.1057268e-03 7.8923168e-04 2.0477974e-03] [2.0327140e-04 4.9583334e-04 1.1278440e-03 8.3601574e-04 9.9585861e-01
 8.2441320e-04 2.8559985e-04 1.8487591e-04 1.8349930e-04] [5.9891376e-04 2.0338974e-03 2.8795782e-03 9.9191862e-01 4.8589642e-04
 9.5717609e-04 5.2465906e-04 3.5295784e-04 2.4826347e-04] [2.6065405e-04 2.6683958e-04 2.3401293e-04 1.2090730e-03 9.9451232e-01
 6.5213651e-04 2.8184630e-04 2.0233347e-04 2.3807548e-03] [9.9733269e-01 4.5194148e-04 1.8872622e-04 3.5422773e-04 4.4422821e-04
 4.7055495e-04 2.4046363e-04 2.2646868e-04 2.9076627e-04] [0.03736527 0.02090662 0.02670159 0.29907444 0.0352827  0.27763203
 0.06622127 0.05695287 0.17986318] [9.9770528e-01 2.0989633e-04 4.2174969e-04 1.8619846e-04 1.9790145e-04
 3.0665082e-04 5.8597804e-04 1.9084029e-04 1.9555815e-04] [0.01650262 0.0599446  0.02259433 0.12145236 0.04434456 0.2778462
 0.0559013  0.11565878 0.2857553 ] [5.3587503e-04 3.8793069e-04 9.9528754e-01 1.3790422e-03 3.2872800e-04
 5.3860433e-04 4.4980668e-04 4.0496307e-04 6.8748684e-04] [0.09481785 0.4185755  0.33332625 0.02107855 0.00967088 0.05742341
 0.02511283 0.01984207 0.02015261] [0.01641834 0.01770468 0.02631959 0.06942712 0.03944762 0.41794002
 0.03424506 0.0359656  0.34253192] [1.2814745e-03 5.9066117e-03 1.1688313e-03 7.1771798e-04 1.1669183e-03
 7.6200217e-03 1.3137695e-03 9.7981262e-01 1.0120837e-03] [9.9707210e-01 1.5122569e-03 2.3645400e-04 1.4828557e-04 1.4334756e-04
 1.8811887e-04 2.9707458e-04 2.5106102e-04 1.5132131e-04] [6.25430024e-04 9.88725126e-01 7.15939468e-03 1.19468474e-04
 5.42405527e-04 9.99093172e-04 7.26851984e-04 3.97182768e-04
 7.05074111e-04] [0.02499227 0.05664165 0.0282238  0.02708894 0.03919265 0.14108971
 0.03791977 0.03664877 0.60820246] [1.3729791e-03 8.3079818e-04 1.1622949e-03 6.3781993e-04 2.3014197e-04
 9.9001487e-04 9.9394894e-01 4.2265470e-04 4.0432374e-04] [1.4883147e-04 2.3246204e-04 3.6903087e-04 9.9653220e-01 3.8071666e-04
 3.3358214e-04 4.4942697e-04 6.2321022e-04 9.3049923e-04] [4.2110827e-04 8.0386555e-04 2.4688037e-04 6.3101482e-04 1.2812633e-03
 3.1097725e-04 9.9573624e-01 1.6795847e-04 4.0064519e-04] [5.5486016e-04 5.1073718e-04 1.6400532e-03 9.8906553e-01 8.6362287e-04
 3.0806181e-03 8.2883314e-04 1.1615354e-03 2.2942342e-03] [8.2562503e-05 7.5045733e-05 7.7794168e-05 7.7272365e-05 1.4924440e-04
 6.5045751e-04 9.9200386e-01 4.7864014e-04 6.4050537e-03] [8.9407398e-04 1.0392430e-03 2.2183862e-03 3.5552890e-04 9.9190664e-01
 1.9315671e-04 1.7189221e-03 8.4457878e-04 8.2951732e-04] [1.1073736e-03 1.8273096e-03 3.9283587e-03 1.4025328e-03 1.1524603e-03
 2.0056404e-03 7.6700817e-04 9.8335403e-01 4.4552721e-03] [0.00677954 0.00813179 0.95050126 0.00662033 0.00250358 0.01839817
 0.00220192 0.00278234 0.00208104] [4.4646810e-04 5.0009327e-04 1.4030065e-03 2.2292905e-03 6.5640418e-04
 5.7472070e-03 2.6432676e-03 9.7829604e-01 8.0782492e-03] [0.00105375 0.93786806 0.04881195 0.00178062 0.00111127 0.00480741
 0.0009887  0.00156494 0.0020133 ] [0.12283949 0.1486695  0.2621258  0.0505515  0.11834524 0.11633179
 0.10028411 0.06397315 0.01687944] [1.0206953e-03 6.5565604e-04 1.7782553e-03 4.8361922e-04 9.9300343e-01
 3.6518881e-04 4.9952226e-04 1.2184849e-03 9.7515149e-04] [8.4175298e-04 1.7077844e-03 1.4353105e-03 3.8632681e-04 3.1853502e-04
 1.4462222e-03 9.9172008e-01 4.0533600e-04 1.7386903e-03] [8.8285498e-04 3.9555235e-03 9.8810971e-01 1.0812143e-03 1.3576586e-03
 1.5512026e-03 4.5894238e-04 8.6063845e-04 1.7422802e-03] [5.1867904e-04 9.7324795e-01 2.1945555e-02 1.8995647e-04 5.6144252e-04
 5.2354462e-04 4.5724600e-04 1.8459270e-03 7.0972135e-04] [1.4415267e-03 1.7262393e-03 9.8856145e-01 2.4260408e-03 8.7859551e-04
 1.3692426e-03 8.9005736e-04 1.8789993e-03 8.2782796e-04] [5.2297401e-04 9.8955220e-01 7.1778791e-03 3.4740340e-04 3.1422416e-04
 3.5012778e-04 2.5183213e-04 5.7945441e-04 9.0393098e-04] [2.7346995e-03 9.7639138e-01 6.6615385e-03 1.1766750e-03 1.1698279e-03
 7.6320599e-04 4.3080607e-03 5.9941923e-03 8.0042088e-04] [0.04433997 0.02430984 0.03946303 0.12560213 0.03526081 0.56295985
 0.03606673 0.03540929 0.09658837] [1.5643511e-04 1.0305206e-04 1.1574141e-04 6.4917031e-04 9.5961825e-04
 1.6354276e-03 9.9416310e-01 2.1107738e-04 2.0064008e-03] [0.00362232 0.00274299 0.00252249 0.00520802 0.002602   0.00323198
 0.00173114 0.00491766 0.9734214 ] [1.1355337e-03 2.2028047e-03 6.2258677e-03 3.2037890e-03 1.7785296e-03
 3.7154075e-04 1.4647488e-03 9.8244989e-01 1.1673514e-03] [0.0392613  0.01615474 0.03058104 0.28387916 0.04612853 0.24835671
 0.04742017 0.0428724  0.2453459 ] [0.45061484 0.12457683 0.12209585 0.02937622 0.05398796 0.09313934
 0.03473566 0.04554498 0.04592837] [6.6515326e-04 1.3059666e-03 3.5003847e-03 5.4188241e-04 2.9623156e-04
 3.2888999e-04 1.0274202e-03 9.9154121e-01 7.9291553e-04] [0.03332382 0.01332671 0.00790842 0.10203864 0.04725606 0.15240823
 0.04416062 0.05812405 0.5414534 ] [2.2459496e-04 1.5239349e-04 2.8479731e-04 5.7348312e-04 4.1897403e-04
 1.8769825e-03 4.0403349e-04 9.9435002e-01 1.7147277e-03] [0.026278   0.02830979 0.83458555 0.01721286 0.00780042 0.02089554
 0.01187884 0.02739514 0.02564387] [9.6768969e-01 2.1717865e-03 1.6872976e-02 4.9232319e-04 1.9141515e-03
 3.9580753e-03 2.0298506e-03 2.5890805e-03 2.2820646e-03] [1.3875261e-04 4.8220441e-05 8.5812084e-05 3.0992963e-04 2.2267368e-04
 3.2668230e-03 9.9509698e-01 4.5043908e-04 3.8037015e-04] [4.4670803e-04 1.2426161e-04 1.1860280e-04 6.1505742e-04 9.9404365e-01
 3.7922937e-04 2.5606359e-04 2.3125917e-04 3.7851487e-03] [0.06114985 0.08502037 0.11899163 0.02540212 0.04166101 0.10568685
 0.06606101 0.0578644  0.43816277] [1.72021464e-04 1.91895218e-04 2.23572075e-04 7.79701280e-04
 2.69083888e-04 3.52419610e-03 9.94156122e-01 1.21916484e-04
 5.61469467e-04] [0.00180987 0.0054156  0.00382817 0.9753856  0.00193134 0.00442077
 0.00253179 0.00295332 0.00172349] [0.01659697 0.0845562  0.05831315 0.5841409  0.01628174 0.14254883
 0.00590354 0.00977977 0.08187895] [2.2753383e-04 5.9416494e-04 6.3071860e-04 8.6835749e-04 9.9658561e-01
 2.2877166e-04 3.1343033e-04 2.5055566e-04 3.0081335e-04] [9.8721299e-04 2.6493004e-04 4.4632927e-04 2.5718228e-03 1.6023179e-03
 3.6833654e-03 1.6967499e-03 9.8533535e-01 3.4119987e-03] [0.01716948 0.02269216 0.01262953 0.06735126 0.0563053  0.07815848
 0.0639411  0.0341176  0.6476351 ] [1.91112718e-04 6.05180452e-04 8.59251886e-04 1.19925935e-04
 2.38804132e-04 4.39897500e-04 9.96916533e-01 3.95493960e-04
 2.33748593e-04] [6.7095663e-03 3.2125504e-03 5.2336399e-03 2.4526000e-03 2.0613510e-03
 9.7497004e-01 1.8769099e-03 2.5469509e-03 9.3636347e-04] [0.00526767 0.00188105 0.00281684 0.90087813 0.00282423 0.00930303
 0.01342214 0.00344408 0.06016279] [3.3502487e-04 1.4261429e-03 9.9597150e-01 7.8811537e-04 4.5527352e-04
 2.8532188e-04 1.6212437e-04 4.8059371e-04 9.5831980e-05] [0.00546243 0.00839466 0.9722145  0.00272682 0.00299976 0.0027171
 0.00126567 0.00201887 0.0022002 ] [0.04432796 0.05727371 0.69991344 0.01753629 0.02253328 0.05520197
 0.01813529 0.0653108  0.01976731] [9.8704708e-01 4.7205067e-03 1.7999245e-03 1.7000252e-03 5.7216815e-04
 1.7869473e-03 4.6128980e-04 6.4655457e-04 1.2654701e-03] [0.02284766 0.01805237 0.7589694  0.0128791  0.01106413 0.14020783
 0.01345091 0.00991195 0.01261661] [8.2205201e-04 8.7779714e-04 1.4608093e-03 3.2646640e-04 4.2327456e-04
 7.7006844e-04 6.7133707e-04 9.9202675e-01 2.6214831e-03] [9.9331141e-01 2.7190812e-03 6.6711713e-04 2.9397209e-04 2.5130904e-04
 1.2371731e-03 4.8711378e-04 4.3424408e-04 5.9861847e-04] [0.01102516 0.01822536 0.02075488 0.09733868 0.01950062 0.0759157
 0.03626654 0.02026583 0.70070726] [0.03239065 0.0343724  0.02281567 0.31712395 0.04653839 0.07018391
 0.03804544 0.04380889 0.39472073] [3.8568752e-03 9.2144310e-03 9.7118890e-01 9.0782036e-04 1.5779203e-03
 2.1679287e-03 3.0473783e-03 8.2898565e-04 7.2098323e-03] [7.7830546e-04 9.8873745e-05 1.9670877e-04 4.2848340e-03 3.8500153e-04
 1.7917362e-03 4.1959772e-04 9.8029774e-01 1.1747149e-02] [1.4449350e-04 3.9410478e-04 4.4552298e-04 2.0990784e-04 9.9795413e-01
 3.9348713e-04 1.8337985e-04 2.1860687e-04 5.6336514e-05] [8.7767252e-04 4.6296165e-04 3.6828450e-04 1.4750352e-03 1.0323290e-03
 9.8978770e-01 1.5732553e-03 1.0619559e-03 3.3607653e-03] [0.05387118 0.09091766 0.19626687 0.1509773  0.0605614  0.13593781
 0.22694802 0.05213793 0.03238185] [0.00152291 0.9820478  0.00305986 0.00140005 0.00111511 0.00660442
 0.00141635 0.00145312 0.00138041] [0.00974508 0.00640296 0.00903022 0.00879224 0.00597646 0.00751114
 0.00411564 0.01097676 0.93744946] [2.8563028e-03 9.9059641e-01 1.9226271e-03 5.1077135e-04 5.3148268e-04
 1.3172076e-03 1.2115454e-03 7.9795514e-04 2.5574910e-04] [0.00472493 0.01599881 0.07572781 0.89345014 0.00144545 0.00102722
 0.00170782 0.00352067 0.00239715] [0.03902577 0.02460838 0.6387303  0.11981048 0.01603859 0.03816575
 0.01466532 0.03132129 0.07763419] [2.1805979e-04 1.3384044e-04 1.6573539e-04 4.1294144e-04 3.0727588e-04
 9.9290812e-01 3.1099253e-04 2.6722546e-04 5.2757747e-03] [0.03603813 0.016666   0.03436534 0.10076533 0.03894234 0.37636855
 0.19918758 0.11395428 0.08371239] [2.2199277e-03 4.8443058e-04 4.8658196e-03 2.1504923e-03 8.3421939e-04
 9.8668307e-01 4.7731373e-04 1.3315419e-03 9.5310289e-04] [1.6815134e-04 1.6027219e-04 1.6450677e-04 1.0243128e-03 2.1477244e-04
 4.7161028e-04 9.9627328e-01 3.3620550e-04 1.1869258e-03] [2.2361607e-04 7.1153982e-04 8.5321168e-04 2.1109186e-04 9.9704665e-01
 8.3936997e-05 1.7595502e-04 2.0605527e-04 4.8795217e-04] [9.9211639e-01 9.6408883e-04 1.4740545e-03 3.9892478e-04 5.9628848e-04
 1.5143101e-03 4.7861616e-04 1.3794712e-03 1.0778917e-03] [0.05625379 0.03138874 0.01260514 0.309617   0.04788013 0.23439492
 0.07014138 0.03678384 0.20093502] [0.0240162  0.00493343 0.00232917 0.91536736 0.00284076 0.02187967
 0.0031267  0.00659945 0.01890719] [0.00668691 0.94855267 0.00878385 0.00249349 0.00295824 0.01755438
 0.00231719 0.00666102 0.00399223] [0.00211454 0.95628136 0.00399407 0.00164974 0.00324398 0.02292438
 0.00297899 0.00396531 0.00284769] [0.02417467 0.01618589 0.0216791  0.4872543  0.03219833 0.10044841
 0.0688674  0.02495549 0.22423635] [0.00183466 0.0048292  0.9761746  0.00123055 0.00142989 0.00604283
 0.00214151 0.00452766 0.00178912] [1.4006705e-03 9.7059971e-01 1.9965535e-02 6.5725780e-04 1.2870717e-03
 1.7982374e-03 1.7563585e-03 1.6018981e-03 9.3325676e-04] [9.8756158e-01 3.4481236e-03 1.1761212e-03 6.8958855e-04 1.0682491e-03
 2.3521492e-03 1.1062640e-03 1.7284508e-03 8.6947402e-04] [2.6626748e-03 2.1279275e-03 7.7343179e-04 3.8907509e-02 2.5739786e-03
 7.5766477e-03 3.3590656e-03 1.6383384e-03 9.4038039e-01] [0.12318309 0.03184768 0.03449847 0.11160339 0.05161518 0.2980973
 0.0749125  0.08045289 0.19378948] [0.02349569 0.05048446 0.06509142 0.30029443 0.02240647 0.03528974
 0.02955371 0.02905858 0.44432548] [6.6299643e-04 2.6375873e-04 3.4068382e-04 3.6464061e-04 8.0409204e-04
 9.2947972e-04 2.0107632e-03 9.9298370e-01 1.6398448e-03] [0.00265769 0.9785351  0.00238992 0.00331015 0.00243556 0.00151118
 0.00369114 0.00290817 0.00256108] [0.03992807 0.01466201 0.01308144 0.1504764  0.03863953 0.4734686
 0.02255653 0.06025935 0.18692811] [3.2670036e-04 6.3002756e-04 8.6024927e-04 8.7273482e-05 2.9904669e-04
 2.6565747e-04 3.3139670e-04 9.9705291e-01 1.4670857e-04] [0.00463755 0.9501474  0.00780043 0.01025543 0.00365091 0.01224046
 0.0047937  0.00492036 0.00155372] [0.21832022 0.10836525 0.29521832 0.09609512 0.06872132 0.02219338
 0.05937969 0.06307284 0.06863389] [8.0836904e-01 2.6271592e-03 7.4677647e-04 1.8213651e-01 5.4283568e-04
 2.5640239e-03 1.6963065e-03 4.9389940e-04 8.2347036e-04] [0.00363316 0.00929275 0.93806106 0.00362763 0.00284752 0.00883714
 0.00595709 0.00658981 0.02115385] [0.04491614 0.11726747 0.06054743 0.20494959 0.06463932 0.255247
 0.06274082 0.06401148 0.12568076] [9.7800314e-01 2.5573110e-03 3.5287912e-03 3.4995475e-03 7.4863300e-04
 5.7090092e-03 2.0134633e-03 2.7184817e-03 1.2216491e-03] [2.4308437e-03 1.4034816e-03 3.6900878e-02 9.5465142e-01 5.6986243e-04
 5.1063462e-04 8.1122376e-04 5.7951669e-04 2.1421558e-03] [3.8238900e-04 2.1386819e-04 2.5852743e-04 6.2084023e-04 1.4360841e-04
 1.2754082e-03 9.8976529e-01 9.1536483e-04 6.4246943e-03] [4.2597757e-04 9.9128377e-01 1.1133165e-03 6.9163070e-04 8.0160395e-04
 2.7453140e-04 1.8672694e-03 8.2303834e-04 2.7188722e-03] [8.3175127e-04 3.9374554e-03 1.9479153e-03 9.2924526e-04 9.8605376e-01
 2.6155496e-03 5.9871748e-04 1.1675678e-03 1.9179791e-03] [4.17294800e-02 7.53792847e-05 1.40021642e-04 3.12730554e-04
 1.11090274e-04 6.64154592e-04 9.56372142e-01 3.99413635e-04
 1.95539484e-04] [1.56947921e-04 2.87280942e-04 1.10919456e-04 7.48589344e-04
 9.96105492e-01 1.16263831e-03 2.01091054e-04 2.54050508e-04
 9.72938782e-04] [5.0311770e-02 1.9199463e-03 1.4285557e-03 9.4110227e-01 1.1615227e-03
 5.3314271e-04 6.8468298e-04 1.3529524e-03 1.5051317e-03] [6.0582388e-04 1.4179520e-03 2.4039811e-03 1.1269221e-03 7.2398217e-04
 3.7110243e-03 1.0417755e-03 9.8853159e-01 4.3693616e-04] [3.0279765e-04 1.3194320e-04 8.1437764e-05 5.6711957e-04 1.7111740e-04
 7.0431374e-04 9.9448472e-01 2.1350382e-04 3.3430248e-03] [3.8510302e-04 4.0746204e-04 4.4310672e-04 3.0856082e-04 9.9654394e-01
 7.0757692e-04 4.5637463e-04 3.5621537e-04 3.9169684e-04] [1.9973189e-04 1.6488908e-04 1.2607749e-04 9.3406945e-04 2.4428178e-04
 3.5823823e-04 9.9405730e-01 3.8909004e-04 3.5262727e-03] [1.6100604e-04 1.9745546e-04 1.3289468e-04 1.5511348e-04 1.4479707e-04
 4.0035532e-04 4.9961300e-04 9.9595535e-01 2.3534973e-03] [0.04663572 0.11358391 0.71362555 0.01959372 0.01937323 0.01809458
 0.02124611 0.01503897 0.03280815] [0.001564   0.00253304 0.00291636 0.0128041  0.00228814 0.02036106
 0.0022148  0.9031005  0.05221801] [3.3522351e-04 3.2095634e-04 5.7039317e-04 5.4577721e-04 1.6818185e-04
 3.7257269e-04 9.9746954e-01 1.1582992e-04 1.0156868e-04] [3.5803582e-04 2.7070486e-03 9.9167293e-01 1.4318327e-03 2.9497041e-04
 2.3235297e-03 1.8748351e-04 7.5147615e-04 2.7271977e-04] [0.00300393 0.00428876 0.00197222 0.03933489 0.02705411 0.17209181
 0.4455465  0.00701626 0.29969147] [6.7895156e-04 8.2500331e-04 1.0075703e-03 2.0238790e-03 9.9272364e-01
 5.3341861e-04 7.6199917e-04 6.2642153e-04 8.1916375e-04] [6.1269983e-04 5.7805283e-04 2.4973930e-04 6.5508625e-03 1.1160276e-03
 9.8766428e-01 1.0832488e-03 7.3053286e-04 1.4145053e-03] [0.06254891 0.22099556 0.29973313 0.02406631 0.05692742 0.0845955
 0.07794979 0.07396437 0.09921898] [1.7353370e-04 1.1939918e-04 7.2845258e-05 2.1116823e-04 2.4206607e-04
 3.8920352e-04 4.6679200e-04 9.9777168e-01 5.5322674e-04] [6.6849205e-04 2.3916994e-04 2.1207012e-04 7.5252674e-04 3.5160934e-04
 9.9315965e-01 6.1139336e-04 1.0488591e-03 2.9561454e-03] [4.0150093e-04 2.9411633e-04 1.8593484e-04 1.4861636e-03 7.7808346e-04
 9.8680913e-01 2.7311814e-04 6.9184578e-04 9.0801148e-03] [6.7971629e-04 1.1993576e-03 6.3323899e-04 6.3278928e-04 3.7450591e-04
 4.7370727e-04 6.3493103e-04 9.9395543e-01 1.4162816e-03] [0.01120644 0.00400204 0.00342267 0.07893956 0.01147792 0.0141131
 0.0106832  0.0093013  0.8568538 ] [8.3835046e-05 5.8973175e-05 1.8855171e-04 3.1347416e-04 1.6852318e-04
 5.7773851e-04 9.9557352e-01 1.8850857e-04 2.8468233e-03] [2.3199552e-04 1.5564071e-04 2.1328815e-04 3.7915271e-04 1.7178866e-04
 5.5793900e-04 9.9014318e-01 2.6099512e-04 7.8860503e-03] [9.9111009e-01 1.8506786e-03 2.6367716e-03 2.8794340e-04 6.8532117e-04
 1.0701319e-03 5.5131840e-04 8.2783774e-04 9.7988837e-04] [0.15168668 0.11369161 0.11910448 0.0621116  0.05382484 0.1774038
 0.18099977 0.06737684 0.07380041] [1.4329290e-03 7.6548010e-03 9.7795355e-01 7.3776551e-04 1.2172866e-03
 3.7699512e-03 2.2816723e-03 2.2465424e-03 2.7055300e-03] [0.00212326 0.00416038 0.00410604 0.00309138 0.00816072 0.01595431
 0.00629731 0.01028251 0.94582415] [7.4057071e-04 4.0002679e-04 4.8764554e-04 9.7610623e-01 1.4082689e-03
 3.9520292e-03 3.0739480e-03 6.0483697e-04 1.3226492e-02] [8.2456606e-04 7.6710200e-04 3.4257083e-03 7.6948217e-04 1.0151184e-03
 1.6761825e-03 4.9056823e-04 9.8914206e-01 1.8892045e-03] [0.85711694 0.01452279 0.04705941 0.00826626 0.00287452 0.03690322
 0.01047389 0.01121901 0.01156399] [3.5297204e-04 9.8865060e-04 3.3216625e-03 5.2164396e-04 3.2915332e-04
 3.8093110e-03 3.7270776e-04 9.8926139e-01 1.0425107e-03] [1.0090671e-03 8.4410477e-03 6.9805168e-02 9.1110396e-01 1.1845307e-03
 3.5541004e-03 8.2538906e-04 1.7360951e-03 2.3406472e-03] [0.00497858 0.00246534 0.00335717 0.9419179  0.005083   0.00521979
 0.00664163 0.00705949 0.02327706] [1.61988806e-04 2.73479352e-04 2.21125490e-04 2.18959860e-04
 9.98186052e-01 1.00161604e-04 2.09589722e-04 2.45816482e-04
 3.82764934e-04] [0.00371106 0.00543128 0.01125898 0.00172136 0.00620796 0.00315977
 0.00324997 0.9606731  0.00458658] [0.09037901 0.40449432 0.04878604 0.21423309 0.04541199 0.03689792
 0.03409278 0.05824032 0.06746451] [5.7228701e-04 2.8061073e-03 2.6921036e-03 4.9160846e-04 6.1996112e-04
 6.2409253e-03 5.4175267e-04 9.8516601e-01 8.6924504e-04] [0.0740586  0.2727837  0.18314172 0.03623325 0.0696222  0.11103669
 0.02016951 0.09403638 0.13891795] [9.9795026e-01 3.3853794e-04 4.2614565e-04 1.1677682e-04 1.3526932e-04
 2.5683493e-04 1.0599908e-04 2.4962594e-04 4.2062256e-04] [4.8677373e-04 8.1567245e-04 1.1653937e-03 8.7233825e-04 9.9595803e-01
 1.4464013e-04 1.0530985e-04 1.9724143e-04 2.5458689e-04] [0.00885334 0.02843771 0.09545068 0.01767818 0.00829524 0.04282428
 0.01719266 0.01689485 0.764373  ] [2.7847977e-04 2.5867121e-04 1.1182558e-04 5.8800791e-04 9.9495417e-01
 7.8065624e-04 4.9450749e-04 4.9006013e-04 2.0435851e-03] [9.2483743e-04 6.2500039e-04 1.8935223e-04 1.9628885e-03 5.7542603e-04
 9.9331975e-01 3.9710815e-04 4.9726170e-04 1.5083390e-03] [1.4506908e-01 2.5281429e-04 5.9459824e-04 1.4493942e-04 2.7653796e-04
 5.3321273e-04 8.5247439e-01 3.2661014e-04 3.2786452e-04] [6.0375943e-04 1.6504542e-03 3.0995754e-04 3.9999202e-04 1.5598358e-04
 9.6647488e-04 9.9531770e-01 2.4772307e-04 3.4801275e-04] [1.5207604e-03 3.7343935e-03 9.8057324e-01 8.5109257e-04 2.3254256e-03
 1.9364385e-03 2.0042597e-03 1.3948887e-03 5.6595481e-03] [1.7108323e-04 4.5049048e-05 5.2156742e-05 8.6738268e-04 1.0431871e-04
 9.4411650e-04 9.9726522e-01 3.6053144e-04 1.9016981e-04] [1.0375731e-03 3.0534731e-03 4.6674297e-03 5.1785405e-03 9.6726010e-04
 8.9248025e-04 1.1980619e-03 9.8199904e-01 1.0061079e-03] [0.00115094 0.00125454 0.00127478 0.9803452  0.00222368 0.00314852
 0.00111497 0.0013999  0.00808743] [2.9491326e-03 2.9966834e-03 9.8534763e-01 2.8465749e-03 9.5551211e-04
 1.4854535e-03 1.6154951e-03 1.3892275e-03 4.1436972e-04] [9.9599791e-01 4.5180626e-04 7.9731701e-04 5.0674414e-04 4.5452657e-04
 3.7521980e-04 1.4156887e-04 8.2190050e-04 4.5307697e-04] [0.00981517 0.9556432  0.00656991 0.00546355 0.0040396  0.00579488
 0.00714058 0.00322153 0.00231158] [4.5802596e-04 6.0272415e-04 2.2775014e-03 2.3850842e-04 9.9481744e-01
 4.8868661e-04 2.2782412e-04 3.6217010e-04 5.2708760e-04] [0.05801298 0.26906383 0.10338353 0.0650994  0.05218101 0.12381472
 0.06997833 0.19838943 0.0600768 ] [1.6804854e-04 1.2368301e-04 9.8615373e-04 3.3101183e-04 3.4860754e-04
 3.9717136e-04 9.9645460e-01 3.8912109e-04 8.0164097e-04] [9.9775982e-01 2.0796963e-04 4.9633434e-04 9.9070065e-05 2.5192011e-04
 3.0197075e-04 9.7876560e-05 4.4768842e-04 3.3732504e-04]",1 3 5 5 7 4 5 5 3 1 0 3 8 4 8 4 3 5 8 1 0 1 6 0 3 4 1 1 5 7 2 8 8 3 7 4 6 3 4 1 2 0 1 3 0 8 3 8 4 4 6 2 2 2 1 4 3 4 0 5 0 8 2 2 5 7 0 1 8 6 3 6 3 6 4 7 2 7 1 0 4 6 2 1 2 1 1 5 6 8 7 5 0 7 8 7 2 0 6 4 8 6 3 3 4 7 8 6 5 3 2 2 2 0 2 7 0 5 3 2 8 4 5 8 1 8 1 3 2 5 8 5 6 4 0 8 3 1 1 3 2 1 0 8 5 8 7 1 5 7 1 1 0 2 3 0 3 6 1 4 6 4 0 7 6 4 6 7 2 7 6 2 6 4 5 8 7 5 5 7 8 6 6 0 0 2 8 5 7 0 7 3 3 4 7 5 7 5 0 4 8 4 5 6 6 2 6 7 3 2 0 1 4 7 6 0
1468,0,xgboost,0.0,5000,4144,0.8472222222222222,0.9797694830246912,"[5.3301966e-04 1.6516567e-03 4.9325370e-04 2.4415117e-03 6.8191421e-04
 9.7905821e-01 2.3380711e-03 9.3665166e-04 1.1865714e-02] [0.23626272 0.14816062 0.17276734 0.04822534 0.03365465 0.19554165
 0.04698676 0.03776227 0.08063871] [4.4394462e-04 4.3724454e-04 1.4240493e-03 9.9021089e-01 8.4925670e-04
 3.4536433e-03 7.6747697e-04 5.5408891e-04 1.8593839e-03] [0.0225902  0.21642579 0.47116783 0.14105967 0.02487602 0.0339487
 0.01412445 0.03386078 0.0419465 ] [8.4334482e-05 2.8838500e-04 1.8436954e-04 2.8983419e-04 1.4717554e-04
 2.5613754e-04 9.9787986e-01 1.3094433e-04 7.3903200e-04] [5.1936758e-04 4.4377651e-03 9.9185658e-01 1.7874686e-03 2.6132289e-04
 1.9123056e-04 1.7373161e-04 5.0219148e-04 2.7038081e-04] [0.01279914 0.01245818 0.02071823 0.0110241  0.00715365 0.01981912
 0.00681081 0.03867798 0.8705388 ] [1.3691162e-03 9.8985600e-01 1.7536983e-03 7.6298928e-04 8.9670572e-04
 2.2111309e-03 5.5845501e-04 6.6870323e-04 1.9231442e-03] [8.7910995e-04 8.2657416e-04 4.0691425e-03 1.5462665e-03 6.4129569e-04
 1.6278586e-03 6.2775519e-04 9.8836982e-01 1.4121982e-03] [5.3022295e-04 5.4023357e-04 1.0403362e-03 1.8476612e-04 9.9586248e-01
 9.7394950e-04 3.6694075e-04 2.4059374e-04 2.6050361e-04] [2.9864235e-04 4.6131152e-04 2.2434720e-04 2.3377838e-04 9.9729568e-01
 3.4193081e-04 3.5172596e-04 3.7768637e-04 4.1492167e-04] [0.00722965 0.01202104 0.01349621 0.895754   0.00542123 0.0101443
 0.01601092 0.01904077 0.02088189] [0.9566446  0.00705588 0.00613884 0.0081252  0.00277953 0.00596365
 0.00399074 0.00356838 0.00573312] [0.03866723 0.18031679 0.05572812 0.02974106 0.03672044 0.02946802
 0.04500956 0.11613818 0.46821064] [9.9676692e-01 5.1885762e-04 6.0877152e-04 3.5050741e-04 2.3544479e-04
 4.7956387e-04 5.5125414e-04 2.0956175e-04 2.7908481e-04] [0.10581984 0.02492564 0.05808322 0.15551718 0.06091293 0.18588036
 0.12673984 0.07442701 0.20769401] [0.01720638 0.00448637 0.00180219 0.9298288  0.0034725  0.01672456
 0.00931745 0.00898572 0.008176  ] [0.04804614 0.01359051 0.01625353 0.8305537  0.00624879 0.00523652
 0.00742422 0.01257712 0.06006951] [4.9715419e-04 1.5328368e-03 1.3228366e-03 5.1108643e-04 5.7678652e-04
 1.1042352e-03 6.8416429e-04 9.9210721e-01 1.6637137e-03] [0.00792497 0.00709415 0.00525345 0.00281387 0.00437717 0.00718708
 0.00619708 0.95220643 0.0069459 ] [1.0583332e-03 9.7230071e-01 1.7514160e-02 1.7228343e-03 1.4009590e-03
 9.5955346e-04 1.1430940e-03 2.5038803e-03 1.3964305e-03] [7.3774043e-04 9.8918450e-01 2.7297246e-03 2.4212059e-03 9.5426792e-04
 5.6607748e-04 1.1086451e-03 1.0738925e-03 1.2239886e-03] [1.9736306e-04 2.1051829e-04 1.9566702e-04 4.1730175e-04 1.8304716e-04
 7.2784309e-04 9.8897344e-01 3.2061595e-04 8.7742731e-03] [0.00956647 0.01771646 0.00835007 0.17287537 0.01082943 0.02208729
 0.00803634 0.02339014 0.7271484 ] [9.9796140e-01 5.7120912e-04 2.6515755e-04 4.5171415e-04 1.2980515e-04
 1.4503117e-04 2.3766914e-04 1.3086652e-04 1.0711014e-04] [1.2347726e-04 8.3813371e-05 2.0818248e-04 9.0622046e-04 9.9133927e-01
 5.7899207e-04 1.7663196e-04 2.4370794e-04 6.3396292e-03] [0.00211025 0.00498508 0.9716575  0.00817209 0.00223857 0.00180065
 0.0043022  0.00277885 0.00195484] [9.5405540e-04 3.6655908e-04 3.8580826e-04 2.1403580e-04 9.9590600e-01
 6.7800563e-04 7.3664653e-04 3.1369939e-04 4.4513153e-04] [0.04606825 0.02562685 0.01883021 0.02444374 0.03542434 0.24624452
 0.0348764  0.06868714 0.49979863] [0.00437913 0.96781206 0.00441567 0.0031763  0.002187   0.00543015
 0.00463028 0.0035431  0.00442634] [4.6666650e-04 2.4175964e-04 2.2123668e-04 3.7005593e-03 4.4988003e-04
 9.0278992e-03 3.6139585e-04 9.8093653e-01 4.5941402e-03] [0.05351242 0.0170997  0.01918348 0.09289318 0.02993032 0.361618
 0.04344888 0.02413862 0.35817537] [4.1834533e-04 2.1761409e-03 5.6397393e-03 8.7378442e-04 9.8586828e-01
 2.3407803e-03 5.1201461e-04 1.5429546e-03 6.2803883e-04] [0.03264543 0.07322192 0.1049879  0.05134927 0.0301333  0.05139709
 0.0335209  0.05899475 0.56374943] [9.9559563e-01 2.0485816e-03 4.0189363e-04 1.3941253e-04 2.0481666e-04
 7.1324909e-04 2.9359903e-04 4.6476384e-04 1.3808021e-04] [0.04226769 0.03026877 0.02532001 0.12440378 0.02667371 0.05470337
 0.03631337 0.05080714 0.6092422 ] [0.00167583 0.00241258 0.00217119 0.9829979  0.00110125 0.00172078
 0.00310772 0.00217094 0.00264188] [0.98454905 0.00303938 0.00358234 0.00117336 0.00112634 0.00108749
 0.00111594 0.00121731 0.00310879] [0.06883821 0.1138895  0.43194643 0.0633098  0.03530258 0.04335722
 0.04275549 0.05134932 0.14925143] [0.00229711 0.00349666 0.00184135 0.96267873 0.0016521  0.01811512
 0.00254045 0.0021731  0.00520546] [0.00740352 0.00489581 0.00203908 0.00765442 0.00319047 0.01952252
 0.00840106 0.01837747 0.9285157 ] [5.0444162e-04 6.7292142e-04 3.4522251e-04 2.2805284e-03 8.4642787e-04
 1.9403875e-03 1.4009875e-03 9.8765022e-01 4.3589342e-03] [0.00403806 0.00501127 0.9612593  0.01346036 0.00204295 0.00521046
 0.00246996 0.00215296 0.0043547 ] [2.1980461e-04 7.4301881e-04 1.8005577e-04 4.8378075e-04 9.9373972e-01
 6.5467675e-04 4.5384021e-04 2.0236638e-03 1.5014460e-03] [1.3810693e-03 9.9051309e-01 6.9984916e-04 5.6721823e-04 5.8100926e-04
 1.1043402e-03 1.0885861e-03 2.9972610e-03 1.0675719e-03] [3.7830646e-04 2.3847104e-04 7.4933407e-05 4.5616983e-04 3.0318782e-04
 8.9572131e-04 9.9625921e-01 3.6192167e-04 1.0320765e-03] [0.0046314  0.01415065 0.01934554 0.01752054 0.00713387 0.01627603
 0.021024   0.8815301  0.01838782] [9.9657601e-01 8.6109829e-04 6.2336744e-04 2.7622352e-04 2.3175548e-04
 6.9360586e-04 1.3521993e-04 2.1981397e-04 3.8292023e-04] [1.3432016e-03 9.6940911e-01 2.1433137e-02 9.2970167e-04 1.4703037e-03
 1.5891060e-03 2.1968021e-03 1.2633984e-03 3.6531175e-04] [1.1450589e-03 6.9091795e-04 8.7039825e-04 3.9685271e-03 9.3450077e-04
 9.8393989e-01 3.2783935e-03 2.4547970e-03 2.7175492e-03] [0.06639338 0.0381484  0.04044858 0.21116783 0.04468391 0.16999674
 0.09230223 0.05436463 0.28249428] [2.2326637e-04 1.0451911e-03 9.9406815e-01 1.0759264e-03 2.0952082e-04
 1.9346459e-03 3.8470130e-04 7.1852235e-04 3.4006318e-04] [0.00163839 0.9641299  0.00409281 0.00753725 0.00375402 0.00253858
 0.00302358 0.00361641 0.009669  ] [0.02304327 0.03137967 0.01401264 0.05909223 0.03975559 0.40788516
 0.02527494 0.02721573 0.37234074] [3.4194533e-04 5.1089592e-04 1.6947875e-04 3.8297928e-04 9.9489766e-01
 4.8288569e-04 7.0008630e-04 4.9335876e-04 2.0207444e-03] [0.01062127 0.00700109 0.00993295 0.0496005  0.01124451 0.05809235
 0.02194785 0.6724617  0.15909776] [0.00233753 0.00166438 0.00269993 0.9486961  0.00537562 0.02796115
 0.00382699 0.00249157 0.0049467 ] [2.7836598e-03 2.1508466e-03 9.8355722e-01 2.3824852e-03 1.6007250e-03
 8.7802089e-04 1.5266187e-03 2.5377113e-03 2.5827729e-03] [0.07151239 0.04152533 0.2894933  0.05632177 0.04009921 0.28569445
 0.11753091 0.04287598 0.05494661] [0.90458786 0.01166015 0.00436592 0.00618609 0.00380016 0.05999954
 0.0016895  0.00345466 0.00425606] [0.07300958 0.05416365 0.06628588 0.05250364 0.06067512 0.41115677
 0.08426588 0.10831798 0.08962153] [1.5410911e-03 3.3789400e-03 1.4918133e-03 2.4138137e-03 9.8151624e-01
 2.2536204e-03 9.6923730e-04 1.0512496e-03 5.3839688e-03] [0.00162334 0.00276335 0.00699459 0.00149177 0.0018395  0.00111049
 0.00169606 0.97901696 0.00346397] [3.1727180e-04 2.9958700e-04 3.3207017e-04 5.7880004e-04 2.1819874e-04
 2.6187894e-04 9.9750644e-01 2.1811822e-04 2.6763731e-04] [0.00453639 0.02808415 0.8740227  0.04544082 0.00484023 0.02209306
 0.00429351 0.01017169 0.00651745] [0.00201766 0.9824355  0.00156363 0.00609029 0.00116454 0.00139375
 0.00122293 0.00136409 0.00274757] [9.2467683e-04 9.9033725e-01 1.7921629e-03 1.9144525e-03 1.3331241e-03
 1.3031506e-03 9.2550355e-04 7.3215447e-04 7.3757319e-04] [0.07069201 0.03949012 0.02900277 0.23921494 0.06658994 0.17840421
 0.0720944  0.06582557 0.23868601] [5.9486821e-04 3.9912108e-04 2.7579122e-04 6.2606338e-04 5.3729565e-04
 1.6059268e-02 3.7905420e-04 9.8031986e-01 8.0863124e-04] [0.15424433 0.21133803 0.20819391 0.03957445 0.04797843 0.06876083
 0.12126786 0.12224635 0.0263958 ] [0.03590809 0.07362899 0.6252714  0.09578366 0.01754521 0.02646084
 0.03176229 0.06279798 0.03084154] [0.04501389 0.04819629 0.02628626 0.3485919  0.05418534 0.11649187
 0.09226442 0.09945266 0.16951738] [0.11325809 0.2575684  0.06494234 0.1380294  0.08129804 0.13569151
 0.08795295 0.06330299 0.05795632] [7.7584683e-04 7.2814315e-04 3.4164503e-04 5.6065782e-04 9.9556750e-01
 2.1432167e-04 1.0067050e-03 4.4830792e-04 3.5690537e-04] [0.07693028 0.09929878 0.6481862  0.06336131 0.02098814 0.01718517
 0.0166983  0.04530329 0.01204855] [6.0120074e-04 3.7459284e-04 1.0167507e-03 3.5348060e-04 2.1692450e-04
 2.9430434e-04 9.9659687e-01 2.3404608e-04 3.1187030e-04] [1.5437069e-03 1.2421814e-03 7.4124616e-04 2.2950638e-03 1.3564465e-03
 1.7823592e-02 2.5443451e-03 9.3935508e-01 3.3098307e-02] [0.01553788 0.01515077 0.09137943 0.19731423 0.02225527 0.35770285
 0.0209551  0.02563997 0.2540645 ] [8.2984858e-04 9.0634928e-04 9.8424536e-01 5.2901865e-03 9.3297224e-04
 5.6751003e-03 7.5298815e-04 7.0128142e-04 6.6586217e-04] [6.0026231e-04 1.0816341e-03 1.8252237e-03 3.9907900e-04 3.2080922e-04
 9.5429714e-04 3.5512069e-04 9.9401033e-01 4.5321372e-04] [0.01778298 0.01392639 0.02500847 0.0332997  0.01195403 0.04297464
 0.03250537 0.03290711 0.7896413 ] [0.0357082  0.03576607 0.03258368 0.04242239 0.04446255 0.58476365
 0.0363904  0.03409842 0.15380467] [9.9581867e-01 4.3032548e-04 6.3611852e-04 1.1195483e-03 3.9272566e-04
 4.5861397e-04 3.6857044e-04 2.5367207e-04 5.2175293e-04] [9.2437243e-05 1.9897291e-04 7.7964178e-05 4.6758933e-04 1.9638550e-04
 3.6255020e-04 9.9815720e-01 1.3916285e-04 3.0775208e-04] [4.9198535e-04 9.9243563e-01 1.6335670e-03 1.1111344e-03 9.3651703e-04
 9.5068372e-04 3.5487697e-04 1.0509801e-03 1.0346121e-03] [0.961109   0.00524851 0.00847195 0.01050684 0.00318318 0.00384989
 0.00267516 0.00259035 0.00236516] [3.7620304e-04 3.5275074e-04 9.1929751e-04 9.9073875e-01 5.3456333e-04
 1.2980318e-03 5.7642610e-04 1.6531385e-03 3.5507644e-03] [2.8629688e-04 5.8197009e-04 4.1498771e-04 9.9392587e-01 4.0713037e-04
 2.4780866e-03 5.1205500e-04 3.7505769e-04 1.0185558e-03] [3.0556650e-04 2.1066570e-04 2.6194181e-04 1.4610204e-03 9.9449784e-01
 1.8407038e-03 2.4525297e-04 4.3579863e-04 7.4123545e-04] [3.2730159e-04 4.8350313e-04 2.5512892e-04 9.7095355e-04 9.9634176e-01
 1.6712847e-04 3.0204412e-04 5.9972506e-04 5.5241724e-04] [0.00268355 0.945439   0.02380012 0.00584401 0.00341    0.00352122
 0.00537161 0.00519941 0.00473107] [1.4849646e-04 2.6751269e-04 1.4820530e-04 6.0235499e-04 1.7094138e-04
 8.5586595e-04 9.9707043e-01 2.2671485e-04 5.0939579e-04] [0.06861525 0.12793624 0.16551411 0.06932002 0.07936997 0.11080483
 0.19260159 0.10759573 0.07824228] [6.6667970e-04 1.0988729e-03 2.5695832e-03 1.0233269e-03 9.3784346e-04
 1.3793666e-03 5.3074339e-04 9.9123162e-01 5.6192820e-04] [0.00286829 0.00282404 0.00486594 0.00145904 0.00115156 0.9771135
 0.00255907 0.00278959 0.00436903] [0.00113218 0.00895718 0.00463415 0.00127034 0.00108934 0.00120463
 0.0014249  0.9745607  0.00572658] [2.7241794e-04 1.9351917e-04 3.9273399e-04 7.2957564e-04 2.5647224e-04
 1.1507438e-03 9.8731869e-01 2.9754959e-04 9.3882829e-03] [9.9568200e-01 2.1296363e-04 1.1327566e-03 2.3537703e-04 2.2332705e-04
 4.8345793e-04 2.3191510e-04 7.4322964e-04 1.0549404e-03] [2.7177812e-04 4.2916555e-04 5.5028015e-04 1.4783142e-04 9.9752063e-01
 3.6838092e-04 2.2488651e-04 3.1018211e-04 1.7686997e-04] [0.00178421 0.00351489 0.00960887 0.9743755  0.00124225 0.00270199
 0.00214879 0.0030272  0.00159634] [0.06278252 0.04302377 0.04047379 0.08531789 0.04958359 0.29031855
 0.08547737 0.07925504 0.2637675 ] [7.7716861e-04 5.9742492e-04 4.7094541e-04 2.8802431e-03 6.6589942e-04
 9.8292518e-01 1.4657676e-03 8.5790036e-04 9.3594175e-03] [9.9510080e-01 6.8939786e-04 1.0337147e-03 3.0272210e-04 3.4687374e-04
 4.0517695e-04 8.9463330e-04 7.4811099e-04 4.7864698e-04] [0.03768976 0.11534707 0.62341815 0.05136995 0.02364186 0.06854981
 0.02272662 0.04436492 0.01289188] [2.0850812e-04 4.0731003e-04 2.3816145e-04 6.4111385e-04 3.5324704e-04
 2.8069196e-03 9.9446118e-01 3.9553925e-04 4.8802100e-04] [0.32469696 0.06518258 0.12470842 0.05047571 0.05186601 0.07773788
 0.05729968 0.16144009 0.08659268] [3.7445305e-04 1.6030786e-04 1.9329958e-04 4.5992463e-04 4.4126876e-04
 6.1514019e-04 9.7983211e-01 1.0373910e-03 1.6886087e-02] [9.9611086e-01 8.4918074e-04 4.0046408e-04 7.8939763e-04 3.5976843e-04
 3.1375047e-04 3.1557344e-04 3.2319420e-04 5.3780101e-04] [6.7791337e-04 9.1230692e-03 3.3041094e-03 9.0438110e-04 8.7473204e-04
 9.8057598e-01 9.5446513e-04 1.6415489e-03 1.9438007e-03] [0.15417661 0.11415877 0.15156782 0.070549   0.06270394 0.12275422
 0.08683909 0.1813531  0.05589743] [0.04039115 0.03377079 0.4971787  0.22114484 0.04071346 0.06524423
 0.0440644  0.04032743 0.01716495] [2.1045156e-04 4.0018815e-04 2.3194225e-04 4.0821813e-04 2.8224502e-04
 6.9468231e-03 9.9087441e-01 3.4055673e-04 3.0516044e-04] [0.01523237 0.05544673 0.02323801 0.02233789 0.01447727 0.09670467
 0.04191608 0.02439886 0.7062481 ] [9.9250823e-01 1.0910090e-03 6.8519777e-04 1.1939125e-03 6.4642035e-04
 7.3894975e-04 3.1490385e-04 4.2017765e-04 2.4011622e-03] [0.02448949 0.02514499 0.02041332 0.03352767 0.02323313 0.06253143
 0.03330131 0.0244673  0.75289136] [0.01624797 0.01120318 0.01353909 0.03670555 0.01510832 0.24342555
 0.02669071 0.01634064 0.620739  ] [2.3214348e-02 2.9521532e-04 1.0568686e-04 8.7045680e-04 1.4218330e-04
 8.7727676e-04 9.7325605e-01 2.3610107e-04 1.0026185e-03] [0.01146716 0.95253736 0.01030427 0.00275938 0.00320951 0.00671047
 0.00259078 0.00407112 0.00634993] [0.00722729 0.04913985 0.24762331 0.62582695 0.00732903 0.02082153
 0.01672895 0.01472179 0.01058135] [0.07921487 0.07827138 0.04742745 0.10926951 0.05260151 0.2766893
 0.07126822 0.08303115 0.20222665] [1.2688518e-03 7.1354437e-04 1.8101382e-03 9.0620096e-04 1.3421205e-03
 1.9969430e-03 1.3850292e-03 9.7664034e-01 1.3936881e-02] [0.06873793 0.07398319 0.1227289  0.10997707 0.05044905 0.16131948
 0.09929496 0.1133781  0.20013136] [1.9085911e-04 1.6033417e-04 1.2602871e-04 1.8129973e-03 1.7309246e-04
 4.9184944e-04 9.9588507e-01 3.9170674e-04 7.6809066e-04] [0.01850242 0.02371468 0.03768629 0.2788555  0.03067823 0.14104119
 0.03622032 0.04815341 0.385148  ] [0.00094665 0.00218031 0.04122939 0.92786056 0.00261265 0.00956601
 0.00471126 0.0045884  0.00630485] [6.7857583e-04 1.1255378e-03 9.9101382e-01 2.6892328e-03 4.4322145e-04
 6.8344909e-04 7.7813602e-04 9.9295634e-04 1.5950846e-03] [4.5343206e-04 5.1211054e-04 7.9992216e-04 1.0828970e-03 3.7123653e-04
 1.1932736e-03 9.9410087e-01 7.8338373e-04 7.0284645e-04] [0.27581057 0.08416512 0.05205428 0.02635835 0.03470309 0.13529001
 0.12887831 0.21950588 0.04323442] [0.08932279 0.2097809  0.24195933 0.124112   0.06576651 0.11778454
 0.06645252 0.06090707 0.0239143 ] [1.1366109e-03 9.8166335e-01 1.0154872e-02 4.5504255e-04 8.7864534e-04
 2.4208473e-03 1.0931358e-03 1.0715444e-03 1.1259059e-03] [3.6160881e-04 1.3452141e-03 5.5710028e-04 9.9212944e-04 9.6055638e-04
 9.8570281e-01 9.2915288e-04 1.2870904e-03 7.8643272e-03] [0.00260187 0.00387018 0.00184855 0.93855923 0.00446245 0.00656968
 0.00369476 0.00310937 0.03528389] [0.07226493 0.0486552  0.04760173 0.21431084 0.07009763 0.10945541
 0.12596276 0.08913618 0.2225153 ] [0.01895171 0.00748386 0.04561108 0.15215223 0.01852153 0.0096021
 0.02237325 0.03090694 0.6943973 ] [0.00706906 0.00410654 0.00554247 0.7981252  0.00614875 0.09627812
 0.00674302 0.00955202 0.06643482] [7.2070089e-04 3.7651057e-03 9.8893458e-01 2.9453826e-03 4.8375814e-04
 7.8349427e-04 7.3242595e-04 1.2015372e-03 4.3303359e-04] [0.05783964 0.05533943 0.03390589 0.12020589 0.04008089 0.22552948
 0.06774013 0.08702068 0.31233796] [3.2994704e-04 6.3939096e-04 4.0306908e-04 2.0387322e-04 9.9630308e-01
 1.0586275e-03 3.5837552e-04 3.6612290e-04 3.3745918e-04] [6.5767166e-04 9.9467683e-01 6.5573299e-04 3.9499454e-04 6.1821373e-04
 6.0531357e-04 6.0856011e-04 4.9194373e-04 1.2907310e-03] [0.00190599 0.00258709 0.0031605  0.9461185  0.00238521 0.00441126
 0.00418225 0.00333037 0.03191887] [0.00707561 0.01165516 0.9193521  0.01992558 0.00430676 0.00927524
 0.00425785 0.0179537  0.00619807] [0.00420085 0.01213723 0.00596947 0.94775707 0.00453316 0.01150328
 0.00236501 0.00350144 0.00803254] [7.6382799e-04 9.9255145e-01 1.0356223e-03 1.5870479e-03 9.2164811e-04
 1.4692072e-03 6.3443033e-04 5.5445189e-04 4.8230725e-04] [0.0018035  0.00336124 0.00288046 0.96988523 0.0018491  0.00334284
 0.00136464 0.00558527 0.00992773] [0.05023512 0.08198945 0.03802302 0.13127178 0.05841417 0.25027654
 0.07625769 0.10004324 0.213489  ] [0.02857699 0.02482821 0.05185156 0.07124456 0.05266959 0.5280364
 0.06228232 0.02648493 0.15402547] [0.00187418 0.00334461 0.02964002 0.90005606 0.0028713  0.03439051
 0.00648994 0.00606717 0.01526622] [2.3414589e-04 6.0614321e-04 3.4048168e-03 6.6133036e-04 9.9381894e-01
 6.2596845e-04 2.4749635e-04 2.3528996e-04 1.6584361e-04] [1.2567607e-03 3.0736625e-03 2.7225972e-03 9.4813894e-04 1.6049559e-03
 9.1572123e-04 5.3000863e-04 9.8645079e-01 2.4973773e-03] [0.00405677 0.00326031 0.05099128 0.8986823  0.003212   0.02062153
 0.0054821  0.00773525 0.00595842] [1.2479044e-04 1.3124806e-04 1.4381742e-04 4.1622488e-04 1.9511084e-04
 4.0524715e-04 9.9762613e-01 3.5155306e-04 6.0591334e-04] [0.01215219 0.02275463 0.8508383  0.02643442 0.01326828 0.02917932
 0.01959805 0.01066606 0.01510873] [5.9336243e-04 4.2367401e-04 4.8820468e-04 9.6908293e-04 4.5906208e-04
 1.2840731e-03 5.8891810e-04 9.9368757e-01 1.5060437e-03] [0.09191439 0.09072749 0.17924963 0.06033777 0.09067581 0.16212258
 0.09991903 0.06981155 0.15524174] [0.0021412  0.9834536  0.0018608  0.00427049 0.00171571 0.00247039
 0.00137705 0.00108664 0.00162417] [0.04619924 0.03422967 0.06259583 0.0147193  0.0311186  0.06376778
 0.03493415 0.08686619 0.6255692 ] [0.02169634 0.03305276 0.01056667 0.05466619 0.02377562 0.06634271
 0.03189173 0.02418888 0.73381907] [0.00716458 0.00548128 0.00502933 0.00223981 0.00186048 0.96087945
 0.00469701 0.00278535 0.0098627 ] [0.00841588 0.04305857 0.01679524 0.0105333  0.01287064 0.00477889
 0.01007882 0.01110123 0.88236743] [0.04762874 0.0815107  0.07569979 0.23052293 0.04336292 0.14243795
 0.05976193 0.09373205 0.22534294] [0.0159753  0.91192156 0.01193825 0.00534163 0.00711343 0.02247131
 0.00615811 0.00962832 0.00945212] [0.00942054 0.03086028 0.04083    0.01249739 0.0086511  0.01223347
 0.00477916 0.8125686  0.06815945] [0.00624951 0.00247994 0.00151316 0.95901823 0.00285085 0.00874226
 0.00378454 0.00340947 0.01195201] [0.03992734 0.06011643 0.05984956 0.26652867 0.03652929 0.2799212
 0.02243479 0.027868   0.2068247 ] [9.9675554e-01 4.1426727e-04 3.4044069e-04 2.7709181e-04 1.5763121e-04
 6.6741626e-04 2.0125607e-04 3.1234173e-04 8.7402394e-04] [1.2094262e-03 9.9248964e-01 2.6885674e-03 7.2488200e-04 5.8920466e-04
 6.6883728e-04 8.7652745e-04 5.3766574e-04 2.1524059e-04] [2.7239168e-04 9.4131200e-04 6.5690011e-04 2.6073473e-04 9.9612373e-01
 1.6552523e-04 1.8509944e-04 4.2579815e-04 9.6845056e-04] [0.01618157 0.01289199 0.01331627 0.03163139 0.02657614 0.13198453
 0.0235851  0.14496405 0.59886897] [0.01834232 0.01932942 0.02132869 0.12290759 0.02992867 0.22553174
 0.12415583 0.04474616 0.3937296 ] [1.2991206e-03 2.1706498e-03 1.4816861e-02 6.4116454e-04 9.7604895e-01
 5.1057385e-04 4.9577968e-04 1.4204935e-03 2.5963623e-03] [3.5344271e-04 5.8425125e-04 1.0129076e-03 1.4874528e-03 4.2011266e-04
 1.2541063e-03 4.4598654e-04 9.9387866e-01 5.6311081e-04] [0.07364576 0.0202612  0.03972288 0.22275323 0.05035219 0.07313666
 0.06130372 0.13694459 0.32187977] [0.05520848 0.04657865 0.07440712 0.11548721 0.04980418 0.17899247
 0.10438368 0.05129354 0.3238447 ] [3.0255856e-04 9.3718583e-04 1.8070958e-03 3.9620738e-04 9.9489236e-01
 8.3056273e-04 3.5605158e-04 2.5357099e-04 2.2443903e-04] [2.3191767e-03 1.5694797e-03 2.4645012e-03 1.2810434e-03 1.4538179e-03
 1.6580953e-03 9.6459355e-04 9.8686582e-01 1.4235078e-03] [2.8137956e-04 2.8035665e-04 2.4034893e-04 6.5610278e-04 3.0140328e-04
 1.7249943e-03 9.9110866e-01 4.8231269e-04 4.9244380e-03] [0.10964976 0.1730378  0.10141083 0.26237226 0.0547191  0.07598542
 0.09376588 0.04220732 0.08685162] [0.9380901  0.01949305 0.01359421 0.00185576 0.00390259 0.0044921
 0.01141088 0.0051637  0.00199759] [7.9532427e-04 1.2568559e-03 1.1174147e-03 2.9121106e-04 9.9484634e-01
 8.6910132e-04 3.0295626e-04 3.2348250e-04 1.9737125e-04] [1.2500949e-04 3.0611112e-04 2.3170029e-04 5.4114155e-04 1.5262594e-04
 4.6663513e-04 9.9724662e-01 4.1241143e-04 5.1771314e-04] [0.05133581 0.01432217 0.03505456 0.3310645  0.04013352 0.32650572
 0.05910604 0.03723057 0.10524712] [3.1257386e-03 7.4123766e-04 5.1314884e-04 3.9111879e-03 9.8371732e-01
 1.2795846e-03 9.0524211e-04 7.1099354e-04 5.0955550e-03] [1.4272466e-03 4.5730590e-04 1.7339159e-04 8.3527423e-04 2.9842896e-04
 1.3161559e-03 9.8175299e-01 4.3737720e-04 1.3301873e-02] [9.9197525e-01 3.0207967e-03 1.8040470e-03 2.7798829e-04 3.3196804e-04
 5.1144062e-04 2.3546191e-04 2.4799322e-04 1.5950005e-03] [0.03381633 0.0325767  0.10456929 0.01455281 0.02869892 0.026119
 0.73169374 0.01442762 0.01354564] [9.8717993e-01 1.6494819e-03 7.7815983e-04 5.3349063e-03 7.0450781e-04
 7.9222448e-04 5.5040570e-04 6.1633112e-04 2.3939884e-03] [0.0657301  0.08150364 0.37698093 0.05079313 0.07416987 0.05646868
 0.11944527 0.06340408 0.11150432] [0.04125874 0.08207873 0.03499379 0.13477324 0.07990828 0.22413161
 0.08075072 0.15653582 0.16556907] [0.00339413 0.93827033 0.0340569  0.00511887 0.00268976 0.00182902
 0.00711662 0.00326526 0.00425902] [6.7858340e-04 1.0433787e-03 5.7698658e-04 3.1649377e-04 9.9612564e-01
 4.6914045e-04 3.4756478e-04 1.8470692e-04 2.5747553e-04] [1.7167156e-04 1.1025858e-04 8.5063546e-04 9.9201375e-01 2.6680582e-04
 4.2026401e-03 3.4377543e-04 4.9419800e-04 1.5463376e-03] [0.00294889 0.9661714  0.00406052 0.00392313 0.00611249 0.00254627
 0.00524987 0.0041665  0.00482094] [0.02942419 0.10022534 0.01403057 0.09999237 0.03180864 0.29710257
 0.03762823 0.04784801 0.34194008] [0.00184178 0.00169065 0.00408296 0.00136515 0.00314314 0.0087243
 0.00212672 0.97505516 0.00197022] [5.0738145e-04 1.8115422e-03 1.7397257e-03 3.4089162e-04 3.2551598e-04
 6.1531720e-04 2.1870852e-04 9.9369413e-01 7.4674038e-04] [0.00334319 0.01259646 0.94636685 0.00221048 0.00802677 0.00501165
 0.00390751 0.00461013 0.01392699] [0.02313928 0.03767202 0.02275998 0.0446163  0.02524572 0.6482221
 0.06853058 0.02189937 0.10791466] [0.01620067 0.03786459 0.76433396 0.1058179  0.01025641 0.0178616
 0.02011659 0.01201636 0.0155319 ] [1.0082297e-03 8.3770638e-04 1.0388662e-03 5.6274800e-04 9.9010694e-01
 2.3567167e-03 9.0086187e-04 1.5035020e-03 1.6844349e-03] [0.19135454 0.10992859 0.13069482 0.2148757  0.06644402 0.052343
 0.09456656 0.08529855 0.05449427] [0.0270489  0.02735507 0.02199978 0.09878062 0.03395489 0.0685382
 0.04744983 0.03484283 0.6400299 ] [0.11265295 0.05808311 0.02874813 0.16885255 0.02960537 0.2680337
 0.03832229 0.0646074  0.23109448] [0.01068291 0.0106149  0.00652324 0.03147919 0.01302764 0.01567493
 0.01917411 0.0203941  0.872429  ] [5.4709928e-04 9.3589805e-04 2.3893431e-04 3.4147254e-04 3.0130305e-04
 1.0415164e-03 9.9467295e-01 3.0209890e-04 1.6187384e-03] [0.08961023 0.34831542 0.10735578 0.05546334 0.04517693 0.07296463
 0.07166549 0.08678169 0.12266649] [0.964659   0.00531995 0.01235209 0.00291255 0.00281766 0.00106007
 0.00353975 0.00555614 0.00178278] [2.7583199e-04 4.8775590e-04 4.0058180e-04 1.7844499e-04 4.5979454e-04
 9.5332495e-04 2.4789761e-04 9.9486452e-01 2.1319129e-03] [2.2104904e-03 9.8968631e-01 4.3691977e-04 1.1060144e-03 7.2008796e-04
 1.3755859e-03 6.8358722e-04 1.0330554e-03 2.7479606e-03] [0.00113382 0.00350991 0.9823628  0.00314477 0.00143962 0.00149895
 0.00152218 0.00160394 0.00378403] [5.6243129e-04 2.0029687e-03 1.5985166e-03 1.1042999e-03 9.9160820e-01
 5.6034647e-04 8.8079838e-04 8.8598760e-04 7.9640013e-04] [8.6086895e-04 8.0689491e-04 9.9240655e-01 1.8433215e-03 3.4565985e-04
 1.9563274e-03 7.6130766e-04 4.7789421e-04 5.4121343e-04] [0.02620295 0.03654819 0.04994244 0.0419143  0.01742858 0.06157664
 0.04997477 0.01580468 0.7006075 ] [2.0247175e-04 3.2414502e-04 2.0947025e-04 9.9533245e-05 1.6801081e-04
 1.1047099e-03 9.9724990e-01 2.9976314e-04 3.4196986e-04] [1.7506088e-04 2.9238246e-04 2.9133979e-04 2.7841757e-04 2.4594789e-04
 4.8628930e-04 9.9724907e-01 4.9420417e-04 4.8723744e-04] [0.38638097 0.17444925 0.125728   0.0237004  0.06473128 0.05397479
 0.0570678  0.05119668 0.06277083] [1.9690813e-04 1.4917026e-04 1.2281943e-04 2.3484477e-04 9.9717605e-01
 2.6914585e-04 2.1601762e-04 3.8673964e-04 1.2482997e-03]",5 0 3 2 6 2 8 1 7 4 4 3 0 8 0 5 3 0 7 7 1 1 6 8 0 4 2 4 7 1 7 8 4 8 0 3 3 0 2 3 8 7 2 4 1 6 7 0 1 5 8 2 1 8 4 7 3 2 5 0 5 4 7 6 2 1 1 5 7 1 2 5 0 4 2 6 7 8 2 7 8 5 0 6 1 0 3 3 4 4 1 6 5 7 5 7 6 0 4 0 5 5 0 2 6 0 6 0 5 3 2 6 8 0 8 5 6 1 3 8 7 6 6 6 2 2 6 1 2 1 5 3 4 8 3 2 3 4 1 3 2 5 1 3 8 5 3 4 7 3 6 2 7 1 1 8 5 5 8 5 1 7 3 8 0 1 4 7 8 4 7 8 8 4 7 6 3 0 4 6 3 4 6 0 6 0 2 5 1 4 3 1 5 7 7 2 5 2 4 3 8 8 8 6 5 0 7 1 2 4 2 3 6 6 0 4
1468,1,xgboost,0.0,5000,4144,0.8379629629629629,0.9775752314814815,"[9.8052764e-01 1.6783153e-03 2.7037794e-03 1.4701975e-03 8.9370861e-04
 4.1301344e-03 4.3366752e-03 2.3084441e-03 1.9511336e-03] [1.2363292e-03 6.4523792e-04 5.3580379e-04 3.1342881e-04 9.9397814e-01
 1.5906697e-03 4.9040507e-04 9.3045406e-04 2.7958219e-04] [6.6770583e-01 1.8974631e-03 2.6890060e-03 3.2526010e-01 3.8724582e-04
 7.0909376e-04 6.6328631e-04 3.0152654e-04 3.8643644e-04] [5.6226761e-04 2.1693117e-03 2.1883030e-03 2.0046833e-04 9.9291295e-01
 5.2512315e-04 7.7415531e-04 4.0419283e-04 2.6325221e-04] [0.24761663 0.14589013 0.03449281 0.09749916 0.16470829 0.05712081
 0.0530602  0.05699412 0.14261787] [0.00417802 0.97550064 0.00219929 0.00318029 0.0028931  0.00140042
 0.00351572 0.00425403 0.00287855] [9.9805009e-01 2.1363836e-04 2.3594224e-04 2.0563493e-04 1.6643600e-04
 7.0975145e-04 1.2470130e-04 1.9011449e-04 1.0367730e-04] [0.00177085 0.00746498 0.1761937  0.80334455 0.00142971 0.00146965
 0.00136816 0.00313745 0.00382094] [1.6534532e-03 1.1421853e-03 2.8651797e-03 3.6496408e-03 1.3786571e-03
 3.9141267e-03 9.7329082e-04 9.8335844e-01 1.0650165e-03] [9.7899699e-01 2.8448189e-03 7.6748277e-03 2.2665381e-03 1.3495599e-03
 2.4726009e-03 5.4466131e-04 1.2863918e-03 2.5636537e-03] [0.02214234 0.02313664 0.8261443  0.02263934 0.01717848 0.01571938
 0.03262305 0.00996976 0.03044676] [0.00554398 0.01515704 0.94257706 0.01516548 0.00193675 0.00319796
 0.00455775 0.00544867 0.00641525] [0.01006567 0.0069706  0.00438675 0.01287691 0.00350069 0.0733831
 0.00948976 0.00664985 0.8726767 ] [9.9206245e-01 9.3971280e-04 9.6453709e-04 1.1012512e-03 8.3366327e-04
 6.9525465e-04 5.0651497e-04 1.5836828e-03 1.3129049e-03] [6.4658100e-04 1.0549555e-03 8.8248838e-04 3.3087900e-04 1.2679197e-03
 9.9137610e-01 8.7526219e-04 9.4561721e-04 2.6201594e-03] [0.05323708 0.11356542 0.25464338 0.22627676 0.05505821 0.05227574
 0.0654704  0.04655724 0.1329158 ] [8.7615363e-02 7.1473385e-04 3.0096882e-04 3.8278039e-04 3.0549595e-04
 1.0709083e-03 9.0701383e-01 9.4358536e-04 1.6522988e-03] [3.5694276e-03 2.5347883e-03 3.5052591e-03 9.8493332e-01 1.1158180e-03
 1.2344368e-03 8.4548397e-04 1.5291352e-03 7.3237211e-04] [3.9180068e-04 4.6323001e-04 5.4325990e-04 2.8665474e-04 9.9681997e-01
 5.6972989e-04 1.5636733e-04 2.9343661e-04 4.7557498e-04] [9.1163814e-04 9.9010533e-01 9.8174310e-04 7.1101001e-04 8.1419724e-04
 3.6602605e-03 5.8779953e-04 9.3082990e-04 1.2971716e-03] [1.1859803e-03 9.8277402e-01 1.6015253e-03 1.4799678e-03 1.3465697e-03
 4.8011960e-03 7.9499953e-04 1.3261527e-03 4.6895561e-03] [0.9090832  0.00302771 0.00268453 0.00273459 0.00293763 0.02429541
 0.00203487 0.00239042 0.05081167] [2.5294605e-04 4.2670811e-04 2.0886537e-04 3.4100254e-04 4.1037329e-04
 1.9514625e-03 9.9239492e-01 3.9719022e-04 3.6164962e-03] [2.1479660e-04 3.4756504e-04 6.5925007e-04 3.6005466e-04 9.9584287e-01
 3.0995082e-04 1.5785467e-04 2.9662432e-04 1.8110351e-03] [0.09359653 0.08083718 0.05052373 0.1568518  0.22321823 0.13944013
 0.0754815  0.08530219 0.09474872] [9.9557823e-01 4.9131096e-04 1.2402322e-04 1.0334486e-03 2.1147946e-04
 1.3439370e-03 2.3217173e-04 6.7202200e-04 3.1330975e-04] [2.0840760e-04 5.5133505e-04 1.7255876e-04 5.0471519e-04 2.3395498e-04
 1.5607795e-03 9.8978931e-01 2.5959636e-04 6.7193625e-03] [0.01198652 0.00453215 0.00382587 0.00184789 0.00397202 0.0026502
 0.0068777  0.96052176 0.00378596] [0.9364418  0.00748005 0.0155626  0.0094106  0.00418824 0.01655235
 0.00245341 0.00358997 0.00432102] [2.6577231e-04 9.9666816e-01 4.6725434e-04 2.3833288e-04 4.2403233e-04
 3.3857411e-04 5.0512940e-04 5.2722811e-04 5.6554121e-04] [0.0124359  0.01283684 0.00955755 0.03330326 0.01020193 0.02971016
 0.7769735  0.01168987 0.10329104] [0.00247243 0.00313913 0.465059   0.5180031  0.00213902 0.00080207
 0.00146302 0.00413097 0.00279128] [9.8561674e-01 1.2255564e-03 1.2173196e-03 1.3978138e-03 5.4127251e-04
 7.9594720e-03 8.2202267e-04 9.5651124e-04 2.6330102e-04] [0.08088287 0.05271388 0.04791516 0.14369403 0.05105622 0.1502966
 0.11876184 0.0852956  0.26938376] [7.9601281e-04 9.4959617e-04 9.9164271e-01 2.1406470e-03 1.0690270e-03
 9.5109845e-04 8.1138260e-04 9.5684826e-04 6.8272179e-04] [0.0074747  0.0039637  0.97110635 0.00717723 0.00200643 0.00320918
 0.00144795 0.0023694  0.00124502] [0.04302058 0.17264046 0.03705601 0.47407976 0.02276137 0.04700123
 0.04465431 0.05664953 0.1021367 ] [0.00320096 0.00637634 0.00103745 0.00500348 0.00368    0.05547112
 0.00482628 0.00342489 0.9169795 ] [8.7107311e-04 1.4131869e-03 4.3347149e-04 3.3538003e-04 2.1983487e-04
 8.8814506e-04 9.9442637e-01 7.9815631e-04 6.1432889e-04] [1.8626254e-04 3.2584049e-04 1.0981140e-04 2.4232913e-04 1.5672258e-04
 1.1309796e-03 1.5379701e-04 9.9648213e-01 1.2120502e-03] [1.0595185e-04 2.4612821e-04 2.6581757e-04 2.8040423e-04 1.6188594e-04
 1.5672226e-03 9.8995996e-01 4.0929363e-04 7.0033539e-03] [0.04322677 0.01433061 0.01151597 0.02185204 0.0287075  0.582415
 0.03507458 0.13346033 0.12941724] [4.7839322e-04 2.8502583e-03 4.1921920e-04 5.2704522e-04 5.2474771e-04
 8.6335884e-04 5.7322718e-04 9.8997140e-01 3.7923520e-03] [0.01247839 0.01074563 0.008994   0.03280434 0.02088145 0.1325443
 0.01854804 0.03462855 0.7283753 ] [0.05117569 0.05571351 0.11222969 0.06233833 0.05447311 0.2766662
 0.1066225  0.04855481 0.23222616] [2.7620434e-04 4.7549562e-04 4.0938484e-04 8.3632220e-04 3.0806888e-04
 4.2218197e-04 9.9617803e-01 3.2620953e-04 7.6810410e-04] [0.00505796 0.01106083 0.93969136 0.01777718 0.00674601 0.00379094
 0.00365151 0.00613872 0.00608542] [9.9634403e-01 7.5834402e-04 6.6191069e-04 2.7053436e-04 1.9993207e-04
 2.0344827e-04 3.8350897e-04 6.9080183e-04 4.8743447e-04] [6.4210157e-04 1.1176814e-03 8.2636561e-04 4.4892845e-03 6.8675639e-04
 9.6483165e-01 1.3581552e-03 9.0313621e-04 2.5144883e-02] [1.0093329e-03 2.6392676e-03 2.1641497e-03 9.9352980e-04 1.0209878e-03
 6.7086995e-04 1.3902154e-03 9.8909086e-01 1.0208028e-03] [0.0046701  0.01077552 0.00722874 0.00529549 0.00470479 0.9553765
 0.0025518  0.00603982 0.00335721] [3.2257207e-03 2.5579475e-03 9.4269156e-02 8.9463592e-01 1.0537300e-03
 6.5422495e-04 1.0339415e-03 1.6090742e-03 9.6030312e-04] [0.00319575 0.00370398 0.00744109 0.96590805 0.00593929 0.00474437
 0.00360124 0.0039951  0.0014712 ] [8.4204075e-04 9.9406834e-04 5.5207852e-03 9.8625958e-01 8.3945220e-04
 7.6415681e-04 5.8840343e-04 2.6654871e-03 1.5260052e-03] [0.00964203 0.0108543  0.87930715 0.02462813 0.00822602 0.02069881
 0.00752613 0.01700542 0.02211204] [0.0045886  0.00361123 0.967045   0.00152647 0.00322968 0.00549961
 0.00298025 0.00540715 0.006112  ] [1.5846180e-03 2.5661252e-03 1.5548945e-03 5.7621644e-04 1.2320097e-03
 9.8677737e-01 8.3454064e-04 3.7414713e-03 1.1327312e-03] [0.9580766  0.00385101 0.00298171 0.00226778 0.00255796 0.00116346
 0.00936683 0.00363642 0.01609826] [0.00204299 0.00367019 0.0080298  0.00231628 0.00139354 0.00122004
 0.00163569 0.9759962  0.00369527] [3.2284067e-04 1.3093547e-04 2.5990154e-04 6.2677002e-04 1.9121586e-04
 7.4033416e-04 9.9609703e-01 1.5334718e-04 1.4776707e-03] [0.07041627 0.20851289 0.08625698 0.23920992 0.05063985 0.04135826
 0.06288468 0.07595411 0.16476707] [3.48170986e-04 3.83293023e-04 4.95528453e-04 1.13668684e-04
 9.97157693e-01 3.91547655e-04 1.62416400e-04 4.18769778e-04
 5.28914388e-04] [8.0829472e-05 2.8033796e-04 1.1297507e-04 3.9858193e-04 1.9158909e-04
 1.4482000e-03 9.9618226e-01 5.4112414e-04 7.6409482e-04] [4.1903346e-04 6.5786060e-04 4.1165194e-04 6.7452627e-04 9.2650665e-04
 9.9406248e-01 5.8068056e-04 5.7990581e-04 1.6873833e-03] [0.00946178 0.00882149 0.01031082 0.01310891 0.00788082 0.15461482
 0.7506136  0.01916498 0.02602283] [9.8570085e-01 1.1805661e-03 1.7678221e-03 1.4661821e-03 5.9704046e-04
 9.3935971e-04 9.7946089e-04 1.3800296e-03 5.9887320e-03] [0.03092688 0.03351806 0.02342123 0.08663463 0.04866523 0.06740712
 0.0631152  0.06990933 0.5764023 ] [0.01018109 0.02154726 0.01034935 0.04648703 0.00957837 0.0615285
 0.01888718 0.02649421 0.79494697] [0.09400214 0.18102275 0.04118384 0.07260951 0.04269977 0.34074816
 0.03967603 0.04932901 0.13872878] [9.9483949e-01 1.2807401e-03 9.3487446e-04 1.8515917e-04 2.9544506e-04
 1.2482819e-03 2.9834069e-04 1.9720959e-04 7.2047784e-04] [7.2436692e-04 8.4068318e-04 1.4597935e-03 9.8035645e-01 6.3276134e-04
 2.7614459e-03 5.4721721e-04 3.3161375e-03 9.3611274e-03] [0.01422316 0.9567155  0.00401822 0.0060338  0.00415184 0.00401411
 0.00220598 0.00316794 0.00546945] [1.3328068e-03 2.1325916e-03 2.9020823e-04 4.8311776e-04 2.3223567e-04
 4.1074661e-04 4.7151564e-04 9.9403161e-01 6.1512185e-04] [8.1301259e-04 1.7248208e-03 1.1752753e-03 3.5351457e-04 9.9454767e-01
 4.4336604e-04 2.3572020e-04 2.9461176e-04 4.1196126e-04] [9.9770784e-01 5.2775216e-04 3.6605773e-04 1.3677150e-04 2.1506244e-04
 4.0561869e-04 2.5383433e-04 2.4041970e-04 1.4656587e-04] [5.3932815e-04 4.1592371e-04 7.1067113e-04 5.7207810e-04 9.9495369e-01
 1.0976993e-03 4.3850060e-04 4.4386674e-04 8.2817220e-04] [0.00236162 0.00632629 0.0018013  0.00223764 0.00132544 0.00857455
 0.00141093 0.972998   0.00296425] [1.9208321e-04 3.3406683e-04 2.3219052e-04 2.5173198e-04 2.4547442e-04
 9.8263263e-04 9.9675614e-01 1.3566059e-04 8.7004009e-04] [9.3909667e-04 6.9648685e-04 9.3767198e-04 2.3415904e-03 8.7135652e-04
 1.0596248e-02 7.1898912e-04 9.7377294e-01 9.1255652e-03] [1.1714654e-03 3.4449806e-03 1.3097781e-03 2.4390651e-03 1.0081526e-03
 1.5694727e-03 1.5929049e-03 9.8713207e-01 3.3211274e-04] [0.00553089 0.00855558 0.0118911  0.01391964 0.00346525 0.9453509
 0.00557065 0.00327035 0.00244568] [0.98571986 0.00208596 0.00110193 0.00258876 0.00134172 0.00171826
 0.00211448 0.0014335  0.00189556] [0.00952921 0.01827743 0.9208721  0.00597823 0.00655097 0.00925831
 0.00802391 0.01202014 0.00948976] [7.6540513e-04 8.0491672e-04 5.2350236e-04 9.9248558e-01 2.8541919e-03
 5.2898168e-04 6.5821718e-04 4.2118266e-04 9.5801777e-04] [4.2989329e-04 9.9215746e-01 7.4972468e-04 1.4394349e-03 4.7861383e-04
 8.7932090e-04 2.5846981e-04 6.9676468e-04 2.9103188e-03] [4.7538770e-04 2.1647544e-04 4.2396388e-04 7.6818973e-04 2.8640591e-04
 9.4043772e-04 4.4801657e-04 9.8763418e-01 8.8069644e-03] [0.04542611 0.17711705 0.12498836 0.04602078 0.05698232 0.22891006
 0.03474429 0.11689241 0.16891861] [2.7917515e-04 5.4082053e-04 7.9576857e-04 3.8428011e-04 9.9659425e-01
 3.5026128e-04 2.0180079e-04 1.9430160e-04 6.5936567e-04] [9.6845664e-03 1.7025641e-03 2.3075622e-03 7.4835453e-04 4.8154694e-04
 9.8189259e-01 1.1764930e-03 7.3756470e-04 1.2687254e-03] [0.05763988 0.0653628  0.04131021 0.08625232 0.04756157 0.04394045
 0.05848798 0.07544884 0.52399594] [1.0737465e-03 1.8645069e-03 3.0965628e-02 6.4539874e-04 9.5985699e-01
 2.2671730e-03 1.9136434e-03 7.3580293e-04 6.7703490e-04] [0.01139783 0.017954   0.04212669 0.8771339  0.00550023 0.01273356
 0.01026707 0.01326533 0.00962133] [9.7943270e-01 3.9753425e-03 4.1417638e-03 4.3440303e-03 1.3532634e-03
 1.6578356e-03 9.1601670e-04 3.1706605e-03 1.0084057e-03] [0.00918918 0.0232165  0.3937215  0.5206542  0.01612373 0.00978129
 0.01195333 0.0063703  0.00898998] [0.01639828 0.09360869 0.55936694 0.0785795  0.03187229 0.02857654
 0.02099193 0.04765455 0.12295132] [0.7423393  0.03687761 0.05267632 0.01861552 0.01497868 0.03477559
 0.03377938 0.04702576 0.0189318 ] [0.00305968 0.9646336  0.01937003 0.00539652 0.00109858 0.00255121
 0.00130999 0.00134322 0.00123721] [3.0180838e-04 5.8532000e-04 4.4917752e-04 2.1748012e-03 9.9357235e-01
 2.6821333e-04 1.0887729e-03 3.6931725e-04 1.1902333e-03] [0.5150034  0.06940545 0.0399581  0.03752232 0.0356663  0.04654276
 0.01676546 0.0513962  0.18774003] [1.3206708e-03 1.2705320e-03 1.5499912e-03 8.0277625e-04 8.4721850e-04
 1.3698231e-03 4.7199082e-04 9.9114287e-01 1.2241607e-03] [0.05903176 0.07093848 0.2280119  0.08039574 0.04557389 0.08535022
 0.09929749 0.14491555 0.18648493] [1.8734003e-03 9.8047835e-01 4.1452609e-03 7.1908423e-04 5.1165681e-04
 6.8439245e-03 7.0754415e-04 1.3408958e-03 3.3799189e-03] [1.6960301e-03 3.3721097e-03 9.7648776e-01 1.0673103e-02 1.7382252e-03
 1.6185422e-03 1.1679969e-03 2.3128788e-03 9.3337189e-04] [0.92243844 0.01992635 0.00577161 0.01670217 0.00474288 0.01096521
 0.00436328 0.00755401 0.0075361 ] [5.5751420e-04 4.2633808e-04 8.9782965e-04 4.2987903e-04 9.9533397e-01
 3.6012934e-04 2.0558012e-04 4.0423666e-04 1.3844757e-03] [1.5132410e-03 9.7871315e-01 9.7423056e-03 1.3506428e-03 8.7123003e-04
 4.1225893e-04 4.9036629e-03 1.0121182e-03 1.4813705e-03] [3.7834674e-04 6.3743233e-04 2.0886354e-04 4.7713233e-04 5.1834941e-04
 7.7714084e-04 9.9631774e-01 3.5870087e-04 3.2631878e-04] [0.08143879 0.04988338 0.05131723 0.11184731 0.06041476 0.23081711
 0.06909046 0.08360448 0.2615865 ] [0.03264959 0.03644209 0.02038703 0.08465195 0.03059834 0.3106799
 0.06941041 0.06415174 0.35102892] [0.06106979 0.0540033  0.03912103 0.01971073 0.59439135 0.05627621
 0.02209019 0.11027814 0.04305926] [0.02549016 0.04564641 0.46418667 0.05779694 0.05277762 0.23851381
 0.017162   0.0467115  0.05171486] [1.0993468e-03 8.9992333e-04 9.9188942e-01 1.0030852e-03 9.5375738e-04
 1.8734559e-03 7.3461683e-04 1.1379361e-03 4.0848841e-04] [0.00429547 0.00198168 0.974463   0.00731714 0.00125026 0.00228773
 0.00132866 0.00242897 0.00464713] [7.5343193e-04 9.1797166e-04 5.5490725e-04 1.0448213e-03 9.5723744e-04
 9.8483479e-01 8.5633929e-04 1.4788816e-03 8.6016078e-03] [0.10784371 0.05092289 0.05441063 0.08306457 0.05866731 0.39676747
 0.05036478 0.07692989 0.12102871] [0.0342578  0.08480103 0.05043464 0.11797552 0.06340503 0.1705782
 0.1941689  0.12513182 0.15924713] [2.5177930e-04 5.3238025e-04 1.8108006e-04 3.6849445e-04 1.8244128e-04
 9.7755680e-04 9.9083090e-01 2.7006801e-04 6.4052758e-03] [0.9789114  0.00326089 0.00212547 0.00331815 0.00173278 0.00267392
 0.00177495 0.00356381 0.00263864] [1.0194816e-03 2.8454615e-03 8.3660090e-04 1.5244093e-03 2.1686843e-03
 2.0922469e-02 2.4517532e-03 9.6023530e-01 7.9958849e-03] [0.02951776 0.07665926 0.01733949 0.12275165 0.0343518  0.05418884
 0.02050193 0.01720112 0.62748814] [0.00237482 0.00344158 0.00249923 0.9622852  0.00539017 0.00942965
 0.00347516 0.00497523 0.00612895] [5.4728967e-04 9.8437446e-01 1.0036889e-02 1.4995201e-03 8.2894095e-04
 3.7329659e-04 4.2787418e-04 8.1805419e-04 1.0936492e-03] [4.81809344e-04 1.70626648e-04 1.17349984e-04 3.29785980e-04
 1.57490693e-04 1.90926308e-03 9.95238543e-01 4.04776511e-04
 1.19030534e-03] [0.00424864 0.0069811  0.00328623 0.00223166 0.00288604 0.9557256
 0.00555131 0.01206294 0.0070265 ] [0.75208455 0.02819911 0.02839772 0.01298927 0.01244087 0.04429942
 0.02232846 0.02495516 0.07430547] [0.01345202 0.02136187 0.01745374 0.02465212 0.00554526 0.01006952
 0.00632367 0.8702596  0.03088226] [2.3124828e-03 7.2073896e-04 1.3150309e-03 1.6254066e-03 7.7600218e-04
 2.9173370e-03 6.9983309e-04 9.8911977e-01 5.1336340e-04] [0.04924861 0.0253001  0.02458443 0.042982   0.01618377 0.09992488
 0.01558638 0.02209068 0.7040992 ] [0.00132545 0.003204   0.00099101 0.00342867 0.00119677 0.98028606
 0.00445794 0.00129932 0.00381079] [0.0077348  0.01161962 0.0184062  0.00681657 0.00569204 0.02412965
 0.01160512 0.9097601  0.00423588] [0.02341196 0.0360882  0.01795257 0.02713577 0.0234687  0.09702666
 0.03384331 0.03787901 0.70319384] [0.12814128 0.27142945 0.07730977 0.22139734 0.04620074 0.04491244
 0.08562714 0.07656139 0.04842041] [0.03580234 0.0173575  0.8406286  0.01469288 0.01413203 0.04145039
 0.00720251 0.01817544 0.01055824] [0.07885539 0.10732415 0.04339783 0.14164531 0.05272849 0.20093714
 0.07621568 0.13151635 0.16737966] [0.0013142  0.9591564  0.01999169 0.0029504  0.00204848 0.00457415
 0.00546692 0.00206957 0.00242819] [0.02999527 0.03712267 0.67292386 0.0405036  0.02232604 0.03663505
 0.04864969 0.0294971  0.08234666] [0.11893194 0.16913266 0.09938966 0.07983513 0.07433287 0.14882134
 0.04868111 0.10180357 0.1590717 ] [3.8016055e-04 4.3838078e-04 3.8824594e-04 6.7011837e-04 2.8230343e-04
 3.4258564e-03 3.0058553e-04 9.9248028e-01 1.6340526e-03] [0.00235419 0.00396172 0.00321802 0.00128408 0.00588094 0.97127545
 0.00210118 0.00459503 0.00532938] [2.7570839e-04 1.5788166e-04 3.6650451e-04 4.1830822e-04 1.8850928e-04
 6.0312211e-04 9.9582231e-01 8.4588351e-04 1.3217902e-03] [0.01819078 0.02255951 0.0133942  0.01420838 0.02254568 0.01279768
 0.13701808 0.05315039 0.7061353 ] [0.3216997  0.07696009 0.13038717 0.06884103 0.05474372 0.05478394
 0.06927548 0.13465475 0.08865414] [1.8545540e-04 1.1393933e-04 1.7060219e-04 4.9766415e-04 9.9662113e-01
 9.6076052e-04 3.2059959e-04 5.6593964e-04 5.6392793e-04] [9.3015307e-04 7.5807737e-04 4.1445153e-04 5.9301802e-04 9.9476635e-01
 1.2740217e-03 6.3590187e-04 3.5847121e-04 2.6958616e-04] [0.0282276  0.02696152 0.01794759 0.05525619 0.01757055 0.24219212
 0.07691579 0.02137296 0.51355565] [0.00489645 0.01146319 0.9443304  0.00446897 0.00247925 0.00650409
 0.00243632 0.00775444 0.0156669 ] [0.0022831  0.00709261 0.95926857 0.00344645 0.00179112 0.01807372
 0.00243652 0.00192636 0.00368151] [0.03354856 0.02661386 0.01507726 0.02772499 0.01997319 0.06508787
 0.01840748 0.03721213 0.7563547 ] [0.04235314 0.09208739 0.09065104 0.03509911 0.04646221 0.24025111
 0.02352549 0.05001726 0.37955326] [1.1809173e-03 2.3978304e-03 1.2071040e-03 9.4660831e-04 9.8620749e-01
 4.2665838e-03 9.6066145e-04 7.8597094e-04 2.0468074e-03] [0.26273012 0.08823396 0.16369243 0.06827418 0.07898725 0.1969466
 0.04868862 0.05386335 0.03858346] [8.3864992e-04 7.4813626e-04 1.5785840e-03 9.9288827e-01 5.0204794e-04
 6.2515028e-04 9.7141665e-04 6.8530644e-04 1.1624245e-03] [5.2392727e-04 1.2242100e-03 1.6546005e-03 9.8398966e-01 9.1890077e-04
 2.4535551e-03 1.1661497e-03 7.7926257e-04 7.2897980e-03] [1.7006089e-03 1.7486686e-03 1.4755517e-03 4.9176352e-04 7.8392570e-04
 8.0321042e-04 9.6331304e-04 9.8946357e-01 2.5693343e-03] [0.98404044 0.00377757 0.00191136 0.00286078 0.00098775 0.00158501
 0.00155785 0.00109959 0.0021797 ] [0.7925614  0.02645038 0.04825915 0.03358162 0.01466908 0.03360983
 0.01096357 0.01551278 0.02439216] [3.9345349e-04 1.2500712e-04 2.0992833e-04 1.1550084e-03 2.2890374e-04
 6.7254569e-04 9.9484998e-01 2.8240861e-04 2.0827211e-03] [7.8968861e-04 7.8751962e-04 4.8086859e-04 2.7917133e-04 9.9616444e-01
 3.7727828e-04 1.5345794e-04 3.4934646e-04 6.1824970e-04] [8.6480821e-04 3.5870780e-04 3.7038801e-04 3.3968332e-04 4.8973068e-04
 5.0550967e-04 3.5396099e-04 9.9597269e-01 7.4450241e-04] [8.5207395e-04 5.2061654e-04 3.8112409e-04 4.1895378e-03 9.8346370e-01
 3.9603924e-03 9.4449922e-04 1.0737788e-03 4.6142945e-03] [0.04876034 0.12400089 0.2595392  0.02790934 0.05718874 0.24394043
 0.02867862 0.03577667 0.17420575] [0.0248716  0.01828126 0.01044562 0.13053809 0.02556695 0.1009341
 0.02964447 0.03642382 0.6232941 ] [0.00349788 0.0046737  0.9524052  0.0126594  0.0016081  0.00279851
 0.00340555 0.00145841 0.01749329] [1.3447208e-03 8.1691518e-04 3.6294374e-04 2.0799048e-03 5.1469938e-04
 9.9277312e-01 6.6241383e-04 7.0749945e-04 7.3785317e-04] [0.01019542 0.00373429 0.9468185  0.00615465 0.0029852  0.00631745
 0.01156755 0.00300319 0.00922376] [8.1747415e-04 9.9530898e-04 8.6535205e-04 4.0406990e-03 9.6688062e-01
 1.9670134e-02 9.1243407e-04 2.0299114e-03 3.7880649e-03] [9.9774581e-01 5.7339069e-04 5.3174858e-04 2.7607186e-04 1.5257715e-04
 2.5071201e-04 1.2353020e-04 1.0447513e-04 2.4170271e-04] [0.01371753 0.00404086 0.00207561 0.85937625 0.00385777 0.02376874
 0.02760161 0.02586893 0.03969268] [9.6095761e-04 5.8934517e-04 4.6111183e-04 9.8930782e-01 1.0597892e-03
 4.8101381e-03 4.3497421e-04 4.3069161e-04 1.9452063e-03] [3.8797196e-04 3.6871783e-04 5.0369930e-04 4.7274353e-04 9.9682319e-01
 4.4159091e-04 2.7296561e-04 2.7549663e-04 4.5365136e-04] [9.8988521e-01 9.1843144e-04 7.0537755e-04 8.9362299e-04 4.0331710e-04
 2.0562464e-03 6.7579630e-04 1.3853182e-03 3.0767152e-03] [7.0906826e-04 9.8963565e-01 4.4094720e-03 8.9639239e-04 4.7989810e-04
 1.3951381e-03 3.7498047e-04 1.3151942e-03 7.8414957e-04] [0.00345345 0.00307501 0.01196035 0.9553102  0.00254821 0.00805913
 0.00384369 0.00399229 0.00775764] [0.07930762 0.17976318 0.11587513 0.0818098  0.06559587 0.14683516
 0.08872744 0.15451771 0.08756807] [0.00556025 0.00536639 0.2451646  0.7207103  0.0097631  0.00481703
 0.00238503 0.0016828  0.00455053] [0.02885272 0.01536103 0.01020931 0.08000951 0.01657341 0.01348726
 0.01512513 0.02616982 0.7942118 ] [0.07162113 0.07592954 0.03757689 0.11370614 0.04521694 0.11300267
 0.07903832 0.07425813 0.38965023] [1.2565919e-03 1.1012162e-03 2.2850493e-03 2.1831973e-03 9.8854637e-01
 1.3040812e-03 1.2589374e-03 1.6316850e-03 4.3289084e-04] [0.0260133  0.06280782 0.02701064 0.17343253 0.04232422 0.2378181
 0.04507764 0.05347912 0.33203664] [5.6371110e-04 7.1941438e-04 1.6766750e-03 2.5976167e-04 9.9402303e-01
 8.3542155e-04 8.7524008e-04 4.9393915e-04 5.5278506e-04] [4.0360837e-04 9.9594927e-01 1.6380254e-03 2.2768887e-04 2.4055871e-04
 9.1865484e-04 2.7223126e-04 2.0225628e-04 1.4764444e-04] [1.0395343e-03 5.7695463e-04 3.4479226e-04 8.8273548e-04 6.0436100e-04
 9.9162102e-01 2.6442781e-03 6.9472624e-04 1.5916181e-03] [5.3709256e-04 4.0321014e-04 6.4106437e-04 4.0424932e-03 8.2391035e-04
 3.4171520e-03 9.2094095e-04 8.7792045e-01 1.1129369e-01] [1.4361559e-03 9.8864347e-01 8.5068855e-04 4.4928240e-03 1.0518103e-03
 4.8247166e-04 1.4705758e-03 1.2163727e-03 3.5565186e-04] [2.4732458e-04 1.4337733e-03 3.7171468e-04 1.5170572e-04 2.5538853e-04
 1.2294330e-04 9.9434042e-01 1.3855327e-04 2.9381071e-03] [3.0060008e-04 3.6599796e-04 3.6590142e-04 8.0436387e-04 2.2517255e-04
 3.0877395e-04 9.9713826e-01 2.8145121e-04 2.0949813e-04] [2.7539663e-04 2.0669850e-04 2.3358660e-04 4.7955420e-04 1.8225377e-04
 1.1294675e-03 9.9382198e-01 2.7550038e-04 3.3955630e-03] [3.1546806e-04 7.0230622e-04 2.2491776e-04 7.1075017e-04 9.0750976e-04
 4.4565756e-04 4.9370411e-04 9.9532157e-01 8.7816716e-04] [0.08187097 0.3493623  0.02952706 0.11253931 0.02310103 0.23506565
 0.04089708 0.04565522 0.08198131] [0.0146314  0.02119534 0.00846178 0.07919136 0.03224437 0.17041089
 0.02401248 0.01518106 0.63467133] [2.1423286e-04 3.8962835e-04 7.8315579e-04 9.9540365e-01 2.6038627e-04
 2.4157080e-04 6.4491015e-04 3.4461910e-04 1.7178295e-03] [0.05871064 0.03651588 0.04534877 0.02451888 0.03447754 0.11180689
 0.05425663 0.03302277 0.601342  ] [0.00683787 0.03419254 0.9264772  0.00593221 0.00445889 0.00183723
 0.00755844 0.00891095 0.00379473] [0.08954595 0.13502766 0.23271783 0.10933476 0.07757892 0.05268946
 0.0987557  0.12910797 0.07524177] [7.2218606e-04 8.7207317e-04 3.7344964e-04 3.4257134e-03 9.8817855e-01
 1.6344995e-03 8.6506637e-04 9.3025877e-04 2.9982291e-03] [0.00389848 0.9574773  0.00622123 0.00206057 0.00235874 0.0028043
 0.00328323 0.00310624 0.01878996] [0.02909655 0.20371509 0.07907664 0.05782843 0.05028255 0.27268827
 0.031078   0.06304304 0.21319146] [8.3225791e-04 1.2255509e-03 1.3920228e-03 9.7548884e-01 1.8951450e-03
 1.4602952e-03 4.3896367e-04 5.8799266e-04 1.6678877e-02] [0.04914735 0.15865347 0.13322033 0.13445745 0.05206041 0.06568497
 0.03375892 0.34113652 0.0318806 ] [8.3113031e-04 7.6939998e-04 1.9096371e-03 9.8449439e-01 7.9418602e-04
 1.5368443e-03 8.0920645e-04 1.3589663e-03 7.4962615e-03] [0.07544086 0.12471436 0.3190231  0.12709427 0.03159392 0.11652503
 0.04107849 0.06816871 0.09636124] [0.00977505 0.01782011 0.00791299 0.02291607 0.01125361 0.20642549
 0.01278981 0.0156116  0.6954953 ] [0.00347184 0.00643045 0.00571778 0.01091853 0.00665836 0.00542168
 0.00400124 0.00492963 0.9524505 ] [0.00377669 0.00719507 0.00291431 0.00664535 0.00460863 0.00699823
 0.00417551 0.9534386  0.01024763] [0.02100651 0.01304429 0.03848536 0.17471519 0.01956257 0.273622
 0.02520417 0.03039911 0.40396085] [1.2496023e-03 9.8404431e-01 8.4948037e-03 1.2033759e-03 6.6690054e-04
 1.0472924e-03 9.6281455e-04 9.5595443e-04 1.3748740e-03] [9.4274507e-04 8.3725672e-04 7.6528755e-04 1.0127933e-03 1.2837145e-03
 2.4477312e-02 1.2914487e-03 9.6132815e-01 8.0613233e-03] [1.5260384e-04 6.6022505e-04 1.3851805e-04 2.0956891e-04 9.9757212e-01
 3.8728182e-04 3.9340762e-04 2.6151110e-04 2.2480590e-04] [4.9052946e-04 3.2691692e-04 5.9615937e-04 2.0528657e-03 9.5923990e-04
 3.3774177e-04 4.6378534e-04 9.9384969e-01 9.2311762e-04] [0.02045855 0.01947727 0.01594862 0.06192076 0.03096368 0.08290606
 0.04442376 0.05726324 0.66663814] [0.01653345 0.01033103 0.00959696 0.00964313 0.01387736 0.02674378
 0.00986396 0.04177105 0.86163926] [9.7887882e-04 5.7528162e-04 7.8467146e-04 4.4380999e-04 9.9493849e-01
 6.6094898e-04 3.9472053e-04 3.9111075e-04 8.3210604e-04] [0.08632436 0.07121718 0.02470694 0.06668791 0.06932633 0.253438
 0.05231938 0.06444462 0.31153533] [0.00271799 0.96508163 0.00256275 0.00285137 0.00244622 0.00311438
 0.00322233 0.00358814 0.01441525] [4.5162541e-04 5.8382109e-04 6.2384957e-04 3.0216144e-04 1.7436271e-04
 2.4500274e-04 9.9712616e-01 1.9418979e-04 2.9887076e-04] [0.17474082 0.14846724 0.11939298 0.2086779  0.07445932 0.07918917
 0.04970481 0.07209987 0.07326785]",0 4 0 4 4 1 0 3 7 0 2 2 8 0 5 6 6 3 4 1 1 8 6 4 3 0 6 7 0 1 6 3 0 5 2 2 3 6 6 7 6 7 7 8 5 6 2 0 5 7 5 2 2 3 2 2 5 0 7 6 1 4 6 5 6 0 8 8 5 0 3 1 7 4 0 4 7 6 7 7 5 0 2 3 1 7 5 4 5 3 4 0 0 3 2 0 1 4 1 7 1 1 2 0 4 1 6 3 8 1 2 2 2 5 6 8 6 0 7 8 5 1 6 5 0 7 7 8 5 7 5 2 2 5 1 2 5 7 5 6 8 0 4 4 8 2 2 8 8 4 6 3 3 7 0 1 6 4 7 4 2 8 2 5 2 4 0 3 3 4 0 1 3 3 3 8 3 4 5 4 1 5 8 1 6 6 6 7 5 8 3 8 2 1 4 1 8 3 1 3 3 8 8 7 8 1 7 4 7 8 8 4 3 1 6 5
1468,2,xgboost,0.0,5000,4144,0.8194444444444444,0.9742476851851851,"[0.00116793 0.00110303 0.00336252 0.97753304 0.00101417 0.00620499
 0.00161659 0.00183228 0.00616546] [4.3693421e-04 2.1689179e-04 2.2904907e-04 2.4451595e-03 2.2524287e-04
 3.8871742e-04 4.5340086e-04 9.9219745e-01 3.4070737e-03] [0.05959885 0.06577322 0.04507631 0.15077487 0.04692996 0.09242323
 0.22969568 0.05687388 0.252854  ] [0.00260837 0.00674326 0.00593605 0.00743806 0.00245105 0.01960049
 0.00465862 0.94547063 0.00509345] [9.9587041e-01 9.3109085e-04 5.3418096e-04 1.1212606e-03 4.3915751e-04
 3.5490317e-04 3.4287706e-04 2.2553187e-04 1.8055252e-04] [2.5004410e-04 1.0856377e-03 9.9414790e-01 9.0786844e-04 3.1655325e-04
 1.3109900e-03 3.6553142e-04 8.2640292e-04 7.8910537e-04] [3.4000516e-02 3.4775201e-04 1.9647821e-04 3.1529003e-04 2.1117990e-04
 2.5037909e-03 9.6160519e-01 3.3842784e-04 4.8142194e-04] [5.7967333e-04 1.2155598e-03 3.7437305e-04 4.1497493e-04 9.9576902e-01
 2.3661951e-04 2.9824092e-04 8.8421331e-04 2.2740096e-04] [1.9716211e-04 3.5024312e-04 7.4052579e-05 3.9643818e-04 1.8125148e-04
 1.5216914e-03 9.9608082e-01 7.0124847e-04 4.9705821e-04] [6.8597245e-04 6.6810218e-04 6.4066314e-04 2.7103776e-03 6.4686983e-04
 7.1741804e-04 9.2413422e-04 9.8874003e-01 4.2664343e-03] [0.00561874 0.02379286 0.9212067  0.00826235 0.00892293 0.00669434
 0.0151809  0.00772617 0.00259497] [9.9484009e-01 6.7163905e-04 1.1362513e-03 5.6048331e-04 6.8769464e-04
 7.3842186e-04 3.5689448e-04 4.2053752e-04 5.8804004e-04] [0.16323876 0.10595753 0.17611083 0.06386596 0.09206726 0.17692344
 0.05844117 0.06245538 0.10093969] [0.00952444 0.0112181  0.00829063 0.02633714 0.01669581 0.05007696
 0.7726228  0.01499679 0.0902373 ] [0.02308003 0.01164771 0.02020501 0.04551362 0.01555779 0.05700202
 0.06563684 0.02377827 0.7375787 ] [9.9520653e-01 1.1132356e-03 8.9980650e-04 4.3423896e-04 5.7708623e-04
 1.7738189e-04 6.0359819e-04 4.5444467e-04 5.3364265e-04] [0.11127698 0.1282916  0.18670899 0.09724905 0.08697633 0.0764727
 0.03770911 0.15095885 0.12435641] [0.08265164 0.21039361 0.13528883 0.06089358 0.04588653 0.35845333
 0.02880185 0.04407127 0.03355931] [9.2115847e-04 6.7123672e-04 6.8177079e-04 9.9009357e-04 4.8869196e-04
 1.0853454e-03 9.9205631e-01 5.9757591e-04 2.5077788e-03] [0.13205191 0.19559409 0.04760653 0.16370864 0.06697655 0.11508213
 0.05675796 0.10481063 0.11741151] [1.1259392e-03 9.9072454e-04 5.0409365e-04 7.3619032e-01 7.5691607e-04
 5.5874762e-04 2.7263861e-03 8.4662001e-04 2.5630024e-01] [5.1166321e-04 3.2958959e-03 4.5831045e-03 1.0140003e-03 5.1045232e-04
 5.9469295e-04 6.6993275e-04 9.8839885e-01 4.2147734e-04] [8.6420891e-04 2.7903763e-03 3.4369525e-04 2.8316365e-04 9.9399334e-01
 4.3433611e-04 3.6565066e-04 5.6248956e-04 3.6275326e-04] [8.1860548e-04 2.7908203e-03 9.7954959e-01 1.4378980e-03 8.6156063e-04
 9.0919691e-04 4.2727431e-03 1.2062191e-03 8.1534022e-03] [2.1813763e-03 7.5481702e-03 9.7694564e-01 1.6070324e-03 9.6315745e-04
 4.2986096e-04 1.5459396e-03 2.1930572e-03 6.5857787e-03] [0.00486012 0.01771156 0.93502223 0.00888205 0.00590373 0.01097018
 0.00675083 0.00611572 0.00378362] [4.3294602e-04 9.1221143e-04 3.3680411e-04 2.4217194e-04 9.9555463e-01
 3.5727979e-04 1.2140569e-03 7.3781010e-04 2.1208116e-04] [5.7583337e-04 1.5136694e-03 2.8645870e-04 1.6202708e-04 9.9541652e-01
 4.5085969e-04 2.7268907e-04 6.2367000e-04 6.9831981e-04] [9.2480722e-04 1.2293144e-03 9.9407709e-01 7.9651666e-04 4.5496650e-04
 1.0406071e-03 4.0151970e-04 5.3546228e-04 5.3966837e-04] [0.00261342 0.00973445 0.88757014 0.08148663 0.00309822 0.00240768
 0.00267641 0.00723801 0.0031751 ] [0.00360529 0.84556854 0.12298236 0.00120111 0.00344312 0.00581756
 0.0032056  0.00741773 0.00675873] [0.00588924 0.00731098 0.01373685 0.91177154 0.00276976 0.03594185
 0.00370997 0.00263369 0.01623614] [9.9414885e-01 1.3408189e-03 5.9383124e-04 4.9636501e-04 5.8123411e-04
 7.8050094e-04 4.9137813e-04 8.1314775e-04 7.5388997e-04] [0.01718828 0.18447085 0.1119056  0.5409953  0.02900099 0.01190167
 0.03270958 0.03802543 0.0338023 ] [0.00174641 0.00129619 0.00221484 0.91357297 0.00155278 0.03307983
 0.00448007 0.00249435 0.03956255] [0.00185045 0.98166335 0.0025673  0.00194377 0.00198417 0.00252391
 0.00135499 0.00374367 0.00236836] [2.1753409e-03 9.7214645e-01 2.0589290e-02 1.2311881e-03 6.6399685e-04
 3.4923269e-04 6.6367013e-04 8.4146252e-04 1.3393102e-03] [0.01001546 0.8893795  0.06256625 0.00324903 0.0027188  0.00186041
 0.00167314 0.00523577 0.02330161] [9.9120635e-01 4.0159957e-03 8.5507275e-04 9.4903755e-04 8.5819879e-04
 3.0327178e-04 5.9983396e-04 7.2345679e-04 4.8875803e-04] [0.01749475 0.00621074 0.00765349 0.68951136 0.01302625 0.02650861
 0.02248129 0.00677392 0.21033964] [0.14197786 0.14776066 0.06712723 0.08766961 0.05054063 0.29669362
 0.04256109 0.04088947 0.12477982] [3.0633423e-04 3.4505239e-04 4.8843573e-04 7.7651083e-03 7.4582722e-04
 9.8485684e-01 1.0731895e-03 3.9707276e-04 4.0221065e-03] [1.0207087e-03 2.2442308e-03 1.3952764e-03 1.3293228e-03 9.9128950e-01
 5.5223599e-04 4.8579255e-04 9.4513077e-04 7.3775247e-04] [5.1040715e-04 6.0829823e-04 3.8209578e-04 1.4703014e-03 5.3661218e-04
 3.3838626e-03 1.3829141e-03 9.8761135e-01 4.1141114e-03] [1.3150026e-03 1.8346506e-03 9.9108046e-01 7.0245360e-04 6.7623297e-04
 1.3072409e-03 5.3521252e-04 6.7005417e-04 1.8787206e-03] [3.2939747e-04 1.7320408e-04 1.5890658e-04 5.7130231e-04 5.3943129e-04
 9.9585283e-01 1.2563326e-03 2.6270124e-04 8.5596368e-04] [3.32940370e-04 1.01725054e-04 1.82669755e-04 5.12080442e-04
 9.93758082e-01 3.69985122e-03 3.33076663e-04 3.88617307e-04
 6.90937217e-04] [6.6416301e-02 1.7434394e-04 2.4410464e-04 6.1562448e-04 1.6993859e-04
 1.8330211e-03 9.2748219e-01 4.4017663e-04 2.6243534e-03] [0.07751941 0.12121738 0.41548783 0.07734688 0.06520633 0.02611439
 0.04580168 0.09965198 0.0716541 ] [0.00593074 0.01310822 0.00902932 0.04832362 0.01048812 0.0447687
 0.73911136 0.00824714 0.12099277] [0.01300478 0.0204558  0.01105721 0.03451093 0.02128909 0.07720525
 0.03417094 0.04841158 0.7398944 ] [1.4398727e-04 1.4905431e-04 2.4752723e-04 7.6096295e-04 3.0370246e-04
 1.1228583e-03 4.9795822e-04 9.9563545e-01 1.1385074e-03] [0.09975209 0.25345865 0.11634618 0.14682418 0.08980461 0.13137732
 0.0387921  0.06928027 0.05436459] [0.03224358 0.00988457 0.01601401 0.04615407 0.02322515 0.09460539
 0.02095277 0.01599544 0.740925  ] [0.08671968 0.04374345 0.09983481 0.02856851 0.07900327 0.20586024
 0.06478661 0.05304899 0.33843443] [0.01314452 0.01591735 0.01935324 0.02006773 0.0166482  0.04242627
 0.00711625 0.8390742  0.02625227] [4.4736350e-03 9.8361939e-01 1.4195971e-03 3.7046694e-03 1.4769353e-03
 1.7545891e-03 9.4885804e-04 1.1664376e-03 1.4358474e-03] [0.02339796 0.03098737 0.01417326 0.5333976  0.01710255 0.19490395
 0.04148425 0.08011405 0.06443902] [0.0090437  0.00563644 0.00828652 0.04071302 0.00902116 0.02679629
 0.01835668 0.03004237 0.8521038 ] [9.1154577e-04 2.1367115e-03 5.3527433e-04 4.9088150e-04 9.9395096e-01
 7.1372127e-04 2.8580491e-04 4.0447051e-04 5.7066744e-04] [7.36666960e-04 4.10638546e-04 3.39655264e-04 1.10796675e-04
 9.97287631e-01 6.11156865e-04 1.52473775e-04 1.78085393e-04
 1.72889471e-04] [0.01212746 0.07304625 0.00697722 0.00940025 0.01079801 0.01575908
 0.01384997 0.8504981  0.00754372] [4.4888255e-04 1.1729271e-04 3.0250603e-04 1.3179684e-03 3.1678125e-04
 4.6960260e-03 9.9175960e-01 2.5823561e-04 7.8275794e-04] [0.00248214 0.00385849 0.08840802 0.89165145 0.002725   0.0022659
 0.00192331 0.00497851 0.00170719] [0.9344459  0.00517817 0.01699403 0.01255819 0.0032733  0.01288465
 0.00971367 0.00341244 0.00153964] [0.01575437 0.0127372  0.83750767 0.04555295 0.01117222 0.03637917
 0.01408167 0.01535211 0.01146264] [0.01985671 0.01365761 0.9409076  0.0049769  0.00394589 0.00311821
 0.00284951 0.00450717 0.00618043] [1.3770298e-03 9.8374313e-01 6.2501421e-03 1.3774857e-03 6.0906354e-04
 1.0654336e-03 2.4649743e-03 2.4138559e-03 6.9888309e-04] [1.0832691e-03 4.3355445e-03 9.8702604e-01 3.1756400e-03 1.1610143e-03
 4.5550975e-04 8.6933200e-04 1.2350692e-03 6.5860746e-04] [4.8648845e-04 4.2599082e-04 8.8836625e-04 4.3791998e-04 4.1837158e-04
 2.1450796e-04 7.9297024e-04 9.9564254e-01 6.9288944e-04] [9.9355423e-01 1.4826441e-03 1.8267576e-03 3.6078659e-04 3.1736898e-04
 1.3363422e-03 3.6806110e-04 4.1028202e-04 3.4357223e-04] [2.7467002e-04 3.9274860e-04 4.1934953e-04 1.8343260e-03 2.1522737e-04
 1.2998136e-03 9.9353564e-01 4.9316231e-04 1.5350459e-03] [1.0182542e-03 3.1886273e-04 3.4590907e-04 1.3510237e-03 1.0886800e-03
 9.8309743e-01 8.3535502e-04 1.1902759e-03 1.0754220e-02] [9.1476022e-04 5.8092317e-04 1.4646670e-03 2.1592223e-03 5.4831017e-04
 7.7961816e-04 4.1226854e-04 9.9157703e-01 1.5631453e-03] [0.02428236 0.27621698 0.03284125 0.05118863 0.0630166  0.2496455
 0.02857897 0.04662174 0.22760797] [3.39859253e-04 9.10885065e-05 7.86593882e-05 1.12590686e-04
 2.55011779e-04 6.55935495e-04 9.97028530e-01 3.95722484e-04
 1.04264857e-03] [0.9550959  0.00601776 0.00295807 0.00885226 0.00439672 0.00358659
 0.0027132  0.00726768 0.00911188] [2.7889814e-03 1.5020223e-03 1.2490935e-02 1.0423283e-03 1.5116079e-03
 1.7911039e-03 1.2514668e-03 9.7695082e-01 6.7072175e-04] [1.0878731e-03 1.0580851e-03 1.5611192e-03 7.4621331e-04 5.8654713e-04
 9.1061881e-04 1.6875361e-03 9.9167824e-01 6.8375590e-04] [0.00368938 0.8984019  0.07498123 0.01337239 0.00102437 0.00193552
 0.00242169 0.0028993  0.00127417] [0.00179988 0.01131386 0.9760023  0.00201088 0.00149176 0.00221574
 0.00129013 0.00184072 0.00203478] [2.2878854e-03 9.8168981e-01 2.1064840e-03 4.9467860e-03 1.2599684e-03
 1.2481725e-03 1.5388749e-03 8.7048026e-04 4.0515545e-03] [6.9847039e-04 1.0256842e-03 1.9210546e-03 4.6954345e-04 5.8587122e-04
 4.1000574e-04 9.5238636e-04 9.9317402e-01 7.6291146e-04] [9.98206496e-01 1.89807120e-04 5.33949118e-04 1.07279375e-04
 2.01164381e-04 2.09783597e-04 1.27551815e-04 1.56344438e-04
 2.67635216e-04] [0.08296754 0.2130267  0.07718943 0.08666584 0.03752957 0.04592741
 0.28503734 0.11835106 0.05330514] [0.12568417 0.09601521 0.12818111 0.04530711 0.14969006 0.21170643
 0.07571388 0.07279769 0.09490431] [0.9243858  0.00835653 0.00227061 0.00287696 0.00193962 0.0020321
 0.00167227 0.00691464 0.04955149] [0.19064605 0.22746404 0.07307883 0.15382554 0.07629023 0.06524251
 0.05494808 0.07908222 0.0794225 ] [4.7140691e-04 1.1258170e-03 9.7162067e-04 3.1561713e-04 2.3219254e-04
 1.0319634e-03 9.9499738e-01 3.6018650e-04 4.9386837e-04] [1.6087268e-03 4.8212992e-04 3.8983335e-04 1.2093514e-03 5.0441810e-04
 1.2019891e-03 9.9326056e-01 1.0781252e-03 2.6485024e-04] [1.9947141e-03 1.4260754e-03 5.8470055e-04 2.9485516e-04 5.5969896e-04
 3.9821491e-04 7.7351689e-04 9.9304539e-01 9.2277891e-04] [9.9740237e-01 2.3728561e-04 2.6542129e-04 3.6238003e-04 4.5648013e-04
 3.6412966e-04 1.9120533e-04 3.2328535e-04 3.9743166e-04] [2.7692702e-04 7.1488804e-04 2.0772904e-04 2.0435662e-04 9.9731487e-01
 4.3557389e-04 1.6173665e-04 3.0258630e-04 3.8130122e-04] [4.6242290e-04 6.8281469e-04 2.7637189e-04 2.4412449e-04 9.9722928e-01
 2.5396503e-04 4.1085228e-04 2.6112670e-04 1.7906731e-04] [0.00297496 0.8504369  0.11827728 0.00263662 0.00438594 0.00803579
 0.0051591  0.00407509 0.00401829] [9.7824156e-01 3.6732194e-03 1.2239353e-03 3.9849114e-03 3.0697044e-03
 1.1687217e-03 3.5622604e-03 4.4565769e-03 6.1908126e-04] [0.00275989 0.0045123  0.00439122 0.00291379 0.00141651 0.0030593
 0.00176336 0.9714552  0.0077284 ] [0.03610533 0.09335505 0.7051488  0.02953044 0.03360954 0.0200026
 0.01909975 0.02499012 0.0381584 ] [9.8868296e-04 2.5371136e-03 5.9126969e-04 9.5875759e-04 1.2877916e-03
 2.3432417e-02 2.7592543e-03 9.2225915e-01 4.5185570e-02] [0.0101402  0.00797244 0.01369155 0.62861025 0.01442564 0.05481837
 0.01638783 0.03055767 0.22339599] [0.00365849 0.9853496  0.00133058 0.00194528 0.00174414 0.00239633
 0.00104998 0.00116209 0.00136357] [2.3867693e-04 1.5761492e-04 2.3106835e-04 3.7920172e-04 2.1974891e-04
 1.4672753e-03 9.9632758e-01 1.9069223e-04 7.8817725e-04] [0.00844985 0.78978    0.06004534 0.00740159 0.01208915 0.01029493
 0.02204683 0.01653907 0.07335321] [0.02635703 0.03908755 0.02274205 0.0524853  0.02837938 0.25204256
 0.09714727 0.07741738 0.40434143] [0.01706784 0.00758292 0.01304771 0.6317352  0.0253273  0.13378972
 0.05725715 0.03170251 0.08248965] [0.92704475 0.00324455 0.05541804 0.00138476 0.00159913 0.00478964
 0.00406615 0.00127321 0.00117976] [3.7560880e-04 3.2941185e-04 1.0919613e-03 6.3300203e-04 9.9595129e-01
 1.9273185e-04 4.1682521e-04 3.1076331e-04 6.9838454e-04] [0.01135665 0.01125939 0.00619402 0.04353638 0.02259056 0.78723615
 0.01278204 0.0156987  0.0893461 ] [1.1683144e-03 1.6286883e-03 9.7568399e-01 2.3070134e-03 2.8249423e-03
 2.3749559e-03 7.5524615e-04 1.1942268e-03 1.2062587e-02] [3.5618615e-04 3.7578031e-04 4.8409656e-04 1.6639408e-04 9.9777967e-01
 1.9743927e-04 2.5971717e-04 2.5669258e-04 1.2409115e-04] [0.11704552 0.14322773 0.22819835 0.18094711 0.05359946 0.07162728
 0.04066618 0.04740445 0.11728394] [0.17829089 0.04220405 0.04499115 0.07978962 0.06529254 0.38935888
 0.03557306 0.04726383 0.11723597] [7.6936517e-04 3.0222212e-04 2.3802246e-04 8.8880223e-04 2.6033010e-04
 4.4613876e-03 9.9151695e-01 4.6264532e-04 1.1003466e-03] [2.5111684e-04 6.0910499e-04 3.7813408e-04 3.3666822e-04 9.9641740e-01
 1.4991670e-04 2.1008872e-04 4.3090017e-04 1.2166548e-03] [0.05554578 0.32188594 0.19771281 0.04990068 0.06657846 0.02708159
 0.1263135  0.05431588 0.10066534] [0.02929607 0.02264211 0.02258426 0.1022761  0.02982893 0.08984124
 0.04917456 0.07309373 0.58126307] [0.00131905 0.0013445  0.00175596 0.02041785 0.0016983  0.96270037
 0.00147975 0.00328055 0.00600372] [0.00409552 0.0042593  0.00281757 0.0094081  0.00601828 0.01649936
 0.00771574 0.00953563 0.93965054] [0.05215576 0.05490849 0.0345361  0.32663015 0.04371004 0.18718743
 0.06212346 0.0316653  0.20708331] [1.4562209e-03 5.4266346e-03 9.8642659e-01 1.5292008e-03 9.5960882e-04
 9.4545115e-04 7.4630528e-04 1.5142713e-03 9.9579850e-04] [2.28673336e-04 1.00703866e-04 1.19673336e-04 1.89120532e-04
 2.79615109e-04 1.31718535e-03 9.96536374e-01 5.77474944e-04
 6.51161361e-04] [0.00892427 0.91531044 0.03450404 0.00280124 0.00530371 0.0113765
 0.00535404 0.01083012 0.00559563] [4.2496817e-04 5.9894065e-04 5.6767539e-04 5.2465609e-04 9.9536175e-01
 7.5664761e-04 3.9380867e-04 2.7898280e-04 1.0925994e-03] [9.4607437e-04 6.7876093e-04 1.1781094e-03 2.2296244e-03 1.3027866e-03
 9.7063804e-01 2.6629756e-03 1.8909040e-03 1.8472707e-02] [0.0715133  0.11316998 0.27138448 0.05759576 0.05987582 0.2200147
 0.04724802 0.03290297 0.12629496] [0.05564047 0.04665253 0.03850946 0.35194728 0.10030697 0.04055362
 0.0352166  0.08007081 0.2511023 ] [0.00563677 0.00730103 0.02530896 0.87109035 0.00620659 0.03390208
 0.01080346 0.00601074 0.03374001] [0.00221333 0.914753   0.00401956 0.0011994  0.00240012 0.00231124
 0.00151088 0.07057472 0.00101773] [0.9339777  0.00726188 0.01018826 0.00339779 0.00195989 0.03304124
 0.00248338 0.00295596 0.00473385] [0.00451977 0.00262692 0.0031653  0.9536253  0.00201423 0.00902511
 0.0035141  0.00428116 0.01722804] [9.9375135e-01 1.1323600e-03 6.1362970e-04 9.9029019e-04 4.3570541e-04
 7.7435246e-04 3.8232043e-04 1.4968344e-03 4.2320084e-04] [0.05890663 0.30823874 0.06389594 0.2536756  0.05639037 0.07597671
 0.05851817 0.05056933 0.07382847] [8.7616674e-04 3.5217451e-04 2.0728265e-04 8.1705925e-04 3.2270199e-04
 2.8675187e-03 9.9234188e-01 3.7961049e-04 1.8356075e-03] [3.7851822e-04 2.5214584e-04 2.1418447e-04 5.9931789e-04 4.8921671e-04
 9.9407566e-01 5.6233903e-04 4.8923673e-04 2.9393255e-03] [0.06117041 0.11576428 0.14554982 0.11625309 0.04953907 0.21973054
 0.07656822 0.06392277 0.15150182] [0.00948659 0.00097742 0.82128555 0.15237729 0.00272722 0.00347667
 0.00240438 0.00236564 0.00489923] [5.7048176e-04 5.5406586e-04 3.0655231e-04 3.9411569e-03 1.0144622e-03
 5.3392313e-03 9.7253500e-04 9.7078192e-01 1.6519627e-02] [0.11602939 0.12305532 0.2575018  0.07671142 0.05575855 0.06357622
 0.08996123 0.0712554  0.14615065] [0.02614779 0.08630168 0.75649303 0.01205958 0.01260247 0.03053101
 0.01184813 0.02540808 0.03860824] [0.03030701 0.02754747 0.04383473 0.00524438 0.01264212 0.15425497
 0.0107252  0.01638773 0.69905645] [1.3760163e-03 5.7798263e-04 7.7643746e-04 3.0416762e-03 1.6073727e-03
 9.8208666e-01 1.2828744e-03 1.9337916e-03 7.3171863e-03] [3.0511864e-03 1.1327163e-03 1.8834526e-03 2.0488729e-03 1.6782820e-03
 7.8610977e-04 2.0224396e-03 2.4755748e-03 9.8492140e-01] [0.00183582 0.00177465 0.00331135 0.0016971  0.98459864 0.00245709
 0.00106639 0.00150076 0.00175819] [1.8116934e-03 9.9050856e-01 2.3586734e-03 8.3167903e-04 1.0063000e-03
 5.7445210e-04 7.3411060e-04 1.4772487e-03 6.9731259e-04] [0.01026894 0.02992643 0.8508982  0.01732186 0.02144497 0.01313574
 0.00971281 0.02160364 0.02568739] [0.00812903 0.00990269 0.01122196 0.02579213 0.00940652 0.05562453
 0.02305333 0.01635711 0.84051275] [1.0765574e-03 1.2768570e-03 8.3818875e-04 2.1256823e-03 9.8457563e-01
 4.5054569e-04 1.5687753e-03 7.6950388e-04 7.3182727e-03] [0.06838086 0.05627849 0.57956797 0.11911821 0.03240583 0.04556797
 0.02307942 0.02993168 0.04566952] [0.28288555 0.16643369 0.12662478 0.04693151 0.06071234 0.09201882
 0.04365497 0.08274744 0.09799088] [4.1800929e-04 1.9206681e-04 1.7653387e-04 4.2171587e-04 9.9762952e-01
 1.8996264e-04 5.1388919e-04 3.5327909e-04 1.0494345e-04] [9.9082839e-01 4.6625440e-03 5.1306328e-04 3.6213623e-04 3.1155549e-04
 2.9566934e-04 5.2155275e-04 1.3187513e-03 1.1862966e-03] [1.6219302e-03 1.7341255e-03 3.0105212e-03 1.1907065e-03 1.7439288e-03
 1.6347283e-03 8.8954152e-04 9.8205847e-01 6.1160792e-03] [0.02814469 0.08588672 0.00910054 0.05534382 0.03014316 0.07727836
 0.02955004 0.02723683 0.65731585] [0.01044318 0.9365387  0.00796314 0.0045715  0.00578581 0.00637903
 0.00721678 0.0053523  0.01574954] [6.1738514e-04 4.6834158e-04 2.2959882e-04 3.0468786e-04 9.9618405e-01
 7.0485624e-04 2.6549658e-04 5.0753809e-04 7.1803672e-04] [1.7622621e-04 1.8404523e-04 3.3167578e-04 9.8717916e-01 3.6373740e-04
 6.3488218e-03 3.3203515e-04 8.8189181e-04 4.2024567e-03] [9.98617172e-01 3.89654451e-04 9.24487103e-05 2.44710798e-04
 1.43140540e-04 2.08422643e-04 1.13716356e-04 1.14949871e-04
 7.57612434e-05] [0.00464434 0.00509018 0.97132564 0.00377117 0.00194698 0.00371606
 0.00187753 0.00221209 0.00541609] [5.7092024e-04 2.7969480e-04 4.4201146e-04 1.0422751e-03 4.7928854e-04
 9.9458140e-01 3.6579024e-04 3.2020838e-04 1.9184098e-03] [6.1330420e-04 1.5508296e-03 9.9461937e-01 7.8930758e-04 4.0243720e-04
 3.7217140e-04 6.6499546e-04 5.0290721e-04 4.8465023e-04] [8.2372979e-04 3.3851017e-04 5.6593395e-03 2.0330172e-04 9.9170035e-01
 2.0824400e-04 3.9695334e-04 2.7770700e-04 3.9186576e-04] [0.01420651 0.04154716 0.00651533 0.85863435 0.00994698 0.01120253
 0.00743027 0.03202723 0.01848961] [0.05062153 0.04116486 0.08347713 0.31995454 0.0517144  0.11574147
 0.06882986 0.04871647 0.2197797 ] [4.7334802e-04 5.0261104e-04 6.2570733e-04 2.2946747e-03 8.1221311e-04
 1.4854463e-02 1.0095554e-03 9.6829236e-01 1.1135055e-02] [0.09095877 0.21651892 0.08229521 0.03529247 0.04355139 0.10285665
 0.06763013 0.04617221 0.31472424] [0.01284595 0.00425876 0.00795987 0.00869392 0.022373   0.03537696
 0.01455063 0.00860683 0.88533413] [0.00156645 0.9618228  0.02715794 0.00100113 0.00147273 0.00127155
 0.00177861 0.00175377 0.00217494] [0.02132563 0.04044583 0.01906664 0.06792679 0.02736278 0.0921546
 0.0712974  0.07355964 0.58686066] [9.9639964e-01 1.0853166e-03 4.8946339e-04 1.7029479e-04 4.8463873e-04
 4.9869937e-04 2.3064914e-04 2.1914134e-04 4.2215345e-04] [9.8495471e-01 8.0243620e-04 5.9763654e-03 5.2351441e-04 7.1993947e-04
 3.0653607e-03 1.1015132e-03 5.3075544e-04 2.3254696e-03] [1.8329539e-03 9.4770145e-01 3.4371682e-02 1.9807271e-03 1.8794440e-03
 9.4632013e-04 1.5071889e-03 4.4022435e-03 5.3779315e-03] [0.0033074  0.00253922 0.00464848 0.92751276 0.00366216 0.01021819
 0.00236332 0.01001208 0.03573636] [0.00415631 0.971959   0.00401337 0.0032826  0.00272118 0.00243584
 0.00372611 0.0054068  0.00229881] [1.8022556e-04 1.1317338e-04 3.6585215e-04 6.5040722e-04 7.8673207e-04
 2.4422742e-03 9.9306071e-01 3.1180866e-04 2.0887956e-03] [2.2772752e-04 1.8105013e-04 2.3248070e-04 9.9252572e-04 2.1769009e-04
 9.5759437e-04 9.9335194e-01 2.4662176e-04 3.5923580e-03] [2.2536347e-04 4.0155236e-04 6.9509748e-05 5.3372694e-04 9.9444664e-01
 1.5389135e-04 1.3971614e-04 3.7553578e-04 3.6541056e-03] [0.02333173 0.03562659 0.01449564 0.7259546  0.02374575 0.0906906
 0.01391767 0.03802662 0.03421079] [8.8861550e-04 5.5118086e-04 1.0728530e-03 1.9262154e-03 9.9290234e-01
 1.0510462e-03 3.1201236e-04 5.4339791e-04 7.5230381e-04] [2.7089722e-03 1.3499558e-03 9.8546416e-01 3.4632091e-03 1.5923282e-03
 1.5550252e-03 6.3350250e-04 2.1630316e-03 1.0698555e-03] [0.00799066 0.88426805 0.06854702 0.01094236 0.00485844 0.00477992
 0.00743184 0.00476192 0.00641978] [0.04712737 0.09193629 0.716935   0.02695202 0.0191115  0.0248082
 0.01087491 0.03601569 0.02623907] [0.08796589 0.04950259 0.01601104 0.04335129 0.02299964 0.1322135
 0.04131553 0.01220375 0.5944368 ] [1.1603044e-03 6.3909963e-04 6.7788607e-04 2.3769899e-03 7.9342682e-04
 9.6490908e-01 2.5831319e-03 1.4334340e-03 2.5426604e-02] [7.5173384e-04 9.8120958e-01 9.2605688e-03 4.2701946e-04 7.3012314e-04
 1.8251712e-03 2.8382409e-03 1.3298559e-03 1.6277033e-03] [5.2110333e-04 8.2476827e-04 7.9867389e-04 5.4197386e-04 4.0388506e-04
 2.9725317e-04 3.3667104e-04 9.9528992e-01 9.8573731e-04] [9.9196351e-01 1.0607565e-03 2.1750059e-03 1.0640702e-03 4.6786285e-04
 1.8560945e-03 3.8545768e-04 5.2707933e-04 5.0009444e-04] [5.5443548e-04 7.1980414e-04 1.1512375e-03 4.1642087e-04 3.4798577e-04
 4.5611968e-04 9.9580824e-01 2.7517439e-04 2.7057386e-04] [6.7434571e-04 5.9196108e-04 7.5396732e-04 6.0722785e-04 1.2200086e-03
 2.4623331e-03 1.6277846e-03 9.8827821e-01 3.7841438e-03] [0.01710324 0.01525905 0.02840792 0.03409747 0.03493159 0.67264014
 0.02303998 0.01790818 0.15661246] [0.0400776  0.04553144 0.734287   0.0762448  0.01522059 0.00827044
 0.02632625 0.03193561 0.02210627] [1.4262461e-03 9.7582686e-01 1.2391242e-02 3.3349127e-03 1.6737216e-03
 1.3370402e-03 8.1054762e-04 2.6605972e-03 5.3875957e-04] [0.04384403 0.06324758 0.03736966 0.01690507 0.02019659 0.1172001
 0.07593449 0.03775717 0.5875453 ] [8.6512938e-02 2.5698790e-04 1.0983413e-04 2.9239061e-04 1.1127274e-04
 1.3275440e-03 9.1068298e-01 2.1433904e-04 4.9168878e-04] [0.04864383 0.45634982 0.06109345 0.02577272 0.03908484 0.20834284
 0.01901404 0.10287982 0.03881868] [0.00238561 0.01252369 0.0123067  0.9481649  0.00298224 0.01372842
 0.00271995 0.00301343 0.00217513] [9.4434258e-04 4.1218661e-03 3.7683625e-04 2.6853445e-03 4.1851110e-04
 6.8225036e-04 9.8763973e-01 8.0744101e-04 2.3236619e-03] [0.14119458 0.14583364 0.18974128 0.1296087  0.07336716 0.07773179
 0.04141461 0.12068783 0.0804204 ] [0.0927117  0.16964447 0.3658713  0.07544994 0.06389562 0.07429794
 0.04052188 0.07907786 0.03852927] [0.0009201  0.00188144 0.3381322  0.6507849  0.00104933 0.00130748
 0.00123032 0.00280783 0.00188638] [1.0184601e-03 9.0641703e-04 2.2289159e-03 9.8332250e-01 7.7202439e-04
 1.5230482e-03 1.0408170e-03 1.3965517e-03 7.7912337e-03] [1.7332123e-03 3.4336571e-04 6.2285020e-04 4.9973242e-03 7.2163134e-04
 9.8258877e-01 1.9960161e-03 1.1152291e-03 5.8815605e-03] [2.6738725e-04 4.9040222e-04 4.9366930e-04 5.3419062e-04 9.9607843e-01
 3.0565984e-04 2.3690645e-04 7.7896519e-04 8.1439823e-04] [0.00520413 0.00324874 0.00793698 0.01298781 0.00615129 0.01531635
 0.0092105  0.01302415 0.92692006] [0.00519909 0.01404885 0.57117254 0.34713748 0.01045143 0.0035182
 0.00867718 0.01885567 0.02093957] [0.00252409 0.96349293 0.01261972 0.00462757 0.00246349 0.0021983
 0.00220971 0.00543185 0.00443231] [1.4101070e-03 1.4376078e-03 2.2196099e-03 2.3479462e-03 9.5698581e-04
 1.6222835e-03 7.1694993e-04 9.8904002e-01 2.4850096e-04] [9.9391276e-01 7.6499052e-04 2.3658094e-03 6.1519735e-04 5.2006327e-04
 6.0365518e-04 2.9514142e-04 3.7760613e-04 5.4470310e-04] [0.90491295 0.00365125 0.0048367  0.03179004 0.00439973 0.01215233
 0.00524785 0.01321877 0.01979036] [6.3326582e-04 8.9734129e-04 4.7797672e-04 4.8064123e-04 9.9500567e-01
 1.0585797e-03 3.4402299e-04 5.8280234e-04 5.1977288e-04] [1.1694097e-04 2.2566601e-04 2.6984303e-04 1.9797888e-04 1.8753312e-04
 1.1955716e-03 9.9421114e-01 1.8913686e-04 3.4061586e-03] [0.00643586 0.00473199 0.00311799 0.9235839  0.00404825 0.01292673
 0.00451184 0.00496031 0.03568313] [9.9526334e-01 3.8660425e-04 3.9668239e-04 5.1547110e-04 2.8133436e-04
 8.3015085e-04 1.3943260e-04 2.1330084e-04 1.9736229e-03] [1.5083613e-03 9.9048716e-01 2.7253714e-03 3.4636375e-04 7.0366752e-04
 8.4694516e-04 6.9471559e-04 2.1628481e-03 5.2457908e-04] [5.6943914e-04 7.6884881e-04 1.0306099e-03 3.5915188e-03 7.9316396e-04
 1.1257796e-02 1.3768940e-03 9.6843487e-01 1.2176806e-02] [1.4380332e-03 9.2888076e-04 8.9862640e-04 4.3052816e-04 9.9501425e-01
 5.1548023e-04 1.6356599e-04 2.7703910e-04 3.3360711e-04] [2.8426226e-04 1.3861409e-04 2.3793736e-04 5.5149209e-04 3.9483226e-04
 1.3409070e-03 9.9586284e-01 6.4510031e-04 5.4399623e-04]",3 7 5 7 0 2 8 4 6 7 2 0 2 6 8 0 6 2 6 8 8 7 4 2 2 2 4 4 2 3 1 3 0 3 3 1 1 1 0 3 3 5 4 7 2 5 4 6 5 6 8 7 8 8 6 7 1 8 8 4 4 7 6 2 0 2 3 1 2 7 0 6 5 7 5 6 0 7 7 1 2 1 7 0 5 6 8 5 6 6 7 0 4 4 1 0 7 1 8 3 1 6 1 5 3 0 4 5 2 4 5 5 6 4 5 8 5 8 8 2 6 1 4 5 3 3 3 1 0 3 0 8 6 5 7 3 7 0 2 8 5 8 4 1 3 8 4 2 0 4 0 7 7 1 4 3 0 2 5 2 4 3 3 7 8 8 1 8 0 0 1 3 1 6 6 4 5 4 2 1 2 5 5 1 7 0 6 7 5 2 1 8 6 5 3 6 8 2 2 3 5 4 8 3 1 7 0 0 4 6 3 0 1 7 4 6
1468,3,xgboost,0.0,5000,4144,0.8611111111111112,0.9842785493827161,"[0.05297714 0.14265902 0.05049261 0.06641577 0.07843542 0.1345277
 0.05870256 0.08830187 0.32748795] [2.0674961e-04 1.1828173e-03 9.9453425e-01 1.0427372e-03 4.3597922e-04
 4.4467120e-04 2.7393294e-04 3.7746801e-04 1.5013545e-03] [2.1831400e-04 3.4254792e-04 1.7057823e-04 5.4400135e-04 2.2382817e-04
 1.0384893e-03 9.9598050e-01 4.0761306e-04 1.0741170e-03] [0.0107613  0.02242557 0.051834   0.23992594 0.01821957 0.06336675
 0.02008512 0.01582091 0.5575608 ] [2.5074407e-03 2.7382192e-03 4.5677805e-03 9.8157459e-01 2.8127758e-03
 3.7587211e-03 5.5931706e-04 9.9824369e-04 4.8288345e-04] [5.8135029e-04 7.6668418e-04 6.4713723e-04 2.0005633e-03 7.8685081e-04
 9.8967534e-01 6.4281555e-04 7.6366309e-04 4.1355840e-03] [7.9945044e-04 2.4519657e-04 4.6393310e-04 5.6469993e-04 4.0843675e-04
 9.8068684e-01 1.1273322e-03 9.4289467e-04 1.4761210e-02] [2.6364089e-04 1.2856609e-03 2.6578343e-04 4.0294495e-04 9.9568379e-01
 4.5622711e-04 2.7192547e-04 7.7966263e-04 5.9031672e-04] [0.02680682 0.06894596 0.7526518  0.06274183 0.01740188 0.02746897
 0.01053002 0.01838611 0.01506663] [0.02125571 0.02782989 0.03112354 0.8487449  0.00790594 0.0201311
 0.0144807  0.02014666 0.00838152] [8.9344644e-04 6.9975294e-04 1.9527321e-01 7.9205757e-01 4.6165398e-04
 1.3954497e-03 8.3960500e-04 2.0638460e-03 6.3154539e-03] [9.9084610e-01 3.5528732e-03 2.0259179e-03 3.9877754e-04 5.5747875e-04
 1.3570584e-03 4.0039694e-04 2.2458093e-04 6.3687231e-04] [1.2357747e-03 7.3487393e-04 1.6234396e-03 1.2280841e-03 1.2889839e-03
 2.3076700e-03 4.8281797e-04 9.8884660e-01 2.2517743e-03] [0.02714928 0.02380374 0.23365493 0.23556256 0.03024683 0.05534816
 0.07217063 0.04475676 0.27730712] [0.00887147 0.9594968  0.01399379 0.00304708 0.00196502 0.00237884
 0.00356827 0.00214794 0.00453078] [0.02475408 0.04288364 0.02466752 0.27712688 0.051934   0.12041574
 0.07434574 0.07895671 0.3049157 ] [2.1347999e-04 2.8532857e-04 1.0886004e-04 6.8546832e-04 9.9317205e-01
 3.5979671e-03 3.0584380e-04 3.6850839e-04 1.2625440e-03] [0.00154238 0.00125891 0.00256096 0.00252344 0.0014874  0.97824085
 0.00220904 0.00499264 0.00518433] [0.00639465 0.01544551 0.00682258 0.02328748 0.0097499  0.0331632
 0.01708356 0.01494466 0.8731085 ] [0.0018361  0.00225725 0.00241799 0.00533045 0.00322193 0.00806019
 0.0031531  0.96134895 0.01237404] [1.9140574e-03 2.5531671e-03 2.2326587e-03 7.3618640e-04 9.8716855e-01
 2.3638487e-03 7.1949727e-04 1.1870206e-03 1.1249620e-03] [0.03099401 0.0623739  0.10329425 0.23383673 0.04886889 0.13257897
 0.10523867 0.12916578 0.15364881] [0.00130401 0.00130918 0.00116586 0.00181426 0.0018741  0.97271097
 0.00145102 0.00140019 0.0169704 ] [3.0020629e-03 4.0364265e-04 4.3823457e-04 1.4972221e-03 7.0943544e-04
 9.6870315e-01 1.1264760e-03 5.9173210e-04 2.3528017e-02] [3.6923189e-04 2.0617632e-04 1.6651460e-04 2.8551355e-04 4.1896553e-04
 3.4136127e-04 9.9655509e-01 5.6062842e-04 1.0964776e-03] [9.8392755e-01 5.2023656e-03 2.9076550e-03 9.7142579e-04 1.3023496e-03
 4.1271877e-03 5.5836875e-04 5.8176724e-04 4.2131968e-04] [0.02513037 0.01405813 0.0099268  0.01688334 0.02325717 0.07385462
 0.04514877 0.02071306 0.7710278 ] [4.8171409e-04 9.5442310e-04 2.4687749e-04 3.4340954e-04 9.9627376e-01
 8.6990232e-04 2.4961951e-04 3.1039026e-04 2.6986882e-04] [0.00252162 0.00973075 0.96924645 0.00192817 0.00453175 0.00301914
 0.00398473 0.00400601 0.00103141] [0.00442395 0.00259201 0.01275606 0.93552107 0.00395123 0.00943135
 0.00699412 0.00446752 0.01986273] [4.7447495e-04 2.5733153e-04 1.5046833e-04 2.0986308e-04 9.9628276e-01
 6.8480195e-04 6.3450658e-04 3.3992357e-04 9.6587389e-04] [9.7555488e-01 5.5578141e-04 9.0849138e-04 4.2574005e-03 1.2017739e-03
 1.2321095e-02 7.1213569e-04 1.0667117e-03 3.4217266e-03] [0.00996309 0.12485028 0.7694428  0.05801344 0.00829987 0.00598106
 0.00574488 0.00524396 0.01246059] [1.9872170e-04 1.0535221e-03 5.7017506e-04 2.3041833e-04 9.9654812e-01
 8.0642063e-04 8.8090099e-05 3.0961086e-04 1.9491711e-04] [0.01076006 0.00836383 0.94716144 0.00295771 0.00727364 0.00418538
 0.00552757 0.00490448 0.0088659 ] [1.2733221e-04 1.2852835e-04 2.8206035e-04 3.2980187e-04 2.2438302e-04
 1.1052638e-03 9.9625236e-01 3.4431607e-04 1.2060438e-03] [0.04481847 0.03196985 0.65544933 0.1023673  0.02583911 0.0575197
 0.02405424 0.03847552 0.01950649] [9.9152899e-01 2.9285455e-03 8.9481758e-04 7.8515388e-04 3.5653345e-04
 5.3106388e-04 5.4912613e-04 2.0995303e-03 3.2623412e-04] [1.1882614e-03 3.3445475e-03 1.2983191e-03 5.1686575e-04 6.6331954e-04
 2.4935894e-03 6.7501748e-04 9.8852098e-01 1.2991274e-03] [6.8549509e-04 4.4979926e-04 7.4481574e-04 5.4840650e-04 3.8413572e-04
 1.6439955e-03 9.9461079e-01 6.3485058e-04 2.9770317e-04] [0.03733369 0.03914288 0.01479633 0.40695846 0.05884704 0.10672159
 0.05139985 0.04559653 0.23920368] [5.7897274e-04 1.4639471e-03 5.4501090e-04 1.9122964e-04 4.2205001e-04
 3.8356587e-04 9.9541289e-01 4.8362761e-04 5.1876809e-04] [6.0982589e-04 9.9688208e-01 5.6361314e-04 2.6435166e-04 3.0943827e-04
 4.1542709e-04 2.4012451e-04 4.9006450e-04 2.2514154e-04] [4.7774482e-04 6.2743603e-04 8.9005055e-03 2.9699970e-04 9.8506838e-01
 6.5771595e-04 3.5914936e-04 2.6799642e-04 3.3440648e-03] [0.00574253 0.006103   0.95729154 0.00506594 0.00194304 0.01570805
 0.00301591 0.00341657 0.00171346] [2.1622224e-04 3.0275079e-04 2.0714363e-04 3.9334528e-04 9.9643338e-01
 2.6587548e-04 5.3556566e-04 2.2670574e-04 1.4189738e-03] [1.7504835e-04 9.8586563e-05 6.5542728e-05 3.5799129e-04 2.3712606e-04
 3.9603433e-04 9.9714065e-01 1.2654059e-04 1.4025506e-03] [4.2760797e-04 5.0093757e-04 2.9612111e-04 8.7427493e-04 9.9677843e-01
 9.2335351e-05 3.5425930e-04 4.0435931e-04 2.7169817e-04] [0.20155276 0.28354    0.08400868 0.09090257 0.05827314 0.08845039
 0.08099989 0.07057579 0.04169674] [0.06000625 0.07085818 0.02815344 0.12684466 0.04030881 0.35382694
 0.06775338 0.06181297 0.19043538] [0.00323417 0.9863906  0.00179436 0.00146685 0.00120785 0.00188519
 0.00164858 0.00112154 0.00125091] [0.00578248 0.01213686 0.00191163 0.00142825 0.00245229 0.00318841
 0.00428582 0.962475   0.00633924] [0.02452194 0.04894838 0.03955576 0.0204119  0.06036667 0.25182012
 0.03325379 0.03654017 0.4845813 ] [0.02724815 0.08415272 0.58228946 0.01753626 0.0385425  0.17335908
 0.01807304 0.04966142 0.00913736] [9.9671483e-01 5.8357132e-04 2.6006994e-04 5.0102553e-04 3.7629736e-04
 2.1497585e-04 8.3299243e-04 3.2728267e-04 1.8891715e-04] [1.7763630e-03 9.8248118e-01 1.8305675e-03 1.4921185e-03 1.7137234e-03
 2.1856581e-03 6.8713614e-04 2.0428125e-03 5.7904059e-03] [0.00458229 0.9308216  0.00920402 0.01272125 0.00855067 0.00692626
 0.00854151 0.00544486 0.01320759] [5.4321380e-04 2.3828157e-04 3.1213489e-04 4.9219356e-04 2.3764047e-04
 1.8381567e-04 1.8242573e-04 9.9656194e-01 1.2482996e-03] [0.06756736 0.12600224 0.16271503 0.17873307 0.06376601 0.1357161
 0.08939163 0.07710284 0.09900571] [0.05656966 0.08576148 0.08059099 0.11681847 0.04859335 0.06358179
 0.07740109 0.04452494 0.42615828] [9.9439794e-01 1.4455812e-03 9.6421206e-04 1.0892532e-03 2.3185935e-04
 3.7949698e-04 5.1066396e-04 6.6642242e-04 3.1459189e-04] [1.9941154e-04 1.2686035e-04 1.3307497e-04 5.7839596e-04 2.0340276e-04
 2.2433028e-03 9.8984361e-01 3.3013197e-04 6.3417628e-03] [8.0962502e-04 9.9566925e-01 7.0252805e-04 4.0635871e-04 3.2281654e-04
 7.6793140e-04 2.3526874e-04 8.9588732e-04 1.9037096e-04] [2.9217001e-04 1.1892003e-03 7.0832265e-03 3.1301717e-04 9.8958838e-01
 2.8420737e-04 5.1033945e-04 3.8746273e-04 3.5199203e-04] [0.00630679 0.00633208 0.01128482 0.00690743 0.005292   0.00233584
 0.00772517 0.9395641  0.01425175] [0.00143402 0.00163513 0.00222627 0.93864655 0.00156393 0.00745667
 0.00211284 0.00201732 0.04290729] [0.00806778 0.93474674 0.01174683 0.00491972 0.00549052 0.00606085
 0.00905788 0.01219603 0.00771363] [0.00380179 0.00410934 0.5598083  0.22682865 0.00429132 0.01298067
 0.00695625 0.00454657 0.17667714] [0.00667328 0.006079   0.00584685 0.04500261 0.00708397 0.02683941
 0.01507976 0.01102419 0.87637085] [0.00412709 0.00578853 0.9726352  0.00216434 0.00211936 0.00641372
 0.00306491 0.00201525 0.00167157] [0.0259787  0.02102149 0.02562395 0.03524673 0.03739586 0.14009237
 0.05063727 0.0341202  0.6298834 ] [5.3639954e-04 5.4672384e-04 8.5211644e-04 9.7911435e-01 1.1042635e-03
 1.7973641e-03 1.3056064e-03 1.2714285e-03 1.3471781e-02] [4.0744687e-03 9.8668331e-01 2.1134890e-03 2.0944346e-03 7.9708709e-04
 9.5198071e-04 7.5363478e-04 1.2383296e-03 1.2932820e-03] [3.7905530e-03 9.8267347e-01 9.5364992e-03 9.4822410e-04 5.9823308e-04
 5.7511876e-04 5.7282299e-04 7.8810583e-04 5.1691453e-04] [0.4930794  0.053721   0.36555314 0.01176181 0.0104791  0.03116891
 0.01887453 0.00993459 0.00542749] [0.08826624 0.12976281 0.5078195  0.03662256 0.02640761 0.02847435
 0.02445051 0.0390755  0.11912097] [0.00534501 0.8908624  0.05816134 0.0079221  0.00487693 0.00953593
 0.00587487 0.0080991  0.00932234] [9.9275535e-01 7.9118524e-04 1.8339694e-03 3.6249551e-04 8.6580776e-04
 8.1683084e-04 1.0062390e-03 1.2261528e-03 3.4198959e-04] [1.8503529e-04 8.0323283e-05 1.6138787e-04 3.7364094e-04 1.7413103e-04
 9.3085610e-04 9.9676275e-01 3.1511844e-04 1.0166959e-03] [6.8976288e-04 3.6540563e-04 3.4825184e-04 3.4877847e-04 3.6804093e-04
 6.4951094e-04 9.9648970e-01 3.5419539e-04 3.8630510e-04] [1.0240120e-03 4.8714979e-03 9.8173106e-01 9.9814811e-04 4.5186502e-04
 1.2874597e-03 1.3469444e-03 1.5149368e-03 6.7741019e-03] [0.00758684 0.02360796 0.01748588 0.01268654 0.01754262 0.02212776
 0.01378103 0.8085747  0.07660674] [2.4300817e-04 3.9491319e-04 3.9499984e-04 2.8625960e-04 9.9691379e-01
 9.9163968e-04 2.8710579e-04 2.6597499e-04 2.2229679e-04] [0.02972472 0.06333085 0.0418623  0.15949604 0.06919776 0.2013861
 0.1871762  0.08366954 0.16415651] [0.00658222 0.00521487 0.00395361 0.011119   0.00679392 0.01357793
 0.00627275 0.00681431 0.9396714 ] [0.00092366 0.00411559 0.86724246 0.12028723 0.00162008 0.0013472
 0.00115645 0.00202451 0.00128286] [0.00912418 0.02452264 0.00819393 0.02710797 0.01004871 0.10755245
 0.00907002 0.02262712 0.78175294] [0.02208566 0.04313884 0.53692126 0.1245311  0.0271307  0.11044905
 0.03742799 0.03775897 0.0605564 ] [5.8365933e-04 9.9156499e-01 7.2901614e-04 3.1487895e-03 5.9900212e-04
 1.1119674e-03 9.1050530e-04 9.2893769e-04 4.2317400e-04] [2.5509574e-04 1.6692805e-04 4.8166604e-04 4.6033339e-04 2.8588367e-04
 4.7404226e-04 9.9465549e-01 3.4983465e-04 2.8707867e-03] [0.01001761 0.00651338 0.00370536 0.03291439 0.01005658 0.05906528
 0.01976218 0.0107228  0.8472424 ] [8.1303681e-04 1.7997466e-03 7.2097185e-04 5.6830910e-03 9.6981156e-01
 3.4445175e-03 9.5043983e-04 1.8281383e-03 1.4948468e-02] [0.01987445 0.06600104 0.01847699 0.08243383 0.03483753 0.19371401
 0.03501095 0.06884455 0.48080668] [0.06353702 0.03813202 0.05031687 0.07049891 0.05947628 0.09206548
 0.3236579  0.02681688 0.27549866] [5.5627653e-04 9.8693196e-04 5.5620866e-04 9.8138838e-04 8.0511492e-04
 9.7507918e-01 1.7940163e-03 1.4714299e-03 1.7769421e-02] [0.06047009 0.14420874 0.2990203  0.03705717 0.02987318 0.15968
 0.08261578 0.04960244 0.13747232] [9.9729306e-01 1.0978183e-03 1.1410970e-04 1.6430511e-04 2.5776375e-04
 3.0048765e-04 2.2020552e-04 2.3775086e-04 3.1447801e-04] [0.93184555 0.02293957 0.00447525 0.00195089 0.00336909 0.01889554
 0.00817821 0.00379946 0.00454647] [0.00175354 0.0028138  0.00147976 0.00259478 0.00161365 0.00981317
 0.00338301 0.9712036  0.00534466] [0.00917438 0.01084872 0.8857033  0.02413302 0.00441192 0.00969605
 0.00843268 0.03468309 0.01291684] [9.9233514e-01 1.5244584e-03 4.1354293e-04 4.0191296e-04 1.5710960e-03
 7.3027256e-04 8.4291748e-04 9.6371345e-04 1.2168766e-03] [4.2593069e-04 8.6547807e-04 3.7689044e-04 7.2952948e-04 9.9484766e-01
 6.1195029e-04 2.4881851e-04 4.6895116e-04 1.4248665e-03] [0.060176   0.21413743 0.04884199 0.05094142 0.03470673 0.13713114
 0.05910143 0.04375848 0.35120535] [3.3926193e-04 1.8700301e-04 1.2082380e-04 4.4287025e-04 2.1543383e-04
 5.2585074e-04 9.9628001e-01 4.0188027e-04 1.4868068e-03] [0.00235812 0.00148637 0.00532673 0.9639416  0.00178089 0.01678068
 0.00417234 0.00189956 0.00225372] [5.2280782e-04 3.1167103e-04 5.3311547e-04 9.3926844e-04 5.1722891e-04
 9.8786551e-01 9.4873249e-04 2.2294684e-03 6.1322693e-03] [0.9127306  0.01969224 0.01070104 0.00694359 0.00579671 0.02208339
 0.00584667 0.00916287 0.00704289] [4.4764750e-04 1.2667866e-03 2.8134830e-04 3.0122470e-04 1.2867872e-03
 1.4647831e-03 9.9375349e-01 8.7158225e-04 3.2641209e-04] [4.5706076e-04 2.8961786e-04 1.8577238e-04 1.3619339e-03 9.8943198e-01
 2.4917466e-03 8.1937306e-04 5.6393043e-04 4.3986323e-03] [0.02912483 0.03193561 0.03459136 0.02699328 0.01407229 0.20701334
 0.02184484 0.01816568 0.61625874] [9.9571335e-01 1.0809612e-03 7.3194248e-04 3.4864518e-04 3.7103426e-04
 2.2443665e-04 3.6284799e-04 2.7893184e-04 8.8787341e-04] [8.7668019e-04 1.5945768e-03 1.6194775e-03 8.6846936e-04 4.1230090e-04
 4.8403177e-04 2.7967896e-04 9.9270093e-01 1.1638640e-03] [0.00383752 0.00229295 0.00145172 0.00164487 0.00211585 0.01164085
 0.00491661 0.96930224 0.00279736] [2.9096741e-04 4.6043718e-04 5.7941535e-04 1.7684069e-03 1.0678195e-03
 1.8542273e-03 4.3716904e-04 9.9213213e-01 1.4093961e-03] [8.4884162e-04 2.1506147e-03 1.1130747e-03 1.3398054e-03 1.0346733e-03
 6.4082874e-04 5.2645215e-04 9.9101090e-01 1.3347830e-03] [0.00449115 0.01112224 0.00914198 0.02885804 0.00717879 0.0417494
 0.75722104 0.01091532 0.12932204] [1.6565446e-03 4.4340082e-03 6.6007324e-04 1.0126191e-03 1.0440125e-03
 6.2114466e-04 1.1625906e-03 9.8818129e-01 1.2276747e-03] [1.9855560e-04 3.2514476e-04 3.3007830e-02 9.6191019e-01 3.9674912e-04
 1.0205325e-03 5.6166312e-04 2.8438660e-04 2.2950137e-03] [2.0110004e-03 9.9034357e-01 1.5712329e-03 8.5755443e-04 5.8595306e-04
 2.3980145e-03 4.3045601e-04 1.0824300e-03 7.1978662e-04] [0.08498108 0.05972759 0.07231898 0.16392247 0.05851012 0.15600638
 0.13824843 0.03759734 0.22868763] [1.6336255e-03 3.2604763e-03 1.2260759e-03 7.3354528e-04 9.8748153e-01
 4.9835641e-04 2.9608372e-03 1.1227294e-03 1.0828020e-03] [0.00554467 0.01671524 0.1395812  0.6965399  0.00441157 0.03547109
 0.01071249 0.01590385 0.07512002] [0.11018764 0.05900507 0.20750195 0.07219236 0.08245559 0.08915008
 0.09713804 0.16135912 0.12101015] [8.3945954e-04 9.9040550e-01 2.6564077e-03 5.3196342e-04 4.3942669e-04
 1.1310293e-03 3.0126504e-04 1.6057779e-03 2.0890988e-03] [7.2010991e-04 4.1643236e-04 7.1703747e-04 4.6702791e-03 8.3013723e-04
 9.8504794e-01 1.1729889e-03 1.3420620e-03 5.0830496e-03] [9.97495711e-01 4.68657614e-04 4.85049270e-04 1.09456130e-04
 1.50466018e-04 4.66163619e-04 4.00262419e-04 3.07981041e-04
 1.16261035e-04] [0.00922433 0.00703258 0.00892786 0.03019345 0.02853962 0.24920541
 0.02021978 0.01281099 0.633846  ] [0.03189014 0.04952931 0.0583406  0.17551197 0.04926476 0.3172439
 0.07861058 0.09006917 0.14953953] [9.8994607e-01 1.9778858e-03 3.4534885e-03 1.4483603e-04 1.3344008e-03
 5.1286188e-04 8.2617137e-04 6.6478847e-04 1.1394540e-03] [0.01424187 0.02115403 0.8498406  0.00887814 0.01995606 0.01380147
 0.01155458 0.0126115  0.04796183] [1.4736601e-04 7.5333912e-05 1.4514082e-04 3.4426808e-04 9.9143726e-01
 3.3646249e-03 2.5857569e-04 3.3714631e-04 3.8902701e-03] [3.5939552e-04 7.1822782e-04 7.5367035e-04 2.3542170e-03 5.5894046e-04
 9.9110198e-01 4.3471687e-04 6.6821621e-04 3.0505725e-03] [0.00150363 0.00187809 0.00131276 0.95694166 0.00110521 0.00110075
 0.00258527 0.00181009 0.03176253] [9.8270828e-01 2.2127852e-03 1.8900881e-03 4.0296279e-03 1.5541186e-03
 8.9853274e-04 1.6654427e-03 2.7155073e-03 2.3255998e-03] [5.3761975e-04 3.7064431e-03 4.1855915e-04 1.9895907e-03 4.1069492e-04
 8.7797001e-04 4.4399954e-04 9.9001980e-01 1.5952985e-03] [3.5894563e-04 2.6037011e-04 4.3793282e-04 7.0429547e-04 4.6993347e-04
 4.7419909e-03 8.5723295e-04 9.9093759e-01 1.2316809e-03] [0.12708734 0.05971169 0.1217823  0.21271998 0.07379039 0.05105986
 0.09933665 0.0563642  0.19814757] [0.9640035  0.00404438 0.00436781 0.00336322 0.00198973 0.01077209
 0.00222731 0.00579606 0.00343595] [0.00812444 0.008231   0.00662357 0.8257449  0.0063772  0.01140962
 0.00498126 0.01109414 0.11741381] [1.8137730e-04 2.4870926e-04 2.6459896e-04 7.1995036e-04 2.5658921e-04
 8.2904549e-04 9.9593216e-01 4.7842090e-04 1.0891415e-03] [4.5289961e-04 6.8798108e-04 4.4767628e-04 1.6974870e-03 7.3311094e-04
 9.8089623e-01 1.0224184e-03 1.4389235e-03 1.2623227e-02] [0.5276572  0.03630078 0.02295894 0.058664   0.02785252 0.06156677
 0.02985108 0.03036215 0.20478657] [0.00747996 0.01167728 0.961512   0.0039933  0.0028573  0.0032184
 0.00390532 0.00339026 0.00196611] [0.04575555 0.08687954 0.03415137 0.14001022 0.03913518 0.40924954
 0.05603299 0.03245341 0.15633221] [0.3627377  0.16791715 0.04224331 0.06721879 0.02692913 0.15496026
 0.03287752 0.05114894 0.09396721] [0.00162925 0.00256982 0.00104163 0.00139909 0.0016322  0.00382252
 0.00182696 0.98218083 0.00389773] [0.86914855 0.02879864 0.02237792 0.01779682 0.01127862 0.02457965
 0.00426453 0.01870732 0.00304791] [0.06806482 0.08985767 0.08790599 0.12835489 0.04526715 0.22684678
 0.0794697  0.08124349 0.19298954] [1.46029599e-03 1.41702115e-03 1.40063197e-03 8.06137919e-04
 5.86004287e-04 9.78255808e-01 1.44411530e-03 2.21607299e-03
 1.24139255e-02] [0.01056062 0.16121791 0.6567337  0.028667   0.01169247 0.03622735
 0.04953345 0.03247647 0.01289105] [7.8858220e-04 1.8949568e-03 4.0577751e-04 1.1487023e-03 9.9381715e-01
 8.4863976e-04 3.8637084e-04 4.4428938e-04 2.6547877e-04] [0.02041811 0.04153877 0.01321067 0.00998932 0.00981193 0.02899282
 0.04276884 0.8210834  0.01218613] [9.9391985e-01 5.9487048e-04 8.3185121e-04 4.2641949e-04 1.4831487e-03
 6.8666093e-04 3.4682441e-04 5.4090942e-04 1.1695137e-03] [0.00110437 0.9880513  0.00158544 0.00145488 0.00122636 0.00196168
 0.00135992 0.0020395  0.00121656] [8.2351186e-04 9.8106557e-01 1.1262683e-02 4.8943720e-04 6.6239509e-04
 2.8056724e-03 7.6095283e-04 7.2248676e-04 1.4072782e-03] [3.4939317e-04 1.4718329e-04 1.7240751e-04 8.3766162e-04 2.0224586e-04
 4.6186804e-04 9.9656290e-01 3.5490986e-04 9.1148872e-04] [5.7740696e-04 1.4321705e-03 9.9059582e-01 1.4807467e-03 3.8507968e-04
 7.5709890e-04 3.6384959e-03 4.8355953e-04 6.4965943e-04] [1.1664700e-03 9.9023193e-01 2.3617325e-03 9.7482343e-04 6.0683757e-04
 1.8881242e-03 7.3730905e-04 7.8026042e-04 1.2525700e-03] [0.04747108 0.05246559 0.06436025 0.07297359 0.03985007 0.21918254
 0.04604506 0.04390809 0.41374373] [8.5334288e-04 3.2461623e-03 5.7714636e-04 1.3548034e-03 5.2816991e-04
 7.0191565e-04 9.2038239e-04 9.9161196e-01 2.0611775e-04] [4.9799238e-04 9.9164069e-01 9.1025577e-04 1.2844146e-03 5.3092692e-04
 4.0030726e-03 5.1636918e-04 4.0243339e-04 2.1384412e-04] [3.7527643e-04 2.5930523e-04 1.8299467e-04 8.1208389e-04 2.8286010e-04
 4.0337592e-04 9.9444580e-01 4.2148682e-04 2.8167728e-03] [8.3370600e-04 4.9289851e-03 9.8582435e-01 3.0108967e-03 1.0618736e-03
 1.4008068e-03 1.0985924e-03 1.2501726e-03 5.9061806e-04] [0.03894227 0.3608406  0.11634766 0.03408103 0.05486649 0.2284888
 0.0427524  0.0789561  0.04472464] [4.3355726e-04 1.2903825e-03 1.7378350e-03 3.2129229e-04 5.2954312e-03
 1.1747889e-03 9.8751885e-01 5.8099226e-04 1.6469503e-03] [0.05977738 0.10090689 0.08186695 0.01580666 0.04092083 0.10469303
 0.0436284  0.07483802 0.4775618 ] [3.4556419e-04 5.6497217e-04 4.6998897e-04 3.4419724e-04 3.4319606e-04
 3.7635528e-04 9.9641389e-01 4.7075626e-04 6.7116454e-04] [2.9611177e-04 2.1936327e-04 3.3495892e-04 5.0828198e-04 5.6754722e-04
 8.6764694e-04 3.5368439e-04 9.9342740e-01 3.4250270e-03] [0.00111397 0.00164206 0.15250911 0.8385545  0.00091598 0.00206449
 0.00127973 0.00093241 0.00098782] [2.6648340e-04 1.6759202e-04 4.1187525e-04 3.6003816e-04 1.8702642e-04
 4.4751147e-04 9.9754095e-01 3.7023993e-04 2.4835454e-04] [0.00698882 0.00530123 0.00613785 0.01187719 0.00689953 0.02108947
 0.01258362 0.00797891 0.9211434 ] [2.7002578e-04 7.5187098e-05 2.4430931e-04 1.3316897e-03 4.3012112e-04
 5.7955628e-04 9.9529535e-01 9.3364528e-05 1.6803860e-03] [0.02645759 0.06043826 0.02991706 0.04784273 0.05286039 0.2695317
 0.07514302 0.05637467 0.38143462] [1.1802343e-04 1.2506387e-04 1.3664947e-04 3.3020123e-04 1.6193361e-04
 5.3254305e-04 9.9671030e-01 2.3042376e-04 1.6548266e-03] [1.8569927e-04 3.9150610e-04 9.9734575e-01 5.4537493e-04 1.8858547e-04
 2.4370122e-04 7.3942193e-04 1.9858773e-04 1.6138636e-04] [1.5537982e-03 6.5610660e-03 1.7132360e-03 1.0666590e-03 8.7896083e-04
 6.3049904e-04 1.2001481e-03 9.8536772e-01 1.0279053e-03] [0.08720005 0.17202255 0.06688409 0.06448129 0.12219809 0.06568262
 0.0366888  0.12708251 0.25776002] [0.00265494 0.00364357 0.41575745 0.5363503  0.00199659 0.00899519
 0.0049854  0.0035073  0.02210925] [3.7297478e-04 3.7081595e-04 2.7307463e-04 1.2751127e-04 9.9729174e-01
 2.7516493e-04 1.9260864e-04 2.5336767e-04 8.4266748e-04] [0.00791794 0.0039232  0.00459977 0.00387134 0.0026585  0.9429247
 0.01038397 0.00376778 0.01995278] [5.8980146e-04 3.2423093e-04 1.5013567e-04 1.3223803e-04 9.9801755e-01
 1.4384367e-04 3.4937402e-04 1.4496162e-04 1.4785175e-04] [1.8017701e-03 6.4231558e-03 9.7939944e-01 3.2377066e-03 1.4692440e-03
 8.5823663e-04 1.9700455e-03 9.4675703e-04 3.8936643e-03] [3.36087425e-04 3.25522706e-04 1.40100019e-04 8.68128118e-05
 9.97189343e-01 1.15796065e-04 4.45824786e-04 4.26877901e-04
 9.33626958e-04] [0.02355364 0.02097981 0.06883869 0.11973815 0.06061977 0.09563255
 0.04053766 0.053123   0.5169767 ] [5.8255517e-03 2.1128510e-03 1.7878104e-03 1.0467233e-03 9.8378456e-01
 2.5087604e-03 5.9595471e-04 1.0766479e-03 1.2611628e-03] [0.01063765 0.02701457 0.00523187 0.02825353 0.0168847  0.07563671
 0.01675376 0.01968472 0.7999025 ] [3.6030405e-04 1.1915342e-03 2.5306246e-04 2.5532797e-03 3.1385143e-04
 2.5793791e-03 9.9181247e-01 7.6283829e-04 1.7324739e-04] [1.3989955e-03 9.9048561e-01 1.8090203e-03 5.7439035e-04 1.7644595e-03
 1.4180563e-03 8.3954539e-04 1.2076818e-03 5.0225027e-04] [2.6577109e-04 2.1816958e-03 5.1705167e-04 3.4933057e-04 9.9542785e-01
 3.6014823e-04 4.4628809e-04 3.5163082e-04 1.0019423e-04] [0.00237911 0.00323262 0.26724705 0.6856966  0.00314762 0.01462597
 0.00426433 0.00720424 0.01220248] [4.8714990e-04 1.9519574e-04 1.6757070e-04 1.1051027e-03 3.7544622e-04
 6.3382054e-04 9.8927480e-01 3.6749177e-04 7.3934542e-03] [0.0972762  0.36299866 0.13096349 0.08026659 0.05230395 0.04171838
 0.03687393 0.06496836 0.13263042] [0.04829902 0.2699642  0.15180244 0.06520098 0.15091945 0.11582787
 0.04985658 0.06093619 0.0871933 ] [0.00926992 0.0100177  0.00698926 0.01999593 0.00748526 0.16449006
 0.02065011 0.0192326  0.74186915] [9.9595344e-01 9.0046768e-04 5.8871548e-04 4.9286714e-04 2.1126661e-04
 7.2431209e-04 2.8911576e-04 4.1645419e-04 4.2331585e-04] [0.0053779  0.5950696  0.3769366  0.00486664 0.00218482 0.00682769
 0.00463117 0.00222118 0.00188442] [0.0016375  0.00679774 0.00154595 0.00441794 0.00147283 0.9728861
 0.00172921 0.00340618 0.00610653] [9.9391198e-01 2.3449396e-03 5.8885443e-04 1.5198739e-04 4.4124600e-04
 9.9148881e-04 5.1577238e-04 5.8750430e-04 4.6627337e-04] [2.5720906e-03 1.9332893e-03 9.3100063e-04 2.7263630e-03 9.8275006e-01
 3.8744113e-03 1.3401794e-03 2.2878351e-03 1.5848307e-03] [8.8309357e-04 9.9101818e-01 4.1925926e-03 2.0099193e-04 6.6511059e-04
 1.7130558e-03 3.5991427e-04 5.3987984e-04 4.2714938e-04] [1.1958107e-03 9.8886395e-01 4.1063284e-04 2.8211013e-03 5.8736582e-04
 2.2967129e-03 2.7302951e-03 5.8147305e-04 5.1268050e-04] [0.01361818 0.00690077 0.01245139 0.01251679 0.00974019 0.0844309
 0.01338191 0.02019339 0.82676643] [1.3145276e-04 9.4531555e-05 1.7407455e-04 4.3172357e-04 2.4197424e-04
 4.7964344e-04 9.9372733e-01 6.5948145e-04 4.0597930e-03] [0.96815366 0.00550391 0.00876621 0.0030488  0.00187522 0.00182748
 0.00283459 0.00320468 0.00478542] [9.5267949e-04 8.8961900e-04 2.3398106e-03 6.5592828e-04 5.7441380e-04
 2.0698420e-04 2.9080670e-04 9.9083555e-01 3.2541996e-03] [0.02732517 0.89874554 0.03934399 0.0043923  0.00713345 0.01038457
 0.00333633 0.00553989 0.00379875] [0.03262265 0.01433708 0.03554408 0.12015665 0.02106546 0.11538935
 0.01452153 0.03125459 0.6151086 ] [0.0259261  0.02119667 0.8724575  0.0145052  0.00758779 0.0147739
 0.01145385 0.00977103 0.02232797] [9.9606115e-01 1.0084911e-03 2.6572470e-04 3.6515901e-04 2.2876098e-04
 1.1310448e-03 1.6985957e-04 3.5420584e-04 4.1560229e-04] [9.1907370e-04 8.0875785e-04 9.8115846e-04 1.0543459e-02 1.1054673e-03
 9.7464764e-01 1.8528177e-03 1.8815771e-03 7.2600474e-03] [7.4736879e-04 1.4894761e-03 5.9687381e-04 1.5263009e-04 5.5147766e-04
 1.2456824e-03 4.3393858e-04 9.9317259e-01 1.6099188e-03] [0.01271615 0.01632818 0.01603766 0.09776732 0.02244748 0.7005298
 0.03545633 0.03669496 0.06202209] [0.02874335 0.02435325 0.09782014 0.04437224 0.05262182 0.15521806
 0.12988229 0.08103572 0.3859531 ] [9.9707991e-01 5.3909025e-04 3.4379054e-04 3.2140611e-04 2.5516967e-04
 3.3358979e-04 3.0709087e-04 3.4045198e-04 4.7948005e-04] [9.8577328e-04 1.8096311e-03 6.5964670e-04 6.8178406e-04 8.8526134e-04
 6.1026895e-03 5.3887849e-04 9.8790258e-01 4.3371067e-04] [1.7090525e-03 6.2538480e-04 9.4565423e-04 6.8202261e-03 9.7830474e-01
 1.0463336e-03 6.7585218e-04 4.2315451e-03 5.6412341e-03]",8 2 6 3 3 5 5 4 2 3 3 0 7 3 1 8 4 5 8 7 4 5 5 5 6 0 8 4 2 3 4 0 2 4 2 6 2 0 7 6 3 6 1 4 2 4 6 4 2 8 1 7 5 2 0 1 1 7 8 3 0 6 1 4 7 3 1 3 8 2 5 8 1 1 0 2 1 0 6 6 2 7 4 8 8 3 8 3 1 6 3 4 8 3 5 2 0 1 7 2 0 4 8 6 3 5 0 6 4 8 0 7 7 7 7 6 7 3 1 5 4 3 5 1 5 0 8 5 0 2 4 5 3 0 7 7 5 0 3 6 5 1 2 8 0 7 0 3 5 2 4 7 0 1 1 6 2 1 8 7 1 6 2 5 6 8 6 7 3 6 8 6 5 6 2 7 8 3 4 5 4 2 4 8 4 8 6 1 4 3 6 2 2 8 0 1 5 0 4 1 1 5 6 0 7 1 8 2 0 5 7 7 3 0 7 4
1468,4,xgboost,0.0,5000,4144,0.875,0.984375,"[0.05318413 0.18248892 0.34275746 0.1543949  0.09573659 0.04856083
 0.03528718 0.04795698 0.03963296] [1.6346548e-03 5.1784946e-04 1.3572930e-03 9.8853022e-01 6.1011303e-04
 1.6842195e-03 6.8867073e-04 1.3770157e-03 3.5999671e-03] [0.05555197 0.01915495 0.02943361 0.15891469 0.02784538 0.21175009
 0.04378166 0.06552575 0.38804194] [1.0441453e-03 7.0301245e-04 8.9550315e-04 1.6582285e-03 1.1177182e-03
 9.8630804e-01 1.0798014e-03 7.0479140e-04 6.4888103e-03] [0.02215067 0.02067115 0.00465398 0.00177737 0.00454404 0.02113974
 0.00605419 0.91394544 0.00506343] [8.7487436e-04 1.7732390e-03 6.1618653e-04 3.2871913e-03 9.7753781e-01
 8.4619531e-03 1.1418948e-03 7.7805622e-04 5.5287722e-03] [1.87961588e-04 3.00493266e-04 1.14006965e-04 2.71111086e-04
 3.23512824e-04 9.97068226e-01 4.50435269e-04 5.14874060e-04
 7.69436243e-04] [0.04681697 0.0359663  0.01085686 0.07780526 0.03298248 0.5860422
 0.04557884 0.02482226 0.1391288 ] [0.0159785  0.03824495 0.03068438 0.7775559  0.01355117 0.0110581
 0.06587882 0.01533567 0.03171251] [4.9502973e-04 9.9073166e-01 4.6340409e-03 1.0175821e-03 4.5834057e-04
 1.1063826e-03 3.1926628e-04 7.7008904e-04 4.6759876e-04] [0.4275077  0.00407137 0.00537061 0.5537876  0.00380164 0.00222031
 0.00107487 0.00148894 0.00067697] [0.01207898 0.01911414 0.05846028 0.87809074 0.0064109  0.00589979
 0.00504198 0.00606051 0.00884264] [0.03790592 0.04079844 0.02713161 0.08222108 0.03691193 0.08346623
 0.0877853  0.02428271 0.57949674] [5.6471763e-04 8.1626984e-04 3.5090125e-04 1.5236119e-04 9.9706930e-01
 2.7231293e-04 2.1435652e-04 2.6839503e-04 2.9140923e-04] [0.07171895 0.05055473 0.0280839  0.10275368 0.03976585 0.22170043
 0.18124166 0.05816792 0.24601293] [2.9644053e-04 6.9061021e-04 4.2238605e-04 1.6430720e-04 9.9649185e-01
 4.8872986e-04 6.2696461e-04 3.9903561e-04 4.1961632e-04] [0.02245857 0.02748699 0.03575676 0.07705104 0.03412947 0.12791869
 0.06305948 0.02774949 0.5843895 ] [0.02515091 0.02774122 0.01709113 0.10195646 0.0320215  0.6216061
 0.03007992 0.02035506 0.1239977 ] [0.03653938 0.08367366 0.03906728 0.06096452 0.07195204 0.15211579
 0.06660744 0.23389074 0.25518915] [0.00396255 0.9549216  0.00430653 0.00961854 0.00455492 0.00609723
 0.00368456 0.00443989 0.00841421] [9.9567300e-01 9.7530975e-04 4.6126443e-04 4.3503143e-04 2.9582626e-04
 2.2560699e-04 3.0075636e-04 5.0130248e-04 1.1318258e-03] [5.0283695e-04 9.1621119e-01 6.9775164e-02 5.2810111e-03 7.6137338e-04
 2.0691743e-03 1.2849272e-03 7.4550509e-04 3.3688589e-03] [0.09984931 0.08812551 0.06503657 0.0856238  0.08789615 0.10863136
 0.11650636 0.2286903  0.11964064] [9.8663378e-01 2.0985168e-03 2.5673062e-03 7.0721144e-04 8.0142939e-04
 4.5403745e-03 1.3755122e-03 5.7565176e-04 7.0016604e-04] [0.01114085 0.01802221 0.02460017 0.167756   0.03746866 0.05841975
 0.02658035 0.07267615 0.5833359 ] [8.4002531e-04 1.4946023e-03 4.3188441e-03 5.8777508e-04 9.8689109e-01
 2.3901141e-03 8.7326154e-04 1.7596012e-03 8.4466976e-04] [0.06892318 0.15384108 0.16580357 0.15000814 0.07532575 0.17098477
 0.06093182 0.04520492 0.10897678] [1.1731980e-03 9.8826027e-01 1.8853920e-03 2.1915977e-04 4.8647303e-04
 6.1399932e-03 9.7323459e-04 6.1811757e-04 2.4422750e-04] [0.00312145 0.00182864 0.00127349 0.00241311 0.00128613 0.9500906
 0.00166152 0.00204894 0.03627612] [2.5550177e-04 2.6742951e-04 2.9893185e-04 4.8926432e-04 2.3141512e-04
 4.6069294e-04 1.6560542e-04 9.9750876e-01 3.2232911e-04] [1.5026506e-03 1.6241608e-03 1.3907582e-02 2.3127564e-03 9.7811377e-01
 8.5393910e-04 3.6006497e-04 4.7655843e-04 8.4852002e-04] [0.0236726  0.04804489 0.01641573 0.17103118 0.04669368 0.08648501
 0.06880174 0.08066951 0.45818567] [0.05260148 0.0361352  0.0665952  0.17342465 0.04928915 0.2154297
 0.0506709  0.09926392 0.2565898 ] [0.00342999 0.00141241 0.00616488 0.96549225 0.00174095 0.012122
 0.00270821 0.00289027 0.004039  ] [4.5779432e-04 6.1608537e-04 1.7916826e-03 5.2660453e-04 3.2130236e-04
 4.0615455e-04 1.8673856e-04 9.9447930e-01 1.2142771e-03] [1.5923585e-04 4.1507851e-04 1.6377040e-04 1.3831069e-03 9.9116033e-01
 8.1408909e-04 3.5335257e-04 7.3426560e-04 4.8167696e-03] [3.6821997e-04 5.0180120e-04 6.4878975e-04 2.3377188e-03 2.3865068e-04
 1.2125879e-03 9.9115467e-01 3.8748872e-04 3.1500389e-03] [0.06865577 0.07726686 0.13625948 0.27357638 0.03022755 0.09418241
 0.04581845 0.04111585 0.23289728] [2.2661294e-04 3.2037773e-04 4.8003730e-04 3.6400446e-04 9.9724400e-01
 1.8193133e-04 4.5214896e-04 3.2577349e-04 4.0517232e-04] [0.00336938 0.89331245 0.07492778 0.005588   0.00662171 0.00480806
 0.0035329  0.00529796 0.00254174] [0.00225767 0.00496394 0.9635469  0.00502479 0.0035668  0.01036448
 0.00344463 0.00460953 0.00222132] [9.9059957e-01 1.8849734e-03 8.2520791e-04 9.1914687e-04 7.4097054e-04
 2.1491216e-03 9.9460140e-04 1.2066233e-03 6.7977112e-04] [0.26063955 0.08460205 0.11723797 0.03218354 0.04967989 0.17479128
 0.072359   0.1143176  0.09418911] [1.3682251e-03 1.5822783e-03 2.7383727e-03 9.8693699e-01 1.0140439e-03
 1.8255608e-03 7.3402649e-04 1.0137316e-03 2.7867611e-03] [9.9676067e-01 8.2275498e-04 7.4458780e-04 3.5902840e-04 2.9979498e-04
 3.9046342e-04 1.7553035e-04 2.0267739e-04 2.4449007e-04] [0.02139709 0.01597485 0.02315734 0.03729444 0.02259975 0.08057345
 0.07892277 0.02816498 0.6919153 ] [0.00301365 0.00232582 0.00384418 0.8830002  0.00366913 0.04389755
 0.00889008 0.00590974 0.04544967] [0.01091003 0.00579886 0.01133501 0.01180593 0.00750288 0.02191297
 0.01383808 0.00870536 0.9081909 ] [0.12941855 0.16911812 0.1294378  0.08299591 0.05974293 0.13582924
 0.09174874 0.07704999 0.12465873] [7.4636121e-04 1.5160486e-03 7.8229653e-04 4.5555364e-04 9.9389112e-01
 4.1099868e-04 8.3177089e-04 7.8161235e-04 5.8429595e-04] [0.00718554 0.00739382 0.00626589 0.07023758 0.01044834 0.11262187
 0.7265982  0.01116237 0.04808645] [0.00416926 0.0080301  0.9596115  0.00177755 0.00253015 0.01409217
 0.00247835 0.00454714 0.00276381] [6.6423137e-04 2.9505915e-03 9.8484647e-01 1.4389609e-03 9.1736647e-04
 5.4116263e-03 1.3165378e-03 9.3280157e-04 1.5214547e-03] [0.00707996 0.00841621 0.9512203  0.01484966 0.00212584 0.00584326
 0.00406081 0.00304121 0.0033628 ] [1.2169366e-03 9.8755682e-01 3.3480665e-03 2.5363499e-03 1.2479108e-03
 1.1181234e-03 6.7461160e-04 1.1464843e-03 1.1546793e-03] [7.2378322e-04 2.1715567e-03 1.4498952e-03 5.1903602e-04 9.9355340e-01
 5.1564164e-04 2.8078619e-04 5.2725087e-04 2.5863093e-04] [0.0010135  0.00275488 0.00997242 0.97398823 0.00134759 0.00557654
 0.00110279 0.00159905 0.00264498] [1.8797806e-04 1.8825720e-04 2.1985119e-04 3.9250316e-04 9.9797946e-01
 1.8801696e-04 2.1307715e-04 1.1718935e-04 5.1367586e-04] [9.8720342e-01 9.5269689e-04 6.7328871e-03 1.2596083e-03 5.6375645e-04
 1.2710902e-03 4.9060606e-04 6.4067880e-04 8.8520825e-04] [0.04741798 0.03443059 0.0240494  0.07172451 0.08761785 0.38338095
 0.06353997 0.07284082 0.21499796] [9.9313265e-01 1.2320786e-03 2.4499316e-03 4.1507967e-04 4.4799119e-04
 4.9275858e-04 3.0373078e-04 3.4458522e-04 1.1812669e-03] [0.01961456 0.04120874 0.08734678 0.24122961 0.0402561  0.11757267
 0.04431849 0.11246943 0.2959836 ] [1.3163785e-03 1.3787479e-03 9.8611903e-01 3.2560646e-03 1.0321304e-03
 1.7460183e-03 6.8694772e-04 1.8764781e-03 2.5881485e-03] [0.03741422 0.14853303 0.5868341  0.02538979 0.04612127 0.05818549
 0.01893934 0.06451063 0.01407212] [0.04958126 0.0925147  0.05109775 0.07822637 0.08639619 0.30376935
 0.05520929 0.13655591 0.14664914] [3.0825550e-03 2.4671850e-03 2.8291394e-03 2.8651005e-03 1.6601520e-03
 9.4169559e-04 6.4550643e-03 9.7811711e-01 1.5819684e-03] [9.9406177e-01 1.0180618e-03 1.1298272e-03 2.2430833e-04 6.7156396e-04
 5.2210904e-04 7.3137158e-04 7.5285195e-04 8.8816404e-04] [6.1024394e-04 9.9335372e-01 1.5615273e-03 1.2152955e-03 5.6557392e-04
 1.8034856e-04 4.7979475e-04 1.1303951e-03 9.0309395e-04] [0.03328237 0.04733606 0.02081257 0.04531108 0.0479564  0.18016014
 0.03991187 0.12087513 0.46435437] [4.3057857e-04 8.7183982e-04 3.4266539e-04 5.4841361e-04 3.4053286e-04
 4.9887004e-04 9.9648595e-01 2.1553262e-04 2.6566212e-04] [4.8443725e-04 4.4551035e-04 4.6175273e-04 9.8366392e-01 8.3698938e-04
 3.0874216e-03 1.3157360e-03 7.7831023e-04 8.9259278e-03] [2.4597463e-04 2.7451268e-04 9.2028873e-04 4.5052244e-04 3.6611795e-04
 7.6614053e-04 9.9528259e-01 4.3638473e-04 1.2574791e-03] [4.9897609e-04 2.5742102e-04 5.9909577e-04 9.8692143e-01 5.6979421e-04
 3.6030570e-03 1.1765733e-03 3.3126757e-04 6.0424474e-03] [4.1164851e-04 1.8989967e-04 1.4692947e-04 5.2000786e-04 4.4600811e-04
 8.3713507e-04 9.9611354e-01 3.8022242e-04 9.5462467e-04] [3.1817178e-04 3.3088243e-03 2.8103369e-03 3.0165236e-04 9.9064296e-01
 1.5491201e-03 4.5541680e-04 3.5320033e-04 2.6028199e-04] [6.9651409e-04 2.1012863e-03 1.3187183e-03 2.9142271e-04 5.1886850e-04
 1.5519210e-03 1.0052435e-03 9.9127018e-01 1.2458434e-03] [0.00682246 0.01263896 0.90023834 0.02737314 0.00436171 0.02004395
 0.00485277 0.00936951 0.01429913] [4.1208099e-04 2.8351854e-04 1.9508445e-04 1.2227327e-03 3.7534180e-04
 7.0796749e-03 4.3594427e-04 9.8289776e-01 7.0978333e-03] [0.00364513 0.9672358  0.01173075 0.00144762 0.00245111 0.00276236
 0.00184588 0.00577688 0.00310443] [0.12615871 0.2085356  0.07286876 0.0989811  0.04398169 0.03906452
 0.07179124 0.06270623 0.2759121 ] [3.6181486e-04 1.0692276e-03 4.4897851e-03 2.1066851e-04 9.8747963e-01
 4.8711831e-03 2.6254248e-04 6.1291165e-04 6.4217561e-04] [1.8504415e-04 7.2564400e-04 5.0933263e-04 8.1525836e-04 2.6461290e-04
 2.2187401e-03 9.9416465e-01 3.3842167e-04 7.7836245e-04] [2.9189276e-04 1.3956842e-03 9.8829764e-01 3.1524238e-03 5.7605578e-04
 4.5588678e-03 4.7099870e-04 6.3118082e-04 6.2529190e-04] [4.5247414e-04 9.8681718e-01 3.3283187e-03 1.8894739e-03 6.9407391e-04
 2.7990616e-03 1.8262500e-03 5.9453229e-04 1.5986071e-03] [0.00259121 0.00790015 0.9764712  0.00310848 0.00155028 0.00147487
 0.00161751 0.00246096 0.00282539] [6.3099165e-04 9.8806167e-01 2.3236128e-03 3.5530937e-04 9.6753379e-04
 1.7425909e-03 8.7217748e-04 1.7544344e-03 3.2916719e-03] [0.00263595 0.94664645 0.02110015 0.00534491 0.00338442 0.00464805
 0.0056331  0.00542575 0.0051812 ] [0.07326345 0.03618089 0.02753428 0.13756472 0.03111298 0.3849586
 0.04551894 0.060541   0.20332515] [3.2397013e-04 1.5128309e-04 9.1013295e-05 1.5483168e-03 2.7643272e-04
 4.8544150e-04 9.9502891e-01 5.7579693e-04 1.5188578e-03] [0.00292219 0.00288982 0.00102713 0.01262239 0.00268111 0.00659461
 0.0024834  0.0036642  0.96511513] [2.4124440e-03 1.1954970e-03 1.0946277e-03 4.8885732e-03 1.1493403e-03
 1.2601299e-03 1.3784220e-03 9.8603731e-01 5.8369449e-04] [0.044355   0.07536293 0.01816215 0.17048743 0.07547886 0.17121887
 0.06305207 0.08131513 0.3005675 ] [0.07549634 0.19175619 0.24977306 0.07913918 0.05033326 0.21258293
 0.03444568 0.0393492  0.06712423] [1.2929932e-03 2.7434947e-03 9.5367897e-04 6.6676293e-04 8.2649506e-04
 3.3241604e-03 1.0292040e-03 9.8834831e-01 8.1493519e-04] [0.03175144 0.02443222 0.02229122 0.08952885 0.02348163 0.03460137
 0.14181091 0.04486097 0.58724135] [4.6806392e-04 3.1091340e-04 2.5310632e-04 5.1987858e-04 4.1468756e-04
 1.2145593e-03 7.1809842e-04 9.9375218e-01 2.3485294e-03] [0.01316007 0.1948373  0.58872086 0.04600808 0.02260609 0.02903045
 0.01738336 0.05181867 0.03643516] [0.95397365 0.00865897 0.0195389  0.00280228 0.00394806 0.00137
 0.00270048 0.00366189 0.00334573] [3.7504756e-04 2.6211646e-04 2.3610794e-04 7.0966332e-04 1.5061861e-04
 7.9329190e-04 9.9645633e-01 3.8659692e-04 6.3025375e-04] [2.7111254e-04 3.3404675e-04 3.4642604e-04 7.6427247e-04 9.9130040e-01
 1.5841591e-03 3.8206915e-04 8.8075170e-04 4.1367197e-03] [0.04666205 0.05130624 0.11568011 0.20827907 0.06116959 0.04175215
 0.1218448  0.03475487 0.31855112] [1.6938314e-04 1.0503637e-04 1.5316188e-04 2.9046010e-04 2.2810716e-04
 1.0159332e-03 9.9724531e-01 2.8712375e-04 5.0548173e-04] [0.00186096 0.01409408 0.01787608 0.94397753 0.0018362  0.00314005
 0.00894385 0.00402683 0.0042444 ] [0.00529229 0.01178864 0.086677   0.87714577 0.00442961 0.0023124
 0.00499163 0.00515573 0.00220691] [4.3810243e-04 3.7026795e-04 2.8436838e-04 6.3173205e-04 9.9413234e-01
 5.4445124e-04 2.0675358e-04 3.5009175e-04 3.0419154e-03] [1.2231672e-03 1.4273323e-03 8.3160412e-04 1.1896989e-03 1.1398616e-03
 2.6399782e-03 1.9658285e-03 9.8320109e-01 6.3814619e-03] [0.02639776 0.03505304 0.01729806 0.06792238 0.04168667 0.37428656
 0.12185089 0.09783556 0.21766905] [2.1220329e-04 3.0932308e-04 5.7010923e-04 1.5293076e-04 3.4029159e-04
 8.9564733e-04 9.9664778e-01 6.1341363e-04 2.5833034e-04] [0.00252307 0.00589765 0.002494   0.00238627 0.00252223 0.97214395
 0.00550373 0.00289521 0.00363391] [3.5464103e-04 4.1708077e-04 9.3737408e-04 9.8421592e-01 1.0886233e-03
 2.3945600e-03 1.1793881e-03 1.6750292e-03 7.7374461e-03] [1.3343258e-03 1.7644835e-03 9.8936939e-01 1.4632972e-03 7.4808579e-04
 1.1331622e-03 9.2203228e-04 1.2515851e-03 2.0135732e-03] [1.3505945e-03 1.7803109e-03 9.8901784e-01 5.5770605e-04 1.4395347e-03
 1.0779081e-03 6.7688042e-04 1.5654220e-03 2.5337525e-03] [0.04668422 0.04988575 0.71828866 0.094607   0.01923922 0.01783155
 0.00934482 0.02554738 0.01857142] [9.7825158e-01 7.6430822e-03 4.0012184e-03 1.1625940e-03 3.9669792e-03
 1.6294391e-03 1.5089263e-03 1.1683649e-03 6.6784950e-04] [0.04818338 0.05755284 0.5784365  0.04849293 0.01968353 0.10884651
 0.02466001 0.0265214  0.08762292] [5.0190120e-04 9.4680639e-04 1.0585128e-03 1.7716493e-03 6.8660243e-04
 5.1280682e-04 3.5912561e-04 9.9276191e-01 1.4006897e-03] [9.9531132e-01 4.6319101e-04 4.5537605e-04 2.7802525e-04 3.5611153e-04
 1.2271216e-03 8.8786869e-04 7.1121880e-04 3.0977206e-04] [0.05381669 0.05143473 0.01373189 0.05059611 0.04610682 0.51421493
 0.04924911 0.07645252 0.14439717] [0.02571828 0.02786286 0.01165166 0.5796263  0.02394416 0.11939911
 0.01987874 0.03642497 0.15549389] [6.1946939e-04 1.1968717e-03 9.9426728e-01 1.3476260e-03 4.0556217e-04
 2.5848570e-04 6.4469106e-04 9.3863480e-04 3.2136316e-04] [1.6689583e-03 3.0678886e-04 4.3291698e-04 7.2674605e-04 5.8229238e-04
 5.9974904e-04 4.3155541e-04 9.2491317e-01 7.0337810e-02] [2.1852674e-04 4.3258746e-04 2.9986654e-04 4.6519024e-04 9.9722111e-01
 4.9395399e-04 3.9200671e-04 2.1718253e-04 2.5960593e-04] [0.00133073 0.00175241 0.0025613  0.0036776  0.00139049 0.9832109
 0.00122778 0.00233606 0.00251274] [0.07210695 0.15609282 0.126738   0.19043955 0.06335767 0.08304241
 0.03243303 0.15745656 0.11833304] [2.6559524e-04 9.9170965e-01 4.4767619e-03 6.3793885e-04 4.2574809e-04
 3.4444805e-04 4.8738738e-04 7.5974053e-04 8.9275232e-04] [0.04610053 0.08008225 0.11691873 0.04345881 0.06550012 0.14264311
 0.05425122 0.03826425 0.41278103] [0.0020859  0.96196854 0.02184432 0.00362499 0.00134004 0.0018522
 0.00257183 0.00345028 0.00126196] [1.2449916e-03 3.8341782e-03 2.4214007e-02 9.6500236e-01 1.0389722e-03
 5.2115414e-04 1.4400894e-03 1.2514709e-03 1.4528140e-03] [0.08097078 0.03213409 0.0834606  0.5339137  0.03841585 0.0625002
 0.05922932 0.02933698 0.08003852] [6.3146913e-04 4.1258303e-04 3.4675156e-04 1.2118948e-03 4.0972832e-04
 9.9157917e-01 1.9629719e-03 8.8963402e-04 2.5558569e-03] [0.03960583 0.04731072 0.02284501 0.15363713 0.07174399 0.2016279
 0.04294937 0.0816606  0.33861944] [5.0183554e-04 7.3644932e-04 2.0440270e-03 8.4711378e-04 5.5672979e-04
 9.9381799e-01 2.9331414e-04 7.3419197e-04 4.6829760e-04] [1.9154730e-04 2.2439744e-04 4.1375356e-04 2.9285063e-04 6.8496971e-04
 8.1301498e-04 9.9509805e-01 2.3634420e-04 2.0450824e-03] [6.3983625e-04 1.7686420e-03 8.9473743e-04 3.8468084e-04 9.9323261e-01
 6.0337380e-04 4.8183024e-04 7.1610673e-04 1.2781619e-03] [0.9705967  0.00283317 0.00533602 0.00151091 0.00153999 0.01072273
 0.00111212 0.00160671 0.00474163] [0.06205441 0.0410356  0.0346836  0.1281225  0.05433011 0.14631674
 0.08291078 0.07374562 0.37680066] [0.00377801 0.00139741 0.00167833 0.9745754  0.00105011 0.00571229
 0.0015554  0.00144008 0.00881301] [1.1638965e-03 9.8595852e-01 5.0043268e-03 4.8137570e-04 8.1720320e-04
 1.0870949e-03 1.5137244e-03 1.2786749e-03 2.6951635e-03] [0.00638807 0.92836213 0.03489469 0.00198495 0.00538052 0.0048701
 0.00651813 0.00708971 0.00451172] [0.0412178  0.08015765 0.0269211  0.1499969  0.07507375 0.14087962
 0.04897469 0.06281149 0.373967  ] [0.00607986 0.00284864 0.97223794 0.00447704 0.0018015  0.00397469
 0.0023849  0.00423883 0.00195656] [0.00602442 0.96637404 0.01479319 0.00166458 0.00105997 0.00477727
 0.0012377  0.00143344 0.00263539] [9.8617667e-01 1.9675081e-03 1.3138655e-03 4.6781041e-03 8.0387859e-04
 1.4620371e-03 1.2387115e-03 1.2817639e-03 1.0774866e-03] [0.00403717 0.00348065 0.00149576 0.01772614 0.00187641 0.00714562
 0.0113779  0.00487452 0.9479858 ] [0.04111591 0.04327456 0.07911558 0.09444083 0.05672246 0.22010534
 0.04821162 0.03118935 0.38582435] [0.04843685 0.07434149 0.05008131 0.14342654 0.05824385 0.03970056
 0.07252066 0.08087057 0.43237814] [1.7883690e-03 1.2862408e-03 1.6536547e-03 5.1506941e-04 4.0437552e-04
 9.2875684e-04 4.3482613e-04 9.9229467e-01 6.9409289e-04] [0.00165749 0.9525561  0.01231295 0.01138267 0.00255411 0.00665158
 0.00175294 0.00197465 0.00915752] [0.01278991 0.00700063 0.01044642 0.22774567 0.0293889  0.57702947
 0.02619081 0.01948358 0.0899246 ] [5.4755702e-04 4.9505453e-04 2.0070409e-03 4.8863224e-04 4.2991727e-04
 7.3703140e-04 2.5657949e-04 9.9494886e-01 8.9279565e-05] [0.00642328 0.907172   0.01505649 0.01032866 0.00606291 0.02576782
 0.00835117 0.00657726 0.01426036] [0.19522521 0.17657928 0.17818542 0.07663196 0.06823158 0.08288144
 0.05637705 0.06689303 0.09899507] [9.1051888e-01 3.9736807e-04 5.8193225e-04 8.6222909e-02 2.7039726e-04
 7.9800724e-04 5.8299524e-04 3.2346026e-04 3.0399783e-04] [0.00391155 0.00888427 0.9298449  0.00709038 0.0059776  0.02130862
 0.00269645 0.00432189 0.01596433] [0.06058348 0.05685176 0.03220189 0.07389513 0.03855333 0.31211007
 0.03531414 0.09815758 0.2923326 ] [9.8979074e-01 1.9650809e-03 7.0009241e-04 3.2057492e-03 9.5501030e-04
 5.4739474e-04 8.9501526e-04 8.9568255e-04 1.0452956e-03] [0.00400359 0.00767183 0.05647188 0.9173819  0.00259879 0.00194507
 0.00276468 0.00372436 0.00343793] [1.0821132e-03 1.7078132e-04 1.0789827e-04 2.5035473e-04 2.6781613e-04
 9.1558410e-04 9.9609792e-01 2.7088809e-04 8.3659281e-04] [6.8078109e-04 9.9018645e-01 6.3439127e-04 5.9329311e-04 6.8935921e-04
 1.1990875e-03 3.9282758e-03 6.3110440e-04 1.4572637e-03] [2.0131059e-03 1.4702678e-03 2.3432395e-03 8.2341221e-04 9.8150408e-01
 6.5260474e-03 1.3632468e-03 1.6760548e-03 2.2805866e-03] [1.7028250e-02 1.3712377e-04 3.8096623e-04 2.0037733e-04 2.2414139e-04
 4.6612191e-04 9.8012537e-01 2.9557958e-04 1.1420755e-03] [2.4700514e-04 5.6903722e-04 7.2950486e-04 5.3285586e-04 9.9652749e-01
 2.5135570e-04 2.5793386e-04 1.6973680e-04 7.1505352e-04] [0.05065956 0.00583038 0.01670229 0.9031023  0.00594287 0.00904316
 0.00347214 0.00341655 0.00183081] [9.7379409e-04 4.5640599e-03 2.2588910e-03 1.3389069e-03 8.3626166e-04
 2.3167755e-03 1.0003537e-03 9.8084372e-01 5.8672777e-03] [1.5186463e-04 2.0218546e-04 1.8293546e-04 4.3122203e-04 1.7981374e-04
 1.4906372e-04 9.9710077e-01 1.9609123e-04 1.4060817e-03] [4.2450719e-04 1.5463536e-04 1.7725887e-04 1.9049700e-04 9.9843532e-01
 2.3793831e-04 1.5913190e-04 1.3383545e-04 8.6859050e-05] [6.1902247e-04 1.4921956e-04 1.3276735e-04 6.1156624e-04 2.8565753e-04
 1.3392868e-03 9.9340254e-01 3.9419762e-04 3.0657866e-03] [3.3750257e-04 1.4187580e-04 1.4595776e-04 4.4910586e-04 2.6897941e-04
 1.0965844e-03 7.5750664e-04 9.9403834e-01 2.7641023e-03] [0.00437413 0.02319875 0.8992621  0.02139697 0.01528282 0.0109436
 0.00512608 0.01601962 0.00439597] [9.8126242e-04 3.9564888e-04 4.4954396e-04 9.2165126e-04 9.6222799e-04
 1.0282836e-03 1.1912553e-03 9.9126875e-01 2.8014011e-03] [3.6418342e-04 7.3615194e-04 6.3772796e-04 7.5280870e-04 2.9936351e-04
 3.9177708e-04 9.9636793e-01 2.5495948e-04 1.9508567e-04] [9.3568285e-04 2.2797596e-03 9.8284870e-01 8.4706536e-03 1.4512311e-03
 1.1768987e-03 9.9423970e-04 1.0479840e-03 7.9482084e-04] [0.00351359 0.0033874  0.00623054 0.010854   0.00641604 0.06578308
 0.6291389  0.00572917 0.26894724] [6.6110661e-04 1.1075485e-03 6.1978004e-04 4.2640753e-04 9.9142402e-01
 2.8378996e-03 1.2375610e-03 7.0086197e-04 9.8485325e-04] [5.2487949e-04 8.8368444e-04 9.6185936e-04 3.9086184e-03 1.8333877e-03
 9.8028576e-01 1.2492874e-03 1.4222793e-03 8.9302640e-03] [0.06595184 0.12487645 0.06217834 0.12888592 0.11250484 0.32026178
 0.06395653 0.10543736 0.01594697] [2.2947510e-04 6.4352667e-04 1.5108462e-04 4.5158691e-04 4.8301500e-04
 1.3015911e-03 5.9391692e-04 9.9312478e-01 3.0211075e-03] [1.0249016e-03 7.4088061e-04 1.0328770e-03 3.1217935e-03 1.1266083e-03
 9.8035908e-01 9.1388787e-04 8.7972515e-04 1.0800212e-02] [4.6183181e-04 4.3282346e-04 6.7578122e-04 5.6419680e-03 6.9965073e-04
 9.8602748e-01 1.1348207e-03 1.1977091e-03 3.7279045e-03] [7.7148649e-04 3.5837169e-03 8.3138776e-04 4.5716125e-04 7.6467649e-04
 2.1488268e-03 6.5073260e-04 9.9054551e-01 2.4652641e-04] [0.01601208 0.00889833 0.02548516 0.0525712  0.01591037 0.07407472
 0.01242814 0.02002756 0.77459246] [1.7289365e-04 1.6590366e-04 3.7656201e-04 7.9382438e-04 6.2578917e-04
 9.2030945e-04 9.9443865e-01 2.0151991e-04 2.3046092e-03] [3.5751454e-04 1.8645398e-04 2.4563109e-04 2.3579007e-04 2.1052037e-04
 1.0184509e-03 9.9639493e-01 2.7271852e-04 1.0780313e-03] [9.97210443e-01 4.89682949e-04 1.19961007e-03 1.41962664e-04
 1.96766792e-04 2.24670381e-04 2.53776234e-04 1.64902900e-04
 1.18245276e-04] [0.1165172  0.0512968  0.03354791 0.08374982 0.0357171  0.57692516
 0.04606749 0.0389568  0.01722172] [9.6567930e-04 9.6416916e-04 9.9286026e-01 9.4344112e-04 6.6694710e-04
 9.5420942e-04 4.2304522e-04 6.0382357e-04 1.6183640e-03] [0.00857571 0.00333853 0.00204634 0.01391673 0.00624335 0.01468605
 0.0068493  0.01296125 0.9313828 ] [7.8423618e-04 9.2774967e-04 5.9813057e-04 9.8665673e-01 7.7769853e-04
 2.0546655e-03 9.6117792e-04 1.1541375e-03 6.0854368e-03] [5.9183093e-04 9.3660853e-04 8.9514215e-04 3.2800416e-04 4.4756252e-04
 8.0847257e-04 3.1246242e-04 9.9405104e-01 1.6288674e-03] [0.8788791  0.00811906 0.05437594 0.00681935 0.00724414 0.00937144
 0.0045552  0.00661177 0.02402404] [2.9231707e-04 2.2850565e-03 2.9285606e-03 3.2669844e-04 5.0211709e-04
 1.1222557e-03 5.7214295e-04 9.8969752e-01 2.2733698e-03] [0.00639323 0.00551228 0.1963612  0.75161844 0.00990652 0.00680802
 0.00457344 0.00744174 0.01138513] [0.00475711 0.0012819  0.00539815 0.96781844 0.00293963 0.00577228
 0.0037263  0.00302258 0.0052836 ] [3.0634561e-04 3.0023960e-04 5.5821001e-04 4.4942152e-04 9.9751472e-01
 1.1567598e-04 3.2786635e-04 2.6079547e-04 1.6678467e-04] [0.01093981 0.01550301 0.00803195 0.00460656 0.00281428 0.00240564
 0.0020114  0.9513753  0.00231205] [0.05434213 0.12137914 0.2976326  0.06310273 0.07908871 0.03819849
 0.06806947 0.10525016 0.17293653] [4.3101082e-04 7.6343800e-04 1.4424325e-03 4.0328194e-04 6.6855235e-04
 8.5350161e-04 3.4165973e-04 9.9475372e-01 3.4237062e-04] [0.15009367 0.09607614 0.11382507 0.08404996 0.10775508 0.20682529
 0.03598323 0.09764642 0.10774513] [9.9414599e-01 1.6650669e-03 1.4544858e-03 4.3725656e-04 4.9174752e-04
 3.4073650e-04 4.1450962e-04 4.8631735e-04 5.6388468e-04] [1.8011124e-04 1.3089515e-03 5.4597697e-04 3.6978393e-04 9.9437582e-01
 9.0470363e-04 4.6322591e-04 6.8228476e-04 1.1691835e-03] [0.04118492 0.22585529 0.05358784 0.09896149 0.0426768  0.0599304
 0.15638559 0.05551455 0.26590312] [1.4280955e-03 1.2751446e-04 4.0508012e-04 2.0445455e-03 9.9373549e-01
 5.6394911e-04 3.3585171e-04 3.6746738e-04 9.9205889e-04] [8.3534070e-04 4.2294789e-04 9.2396047e-05 3.9878809e-03 5.5916345e-04
 9.8591369e-01 1.2818999e-03 5.4076832e-04 6.3659498e-03] [1.5235054e-01 1.6256330e-04 7.8804931e-04 1.0289055e-03 2.0469987e-04
 5.5774685e-04 8.4425026e-01 3.6802312e-04 2.8919469e-04] [2.8338618e-04 5.6033384e-04 2.9713518e-04 1.9756638e-04 1.5055120e-04
 7.0684339e-04 9.9719548e-01 1.6993449e-04 4.3872753e-04] [1.2696746e-03 7.0850095e-03 9.8279309e-01 1.5726412e-03 1.3828591e-03
 1.7503521e-03 8.3166029e-04 1.2880054e-03 2.0266753e-03] [2.2846222e-04 1.7334404e-04 2.5351171e-04 2.1239517e-03 3.2783553e-04
 4.8037057e-04 9.9510276e-01 1.7828120e-04 1.1314015e-03] [9.3446823e-04 4.8166299e-03 3.2759560e-03 3.1277817e-03 8.3245320e-04
 3.4881867e-03 1.6627033e-03 9.8078227e-01 1.0795711e-03] [0.00359864 0.00267621 0.00336057 0.9325112  0.00609746 0.00636131
 0.00852953 0.00217253 0.03469248] [4.2112259e-04 2.9065302e-03 9.8701328e-01 6.8684155e-03 5.8509526e-04
 2.9559314e-04 8.1240496e-04 6.5484265e-04 4.4277596e-04] [9.9226356e-01 1.1458674e-03 1.1073316e-03 1.0117042e-03 8.8930398e-04
 5.6220806e-04 7.6378306e-04 1.4473239e-03 8.0895639e-04] [0.00806722 0.9373293  0.00682057 0.00791071 0.004985   0.00802457
 0.00358357 0.00450819 0.01877091] [2.9764761e-04 1.1245323e-03 7.6109188e-04 7.6858647e-04 9.9334091e-01
 1.8727618e-03 6.2941649e-04 7.1370165e-04 4.9133523e-04] [0.06001716 0.39608788 0.0433568  0.11057192 0.07591622 0.09924871
 0.09296758 0.09678531 0.02504846] [1.5938564e-04 1.3680762e-04 2.2046671e-04 2.5621627e-04 1.4964530e-04
 3.9936192e-04 9.9792188e-01 2.0392754e-04 5.5231457e-04] [9.9716944e-01 6.6590839e-04 2.4391760e-04 1.9985053e-04 2.1981569e-04
 3.9169454e-04 2.8473133e-04 7.0943771e-04 1.1521280e-04]",1 3 5 5 7 4 5 5 3 1 0 3 8 4 8 4 3 5 8 1 0 1 6 0 3 4 1 1 5 7 2 8 8 3 7 4 6 3 4 1 2 0 1 3 0 8 3 8 4 4 6 2 2 2 1 4 3 4 0 5 0 8 2 2 5 7 0 1 8 6 3 6 3 6 4 7 2 7 1 0 4 6 2 1 2 1 1 5 6 8 7 5 0 7 8 7 2 0 6 4 8 6 3 3 4 7 8 6 5 3 2 2 2 0 2 7 0 5 3 2 8 4 5 8 1 8 1 3 2 5 8 5 6 4 0 8 3 1 1 3 2 1 0 8 5 8 7 1 5 7 1 1 0 2 3 0 3 6 1 4 6 4 0 7 6 4 6 7 2 7 6 2 6 4 5 8 7 5 5 7 8 6 6 0 0 2 8 5 7 0 7 3 3 4 7 5 7 5 0 4 8 4 5 6 6 2 6 7 3 2 0 1 4 7 6 0
1468,0,xgboost,0.0,10000,9144,0.8148148148148148,0.9738377700617283,"[6.7668280e-04 7.3811848e-04 3.8317117e-04 2.2925367e-03 7.9068681e-04
 9.9079293e-01 6.8362453e-04 7.4455602e-04 2.8977008e-03] [0.73417366 0.04260728 0.0131192  0.04766009 0.01963714 0.0465365
 0.02483829 0.03392157 0.03750628] [6.7770388e-04 6.0201489e-04 1.9639563e-03 9.9391937e-01 3.2651451e-04
 4.7088650e-04 5.7100481e-04 5.0668354e-04 9.6191023e-04] [0.05724151 0.05316739 0.28936538 0.14929974 0.05481357 0.13875715
 0.0865701  0.10493492 0.06585025] [5.7030737e-04 4.6172499e-04 2.5393011e-04 1.2076844e-03 2.5438191e-04
 7.6710834e-04 9.9372214e-01 4.8833853e-04 2.2743833e-03] [6.4255547e-04 4.3045762e-03 9.8003995e-01 6.6365739e-03 1.0146553e-03
 1.8338993e-03 2.5535605e-03 2.2114245e-03 7.6278322e-04] [0.03986898 0.05770788 0.10278502 0.03358686 0.02152217 0.01799608
 0.04261269 0.04605014 0.63787013] [1.3423986e-03 9.9095005e-01 1.3813155e-03 7.5499993e-04 8.2846137e-04
 6.5617863e-04 1.2937064e-03 7.8364694e-04 2.0092856e-03] [6.2029151e-04 7.7356672e-04 2.1835344e-03 7.6631067e-04 8.7739597e-04
 7.5246568e-04 7.3245162e-04 9.9297488e-01 3.1909416e-04] [1.4967330e-04 3.7563720e-04 5.7406590e-04 6.8483135e-04 9.9735117e-01
 2.6742526e-04 1.5359152e-04 1.9246862e-04 2.5114731e-04] [3.5362659e-04 2.5288900e-04 1.5958046e-03 1.7844643e-04 9.9607050e-01
 2.5589319e-04 3.4937481e-04 6.5916521e-04 2.8430609e-04] [0.01161381 0.03362656 0.01480591 0.8566399  0.00939556 0.02436996
 0.00887924 0.01043724 0.03023176] [0.96134984 0.00841686 0.00838014 0.00295859 0.00226558 0.00353
 0.00239308 0.00438238 0.00632352] [0.03572808 0.09512815 0.19438256 0.02459761 0.03028032 0.0594042
 0.03399725 0.0463096  0.4801722 ] [9.9654859e-01 6.0797326e-04 5.9711473e-04 5.1460008e-04 2.6754051e-04
 2.5602209e-04 6.5107777e-04 3.2455529e-04 2.3259180e-04] [0.04043544 0.10924947 0.05508937 0.09637104 0.08067553 0.04105018
 0.08932225 0.07317892 0.41462776] [0.00133829 0.00342721 0.0025138  0.9361725  0.00180959 0.00579741
 0.00419276 0.00347962 0.04126885] [0.07057128 0.01255047 0.00651504 0.8884895  0.00488986 0.00452903
 0.00283092 0.00382315 0.00580074] [1.8924206e-03 7.2121387e-04 2.1181125e-03 1.2649673e-03 7.9073233e-04
 3.7137463e-04 1.3853521e-03 9.9103057e-01 4.2520423e-04] [0.00390232 0.00428019 0.00876233 0.00322076 0.00420153 0.01258307
 0.01343022 0.9455265  0.00409313] [2.59519857e-03 9.64725435e-01 1.05091520e-02 1.90240156e-03
 2.02109455e-03 8.27984361e-04 3.11344862e-03 1.70538819e-03
 1.25998985e-02] [1.7501421e-03 9.8357338e-01 4.8944908e-03 3.1387492e-03 8.1157801e-04
 2.4367354e-03 1.2188517e-03 1.3130578e-03 8.6308445e-04] [3.4051278e-04 5.3173420e-04 1.2648103e-04 2.0567114e-03 4.8365982e-04
 1.1987346e-03 9.8922652e-01 3.0953903e-04 5.7261586e-03] [0.03028589 0.04418514 0.04870637 0.10334374 0.03515913 0.05390648
 0.03878174 0.04311396 0.60251755] [9.9555141e-01 4.4000728e-04 6.8209349e-04 3.8714605e-04 3.5860413e-04
 9.0819126e-04 4.9620826e-04 3.7030215e-04 8.0599799e-04] [1.59317133e-04 3.22945823e-04 1.12797294e-04 5.38477907e-04
 9.94101703e-01 8.72061471e-04 2.21629351e-04 2.07018107e-04
 3.46407387e-03] [3.7498551e-04 3.8073052e-04 9.9480802e-01 1.1634028e-03 5.2877801e-04
 1.3762811e-03 2.6333341e-04 5.4077979e-04 5.6374568e-04] [3.9805062e-04 5.5953936e-04 4.0366803e-04 4.6517552e-04 9.9427903e-01
 9.4463152e-04 1.1813589e-03 2.6831968e-04 1.5002121e-03] [0.02090296 0.01972115 0.04074382 0.04733561 0.01819389 0.09162028
 0.0264897  0.03075315 0.70423937] [0.00235457 0.97059834 0.00534859 0.0048154  0.00277764 0.00273619
 0.00341347 0.00392972 0.00402609] [5.2691653e-04 1.0803457e-03 4.8093987e-04 1.2601370e-03 5.1779550e-04
 3.7792737e-03 7.9982355e-04 9.8721099e-01 4.3437574e-03] [0.02396169 0.0052108  0.0171135  0.0507312  0.01343457 0.12272787
 0.01754833 0.02171159 0.72756046] [1.3521907e-03 3.1754584e-03 2.8496645e-03 1.5545776e-03 9.8729718e-01
 1.6764014e-03 5.3761533e-04 8.6632732e-04 6.9063180e-04] [0.04437524 0.10002663 0.13491918 0.06162811 0.05211973 0.17941533
 0.13677728 0.12965816 0.16108036] [9.8700953e-01 1.1055932e-03 1.1171688e-03 6.0454481e-03 7.2039227e-04
 4.4284077e-04 9.2259381e-04 1.9882848e-03 6.4811972e-04] [0.02662769 0.01837147 0.02172239 0.06154814 0.01384426 0.03705242
 0.03954298 0.01727555 0.76401514] [0.01868132 0.04201552 0.01744203 0.8081097  0.01925253 0.03673691
 0.01490988 0.02459837 0.01825375] [9.6069169e-01 6.0882829e-03 4.5075389e-03 9.2287490e-04 1.7980427e-03
 3.8969454e-03 1.2058750e-03 4.1610906e-03 1.6727617e-02] [0.06056305 0.1644079  0.42379904 0.08715139 0.05118563 0.04205357
 0.04869143 0.08555053 0.03659747] [4.2675680e-04 3.7649521e-04 2.1786161e-03 9.9354750e-01 7.3574629e-04
 1.1027009e-03 4.1709843e-04 6.4950623e-04 5.6559441e-04] [0.00444438 0.01215893 0.00466266 0.01689008 0.00412866 0.01943179
 0.01004162 0.01018954 0.9180524 ] [9.0489147e-04 4.8112692e-04 5.3472142e-04 2.0470372e-03 7.4851589e-04
 3.1735958e-03 1.5388561e-03 9.6756124e-01 2.3009950e-02] [0.00248942 0.00873508 0.9641301  0.01109777 0.00235284 0.00267128
 0.00425342 0.00304967 0.00122032] [3.7027802e-04 1.2403288e-03 7.5854856e-04 1.5177715e-04 9.9580139e-01
 5.3636904e-04 3.9041557e-04 3.0407016e-04 4.4676536e-04] [1.2434131e-03 9.8745221e-01 1.9110893e-03 7.0746097e-04 1.5270334e-03
 3.5943666e-03 8.5352804e-04 1.2271743e-03 1.4836814e-03] [1.1579032e-04 2.3077647e-04 8.7426211e-05 3.7849520e-04 1.4517044e-04
 5.1313743e-04 9.9236238e-01 1.1790787e-04 6.0488731e-03] [0.01420055 0.0182375  0.02389338 0.02948845 0.01739773 0.04281233
 0.01122374 0.7791034  0.06364288] [9.9617177e-01 1.0311669e-03 1.3328260e-03 2.3336576e-04 3.2383754e-04
 2.0719730e-04 1.6158378e-04 2.9076732e-04 2.4749624e-04] [3.4486951e-04 9.9377477e-01 2.5467214e-03 6.3443976e-04 2.8855656e-04
 7.0085179e-04 3.7927000e-04 7.8106218e-04 5.4947619e-04] [1.6559780e-03 4.1629354e-04 4.2400288e-04 2.0774894e-03 1.0563727e-03
 9.8711812e-01 2.9413560e-03 1.3750499e-03 2.9353637e-03] [0.06473323 0.06476226 0.03565949 0.18198174 0.04412411 0.09641744
 0.19956961 0.04939523 0.2633569 ] [1.1143765e-03 3.8322534e-03 9.8541194e-01 4.7108112e-03 7.1385992e-04
 1.2115242e-03 7.9645496e-04 7.5828168e-04 1.4504488e-03] [0.00539129 0.89258987 0.0188725  0.00455525 0.00658791 0.0454422
 0.00428644 0.00456291 0.01771161] [0.0765025  0.03409793 0.02605247 0.11739437 0.02998951 0.07009947
 0.05133407 0.04890712 0.5456226 ] [1.8331240e-04 3.2528726e-04 2.8024352e-04 5.2086753e-04 9.9567574e-01
 4.1962386e-04 1.9732380e-04 3.6910211e-04 2.0285407e-03] [0.02670299 0.00898739 0.01536441 0.06113192 0.0127894  0.06488454
 0.03597683 0.65824217 0.11592032] [0.00320218 0.00125558 0.00162901 0.955727   0.00238727 0.00775609
 0.01158344 0.00373296 0.01272642] [8.7189866e-04 2.2067653e-03 9.8924607e-01 2.0634662e-03 8.2437956e-04
 6.9053756e-04 7.6056115e-04 2.7762752e-03 5.6000525e-04] [0.03321042 0.08158291 0.04583149 0.02276096 0.02441677 0.208768
 0.02941498 0.03747819 0.5165363 ] [0.91638476 0.02911148 0.00843049 0.01242299 0.00728889 0.00670276
 0.00737346 0.00603359 0.00625159] [0.03783854 0.14163552 0.27978098 0.03714815 0.04593723 0.26516154
 0.04869334 0.04298263 0.10082208] [1.3032757e-03 4.1141636e-03 1.4834915e-03 4.4929832e-03 9.8347855e-01
 1.7881580e-03 1.1909179e-03 1.2299386e-03 9.1847614e-04] [2.9131898e-04 4.8378430e-04 6.0424290e-04 5.5382785e-04 4.6436337e-04
 3.1796531e-04 4.2428114e-04 9.9546754e-01 1.3927103e-03] [1.4172938e-04 1.3022909e-04 6.8700069e-04 1.2937434e-04 1.4590991e-04
 1.1545308e-03 9.9702734e-01 3.6239356e-04 2.2151679e-04] [0.01855833 0.03918525 0.79324496 0.05432541 0.01146136 0.03096559
 0.01606167 0.01630903 0.01988844] [6.1987981e-04 9.8823881e-01 2.0614997e-03 6.9250329e-04 5.6112988e-04
 1.3447616e-03 1.2446267e-03 1.2609467e-03 3.9758342e-03] [1.0029003e-03 9.7909069e-01 2.6795096e-03 1.5213535e-03 9.7801222e-04
 1.0656615e-02 8.2703354e-04 1.1330738e-03 2.1107926e-03] [0.02382774 0.06152894 0.02925516 0.08076821 0.04586929 0.23146565
 0.08439987 0.04283166 0.4000535 ] [3.9937109e-04 9.4421167e-04 1.9842949e-04 1.9897001e-03 9.4140990e-04
 1.8340111e-03 6.4837490e-04 9.8026192e-01 1.2782575e-02] [0.04197585 0.06310917 0.31656823 0.04555679 0.03391499 0.1431181
 0.18812372 0.05944388 0.10818928] [0.04765137 0.20153676 0.41377077 0.0947595  0.03342748 0.05921789
 0.07583123 0.03564969 0.03815536] [0.05200334 0.03796744 0.04530401 0.11254153 0.04653522 0.13609463
 0.05756804 0.0669229  0.4450629 ] [0.07817614 0.345873   0.21117765 0.03219169 0.05896158 0.10890488
 0.04780274 0.07032314 0.04658919] [3.7382275e-04 1.0307240e-03 4.8906449e-04 2.2494142e-04 9.9582028e-01
 5.4081919e-04 4.6631202e-04 4.6952293e-04 5.8450876e-04] [0.06631175 0.1369439  0.39550316 0.08760262 0.05639604 0.10366967
 0.04514477 0.03080606 0.07762206] [6.2470790e-04 2.3508265e-03 2.6627220e-04 4.2995226e-04 1.9646848e-04
 4.7661731e-04 9.9494487e-01 3.2856874e-04 3.8175538e-04] [4.4158846e-04 2.6627269e-04 7.4749737e-04 2.8865091e-03 4.7932606e-04
 1.2191021e-03 9.2400226e-04 9.8914438e-01 3.8912781e-03] [0.05287961 0.04253732 0.06993905 0.38307264 0.0400177  0.10312138
 0.06153316 0.02228786 0.22461127] [7.6125283e-04 1.4940405e-03 9.8765635e-01 1.9832593e-03 9.6036773e-04
 3.3009464e-03 2.2693791e-03 8.5827935e-04 7.1612035e-04] [3.7148848e-04 2.0190526e-03 3.5382257e-04 1.9992786e-04 3.0037094e-04
 2.9144008e-04 2.0474478e-04 9.9577785e-01 4.8132078e-04] [0.03762472 0.01703744 0.01645474 0.01549704 0.01079954 0.09091905
 0.01703928 0.02081865 0.77380955] [0.03507068 0.0185841  0.01893888 0.32790446 0.02520142 0.04556584
 0.04117525 0.04160928 0.44595006] [9.9467999e-01 1.2604403e-03 2.8500406e-04 7.6968758e-04 4.1049000e-04
 6.9477712e-04 3.0502438e-04 5.3757965e-04 1.0570026e-03] [3.1258009e-04 2.0250438e-04 9.5307354e-05 3.2739373e-04 1.8029226e-04
 4.3784981e-04 9.9779969e-01 3.0011896e-04 3.4421560e-04] [5.9872086e-04 9.9182886e-01 1.4565160e-03 1.3123347e-03 6.4803258e-04
 1.4457838e-03 8.6991792e-04 6.5535161e-04 1.1844696e-03] [9.8296583e-01 1.7576860e-03 1.8630693e-03 1.4426514e-03 1.7259081e-03
 3.4978522e-03 1.8300047e-03 8.7958714e-04 4.0374398e-03] [2.9397110e-04 5.0314277e-04 4.5971796e-04 9.9543613e-01 4.5284216e-04
 7.9080969e-04 3.0954156e-04 5.5576483e-04 1.1981251e-03] [1.1802756e-03 7.6754775e-04 2.4323578e-03 9.7591591e-01 1.6453321e-03
 2.1796154e-03 1.0246529e-03 3.6924949e-03 1.1161823e-02] [3.41906183e-04 2.14867832e-04 1.13602706e-04 4.13764355e-04
 9.96141851e-01 8.61776061e-04 3.26993817e-04 4.63757082e-04
 1.12147315e-03] [3.8297303e-04 1.3751233e-03 3.8986671e-04 6.9564424e-04 9.9575716e-01
 5.5230199e-04 3.8725373e-04 1.9164236e-04 2.6805667e-04] [0.00338321 0.94568884 0.00874128 0.00476239 0.00411796 0.00626401
 0.01472557 0.00531594 0.00700079] [4.8131295e-04 2.2171043e-04 1.2661469e-04 3.5456065e-04 2.5412563e-04
 4.4471974e-04 9.9726140e-01 4.6651700e-04 3.8898256e-04] [0.06149007 0.17554972 0.18734951 0.05025226 0.07283208 0.09354233
 0.0615239  0.08732648 0.21013364] [1.2471514e-03 8.8987540e-04 1.7261152e-03 7.8061194e-04 4.6217124e-04
 3.5516995e-03 3.9995011e-04 9.8973173e-01 1.2107270e-03] [6.2027283e-04 1.5869855e-03 1.7156835e-03 1.9249454e-03 1.1722763e-03
 9.8950785e-01 5.7721022e-04 1.2237640e-03 1.6710369e-03] [1.9400147e-03 5.4161493e-03 1.4264740e-02 1.7764281e-03 1.9024371e-03
 3.8679431e-03 2.0744852e-03 9.6786547e-01 8.9239434e-04] [2.2029661e-04 2.3373959e-04 1.5054519e-04 3.0983600e-04 2.9015774e-04
 4.7755369e-04 9.9567056e-01 4.5645973e-04 2.1908064e-03] [9.9636865e-01 7.4564270e-04 4.3309323e-04 5.1765435e-04 3.1585988e-04
 2.9774112e-04 2.5938379e-04 3.5396428e-04 7.0796337e-04] [1.8236417e-04 5.4048799e-04 6.5539317e-04 4.5310255e-05 9.9616480e-01
 3.8611871e-04 3.0470401e-04 2.3874379e-04 1.4821091e-03] [0.003219   0.00297515 0.01559447 0.9579266  0.00270063 0.00653199
 0.00508705 0.00287545 0.00308971] [0.02017741 0.01512205 0.01788932 0.21139884 0.01786898 0.07452921
 0.02410889 0.01626439 0.60264087] [5.9915008e-04 2.2618187e-04 8.3531614e-04 1.6698113e-03 6.2946510e-04
 9.9333477e-01 1.1059579e-03 6.9230603e-04 9.0697105e-04] [9.9802858e-01 2.5567418e-04 2.6666021e-04 2.2504393e-04 1.8576549e-04
 3.7049493e-04 1.7501786e-04 3.3974656e-04 1.5301810e-04] [0.03007606 0.0521898  0.55011535 0.22582784 0.02854905 0.03258975
 0.03240164 0.02933332 0.01891718] [2.0884178e-04 2.5858264e-04 2.5099234e-04 3.0525599e-04 2.9118871e-04
 4.3737414e-04 9.9653900e-01 3.9140027e-04 1.3174339e-03] [0.12262642 0.11271174 0.10359702 0.0966423  0.05524824 0.04577357
 0.07896686 0.06085003 0.32358378] [4.7192813e-04 2.4278142e-04 2.0034998e-04 3.0521012e-04 1.7729182e-04
 3.2288919e-04 9.9399936e-01 3.2629922e-04 3.9538713e-03] [9.9648583e-01 8.0548757e-04 2.5707661e-04 5.1091297e-04 3.1664595e-04
 5.7178107e-04 3.1452387e-04 4.8163539e-04 2.5609168e-04] [5.0374621e-04 2.5271305e-03 2.2706757e-03 7.2793895e-04 7.5968658e-04
 9.9133658e-01 5.6784623e-04 5.1051029e-04 7.9587143e-04] [0.07036721 0.11671957 0.49400768 0.06945591 0.03362612 0.04987517
 0.04069665 0.06882785 0.05642382] [0.06149533 0.07534548 0.5562826  0.09216521 0.05826063 0.06613231
 0.02013147 0.03099631 0.03919067] [2.7908594e-04 1.2236521e-04 1.4723661e-04 3.5016285e-04 1.7308375e-04
 1.2797784e-03 9.9674714e-01 2.2644497e-04 6.7474291e-04] [0.02795982 0.05649782 0.05600374 0.05750788 0.0303191  0.01480866
 0.12470242 0.02043525 0.61176527] [9.8788667e-01 2.9760764e-03 2.3856047e-03 1.2579000e-03 1.0362708e-03
 1.2563948e-03 5.8895134e-04 8.5573987e-04 1.7563868e-03] [0.01065036 0.00573571 0.00643025 0.01444136 0.00650807 0.03439428
 0.00906423 0.01160644 0.90116924] [0.01582367 0.03078486 0.0110805  0.03148897 0.01563966 0.7692595
 0.02855645 0.02161284 0.07575355] [7.4025743e-02 4.2618616e-04 3.9060286e-04 7.0802739e-04 2.7771050e-04
 9.5705612e-04 9.2168975e-01 3.8023162e-04 1.1447101e-03] [0.019131   0.7972861  0.09445347 0.01359273 0.01273503 0.01318031
 0.01010938 0.02233724 0.01717473] [0.00161125 0.01069123 0.01324178 0.95143855 0.0021809  0.00448173
 0.00465898 0.0030645  0.00863109] [0.03335835 0.03943349 0.07332874 0.11751626 0.03939989 0.4140724
 0.04006274 0.05564638 0.18718176] [0.0010477  0.00612609 0.00389332 0.00106993 0.00100493 0.00509298
 0.0019429  0.97723526 0.00258685] [0.03275376 0.02988595 0.0200694  0.05053744 0.02609932 0.10103481
 0.10158114 0.03869342 0.5993448 ] [4.3720979e-04 5.0742913e-04 1.7922890e-04 5.1041256e-04 2.1714762e-04
 1.0312186e-03 9.9535263e-01 3.7375820e-04 1.3909654e-03] [0.05101046 0.02372616 0.10647321 0.06855296 0.07102305 0.19975482
 0.06015247 0.21578671 0.20352015] [0.00460654 0.00418776 0.05567079 0.83372927 0.00438617 0.05474073
 0.00378423 0.00468647 0.03420803] [1.3659289e-03 1.9024784e-03 9.9175537e-01 1.6078393e-03 4.5179419e-04
 3.9829273e-04 1.3088330e-03 5.8805494e-04 6.2135956e-04] [5.9053424e-04 6.1374292e-04 4.0197608e-04 4.7955703e-04 2.4286783e-04
 3.8265175e-04 9.9643874e-01 6.8627240e-04 1.6368816e-04] [0.230805   0.08699257 0.05403284 0.07530848 0.01933317 0.02714718
 0.02139696 0.4401076  0.04487613] [0.07017256 0.21208803 0.09380025 0.03873082 0.09130865 0.24093264
 0.06258168 0.03516774 0.1552176 ] [1.1609502e-03 9.8854369e-01 2.9574544e-03 7.9477247e-04 1.0753389e-03
 2.0324222e-03 8.0086204e-04 1.4127220e-03 1.2217930e-03] [1.5725580e-03 9.8262844e-04 5.7209283e-04 9.3028704e-03 1.3968764e-03
 9.7081941e-01 2.6191860e-03 1.7686317e-03 1.0965730e-02] [0.00544907 0.00466301 0.00372593 0.78076357 0.00744824 0.03125415
 0.00901006 0.00657108 0.1511149 ] [0.10074494 0.06991567 0.05199615 0.10570219 0.02981524 0.20589532
 0.05635227 0.03845032 0.3411279 ] [0.02848106 0.02453207 0.04233881 0.04402872 0.02357578 0.07520673
 0.02325034 0.04167451 0.696912  ] [0.00329415 0.00269815 0.00107245 0.97909033 0.00172708 0.0033937
 0.00362822 0.00121807 0.00387787] [4.8395601e-04 4.4831489e-03 9.8606813e-01 1.2566141e-03 7.6587161e-04
 2.5556483e-03 1.6448235e-03 7.4411457e-04 1.9976604e-03] [0.07512791 0.04430771 0.06165962 0.21081688 0.0659145  0.106613
 0.07234517 0.04696292 0.31625226] [3.3655381e-04 4.2521753e-04 7.8911369e-04 2.5694963e-04 9.9599850e-01
 4.9543456e-04 4.7921264e-04 3.6815848e-04 8.5089181e-04] [9.6937752e-04 9.9057066e-01 2.4940933e-03 3.2861036e-04 6.9823110e-04
 2.1242888e-03 7.3070708e-04 1.1309554e-03 9.5304899e-04] [0.00238627 0.00523216 0.00288798 0.90558326 0.00448374 0.03631108
 0.00411775 0.00517388 0.03382384] [0.01878833 0.07263052 0.62919015 0.08016045 0.0228648  0.03732918
 0.02713366 0.08981515 0.02208777] [0.00272637 0.00503381 0.00162293 0.9734167  0.00183276 0.00975762
 0.00124953 0.00207803 0.00228223] [9.2357100e-04 9.8453331e-01 4.8062420e-03 2.5558863e-03 7.3667383e-04
 1.4928670e-03 1.3141753e-03 1.3770639e-03 2.2601555e-03] [0.00518343 0.02163051 0.00466682 0.9377323  0.0026788  0.00420235
 0.00603667 0.0040505  0.0138186 ] [0.06404649 0.07952191 0.03858332 0.11304726 0.05932555 0.18523568
 0.08423502 0.07649659 0.29950815] [0.06811213 0.07715486 0.06493945 0.21034203 0.04630405 0.15284228
 0.06355897 0.05520849 0.26153773] [0.0013803  0.00384189 0.01560322 0.9603536  0.00236998 0.00754049
 0.00118316 0.00455012 0.00317721] [1.8131072e-04 1.9744052e-04 5.2558719e-03 6.6413399e-04 9.9227661e-01
 4.2038257e-04 1.8962407e-04 2.2392152e-04 5.9074140e-04] [0.00155788 0.00571143 0.00171708 0.00284947 0.00132041 0.00660805
 0.00354847 0.9741553  0.00253189] [0.00357282 0.00153663 0.04285027 0.8789389  0.00186999 0.02817518
 0.00239936 0.00357207 0.03708477] [1.2610247e-04 1.1073750e-04 1.8202710e-04 4.3502348e-04 1.4160638e-04
 7.9197873e-04 9.9746346e-01 1.9897272e-04 5.5012130e-04] [0.01027621 0.03795379 0.7320395  0.11789127 0.01216919 0.03457214
 0.01278344 0.02548685 0.01682757] [6.0104148e-04 3.8467697e-04 7.2669209e-04 3.8091757e-03 5.1190081e-04
 1.7664368e-03 1.4258998e-03 9.8894137e-01 1.8327783e-03] [0.07200874 0.17754251 0.23352483 0.09367665 0.06998299 0.11590786
 0.0605237  0.0978713  0.07896143] [1.2765829e-03 9.9180835e-01 1.1405125e-03 7.8040856e-04 8.2756730e-04
 6.3563354e-04 9.0408354e-04 1.2988847e-03 1.3280198e-03] [0.03148785 0.06718302 0.37939397 0.02959248 0.03138062 0.04110805
 0.05376365 0.05011341 0.31597692] [0.01806088 0.04008074 0.04204547 0.43080437 0.02580912 0.26340917
 0.05535769 0.02985864 0.09457392] [0.00219577 0.00506977 0.01213785 0.0061544  0.00339917 0.96076
 0.0017449  0.00186133 0.00667676] [0.05163443 0.06091399 0.1339161  0.02292293 0.03017226 0.0556065
 0.02794459 0.12183881 0.4950504 ] [0.0350803  0.11060067 0.12734361 0.16491736 0.06525838 0.10213259
 0.05630657 0.09493312 0.24342744] [0.00178328 0.9786388  0.00281674 0.003371   0.0021518  0.00232475
 0.00276231 0.00309443 0.00305686] [0.01386464 0.02346222 0.0378612  0.02183462 0.01601539 0.03639304
 0.01068958 0.78874505 0.05113427] [0.00189075 0.00275107 0.0012177  0.97851074 0.00225488 0.00422011
 0.00249871 0.00343974 0.00321635] [0.09145878 0.02592716 0.03083668 0.3109671  0.11371779 0.09437701
 0.05343556 0.06141689 0.21786305] [9.98645961e-01 1.17883545e-04 2.20547765e-04 8.17407708e-05
 1.78468646e-04 1.00126352e-04 2.26793898e-04 2.13262567e-04
 2.15268330e-04] [9.8654779e-04 9.8430181e-01 3.9324132e-03 3.4112490e-03 1.1139914e-03
 3.2518005e-03 9.1185520e-04 1.1314338e-03 9.5886190e-04] [2.4730811e-04 1.2187748e-03 7.1892428e-04 1.1731706e-03 9.9504638e-01
 9.0457418e-04 2.4384740e-04 1.9179469e-04 2.5519356e-04] [0.03053245 0.0229596  0.03851831 0.08400402 0.02903716 0.07583484
 0.05494529 0.5949529  0.06921547] [0.01996467 0.01185706 0.00878694 0.0329375  0.0132794  0.06114053
 0.03572167 0.03145475 0.7848575 ] [2.5252625e-03 3.5180287e-03 1.6542568e-03 1.8770552e-03 9.8634094e-01
 1.0325443e-03 1.0588625e-03 1.0830429e-03 9.0999622e-04] [2.3103824e-04 5.7470880e-04 5.7333586e-04 4.4367427e-04 3.1291987e-04
 1.3269335e-03 3.7338768e-04 9.9524432e-01 9.1964059e-04] [0.02772075 0.01768014 0.01681757 0.0548346  0.02954005 0.648318
 0.02341695 0.03004519 0.15162674] [0.09655246 0.09682062 0.17315753 0.07010715 0.05316187 0.34912094
 0.04479483 0.07631034 0.03997423] [3.2507069e-04 1.0781379e-03 1.5737496e-04 7.3091610e-04 9.9505460e-01
 2.6722607e-04 3.1323518e-04 5.0446554e-04 1.5689468e-03] [2.7752523e-03 2.0880271e-03 4.9961046e-03 7.2439603e-04 1.7383533e-03
 2.4613531e-03 9.3356438e-04 9.8049164e-01 3.7912913e-03] [2.2315998e-04 3.7508586e-04 1.8427765e-04 4.8640487e-04 3.1674505e-04
 1.1863998e-03 9.9453872e-01 3.3750664e-04 2.3516349e-03] [0.08047999 0.15974393 0.12606485 0.04945118 0.05292672 0.1345368
 0.09243301 0.06611229 0.23825121] [0.9480771  0.00584397 0.01203739 0.00372824 0.00290836 0.01194921
 0.0031284  0.0066154  0.00571193] [2.5193230e-04 6.0543150e-04 3.2474368e-04 1.4899432e-04 9.9767977e-01
 1.3062675e-04 3.2082689e-04 1.3094231e-04 4.0676550e-04] [6.5604143e-04 1.9459770e-03 7.7822269e-04 2.3449024e-03 6.2253303e-04
 8.6566631e-04 9.9104190e-01 8.2858955e-04 9.1614353e-04] [0.04543933 0.05056252 0.02401957 0.555285   0.02451693 0.12080529
 0.02365621 0.05728    0.09843516] [5.7810528e-04 4.8304873e-04 6.0527562e-04 1.9148405e-03 9.8638135e-01
 2.6436571e-03 1.8786550e-03 1.2572403e-03 4.2578927e-03] [1.9779769e-04 2.3441570e-04 2.5112464e-04 1.4643405e-03 2.2342136e-04
 2.8913753e-04 9.9532759e-01 3.1340958e-04 1.6987773e-03] [9.9329513e-01 1.6947790e-03 1.4789301e-03 1.3388514e-03 3.4757133e-04
 3.4430128e-04 2.9223031e-04 5.3718837e-04 6.7095994e-04] [0.01925997 0.01973162 0.04169279 0.011839   0.01424639 0.01299365
 0.85834205 0.01217923 0.00971522] [9.7657919e-01 1.1573073e-03 7.3087210e-04 1.1055954e-03 1.0860952e-03
 5.2424106e-03 1.0521185e-03 1.4930427e-03 1.1553395e-02] [0.05544926 0.21845022 0.33807665 0.0375843  0.08584651 0.04322038
 0.09140608 0.09424183 0.03572479] [0.02856629 0.0622402  0.07067702 0.1180095  0.04565477 0.3185088
 0.05692763 0.05745832 0.24195746] [0.00275795 0.96987444 0.00539447 0.00342504 0.00326584 0.00253849
 0.00348574 0.00327645 0.00598158] [4.1822263e-04 3.8294651e-04 1.0799973e-03 5.6454405e-04 9.9610090e-01
 4.7888199e-04 2.3324817e-04 3.5649838e-04 3.8476993e-04] [7.7449775e-04 5.6269654e-04 7.4335112e-04 9.8804039e-01 4.1759704e-04
 2.3693640e-03 6.9278898e-04 5.6011480e-04 5.8391779e-03] [0.00387158 0.95934284 0.00967634 0.00340854 0.00507353 0.00639169
 0.00398375 0.00645158 0.00180018] [0.0324897  0.04996311 0.03670738 0.20777337 0.0601789  0.17259715
 0.11114832 0.09266795 0.23647408] [4.3022062e-04 8.5873896e-04 1.0732702e-03 4.4721962e-04 5.4864900e-04
 2.2983472e-03 6.2151224e-04 9.9323541e-01 4.8669413e-04] [7.4614637e-04 6.1259135e-03 3.3622871e-03 1.0092066e-03 1.3384621e-03
 4.4889041e-04 4.2341521e-04 9.8425919e-01 2.2864607e-03] [0.00694185 0.0061571  0.90048236 0.00706216 0.00643485 0.00880948
 0.02595253 0.0111487  0.02701093] [0.06576769 0.03860894 0.02799684 0.03587168 0.03076376 0.32956326
 0.05737217 0.03680015 0.37725553] [0.01569055 0.11211061 0.4886342  0.10542294 0.03166482 0.06335559
 0.09560514 0.06288904 0.02462705] [3.6806308e-04 2.5797246e-03 7.5601955e-04 8.0451695e-04 9.9097049e-01
 1.0595178e-03 9.8624465e-04 1.4632330e-03 1.0121383e-03] [0.06289639 0.44228584 0.0519292  0.06821876 0.05450859 0.08204333
 0.07547802 0.0956199  0.06702   ] [0.02728    0.04146949 0.01765884 0.16803001 0.04319477 0.04445925
 0.06105604 0.10248821 0.49436343] [0.01384544 0.02571787 0.02746047 0.03462449 0.01869119 0.11339699
 0.02028185 0.02166974 0.72431195] [0.04065521 0.05675613 0.0357306  0.05423928 0.0407141  0.20371245
 0.05081785 0.08411216 0.4332622 ] [2.1680396e-04 2.5248781e-04 2.1311811e-04 2.7524144e-04 1.8561725e-04
 4.2077032e-04 9.9782205e-01 3.3463561e-04 2.7933600e-04] [0.07903992 0.05053037 0.20224962 0.08929334 0.03820069 0.2743007
 0.04027565 0.06381308 0.16229667] [9.8241341e-01 2.2151116e-03 7.6438081e-03 2.0701636e-03 8.2052674e-04
 1.8223382e-03 7.1515830e-04 1.3062006e-03 9.9323608e-04] [3.1889792e-04 5.3807889e-04 5.9510971e-04 4.5776181e-04 2.6385530e-04
 3.0034006e-04 5.3397095e-04 9.9625969e-01 7.3230948e-04] [4.1343905e-03 9.8621923e-01 2.2112750e-03 7.8040618e-04 4.8029542e-04
 1.2096658e-03 3.3408112e-04 4.3595940e-04 4.1947020e-03] [0.0037175  0.00483915 0.9741975  0.00565567 0.0017993  0.00196482
 0.00195553 0.00292165 0.00294887] [8.4737851e-04 4.5303986e-03 2.0864254e-03 2.1194082e-03 9.8605645e-01
 1.6601232e-03 9.2317601e-04 8.7033521e-04 9.0636022e-04] [0.00177495 0.00268619 0.9843142  0.00421032 0.00140538 0.00145368
 0.00138491 0.00144644 0.00132393] [0.03574985 0.02519867 0.04373997 0.09185465 0.03720777 0.24695942
 0.09972282 0.03700399 0.38256285] [2.6093473e-04 8.5951225e-04 3.0846774e-04 4.5882381e-04 3.5933827e-04
 4.4454445e-04 9.9677175e-01 3.7634381e-04 1.6021267e-04] [1.7690336e-04 8.4002284e-05 2.7575169e-04 7.2126440e-04 2.2002420e-04
 4.9412943e-04 9.9706405e-01 1.5885729e-04 8.0498628e-04] [0.4669829  0.14380454 0.14233664 0.03502999 0.0355302  0.03765823
 0.07378363 0.03424197 0.03063186] [2.0496780e-04 2.4454121e-04 3.2723544e-04 4.0952608e-04 9.9350947e-01
 2.1656565e-03 2.5177834e-04 4.9256161e-04 2.3942059e-03]",5 0 3 2 6 2 8 1 7 4 4 3 0 8 0 5 3 0 7 7 1 1 6 8 0 4 2 4 7 1 7 8 4 8 0 3 3 0 2 3 8 7 2 4 1 6 7 0 1 5 8 2 1 8 4 7 3 2 5 0 5 4 7 6 2 1 1 5 7 1 2 5 0 4 2 6 7 8 2 7 8 5 0 6 1 0 3 3 4 4 1 6 5 7 5 7 6 0 4 0 5 5 0 2 6 0 6 0 5 3 2 6 8 0 8 5 6 1 3 8 7 6 6 6 2 2 6 1 2 1 5 3 4 8 3 2 3 4 1 3 2 5 1 3 8 5 3 4 7 3 6 2 7 1 1 8 5 5 8 5 1 7 3 8 0 1 4 7 8 4 7 8 8 4 7 6 3 0 4 6 3 4 6 0 6 0 2 5 1 4 3 1 5 7 7 2 5 2 4 3 8 8 8 6 5 0 7 1 2 4 2 3 6 6 0 4
1468,1,xgboost,0.0,10000,9144,0.8287037037037037,0.9760561342592593,"[9.9518788e-01 9.7718951e-04 8.1589870e-04 1.1070915e-03 4.1276935e-04
 5.2180950e-04 2.8104862e-04 2.2871132e-04 4.6755635e-04] [0.00187446 0.00211215 0.00327969 0.00122148 0.98426604 0.00289759
 0.00160572 0.00159821 0.00114471] [8.0491590e-01 7.9053611e-04 8.9426135e-04 1.8598671e-01 4.7500111e-04
 5.7351892e-04 4.4736845e-04 5.4302398e-04 5.3736875e-03] [3.6253742e-04 1.0245474e-03 7.6436801e-03 2.3695630e-04 9.8899978e-01
 2.3700399e-04 6.5834855e-04 3.3816785e-04 4.9904932e-04] [0.08745667 0.05786781 0.05396353 0.08817032 0.36651334 0.1669842
 0.03681674 0.0717672  0.07046019] [0.00358145 0.9557155  0.00505963 0.00220313 0.00364723 0.00604825
 0.00318645 0.00572243 0.014836  ] [9.9579817e-01 5.2946241e-04 1.7447441e-03 2.3689627e-04 2.9301786e-04
 5.0673482e-04 2.2267955e-04 3.1529996e-04 3.5302120e-04] [2.0771355e-03 4.1406271e-03 7.1101949e-02 9.1097546e-01 1.7976272e-03
 2.2277390e-03 3.6612991e-03 3.1923016e-03 8.2584657e-04] [9.3988143e-04 2.2034082e-03 8.1437529e-04 7.9900504e-04 4.8496501e-04
 1.1692023e-03 3.5062240e-04 9.9170166e-01 1.5368749e-03] [9.9673933e-01 9.2287851e-04 2.8273941e-04 1.5429336e-04 1.7477961e-04
 8.7438896e-04 2.6140446e-04 4.2504774e-04 1.6517811e-04] [0.10888212 0.09456949 0.22872046 0.20977797 0.03262993 0.06153546
 0.04894342 0.05664985 0.15829135] [0.00172962 0.01736842 0.95840836 0.00369936 0.00266591 0.0067541
 0.00301375 0.00349225 0.00286824] [0.00542456 0.0118669  0.0031403  0.01442855 0.00881774 0.4068144
 0.01470667 0.01268546 0.52211547] [9.9539465e-01 8.3691831e-04 1.0549786e-03 3.2517590e-04 3.1612915e-04
 3.6072487e-04 4.2587236e-04 7.8556221e-04 4.9996696e-04] [2.5738494e-03 2.8104973e-03 1.9623886e-03 1.4316719e-03 1.2222998e-03
 9.8464209e-01 2.5683276e-03 8.2358421e-04 1.9652776e-03] [0.22023872 0.0959198  0.12219567 0.05533472 0.11611879 0.1375172
 0.07279979 0.07915099 0.10072432] [1.3645995e-01 5.8074854e-04 5.8525841e-04 4.5026146e-04 7.4056385e-04
 1.2928244e-03 8.5835540e-01 2.8002841e-04 1.2549523e-03] [0.00384406 0.01761364 0.00713135 0.9370053  0.00783348 0.00954289
 0.00414531 0.00870685 0.0041772 ] [1.9110406e-04 3.6939417e-04 2.7200271e-04 7.6095872e-05 9.9758649e-01
 2.1812659e-04 8.0373418e-04 1.4297017e-04 3.4010134e-04] [7.5196841e-04 9.7249186e-01 6.6328997e-04 2.1276237e-02 8.0709142e-04
 1.0943105e-03 1.1225441e-03 1.1428032e-03 6.4986275e-04] [1.0033861e-03 9.8875612e-01 3.7426942e-03 1.3332737e-03 1.1657034e-03
 1.6997026e-03 8.9894072e-04 6.2924810e-04 7.7088794e-04] [0.94932705 0.00113989 0.0012675  0.00382281 0.00168252 0.0009535
 0.00255198 0.00205825 0.03719653] [1.1181189e-04 2.7464217e-04 1.7611866e-04 4.3145634e-04 1.7737474e-04
 1.5236312e-03 9.9613672e-01 6.2521768e-04 5.4298149e-04] [1.0001817e-03 3.5429807e-04 5.4731243e-04 8.1036356e-04 9.9579227e-01
 5.6699174e-04 1.7051054e-04 1.7900617e-04 5.7899352e-04] [0.0618253  0.06510293 0.0875012  0.27961046 0.09931348 0.13237852
 0.05646864 0.06686421 0.15093525] [9.9217987e-01 1.2707557e-03 1.0546063e-03 5.8285979e-04 5.4607604e-04
 1.0306428e-03 1.6825212e-03 7.5973949e-04 8.9291285e-04] [1.1138406e-04 2.6964393e-04 8.2330997e-05 3.0075820e-04 2.8817629e-04
 6.1458792e-04 9.9778074e-01 1.8737242e-04 3.6507391e-04] [0.00614888 0.00920123 0.00669504 0.00914399 0.00256284 0.00381444
 0.00218658 0.95513654 0.00511042] [0.94358444 0.01212135 0.01362676 0.00479624 0.00739003 0.00266646
 0.00773603 0.0043811  0.00369762] [4.5508074e-04 9.9440694e-01 5.1318359e-04 2.1837794e-03 4.3706590e-04
 3.1185104e-04 6.6953653e-04 6.0843735e-04 4.1410825e-04] [0.01674804 0.03597977 0.01396857 0.03251122 0.01197614 0.08929837
 0.7719842  0.008503   0.01903072] [0.00152318 0.003612   0.42636585 0.54925406 0.00264041 0.00372671
 0.00237583 0.00442557 0.00607639] [9.9527895e-01 5.2342954e-04 1.2072122e-03 8.7819184e-04 4.3913658e-04
 5.6045339e-04 2.2522816e-04 4.0022467e-04 4.8720324e-04] [0.08171526 0.05607881 0.07554616 0.2660979  0.06198391 0.19238897
 0.12858915 0.03102991 0.10656991] [9.2120585e-04 7.7589107e-04 9.8715860e-01 2.1881037e-03 9.4118371e-04
 4.8267664e-03 1.1150307e-03 6.2505959e-04 1.4481322e-03] [0.00245133 0.00555028 0.9794404  0.00132055 0.00254875 0.00252214
 0.00272489 0.00158422 0.00185749] [0.07841931 0.09841362 0.05441681 0.2829133  0.07008258 0.06778947
 0.09216958 0.1402665  0.11552885] [0.01667576 0.03299599 0.0250273  0.07453673 0.03529745 0.26444608
 0.05517239 0.08250188 0.41334647] [6.2020257e-04 1.0411772e-03 3.9169681e-04 5.5265508e-04 3.7963665e-04
 5.6446291e-04 9.9496800e-01 7.4919447e-04 7.3300168e-04] [4.4112292e-04 4.6764963e-04 4.9277482e-04 1.2042562e-03 3.7095754e-04
 2.0799825e-03 2.6271798e-04 9.8715067e-01 7.5298469e-03] [2.7614087e-04 4.8276325e-04 4.1978594e-04 2.8984281e-03 4.1934615e-04
 4.5916731e-03 9.8991150e-01 3.8676069e-04 6.1363349e-04] [0.01607494 0.01932037 0.01965293 0.05194809 0.03750783 0.10790134
 0.03087417 0.10729644 0.60942394] [6.4669421e-04 9.9157891e-04 4.4061241e-04 1.1932418e-03 4.2565542e-04
 1.0842811e-03 3.3844874e-04 9.9471021e-01 1.6925333e-04] [0.02847154 0.04036807 0.04387895 0.05931296 0.02622891 0.10742728
 0.04744208 0.04448151 0.60238874] [0.0221709  0.02193142 0.03231066 0.03225059 0.03414757 0.0980905
 0.05257655 0.05610965 0.6504122 ] [3.8736666e-04 5.3270994e-04 5.3372903e-04 2.2212989e-04 2.5244511e-04
 2.8453686e-04 9.9729174e-01 2.1465559e-04 2.8068578e-04] [0.00596841 0.00683054 0.94795585 0.00483028 0.00329459 0.00550046
 0.00968344 0.00896481 0.00697161] [9.9704927e-01 7.7784824e-04 4.0969811e-04 2.6584222e-04 1.8322596e-04
 2.8314334e-04 2.3656091e-04 3.8318208e-04 4.1119746e-04] [1.6760830e-03 9.7412604e-04 9.6649560e-04 1.7317351e-03 1.4067586e-03
 9.7312939e-01 1.0227376e-03 9.6828450e-04 1.8124430e-02] [7.5850054e-04 1.4596330e-03 5.5417937e-04 5.5854768e-04 7.5510010e-04
 7.8087894e-04 4.3908943e-04 9.9400550e-01 6.8864727e-04] [2.1767812e-03 1.5105987e-03 2.6948086e-03 1.5571672e-03 8.1444922e-04
 9.8625988e-01 1.0970123e-03 1.4552453e-03 2.4339869e-03] [0.00223284 0.0044311  0.24615717 0.7321717  0.00191235 0.00413698
 0.00434281 0.0023978  0.00221721] [0.00388405 0.00990797 0.00905657 0.9560349  0.00376392 0.00201529
 0.00235895 0.00213254 0.01084578] [2.4790806e-04 3.6893587e-04 8.9855781e-03 9.8824072e-01 4.5024054e-04
 3.6909548e-04 2.5416899e-04 3.5626348e-04 7.2717125e-04] [0.00836723 0.01287499 0.94205916 0.0051414  0.00503486 0.00504736
 0.00577501 0.00819401 0.00750602] [0.00548923 0.00612501 0.9417667  0.02437315 0.00427225 0.003412
 0.00469889 0.00551501 0.00434769] [0.00214545 0.00224088 0.00161453 0.00112069 0.00178256 0.980656
 0.00175199 0.0024873  0.00620056] [9.9302542e-01 8.4108271e-04 1.3033755e-03 4.8729716e-04 6.2538782e-04
 1.4951032e-03 3.4628899e-04 8.7193563e-04 1.0041709e-03] [5.9358694e-04 2.7284918e-03 8.9009601e-04 2.1926588e-03 1.0064528e-03
 4.9224854e-03 7.9596177e-04 9.8652297e-01 3.4730986e-04] [1.5578464e-04 2.6238104e-04 1.2384054e-04 1.1253110e-03 4.0633717e-04
 6.0477358e-04 9.9361503e-01 5.4650183e-04 3.1599780e-03] [0.09046531 0.20048596 0.20262726 0.09697857 0.05341809 0.06379589
 0.05153468 0.06817893 0.17251527] [5.2914192e-04 4.6448738e-04 5.6020333e-04 2.8603087e-04 9.9463344e-01
 1.1980812e-03 5.2200339e-04 5.1272119e-04 1.2938734e-03] [1.7554538e-04 2.1805805e-04 2.4477678e-04 3.8302017e-04 2.7060800e-04
 1.4372643e-03 9.9535179e-01 2.6315066e-04 1.6557212e-03] [3.4953776e-04 6.4830692e-04 6.0737028e-04 1.3441496e-03 6.9579948e-04
 9.7548896e-01 4.8876274e-04 2.3377487e-03 1.8039363e-02] [0.00828653 0.00766621 0.00757449 0.04368263 0.00966967 0.02586525
 0.87671864 0.00840039 0.01213618] [9.9192250e-01 1.8035553e-03 1.3218141e-03 1.8504459e-03 5.0227396e-04
 4.3793287e-04 6.2980736e-04 8.5927435e-04 6.7243708e-04] [0.02610075 0.03505811 0.03154223 0.15588783 0.06321429 0.20161681
 0.03827339 0.05065223 0.39765432] [0.05054064 0.04454375 0.03266893 0.06907164 0.0268653  0.01752583
 0.05509281 0.02816432 0.67552674] [0.08177096 0.11452743 0.08849724 0.08737802 0.04539553 0.2933536
 0.04418691 0.12381265 0.12107763] [9.8930067e-01 2.3474891e-03 1.4897767e-03 4.8381745e-04 7.5412972e-04
 1.6799138e-03 1.4845306e-03 1.4511957e-03 1.0084786e-03] [1.6027066e-03 1.4963201e-03 3.2514401e-03 9.7164357e-01 9.4908965e-04
 2.7266457e-03 1.1521393e-03 5.0493125e-03 1.2128772e-02] [1.0653657e-03 9.8043436e-01 2.3798938e-03 4.4087325e-03 8.5442729e-04
 2.3853402e-03 3.8038464e-03 2.8478396e-03 1.8201908e-03] [3.1311036e-04 4.6737050e-04 4.6761814e-04 9.0087508e-04 6.0726079e-04
 4.2719228e-04 3.3098841e-04 9.9630618e-01 1.7942372e-04] [3.7019595e-04 1.0463801e-03 7.2683801e-04 2.8734556e-03 9.9364847e-01
 2.2365960e-04 4.7319033e-04 4.6475572e-04 1.7303294e-04] [9.9448037e-01 1.1357424e-03 7.9353596e-04 3.5641436e-04 7.1620679e-04
 4.8917602e-04 3.9027838e-04 9.1241451e-04 7.2585681e-04] [5.4573157e-04 1.0187483e-03 1.6290812e-03 1.6966230e-03 9.9242580e-01
 7.2391593e-04 9.3855924e-04 3.3888544e-04 6.8268162e-04] [0.00261562 0.00671058 0.00379523 0.00653569 0.00571252 0.00513649
 0.00510098 0.9615281  0.00286477] [1.7318541e-04 8.3564781e-05 7.7655081e-05 8.0509210e-04 1.8073642e-04
 5.3325080e-04 9.9692094e-01 2.8709389e-04 9.3847845e-04] [3.7554587e-04 4.1400205e-04 3.1149472e-04 1.1476907e-03 5.6883664e-04
 2.5362999e-03 7.3595380e-04 9.8647839e-01 7.4317362e-03] [5.3619929e-03 1.2162452e-03 8.7260455e-04 2.9768187e-04 1.0444042e-03
 1.2384086e-03 4.4323578e-03 9.8352295e-01 2.0133618e-03] [0.00399051 0.00297836 0.0089521  0.00597089 0.0022945  0.96042156
 0.00578576 0.0036005  0.00600589] [9.8644012e-01 2.1778892e-03 3.2949436e-03 6.0874870e-04 1.9956448e-03
 1.8309162e-03 6.5226416e-04 1.4229759e-03 1.5764432e-03] [0.02228112 0.0482331  0.81100327 0.01830998 0.01535281 0.01121289
 0.01526871 0.02195057 0.03638761] [0.00192002 0.00247435 0.00358813 0.9619592  0.00243974 0.00817295
 0.00688702 0.00328323 0.00927545] [1.1092005e-03 9.9237835e-01 4.8793727e-04 6.6311128e-04 8.8468689e-04
 1.2533853e-03 6.2215998e-04 8.8464975e-04 1.7164944e-03] [3.5635941e-04 4.4067044e-04 4.9743615e-04 3.7884694e-03 6.8541791e-04
 2.0621265e-03 3.0653141e-04 9.9071699e-01 1.1459729e-03] [0.13496536 0.15645117 0.09711431 0.22485432 0.05119087 0.1266666
 0.05967372 0.08496947 0.06411421] [2.8938160e-04 5.8859598e-04 6.0894998e-04 6.4996985e-04 9.9633491e-01
 5.4063339e-04 2.5893803e-04 3.2314018e-04 4.0543039e-04] [0.00634873 0.00657013 0.00316532 0.00244706 0.00134896 0.9697777
 0.00283644 0.00543387 0.00207179] [0.05424968 0.10736015 0.04104117 0.16572684 0.03737725 0.27991945
 0.06461695 0.06027902 0.1894295 ] [6.9413026e-04 9.7679161e-04 7.5264205e-03 5.4396514e-04 9.8674577e-01
 7.2826724e-04 8.6545426e-04 6.7694491e-04 1.2422825e-03] [0.0098824  0.00365584 0.00703289 0.9412299  0.00223214 0.01613994
 0.00841242 0.00518304 0.00623138] [9.8296875e-01 1.8187497e-03 3.5102868e-03 2.5827149e-03 9.7003777e-04
 1.4139598e-03 2.1107707e-03 9.9455798e-04 3.6301750e-03] [0.00457833 0.00962802 0.23202838 0.72904795 0.00780499 0.00324186
 0.00538112 0.0051927  0.00309664] [0.02446161 0.0388964  0.6790361  0.12499718 0.03172581 0.02061714
 0.01656209 0.05075381 0.01294989] [0.88553965 0.0228908  0.03429369 0.00791158 0.00920201 0.00791599
 0.00886808 0.01019912 0.01317908] [1.2588598e-03 9.7534978e-01 1.3079440e-02 1.1499308e-03 1.1549038e-03
 9.5419376e-04 2.1277596e-03 3.3003949e-03 1.6247079e-03] [5.2588253e-04 7.5103913e-04 5.0360005e-04 3.5677777e-04 9.9618298e-01
 3.8634936e-04 3.6861459e-04 2.8283880e-04 6.4191187e-04] [0.3583135  0.20266682 0.07390685 0.05906635 0.05506069 0.0360954
 0.11187958 0.08333198 0.01967883] [1.1971478e-03 1.7251541e-03 6.7725405e-04 3.6918358e-03 7.9696521e-04
 7.7663525e-04 9.0331590e-04 9.8837912e-01 1.8525746e-03] [0.1125261  0.1483431  0.06798605 0.04124713 0.06034587 0.18265523
 0.0883721  0.07477573 0.22374871] [2.1996673e-03 9.8888808e-01 1.8895643e-03 2.6312869e-03 6.9113733e-04
 8.7738171e-04 1.0607889e-03 7.6431053e-04 9.9773810e-04] [0.00285617 0.00277976 0.9437602  0.0125114  0.0032114  0.00548276
 0.00543364 0.00451675 0.01944785] [0.9239423  0.01742561 0.01497234 0.00954956 0.00227448 0.00843656
 0.0027557  0.00537608 0.01526737] [7.9595280e-04 2.6288524e-04 4.4116069e-04 1.7721020e-03 9.9460864e-01
 3.5920483e-04 1.1088029e-03 3.5086693e-04 3.0031626e-04] [8.3855231e-04 9.6745288e-01 1.7224826e-02 3.2136354e-03 2.4837358e-03
 3.5798384e-03 2.2063581e-03 1.7303855e-03 1.2697774e-03] [3.8386125e-04 2.6813429e-04 4.1477519e-04 3.5688659e-04 3.0123728e-04
 1.3686434e-04 9.9780923e-01 1.5932175e-04 1.6965262e-04] [0.04183311 0.05041307 0.02853753 0.06058523 0.03332454 0.35941568
 0.10381477 0.07007888 0.25199717] [0.08136807 0.10850401 0.05947062 0.15216698 0.08119883 0.12176476
 0.14272536 0.11621062 0.13659073] [0.07273208 0.41518068 0.05144961 0.08028273 0.10736142 0.06414309
 0.0713782  0.05286077 0.08461143] [0.08445559 0.05456544 0.54660183 0.0727518  0.04208285 0.03463812
 0.03233011 0.03934336 0.09323085] [0.00196485 0.01016152 0.96792585 0.00623262 0.00147032 0.00554614
 0.00126786 0.00168652 0.00374424] [0.00155303 0.00132538 0.98749346 0.00124791 0.00132013 0.00181802
 0.00151713 0.00157526 0.00214963] [4.3432156e-04 3.2629413e-04 3.0006608e-04 8.4540929e-04 9.3855069e-04
 9.9447215e-01 3.3111943e-04 5.0719816e-04 1.8449556e-03] [0.06196626 0.08107711 0.04320301 0.26858917 0.03393962 0.19580331
 0.12059262 0.0505983  0.14423056] [0.04986399 0.05393019 0.04342303 0.1799091  0.06515394 0.39022666
 0.05166882 0.08880375 0.07702053] [1.7689459e-04 1.9249876e-04 1.6056348e-04 5.9466169e-04 2.1024329e-04
 3.7564084e-04 9.9753487e-01 2.3598198e-04 5.1867758e-04] [0.9838125  0.00153549 0.00248846 0.00100586 0.00111213 0.0053474
 0.00103403 0.00231016 0.00135396] [0.00168764 0.00148478 0.00102372 0.00390709 0.00195373 0.02828791
 0.00342471 0.9459255  0.01230491] [0.02451632 0.03171584 0.01182211 0.04975518 0.02440797 0.1901237
 0.02734198 0.04230445 0.59801245] [4.0877350e-03 1.1909314e-03 7.0135639e-04 9.7230148e-01 2.8996556e-03
 1.4924605e-03 1.2267943e-03 2.2217168e-03 1.3877843e-02] [6.3761079e-04 9.9225086e-01 3.6566455e-03 5.8148516e-04 5.7562807e-04
 5.9375999e-04 4.1621062e-04 9.0345764e-04 3.8432062e-04] [1.5736451e-04 3.0575017e-04 1.5431843e-04 1.2550614e-03 2.9827526e-04
 4.1754186e-04 9.9544215e-01 5.5462343e-04 1.4148913e-03] [0.00187239 0.00408969 0.00667735 0.00464048 0.00293833 0.9637007
 0.00251915 0.00167302 0.0118889 ] [0.44805598 0.06987878 0.12856641 0.08015567 0.02186033 0.11261511
 0.0374419  0.05906389 0.04236192] [0.02384296 0.03952592 0.02114452 0.01381076 0.01459051 0.02164422
 0.02763471 0.7962765  0.04152991] [2.9212576e-03 1.5878757e-03 2.6788847e-03 9.2815253e-04 7.7012356e-04
 1.0597872e-03 1.3617123e-03 9.8704416e-01 1.6480169e-03] [0.00746246 0.01851174 0.00891429 0.01423257 0.0071717  0.01515396
 0.00945221 0.02267717 0.89642394] [9.6967106e-04 7.8616349e-04 8.7789987e-04 1.3872198e-03 5.4859248e-04
 9.9174225e-01 6.2940118e-04 6.0196617e-04 2.4568092e-03] [0.00858767 0.01095168 0.01872598 0.01209287 0.01399399 0.01239411
 0.01237063 0.9000964  0.01078664] [0.05546781 0.06451251 0.08747706 0.07253504 0.06385786 0.09592316
 0.17949875 0.14073518 0.23999271] [0.11604746 0.09519558 0.13327304 0.11816324 0.08154189 0.09563782
 0.08850695 0.0547554  0.21687864] [0.00342891 0.00687308 0.9306265  0.00562753 0.00560283 0.00644078
 0.02934269 0.00707577 0.00498192] [0.05785187 0.02628234 0.01952036 0.079454   0.0447419  0.20333669
 0.10834213 0.06131235 0.3991584 ] [1.3752768e-03 9.8037922e-01 7.2801765e-03 2.1589559e-03 2.0917428e-03
 1.2263339e-03 1.9714779e-03 8.4677414e-04 2.6700129e-03] [0.06799708 0.07439467 0.5556208  0.02649893 0.01983769 0.02912419
 0.01917411 0.06225328 0.14509924] [0.11527761 0.11713583 0.11965369 0.03397207 0.07587957 0.24652381
 0.15390758 0.08439519 0.05325469] [5.0600577e-04 7.1931502e-04 7.5548992e-04 1.7537520e-03 1.0962513e-03
 5.0893347e-03 9.8283635e-04 9.7822410e-01 1.0872925e-02] [0.0017417  0.00347151 0.00144817 0.00158263 0.00139529 0.98635256
 0.00131065 0.00124515 0.00145235] [3.5046524e-04 2.0168179e-04 1.6863378e-04 7.5154525e-04 3.9324167e-04
 2.1766103e-03 9.9424618e-01 2.2889380e-04 1.4828194e-03] [0.01276938 0.04531052 0.05543216 0.06283613 0.0176854  0.05541153
 0.03236646 0.03156684 0.68662155] [0.1457545  0.0790003  0.23637019 0.14368671 0.04483231 0.08909342
 0.05490983 0.11089327 0.09545949] [2.6595124e-04 2.5845188e-04 1.7235155e-04 8.5827766e-04 9.9188423e-01
 1.9204031e-03 1.9282899e-04 3.9284999e-04 4.0546115e-03] [3.2374088e-04 3.9918322e-04 3.1402142e-04 3.3579560e-04 9.9736869e-01
 4.0606692e-04 1.2056646e-04 1.9982662e-04 5.3210295e-04] [0.01314369 0.00773206 0.02090875 0.37474883 0.01788054 0.09209105
 0.0145184  0.01908066 0.43989605] [5.5238896e-04 1.4446535e-03 9.8324871e-01 3.4936122e-03 4.9243070e-04
 7.6886005e-04 1.5292999e-03 1.0457084e-03 7.4242894e-03] [1.4846252e-03 3.0171529e-03 9.8194629e-01 7.9210112e-03 9.4774959e-04
 1.5393776e-03 7.9020462e-04 9.3530427e-04 1.4183122e-03] [0.05362887 0.01638203 0.03238858 0.11638041 0.02661855 0.04958713
 0.03317611 0.02940699 0.6424314 ] [0.03030773 0.09825338 0.06911277 0.04029914 0.03605561 0.06752816
 0.08188193 0.05375225 0.522809  ] [9.5186906e-04 1.4752779e-03 4.6270168e-03 1.2632718e-03 9.8447073e-01
 8.0952508e-04 1.6320839e-03 2.2915239e-03 2.4787537e-03] [0.08234818 0.11189668 0.21222475 0.05812122 0.07870927 0.07645091
 0.0698179  0.11042861 0.20000252] [4.0909890e-04 9.8613009e-04 4.2757457e-03 9.9008560e-01 4.9095450e-04
 1.5628579e-03 5.4922537e-04 8.5540081e-04 7.8505126e-04] [1.1159882e-03 7.0066244e-04 5.5727512e-03 9.7338742e-01 1.1932113e-03
 9.8022586e-03 1.7759791e-03 1.3971261e-03 5.0546085e-03] [1.2275213e-03 2.1856071e-03 3.0857585e-03 8.1269100e-04 9.7380631e-04
 2.2120115e-03 1.3589159e-03 9.8607546e-01 2.0682751e-03] [9.8697507e-01 1.3607965e-03 8.9287059e-04 6.8885175e-04 1.2275537e-03
 1.6009357e-03 2.5414566e-03 1.7655081e-03 2.9469326e-03] [0.73556733 0.03133569 0.05119594 0.03510857 0.01754143 0.03756678
 0.02129864 0.02672779 0.04365778] [1.2789288e-04 2.6168494e-04 2.0645301e-04 7.2540290e-04 6.5627537e-04
 1.3444659e-03 9.9285287e-01 1.6902207e-04 3.6559026e-03] [2.9312333e-04 6.4840831e-04 1.0144704e-03 2.0372275e-04 9.9601692e-01
 4.1244752e-04 3.2137777e-04 3.0779585e-04 7.8174495e-04] [4.8740389e-04 2.3431266e-03 5.9254147e-04 1.4127421e-03 3.5787292e-04
 1.1871536e-03 7.0476584e-04 9.9236238e-01 5.5195810e-04] [1.1225861e-03 6.2748190e-04 1.2655638e-03 1.7449087e-03 9.8583972e-01
 2.5748874e-03 7.5953087e-04 6.6650024e-04 5.3987368e-03] [0.08549892 0.11930858 0.11365189 0.03988246 0.0322722  0.22778751
 0.0263324  0.04225485 0.31301123] [0.02213067 0.02844027 0.0222309  0.05176927 0.01782804 0.40653074
 0.02201839 0.01898356 0.41006812] [0.0060109  0.00957874 0.95006293 0.01297479 0.00291186 0.00561321
 0.00335834 0.00498626 0.00450297] [7.1684527e-04 6.3636870e-04 7.7092316e-04 2.9023362e-03 9.4923697e-04
 9.9023485e-01 8.0468017e-04 1.0179379e-03 1.9668629e-03] [0.00246383 0.0025218  0.986482   0.0013703  0.00124403 0.00158601
 0.00117704 0.00208059 0.00107442] [5.0048850e-04 3.6457230e-04 3.7951465e-04 1.6125105e-03 9.8566520e-01
 1.8316968e-03 1.5928429e-03 1.3901690e-03 6.6630435e-03] [9.9620312e-01 8.1864116e-04 6.8414147e-04 5.6669180e-04 2.2991194e-04
 3.5376308e-04 2.0403910e-04 4.6568582e-04 4.7404057e-04] [0.00527216 0.00881875 0.00316602 0.9161606  0.01080402 0.01952854
 0.00760174 0.01011278 0.0185354 ] [0.00167648 0.01011774 0.00295762 0.917662   0.00488475 0.0179477
 0.00622847 0.02624078 0.01228442] [4.9361476e-04 5.9622340e-04 5.0830125e-04 1.0500223e-03 9.9631810e-01
 1.8629975e-04 2.3391815e-04 2.2779340e-04 3.8569048e-04] [0.98044443 0.00574508 0.00304498 0.00359886 0.00126778 0.00101502
 0.00222579 0.00136395 0.00129415] [5.4961268e-04 9.9384439e-01 1.1073439e-03 9.7092649e-04 2.2242835e-04
 2.2819722e-03 3.2014507e-04 3.0048273e-04 4.0268319e-04] [0.00227204 0.00205362 0.0030052  0.974767   0.00140568 0.00278394
 0.00286852 0.00241866 0.00842536] [0.07359416 0.06591196 0.11832518 0.04951665 0.04899383 0.03170595
 0.17254966 0.18413487 0.25526768] [0.00321818 0.00253181 0.09969673 0.8826525  0.00131494 0.00232508
 0.00204583 0.00201443 0.0042004 ] [0.06018252 0.08071838 0.03457465 0.15292825 0.04343411 0.11336263
 0.05207661 0.06556825 0.39715463] [0.06147312 0.03170567 0.010181   0.05502185 0.02293435 0.5708836
 0.01962112 0.04558831 0.18259104] [2.2360201e-03 1.5361479e-03 2.9670857e-03 8.8201783e-04 9.8702919e-01
 1.9856323e-03 1.0559220e-03 5.3707074e-04 1.7708866e-03] [0.03398885 0.03332035 0.0222155  0.39874548 0.04104193 0.20552951
 0.05568652 0.07573223 0.13373965] [3.3446040e-04 3.6395501e-04 5.1621598e-04 1.9254330e-04 9.9631763e-01
 1.3046173e-03 2.4354497e-04 3.1397570e-04 4.1301647e-04] [3.2721393e-04 9.8869205e-01 8.7937349e-03 5.0999684e-04 3.7102672e-04
 3.2685086e-04 3.0666403e-04 5.2062725e-04 1.5179768e-04] [6.0094794e-04 1.9120146e-03 9.1805978e-04 2.3763156e-03 1.7532125e-03
 9.8427528e-01 1.7730704e-03 2.2109402e-03 4.1801268e-03] [5.2000856e-04 6.1387790e-04 3.1199277e-04 4.2802384e-03 1.2252160e-03
 3.5020416e-03 7.6670223e-04 9.3192852e-01 5.6851417e-02] [2.8117395e-03 9.8987865e-01 2.0420363e-03 1.3932228e-03 7.6340011e-04
 4.0866833e-04 8.6765864e-04 6.6115940e-04 1.1734227e-03] [2.9827264e-04 4.2132218e-04 6.6946488e-04 3.4603893e-04 2.6365128e-04
 2.1691210e-04 9.9721587e-01 3.3055688e-04 2.3783997e-04] [3.6216533e-04 8.1864046e-04 8.9350273e-05 3.3984813e-04 2.5366311e-04
 1.3795573e-03 9.9590307e-01 3.0915620e-04 5.4461672e-04] [1.3455492e-04 1.8062451e-04 1.9720207e-04 2.3972602e-03 1.2308879e-04
 8.6520944e-04 9.9287570e-01 1.3405782e-04 3.0923735e-03] [2.3807566e-04 3.2373995e-04 4.9734238e-04 1.1888219e-03 6.3605228e-04
 7.8423496e-04 4.1869702e-04 9.9014521e-01 5.7678563e-03] [0.04981362 0.12874281 0.13981016 0.0546988  0.05003472 0.40577105
 0.04376261 0.03551949 0.09184673] [0.00374773 0.00375413 0.00420888 0.00610712 0.00239984 0.01058405
 0.00538731 0.00495168 0.95885926] [2.0079107e-03 5.4582651e-04 1.1590564e-03 9.9101591e-01 4.3496545e-04
 8.6216524e-04 6.3558371e-04 1.3495918e-03 1.9889099e-03] [0.07028061 0.09669206 0.07054292 0.16434646 0.05260404 0.06010128
 0.03836284 0.0989333  0.34813648] [0.00581229 0.01475304 0.94673306 0.00613395 0.00324991 0.00871248
 0.00489802 0.00357879 0.00612842] [0.05014847 0.110727   0.09993083 0.30115572 0.09773862 0.09716523
 0.05571324 0.09085136 0.09656952] [1.3193563e-03 5.6190568e-04 7.2832004e-04 2.9136592e-03 9.8890406e-01
 1.3699019e-03 4.3874668e-04 2.0490498e-03 1.7150064e-03] [0.00566509 0.9549987  0.00810019 0.0129094  0.00320314 0.00222636
 0.00202232 0.00332959 0.00754529] [0.07159728 0.06530666 0.05696435 0.2947559  0.0451986  0.25991836
 0.05132151 0.03815172 0.11678562] [7.9986011e-04 1.4160246e-03 2.5243559e-03 9.8899674e-01 6.0437736e-04
 6.9913833e-04 1.5357402e-03 1.2242582e-03 2.1995390e-03] [0.1133625  0.180393   0.04461471 0.07243056 0.08760394 0.03444508
 0.05968675 0.27933455 0.12812895] [6.1988580e-04 9.7783608e-04 5.2595711e-03 9.8744863e-01 1.0037387e-03
 8.3812507e-04 9.5402834e-04 2.2880887e-03 6.1015843e-04] [0.16446266 0.11760375 0.10440233 0.06370248 0.05467912 0.21725693
 0.09143708 0.096016   0.09043965] [0.01987956 0.01161756 0.01047957 0.0441411  0.01628585 0.565766
 0.0140103  0.01834465 0.29947537] [0.01179672 0.03135743 0.01386556 0.095712   0.01464411 0.0247616
 0.0210731  0.02746186 0.7593276 ] [0.00766081 0.0055635  0.00591445 0.03129807 0.00487233 0.01255346
 0.00884511 0.88697493 0.03631734] [0.0648066  0.03901078 0.03380422 0.1294552  0.03895226 0.07977526
 0.02538876 0.04773405 0.54107285] [0.00430506 0.9624524  0.01928624 0.00272642 0.00151668 0.00157819
 0.00168437 0.00195783 0.00449279] [3.6584263e-04 5.8244175e-04 7.1520259e-04 1.8658108e-03 4.3790371e-04
 6.8107657e-03 1.4568747e-03 9.8035151e-01 7.4136928e-03] [1.5964994e-04 7.1071641e-04 3.6895068e-04 3.0415942e-04 9.9622774e-01
 2.6322954e-04 1.6793162e-04 1.2778350e-03 5.1978510e-04] [5.6240230e-04 7.6795748e-04 3.4250945e-04 3.8867633e-04 4.2843580e-04
 6.4281188e-04 3.8012711e-04 9.9613512e-01 3.5203906e-04] [0.10479389 0.01126454 0.0222642  0.04163638 0.0201061  0.22404414
 0.02056594 0.03081131 0.5245135 ] [0.02548656 0.04148908 0.04660117 0.11799802 0.03008273 0.1280799
 0.03328883 0.02726978 0.54970396] [5.2789366e-04 3.0488198e-04 1.4530222e-03 4.7024025e-04 9.9233139e-01
 1.2569732e-03 2.4934739e-04 4.8057153e-04 2.9256486e-03] [0.03894613 0.02934278 0.01159621 0.07951872 0.01919077 0.23072621
 0.04441022 0.03253383 0.5137351 ] [7.9116540e-04 9.8390943e-01 3.8666569e-03 1.0746359e-03 1.3162728e-03
 3.8021458e-03 1.8447905e-03 1.2090028e-03 2.1859719e-03] [1.7093695e-04 3.4284245e-04 4.5076539e-04 1.3713654e-04 1.7765311e-04
 1.0763784e-04 9.9829012e-01 1.3187714e-04 1.9099060e-04] [0.05985464 0.11780612 0.10663358 0.11439984 0.03985945 0.12229706
 0.19863568 0.14240418 0.09810942]",0 4 0 4 4 1 0 3 7 0 2 2 8 0 5 6 6 3 4 1 1 8 6 4 3 0 6 7 0 1 6 3 0 5 2 2 3 6 6 7 6 7 7 8 5 6 2 0 5 7 5 2 2 3 2 2 5 0 7 6 1 4 6 5 6 0 8 8 5 0 3 1 7 4 0 4 7 6 7 7 5 0 2 3 1 7 5 4 5 3 4 0 0 3 2 0 1 4 1 7 1 1 2 0 4 1 6 3 8 1 2 2 2 5 6 8 6 0 7 8 5 1 6 5 0 7 7 8 5 7 5 2 2 5 1 2 5 7 5 6 8 0 4 4 8 2 2 8 8 4 6 3 3 7 0 1 6 4 7 4 2 8 2 5 2 4 0 3 3 4 0 1 3 3 3 8 3 4 5 4 1 5 8 1 6 6 6 7 5 8 3 8 2 1 4 1 8 3 1 3 3 8 8 7 8 1 7 4 7 8 8 4 3 1 6 5
1468,2,xgboost,0.0,10000,9144,0.8240740740740741,0.9759837962962964,"[5.4542697e-04 5.5494078e-04 9.3189062e-04 9.8696238e-01 3.7285808e-04
 5.1389118e-03 9.2613138e-04 8.4123411e-04 3.7262170e-03] [4.5171622e-04 2.6449366e-04 1.6337135e-04 9.4801601e-04 4.9028307e-04
 9.3207270e-04 9.5061801e-04 9.8867166e-01 7.1278159e-03] [0.01872733 0.04226043 0.0203682  0.08945078 0.03015524 0.16982679
 0.0394353  0.06393056 0.52584535] [9.9900493e-04 5.1097269e-03 4.0239706e-03 1.1797436e-03 5.5991096e-04
 8.1185380e-04 5.7858147e-04 9.8505300e-01 1.6842388e-03] [9.9312830e-01 1.3069796e-03 3.2597754e-04 1.7535272e-03 2.6554405e-04
 8.9111138e-04 3.4185845e-04 4.5931942e-04 1.5274006e-03] [7.8460894e-04 1.2093736e-03 9.9543625e-01 3.4978020e-04 3.4710453e-04
 1.1376963e-03 3.2364810e-04 1.7210357e-04 2.3947048e-04] [1.3930602e-01 1.3500512e-04 3.3664561e-04 3.3079996e-04 2.1265713e-04
 1.1417426e-03 8.5707992e-01 2.8370391e-04 1.1734886e-03] [2.27183555e-04 7.43492448e-04 6.46370056e-04 1.02054255e-04
 9.97087181e-01 2.40293957e-04 2.11925450e-04 5.66915318e-04
 1.74567191e-04] [1.51328422e-04 4.05517087e-04 1.15419425e-04 2.72210920e-04
 2.60525208e-04 4.48216539e-04 9.96752799e-01 2.69872195e-04
 1.32409704e-03] [1.2841702e-03 1.6197347e-03 2.6107495e-04 3.7793117e-03 9.0110593e-04
 5.8426782e-03 1.3356556e-03 9.8393309e-01 1.0432148e-03] [0.0144526  0.02250051 0.8641845  0.01493722 0.01080182 0.0239689
 0.01697173 0.01931925 0.01286346] [9.9605101e-01 9.2722481e-04 1.9045903e-04 9.2044655e-05 3.2782229e-04
 1.0914735e-03 4.0180414e-04 7.6279498e-04 1.5540056e-04] [0.0646207  0.21763642 0.2542025  0.08608709 0.1835943  0.04042118
 0.03764853 0.07097885 0.04481043] [0.00711184 0.01476706 0.00449614 0.0148166  0.00795709 0.01024396
 0.8772067  0.03403259 0.02936805] [0.1317624  0.06647457 0.11079738 0.07061186 0.04944026 0.17633076
 0.10841412 0.13603093 0.15013771] [9.9560529e-01 3.4232991e-04 1.2055991e-03 1.8009625e-04 2.9209629e-04
 5.5482442e-04 2.0899542e-04 4.3282521e-04 1.1778864e-03] [0.14039546 0.17647956 0.07509911 0.06586062 0.06028054 0.33391517
 0.04074943 0.06927864 0.03794141] [0.08804805 0.47337204 0.08378981 0.0593364  0.04552971 0.05990702
 0.05179642 0.08745169 0.05076889] [2.7484601e-04 7.4604806e-04 5.2043167e-04 4.1712192e-04 2.9556549e-04
 5.8269530e-04 9.9534190e-01 1.6694309e-03 1.5199195e-04] [0.09264676 0.18663636 0.15471399 0.06114075 0.06950707 0.11186545
 0.07704453 0.21644792 0.02999719] [1.6751449e-03 1.1207990e-03 6.9973385e-04 9.3976432e-01 1.2546703e-03
 3.1031452e-03 1.6556974e-03 2.2612060e-03 4.8465300e-02] [2.5751891e-03 1.9013133e-03 1.3633368e-03 2.0520987e-03 3.5159022e-03
 2.3032643e-03 4.8178082e-04 9.8409677e-01 1.7103882e-03] [6.6183897e-04 1.6447748e-03 1.0699145e-03 3.8990355e-04 9.9216652e-01
 2.0697196e-03 4.8678837e-04 7.5911696e-04 7.5139501e-04] [0.00218294 0.00897754 0.97472286 0.00393217 0.00210679 0.00202464
 0.00170331 0.00312618 0.00122357] [0.00331045 0.0203536  0.95479494 0.00848098 0.00263306 0.00247058
 0.00238438 0.00281748 0.00275448] [0.00378719 0.0132113  0.9628608  0.00575253 0.00226228 0.00463809
 0.0022738  0.00264838 0.00256564] [4.7860981e-04 2.2335534e-03 4.3398011e-04 2.1578003e-04 9.9440503e-01
 6.4913539e-04 5.8230868e-04 7.0873281e-04 2.9280974e-04] [9.7802503e-04 8.4402581e-04 9.1166608e-04 2.2641357e-04 9.9423379e-01
 1.2934491e-03 4.5897509e-04 3.4029601e-04 7.1337714e-04] [8.1211567e-04 3.7819599e-03 9.8730856e-01 2.7408856e-03 8.1683369e-04
 7.5170270e-04 1.8513032e-03 1.0282380e-03 9.0842688e-04] [0.0058659  0.00393514 0.5490324  0.4229188  0.00357714 0.00325324
 0.0031522  0.00532347 0.00294174] [0.00704138 0.82092935 0.10988297 0.00316511 0.00650294 0.02384284
 0.01124903 0.00878447 0.00860195] [0.00724212 0.00682138 0.02142633 0.90031785 0.00417862 0.04040139
 0.01183263 0.00541643 0.00236322] [9.9623764e-01 1.0721140e-03 4.1439137e-04 6.0453080e-04 2.8073665e-04
 5.6748261e-04 2.8246481e-04 2.4853987e-04 2.9205024e-04] [0.00273684 0.00535616 0.00645944 0.95712596 0.00246265 0.00667032
 0.00305331 0.00463182 0.01150354] [1.8479778e-04 4.7588153e-04 3.0583228e-04 9.9635822e-01 2.2380121e-04
 4.7649367e-04 6.4635283e-04 3.4566518e-04 9.8296988e-04] [1.3418855e-03 9.8393691e-01 6.3488702e-03 6.9558970e-04 1.0640700e-03
 1.8468047e-03 7.4077694e-04 1.8487944e-03 2.1763602e-03] [1.3846380e-03 9.8455727e-01 6.1810999e-03 8.4990083e-04 8.8295079e-04
 2.4602185e-03 9.5908233e-04 1.0354158e-03 1.6893964e-03] [0.00631309 0.9529511  0.02098222 0.00313459 0.0027705  0.00276873
 0.00376636 0.00331509 0.00399841] [9.9452776e-01 9.6366968e-04 6.0185947e-04 5.0369406e-04 4.3419053e-04
 3.7292921e-04 1.0051469e-03 1.1079421e-03 4.8274710e-04] [0.01217835 0.01761516 0.01018161 0.6496392  0.00880663 0.04985898
 0.03987047 0.01433792 0.19751172] [0.11434704 0.13279507 0.10288483 0.08129675 0.07988562 0.14221795
 0.22271742 0.08092792 0.04292735] [1.3203479e-03 6.1293587e-04 8.8059704e-04 9.6278195e-04 1.2332360e-03
 9.8168176e-01 1.4438080e-03 1.3620439e-03 1.0502519e-02] [2.2766300e-04 5.6457781e-04 1.0883041e-03 5.1340822e-04 9.9571830e-01
 7.8792026e-04 3.7477515e-04 4.9259502e-04 2.3240557e-04] [5.7861494e-04 5.0824019e-04 7.0257881e-04 3.6965709e-03 6.2996655e-04
 2.9151496e-03 1.9888943e-03 9.8632866e-01 2.6513189e-03] [0.00337862 0.00496341 0.9719297  0.0031599  0.00170784 0.00283682
 0.00674916 0.00319185 0.00208272] [8.7915623e-04 5.8526488e-04 6.9465814e-04 1.6640542e-03 8.3837489e-04
 9.8456895e-01 7.4939028e-04 1.6790580e-03 8.3410675e-03] [2.61625450e-04 1.53295288e-04 1.16952695e-04 3.29432689e-04
 9.97009397e-01 9.15118377e-04 3.16763995e-04 5.09435020e-04
 3.87980952e-04] [3.9633010e-02 1.3002002e-04 1.8381281e-04 5.5937743e-04 3.3387810e-04
 1.0866019e-03 9.5588839e-01 5.6224893e-04 1.6226756e-03] [0.04409938 0.07523378 0.081846   0.0451251  0.06462023 0.03893014
 0.05621502 0.06407015 0.5298602 ] [0.00421895 0.00363475 0.00377103 0.00854312 0.00458889 0.00816755
 0.94715405 0.00409883 0.01582287] [0.02549968 0.01435433 0.0296889  0.02774744 0.02241434 0.05687111
 0.03518753 0.03100803 0.7572286 ] [6.2144065e-04 6.0741877e-04 3.4821601e-04 1.6369072e-03 3.4502478e-04
 4.8202267e-03 8.7531557e-04 9.8597240e-01 4.7730603e-03] [0.12311482 0.23140816 0.10363486 0.14481844 0.05200492 0.07602624
 0.11833288 0.06277845 0.08788119] [0.01026411 0.01131781 0.01324183 0.08720412 0.01291218 0.074144
 0.04408045 0.01180876 0.7350267 ] [0.03993488 0.03472925 0.0327771  0.04004055 0.02683211 0.09463706
 0.03624387 0.0579103  0.63689494] [0.00351013 0.00505857 0.003779   0.00616743 0.00465653 0.00325911
 0.00421011 0.96416193 0.00519723] [0.00122835 0.98420376 0.00382481 0.00123245 0.00160098 0.00126981
 0.00270958 0.00230238 0.00162784] [0.03297362 0.04742791 0.02185506 0.3060921  0.03202124 0.1866561
 0.06150214 0.03622784 0.27524394] [0.01213414 0.00844797 0.00352898 0.01796608 0.00607418 0.03717118
 0.00702848 0.00602453 0.9016245 ] [6.8824989e-04 1.4919195e-03 6.6176482e-04 5.5609387e-04 9.9530292e-01
 1.4930425e-04 3.5818174e-04 5.6095643e-04 2.3059442e-04] [2.9411490e-04 3.8117834e-03 5.8249972e-04 4.4429384e-04 9.9361199e-01
 3.9610860e-04 4.0355269e-04 3.2422133e-04 1.3140668e-04] [0.0104569  0.02130816 0.01049324 0.00338622 0.00543453 0.02968688
 0.00600273 0.9057126  0.0075187 ] [5.8245327e-04 4.1904469e-04 1.5244274e-04 9.4086683e-04 3.6057070e-04
 5.8038500e-03 9.9006337e-01 4.1475875e-04 1.2626317e-03] [0.01184336 0.01522093 0.24728335 0.6737523  0.00978932 0.01542628
 0.00519227 0.01195574 0.00953643] [0.68322057 0.03685589 0.2066428  0.00440044 0.01080756 0.03061527
 0.01344974 0.00649418 0.00751352] [0.02488508 0.04807636 0.77164817 0.01613452 0.02111503 0.04222882
 0.01302098 0.03896875 0.0239223 ] [0.01833208 0.02443838 0.83161384 0.01017737 0.0128777  0.05402608
 0.00680205 0.02751668 0.01421583] [1.7218256e-03 9.7224867e-01 1.8021766e-02 2.3089778e-03 1.0165328e-03
 2.5755425e-03 6.4676342e-04 8.5472525e-04 6.0526008e-04] [6.2029954e-04 5.7914166e-04 9.9448133e-01 7.1835885e-04 5.7583005e-04
 1.3520267e-03 5.5362802e-04 6.4096972e-04 4.7847559e-04] [5.5687799e-04 5.9246540e-04 3.8148797e-04 3.7879546e-04 4.2526779e-04
 2.0359068e-04 2.1813241e-04 9.9691403e-01 3.2936819e-04] [9.9625188e-01 6.3661736e-04 6.2859576e-04 6.3863472e-04 3.2140789e-04
 4.4270890e-04 2.6404831e-04 3.6370335e-04 4.5238412e-04] [3.0799303e-04 8.6037960e-04 3.6814579e-04 5.5206072e-04 2.4193217e-04
 9.5872913e-04 9.9576950e-01 3.0193225e-04 6.3933805e-04] [0.00117337 0.00162981 0.00100363 0.00501597 0.00174023 0.9780568
 0.00372969 0.00224803 0.00540253] [8.6859806e-04 1.2701177e-03 1.4061723e-03 7.6069206e-04 1.2158224e-03
 6.0190185e-04 1.1915794e-03 9.8576295e-01 6.9222208e-03] [0.02139919 0.02150021 0.03315757 0.04908847 0.02628478 0.0670754
 0.0464637  0.02920695 0.7058237 ] [2.5880005e-04 3.7654143e-04 2.9431007e-04 1.2679662e-03 2.6045201e-04
 2.9508029e-03 9.9351597e-01 1.8611962e-04 8.8905141e-04] [9.9198663e-01 1.3630082e-03 1.1450817e-03 5.0045620e-04 1.1690704e-03
 1.0559520e-03 7.9828512e-04 9.1566192e-04 1.0658851e-03] [7.0459343e-04 1.3918154e-03 7.1754737e-04 4.0255635e-04 5.0964969e-04
 6.0156424e-04 4.0073617e-04 9.9480093e-01 4.7065649e-04] [3.4418091e-04 1.6952660e-03 2.0806631e-03 4.3258749e-04 7.3153054e-04
 5.9013983e-04 2.3230891e-04 9.9309230e-01 8.0101687e-04] [3.8320820e-03 9.6093357e-01 2.4318727e-02 1.8844754e-03 8.5131917e-04
 2.9682268e-03 9.7541785e-04 2.5265261e-03 1.7096831e-03] [1.3267300e-03 2.2238957e-02 9.6974194e-01 9.3638769e-04 1.0514644e-03
 9.0229727e-04 8.5379370e-04 1.1763450e-03 1.7720760e-03] [0.01594447 0.89878714 0.02076463 0.01326638 0.00763404 0.01121022
 0.01282603 0.01300206 0.00656496] [1.1159268e-03 1.3884774e-03 2.2876887e-03 3.7948648e-04 8.1668212e-04
 4.0968516e-04 4.3979811e-04 9.9283350e-01 3.2877168e-04] [9.9499041e-01 5.8642431e-04 1.1190567e-03 4.6802338e-04 4.4455074e-04
 4.5755832e-04 3.5560649e-04 9.2900556e-04 6.4938591e-04] [0.14077863 0.15834533 0.20749429 0.06092747 0.05821091 0.09770584
 0.07007875 0.05507915 0.15137963] [0.09636847 0.14182049 0.03293192 0.0487577  0.05266479 0.46336946
 0.04218016 0.05721823 0.06468876] [0.921088   0.00350798 0.00500893 0.00430536 0.00236262 0.00276912
 0.0023613  0.00282715 0.05576951] [0.09681475 0.20345885 0.11447769 0.14815317 0.10826408 0.11203218
 0.07506113 0.08773713 0.05400103] [2.7230725e-04 5.3824368e-04 2.2395786e-03 2.1290417e-04 1.9365281e-04
 7.8391447e-04 9.9490005e-01 3.3400871e-04 5.2540837e-04] [6.6881650e-04 8.8805641e-04 4.0109036e-04 2.4664914e-03 3.5732449e-04
 9.7243907e-04 9.9332434e-01 4.7615898e-04 4.4533456e-04] [1.3564668e-03 3.3362606e-03 1.1485734e-03 9.4920426e-04 4.7350829e-04
 3.4232787e-04 8.4604684e-04 9.9072963e-01 8.1798749e-04] [9.9567503e-01 9.3435956e-04 2.5081923e-04 7.0875225e-04 4.0469886e-04
 2.9140053e-04 5.1646045e-04 4.6543387e-04 7.5304747e-04] [2.7393561e-04 1.0653622e-03 6.0611294e-04 3.3982671e-04 9.9495751e-01
 1.8302023e-03 3.2123929e-04 2.1259121e-04 3.9318914e-04] [4.5091627e-04 6.4005604e-04 2.9028507e-04 5.7269563e-04 9.9684590e-01
 2.8157484e-04 3.4562038e-04 3.7004231e-04 2.0291988e-04] [0.01179533 0.5999317  0.26331863 0.07497483 0.00739162 0.00691497
 0.00562395 0.02216698 0.00788202] [0.9573112  0.01060202 0.00447759 0.0031042  0.00426602 0.00407314
 0.00567339 0.004383   0.00610944] [9.9294365e-04 1.1470115e-03 1.2009396e-03 5.3188956e-04 1.0093843e-03
 3.2923257e-03 7.7561935e-04 9.8956746e-01 1.4824349e-03] [0.06428498 0.0305374  0.55228394 0.07177772 0.04151291 0.01616224
 0.02446093 0.03899675 0.15998314] [0.00114105 0.00146206 0.00121019 0.00097507 0.00104492 0.00940473
 0.00157996 0.9574851  0.02569691] [0.00225029 0.00296349 0.00936786 0.8551652  0.00473897 0.04551904
 0.00476031 0.00602183 0.06921305] [1.1139492e-03 9.8651809e-01 3.9661266e-03 9.3868712e-04 1.0748479e-03
 7.4737176e-04 1.3681479e-03 2.2811892e-03 1.9915565e-03] [2.4910583e-04 6.9200192e-05 1.3795123e-04 3.6851602e-04 9.3624643e-05
 5.9230294e-04 9.9691439e-01 2.4038709e-04 1.3344800e-03] [0.01348276 0.8940373  0.03998515 0.0053559  0.00734718 0.01100087
 0.0149954  0.00935904 0.00443636] [0.02704643 0.02094275 0.01506107 0.10879537 0.02258946 0.36615953
 0.10986745 0.02874473 0.30079323] [0.01546205 0.01756961 0.00782945 0.8227676  0.0080673  0.07517479
 0.0124489  0.01045334 0.03022694] [0.86314684 0.01843359 0.04216723 0.01747161 0.00859443 0.00921134
 0.00615961 0.01838725 0.01642813] [5.1813247e-04 6.3862611e-04 1.2475642e-03 8.2980643e-04 9.9359596e-01
 2.1276082e-04 4.0654547e-04 8.2129100e-04 1.7293448e-03] [0.03395517 0.01109034 0.02636004 0.06812741 0.02409108 0.48040035
 0.07865382 0.07556203 0.20175977] [0.00105538 0.00281909 0.9878564  0.001034   0.0015082  0.00173788
 0.00100026 0.00139258 0.00159625] [5.6049740e-04 1.7832763e-03 1.0046823e-03 2.9313093e-04 9.9117696e-01
 3.4206659e-03 4.6840357e-04 5.3225696e-04 7.6019618e-04] [0.08950222 0.08622505 0.16409406 0.03596265 0.05520187 0.17295466
 0.15721607 0.1321676  0.10667578] [0.04648569 0.22478363 0.12086652 0.02933219 0.03952711 0.20791042
 0.0369323  0.06107049 0.23309164] [1.5369851e-04 1.9650879e-04 1.4758435e-04 4.1261347e-04 2.2112754e-04
 2.4130929e-03 9.9531317e-01 4.7401339e-04 6.6822191e-04] [1.7106607e-04 4.6990198e-04 1.6585257e-04 1.6101958e-04 9.9732494e-01
 3.6027774e-04 4.3346387e-04 4.4031409e-04 4.7310421e-04] [0.1230996  0.24295473 0.2358155  0.11597459 0.07431564 0.07340726
 0.05230941 0.04298346 0.03913978] [0.02743564 0.01810708 0.01287987 0.04002723 0.02574165 0.07995725
 0.05572385 0.02368874 0.7164387 ] [7.2881195e-04 9.0982462e-04 9.2529738e-04 8.9733285e-04 6.0455181e-04
 9.8644280e-01 1.2024003e-03 7.0379215e-04 7.5851800e-03] [0.03942066 0.03020256 0.05652652 0.07833541 0.06324656 0.23050651
 0.0730892  0.04291628 0.38575634] [0.13660383 0.03938679 0.04379221 0.1135809  0.04545789 0.08553671
 0.05440759 0.04766623 0.43356788] [1.3152980e-03 5.8177104e-03 9.8481452e-01 1.4236487e-03 1.5104766e-03
 1.8108251e-03 1.0643789e-03 1.4291968e-03 8.1394048e-04] [2.8957351e-04 2.7849741e-04 2.6413208e-04 1.0885291e-03 3.9627479e-04
 2.3319835e-03 9.9463862e-01 3.7073874e-04 3.4170182e-04] [0.00681352 0.8636825  0.07045654 0.00568039 0.0071423  0.02001657
 0.00800264 0.00719684 0.01100865] [9.4058964e-04 1.1167180e-03 6.1639451e-04 6.1182026e-04 9.9261272e-01
 4.5915367e-04 7.7297486e-04 4.7266806e-04 2.3969328e-03] [5.5302726e-04 1.0307616e-03 4.4109623e-04 4.3547442e-03 7.4735156e-04
 9.8438728e-01 8.8361837e-04 1.3890091e-03 6.2130960e-03] [0.10366438 0.06865209 0.30320397 0.06073314 0.0362675  0.21977462
 0.04538266 0.12137832 0.04094335] [0.03159178 0.03454426 0.01965847 0.10820185 0.02578831 0.04636849
 0.01970129 0.05397683 0.6601687 ] [0.00419764 0.0060747  0.04028371 0.85292614 0.0043697  0.03641382
 0.0074128  0.01347013 0.03485136] [0.004368   0.96684575 0.00209483 0.00210365 0.00298881 0.00172149
 0.00268658 0.01598868 0.00120223] [0.9612595  0.00656074 0.01281761 0.00109533 0.0016995  0.00217348
 0.00158495 0.01143152 0.00137732] [0.00286087 0.0042328  0.00318821 0.8579744  0.00326708 0.06905313
 0.01815555 0.00398483 0.03728312] [9.9568009e-01 7.6141773e-04 6.1869802e-04 7.7197223e-04 4.0117028e-04
 1.6924590e-04 3.6636199e-04 5.1423523e-04 7.1679527e-04] [0.11032338 0.24925242 0.05532503 0.07617335 0.03815464 0.31843776
 0.03911395 0.04391875 0.06930074] [1.9222990e-04 3.1106058e-04 6.1378320e-04 8.1144698e-04 1.9551181e-04
 4.8523210e-04 9.9561846e-01 7.4521982e-04 1.0270497e-03] [3.8651782e-04 3.0254963e-04 3.6252779e-04 1.2026971e-03 4.9203768e-04
 9.9413174e-01 6.5550866e-04 5.8592908e-04 1.8804395e-03] [0.21503618 0.17555593 0.11288261 0.10705664 0.04678338 0.04623029
 0.04752707 0.07158212 0.17734578] [6.2855764e-04 1.0364606e-03 4.7255866e-02 9.4612283e-01 4.8385019e-04
 5.9926929e-04 5.8315758e-04 1.1734047e-03 2.1165635e-03] [1.0015791e-03 6.6998886e-04 8.3685666e-04 2.9774830e-03 1.0719403e-03
 3.9788354e-03 1.4210948e-03 9.7852176e-01 9.5204012e-03] [0.09056965 0.2437367  0.14474027 0.09404779 0.05822803 0.07050839
 0.03324509 0.18843997 0.07648406] [0.03228909 0.01587591 0.83445054 0.01806625 0.01376795 0.05237551
 0.01022563 0.01432691 0.00862214] [0.03249865 0.08368878 0.0486108  0.02328946 0.04138384 0.06281985
 0.18452512 0.04426214 0.47892138] [0.00108046 0.00447785 0.00120936 0.00421175 0.00219035 0.9815027
 0.00144298 0.00098614 0.00289837] [0.01503719 0.01545584 0.00649705 0.03014877 0.00900954 0.01465787
 0.00847529 0.00911289 0.8916056 ] [1.7173664e-03 7.0799631e-04 4.7691818e-03 2.3217180e-03 9.8624527e-01
 6.5011880e-04 1.4265873e-03 1.3330111e-03 8.2873780e-04] [1.8261431e-03 9.9275416e-01 1.7798897e-03 5.2391924e-04 6.9776975e-04
 8.6480082e-04 4.7359502e-04 7.6428533e-04 3.1544635e-04] [0.01518939 0.05333173 0.7754004  0.04681785 0.02352013 0.04309956
 0.01434799 0.01352936 0.01476362] [0.02398416 0.02435099 0.01631772 0.04642273 0.02729159 0.20750447
 0.03858519 0.04699143 0.5685517 ] [7.0713309e-04 1.1703046e-03 7.2608434e-04 1.0735099e-03 9.8897845e-01
 2.0230792e-03 1.4756611e-03 9.1671594e-04 2.9290738e-03] [0.01997241 0.04196668 0.74304706 0.02380847 0.01960801 0.02459051
 0.03013986 0.04719089 0.04967611] [0.35812455 0.2035713  0.03987226 0.04798511 0.06617656 0.04451732
 0.07704903 0.0601511  0.10255278] [2.2382791e-04 4.1062618e-04 1.9817615e-04 1.3120634e-04 9.9793977e-01
 2.3040106e-04 2.7256680e-04 3.0226930e-04 2.9116176e-04] [9.9200785e-01 7.9189037e-04 2.2692932e-03 8.4964494e-04 6.0330657e-04
 1.8930986e-03 3.0522759e-04 6.1400188e-04 6.6563202e-04] [1.3822425e-03 9.4667403e-04 2.4461972e-03 1.0553915e-03 1.4177508e-03
 2.8890700e-03 1.3583014e-03 9.8619276e-01 2.3115415e-03] [0.0499735  0.01465464 0.03874424 0.04765094 0.02557071 0.03905833
 0.05147475 0.03062421 0.70224863] [0.00351494 0.96500653 0.01132184 0.00445617 0.00258957 0.0021467
 0.00366543 0.00491844 0.00238032] [4.7587822e-04 1.0581407e-03 8.2875916e-04 3.8042691e-04 9.9469936e-01
 5.8269018e-04 3.2542725e-04 1.3288320e-03 3.2051766e-04] [0.00604028 0.00238107 0.00774726 0.93787664 0.00447083 0.02037732
 0.00457998 0.00906438 0.00746227] [9.9616587e-01 3.7820736e-04 7.5017649e-04 2.8890732e-04 2.7039472e-04
 1.1308643e-03 4.5083908e-04 2.7619331e-04 2.8856864e-04] [0.01197846 0.00375078 0.957652   0.00412194 0.00499722 0.00241476
 0.00440895 0.00567586 0.0050001 ] [6.9519866e-04 4.0094127e-04 9.4169594e-04 8.6141052e-04 7.2614377e-04
 9.8819578e-01 6.1432354e-04 7.0432911e-04 6.8602520e-03] [0.00179204 0.00467895 0.9802239  0.00243478 0.00194675 0.00257131
 0.00223177 0.00237765 0.00174289] [3.7344036e-04 2.5521513e-04 2.2909969e-02 5.9244811e-04 9.7415709e-01
 7.9655275e-04 2.6303969e-04 5.6711445e-04 8.5161773e-05] [0.00309363 0.00644704 0.00551448 0.96666646 0.00357093 0.0039276
 0.00324729 0.00352628 0.00400629] [0.04689898 0.0591834  0.13484819 0.11436369 0.05250462 0.2495553
 0.0551717  0.10778101 0.17969306] [1.5250535e-03 7.5023144e-04 8.4758975e-04 1.1570040e-03 1.0253695e-03
 2.1102093e-03 2.2611145e-03 9.6864331e-01 2.1680074e-02] [0.15790409 0.22821827 0.08641193 0.07855107 0.05606196 0.04796823
 0.05509822 0.12565644 0.16412982] [0.01209031 0.01382186 0.00585694 0.02551054 0.00599092 0.02304305
 0.01647955 0.00536802 0.8918388 ] [0.00266107 0.9248171  0.04729698 0.00826081 0.00181063 0.00109968
 0.00153271 0.00168486 0.0108362 ] [0.0219434  0.05684273 0.0208016  0.17923243 0.03922193 0.15110768
 0.06509051 0.02904875 0.436711  ] [9.9557757e-01 5.6677521e-04 2.5616444e-04 6.1660877e-04 3.1179236e-04
 3.1218035e-04 4.0207765e-04 4.9580948e-04 1.4610864e-03] [9.9662590e-01 6.2479737e-04 4.7379581e-04 1.9873834e-04 2.7031661e-04
 1.8208667e-04 4.8920995e-04 5.5064500e-04 5.8453798e-04] [0.00277956 0.9203469  0.05865875 0.00206483 0.00244067 0.00361053
 0.00198964 0.004065   0.00404408] [5.5072398e-04 6.0836470e-04 4.2436831e-04 9.8571730e-01 6.5673626e-04
 5.7642278e-03 3.3818239e-03 1.2480548e-03 1.6484577e-03] [0.00107211 0.983709   0.00325113 0.00265775 0.00130605 0.0015586
 0.00185014 0.00142637 0.00316887] [2.8666650e-04 1.8573934e-04 1.8024942e-04 1.9346917e-03 3.4495955e-04
 4.5036753e-03 9.9085265e-01 4.6652157e-04 1.2448627e-03] [1.6402321e-04 8.4540843e-05 1.7778063e-04 5.1120197e-04 1.4604756e-04
 8.8617182e-04 9.9730861e-01 2.1150544e-04 5.1016605e-04] [1.9654975e-04 4.7062911e-04 3.6459058e-04 9.2933321e-04 9.9368060e-01
 9.1805781e-04 5.3044554e-04 5.0208718e-04 2.4076593e-03] [0.06548604 0.05626012 0.04325478 0.10479584 0.0454855  0.30183312
 0.06495173 0.04580413 0.27212876] [1.0289797e-03 9.7090949e-04 2.9173042e-03 2.0755228e-04 9.9085814e-01
 2.0189353e-03 5.2451494e-04 4.8363500e-04 9.9002162e-04] [0.00111924 0.00330784 0.97577035 0.00627928 0.00155829 0.00382836
 0.00205456 0.00208645 0.00399558] [0.0063852  0.4579882  0.50919455 0.00853363 0.00242152 0.00457225
 0.00439172 0.00393835 0.00257455] [0.11973833 0.25459915 0.2339893  0.03746964 0.0400445  0.07407731
 0.07031496 0.0707427  0.09902416] [0.057554   0.02725441 0.03168793 0.24033856 0.05062667 0.20899503
 0.13200608 0.04475098 0.20678632] [1.0309236e-03 5.3339155e-04 1.4654698e-03 2.6658326e-03 1.0999849e-03
 9.8842609e-01 1.2436161e-03 6.5359508e-04 2.8811344e-03] [5.9937325e-04 9.9313074e-01 3.7412455e-03 3.6013481e-04 2.6694429e-04
 1.6913598e-04 4.5184209e-04 9.6992083e-04 3.1060341e-04] [5.5157341e-04 3.5187392e-04 9.3983999e-04 3.6266813e-04 4.7294932e-04
 4.5205685e-04 3.0411285e-04 9.9481070e-01 1.7542061e-03] [9.8018450e-01 5.4747355e-04 1.6376715e-02 2.0008808e-04 2.8428488e-04
 5.3251436e-04 4.6234933e-04 7.7878061e-04 6.3331891e-04] [4.7753128e-04 1.2108580e-03 4.2045562e-04 2.0229013e-03 2.7101129e-04
 2.5546638e-04 9.9403185e-01 5.3693488e-04 7.7297125e-04] [1.9067565e-04 2.0269424e-04 7.4791181e-04 1.2343718e-03 5.6096108e-04
 1.3571325e-03 9.1266277e-04 9.7732419e-01 1.7469447e-02] [0.07125032 0.04285048 0.03256178 0.18527536 0.05316781 0.40105027
 0.08271918 0.04548862 0.08563618] [0.01170667 0.02853147 0.86103487 0.01139022 0.01647068 0.01307215
 0.02030911 0.03068313 0.00680172] [0.00253599 0.95454234 0.02226887 0.00655808 0.0026937  0.00417994
 0.00235657 0.00277175 0.00209279] [0.03017814 0.01038942 0.05026355 0.02121888 0.02133072 0.08195178
 0.01638666 0.03579145 0.7324894 ] [4.1500922e-02 1.4626903e-04 2.4713296e-04 7.7467423e-04 1.9359727e-04
 2.2163782e-03 9.5275074e-01 1.6656962e-04 2.0037664e-03] [0.04588556 0.07634735 0.13956115 0.11030441 0.06082492 0.44262484
 0.04765045 0.04873343 0.02806791] [0.00579725 0.00474993 0.0162494  0.90900093 0.00491521 0.04164423
 0.00522044 0.0036046  0.008818  ] [5.1469298e-04 2.2321621e-04 3.4077495e-04 4.7573750e-04 2.4923094e-04
 3.9353868e-04 9.9647659e-01 4.7819148e-04 8.4807602e-04] [0.0653534  0.21436468 0.07370007 0.0399926  0.04142959 0.18170676
 0.12008864 0.09347267 0.16989158] [0.05105577 0.04615362 0.5811342  0.06830118 0.03148452 0.07989793
 0.0346189  0.05764127 0.04971265] [0.00163679 0.00190716 0.4712543  0.5171374  0.00160034 0.00250331
 0.00171832 0.00155903 0.0006834 ] [1.7116186e-03 8.0073433e-04 1.4466194e-03 9.7322041e-01 1.1353948e-03
 5.3089024e-03 5.1602921e-03 1.0702927e-03 1.0145729e-02] [3.8831920e-04 1.3015248e-03 3.6789084e-04 1.1324009e-03 3.6816057e-04
 9.8575032e-01 7.0818141e-04 7.5176486e-04 9.2314156e-03] [6.0141680e-04 1.7435350e-04 3.7559887e-04 4.6605073e-04 9.9748248e-01
 3.8160794e-04 9.9662466e-05 3.1825723e-04 1.0064031e-04] [0.0221724  0.01941296 0.01847607 0.11687874 0.01696093 0.0241885
 0.03118563 0.01761702 0.73310775] [0.00338794 0.00728276 0.18021369 0.7966604  0.00100495 0.00163607
 0.00118989 0.00216577 0.00645851] [0.00265291 0.97445357 0.00181482 0.0012816  0.00184798 0.00233483
 0.00241039 0.00165293 0.01155092] [1.2448914e-03 5.9646380e-04 2.6257790e-04 4.1753612e-04 1.9630422e-03
 2.2485389e-03 3.0710621e-04 9.9219608e-01 7.6378213e-04] [9.9717426e-01 4.9919111e-04 6.5801194e-04 2.0604608e-04 2.1995262e-04
 3.7328582e-04 2.7501371e-04 2.6066121e-04 3.3356601e-04] [0.6848234  0.00667594 0.00400162 0.01977604 0.00677079 0.02750738
 0.00534101 0.00547453 0.23962933] [5.3422322e-04 1.1217108e-03 1.6018903e-03 1.1817254e-03 9.9301332e-01
 8.8393857e-04 6.6702825e-04 6.0410675e-04 3.9211335e-04] [3.5772898e-04 2.1426946e-04 2.1409706e-04 3.8171298e-04 2.2668626e-04
 3.0724488e-03 9.9383295e-01 4.3401675e-04 1.2661216e-03] [2.1111036e-03 8.5492659e-04 8.2255754e-04 9.5763260e-01 1.5602523e-03
 1.9413635e-02 1.9388510e-03 2.6345823e-03 1.3031474e-02] [9.9510008e-01 1.3280533e-03 8.8660792e-04 2.8246263e-04 4.2472337e-04
 5.3751928e-04 7.1608811e-04 4.3543236e-04 2.8908110e-04] [6.5597752e-04 9.8940104e-01 3.7199315e-03 1.8584888e-03 1.2368870e-03
 9.3760982e-04 5.8106473e-04 7.3608162e-04 8.7296008e-04] [0.00351014 0.00120144 0.00394615 0.00960509 0.00329422 0.00297407
 0.00321979 0.94253355 0.02971549] [5.1030546e-04 3.9306164e-04 3.2050590e-04 3.2607699e-04 9.9735093e-01
 1.3558539e-04 2.9269775e-04 4.7844197e-04 1.9243223e-04] [2.49089644e-04 9.53566341e-05 1.14600625e-04 3.62707855e-04
 1.75198118e-04 4.77631256e-04 9.96388555e-01 2.96914543e-04
 1.83999492e-03]",3 7 5 7 0 2 8 4 6 7 2 0 2 6 8 0 6 2 6 8 8 7 4 2 2 2 4 4 2 3 1 3 0 3 3 1 1 1 0 3 3 5 4 7 2 5 4 6 5 6 8 7 8 8 6 7 1 8 8 4 4 7 6 2 0 2 3 1 2 7 0 6 5 7 5 6 0 7 7 1 2 1 7 0 5 6 8 5 6 6 7 0 4 4 1 0 7 1 8 3 1 6 1 5 3 0 4 5 2 4 5 5 6 4 5 8 5 8 8 2 6 1 4 5 3 3 3 1 0 3 0 8 6 5 7 3 7 0 2 8 5 8 4 1 3 8 4 2 0 4 0 7 7 1 4 3 0 2 5 2 4 3 3 7 8 8 1 8 0 0 1 3 1 6 6 4 5 4 2 1 2 5 5 1 7 0 6 7 5 2 1 8 6 5 3 6 8 2 2 3 5 4 8 3 1 7 0 0 4 6 3 0 1 7 4 6
1468,3,xgboost,0.0,10000,9144,0.8518518518518519,0.9847608024691357,"[0.05389193 0.05871284 0.0967546  0.05068175 0.07139368 0.23295021
 0.0800426  0.14610381 0.20946859] [5.0967990e-04 4.0201179e-04 9.9041057e-01 3.9552469e-03 4.6756316e-04
 5.4833881e-04 7.6317834e-04 5.0947402e-04 2.4339096e-03] [2.9209023e-04 2.1316938e-04 2.3656151e-04 8.4511051e-04 2.3912801e-04
 9.9043141e-04 9.9332374e-01 2.3451047e-04 3.6252863e-03] [0.04068335 0.02055378 0.20192802 0.16420501 0.02333269 0.30359182
 0.04071532 0.057817   0.14717306] [0.00678922 0.03166432 0.01153971 0.8366656  0.00899057 0.06394456
 0.00957732 0.01510421 0.01572452] [5.7607109e-04 1.6648826e-03 1.1072295e-03 9.3044923e-04 8.0103020e-04
 9.8314118e-01 1.4110279e-03 1.1704325e-03 9.1976523e-03] [1.4232601e-03 9.5418893e-04 1.0726034e-03 4.1142884e-03 7.8712590e-04
 9.8132253e-01 1.8728081e-03 8.3054020e-04 7.6226825e-03] [3.0454641e-04 2.9318122e-04 1.3448780e-03 2.3994861e-04 9.9612242e-01
 3.4225659e-04 7.9661672e-04 2.1984428e-04 3.3626700e-04] [0.00862197 0.08610751 0.8132654  0.00782814 0.01091116 0.00911175
 0.01972188 0.00894008 0.0354921 ] [0.03849692 0.08747453 0.0277296  0.66730976 0.04734707 0.05936448
 0.02561123 0.02947585 0.0171906 ] [8.9966436e-04 2.4399710e-04 9.6318066e-02 8.9308041e-01 3.8198286e-04
 6.5165781e-03 6.1694987e-04 3.6801098e-04 1.5742772e-03] [9.9583757e-01 7.8639342e-04 2.7298555e-04 3.2740904e-04 3.6852719e-04
 4.4750934e-04 2.4430791e-04 1.0428313e-03 6.7241985e-04] [1.9176964e-04 1.5112986e-04 3.0818646e-04 4.9156556e-04 2.0671172e-04
 2.4825262e-04 2.4493536e-04 9.9795818e-01 1.9926153e-04] [0.04205072 0.10412651 0.20264772 0.18632206 0.04127084 0.0728602
 0.04195873 0.04962132 0.2591419 ] [0.01262222 0.939264   0.01570551 0.00553153 0.00468932 0.00785707
 0.00487954 0.00615674 0.0032941 ] [0.03362069 0.03196786 0.01157728 0.13443342 0.04037032 0.03530283
 0.10534066 0.05712595 0.550261  ] [3.5990647e-04 2.4234541e-04 4.9070473e-04 1.0297259e-03 9.9121362e-01
 1.7680195e-03 4.3163530e-04 8.5830374e-04 3.6057949e-03] [0.00186534 0.00128208 0.00202616 0.00847184 0.00123393 0.9583113
 0.00528246 0.00188884 0.01963798] [0.02078302 0.01391773 0.00927679 0.12547283 0.02032915 0.21182339
 0.02059925 0.04885313 0.5289447 ] [0.00127657 0.00126955 0.00120861 0.00348898 0.00190657 0.0026219
 0.00224932 0.9740035  0.01197503] [0.00129751 0.00530323 0.00162542 0.00282792 0.9797339  0.00510182
 0.00162799 0.00108293 0.00139934] [0.05238852 0.0497422  0.09682428 0.10740769 0.08378442 0.2017401
 0.06437422 0.09182887 0.25190967] [8.5865543e-04 1.2717382e-03 9.4479439e-04 2.6157321e-03 9.9419244e-04
 9.8641092e-01 2.5596693e-03 1.7831952e-03 2.5610633e-03] [0.00186767 0.00187159 0.00162811 0.00201847 0.00112746 0.97507495
 0.00316152 0.00248477 0.01076542] [5.5175269e-04 3.2089572e-04 4.2226713e-04 8.6707482e-04 3.2025462e-04
 2.0296965e-03 9.9411148e-01 2.6230741e-04 1.1142581e-03] [9.9486166e-01 1.4685591e-03 4.1712908e-04 5.6676724e-04 3.2796370e-04
 3.9685311e-04 5.8584823e-04 6.0618168e-04 7.6899421e-04] [0.03208825 0.06258704 0.03552626 0.25273618 0.04516847 0.26687935
 0.0527606  0.03336254 0.2188913 ] [1.9800065e-04 5.8365421e-04 1.9763202e-04 2.7929890e-04 9.9729568e-01
 5.9065304e-04 1.6457340e-04 5.6857173e-04 1.2189930e-04] [2.5858094e-03 4.2728907e-03 9.8403764e-01 8.3638408e-04 1.0413209e-03
 2.5750652e-03 1.1973853e-03 2.0875919e-03 1.3658941e-03] [2.3190142e-04 2.5826419e-04 1.1510846e-03 9.8898101e-01 3.0661648e-04
 6.8622862e-04 6.4901618e-04 2.5554007e-04 7.4803564e-03] [3.7558164e-04 2.0675606e-04 2.7692519e-04 7.3355099e-04 9.9209279e-01
 1.3176615e-03 2.9916037e-04 3.2120605e-04 4.3763830e-03] [9.7865933e-01 5.1278615e-04 7.4273406e-04 2.0566939e-03 4.8731620e-04
 1.4216470e-03 6.4981187e-04 7.4647274e-04 1.4723242e-02] [0.01073177 0.0095069  0.9475114  0.00614601 0.00696267 0.0038942
 0.00586975 0.00530895 0.00406838] [4.3017516e-04 3.9797035e-04 7.0635672e-04 3.4392477e-04 9.9435115e-01
 8.5240469e-04 8.7131379e-04 1.0374996e-03 1.0091572e-03] [0.02089658 0.02660057 0.84766954 0.01408814 0.00875799 0.03712295
 0.01094239 0.02238606 0.01153576] [1.7296545e-04 2.5136027e-04 9.4532981e-05 5.1495869e-04 1.1171387e-04
 1.1951644e-03 9.9475682e-01 1.7792117e-04 2.7246093e-03] [0.14447075 0.16110085 0.30113593 0.03640063 0.0627378  0.02972089
 0.05928354 0.10579788 0.09935176] [9.9682343e-01 6.4549933e-04 4.0602835e-04 1.9829834e-04 2.5430633e-04
 7.4165454e-04 4.2852949e-04 3.4821182e-04 1.5401910e-04] [5.8590254e-04 5.6468270e-04 8.3073182e-04 2.1145400e-04 5.6262739e-04
 1.6157244e-03 4.8457590e-04 9.9489474e-01 2.4955918e-04] [2.6748976e-04 3.9624824e-04 4.4176160e-04 3.5753913e-04 4.3471676e-04
 6.6804147e-04 9.9635100e-01 5.9222087e-04 4.9091381e-04] [0.04406443 0.03040429 0.02989668 0.18306495 0.0300814  0.099829
 0.04059096 0.03541335 0.506655  ] [3.3309223e-04 4.6415627e-04 1.6378910e-04 1.4312421e-04 1.5477557e-04
 2.9303858e-03 9.9484766e-01 7.9119508e-04 1.7185260e-04] [1.0192194e-03 9.9517351e-01 2.4021229e-04 3.6886049e-04 5.1474443e-04
 3.1318929e-04 7.3795859e-04 5.2990823e-04 1.1024000e-03] [2.4202507e-04 1.5636585e-03 8.4022543e-04 4.3667504e-04 9.9505615e-01
 7.4355520e-04 4.7309895e-04 1.9822465e-04 4.4633399e-04] [0.00476885 0.00646599 0.966138   0.00139831 0.00411487 0.00516879
 0.00296065 0.00508731 0.0038972 ] [2.9501633e-04 3.1461188e-04 2.1989815e-04 1.2681369e-03 9.9203825e-01
 2.3827746e-03 5.9156946e-04 5.8181566e-04 2.3079792e-03] [5.3132436e-04 5.1927171e-04 1.4869653e-04 1.7527703e-04 3.2300758e-04
 4.5895483e-03 9.8792785e-01 5.1436247e-04 5.2706795e-03] [3.4504599e-04 3.8989549e-04 1.6176956e-03 2.4342677e-04 9.9646950e-01
 3.2335741e-04 1.9726180e-04 2.5191627e-04 1.6188028e-04] [0.13664608 0.16851242 0.08457037 0.07343956 0.05087725 0.27220482
 0.04454615 0.09067639 0.07852696] [0.07627667 0.03356379 0.10377259 0.13697653 0.09240558 0.10573348
 0.0859229  0.05025653 0.31509194] [1.2001704e-03 9.8786294e-01 2.7963968e-03 1.1083166e-03 1.0277719e-03
 1.9274934e-03 7.0909667e-04 1.7729962e-03 1.5947861e-03] [0.0073802  0.00433431 0.00590645 0.01581179 0.02305667 0.00333168
 0.00660773 0.91526824 0.01830297] [0.01969566 0.02335495 0.00492892 0.02709214 0.01146786 0.08883754
 0.01240696 0.01750084 0.79471517] [0.10132969 0.20363694 0.32512406 0.02197248 0.0396272  0.06299732
 0.11479413 0.04561618 0.084902  ] [9.9429387e-01 2.1531202e-03 1.3938609e-03 4.5665816e-04 3.0239270e-04
 4.9206655e-04 2.2274426e-04 4.5582952e-04 2.2945883e-04] [0.00381683 0.9783658  0.00161843 0.00506375 0.00171861 0.00254478
 0.00217461 0.00168128 0.00301589] [0.02066297 0.8554885  0.01254323 0.02235631 0.01345054 0.00916969
 0.0345401  0.016267   0.01552172] [1.8863637e-03 1.2588050e-03 1.2031419e-03 6.7234074e-04 9.1948273e-04
 8.2744495e-04 7.6548266e-04 9.9153966e-01 9.2731940e-04] [0.05658109 0.28993323 0.08087079 0.1049538  0.06699297 0.11624493
 0.17074297 0.06337898 0.05030126] [0.08371012 0.17332941 0.30761042 0.1495769  0.07621257 0.07939789
 0.04885432 0.02535393 0.05595443] [9.9643648e-01 8.7883184e-04 3.5582422e-04 3.2516159e-04 3.1654848e-04
 8.8139094e-04 3.3147368e-04 3.1622138e-04 1.5808709e-04] [6.4459868e-04 1.9333618e-04 1.6953170e-04 5.6118332e-04 3.1284982e-04
 5.2979361e-04 9.9521422e-01 4.3491562e-04 1.9395328e-03] [4.4891669e-04 9.9486166e-01 5.9775519e-04 6.8888225e-04 5.6917430e-04
 1.2962627e-03 4.6457312e-04 3.2603525e-04 7.4667798e-04] [2.1428964e-04 3.7669486e-04 8.5559010e-04 1.1409450e-04 9.9679995e-01
 2.2055239e-04 3.2851336e-04 2.2989177e-04 8.6042349e-04] [0.00392057 0.00965812 0.00423652 0.0049717  0.00367331 0.00850543
 0.00833825 0.949315   0.00738106] [8.1297458e-04 6.8736670e-04 3.7934806e-03 9.7508538e-01 6.3426926e-04
 1.2997356e-02 9.9051569e-04 8.2873204e-04 4.1698785e-03] [0.02693996 0.86848736 0.00942521 0.00955814 0.00741833 0.02032711
 0.02779593 0.01458278 0.01546525] [0.00258117 0.00316631 0.24590398 0.6880292  0.00255285 0.0407165
 0.00394159 0.00193402 0.01117434] [0.02806663 0.01592969 0.01311751 0.10431515 0.01423643 0.0321153
 0.01865668 0.04122764 0.7323349 ] [0.00574097 0.0076038  0.9472899  0.00597678 0.00370318 0.0065107
 0.00646572 0.00669209 0.01001687] [0.05025459 0.03001927 0.07734611 0.17956169 0.02823905 0.44047973
 0.07533809 0.03153288 0.08722863] [0.00707172 0.0036812  0.00457865 0.537456   0.0101447  0.0524901
 0.00628313 0.00866846 0.36962605] [8.6801586e-04 9.9172848e-01 1.1946060e-03 1.9677887e-03 6.6202733e-04
 4.8490122e-04 8.4019214e-04 7.1686518e-04 1.5370924e-03] [6.4192858e-04 9.7700149e-01 1.6954618e-02 1.0239761e-03 5.5537338e-04
 2.7529654e-04 1.4248532e-03 1.5749810e-03 5.4750114e-04] [0.9574725  0.01150766 0.0037667  0.00612957 0.00237968 0.00941294
 0.00308709 0.00266609 0.00357775] [0.04640076 0.23548123 0.532652   0.019558   0.02443203 0.00985079
 0.03271398 0.04027154 0.05863967] [0.00500795 0.7477447  0.20644476 0.0124248  0.00552164 0.00671316
 0.00777234 0.00462114 0.00374954] [9.9609983e-01 1.3720839e-03 2.8951591e-04 2.2072099e-04 2.9194413e-04
 6.8088784e-04 4.2241218e-04 2.6409715e-04 3.5852595e-04] [3.1334392e-04 2.6259760e-04 6.1887567e-04 4.0273121e-04 3.1395382e-04
 1.9221342e-03 9.8946303e-01 9.6632773e-04 5.7370532e-03] [6.1386661e-04 8.4671110e-04 5.3020858e-04 2.9079447e-04 5.1175361e-04
 6.2349223e-04 9.9439478e-01 4.6369157e-04 1.7246568e-03] [1.1501664e-03 1.9284869e-03 9.9219841e-01 1.2074419e-03 4.8700414e-04
 1.0542077e-03 9.1441738e-04 4.0152619e-04 6.5832736e-04] [0.00834685 0.01838115 0.00413621 0.02649352 0.00943436 0.01070581
 0.0068443  0.8941097  0.02154807] [3.6529283e-04 7.4183708e-04 5.6407630e-04 7.0564559e-04 9.9642241e-01
 2.9190112e-04 3.1384229e-04 2.9044080e-04 3.0457330e-04] [0.01970975 0.02179606 0.03090652 0.01765931 0.01454798 0.19127688
 0.08039849 0.01638391 0.6073211 ] [0.06144781 0.01531201 0.04191063 0.03042538 0.02080315 0.04820947
 0.02735145 0.01992818 0.7346119 ] [0.00263047 0.00166986 0.8870858  0.10030462 0.00107357 0.00244062
 0.00097881 0.00146703 0.00234923] [0.0266506  0.02584502 0.01825962 0.0459221  0.01712142 0.07252666
 0.02297491 0.10266133 0.6680383 ] [0.01935832 0.07444794 0.7796486  0.03814675 0.01444558 0.00844648
 0.01613831 0.0157773  0.03359073] [6.2771718e-04 9.9383813e-01 7.7419198e-04 5.1842257e-04 4.0151738e-04
 6.3301972e-04 1.2613381e-03 7.6196063e-04 1.1836729e-03] [2.6112306e-04 3.4041767e-04 1.7707453e-04 1.1636656e-03 2.2657272e-04
 3.3210218e-04 9.9168628e-01 1.9206929e-04 5.6206244e-03] [0.03889108 0.066383   0.02979975 0.11137231 0.0615076  0.22386912
 0.03786709 0.09888497 0.33142507] [9.4151235e-04 6.9489441e-04 5.3957483e-04 3.5894827e-03 9.8349774e-01
 3.8468894e-03 9.5108920e-04 2.6580875e-03 3.2807132e-03] [0.01768476 0.01469003 0.01582109 0.09515598 0.01776106 0.03634694
 0.02805714 0.03539858 0.7390845 ] [0.03609485 0.04001483 0.02246472 0.1872662  0.07896332 0.12750955
 0.07402451 0.06726052 0.36640143] [1.0824961e-03 7.8766939e-04 6.7137729e-04 1.3246939e-03 8.3180581e-04
 9.8388612e-01 6.2958582e-04 7.5455109e-04 1.0031681e-02] [0.06214178 0.06194755 0.17112519 0.26604316 0.05108821 0.06914869
 0.12591165 0.03335282 0.15924095] [9.97805417e-01 1.04440283e-03 4.07282554e-04 7.68134851e-05
 1.46418970e-04 1.37755298e-04 1.49653381e-04 1.06135725e-04
 1.26108178e-04] [0.9291553  0.00506443 0.0071704  0.00818001 0.00358044 0.01435683
 0.01784755 0.00397293 0.01067213] [9.6140330e-04 8.7028352e-04 3.8361392e-04 2.2808723e-03 8.4989157e-04
 2.4812335e-02 7.7752641e-04 9.3962663e-01 2.9437475e-02] [0.01602741 0.02273984 0.8832156  0.02244842 0.01041643 0.01405119
 0.00713382 0.01600474 0.00796247] [9.9559551e-01 7.2014914e-04 1.2390339e-03 2.8321330e-04 2.7494039e-04
 3.2404612e-04 3.0106900e-04 6.5773941e-04 6.0428225e-04] [2.5003630e-04 1.0914073e-03 1.3234887e-04 2.5532505e-04 9.9703074e-01
 1.5216826e-04 2.2331181e-04 1.6494963e-04 6.9972308e-04] [0.12128977 0.14192843 0.1141001  0.16307436 0.06693549 0.08625942
 0.07548455 0.14325196 0.08767592] [2.2414234e-04 3.4522338e-04 1.6076671e-04 2.9758780e-04 3.6279194e-04
 1.3379995e-03 9.8984700e-01 3.6837437e-04 7.0560803e-03] [6.9825433e-04 1.5568745e-03 9.7006867e-03 9.7458273e-01 2.6446756e-03
 4.4094832e-03 2.2036505e-03 2.1670894e-03 2.0365261e-03] [1.7393557e-03 2.4051685e-03 9.6187799e-04 2.5448150e-03 2.0770540e-03
 9.6267319e-01 6.4522829e-03 5.7473481e-03 1.5398960e-02] [0.97151166 0.0040142  0.00260019 0.00645154 0.00242989 0.00140201
 0.00155858 0.00218858 0.00784328] [6.0823985e-04 7.7042711e-04 3.7420768e-04 1.8660347e-03 2.9511668e-04
 1.1434391e-03 9.9349594e-01 8.3352858e-04 6.1305624e-04] [4.4722864e-04 2.6760373e-04 2.9231020e-04 5.1910087e-04 9.9499750e-01
 1.3070391e-03 7.9093326e-04 5.8443059e-04 7.9379568e-04] [0.06141424 0.1090424  0.03215918 0.06019902 0.04233047 0.05075396
 0.05249112 0.03927303 0.5523366 ] [9.9480599e-01 5.9465686e-04 4.9827038e-04 7.9880340e-04 3.0310266e-04
 4.9196003e-04 4.1617797e-04 4.4339366e-04 1.6476021e-03] [0.00193153 0.00184173 0.00132365 0.00153274 0.00132407 0.00250457
 0.00394429 0.9825308  0.00306661] [3.0328808e-03 7.7523105e-04 1.0185285e-03 6.0787617e-04 8.9106476e-04
 2.1195770e-03 1.0958281e-03 9.8941082e-01 1.0481157e-03] [6.7428342e-04 4.9147481e-04 3.8200867e-04 5.9719378e-04 4.8549616e-04
 4.4797654e-03 5.8447686e-04 9.9055243e-01 1.7528487e-03] [8.2149886e-04 1.8337558e-03 1.7932587e-03 6.6801370e-04 1.3400725e-03
 2.9413160e-03 9.0272247e-04 9.8621678e-01 3.4825928e-03] [0.00616246 0.00622141 0.00554339 0.04622763 0.00657218 0.01493778
 0.8874439  0.01016094 0.01673028] [3.2085591e-04 1.2156693e-03 1.2686376e-03 5.4881634e-04 6.5485976e-04
 5.3337595e-04 5.7123031e-04 9.9409992e-01 7.8660209e-04] [0.00209898 0.00191877 0.46095556 0.47812727 0.00259193 0.01571447
 0.00451774 0.00505885 0.02901642] [1.0756677e-03 9.8289734e-01 1.0231265e-03 1.2994272e-03 1.1924397e-03
 5.6547561e-04 6.2454953e-03 1.8171127e-03 3.8839579e-03] [0.03508774 0.03865466 0.02231291 0.04817818 0.03295955 0.0819938
 0.02884066 0.08872455 0.623248  ] [8.2400243e-04 1.7877504e-03 4.7193121e-04 8.6985325e-04 9.9279845e-01
 1.2451501e-03 8.6134614e-04 7.0875644e-04 4.3269672e-04] [0.00621777 0.00400111 0.2102712  0.73916703 0.00212873 0.00564301
 0.00494181 0.00691034 0.02071896] [0.11752601 0.10224903 0.11618362 0.14412516 0.04876153 0.09908658
 0.08717661 0.19857056 0.08632085] [0.00200178 0.97847396 0.00108463 0.00272608 0.00263444 0.00193206
 0.00577448 0.0029734  0.00239911] [9.2659571e-04 5.2991923e-04 4.8843579e-04 7.1292726e-04 1.8931929e-03
 9.9163592e-01 6.5088313e-04 8.5448159e-04 2.3077275e-03] [9.9765909e-01 4.6754701e-04 1.5263200e-04 3.3771634e-04 3.4572091e-04
 2.8000967e-04 2.0146887e-04 2.7578155e-04 2.7997978e-04] [0.00824409 0.00786839 0.00605492 0.04515238 0.00739035 0.04306933
 0.02304395 0.00934686 0.84982973] [0.03792493 0.0231813  0.0801072  0.13500175 0.04868916 0.3624117
 0.0330762  0.07725842 0.20234932] [9.7141987e-01 1.8710298e-03 3.0791902e-03 1.4598372e-03 6.0013984e-04
 1.8223401e-02 1.9092450e-03 8.6818874e-04 5.6910800e-04] [0.00575442 0.03036757 0.9201533  0.00607999 0.00315118 0.00583684
 0.00861663 0.00501828 0.01502173] [2.54494254e-04 6.38886879e-04 1.12472095e-04 3.34699987e-04
 9.95027959e-01 8.42122012e-04 1.47480430e-04 2.50705722e-04
 2.39123241e-03] [5.6817941e-04 3.5967299e-04 3.5262463e-04 9.4970741e-04 5.7778455e-04
 9.9102706e-01 4.8682786e-04 4.3707940e-04 5.2410653e-03] [7.3615549e-04 7.5718138e-04 7.1948796e-04 9.8365569e-01 7.6100300e-04
 6.7380378e-03 4.1944196e-04 1.1814509e-03 5.0315424e-03] [0.9779056  0.00137288 0.00184751 0.00477692 0.00134513 0.00447819
 0.00167091 0.00226224 0.0043407 ] [4.4351272e-04 7.9513772e-04 1.2672211e-03 1.2668441e-03 5.8145868e-04
 6.0217408e-04 5.2760390e-04 9.9428779e-01 2.2832713e-04] [7.8876450e-04 1.0776300e-03 3.9388138e-04 2.9053490e-03 8.1751571e-04
 1.4353069e-03 6.0647511e-04 9.7979409e-01 1.2180984e-02] [0.09416708 0.23034233 0.10586002 0.08591904 0.09738262 0.21940275
 0.04651132 0.0362088  0.08420599] [9.9004984e-01 1.0796994e-03 3.0391261e-03 8.1073045e-04 8.2473265e-04
 2.0862781e-03 5.1438401e-04 8.0927165e-04 7.8598893e-04] [0.00270854 0.00332719 0.00229313 0.97076774 0.0020902  0.00388961
 0.00480494 0.00312429 0.0069944 ] [2.1568894e-04 2.7095876e-04 2.3607427e-04 3.3631697e-04 2.6421269e-04
 4.1864743e-04 9.9422038e-01 2.8432708e-04 3.7534274e-03] [2.6103901e-03 3.5729390e-04 5.8241421e-04 4.3882653e-03 8.4921991e-04
 9.8310488e-01 2.6631320e-03 1.5623947e-03 3.8819672e-03] [0.1887182  0.01258245 0.01147572 0.04391742 0.02139749 0.0328227
 0.00761957 0.01356988 0.66789657] [0.00649453 0.00909951 0.9562284  0.00618278 0.00254026 0.00828696
 0.00171374 0.00445014 0.00500377] [0.14931788 0.05375393 0.06438895 0.12725234 0.05279574 0.08569238
 0.05748973 0.10662832 0.3026807 ] [0.27017587 0.08290641 0.08236089 0.08386495 0.05110487 0.10217862
 0.12490965 0.12613481 0.07636391] [1.1414069e-03 1.4955982e-03 8.1857439e-04 1.2910988e-03 5.3822005e-04
 1.1756798e-03 7.6053751e-04 9.9104345e-01 1.7354026e-03] [0.95135546 0.00992744 0.00381703 0.00206709 0.00329783 0.00363733
 0.00627171 0.0074586  0.01216753] [0.15083382 0.03325487 0.06096837 0.15914395 0.06613419 0.08280975
 0.09369244 0.05747263 0.29569   ] [7.6768058e-04 2.7037347e-03 8.6792547e-04 4.0898100e-03 2.1820071e-03
 9.5577538e-01 2.9419477e-03 1.9471735e-03 2.8724378e-02] [0.07445767 0.25554004 0.21846782 0.09557219 0.05206865 0.03943022
 0.04720535 0.06058377 0.15667431] [6.3879829e-04 3.0838372e-04 9.9408126e-04 3.6125525e-04 9.9368942e-01
 3.7225863e-04 2.3322992e-03 1.4926122e-04 1.1541870e-03] [0.01333071 0.05525986 0.00793602 0.01133885 0.00778423 0.0077712
 0.00704246 0.8795096  0.01002709] [9.96790826e-01 1.42595754e-03 6.72813854e-04 1.68705083e-04
 2.00005336e-04 1.99288101e-04 2.16610686e-04 2.08781246e-04
 1.16993535e-04] [2.2918258e-03 9.8192281e-01 1.6956179e-03 7.0054794e-04 6.5327116e-04
 7.2889868e-04 4.7097085e-03 1.3808731e-03 5.9164059e-03] [1.5669988e-03 9.8235083e-01 6.1297812e-03 5.2626518e-04 6.8738317e-04
 2.1713742e-03 9.9750469e-04 9.1933488e-04 4.6505257e-03] [6.2029704e-04 1.2212468e-03 9.4799110e-04 6.7698007e-04 8.4003538e-04
 1.3842499e-03 9.7926384e-01 1.3412716e-03 1.3704122e-02] [0.00162991 0.00409978 0.9817297  0.00223915 0.00114261 0.00408373
 0.00157735 0.00153795 0.00195986] [9.6115255e-04 9.9006593e-01 2.0025100e-03 9.4466843e-04 8.6348125e-04
 3.1402430e-03 5.2277074e-04 7.9770735e-04 7.0148258e-04] [0.04561502 0.10087511 0.04150717 0.06884227 0.0278067  0.10297484
 0.02432148 0.03794396 0.5501135 ] [1.9239390e-03 1.9124745e-03 8.4744638e-04 1.5614150e-03 7.3212694e-04
 9.8288257e-04 5.0241192e-04 9.9023390e-01 1.3034042e-03] [1.4393547e-03 9.8779476e-01 2.4503204e-03 1.6899924e-03 1.1086809e-03
 9.8586956e-04 1.8764142e-03 1.4570861e-03 1.1975593e-03] [4.5333509e-04 2.9230572e-04 1.9714232e-04 3.4030218e-04 3.3997989e-04
 9.1718361e-03 9.8776186e-01 5.0629204e-04 9.3700754e-04] [0.0063999  0.01602012 0.91490555 0.01170049 0.00440028 0.0302012
 0.0050582  0.00805099 0.00326322] [0.06878777 0.5338554  0.06659914 0.07218304 0.04903317 0.06187075
 0.03946872 0.05638832 0.05181373] [3.1907967e-04 4.9087743e-04 4.7066205e-04 4.8462354e-04 2.4980729e-04
 4.6389349e-04 9.9683315e-01 3.0093713e-04 3.8698013e-04] [0.09997582 0.14181496 0.04170325 0.04561138 0.05380688 0.06984201
 0.0788727  0.02604914 0.4423238 ] [6.8777893e-04 7.1442709e-04 3.3785866e-04 3.4516575e-04 2.9562358e-04
 1.2700869e-04 9.9660242e-01 4.1425321e-04 4.7540889e-04] [5.2209035e-04 5.2186882e-04 6.6633808e-04 8.5461076e-04 6.6042668e-04
 1.3524969e-03 9.6253620e-04 9.8884994e-01 5.6096874e-03] [1.0658632e-03 3.2666074e-03 9.7400330e-02 8.9224869e-01 6.8832230e-04
 1.5363513e-03 7.1725069e-04 1.1181079e-03 1.9585416e-03] [8.5596257e-04 4.2915490e-04 1.8720124e-04 6.8815035e-04 4.0790439e-04
 1.2615970e-03 9.9218106e-01 3.4233785e-04 3.6466585e-03] [0.00163432 0.00244356 0.00497664 0.01058799 0.00284317 0.02810156
 0.00436956 0.00330907 0.94173414] [1.6052561e-04 1.6359291e-04 2.4241717e-04 2.7715159e-04 2.2200120e-04
 6.6451164e-04 9.9750608e-01 1.6722214e-04 5.9651147e-04] [0.0320598  0.02375762 0.02191979 0.30844846 0.03799155 0.13198574
 0.07436998 0.11443702 0.25503   ] [1.5125652e-04 1.1229000e-04 8.3921215e-05 6.6409400e-04 1.5729452e-04
 6.6028128e-04 9.9688476e-01 2.7169735e-04 1.0144270e-03] [1.6225611e-04 8.5216988e-04 9.9701083e-01 8.0227864e-04 9.5797957e-05
 4.2625563e-04 2.6460807e-04 1.0247955e-04 2.8327803e-04] [0.00219541 0.00492429 0.00205966 0.00281617 0.00137787 0.01100464
 0.00122285 0.9706032  0.00379586] [0.05763804 0.6544988  0.03115261 0.06136362 0.02960471 0.07649559
 0.03289385 0.04076644 0.01558635] [6.9603854e-04 8.8441343e-04 9.9984959e-02 8.8655037e-01 8.2805223e-04
 2.2946030e-03 5.6186720e-04 1.1382331e-03 7.0614815e-03] [3.6575383e-04 1.6082538e-03 5.8275682e-04 1.9970379e-04 9.9468541e-01
 1.3429867e-03 3.9495670e-04 6.2926265e-04 1.9086167e-04] [0.00152661 0.00536766 0.0037033  0.00117604 0.00159645 0.9819319
 0.00103227 0.00128536 0.00238043] [3.2790957e-04 3.1695876e-04 4.9583270e-04 2.4424100e-04 9.9723721e-01
 1.7386519e-04 2.2818192e-04 3.3576560e-04 6.4002833e-04] [0.02266894 0.08673979 0.70563763 0.03217459 0.01670071 0.08436041
 0.01588881 0.02301897 0.01281018] [6.6243054e-04 1.3061982e-03 2.2655123e-04 5.0514395e-04 9.9550736e-01
 4.9796590e-04 2.1325388e-04 4.5830646e-04 6.2281481e-04] [0.04990008 0.02000785 0.04442242 0.05470636 0.04090025 0.3507199
 0.10983516 0.08763208 0.24187592] [1.1480057e-03 1.0223159e-03 8.9019065e-04 8.9308567e-04 9.9184483e-01
 1.1141725e-03 1.4609871e-03 8.2071737e-04 8.0565264e-04] [0.01437939 0.00884111 0.00744723 0.04346059 0.0119762  0.02044385
 0.0108349  0.0149604  0.8676563 ] [5.3708925e-04 2.5104899e-03 1.5775703e-03 2.0866421e-04 3.7944046e-04
 5.9599744e-04 9.9287170e-01 6.3725113e-04 6.8184879e-04] [1.1667087e-03 9.8930311e-01 8.3283760e-04 2.6896636e-03 8.8194374e-04
 1.5647683e-03 1.2808718e-03 5.4876250e-04 1.7312487e-03] [6.3522323e-04 1.5299232e-03 8.4884313e-04 2.4477334e-04 9.9501896e-01
 3.7061571e-04 3.6633806e-04 7.1550213e-04 2.6985374e-04] [0.00276199 0.00148543 0.19418716 0.78108865 0.0015798  0.0042257
 0.00177221 0.00301068 0.00988837] [3.2540044e-04 1.9806488e-04 1.7212870e-04 5.5629114e-04 2.3924701e-04
 1.4190282e-03 9.9416405e-01 3.6547252e-04 2.5603322e-03] [0.04392355 0.24505775 0.17411608 0.03822974 0.04163348 0.08567012
 0.1276556  0.1505572  0.09315647] [0.133827   0.07701401 0.04046917 0.06683405 0.29934898 0.11006571
 0.10894483 0.0840728  0.07942344] [0.0054423  0.01116168 0.00973556 0.01503717 0.00842472 0.03254644
 0.00803897 0.01894728 0.8906658 ] [9.9471360e-01 2.1486948e-03 1.0021448e-03 2.5183166e-04 2.5451189e-04
 5.8906758e-04 3.3428043e-04 3.3821273e-04 3.6767303e-04] [0.00256707 0.77734864 0.20424537 0.0021551  0.0015998  0.00089698
 0.00727268 0.00247538 0.00143896] [0.00144534 0.00403814 0.00156948 0.00108753 0.00477356 0.9800046
 0.00204277 0.0017561  0.00328254] [9.9560475e-01 3.6350818e-04 6.3495344e-04 3.8356407e-04 1.4338621e-03
 2.2024319e-04 2.6865152e-04 6.4859318e-04 4.4194754e-04] [0.00144822 0.00188252 0.00141773 0.00119488 0.988106   0.00114647
 0.0020363  0.00139248 0.00137543] [8.5864356e-04 9.9002236e-01 2.1957117e-03 2.3457403e-03 5.2783161e-04
 1.7038655e-03 3.8729975e-04 5.3324562e-04 1.4253297e-03] [1.5657351e-03 9.8808181e-01 1.2863778e-03 3.6824406e-03 6.7359308e-04
 1.4022475e-03 8.7620749e-04 1.1864700e-03 1.2450932e-03] [0.04912712 0.0473459  0.01571868 0.09130534 0.03304463 0.5605434
 0.03793035 0.07988179 0.08510276] [4.3586234e-04 1.1133447e-03 5.3727458e-04 6.1993476e-04 3.7058277e-04
 1.0564837e-03 9.7659361e-01 5.6551275e-04 1.8707354e-02] [0.9416718  0.00878302 0.01506186 0.00156117 0.00379038 0.01161432
 0.00507365 0.00667411 0.00576971] [0.00170392 0.00311719 0.00138858 0.00140701 0.00160163 0.00440225
 0.00151762 0.9820619  0.00279987] [1.2943322e-03 9.7855526e-01 1.1935667e-02 2.1097872e-03 7.0393039e-04
 1.2311821e-03 1.1086887e-03 1.5150141e-03 1.5461994e-03] [0.02158278 0.01084648 0.00881205 0.01384997 0.01285617 0.06497698
 0.02726819 0.02845183 0.8113556 ] [0.00580603 0.04622501 0.88866657 0.01775853 0.00609158 0.01286792
 0.0056851  0.00834257 0.00855664] [9.9744922e-01 6.4497266e-04 2.7780369e-04 4.8816687e-04 2.1583440e-04
 2.6151579e-04 2.2225059e-04 2.9737578e-04 1.4286817e-04] [1.7099164e-03 6.4152502e-04 9.8213216e-04 1.8408200e-03 9.1917184e-04
 9.8620892e-01 4.5528049e-03 9.7030215e-04 2.1744589e-03] [6.9669000e-04 3.8902403e-04 6.1384006e-04 1.5595548e-04 2.7433655e-04
 5.1326869e-04 4.7187047e-04 9.9656481e-01 3.2025695e-04] [0.07830274 0.02522826 0.04976097 0.11467608 0.06897214 0.22950338
 0.10607865 0.04930755 0.27817023] [0.05743888 0.03909892 0.05208676 0.14466663 0.07801512 0.2705862
 0.07567509 0.05139165 0.23104078] [9.9239302e-01 2.4566425e-03 6.3008000e-04 3.6216129e-04 3.1026319e-04
 1.8518702e-03 6.6965609e-04 7.6433597e-04 5.6197500e-04] [3.2877065e-03 1.2586876e-03 1.4332681e-03 4.2840228e-03 8.5057277e-04
 6.4855849e-04 1.5007346e-03 9.8536807e-01 1.3683697e-03] [9.9559512e-04 4.9722107e-04 1.1769705e-03 4.5726416e-03 9.8363495e-01
 2.4744761e-03 2.1143707e-03 1.1649908e-03 3.3688177e-03]",8 2 6 3 3 5 5 4 2 3 3 0 7 3 1 8 4 5 8 7 4 5 5 5 6 0 8 4 2 3 4 0 2 4 2 6 2 0 7 6 3 6 1 4 2 4 6 4 2 8 1 7 5 2 0 1 1 7 8 3 0 6 1 4 7 3 1 3 8 2 5 8 1 1 0 2 1 0 6 6 2 7 4 8 8 3 8 3 1 6 3 4 8 3 5 2 0 1 7 2 0 4 8 6 3 5 0 6 4 8 0 7 7 7 7 6 7 3 1 5 4 3 5 1 5 0 8 5 0 2 4 5 3 0 7 7 5 0 3 6 5 1 2 8 0 7 0 3 5 2 4 7 0 1 1 6 2 1 8 7 1 6 2 5 6 8 6 7 3 6 8 6 5 6 2 7 8 3 4 5 4 2 4 8 4 8 6 1 4 3 6 2 2 8 0 1 5 0 4 1 1 5 6 0 7 1 8 2 0 5 7 7 3 0 7 4
1468,4,xgboost,0.0,10000,9144,0.8611111111111112,0.9855806327160495,"[0.02905045 0.22500652 0.5149     0.04401866 0.02526031 0.02152788
 0.0179894  0.02571598 0.09653075] [4.4617895e-04 1.6836850e-03 1.7401195e-03 9.7421038e-01 1.1761170e-03
 1.4434141e-03 1.1718575e-03 9.6867984e-04 1.7159615e-02] [0.0234012  0.02005018 0.01607628 0.15710476 0.03350521 0.5953042
 0.0226417  0.08742125 0.04449522] [7.9263980e-04 6.1939104e-04 1.2050117e-03 1.2182362e-03 8.7781087e-04
 9.8968595e-01 1.2132536e-03 7.8914914e-04 3.5985608e-03] [0.01677074 0.00825146 0.00834264 0.00674745 0.00815517 0.11447894
 0.0067287  0.8251839  0.00534099] [1.3580734e-03 2.1610828e-03 4.8028643e-04 1.2959705e-03 9.8515922e-01
 2.5020659e-03 1.6975059e-03 1.2254840e-03 4.1203806e-03] [1.1095066e-03 6.7529752e-04 7.7036215e-04 1.2131004e-03 9.5092825e-04
 9.9040169e-01 8.2107843e-04 1.8775986e-03 2.1804892e-03] [0.04061653 0.06872456 0.04175078 0.13866745 0.06067324 0.15754265
 0.08784226 0.06465957 0.33952293] [0.00978465 0.0113666  0.01375827 0.9311449  0.00581046 0.00551055
 0.00592753 0.00994507 0.00675203] [1.4486485e-03 9.8591369e-01 7.8829248e-03 6.8901415e-04 4.1168288e-04
 2.4064938e-03 3.8534516e-04 4.4790839e-04 4.1434690e-04] [3.2494694e-01 8.9762209e-04 5.7485979e-03 6.6372621e-01 4.3714867e-04
 7.0064393e-04 3.6287171e-04 8.7493000e-04 2.3050038e-03] [0.0086301  0.01219013 0.17877334 0.7712801  0.00633351 0.00753388
 0.00511123 0.00450843 0.00563928] [0.0187355  0.01617213 0.02450143 0.05041018 0.02218905 0.04089755
 0.02509232 0.0389431  0.7630587 ] [5.5683468e-04 7.9495233e-04 1.0525705e-03 1.1053142e-03 9.9293220e-01
 8.2730222e-04 1.5077534e-03 6.7454629e-04 5.4851576e-04] [0.07701451 0.07066263 0.07731877 0.07964368 0.0861332  0.0643732
 0.045098   0.09903479 0.40072122] [2.1142095e-04 7.0103776e-04 2.9169497e-04 5.3139619e-04 9.9705088e-01
 2.2448324e-04 2.3135678e-04 2.5800164e-04 4.9969059e-04] [0.04846488 0.02190102 0.04750076 0.35890263 0.06091053 0.18476988
 0.08119357 0.06903379 0.12732299] [0.04786727 0.06278412 0.02916875 0.24646053 0.04999471 0.20067847
 0.07445806 0.02839196 0.26019615] [0.02046582 0.01670463 0.00915778 0.04386796 0.01921199 0.02721339
 0.03078881 0.045453   0.7871366 ] [0.0020924  0.97289443 0.0073248  0.00258538 0.00272627 0.00609006
 0.00145731 0.00197182 0.00285753] [9.9669528e-01 5.9668749e-04 9.8642008e-04 2.3300527e-04 2.4341201e-04
 4.2038556e-04 2.5108343e-04 1.5798872e-04 4.1570450e-04] [2.3479972e-03 9.7354084e-01 1.7565312e-02 1.4419269e-03 1.2698533e-03
 1.3273301e-03 7.8972738e-04 1.2492568e-03 4.6781343e-04] [0.05033445 0.14595    0.06339797 0.0937731  0.02274802 0.04228031
 0.04165861 0.11274476 0.42711285] [0.9835842  0.00123304 0.00519024 0.00190484 0.0012277  0.00270168
 0.00113456 0.00122127 0.00180252] [0.03379987 0.03053107 0.02821981 0.47475234 0.03243865 0.12640603
 0.0314412  0.07121824 0.1711928 ] [1.2051817e-03 1.5164063e-03 2.3994350e-03 7.1549707e-04 9.9000728e-01
 1.2228881e-03 7.7016006e-04 1.0922645e-03 1.0709120e-03] [0.11676218 0.23597433 0.1925592  0.06774391 0.0525781  0.04124008
 0.05501405 0.09578875 0.14233942] [6.3211203e-04 9.9053383e-01 2.1693716e-03 3.6892417e-04 6.0041534e-04
 1.3942068e-03 1.7367116e-03 9.5873384e-04 1.6057470e-03] [9.9386391e-04 7.9177500e-04 8.2836219e-04 6.4400659e-04 7.0392416e-04
 9.9144953e-01 5.5113703e-04 1.6335960e-03 2.4038416e-03] [6.1988301e-04 1.5770004e-03 1.1728832e-03 1.0328648e-03 4.3172450e-04
 4.7206174e-04 2.1427353e-03 9.9203604e-01 5.1484117e-04] [1.0041974e-03 1.0975911e-03 8.1103938e-03 1.1278038e-03 9.8593849e-01
 4.6169542e-04 1.3152817e-03 5.1287602e-04 4.3166033e-04] [0.05281342 0.02976366 0.02626434 0.0475233  0.03906666 0.05654391
 0.03221631 0.02985376 0.68595463] [0.02195786 0.01860935 0.01362455 0.38406545 0.02713832 0.04301381
 0.01321326 0.0355694  0.44280797] [3.8798558e-04 9.0779201e-04 9.1416267e-04 9.8063987e-01 4.5163342e-04
 8.3193003e-04 1.0742354e-03 5.7852973e-04 1.4213831e-02] [2.8800956e-04 1.3480989e-03 7.8975869e-04 1.6529930e-03 4.4558811e-04
 1.6319133e-04 1.1192969e-03 9.9368989e-01 5.0317665e-04] [1.6551767e-04 1.5721284e-04 2.0107847e-04 6.7394355e-04 9.9678051e-01
 4.5708349e-04 3.6033802e-04 6.3133426e-04 5.7294295e-04] [1.8227674e-04 2.9687563e-04 1.5733375e-04 3.6148372e-04 1.5595611e-04
 3.4109942e-04 9.9520677e-01 1.9739024e-04 3.1007663e-03] [0.04621938 0.06799947 0.07473781 0.21070765 0.04047746 0.05773781
 0.02507809 0.07302242 0.40401992] [2.2745729e-04 1.0539066e-03 4.8134668e-04 5.1167037e-04 9.9656397e-01
 2.9474881e-04 2.2394198e-04 4.8914878e-04 1.5378163e-04] [0.00766069 0.95908695 0.00732223 0.00422083 0.00307273 0.00453678
 0.00399945 0.00463864 0.00546169] [0.00978731 0.00515787 0.89039516 0.00794868 0.00577028 0.04492635
 0.0091649  0.00816731 0.01868214] [9.9265212e-01 1.1411487e-03 1.1820495e-03 8.6876709e-04 7.4424269e-04
 5.7096110e-04 7.8023865e-04 1.1817395e-03 8.7879581e-04] [0.097701   0.17651032 0.13712987 0.12317993 0.0547387  0.02590659
 0.10150442 0.18264015 0.10068903] [6.0701446e-04 1.9418654e-03 1.1383562e-03 9.8906493e-01 1.0135811e-03
 5.4441823e-04 5.2851113e-04 1.8076914e-03 3.3536304e-03] [9.8878574e-01 2.6949334e-03 1.8092107e-03 2.7212346e-04 1.3319474e-03
 2.8948821e-03 4.8313418e-04 1.4092849e-03 3.1878418e-04] [0.03671935 0.08787642 0.02536169 0.15682977 0.06132904 0.21171944
 0.10967136 0.04532452 0.26516837] [0.0128796  0.01627839 0.01644566 0.67644805 0.02591664 0.1184915
 0.01349309 0.02773504 0.09231206] [0.02287188 0.01577875 0.0120994  0.0185437  0.01623859 0.0467269
 0.01664183 0.01069783 0.8404011 ] [0.06118644 0.21544893 0.26825646 0.05753936 0.09395813 0.05900311
 0.03425575 0.06721206 0.14313976] [3.9382104e-04 6.7906466e-04 7.8684557e-04 3.1526780e-04 9.9423259e-01
 1.3061397e-03 8.2632119e-04 5.9976993e-04 8.6021051e-04] [0.01310343 0.02360788 0.01563041 0.02122624 0.00803905 0.01198146
 0.8478116  0.01377204 0.04482796] [0.00590833 0.01486924 0.8512475  0.01346328 0.02847535 0.0585952
 0.00270783 0.01105866 0.01367461] [1.1883647e-03 1.9287536e-03 9.8694706e-01 7.8965054e-04 8.9756557e-04
 3.6236302e-03 1.0990571e-03 2.6925001e-03 8.3342585e-04] [0.00347789 0.0159628  0.940911   0.01747418 0.00374147 0.00250525
 0.00489153 0.00366711 0.00736881] [4.8910070e-04 9.9478638e-01 1.8261350e-03 1.1040134e-03 2.5985605e-04
 4.1126437e-04 4.5583659e-04 3.2603357e-04 3.4129660e-04] [3.7981881e-04 9.4217795e-04 2.4654430e-03 1.6528397e-04 9.9332023e-01
 7.0366217e-04 3.6720897e-04 1.2770366e-03 3.7918368e-04] [0.00402339 0.00497831 0.00726413 0.97076213 0.0024407  0.00198855
 0.00234505 0.00213344 0.00406426] [3.2971325e-04 3.4227813e-04 1.6147563e-04 3.3746520e-04 9.9360329e-01
 3.3343537e-04 5.5484788e-04 3.9919469e-04 3.9383476e-03] [9.9295712e-01 1.0449971e-03 2.3144889e-03 5.6078669e-04 5.0107820e-04
 1.1892831e-03 6.5711839e-04 4.8106720e-04 2.9406179e-04] [0.11167347 0.08754905 0.06297248 0.05249317 0.06323116 0.1957161
 0.10489613 0.08563816 0.23583035] [9.9778557e-01 2.8581376e-04 2.0683865e-04 1.5580769e-04 2.9870757e-04
 4.8271799e-04 2.2905455e-04 1.8825260e-04 3.6716773e-04] [0.06091496 0.06970845 0.06774259 0.10439339 0.05581956 0.2131616
 0.120765   0.10149249 0.20600195] [8.0798788e-04 2.8041587e-03 9.8566842e-01 1.3472314e-03 1.5800575e-03
 1.3863812e-03 2.2153580e-03 1.3176643e-03 2.8727471e-03] [0.08439551 0.10447533 0.45076656 0.08709858 0.02893536 0.05961996
 0.08397583 0.06144547 0.03928736] [0.03114887 0.02802373 0.05641684 0.0455678  0.05830109 0.20977311
 0.11053248 0.04782845 0.41240767] [9.2272402e-04 1.5422081e-03 2.6940252e-03 1.0084759e-03 9.1971230e-04
 2.1136231e-03 1.0583265e-03 9.8732436e-01 2.4165537e-03] [9.8746663e-01 4.2809648e-03 1.7418105e-03 1.0284133e-03 5.9168320e-04
 1.3384505e-03 2.4380586e-03 7.1259419e-04 4.0140800e-04] [5.0613884e-04 9.8929811e-01 6.4788922e-03 3.7664981e-04 5.1442080e-04
 1.2450689e-03 5.7674677e-04 3.8500587e-04 6.1891542e-04] [0.06977487 0.03719475 0.02421086 0.10732952 0.08105709 0.07136012
 0.08433446 0.05487464 0.46986368] [3.8288793e-04 1.0919094e-03 8.1901124e-04 5.5840053e-04 4.8934837e-04
 7.6544221e-04 9.9499965e-01 4.2999291e-04 4.6333973e-04] [0.00199761 0.00222755 0.00405016 0.9772499  0.00354478 0.00314571
 0.00125777 0.00175937 0.00476715] [3.0258065e-04 5.9588917e-04 1.5453902e-03 1.6894477e-04 3.6234027e-04
 3.1199778e-04 9.9546427e-01 2.2095491e-04 1.0276407e-03] [9.9303154e-04 6.1896007e-04 9.8104356e-04 9.7400528e-01 1.2310836e-03
 1.6885722e-02 1.2845943e-03 7.0468715e-04 3.2955373e-03] [1.8826361e-04 3.5979142e-04 1.2074971e-04 2.2768886e-04 1.8069308e-04
 4.0844153e-04 9.9696892e-01 1.7868385e-04 1.3667312e-03] [4.4298629e-04 1.0402993e-03 2.6461419e-03 6.4250006e-04 9.9106205e-01
 1.0644713e-03 7.3719426e-04 4.6130660e-04 1.9030558e-03] [0.00118008 0.00342502 0.00338207 0.00440448 0.00146924 0.00992948
 0.00447904 0.96885365 0.00287694] [0.04194023 0.10073295 0.4651385  0.21300836 0.03460934 0.03032844
 0.02539856 0.02610396 0.06273969] [4.5591188e-04 2.7356864e-04 2.5980244e-04 5.7366380e-04 6.1582710e-04
 1.0137019e-03 2.6670564e-04 9.9312443e-01 3.4164169e-03] [0.00140062 0.95670027 0.00649008 0.00263176 0.00272759 0.0233187
 0.00225784 0.0019471  0.00252606] [0.12434225 0.30101362 0.10890154 0.06153386 0.07788818 0.11326689
 0.04288315 0.11046436 0.05970615] [2.9955184e-04 7.2140963e-04 2.1780592e-03 4.9849635e-04 9.9466705e-01
 5.3905143e-04 3.1403065e-04 2.5070587e-04 5.3166278e-04] [5.1075174e-04 5.6651159e-04 9.6253527e-04 5.6469243e-04 2.6113068e-04
 2.3139727e-04 9.9622548e-01 4.5729667e-04 2.2026747e-04] [5.8537198e-04 3.8367326e-03 9.8257554e-01 1.0290543e-03 1.0227351e-03
 6.9154082e-03 1.3416497e-03 8.9952466e-04 1.7939565e-03] [8.0495584e-04 9.7757292e-01 1.5442070e-02 1.1658686e-03 9.8615896e-04
 1.3582115e-03 6.7418563e-04 8.3028141e-04 1.1654029e-03] [0.00282364 0.00324783 0.97279155 0.00521459 0.00179132 0.00549705
 0.00289667 0.00335767 0.00237974] [8.5956854e-04 9.9070799e-01 2.2273664e-03 7.1993301e-04 1.0823818e-03
 1.1630050e-03 6.0595857e-04 7.9974555e-04 1.8340136e-03] [0.00317619 0.95718646 0.00470217 0.00593435 0.00257013 0.00916278
 0.00339793 0.0050957  0.00877426] [0.0317085  0.05299631 0.03477943 0.15169573 0.06101996 0.43167046
 0.0823907  0.05516932 0.09856957] [5.54493636e-05 1.54663649e-04 1.11743946e-04 1.86133286e-04
 9.11023453e-05 1.02205807e-03 9.97570932e-01 1.95618355e-04
 6.12260483e-04] [0.00745865 0.01333516 0.01167854 0.01096916 0.01534909 0.01235708
 0.00618097 0.01287703 0.9097943 ] [0.00325243 0.00371693 0.00558734 0.00310761 0.00203716 0.00686722
 0.00425217 0.9654739  0.0057052 ] [0.02605188 0.05375464 0.05205105 0.2275302  0.04929917 0.26275396
 0.05441857 0.05607234 0.21806821] [0.08471297 0.11738773 0.15310763 0.17259865 0.07720596 0.10389336
 0.16121452 0.05613162 0.07374758] [4.3554819e-04 3.8984540e-04 1.8688745e-03 2.2923700e-03 4.7296684e-04
 2.1252343e-03 3.3895238e-04 9.9129838e-01 7.7775371e-04] [0.01974716 0.01435587 0.0172439  0.01057343 0.02496767 0.11740671
 0.02548351 0.02472686 0.74549496] [3.0620987e-04 1.6114763e-04 2.3733366e-04 5.7950511e-04 2.1203056e-04
 3.8822237e-04 3.4081042e-04 9.9461114e-01 3.1635484e-03] [0.04381151 0.07053792 0.60262305 0.06067157 0.04009496 0.04081425
 0.04007628 0.0340248  0.06734564] [9.7833073e-01 1.3497828e-03 1.1516460e-02 3.9165484e-04 9.6416526e-04
 2.7380446e-03 3.7657857e-04 9.4044191e-04 3.3921774e-03] [2.0506945e-04 2.0729251e-04 9.9783341e-05 4.2030314e-04 3.3229505e-04
 7.8164710e-04 9.9617153e-01 4.8448943e-04 1.2975667e-03] [1.9739555e-04 1.8023893e-04 8.8404515e-04 1.0520963e-03 9.8867971e-01
 5.0993747e-04 2.9532908e-04 2.7993211e-04 7.9213716e-03] [0.07733588 0.15184355 0.42823127 0.02416954 0.08344365 0.04073276
 0.07041408 0.06388243 0.0599468 ] [2.9690959e-04 1.5324578e-04 1.5992497e-04 4.7232205e-04 1.9737854e-04
 6.6930032e-04 9.9674833e-01 1.6517125e-04 1.1373706e-03] [8.3348772e-04 1.9298566e-03 1.1210051e-02 9.7909236e-01 8.8332867e-04
 1.3778339e-03 7.8117574e-04 9.1284944e-04 2.9789878e-03] [0.00658466 0.02290962 0.10755641 0.8135929  0.00524351 0.02718232
 0.00412207 0.00720214 0.00560639] [2.8346176e-04 5.9499743e-04 7.5308030e-04 4.4538564e-04 9.9521339e-01
 1.5637318e-03 2.5034457e-04 4.7551244e-04 4.2009357e-04] [1.4829293e-03 1.1160566e-03 1.9427765e-03 1.4776727e-03 1.2121036e-03
 4.3880711e-03 6.7549350e-04 9.7321409e-01 1.4490845e-02] [0.04532172 0.077324   0.02929026 0.11712211 0.04959865 0.07888757
 0.08828268 0.05442304 0.45974997] [4.6350248e-04 1.2933167e-03 8.7704061e-04 5.4221129e-04 4.4818374e-04
 2.6861663e-04 9.9562258e-01 3.0827406e-04 1.7631301e-04] [8.2393619e-04 7.9707173e-04 2.4219451e-03 1.6549254e-03 7.1581977e-04
 9.9037021e-01 8.8592042e-04 9.6497493e-04 1.3651990e-03] [4.7105638e-04 4.7870309e-04 1.1504234e-03 9.7837162e-01 9.0216042e-04
 1.3146640e-03 7.1429205e-04 1.7207988e-03 1.4876345e-02] [0.0044071  0.00564997 0.96796376 0.00758947 0.00189728 0.00554252
 0.00128758 0.00432659 0.00133571] [0.00119052 0.00420593 0.9802171  0.00261818 0.00181064 0.00152857
 0.00121491 0.00348318 0.00373097] [0.02685332 0.06436159 0.6403957  0.09080756 0.02442203 0.01590551
 0.02075506 0.05252267 0.06397656] [0.9233292  0.0051813  0.01717621 0.00727361 0.01658716 0.00207267
 0.01444379 0.00362781 0.01030824] [0.00581675 0.02406964 0.8758493  0.00972459 0.01560825 0.01450673
 0.01958787 0.02049717 0.01433963] [1.1338645e-03 2.6331453e-03 2.5074161e-03 1.2011534e-03 2.0723476e-03
 3.0301381e-03 1.5057478e-03 9.8519289e-01 7.2333787e-04] [9.9521893e-01 1.9090270e-03 7.1170647e-04 4.8526507e-04 3.3877071e-04
 7.0255075e-04 1.8988785e-04 2.5137613e-04 1.9240601e-04] [0.01879505 0.05441412 0.01277575 0.07457093 0.02541624 0.26253563
 0.0888804  0.01565495 0.4469569 ] [0.05702308 0.01981105 0.01787062 0.46255103 0.06474385 0.16676025
 0.08854232 0.06886428 0.05383356] [1.9174934e-03 2.0630779e-03 9.8806816e-01 1.6708064e-03 1.0262062e-03
 1.9267156e-03 1.2314502e-03 9.8207209e-04 1.1139420e-03] [8.8298618e-04 9.0679771e-04 9.5487549e-04 3.3614838e-03 8.7328558e-04
 2.3181944e-03 6.1873096e-04 8.9949185e-01 9.0591744e-02] [3.1165945e-04 5.2045658e-04 6.4487418e-04 2.3734957e-04 9.9594301e-01
 1.2044499e-03 1.1599364e-04 3.4934108e-04 6.7286089e-04] [2.4375273e-03 7.4729050e-04 9.4824348e-04 3.7990811e-03 9.9280104e-04
 9.8465192e-01 1.8687360e-03 1.8567025e-03 2.6976913e-03] [0.0835225  0.27492276 0.1363985  0.04274408 0.03883775 0.1995679
 0.03509108 0.12642689 0.06248855] [4.4141005e-04 9.9003077e-01 3.7384361e-03 3.4844063e-04 3.2629244e-04
 1.3972920e-03 2.6171518e-04 3.7571756e-04 3.0799450e-03] [0.03759483 0.07547735 0.04383436 0.01341899 0.02587545 0.03096946
 0.02636333 0.06848041 0.67798585] [0.00553953 0.9501487  0.01076486 0.005813   0.00801298 0.00748544
 0.00324224 0.00327824 0.00571509] [5.4485886e-04 1.7490260e-03 6.8125031e-03 9.8598331e-01 5.1699579e-04
 8.4347202e-04 4.2646969e-04 1.0867388e-03 2.0366679e-03] [0.0874797  0.26550746 0.21596023 0.16296737 0.04317724 0.09173772
 0.04224438 0.06399658 0.02692932] [1.8964713e-03 7.2625960e-04 1.9872326e-03 2.6823124e-03 2.7454819e-03
 9.4066715e-01 2.3133678e-03 1.4327491e-03 4.5548949e-02] [0.06655229 0.0438154  0.04979633 0.11697377 0.05547766 0.3819282
 0.06069614 0.0762363  0.14852394] [0.00164799 0.00317011 0.00218488 0.00144994 0.00113996 0.98382485
 0.00263938 0.00179185 0.00215104] [2.5231537e-04 1.2945359e-04 3.6726482e-04 3.8752923e-04 1.7437137e-04
 3.5646468e-04 9.9702257e-01 1.4269135e-04 1.1673233e-03] [6.2663644e-04 7.5716933e-04 7.0822646e-04 3.3072062e-04 9.9460524e-01
 4.9707404e-04 5.1103131e-04 1.3705767e-03 5.9337966e-04] [9.8442727e-01 2.0642807e-03 6.0695494e-03 1.0168417e-03 1.8376330e-03
 1.8422392e-03 8.9550286e-04 1.0629685e-03 7.8369968e-04] [0.04889231 0.01432571 0.02184388 0.05903601 0.01960793 0.33158377
 0.0289651  0.03756396 0.4381813 ] [0.00182458 0.00280272 0.00163242 0.9522103  0.00146807 0.00474506
 0.00309315 0.00540396 0.02681974] [0.00299546 0.973257   0.00723042 0.00454941 0.00157488 0.00383305
 0.00298529 0.00222224 0.0013523 ] [0.00969172 0.91159576 0.02054461 0.01136955 0.00586515 0.01579333
 0.00508936 0.01011992 0.00993063] [0.15284684 0.04540171 0.03665238 0.13906753 0.0517427  0.11538134
 0.05670801 0.03853802 0.36366144] [1.6986062e-03 1.3136369e-03 9.9131948e-01 1.1839782e-03 7.8457862e-04
 7.3047052e-04 8.2928257e-04 1.5550547e-03 5.8491417e-04] [0.00250866 0.94303495 0.03816993 0.00288341 0.0021186  0.00601647
 0.0011004  0.00177765 0.00238999] [0.9764969  0.00266735 0.00195481 0.00281794 0.00295755 0.0028559
 0.00279168 0.00466673 0.00279113] [0.03315925 0.02202057 0.02431352 0.08619873 0.02757511 0.03515087
 0.02814299 0.02657793 0.716861  ] [0.04965056 0.04845257 0.06105859 0.06773044 0.06887687 0.2472337
 0.09095144 0.06358104 0.30246475] [0.09922211 0.13458154 0.05906542 0.14410563 0.06600738 0.11902522
 0.12887082 0.09302349 0.15609841] [1.9279253e-03 3.5166711e-04 9.0488658e-04 8.3090493e-04 6.3809747e-04
 4.1594819e-04 3.6122857e-04 9.9340993e-01 1.1593704e-03] [0.00490527 0.9363936  0.01243954 0.007296   0.00518486 0.00353003
 0.00234958 0.00429726 0.02360389] [0.02546435 0.02340121 0.00811614 0.11400125 0.03126451 0.5445748
 0.02538306 0.02032269 0.20747203] [1.0748458e-03 1.7540428e-03 2.6552351e-03 6.8356318e-04 1.0971094e-03
 1.4820261e-03 4.3067144e-04 9.9011564e-01 7.0684112e-04] [0.00216749 0.9421205  0.00913017 0.01688921 0.00354014 0.00446353
 0.00172423 0.00229321 0.01767157] [0.51581925 0.02986895 0.20123164 0.02447185 0.03467689 0.02960854
 0.02521371 0.04147974 0.09762938] [8.9876676e-01 7.7270996e-04 4.2446551e-04 9.7053595e-02 2.2474684e-04
 1.4497297e-03 5.7853543e-04 4.6991199e-04 2.5951597e-04] [0.00639447 0.06548199 0.8966846  0.00916543 0.00352768 0.00441488
 0.00507052 0.00252134 0.00673909] [0.0640993  0.12522344 0.06191263 0.19780833 0.10689109 0.1335962
 0.06950809 0.06307822 0.17788269] [9.8514438e-01 2.9207240e-03 3.0770514e-03 1.5077710e-03 7.9848419e-04
 4.2971061e-03 5.0692720e-04 1.0327193e-03 7.1479619e-04] [0.0025093  0.00221788 0.03620334 0.9480287  0.00198468 0.00273362
 0.0013999  0.0020502  0.00287237] [1.8350579e-04 1.6476467e-04 1.1113314e-04 4.4559452e-04 1.5753758e-04
 3.6529879e-04 9.9646002e-01 3.3929929e-04 1.7728981e-03] [1.0857482e-03 9.8447889e-01 4.7616255e-03 1.0343480e-03 1.8831255e-03
 7.5340248e-04 6.5383618e-04 1.1417208e-03 4.2072344e-03] [1.2569848e-03 1.5358570e-03 8.9780567e-03 1.4840924e-03 9.7910792e-01
 1.5003934e-03 3.4824875e-03 1.6977647e-03 9.5639762e-04] [7.3891304e-02 2.7147584e-04 1.1301212e-04 2.2181103e-03 1.0867943e-03
 1.2339145e-03 9.1952723e-01 2.3030212e-04 1.4278375e-03] [5.9065863e-04 6.0996745e-04 5.7952490e-04 1.4725400e-04 9.9683160e-01
 4.8276104e-04 2.6637746e-04 1.9401030e-04 2.9788684e-04] [0.01570422 0.00179592 0.0061506  0.9634363  0.00140352 0.0031033
 0.00139716 0.00323482 0.0037742 ] [2.6998788e-03 6.5398575e-03 3.1927889e-03 5.9648667e-04 1.1796703e-03
 1.7262885e-03 1.2926752e-03 9.7610450e-01 6.6678459e-03] [3.7730462e-04 1.8209797e-04 3.4880699e-04 7.0424034e-04 4.1575430e-04
 7.9619855e-04 9.9628097e-01 2.1874296e-04 6.7583279e-04] [2.9552530e-04 9.3184819e-04 1.0044817e-03 4.8574441e-04 9.9635649e-01
 3.4189393e-04 1.7349755e-04 2.5114891e-04 1.5942560e-04] [2.9858251e-04 4.9766630e-04 2.6716536e-04 5.4349611e-04 2.7690237e-04
 7.1425718e-04 9.9563736e-01 4.4975369e-04 1.3148524e-03] [5.1476172e-04 2.9843792e-04 6.2056532e-04 8.6096185e-04 4.2886988e-04
 6.3244230e-04 6.1328703e-04 9.9073201e-01 5.2986508e-03] [0.0194226  0.04337912 0.31777167 0.07471824 0.04045588 0.4141472
 0.03818052 0.03070499 0.02121982] [6.4208603e-04 3.2529104e-04 6.6744804e-04 3.6260397e-03 8.2971749e-04
 1.7197016e-03 9.0520241e-04 9.8940957e-01 1.8749078e-03] [4.5639143e-04 4.5996762e-04 1.2975648e-03 3.1993128e-04 3.7958677e-04
 4.1513969e-04 9.9553621e-01 5.3165987e-04 6.0357363e-04] [0.00310833 0.00397328 0.978732   0.00409794 0.00257303 0.00163325
 0.00155176 0.00177756 0.00255287] [0.01006438 0.01351297 0.00611364 0.01021673 0.00995102 0.02655805
 0.80391026 0.02253508 0.09713791] [5.6787475e-04 2.2671900e-03 1.3540263e-03 3.9242124e-04 9.8761499e-01
 5.5559142e-03 6.0191657e-04 5.5597466e-04 1.0896692e-03] [1.5466019e-03 1.8809922e-03 4.8699090e-04 2.2169391e-03 4.8052883e-04
 9.7985315e-01 1.9442721e-03 5.0420116e-04 1.1086378e-02] [0.07106311 0.07742012 0.19511612 0.2705696  0.04272722 0.13277945
 0.08171426 0.06219282 0.06641728] [3.1713309e-04 3.5342350e-04 1.8349863e-04 8.0145395e-04 3.7559521e-04
 1.5107970e-03 7.2102691e-04 9.9461067e-01 1.1263506e-03] [2.1729157e-04 2.9486592e-04 3.1829410e-04 8.0154551e-04 2.6326632e-04
 9.9308455e-01 4.4465865e-04 3.6126454e-04 4.2142319e-03] [1.4591237e-03 4.1315798e-04 7.1769778e-04 7.5666402e-03 1.0749985e-03
 9.7830510e-01 9.2596322e-04 9.3761558e-04 8.5997423e-03] [9.4629836e-04 8.8470080e-04 9.6748542e-04 3.4370212e-04 4.6048232e-04
 1.3704697e-03 3.9347008e-04 9.9312299e-01 1.5104380e-03] [0.01453696 0.03092171 0.05096443 0.04881298 0.02136284 0.02904295
 0.04230346 0.01805161 0.74400306] [2.8425586e-04 1.2735352e-04 1.7887524e-04 3.7054144e-04 2.1144078e-04
 7.1903953e-04 9.9522817e-01 1.7252308e-04 2.7077920e-03] [1.7344805e-04 1.7544073e-04 7.3822339e-05 2.8300402e-04 2.6717887e-04
 8.1696903e-04 9.9320269e-01 1.0767636e-03 3.9306036e-03] [9.9190122e-01 5.5237551e-04 2.0098542e-03 2.8525494e-04 7.3588744e-04
 1.2787263e-03 4.8223065e-04 5.9175061e-04 2.1626737e-03] [0.31349468 0.18508236 0.16974546 0.03301441 0.07306845 0.05307012
 0.07746091 0.05168214 0.04338143] [6.7425525e-04 9.5684431e-04 9.9498874e-01 5.5849430e-04 5.2939996e-04
 1.4352563e-04 5.5223901e-04 4.5618092e-04 1.1402931e-03] [0.03821053 0.02514955 0.02660644 0.03324318 0.06925671 0.07807557
 0.04348634 0.13301496 0.55295676] [0.00317875 0.00371161 0.00231289 0.93526447 0.00423869 0.01179215
 0.00376792 0.00398595 0.0317475 ] [5.3591502e-04 1.1952973e-03 1.3677131e-03 7.5735338e-04 5.2192365e-04
 3.4410137e-04 4.8541115e-04 9.9343538e-01 1.3568675e-03] [0.7432278  0.054181   0.1199552  0.01418183 0.01073501 0.00965147
 0.00701095 0.01290658 0.02815024] [1.1990324e-03 9.3686063e-04 3.6018980e-03 9.3467470e-04 6.3634058e-04
 1.4046647e-03 1.2717341e-03 9.8730087e-01 2.7138400e-03] [0.00640756 0.00894956 0.02360411 0.93238676 0.00355119 0.00399117
 0.00470599 0.00229708 0.01410657] [0.01658187 0.00941773 0.01817208 0.82034236 0.01518648 0.04983178
 0.01433206 0.02564041 0.03049515] [2.6202912e-04 8.2116638e-04 4.8106411e-04 4.8112791e-04 9.9664885e-01
 6.3111691e-04 1.9849706e-04 1.9325904e-04 2.8290419e-04] [0.00481067 0.00545866 0.01242355 0.01025038 0.00612145 0.00660445
 0.00426726 0.9456864  0.00437722] [0.09843215 0.23934439 0.07471368 0.0793427  0.05834099 0.11284591
 0.03847157 0.13152802 0.16698065] [0.00104269 0.00387779 0.00322226 0.0023507  0.00105652 0.00345223
 0.00157168 0.98201674 0.00140944] [0.09244855 0.15938264 0.17715551 0.10642605 0.13100304 0.06145696
 0.05162073 0.08834732 0.13215925] [9.9649459e-01 8.7312283e-04 1.7124474e-04 1.0428278e-03 3.5808567e-04
 3.2705159e-04 2.2382286e-04 2.7282827e-04 2.3638399e-04] [3.0346331e-04 6.1425456e-04 2.0939875e-03 1.1573476e-04 9.9518162e-01
 6.2501925e-04 2.6404529e-04 2.8499556e-04 5.1683706e-04] [0.0535508  0.04456666 0.06113175 0.02497106 0.02412603 0.11425915
 0.01495405 0.01864709 0.6437934 ] [2.1624539e-04 2.2176908e-04 2.5963035e-04 2.8494291e-04 9.9573451e-01
 1.4321158e-03 2.9803184e-04 3.6349543e-04 1.1892294e-03] [1.5296527e-03 8.2100311e-04 1.2368300e-03 1.8126520e-03 2.3368837e-03
 9.8207158e-01 2.2656324e-03 1.2234539e-03 6.7022829e-03] [1.7910643e-01 5.9707806e-04 1.3943175e-03 1.1568122e-03 2.6256207e-04
 2.3658648e-04 8.1602103e-01 3.7911403e-04 8.4610539e-04] [3.3797580e-04 5.9705175e-04 5.9079798e-04 5.8593100e-04 3.1648544e-04
 8.6848147e-04 9.9612975e-01 2.9366885e-04 2.7979034e-04] [0.00573196 0.00258953 0.9463932  0.00694188 0.00597723 0.00853525
 0.00396403 0.01722284 0.00264411] [1.4856231e-04 1.2004330e-04 1.4469094e-04 2.8066227e-04 2.6132469e-04
 1.1602796e-03 9.9427670e-01 2.9608014e-04 3.3116471e-03] [0.00238559 0.00485505 0.00438923 0.00140362 0.00135715 0.00143745
 0.00438545 0.97784483 0.00194162] [0.00129123 0.00301597 0.00378587 0.97063935 0.00318882 0.0033854
 0.00138459 0.00303689 0.0102719 ] [1.2748125e-03 2.4453208e-03 9.9038953e-01 1.0884661e-03 1.4264961e-03
 4.6779803e-04 1.0692055e-03 6.3412765e-04 1.2042583e-03] [9.9178207e-01 7.3397334e-04 2.5007124e-03 9.6376438e-04 4.6681135e-04
 6.2166760e-04 6.5546850e-04 1.2980882e-03 9.7738730e-04] [0.0039288  0.9565464  0.00513781 0.00521997 0.00488436 0.00679583
 0.00320012 0.00627483 0.00801191] [6.2914327e-04 3.2438824e-03 3.7940820e-03 2.0362153e-03 9.8861301e-01
 4.0071865e-04 3.1605308e-04 3.7855466e-04 5.8833952e-04] [0.08451517 0.16535306 0.15999961 0.09221197 0.09438769 0.18676215
 0.06276784 0.10651343 0.04748911] [1.0902942e-04 1.6058891e-04 3.6323565e-04 1.3463004e-03 2.5918341e-04
 9.1851177e-04 9.9539965e-01 1.6426068e-04 1.2792523e-03] [9.9624431e-01 5.9615640e-04 8.5625850e-04 1.9093741e-04 6.6232373e-04
 1.4197454e-04 1.8318703e-04 8.5359323e-04 2.7127351e-04]",1 3 5 5 7 4 5 5 3 1 0 3 8 4 8 4 3 5 8 1 0 1 6 0 3 4 1 1 5 7 2 8 8 3 7 4 6 3 4 1 2 0 1 3 0 8 3 8 4 4 6 2 2 2 1 4 3 4 0 5 0 8 2 2 5 7 0 1 8 6 3 6 3 6 4 7 2 7 1 0 4 6 2 1 2 1 1 5 6 8 7 5 0 7 8 7 2 0 6 4 8 6 3 3 4 7 8 6 5 3 2 2 2 0 2 7 0 5 3 2 8 4 5 8 1 8 1 3 2 5 8 5 6 4 0 8 3 1 1 3 2 1 0 8 5 8 7 1 5 7 1 1 0 2 3 0 3 6 1 4 6 4 0 7 6 4 6 7 2 7 6 2 6 4 5 8 7 5 5 7 8 6 6 0 0 2 8 5 7 0 7 3 3 4 7 5 7 5 0 4 8 4 5 6 6 2 6 7 3 2 0 1 4 7 6 0
1468,0,xgboost,0.0,20000,19144,0.8240740740740741,0.9718605324074073,"[5.7761278e-04 2.5074676e-04 2.7507884e-04 1.6685721e-03 2.7548234e-04
 9.9239975e-01 2.8827987e-04 5.5902312e-04 3.7055248e-03] [0.39534804 0.12217896 0.06049487 0.03089546 0.03575846 0.06746157
 0.03466819 0.08556291 0.16763154] [5.6275609e-04 6.1209057e-04 1.1569359e-03 9.9283493e-01 4.6984348e-04
 1.9008701e-03 4.1540840e-04 4.8248458e-04 1.5647692e-03] [0.06606405 0.13420418 0.24481933 0.11337517 0.06444509 0.12914638
 0.06117188 0.06551525 0.12125869] [3.8044454e-04 3.3753912e-04 1.4443311e-04 1.5184273e-03 2.5634179e-04
 6.0005783e-04 9.9480766e-01 3.1310337e-04 1.6419765e-03] [8.3956082e-04 1.4187851e-03 9.7896922e-01 7.5759082e-03 7.0029491e-04
 3.3993360e-03 1.2774942e-03 1.3120139e-03 4.5073889e-03] [0.03083605 0.04066597 0.11202809 0.02043122 0.02176557 0.06251071
 0.05547526 0.07670817 0.57957894] [9.3968969e-04 9.8509407e-01 3.8016296e-03 1.8424358e-03 6.2345649e-04
 4.0294765e-03 1.2729494e-03 8.6043240e-04 1.5358465e-03] [5.6053902e-04 2.1259214e-03 2.2354072e-03 2.0708658e-03 6.7698857e-04
 9.9021778e-04 9.6249674e-04 9.8897636e-01 1.4012307e-03] [3.2160079e-04 8.7053346e-04 9.3074603e-04 1.1677957e-03 9.9472731e-01
 4.7488307e-04 2.6137879e-04 3.8188670e-04 8.6390809e-04] [4.6035947e-04 7.6527626e-04 5.0674786e-04 6.0730171e-04 9.9660134e-01
 2.2730514e-04 2.9234806e-04 2.4577454e-04 2.9353148e-04] [0.00771271 0.03311481 0.02587528 0.87956035 0.00763168 0.00581254
 0.0105506  0.01956755 0.0101745 ] [0.9629399  0.01370195 0.00217112 0.00313076 0.00196916 0.00577939
 0.00297116 0.00262474 0.00471179] [0.20634718 0.07764667 0.15771376 0.03193816 0.03366495 0.04203518
 0.04707345 0.07814362 0.325437  ] [9.9584049e-01 1.1164935e-03 1.2623140e-04 5.9748028e-04 2.6345969e-04
 7.0626131e-04 3.4672333e-04 7.5500942e-04 2.4778041e-04] [0.04924695 0.07756824 0.06798633 0.15180656 0.07590232 0.12440962
 0.09164972 0.10954326 0.25188696] [0.00395561 0.00463861 0.00308245 0.9434677  0.00347431 0.00260315
 0.00548126 0.00229055 0.03100641] [0.08603138 0.008874   0.0053664  0.8577808  0.0044478  0.00649509
 0.00697215 0.01190829 0.0121241 ] [4.9284397e-04 2.3148390e-03 3.7014432e-04 3.3465819e-04 3.6861212e-04
 5.0805276e-04 4.7246381e-04 9.9208117e-01 3.0572198e-03] [0.01371778 0.01266567 0.01768748 0.00483169 0.00382541 0.01575109
 0.00640674 0.9215614  0.00355269] [0.00278493 0.95970654 0.01169103 0.00345834 0.00347371 0.00491492
 0.0034395  0.00210269 0.00842833] [7.7306957e-04 9.9216169e-01 2.2666447e-03 8.7719050e-04 7.4131205e-04
 7.8808243e-04 9.2487084e-04 6.4331567e-04 8.2381949e-04] [3.8834877e-04 2.0046743e-04 1.8463576e-04 2.3254484e-03 2.3505330e-04
 4.2492413e-04 9.9126786e-01 6.1559048e-04 4.3577282e-03] [0.01136826 0.01117841 0.01577444 0.10512459 0.01649911 0.03084077
 0.01901663 0.01770254 0.77249527] [9.9540049e-01 5.2681693e-04 9.0376666e-04 5.7370390e-04 1.9447257e-04
 5.1305589e-04 2.3405220e-04 1.7603075e-04 1.4776411e-03] [2.2040469e-04 2.5755659e-04 4.4725029e-04 4.6509376e-04 9.9534708e-01
 1.4807140e-03 3.2617128e-04 4.3406693e-04 1.0216847e-03] [5.6268490e-04 8.4111252e-04 9.9512637e-01 8.9131965e-04 4.3812208e-04
 3.9426459e-04 5.8623188e-04 7.6977891e-04 3.9007203e-04] [5.2785833e-04 3.9123988e-04 7.8213250e-04 6.4752012e-04 9.9679011e-01
 2.0291703e-04 2.2841417e-04 2.3558327e-04 1.9419806e-04] [0.03059379 0.04114407 0.01732745 0.08017626 0.04414789 0.57337904
 0.04697289 0.100867   0.06539155] [0.00357452 0.97390634 0.00363473 0.00300045 0.00264451 0.00523059
 0.00249546 0.00277063 0.00274276] [1.1009779e-03 4.8449630e-04 5.0256896e-04 1.4407241e-03 5.1611883e-04
 2.3085400e-03 7.5463788e-04 9.9112540e-01 1.7665518e-03] [0.02642138 0.02215152 0.0184991  0.1258898  0.04778942 0.03195134
 0.0414355  0.06485389 0.62100804] [7.1433251e-04 1.5947663e-03 9.1833877e-04 2.2379153e-03 9.9009830e-01
 8.1869814e-04 1.0528304e-03 6.1876682e-04 1.9460350e-03] [0.0619957  0.09929521 0.04719152 0.09847151 0.01990242 0.06821589
 0.06104007 0.03131003 0.51257765] [9.9768436e-01 6.4247451e-04 3.7513109e-04 2.8509580e-04 1.8582506e-04
 1.0498265e-04 1.7111335e-04 3.5283918e-04 1.9812201e-04] [0.02761339 0.0332417  0.02731106 0.03722184 0.03196693 0.06228681
 0.03906552 0.0314666  0.7098262 ] [0.01117842 0.04316784 0.0146851  0.8633614  0.0121614  0.01117152
 0.01752832 0.0153671  0.0113788 ] [9.8667127e-01 2.1727167e-03 2.7257614e-03 1.3487116e-03 8.7026815e-04
 2.0298837e-03 1.0431731e-03 2.3163324e-03 8.2189712e-04] [0.09705677 0.24952556 0.21547677 0.04433334 0.12056603 0.08263839
 0.08832289 0.05949211 0.04258815] [0.00270018 0.00425887 0.00638635 0.9631035  0.00264198 0.00549139
 0.00262289 0.0030085  0.00978643] [0.00517982 0.00632825 0.00391262 0.00613936 0.00841337 0.0091182
 0.02083995 0.01289546 0.927173  ] [4.1180648e-04 4.0982408e-04 5.5452844e-04 1.4464303e-03 5.1238667e-04
 8.0752536e-04 1.2992561e-03 9.8891175e-01 5.6464775e-03] [0.00142751 0.00285057 0.96545637 0.01051136 0.00187519 0.00548044
 0.0027058  0.00297749 0.00671531] [6.4117281e-04 5.7034480e-04 5.1152351e-04 5.9905217e-04 9.9396944e-01
 6.7624979e-04 3.6754448e-04 6.6386856e-04 2.0008399e-03] [1.2824048e-03 9.8642051e-01 2.5397150e-03 3.5934749e-03 7.5937447e-04
 1.1732134e-03 6.3702452e-04 1.8510296e-03 1.7432873e-03] [1.7666265e-04 2.6657130e-04 2.7305167e-04 6.3153444e-04 2.1330423e-04
 5.0105638e-04 9.9569690e-01 3.5294675e-04 1.8879613e-03] [0.01844956 0.01466337 0.01013337 0.0281954  0.01196481 0.01646562
 0.01848662 0.540607   0.34103426] [9.9478251e-01 1.2924097e-03 7.3365873e-04 1.3647795e-03 2.9648346e-04
 6.1498623e-04 3.4671222e-04 1.5207844e-04 4.1643495e-04] [8.5370051e-04 9.6466041e-01 2.6708510e-02 1.5068457e-03 6.5706647e-04
 6.9496193e-04 1.0183214e-03 8.0867752e-04 3.0915369e-03] [1.3696960e-03 8.5155800e-04 8.1991061e-04 1.0640948e-03 9.0030883e-04
 9.8736644e-01 1.2409834e-03 8.9389109e-04 5.4931375e-03] [0.04043484 0.03129195 0.02539514 0.464737   0.02927424 0.14835036
 0.07627967 0.05524157 0.12899518] [5.9393642e-04 3.0378152e-03 9.8868549e-01 2.6841494e-03 6.4219040e-04
 1.7937412e-03 5.4822222e-04 6.4891006e-04 1.3654701e-03] [0.00951583 0.8981154  0.03193424 0.00595168 0.00616377 0.01882692
 0.00810183 0.01570428 0.00568605] [0.07121336 0.05635073 0.06544298 0.11008592 0.05498709 0.22838448
 0.08496404 0.07830547 0.25026596] [5.3623557e-04 2.3078386e-04 2.7619739e-04 8.7079976e-04 9.9348128e-01
 6.7382149e-04 2.4860859e-04 2.1882395e-04 3.4634257e-03] [0.00660435 0.0101968  0.00673747 0.02327224 0.0101602  0.27803603
 0.01760516 0.46895397 0.17843379] [0.00774235 0.00226224 0.00463456 0.85141826 0.00501471 0.0381108
 0.01232196 0.00617857 0.07231656] [0.00595902 0.00506116 0.9739681  0.00181781 0.00159152 0.0037268
 0.00259949 0.00194325 0.0033328 ] [0.13753161 0.05328813 0.18135734 0.06664658 0.05350876 0.31829682
 0.04975614 0.0670758  0.07253881] [0.97756016 0.00284648 0.00401798 0.00273198 0.00197    0.00176111
 0.00325145 0.00325863 0.00260218] [0.10328603 0.13436101 0.13722536 0.11208473 0.06621743 0.21663788
 0.0432649  0.05608336 0.13083933] [1.1038339e-03 1.7902970e-03 4.6924734e-03 1.9134447e-03 9.8474705e-01
 2.3446742e-03 1.0939754e-03 4.0040712e-04 1.9138899e-03] [1.4098084e-03 1.8141691e-03 1.2130773e-03 1.0910524e-03 6.1869447e-04
 3.6345184e-04 7.0150575e-04 9.9167013e-01 1.1181106e-03] [3.0493655e-04 2.4171422e-04 2.9136345e-04 5.8799918e-04 3.9527635e-04
 3.4397072e-04 9.9672627e-01 4.6060845e-04 6.4784061e-04] [0.02204471 0.03632457 0.79882354 0.03021646 0.01088997 0.05569972
 0.00945072 0.01075701 0.02579326] [7.7359023e-04 9.9073011e-01 1.9388427e-03 1.8598498e-03 4.9485645e-04
 6.0426618e-04 1.4887542e-03 1.3983757e-03 7.1132567e-04] [5.3299411e-04 9.9549305e-01 8.2219479e-04 3.0049673e-04 6.0531532e-04
 4.8895506e-04 6.1969366e-04 6.1684573e-04 5.2038667e-04] [0.02839828 0.08175888 0.02164521 0.14138481 0.03145673 0.23247454
 0.0643572  0.04102781 0.3574966 ] [4.9078703e-04 4.9191399e-04 5.0189585e-04 1.1752000e-03 7.6170615e-04
 2.3549893e-03 1.5509416e-03 9.9079859e-01 1.8739549e-03] [0.24079387 0.08895242 0.12758268 0.17791948 0.06596731 0.11303557
 0.0693482  0.05999458 0.05640593] [0.02261264 0.03525034 0.4577848  0.09041686 0.0327509  0.06692488
 0.04130873 0.13733259 0.11561824] [0.04432362 0.03231805 0.04527042 0.11828855 0.04311474 0.15704288
 0.09271844 0.05816512 0.40875813] [0.15463136 0.08270501 0.28088012 0.10085748 0.04754778 0.08571434
 0.06197396 0.07260971 0.11308023] [3.5228342e-04 6.6080928e-04 9.9937641e-04 3.4973634e-04 9.9546045e-01
 7.6039607e-04 3.1956969e-04 3.8131134e-04 7.1603153e-04] [0.12126819 0.07777559 0.39823154 0.01958613 0.04370348 0.04501655
 0.06978174 0.04846348 0.17617328] [2.7246095e-04 6.4962154e-04 1.3088457e-03 4.0471277e-04 2.2216926e-04
 6.4599345e-04 9.9555826e-01 4.8131560e-04 4.5657135e-04] [4.8992876e-04 8.0827915e-04 8.7299774e-04 1.0132303e-03 6.9131231e-04
 9.2439592e-04 1.2670615e-03 9.7496390e-01 1.8968908e-02] [0.04998054 0.05037793 0.04556461 0.19532071 0.02862545 0.0793572
 0.03299634 0.0281371  0.4896401 ] [0.00280559 0.00603565 0.97497934 0.00216686 0.00116517 0.00338789
 0.0019834  0.00181964 0.00565653] [4.2492477e-04 7.5941626e-04 9.9491456e-04 4.0531991e-04 3.9581553e-04
 2.9561843e-04 4.0839546e-04 9.9588770e-01 4.2787500e-04] [0.02833637 0.03023002 0.03126235 0.06373286 0.02534712 0.06396204
 0.03274155 0.05118886 0.6731988 ] [0.0392708  0.05027065 0.02036387 0.12330958 0.0402357  0.08442586
 0.03280359 0.0485189  0.560801  ] [9.9797994e-01 3.2707929e-04 3.3014984e-04 2.2400304e-04 1.6972938e-04
 3.2641774e-04 2.8069763e-04 2.7534144e-04 8.6616150e-05] [2.9238750e-04 1.8149920e-04 2.5489312e-04 6.4406055e-04 3.4855926e-04
 2.6537254e-03 9.9428529e-01 1.9229317e-04 1.1472543e-03] [7.9008413e-04 9.9297619e-01 1.7198421e-03 1.0598727e-03 7.9078070e-04
 5.3896988e-04 5.0513691e-04 7.0479361e-04 9.1436075e-04] [9.8418933e-01 1.7267730e-03 5.0588939e-03 1.3331830e-03 8.5198163e-04
 1.4658190e-03 1.7130004e-03 1.2624766e-03 2.3985386e-03] [0.00219516 0.00165146 0.00318477 0.96362966 0.00149219 0.00418846
 0.0019847  0.00147458 0.02019904] [0.0012358  0.0030433  0.00123696 0.9718892  0.00126362 0.00918919
 0.00112358 0.00188268 0.00913568] [3.4759354e-04 2.9564984e-04 7.4567756e-04 4.4794040e-04 9.9546921e-01
 1.2371511e-03 2.8249304e-04 4.8938976e-04 6.8489957e-04] [3.8980675e-04 8.3033484e-04 8.2667504e-04 8.5196987e-04 9.9414909e-01
 4.8542875e-04 1.6299533e-03 6.4623018e-04 1.9048844e-04] [0.00860646 0.86096793 0.05408119 0.02679177 0.0047345  0.00694459
 0.01383399 0.01221375 0.01182584] [5.7402550e-04 3.0570797e-04 2.7968257e-04 6.5172999e-04 2.2464170e-04
 5.2401843e-04 9.9426770e-01 7.7025575e-04 2.4022600e-03] [0.08673115 0.13080594 0.21495232 0.13820006 0.04975602 0.1682433
 0.06447479 0.05673882 0.09009756] [5.7701184e-04 1.3287095e-03 1.1185271e-03 1.3245839e-03 5.0800823e-04
 7.1474101e-04 3.9290625e-04 9.9322951e-01 8.0598221e-04] [1.0228555e-03 2.2008612e-03 5.2833819e-04 5.8891447e-03 1.2217606e-03
 9.8466313e-01 1.2307649e-03 1.5244122e-03 1.7187828e-03] [4.4700527e-04 1.8479308e-03 1.2707573e-03 5.5144564e-04 4.2045995e-04
 9.1595447e-04 7.1095780e-04 9.9343657e-01 3.9899378e-04] [3.1104477e-04 4.1500269e-04 2.1585917e-04 6.1843300e-04 4.3029035e-04
 7.7117397e-04 9.9463403e-01 3.8213885e-04 2.2220740e-03] [9.9509060e-01 2.4926779e-03 2.3920750e-04 7.1752770e-04 2.1387688e-04
 5.0619978e-04 2.3721723e-04 3.5167162e-04 1.5100533e-04] [2.3723555e-04 5.8435206e-04 1.8009682e-03 2.7815989e-04 9.9465513e-01
 1.5639520e-03 3.6537836e-04 3.0153251e-04 2.1332891e-04] [0.004183   0.00927774 0.05097503 0.8974111  0.00574031 0.00892724
 0.00939273 0.0109259  0.00316691] [0.08391836 0.07519578 0.08362959 0.14056139 0.09286254 0.15610749
 0.1225191  0.08743718 0.15776858] [7.0326263e-04 4.3222235e-04 2.6489419e-04 9.9855487e-04 4.0636340e-04
 9.8586178e-01 6.4034341e-04 1.2369162e-03 9.4556967e-03] [9.8984176e-01 1.5946937e-03 2.4787069e-03 1.0048136e-03 4.4441401e-04
 7.7674858e-04 1.2985526e-03 6.3095125e-04 1.9294167e-03] [0.04294173 0.1721699  0.38744724 0.15279397 0.03675138 0.05122575
 0.03135512 0.05024955 0.07506534] [2.4311547e-04 5.7535636e-04 3.0252401e-04 4.3621365e-04 2.3834180e-04
 7.6135149e-04 9.9424666e-01 5.2733155e-04 2.6691528e-03] [0.10298932 0.17214842 0.13259836 0.03218004 0.04574042 0.26284835
 0.05678246 0.12154584 0.07316681] [1.6447235e-04 2.0425391e-04 1.2278814e-04 4.0262545e-04 2.1883885e-04
 1.1530239e-03 9.9223548e-01 9.4361021e-04 4.5548514e-03] [9.9517339e-01 1.0392219e-03 6.7752949e-04 2.3744066e-04 3.3116873e-04
 1.1759026e-03 3.0135116e-04 5.4933771e-04 5.1468500e-04] [2.2560873e-03 1.7100800e-03 2.8905899e-03 8.7929587e-04 1.0961662e-03
 9.8593652e-01 1.9258666e-03 1.1365170e-03 2.1688680e-03] [0.07465982 0.14271112 0.11413166 0.11398933 0.07962742 0.13389678
 0.14692819 0.08057689 0.11347883] [0.03475448 0.08392558 0.5617241  0.08386974 0.03303329 0.03256598
 0.0487869  0.03728238 0.08405747] [2.7071364e-04 2.8519068e-04 1.8566952e-04 8.5267873e-04 2.7217649e-04
 1.7510512e-03 9.9465179e-01 4.8818739e-04 1.2424566e-03] [0.036243   0.08912314 0.33256936 0.05989677 0.04848035 0.02362198
 0.03269013 0.02433577 0.3530395 ] [9.8545527e-01 2.4704717e-03 2.7062311e-03 3.3263350e-03 8.7726180e-04
 1.6079406e-03 1.2502613e-03 7.4517232e-04 1.5610674e-03] [0.02231915 0.02430847 0.01860388 0.08876076 0.03151583 0.09211762
 0.05468666 0.0390219  0.62866575] [0.03560171 0.05023316 0.03044803 0.12452655 0.0578396  0.05733353
 0.04283046 0.14086992 0.46031705] [2.6981518e-02 1.6405748e-04 8.3520230e-05 4.4361386e-04 1.1937110e-04
 1.3649049e-03 9.6846282e-01 1.2398645e-04 2.2562479e-03] [0.00583123 0.9226613  0.01154171 0.00658333 0.00492439 0.01834354
 0.0125342  0.00454123 0.01303905] [8.1708498e-04 3.6951315e-03 2.5039844e-03 9.8717064e-01 9.0006634e-04
 1.9190541e-03 8.7902107e-04 1.0776720e-03 1.0373185e-03] [0.02871924 0.02736767 0.06481273 0.07337684 0.03912844 0.54956037
 0.04091028 0.0354916  0.14063284] [1.7366067e-03 4.3161418e-03 7.2240639e-03 8.5898931e-04 1.6305122e-03
 3.8181178e-03 2.7273225e-03 9.7230339e-01 5.3847916e-03] [0.02807504 0.03017977 0.01456457 0.06904872 0.02488164 0.14826825
 0.02814833 0.01856424 0.6382694 ] [2.1832685e-04 1.9909033e-04 1.6757654e-04 4.4904565e-04 3.1602776e-04
 4.9171818e-04 9.9657494e-01 3.2292781e-04 1.2602712e-03] [0.02577572 0.02572563 0.01810342 0.12983829 0.02065981 0.0272593
 0.02994387 0.03809079 0.6846032 ] [0.00318832 0.0029455  0.01705207 0.93671554 0.00180062 0.01255345
 0.00293828 0.00240596 0.02040024] [1.2019569e-03 3.1084057e-03 9.8323363e-01 3.7306773e-03 8.8854774e-04
 2.2394538e-03 1.4083203e-03 1.4791839e-03 2.7098658e-03] [3.6252095e-04 7.0762931e-04 1.1550090e-03 1.6529662e-04 2.7249195e-04
 2.0956257e-04 9.9638110e-01 2.8413555e-04 4.6233594e-04] [0.20302364 0.04840986 0.02573347 0.02206895 0.02109155 0.01899376
 0.02685319 0.6132536  0.02057193] [0.07806908 0.11224314 0.1169545  0.06028762 0.07744426 0.3256929
 0.0433879  0.07590576 0.1100149 ] [1.7974088e-03 9.9192655e-01 1.2025262e-03 1.9164097e-03 6.3481811e-04
 8.5648434e-04 4.5010468e-04 8.9783710e-04 3.1786144e-04] [1.1030867e-03 1.4566793e-03 1.3335060e-03 1.8728488e-03 8.3489623e-04
 9.8425412e-01 1.4972957e-03 1.5146110e-03 6.1329398e-03] [0.00759319 0.00349163 0.00516639 0.8226117  0.00571358 0.0649045
 0.00765201 0.00822674 0.07464025] [0.06221625 0.05566331 0.02972519 0.10503265 0.07363038 0.12323607
 0.17941537 0.0606912  0.31038955] [0.01437373 0.02597205 0.00768487 0.01163573 0.01023361 0.02040425
 0.01006967 0.00929262 0.8903335 ] [0.00530352 0.00239509 0.00432324 0.90176827 0.00467437 0.0404906
 0.00715936 0.0047809  0.02910463] [9.0383430e-04 1.8274119e-03 9.8827273e-01 3.8558852e-03 8.7729451e-04
 1.4324520e-03 1.1187179e-03 6.3506415e-04 1.0766118e-03] [0.04221414 0.07207682 0.04735465 0.11732669 0.0624924  0.12285813
 0.09497903 0.10669311 0.334005  ] [4.2142175e-04 6.3220860e-04 8.2211749e-04 5.8184407e-04 9.9577832e-01
 6.9707690e-04 3.1667502e-04 3.2071545e-04 4.2960467e-04] [3.2122372e-04 9.9380177e-01 1.7155884e-03 7.3174323e-04 4.2133397e-04
 5.8092450e-04 8.5535174e-04 7.3631963e-04 8.3573832e-04] [0.00782578 0.00670413 0.00432462 0.9204109  0.00773187 0.01505152
 0.00665144 0.0063186  0.02498119] [0.05359135 0.15052216 0.4785217  0.10629515 0.03116526 0.0366765
 0.04148776 0.0819345  0.01980557] [0.01090835 0.00667269 0.00917071 0.9300907  0.00624253 0.01603759
 0.0062165  0.00708078 0.00758015] [1.0035173e-03 9.9277955e-01 1.9296274e-03 3.5024391e-04 5.9486862e-04
 3.9788397e-04 8.2522060e-04 7.5765140e-04 1.3614724e-03] [0.00855842 0.01291248 0.01244537 0.9270706  0.00386939 0.01388999
 0.00746124 0.00558592 0.00820654] [0.05283624 0.06678324 0.02158335 0.06020224 0.0464674  0.1484289
 0.09565556 0.10140155 0.4066415 ] [0.04191732 0.05849794 0.03208974 0.0918958  0.05681947 0.34952694
 0.11566804 0.07153422 0.18205057] [0.00388646 0.00256335 0.02136641 0.9435078  0.00198994 0.00634234
 0.00458917 0.00411772 0.01163681] [1.4893324e-04 9.2564482e-04 3.3099414e-03 1.3122852e-03 9.9233830e-01
 6.2962872e-04 2.8814192e-04 7.3022401e-04 3.1683707e-04] [2.20280932e-03 3.81041155e-03 1.23267565e-02 5.84794581e-03
 2.01874808e-03 3.60901165e-03 3.61861335e-03 9.65634763e-01
 9.30944108e-04] [1.0965117e-03 5.9224339e-04 5.9113228e-03 9.8546118e-01 1.0615822e-03
 1.8332598e-03 1.0751801e-03 8.2618499e-04 2.1425968e-03] [7.1350572e-04 2.8239744e-04 2.8926611e-04 1.3999025e-03 2.8901105e-04
 3.2452624e-03 9.7771043e-01 7.4598758e-04 1.5324242e-02] [0.03270757 0.04304215 0.6894539  0.0248088  0.01476497 0.1436001
 0.01428552 0.02362715 0.01370977] [1.4623194e-03 5.9093977e-04 2.7816780e-04 2.0371980e-03 6.7327049e-04
 4.8459554e-03 7.6695322e-04 9.8716879e-01 2.1764259e-03] [0.08000258 0.12912577 0.16259928 0.09731402 0.0552229  0.10135237
 0.04879894 0.19795716 0.12762696] [3.8649529e-04 9.9529982e-01 6.2527740e-04 7.7590311e-04 4.9105322e-04
 1.2468554e-04 4.1087548e-04 6.4888911e-04 1.2369347e-03] [0.05075331 0.05348688 0.06310575 0.01955906 0.06588216 0.15695623
 0.02493837 0.05148065 0.5138376 ] [0.03752265 0.04474178 0.02092423 0.06378075 0.02819637 0.5935586
 0.04476009 0.0416932  0.12482232] [0.00168977 0.0034683  0.00908415 0.00458046 0.00153782 0.97128016
 0.00235945 0.00196419 0.00403569] [0.05385242 0.03735009 0.09390951 0.0251495  0.02613932 0.04749104
 0.02331474 0.03752517 0.6552682 ] [0.07528329 0.20456012 0.05262201 0.0949109  0.06594235 0.18449655
 0.07583902 0.11288255 0.13346325] [0.00869314 0.93227315 0.01461405 0.01067719 0.00496471 0.00403433
 0.00643663 0.00904963 0.0092571 ] [0.01848592 0.02062645 0.05200999 0.0099376  0.01469809 0.02085097
 0.02080221 0.8141399  0.02844881] [0.00513244 0.0040665  0.00485151 0.904082   0.00563969 0.01975452
 0.0058548  0.0050261  0.04559245] [0.05218423 0.0356586  0.06649847 0.39627665 0.03773513 0.22054009
 0.04634009 0.02640419 0.11836255] [9.9056786e-01 1.2305720e-03 9.3150861e-04 6.6780165e-04 5.5202818e-04
 1.7474733e-03 6.2383176e-04 1.1938848e-03 2.4850166e-03] [6.7955954e-04 9.9125451e-01 2.4403990e-03 7.4783963e-04 5.5301987e-04
 1.6140987e-03 1.0575181e-03 6.7172921e-04 9.8135218e-04] [4.1696796e-04 1.3215513e-03 9.7823481e-04 3.0692559e-04 9.9506468e-01
 4.2390361e-04 5.4327666e-04 4.4208096e-04 5.0239608e-04] [0.04311911 0.03693606 0.05910203 0.07695495 0.02483659 0.30844548
 0.03557785 0.24108095 0.173947  ] [0.03211219 0.04191883 0.01321618 0.08272071 0.03063612 0.08376705
 0.04507398 0.02523631 0.64531857] [1.8678743e-03 2.4542622e-03 1.8618632e-03 3.4613069e-03 9.8540199e-01
 8.9228782e-04 8.4480766e-04 1.3254058e-03 1.8902095e-03] [2.7005462e-04 4.2973834e-04 2.0809675e-04 3.1397829e-04 2.1412440e-04
 2.8531585e-04 1.4585898e-04 9.9779391e-01 3.3887071e-04] [0.05368434 0.06984437 0.02087305 0.07632983 0.03972601 0.08334175
 0.1029381  0.06756676 0.48569584] [0.1073785  0.10260352 0.20866545 0.04545516 0.04429684 0.29021847
 0.09936187 0.04686314 0.05515704] [2.2850485e-04 3.7914058e-04 4.9248763e-04 4.0373564e-04 9.9724197e-01
 4.7639405e-04 1.9407053e-04 3.9524407e-04 1.8844148e-04] [0.00120323 0.00149311 0.00900829 0.0027143  0.00123546 0.00454239
 0.00168604 0.9712461  0.00687103] [1.8837045e-04 4.8911799e-04 2.9518874e-04 4.1071323e-04 1.6132150e-04
 1.0090858e-03 9.9540883e-01 2.0531952e-04 1.8320123e-03] [0.11809044 0.11911436 0.09199998 0.10315978 0.06659046 0.18567127
 0.05794117 0.06596115 0.19147137] [0.9765087  0.00278941 0.00337881 0.00318358 0.00175202 0.00758686
 0.00176367 0.00114484 0.00189219] [3.1570223e-04 5.2567461e-04 2.3868575e-04 3.0560387e-04 9.9735594e-01
 4.1043723e-04 4.0132651e-04 2.9407186e-04 1.5255783e-04] [2.2806130e-04 3.8840878e-04 5.2622199e-04 6.5263838e-04 1.7482530e-04
 2.2063213e-03 9.9542099e-01 2.9052797e-04 1.1202988e-04] [0.04775498 0.05069495 0.10552642 0.3920127  0.03965614 0.08905753
 0.03761074 0.07555956 0.16212697] [6.5625040e-04 7.6670555e-04 6.0911966e-04 7.8301772e-04 9.8583895e-01
 3.2898202e-03 1.1256491e-03 2.2956440e-03 4.6348996e-03] [1.2454564e-04 1.9931038e-04 1.5112769e-04 6.3018897e-04 2.5890765e-04
 1.4762908e-03 9.9540126e-01 1.9964215e-04 1.5587239e-03] [9.9692094e-01 3.1136032e-04 1.1902213e-03 2.6885461e-04 1.4811172e-04
 2.6670081e-04 3.8355941e-04 2.8015493e-04 2.3009142e-04] [0.00442871 0.00498604 0.04131859 0.0040108  0.00623577 0.01522031
 0.8996893  0.00959702 0.01451338] [0.94371593 0.00285688 0.00211489 0.00397829 0.00137625 0.00651879
 0.00139671 0.00325206 0.03479017] [0.10763639 0.4039752  0.11250234 0.04455334 0.07615281 0.06708337
 0.05728406 0.07675736 0.05405511] [0.03755588 0.10788304 0.08976794 0.08488758 0.07017545 0.11384735
 0.12848379 0.09838158 0.2690174 ] [1.5458545e-03 9.8658293e-01 1.8878639e-03 7.4649084e-04 9.3931844e-04
 1.9823001e-03 1.6454782e-03 1.7515438e-03 2.9182225e-03] [3.6545846e-04 8.6507609e-04 6.1364728e-04 3.7356533e-04 9.9632299e-01
 5.2957243e-04 2.0405333e-04 4.3856585e-04 2.8707742e-04] [9.8842906e-04 6.3208223e-04 4.0726359e-03 9.8110330e-01 1.1477584e-03
 7.0586773e-03 1.5086901e-03 7.1772170e-04 2.7706348e-03] [0.00211269 0.97948426 0.00242298 0.00268412 0.00143869 0.00138267
 0.0025169  0.00241702 0.00554063] [0.06663664 0.05428265 0.02510357 0.08217681 0.03666199 0.38371697
 0.11258373 0.07961618 0.15922149] [0.00238025 0.01127397 0.00543762 0.00383032 0.00222621 0.00850252
 0.00175241 0.96028864 0.00430803] [9.8769413e-04 8.6778350e-04 2.4404330e-03 2.2305916e-03 9.9013909e-04
 9.0177020e-04 3.4939643e-04 9.8768765e-01 3.5445299e-03] [0.01115948 0.02735696 0.8795705  0.00481774 0.01059039 0.013543
 0.01148108 0.03059724 0.01088361] [0.04508671 0.0743974  0.02631682 0.06266326 0.03003876 0.08711475
 0.09395453 0.0792958  0.501132  ] [0.0397194  0.05069279 0.6856361  0.05056294 0.0302583  0.04297689
 0.02681977 0.03259284 0.040741  ] [9.0038055e-04 2.2793417e-03 4.0454981e-03 2.1909890e-03 9.8396552e-01
 1.3657145e-03 1.7436481e-03 2.2590533e-03 1.2498805e-03] [0.03377022 0.10111986 0.63689196 0.03199484 0.04019481 0.03005268
 0.03398122 0.04110056 0.05089384] [0.0243198  0.02398393 0.0183605  0.06837293 0.0193375  0.22298431
 0.03278583 0.06004984 0.5298053 ] [0.05595978 0.05625616 0.02887231 0.15856393 0.066162   0.06928719
 0.1277138  0.05965269 0.37753215] [0.0988039  0.08594237 0.03830392 0.12886363 0.09493613 0.13511834
 0.07790217 0.15342492 0.18670462] [4.2043536e-04 4.8157410e-04 2.7060660e-04 9.8700426e-04 3.7355925e-04
 2.5148885e-03 9.9010932e-01 3.5263339e-04 4.4899546e-03] [0.02943919 0.05283588 0.54201037 0.04062285 0.05613813 0.10045637
 0.0238088  0.06682965 0.08785879] [9.8663229e-01 3.4523655e-03 2.4674016e-03 1.7218917e-03 1.1279460e-03
 8.4652088e-04 1.0810832e-03 1.3695060e-03 1.3009674e-03] [6.0385955e-04 5.8752159e-04 1.1987041e-03 4.4414360e-04 3.2964928e-04
 8.0297142e-04 3.5809088e-04 9.9420857e-01 1.4664877e-03] [5.2474090e-03 9.8407978e-01 2.3561411e-03 9.8053436e-04 7.1745086e-04
 3.5731534e-03 1.4906786e-03 1.3255393e-03 2.2929927e-04] [1.3538307e-03 1.6419571e-03 9.8521000e-01 1.1727210e-03 1.3625167e-03
 4.7795707e-03 1.1704634e-03 2.5020742e-03 8.0688111e-04] [6.1648258e-04 9.7727927e-04 3.0700092e-03 1.1891435e-03 9.8715276e-01
 1.1343857e-03 1.1603211e-03 1.8557003e-03 2.8438959e-03] [4.2942193e-04 3.0201003e-03 9.9100202e-01 1.5635579e-03 6.0532009e-04
 1.3488008e-03 3.6338504e-04 1.1989437e-03 4.6847411e-04] [0.05142533 0.04404235 0.0535709  0.1483476  0.04835388 0.29893506
 0.05234959 0.0573414  0.24563386] [1.8459038e-04 4.4550540e-04 4.3304649e-04 2.0828647e-04 2.3599293e-04
 5.6329189e-04 9.9738818e-01 2.0755221e-04 3.3356567e-04] [5.1544502e-04 2.8716592e-04 5.8457610e-04 4.8225857e-03 3.7716946e-04
 5.5771897e-04 9.8162431e-01 3.0096568e-04 1.0930036e-02] [0.23674518 0.15707408 0.15618765 0.14986502 0.06514099 0.04099124
 0.05616727 0.09469243 0.04313618] [3.6244042e-04 5.0598005e-04 1.7872801e-04 7.2237122e-04 9.9627125e-01
 4.7195196e-04 4.9399468e-04 3.2246785e-04 6.7084323e-04]",5 0 3 2 6 2 8 1 7 4 4 3 0 8 0 5 3 0 7 7 1 1 6 8 0 4 2 4 7 1 7 8 4 8 0 3 3 0 2 3 8 7 2 4 1 6 7 0 1 5 8 2 1 8 4 7 3 2 5 0 5 4 7 6 2 1 1 5 7 1 2 5 0 4 2 6 7 8 2 7 8 5 0 6 1 0 3 3 4 4 1 6 5 7 5 7 6 0 4 0 5 5 0 2 6 0 6 0 5 3 2 6 8 0 8 5 6 1 3 8 7 6 6 6 2 2 6 1 2 1 5 3 4 8 3 2 3 4 1 3 2 5 1 3 8 5 3 4 7 3 6 2 7 1 1 8 5 5 8 5 1 7 3 8 0 1 4 7 8 4 7 8 8 4 7 6 3 0 4 6 3 4 6 0 6 0 2 5 1 4 3 1 5 7 7 2 5 2 4 3 8 8 8 6 5 0 7 1 2 4 2 3 6 6 0 4
1468,1,xgboost,0.0,20000,19144,0.8333333333333334,0.9731626157407407,"[9.9618775e-01 3.3819638e-04 7.6629006e-04 3.1345765e-04 2.6528849e-04
 4.9353327e-04 3.3531708e-04 7.2503818e-04 5.7512766e-04] [1.4314988e-03 2.2501049e-03 7.9786760e-04 1.4234153e-03 9.8894638e-01
 6.8429438e-04 1.4170144e-03 6.8387552e-04 2.3655754e-03] [0.6198476  0.00158151 0.00147193 0.37118295 0.00118647 0.00129719
 0.0007771  0.00122231 0.00143294] [4.0653528e-04 7.1610016e-04 3.1591435e-03 7.0780970e-04 9.9314672e-01
 8.6061517e-04 3.0120762e-04 3.1410882e-04 3.8770362e-04] [0.06306222 0.1569929  0.07422365 0.13850063 0.13593335 0.06388833
 0.12556297 0.07455488 0.16728102] [0.00246875 0.97183615 0.00593939 0.00311809 0.00146485 0.00303921
 0.00524907 0.00233638 0.00454802] [9.9364495e-01 8.3096040e-04 8.8564120e-04 7.4382359e-04 4.6762815e-04
 1.1525796e-03 4.5172739e-04 6.0871063e-04 1.2139656e-03] [1.3772188e-03 2.8703334e-03 4.0081151e-02 9.5161909e-01 6.1131053e-04
 1.2383201e-03 5.2249077e-04 9.2717417e-04 7.5287488e-04] [9.4548042e-04 1.7861348e-03 1.3527486e-03 2.1701136e-03 6.8820926e-04
 1.7214597e-03 8.1265066e-04 9.8948544e-01 1.0377329e-03] [9.9495441e-01 6.2461855e-04 3.8927724e-04 8.3118270e-04 3.3729465e-04
 6.8735116e-04 5.9202139e-04 3.2133539e-04 1.2624537e-03] [0.05280193 0.03766185 0.5682401  0.02755563 0.03183225 0.11808142
 0.1138024  0.02996035 0.020064  ] [0.00621569 0.01002096 0.88124174 0.00930384 0.00661422 0.02780286
 0.00735787 0.00975895 0.04168382] [0.03793818 0.01872863 0.0266648  0.03804804 0.09610911 0.0825628
 0.06606663 0.05506135 0.57882047] [9.8748720e-01 9.7736146e-04 2.3412146e-03 2.8187945e-03 7.9564931e-04
 1.9383712e-03 8.4834668e-04 1.2846170e-03 1.5084351e-03] [0.00427202 0.00408073 0.00328633 0.00414797 0.00213979 0.9724602
 0.00346373 0.00317656 0.00297266] [0.12195755 0.13756524 0.20955022 0.0600339  0.04753301 0.15903895
 0.07913499 0.08020924 0.10497691] [6.4097628e-02 3.4163610e-04 3.5200443e-04 1.1156341e-04 2.5546664e-04
 6.2543037e-04 9.3363661e-01 1.5518468e-04 4.2445448e-04] [0.01978632 0.01133436 0.01509948 0.9191149  0.00654129 0.00462846
 0.01004466 0.00617785 0.00727265] [6.5718038e-04 4.0503193e-04 1.0450784e-03 4.8485870e-04 9.9569559e-01
 6.9653190e-04 3.0629273e-04 2.5632285e-04 4.5305569e-04] [1.4614109e-03 9.8858517e-01 1.7360826e-03 1.2466765e-03 1.3479677e-03
 2.3898836e-03 9.4917876e-04 1.3971651e-03 8.8644552e-04] [1.0047009e-03 9.8995411e-01 1.8282958e-03 5.2066043e-04 5.7636475e-04
 1.3357933e-03 1.4509900e-03 2.1279231e-03 1.2011447e-03] [9.6592736e-01 1.0787110e-03 7.7505672e-04 4.6708058e-03 1.3401615e-03
 6.2604393e-03 9.5241010e-04 1.2697487e-03 1.7725294e-02] [3.3055464e-04 4.9781863e-04 1.1183442e-04 3.6532126e-04 2.9621064e-04
 4.0943705e-04 9.9232155e-01 4.0195094e-04 5.2652811e-03] [2.5099839e-04 1.3718051e-04 5.4277701e-04 4.8226927e-04 9.9655724e-01
 4.2842812e-04 3.8166612e-04 2.0420547e-04 1.0152550e-03] [0.06986742 0.06005629 0.03525149 0.10364971 0.12607276 0.12845437
 0.08475228 0.07215992 0.31973574] [9.9489212e-01 1.0743584e-03 1.4376483e-03 2.8243836e-04 3.7703742e-04
 5.8951945e-04 5.2330241e-04 3.1738926e-04 5.0619507e-04] [3.4515854e-04 2.1073248e-04 1.5538024e-04 7.7089982e-04 1.3719191e-04
 3.4025341e-04 9.9597496e-01 2.1215531e-04 1.8532949e-03] [0.00358786 0.0035419  0.00268548 0.00593952 0.00277017 0.01179616
 0.00291005 0.95724523 0.0095236 ] [0.92124337 0.02073163 0.00620997 0.0062354  0.00503766 0.01520717
 0.00509273 0.00985533 0.0103868 ] [3.1575811e-04 9.9535537e-01 1.4298037e-03 5.5449520e-04 5.8406126e-04
 3.0699273e-04 4.9493049e-04 4.4048001e-04 5.1809789e-04] [0.00505208 0.01151511 0.01451415 0.00955878 0.02220483 0.16173176
 0.7187731  0.00798739 0.04866274] [0.00361529 0.01892178 0.13020687 0.8193243  0.00405172 0.00665554
 0.00327189 0.00787291 0.00607965] [9.9685729e-01 3.7032968e-04 2.5504894e-04 2.5588731e-04 2.0320879e-04
 5.7864678e-04 3.6307960e-04 4.1400388e-04 7.0255320e-04] [0.1110839  0.04910991 0.02297175 0.09991309 0.08055274 0.34009448
 0.04825845 0.05969539 0.18832028] [1.2463367e-03 2.4420491e-03 9.8394603e-01 1.7113566e-03 6.3884736e-04
 6.0732476e-03 8.8313420e-04 9.1998593e-04 2.1389988e-03] [0.00267845 0.00581306 0.96892875 0.00447835 0.00181939 0.00150874
 0.004185   0.00812933 0.00245899] [0.05617519 0.12731004 0.04477147 0.19394498 0.04999289 0.2863215
 0.09059387 0.1023883  0.04850181] [0.02881472 0.02608086 0.01525924 0.159481   0.03162766 0.3957061
 0.01985952 0.02983947 0.29333144] [7.4319425e-04 5.7333475e-04 6.9135288e-04 2.8856384e-04 5.4491864e-04
 3.4525848e-04 9.9565256e-01 5.6328153e-04 5.9753621e-04] [3.9208171e-04 1.9779947e-04 4.9321761e-04 2.0139609e-03 3.2172323e-04
 1.1350519e-03 4.7599289e-04 9.9406070e-01 9.0946682e-04] [1.4000128e-04 2.9669126e-04 2.0645531e-04 1.0736625e-03 1.4849515e-04
 1.8467634e-03 9.9386805e-01 4.0353352e-04 2.0163136e-03] [0.06296211 0.04695584 0.03664113 0.11958233 0.03325585 0.23544642
 0.0197369  0.204895   0.24052438] [5.6976418e-04 6.9344620e-04 3.4862780e-04 1.0964773e-03 3.2156295e-04
 8.9809933e-04 3.0185640e-04 9.9404705e-01 1.7231463e-03] [0.01258359 0.01292245 0.01085876 0.02149145 0.00926086 0.17848112
 0.01751035 0.03304321 0.70384824] [0.05212099 0.04166562 0.05618878 0.16096297 0.04444833 0.11307126
 0.03811845 0.06840762 0.42501602] [3.5101638e-04 3.2628563e-04 2.0232583e-04 2.2998566e-04 1.6858845e-04
 9.7135053e-05 9.9822134e-01 2.5124205e-04 1.5209433e-04] [0.02421913 0.0168827  0.83822644 0.0300322  0.01454017 0.01335424
 0.01408443 0.00661751 0.04204314] [9.9579668e-01 5.3936749e-04 1.1236663e-03 2.6940202e-04 2.3773510e-04
 2.8784914e-04 4.7028321e-04 7.0332061e-04 5.7175581e-04] [1.1414422e-03 1.2602303e-03 6.2228722e-04 2.1212720e-03 1.2626289e-03
 9.7611463e-01 7.4013579e-04 1.2885480e-03 1.5448890e-02] [7.0290244e-04 1.8866465e-03 1.4977588e-03 9.5026358e-04 7.2163990e-04
 8.2598370e-04 3.6501710e-04 9.9170482e-01 1.3449389e-03] [0.00241791 0.00375253 0.00134123 0.00235927 0.001312   0.9800019
 0.00171579 0.00456591 0.00253345] [0.00215416 0.00408873 0.07404464 0.89996403 0.00210907 0.00238232
 0.00567065 0.00416258 0.00542378] [7.1755692e-04 1.7273944e-03 5.0643005e-04 9.9247348e-01 8.4566924e-04
 5.9175730e-04 7.3666312e-04 1.2255638e-03 1.1755105e-03] [3.0441623e-04 4.9021165e-04 6.5700093e-04 9.9625516e-01 2.9532282e-04
 1.9139911e-04 4.4647243e-04 2.9456083e-04 1.0655058e-03] [0.00252013 0.0091555  0.9628216  0.0031765  0.00319821 0.00293051
 0.00346438 0.00850589 0.00422736] [0.02091831 0.0071345  0.8552053  0.03102773 0.0155786  0.02168349
 0.00513065 0.0135193  0.02980212] [0.00171374 0.00229739 0.00232086 0.0017071  0.0018435  0.983854
 0.00159781 0.00161671 0.00304889] [9.8564690e-01 4.6477830e-03 1.7461736e-03 1.9433580e-03 9.8180282e-04
 1.8337382e-03 7.5837964e-04 1.0306744e-03 1.4112532e-03] [9.3434728e-04 2.5878178e-03 2.1144017e-03 9.7618293e-04 7.8761991e-04
 1.0577173e-03 2.1955960e-03 9.8805553e-01 1.2907673e-03] [2.8297279e-04 1.5022526e-04 1.5525664e-04 3.2171738e-04 4.9336837e-04
 4.3024233e-04 9.9577135e-01 3.2014056e-04 2.0746996e-03] [0.07943647 0.14036842 0.07894871 0.0564891  0.06872332 0.346025
 0.06500833 0.07037828 0.09462238] [3.9115362e-04 3.4683401e-04 5.3721241e-04 3.6007757e-04 9.9708277e-01
 3.2335345e-04 2.7881618e-04 2.1433755e-04 4.6546562e-04] [2.5018334e-04 3.4854043e-04 2.3535186e-04 7.4731035e-04 2.9553482e-04
 1.3391651e-03 9.9508482e-01 3.8029550e-04 1.3187263e-03] [9.4930618e-04 3.2288139e-04 4.0237862e-04 1.2001328e-03 3.8533917e-04
 9.8936874e-01 3.6400394e-04 5.7275337e-04 6.4344457e-03] [0.01274553 0.00517076 0.00700901 0.01130531 0.00933444 0.16222256
 0.7159592  0.00966288 0.06659035] [0.97889555 0.0015522  0.00247324 0.00352237 0.00156448 0.00780457
 0.00144392 0.0011735  0.00157017] [0.0527001  0.08314425 0.039968   0.12156391 0.05536533 0.18486711
 0.03628615 0.15485756 0.27124757] [0.0133824  0.01091833 0.01116225 0.02780504 0.01367102 0.01256625
 0.01304721 0.02012483 0.87732273] [0.09487861 0.08889524 0.07799294 0.08161838 0.04132907 0.48488334
 0.04624854 0.05668479 0.02746905] [9.9719352e-01 7.7100319e-04 2.7277810e-04 2.9910426e-04 2.7087817e-04
 4.8297312e-04 2.5169741e-04 2.4209634e-04 2.1592829e-04] [7.2426838e-04 2.9448193e-04 5.0718873e-03 9.8126167e-01 5.2691723e-04
 7.9120016e-03 1.6160650e-03 9.9851855e-04 1.5941443e-03] [0.00383723 0.97492325 0.00231373 0.00211484 0.00166338 0.00632434
 0.00236522 0.00446603 0.00199202] [4.2890944e-04 1.0158384e-03 5.5519858e-04 2.9577513e-04 3.7621343e-04
 2.8563483e-04 6.1135890e-04 9.9427974e-01 2.1512785e-03] [5.5513997e-04 8.0960523e-04 1.6360459e-03 3.1215014e-04 9.9133730e-01
 6.5241894e-04 6.3524861e-04 3.4742770e-03 5.8775832e-04] [9.9516773e-01 9.3303149e-04 2.4679914e-04 5.4267840e-04 1.0900159e-03
 4.1179531e-04 3.1758321e-04 5.7213131e-04 7.1820774e-04] [3.6934478e-04 5.4029358e-04 5.9285335e-04 6.5402617e-04 9.9643290e-01
 1.8119352e-04 4.5205897e-04 3.3482115e-04 4.4250715e-04] [0.00247945 0.00921823 0.00432801 0.00558563 0.00305644 0.00646585
 0.00345704 0.9612271  0.00418216] [2.1480767e-04 2.7294640e-04 3.2821140e-04 1.2381970e-03 2.7802130e-04
 9.4027288e-04 9.9109906e-01 3.5035150e-04 5.2781412e-03] [1.4052870e-03 6.7394326e-04 2.3832975e-04 1.5530947e-03 1.1406547e-03
 1.5977663e-03 5.8882189e-04 9.8265576e-01 1.0146350e-02] [1.4657166e-03 2.1301436e-03 2.5255994e-03 3.6003920e-03 5.8642117e-04
 1.4701854e-03 1.4635230e-03 9.8572308e-01 1.0349689e-03] [0.00133265 0.00169128 0.00244363 0.00129028 0.0011116  0.9835328
 0.00235211 0.00483877 0.00140686] [0.98585355 0.00244715 0.00141187 0.00188822 0.0010954  0.00150676
 0.00297289 0.00149436 0.0013298 ] [0.00889068 0.00852315 0.9422527  0.00645446 0.006273   0.00501922
 0.00609862 0.00508176 0.01140641] [2.8800217e-03 1.0850414e-03 1.3984409e-03 9.7928530e-01 1.1184209e-03
 5.4084160e-03 1.9861292e-03 8.8786363e-04 5.9503098e-03] [8.8446762e-04 9.9306947e-01 2.9051674e-03 3.3650399e-04 6.0307339e-04
 7.2244380e-04 5.0631346e-04 5.1567098e-04 4.5688078e-04] [3.3442024e-04 2.2609648e-04 2.7607451e-04 1.2474926e-03 3.4553904e-04
 7.3176221e-04 4.0897075e-04 9.9515057e-01 1.2789952e-03] [0.08614382 0.09325494 0.0338578  0.0833169  0.0515224  0.3214643
 0.04746551 0.0797204  0.2032539 ] [3.7655755e-04 1.0635382e-03 8.5192709e-04 1.2897933e-03 9.9390256e-01
 5.3449790e-04 8.5660460e-04 2.4388298e-04 8.8071462e-04] [0.00832307 0.00445066 0.00397201 0.00206364 0.0023415  0.9681646
 0.00349514 0.00272655 0.00446285] [0.04470222 0.07323418 0.08020421 0.30325404 0.07076139 0.08217352
 0.04420935 0.06952418 0.23193689] [5.0587300e-04 8.0909231e-04 2.2506767e-03 7.0456770e-04 9.9305940e-01
 1.5495339e-03 3.2582716e-04 3.8167345e-04 4.1333298e-04] [0.00474407 0.00753556 0.00671884 0.9433787  0.00425063 0.00949469
 0.00278258 0.01149288 0.00960213] [9.8985088e-01 2.6656392e-03 1.1473062e-03 7.9296541e-04 1.0714317e-03
 1.0508442e-03 9.7270653e-04 1.6587833e-03 7.8948995e-04] [0.00682659 0.00501087 0.32198423 0.6335606  0.0051778  0.00953902
 0.00471439 0.00813207 0.00505439] [0.04841428 0.07416182 0.6286935  0.04186046 0.02133365 0.03678546
 0.01322998 0.08351942 0.05200139] [0.9171715  0.00982115 0.0183689  0.01441389 0.00540352 0.00618333
 0.01021355 0.01057623 0.00784798] [2.1026083e-03 9.8533696e-01 2.1296921e-03 1.8555169e-03 9.0036384e-04
 1.4788860e-03 7.3027151e-04 1.1601623e-03 4.3054922e-03] [5.8842561e-04 7.6738215e-04 5.0498074e-04 3.2001226e-03 9.8884624e-01
 2.4502552e-03 4.7582769e-04 1.2483057e-03 1.9185313e-03] [0.30842772 0.09010452 0.04702654 0.05652665 0.05374426 0.1368014
 0.10547966 0.05231328 0.14957596] [4.6220908e-04 1.1484757e-03 6.7131006e-04 6.7242625e-04 6.1344157e-04
 6.1853242e-04 1.0170030e-03 9.9435091e-01 4.4565371e-04] [0.10858902 0.1676662  0.17993774 0.15852502 0.08233924 0.06926078
 0.09645239 0.07046946 0.06676016] [5.5169780e-04 9.9315226e-01 9.4587967e-04 1.1130434e-03 5.0075178e-04
 3.8834615e-04 8.1747078e-04 5.2709080e-04 2.0034071e-03] [0.0109445  0.0104265  0.95334363 0.00713684 0.00302731 0.00449147
 0.00254004 0.00493809 0.00315157] [0.7735787  0.04427375 0.03165368 0.01783491 0.01149369 0.01372376
 0.074124   0.02226881 0.01104872] [2.6816956e-04 5.6946749e-04 3.7425422e-04 5.3298631e-04 9.9612808e-01
 4.1928835e-04 2.8544568e-04 3.3632855e-04 1.0859919e-03] [8.0295932e-04 9.8351985e-01 7.4054739e-03 3.1201393e-04 9.8329049e-04
 1.9998327e-03 8.8600389e-04 2.5877240e-03 1.5027939e-03] [7.0287577e-05 4.7704743e-04 8.0161914e-04 3.0093806e-04 1.9918372e-04
 5.9561618e-04 9.9676871e-01 3.5225792e-04 4.3435913e-04] [0.03166623 0.02406066 0.01581309 0.04581051 0.02103737 0.28218204
 0.03006136 0.02626065 0.52310807] [0.03164845 0.02563924 0.03588689 0.0506179  0.02376669 0.6438433
 0.041046   0.02842946 0.11912204] [0.07634679 0.10056488 0.08850903 0.09863539 0.07008903 0.27327487
 0.0515562  0.11436328 0.12666056] [0.03844594 0.12228037 0.44123596 0.02508048 0.03606939 0.03486394
 0.14867939 0.07426929 0.07907518] [0.00593019 0.00143544 0.9746045  0.00494066 0.00224023 0.00328967
 0.0016861  0.00256064 0.00331257] [8.5681590e-04 3.5066404e-03 9.8797065e-01 7.5641216e-04 7.4786716e-04
 3.3416990e-03 5.9038796e-04 9.3708502e-04 1.2923673e-03] [0.00322488 0.00122895 0.00285248 0.00236967 0.0013551  0.97810555
 0.00237669 0.00193415 0.00655248] [0.03121795 0.01396905 0.01549714 0.05553626 0.01828459 0.14186701
 0.01986184 0.02300384 0.68076235] [0.0396223  0.04437462 0.02265803 0.06630286 0.03598975 0.27839166
 0.09385499 0.13557892 0.28322688] [1.6080671e-04 2.3793994e-04 1.3447902e-04 1.1862738e-03 2.8056075e-04
 3.7768736e-04 9.9467576e-01 3.8902630e-04 2.5574125e-03] [9.8453844e-01 3.3130161e-03 1.4637359e-03 1.3502146e-03 9.5759076e-04
 1.9354761e-03 1.1875714e-03 1.4725870e-03 3.7813880e-03] [0.00344078 0.00535526 0.00152622 0.00946235 0.00445465 0.01223953
 0.00253004 0.95298105 0.00801012] [0.04029668 0.03361968 0.04444546 0.0372105  0.03322671 0.30766496
 0.02774039 0.05845186 0.4173438 ] [0.00955073 0.06690276 0.01380624 0.6880575  0.01842092 0.04844176
 0.01488309 0.01916118 0.12077589] [3.7421344e-04 9.8875821e-01 6.5119527e-03 3.7730654e-04 6.2846055e-04
 8.1539416e-04 4.6051192e-04 7.1841170e-04 1.3555654e-03] [3.5509188e-04 1.7963818e-04 1.2692768e-04 3.1849905e-04 1.9619257e-04
 7.3495251e-03 9.9007154e-01 5.3352874e-04 8.6898461e-04] [0.0028734  0.00380578 0.01027968 0.00197235 0.00453917 0.9328581
 0.00400898 0.00429389 0.03536864] [0.16903535 0.09723947 0.11040346 0.03955484 0.0386724  0.02997263
 0.05313984 0.05141738 0.41056457] [0.00871361 0.01244984 0.01428562 0.00504705 0.00717008 0.02473113
 0.009322   0.9052556  0.01302509] [7.9819746e-04 6.3667528e-04 1.2212181e-03 2.2472639e-04 3.8356066e-04
 8.7024277e-04 3.8178774e-04 9.9482572e-01 6.5789616e-04] [0.02807065 0.02718666 0.02408143 0.06731293 0.03465759 0.05924373
 0.07388786 0.02587921 0.65967995] [1.9907779e-03 1.9861427e-03 1.3794914e-03 9.6506375e-04 1.2226570e-03
 9.8489839e-01 1.4165052e-03 2.1597208e-03 3.9813039e-03] [0.01077287 0.01291651 0.01923813 0.010659   0.00712685 0.00891787
 0.00532593 0.8827626  0.04228019] [0.14436142 0.04035679 0.01684166 0.03885573 0.04387914 0.46630588
 0.03501698 0.04999342 0.16438895] [0.06298488 0.3180639  0.08532271 0.0399779  0.06595639 0.12239678
 0.09041288 0.07608721 0.13879736] [0.00894921 0.01432949 0.91420203 0.00963511 0.0086081  0.01592539
 0.01110877 0.00597604 0.01126587] [0.02761121 0.05072067 0.02949464 0.14586622 0.07178717 0.32223853
 0.05226602 0.03827433 0.2617412 ] [0.00300048 0.96962196 0.00806435 0.00564775 0.00244917 0.00570961
 0.00169245 0.00200395 0.00181028] [0.03797891 0.05069344 0.5562414  0.03217793 0.02811752 0.06348454
 0.05611312 0.0800016  0.09519155] [0.29392743 0.13710345 0.12265019 0.11934505 0.0527727  0.11693262
 0.03920814 0.03858754 0.07947291] [3.5465512e-04 6.5770425e-04 3.2452747e-04 5.4602139e-04 5.7469169e-04
 1.3138626e-03 4.9407576e-04 9.8430473e-01 1.1429742e-02] [0.00247867 0.00384229 0.00194331 0.00445804 0.00339786 0.9690214
 0.00257675 0.00361881 0.00866291] [3.5122471e-04 3.2668910e-04 1.7691823e-04 5.3391367e-04 2.1737357e-04
 7.0405734e-04 9.9254829e-01 2.4003464e-04 4.9015777e-03] [0.05106684 0.05928012 0.03229542 0.11098719 0.02715462 0.07281764
 0.03875776 0.10031046 0.50732994] [0.07561543 0.20672156 0.08898868 0.16040824 0.10581916 0.07001252
 0.1417198  0.08660394 0.06411068] [4.4145971e-04 7.7795627e-04 4.4547446e-04 3.2175446e-03 9.8925203e-01
 1.5824038e-03 1.0346412e-03 5.8120250e-04 2.6672410e-03] [4.5694361e-04 4.0896380e-04 4.9306959e-04 9.9018333e-04 9.9674028e-01
 2.9892952e-04 1.9636797e-04 1.2681795e-04 2.8849058e-04] [0.01090628 0.01109303 0.01206703 0.05498791 0.00990452 0.03919214
 0.01494745 0.01653207 0.83036953] [0.01149711 0.00851479 0.9481188  0.00571375 0.00608531 0.00524376
 0.00495275 0.00421004 0.00566374] [5.7840953e-04 3.1387566e-03 9.7868723e-01 4.6923948e-03 1.0102028e-03
 6.9973804e-03 1.3664232e-03 1.2320342e-03 2.2972405e-03] [0.01064899 0.02062485 0.02144036 0.15115967 0.0196589  0.15117885
 0.01720763 0.04634512 0.56173563] [0.06097845 0.07181102 0.05002782 0.10046655 0.06672048 0.12885974
 0.05329258 0.09669847 0.3711449 ] [1.8083610e-03 9.4609760e-04 2.2590549e-03 1.1567132e-03 9.8381686e-01
 6.0266024e-03 1.0092005e-03 1.3788416e-03 1.5982589e-03] [0.0555904  0.22615919 0.09999108 0.10143989 0.06755697 0.10982987
 0.05477916 0.10704251 0.17761093] [1.7291706e-03 7.4146490e-04 5.9648985e-03 9.7902268e-01 8.7276392e-04
 7.4783950e-03 7.3614606e-04 8.1895472e-04 2.6355439e-03] [6.7265227e-04 5.2963808e-04 2.9755952e-03 9.7147465e-01 6.2840612e-04
 3.7120702e-03 5.9896067e-04 1.3248706e-03 1.8083164e-02] [8.1302354e-04 1.8517349e-03 1.7946798e-03 1.4945129e-03 6.7802053e-04
 2.2271096e-03 5.0576997e-04 9.8929578e-01 1.3394179e-03] [9.7769004e-01 6.3646445e-03 1.9842926e-03 5.1998338e-03 1.2252283e-03
 1.1106664e-03 1.9339209e-03 8.5847720e-04 3.6328968e-03] [0.35674176 0.19675997 0.25661883 0.0250821  0.02451915 0.04492372
 0.03490642 0.02331651 0.03713153] [2.7493894e-04 5.4227619e-04 2.0846410e-04 9.3875354e-04 2.6485563e-04
 1.2259164e-03 9.8872644e-01 4.7840120e-04 7.3400224e-03] [2.2711535e-04 3.4580132e-04 5.3766998e-04 3.0623475e-04 9.9721473e-01
 3.3568690e-04 2.3232504e-04 3.1898665e-04 4.8144627e-04] [8.0950093e-04 1.0288220e-03 1.4603889e-03 7.9772866e-04 5.5888144e-04
 6.3051778e-04 9.1857329e-04 9.9351066e-01 2.8492868e-04] [5.2294711e-04 9.1867778e-04 4.9004646e-04 2.8424361e-03 9.7448981e-01
 8.5630305e-03 1.3630583e-03 9.1234088e-04 9.8976586e-03] [0.06974428 0.18791027 0.05033604 0.10476822 0.047616   0.06274921
 0.24043381 0.08014277 0.1562994 ] [0.02383409 0.01689224 0.01038861 0.05254487 0.0291379  0.1074395
 0.03271289 0.0520824  0.67496747] [0.0026898  0.0038948  0.966595   0.00865731 0.00339157 0.00557952
 0.00281452 0.00357618 0.00280127] [1.7969779e-03 1.0934338e-03 6.3871342e-04 3.9732801e-03 1.0462943e-03
 9.8062229e-01 1.5266892e-03 2.6318138e-03 6.6705113e-03] [0.00155529 0.00204082 0.9827679  0.00450917 0.00127809 0.00117532
 0.00110547 0.00115928 0.00440864] [1.2836145e-03 1.3063016e-03 6.9649093e-04 2.2076776e-03 9.8153126e-01
 4.0969821e-03 7.5071276e-04 1.0029603e-03 7.1239499e-03] [9.9467731e-01 6.6957547e-04 1.0878886e-03 1.0350827e-03 3.3373022e-04
 5.9707137e-04 4.3833425e-04 5.6086475e-04 6.0021097e-04] [0.00976721 0.00524188 0.00562384 0.8815705  0.00741621 0.02850449
 0.00444777 0.01244558 0.04498255] [1.1612717e-03 4.3445604e-04 6.8569288e-04 9.4999558e-01 5.5594166e-04
 5.3922762e-03 5.2043522e-04 8.4228010e-04 4.0412050e-02] [2.8479021e-04 4.2620156e-04 5.8925326e-04 3.3041378e-04 9.9583495e-01
 2.9976119e-04 4.7244199e-04 3.8644797e-04 1.3756767e-03] [0.9714116  0.00254599 0.00574397 0.00371603 0.00176757 0.00619865
 0.00104419 0.00557659 0.00199548] [8.9515734e-04 9.7459453e-01 1.7087685e-02 2.2216490e-03 9.5661450e-04
 9.1164827e-04 5.1301491e-04 1.1186483e-03 1.7010649e-03] [0.00887817 0.01308481 0.01469975 0.9089221  0.00412226 0.02109266
 0.0082699  0.01229379 0.00863663] [0.14833556 0.13324095 0.12504758 0.04168814 0.09417152 0.14173886
 0.06237492 0.18155386 0.0718486 ] [0.00453398 0.00739302 0.20926437 0.7629753  0.00442582 0.00580526
 0.0016222  0.00188372 0.00209638] [0.01713095 0.01547207 0.02299714 0.14733788 0.01403872 0.05613237
 0.02636454 0.07441071 0.6261156 ] [0.02918654 0.05574134 0.04425026 0.07156529 0.06389403 0.29772368
 0.06919279 0.13156895 0.23687708] [1.4598598e-03 3.2975283e-03 1.7221394e-03 2.9823345e-03 9.7971630e-01
 5.7295179e-03 1.0138593e-03 8.9288817e-04 3.1855968e-03] [0.02639932 0.03453366 0.02147989 0.03091692 0.02369587 0.12701736
 0.02176275 0.03497367 0.67922056] [2.9349345e-04 8.6099224e-04 4.0169587e-04 2.7007397e-04 9.9620050e-01
 5.1947328e-04 3.0747909e-04 7.6285569e-04 3.8339174e-04] [8.1687444e-04 9.9296641e-01 2.5842560e-03 2.2357960e-04 5.7068886e-04
 1.2079813e-03 2.8033115e-04 9.9808688e-04 3.5178207e-04] [9.1298250e-04 1.0455892e-03 9.4935525e-04 6.9522047e-03 1.3766725e-03
 9.8261929e-01 1.0439561e-03 1.2691770e-03 3.8307428e-03] [1.1904852e-03 5.4167275e-04 3.9312357e-04 1.6002177e-03 7.4211747e-04
 2.3461895e-03 1.7210401e-03 9.6813363e-01 2.3331553e-02] [8.4210653e-04 9.9145848e-01 1.1952042e-03 1.7313543e-03 6.4551953e-04
 8.2236232e-04 6.3164101e-04 6.4300804e-04 2.0303894e-03] [4.2418815e-04 8.2773640e-04 7.4224808e-04 6.2641129e-04 3.1701353e-04
 4.3108614e-04 9.9557823e-01 3.2986177e-04 7.2318077e-04] [2.1548511e-04 5.9758249e-04 3.7382240e-04 9.2380203e-04 4.1672608e-04
 5.1914580e-04 9.9581510e-01 5.1109772e-04 6.2719471e-04] [2.1599524e-04 2.2135774e-04 1.9880640e-04 1.1719638e-04 2.7816452e-04
 2.0210987e-03 9.9583262e-01 2.6432710e-04 8.5049542e-04] [7.2659459e-04 7.8633032e-04 6.4378674e-04 1.5699115e-03 4.5194634e-04
 4.4811978e-03 8.9207297e-04 9.8978770e-01 6.6048576e-04] [0.09373865 0.06528169 0.17085084 0.07933946 0.06918992 0.33505636
 0.06971079 0.05834979 0.05848248] [0.02847429 0.0119265  0.04375953 0.06658892 0.02370303 0.20775841
 0.03356658 0.03782176 0.54640096] [2.6254842e-04 7.3138060e-04 2.1876334e-03 9.9444240e-01 4.3149258e-04
 4.4503171e-04 2.6688012e-04 4.9377396e-04 7.3886267e-04] [0.03321474 0.0557757  0.08704562 0.04873919 0.03402353 0.04348238
 0.02425317 0.07997573 0.59348994] [0.00328956 0.01867465 0.94314426 0.00694083 0.00373733 0.01015543
 0.00463555 0.00500202 0.00442036] [0.15050802 0.14362028 0.13371372 0.10590819 0.11174871 0.10003278
 0.08721885 0.09891663 0.06833282] [8.93126009e-04 5.85110509e-04 1.61832548e-03 1.30755489e-03
 9.71893013e-01 9.08601563e-03 1.41299516e-03 1.04260491e-03
 1.21612055e-02] [1.4696479e-03 9.8817503e-01 2.2572638e-03 1.2654045e-03 1.0914055e-03
 1.8976269e-03 1.0777339e-03 9.5567486e-04 1.8101948e-03] [0.07963251 0.12801468 0.11343706 0.11760578 0.05486743 0.13849583
 0.07413469 0.09737218 0.19643988] [0.003908   0.00405221 0.00557088 0.94963294 0.00114505 0.01978227
 0.0009573  0.00260685 0.0123445 ] [0.07719414 0.13755488 0.09895457 0.1170613  0.03427646 0.07605228
 0.02473672 0.41226766 0.02190201] [0.00155669 0.00121824 0.00423135 0.9704977  0.00167743 0.00832543
 0.00155053 0.00245542 0.00848712] [0.03991845 0.11113109 0.09847853 0.16370545 0.06055401 0.21782106
 0.07515699 0.10582265 0.12741172] [0.0431971  0.02426765 0.01967368 0.07748112 0.02246252 0.21952663
 0.02244161 0.03578105 0.5351686 ] [0.01052242 0.05533307 0.01134181 0.04950844 0.01752397 0.02281497
 0.02698448 0.02861825 0.77735263] [0.00739815 0.01119697 0.00733899 0.01426007 0.01214806 0.02066163
 0.01002057 0.8965578  0.02041781] [0.06723914 0.02578441 0.01496654 0.07152589 0.03067761 0.62992096
 0.04227471 0.03313223 0.08447851] [0.00285959 0.9388761  0.03236657 0.00604487 0.00195215 0.00808477
 0.00235236 0.00486833 0.00259531] [2.7992148e-03 8.9410582e-04 6.1464030e-04 1.1508423e-03 1.1855782e-03
 3.6911338e-03 1.6137714e-03 9.6742076e-01 2.0629948e-02] [2.4707071e-04 2.8110031e-04 9.1307610e-04 4.3751669e-04 9.9672639e-01
 2.4768314e-04 2.9057291e-04 6.2163477e-04 2.3496329e-04] [3.1889300e-04 6.9715380e-04 3.7298730e-04 1.2705427e-03 7.3235203e-04
 1.0595882e-03 1.0788249e-03 9.9258184e-01 1.8878172e-03] [0.01354538 0.00890386 0.00624439 0.04669061 0.01376399 0.12111353
 0.01419168 0.01261308 0.76293343] [0.04992337 0.02724819 0.00904264 0.07360862 0.02903686 0.05894151
 0.01768794 0.04277924 0.69173163] [4.9285695e-04 5.8566296e-04 9.6610346e-04 7.7830296e-04 9.9535888e-01
 4.0239323e-04 6.1312946e-04 5.1005668e-04 2.9259015e-04] [0.04017272 0.05371901 0.02519095 0.08005324 0.05314836 0.10469649
 0.03941933 0.04881348 0.55478644] [0.01288923 0.938259   0.00656452 0.00287776 0.003626   0.02288271
 0.00348193 0.00353863 0.00588022] [1.1284837e-03 3.9733437e-04 2.3096830e-04 3.1583448e-04 1.8144061e-04
 7.6491421e-04 9.9605286e-01 5.7170767e-04 3.5647608e-04] [0.05211432 0.09787731 0.15535508 0.19568875 0.04517455 0.19345401
 0.07175189 0.0871655  0.10141854]",0 4 0 4 4 1 0 3 7 0 2 2 8 0 5 6 6 3 4 1 1 8 6 4 3 0 6 7 0 1 6 3 0 5 2 2 3 6 6 7 6 7 7 8 5 6 2 0 5 7 5 2 2 3 2 2 5 0 7 6 1 4 6 5 6 0 8 8 5 0 3 1 7 4 0 4 7 6 7 7 5 0 2 3 1 7 5 4 5 3 4 0 0 3 2 0 1 4 1 7 1 1 2 0 4 1 6 3 8 1 2 2 2 5 6 8 6 0 7 8 5 1 6 5 0 7 7 8 5 7 5 2 2 5 1 2 5 7 5 6 8 0 4 4 8 2 2 8 8 4 6 3 3 7 0 1 6 4 7 4 2 8 2 5 2 4 0 3 3 4 0 1 3 3 3 8 3 4 5 4 1 5 8 1 6 6 6 7 5 8 3 8 2 1 4 1 8 3 1 3 3 8 8 7 8 1 7 4 7 8 8 4 3 1 6 5
1468,2,xgboost,0.0,20000,19144,0.8194444444444444,0.9762731481481483,"[1.4412481e-03 9.3212025e-04 3.3929641e-03 9.6926469e-01 8.2885561e-04
 7.0005720e-03 1.6223986e-03 4.4697011e-03 1.1047398e-02] [8.2344300e-04 1.3189591e-03 6.6513312e-04 1.2272946e-03 6.2920206e-04
 1.5433492e-03 1.3575822e-03 9.7908950e-01 1.3345542e-02] [0.04354429 0.03614352 0.04772506 0.0729508  0.03419598 0.19468783
 0.08792888 0.06213791 0.42068577] [2.2659784e-03 3.3536481e-03 1.1407949e-03 5.6340144e-04 8.7497663e-04
 1.2567189e-03 8.3611847e-04 9.8810995e-01 1.5984011e-03] [9.9718153e-01 3.3896873e-04 4.5408591e-04 3.1582982e-04 2.4128052e-04
 5.0183508e-04 2.0638939e-04 2.5480316e-04 5.0533080e-04] [6.1203749e-04 6.4387894e-04 9.9454075e-01 1.7477345e-03 3.6586425e-04
 5.7510845e-04 6.1768485e-04 5.7649281e-04 3.2045468e-04] [5.1701967e-02 1.4525477e-04 4.0281689e-04 1.9770667e-04 4.2047299e-04
 5.6883693e-04 9.4485927e-01 2.7850523e-04 1.4251330e-03] [4.9161247e-04 1.0970859e-03 2.1151290e-04 1.1756815e-03 9.9522310e-01
 9.2181040e-04 1.9358273e-04 3.5825121e-04 3.2732624e-04] [4.1576542e-04 3.4007386e-04 2.0531633e-04 4.5256500e-04 2.5903675e-04
 1.4051368e-03 9.9505842e-01 2.8246295e-04 1.5812545e-03] [8.3614240e-04 2.1925585e-03 1.6676073e-03 1.4769350e-02 1.3933533e-03
 1.0939268e-03 9.9938281e-04 9.6771598e-01 9.3317796e-03] [0.00837446 0.02240759 0.9145047  0.0042338  0.00906238 0.01406942
 0.00752816 0.0081806  0.0116389 ] [9.9158937e-01 4.2855493e-03 6.0390274e-04 3.5496545e-04 6.9080025e-04
 8.0434827e-04 4.2679295e-04 6.9079234e-04 5.5346772e-04] [0.06087162 0.16140592 0.07971975 0.17837743 0.05365846 0.04956725
 0.07951749 0.06812332 0.26875874] [0.00840084 0.00363798 0.00282952 0.02376412 0.00489945 0.00697363
 0.72838974 0.0168108  0.20429392] [0.0443636  0.0147619  0.01851821 0.03709741 0.02146677 0.03008238
 0.03429896 0.02636001 0.7730508 ] [9.9690896e-01 5.6785444e-04 3.5197404e-04 3.5532983e-04 3.3440371e-04
 2.2877127e-04 3.7951581e-04 3.7606069e-04 4.9712759e-04] [0.07389396 0.23962004 0.11607882 0.07024455 0.05273578 0.05114205
 0.05804212 0.12443732 0.21380536] [0.10542337 0.08492827 0.1913034  0.08354273 0.05361598 0.11462913
 0.10623878 0.18027525 0.08004311] [5.6823681e-04 1.1471828e-03 5.0160597e-04 7.0229277e-04 4.1742058e-04
 5.4323761e-04 9.9503577e-01 5.0281716e-04 5.8141211e-04] [0.13329853 0.23519166 0.1505504  0.09757066 0.12348437 0.07311554
 0.07465605 0.06640248 0.04573027] [0.00383059 0.01260504 0.00517269 0.4745623  0.00377293 0.05452193
 0.00241392 0.00246892 0.4406517 ] [5.1681593e-04 5.7769823e-04 1.0213505e-03 5.7164743e-04 2.6024508e-04
 3.7827832e-04 2.4665843e-04 9.9536884e-01 1.0584707e-03] [1.0968118e-03 6.7900360e-04 9.8604592e-04 3.2181095e-04 9.9416119e-01
 1.3768714e-03 1.7745585e-04 8.9398719e-04 3.0675222e-04] [6.5201399e-04 1.5617303e-03 9.9290597e-01 7.8196096e-04 7.4183993e-04
 8.8156678e-04 5.5197958e-04 1.4164064e-03 5.0646678e-04] [0.0160789  0.01448772 0.9111266  0.0070789  0.00591087 0.00683308
 0.01150083 0.00901956 0.01796348] [0.00418379 0.00718204 0.9683336  0.0013332  0.00247252 0.00267689
 0.00261023 0.00692184 0.00428589] [9.2662760e-04 1.0245062e-03 4.7036653e-04 2.6072504e-04 9.9563640e-01
 3.5124543e-04 3.4407267e-04 5.6919991e-04 4.1681522e-04] [7.4416137e-04 2.7677941e-03 1.4554770e-03 1.2819582e-03 9.9148631e-01
 4.1797306e-04 6.3343294e-04 6.6573900e-04 5.4710807e-04] [6.3169742e-04 2.4844965e-03 9.7941440e-01 2.3569525e-03 2.0551549e-03
 6.9147097e-03 2.7413073e-03 1.5925362e-03 1.8087443e-03] [0.00672098 0.00577977 0.924717   0.04442386 0.00453605 0.00308148
 0.00251161 0.00526493 0.00296435] [0.00210376 0.78083014 0.19553597 0.00347943 0.00265443 0.00339546
 0.00207157 0.00365559 0.00627367] [0.00589396 0.00472335 0.00362736 0.95990723 0.00452478 0.00663029
 0.00249006 0.00297507 0.00922792] [9.9681562e-01 1.9178662e-04 1.8309378e-04 3.1614324e-04 2.3217670e-04
 4.7089646e-04 1.8929029e-04 1.1699667e-03 4.3109909e-04] [1.5179093e-03 6.1565917e-03 2.2526931e-03 9.8128879e-01 2.0419043e-03
 1.7201708e-03 1.6086036e-03 8.7739254e-04 2.5358975e-03] [6.6456827e-04 7.4397819e-04 3.3690780e-03 9.8372215e-01 6.8504765e-04
 4.4448953e-03 9.3013025e-04 9.9740119e-04 4.4427449e-03] [0.00132481 0.9813991  0.00234081 0.00454787 0.00138084 0.00102138
 0.00112828 0.00396159 0.00289531] [3.7299623e-04 9.9393940e-01 2.3888738e-03 7.0488983e-04 4.2141724e-04
 4.8627472e-04 4.7676358e-04 4.1215753e-04 7.9724443e-04] [0.00155926 0.9434301  0.04577431 0.00237584 0.00141057 0.00096432
 0.00167297 0.0018493  0.00096327] [9.9163979e-01 2.2721987e-03 1.3335822e-03 7.4326602e-04 7.8299519e-04
 3.1095746e-04 1.4371467e-03 8.2787889e-04 6.5225619e-04] [0.01805459 0.01761868 0.00742166 0.77310556 0.01542308 0.05053835
 0.01915573 0.02269773 0.07598465] [0.0711882  0.10938577 0.192183   0.10531133 0.13483016 0.14250322
 0.12011009 0.08095272 0.04353553] [5.0674909e-04 7.0865772e-04 4.6440924e-04 1.2463048e-03 9.9925790e-04
 9.8860723e-01 2.0361799e-03 6.5016444e-04 4.7810958e-03] [5.0491770e-04 7.8611687e-04 4.1654304e-04 2.9953581e-04 9.9560839e-01
 1.0779510e-03 5.1286852e-04 5.0998846e-04 2.8368973e-04] [4.6143532e-04 1.3586015e-03 2.9177923e-04 1.9911234e-03 8.7798038e-04
 7.9671675e-03 1.4221208e-03 9.7444183e-01 1.1187959e-02] [2.8658942e-03 2.3757988e-03 9.8772752e-01 1.5543951e-03 7.3347474e-04
 1.3252449e-03 1.1753510e-03 9.7503146e-04 1.2672232e-03] [9.7967184e-04 9.9806755e-04 7.4623240e-04 6.8150172e-03 1.2160401e-03
 9.5884645e-01 3.3015071e-03 1.8522664e-03 2.5244717e-02] [3.7390870e-04 8.1792014e-04 8.1801921e-04 1.3468347e-03 9.8705226e-01
 8.6929335e-04 6.0130178e-04 1.2172733e-03 6.9031571e-03] [2.7935097e-02 1.2680539e-04 9.0629423e-05 3.3697329e-04 2.2517458e-04
 5.3287490e-04 9.6946937e-01 1.4739169e-04 1.1356674e-03] [0.16876648 0.11295069 0.05282723 0.22789109 0.05625918 0.10416777
 0.05664428 0.08346826 0.13702503] [0.00426799 0.00412464 0.00469722 0.02018202 0.00520955 0.04368925
 0.76842356 0.00764673 0.14175902] [0.05605436 0.03289486 0.0225168  0.32333064 0.04896016 0.2561736
 0.0721603  0.03685774 0.15105155] [8.5205014e-04 1.0819027e-03 7.2875916e-04 1.8384592e-03 6.5731758e-04
 7.2156698e-03 5.4852996e-04 9.8539507e-01 1.6823014e-03] [0.05742446 0.23206355 0.06351376 0.18257381 0.06955443 0.07625238
 0.07445915 0.05013986 0.1940186 ] [0.00748369 0.01987943 0.00708364 0.01398817 0.01160396 0.07980638
 0.00927402 0.01744214 0.83343863] [0.02882472 0.01932099 0.02096167 0.04482941 0.01673785 0.7077814
 0.03685309 0.03453616 0.0901547 ] [0.02522138 0.01969904 0.01377499 0.01501342 0.0090006  0.02016775
 0.0260455  0.85379225 0.01728509] [9.1082859e-04 9.8522621e-01 1.1752225e-03 1.4434709e-03 1.0671050e-03
 1.7356740e-03 1.1920322e-03 2.2531154e-03 4.9963291e-03] [0.05517748 0.03667441 0.07771219 0.26886967 0.05137243 0.13963214
 0.08754773 0.05234437 0.23066959] [0.03332355 0.01066826 0.01201861 0.03884473 0.02234808 0.10731432
 0.029214   0.045793   0.7004755 ] [1.0569459e-03 8.3300739e-04 3.0162654e-04 7.6699886e-04 9.9559265e-01
 4.7566916e-04 4.3186560e-04 3.3436590e-04 2.0690609e-04] [4.7780480e-04 7.9757988e-04 5.4797472e-04 6.1515579e-04 9.9618042e-01
 3.9506739e-04 2.9963703e-04 4.4280195e-04 2.4354047e-04] [0.01237355 0.02304135 0.02727888 0.00940539 0.00718161 0.05373895
 0.01583092 0.8384777  0.01267163] [3.5884269e-04 3.2285447e-04 9.0530759e-04 1.6652395e-03 4.1331735e-04
 9.0537796e-04 9.9224651e-01 3.8631706e-04 2.7962597e-03] [0.00281087 0.0304362  0.33779097 0.60972065 0.00327627 0.00571745
 0.00430957 0.00365101 0.00228705] [0.9034827  0.02008159 0.0489976  0.00559537 0.00245164 0.00896838
 0.00430859 0.00359066 0.00252353] [0.02436301 0.03978701 0.83111805 0.00813519 0.01806704 0.03326757
 0.01303047 0.01964475 0.01258693] [0.02112879 0.04725095 0.8023374  0.02319747 0.01923825 0.03518237
 0.02144134 0.01653304 0.01369033] [9.1459142e-04 9.8676795e-01 4.4608419e-03 6.9490523e-04 1.2061025e-03
 1.1549150e-03 1.0083223e-03 1.0424210e-03 2.7499255e-03] [2.5884423e-03 7.9047261e-03 9.6531725e-01 9.5562087e-03 4.3949480e-03
 5.2849082e-03 2.3560112e-03 1.7750320e-03 8.2243193e-04] [3.6394785e-04 6.4959971e-04 1.4686582e-03 2.1082617e-04 2.4926948e-04
 5.1722239e-04 3.8919860e-04 9.9556386e-01 5.8739353e-04] [9.9683172e-01 3.0010357e-04 5.1123142e-04 2.8579499e-04 3.4122245e-04
 2.9594186e-04 3.4527676e-04 3.0762373e-04 7.8109844e-04] [1.4588577e-04 1.2605102e-04 4.7999027e-04 1.1348749e-03 2.4518050e-04
 4.0347406e-04 9.9599200e-01 6.7277008e-04 7.9981331e-04] [6.0167041e-04 4.5521490e-04 2.5094490e-04 4.3478790e-03 6.9735042e-04
 9.9128473e-01 7.9310406e-04 8.3916291e-04 7.3001656e-04] [7.4946490e-04 6.7899940e-03 1.7498971e-03 1.1825077e-03 9.2053978e-04
 4.8558929e-04 7.5511640e-04 9.8613107e-01 1.2358483e-03] [0.08341781 0.02560887 0.01617474 0.13727613 0.02207734 0.28242278
 0.04700607 0.07518364 0.3108326 ] [4.8436993e-04 1.7491181e-04 2.8367440e-04 1.4356766e-03 3.6376782e-04
 1.5611456e-03 9.9488348e-01 3.4507868e-04 4.6782586e-04] [9.9090844e-01 4.3531126e-04 3.1131885e-03 3.7223953e-04 4.8744856e-04
 1.3153701e-03 1.0002172e-03 8.8782702e-04 1.4798860e-03] [1.7883447e-03 1.3174881e-03 1.5247602e-03 8.6022611e-04 6.0246716e-04
 1.7276972e-03 7.7428360e-04 9.9106216e-01 3.4258602e-04] [8.4231066e-04 1.2249132e-03 9.0120424e-04 1.3451038e-03 5.3953135e-04
 8.9052995e-04 3.0733275e-04 9.9337983e-01 5.6925410e-04] [2.6424443e-03 9.1568673e-01 6.9219314e-02 2.5764341e-03 1.5560936e-03
 9.1508991e-04 1.9064575e-03 4.3398016e-03 1.1576761e-03] [3.0012410e-03 5.0562462e-03 9.7985178e-01 6.2591693e-04 3.0388567e-03
 2.1239114e-03 1.8037354e-03 2.2593420e-03 2.2389898e-03] [0.00501792 0.9440438  0.01171749 0.01079233 0.00580403 0.00645153
 0.00491394 0.00704138 0.00421758] [3.2594437e-03 1.0556442e-03 1.5875475e-03 1.1697666e-03 8.1290101e-04
 1.0186597e-03 6.0779916e-04 9.9004900e-01 4.3926117e-04] [9.9594080e-01 8.0682355e-04 6.9748319e-04 2.0632513e-04 3.4522801e-04
 7.6186663e-04 3.7800331e-04 5.3638429e-04 3.2708840e-04] [0.09690338 0.24078596 0.06611583 0.17947719 0.05075191 0.15755212
 0.07635045 0.08559514 0.04646798] [0.09812374 0.35508502 0.14614208 0.05968178 0.06059719 0.09236795
 0.05751668 0.04486619 0.08561934] [0.9128097  0.01857695 0.01294064 0.00590167 0.00399752 0.01154015
 0.00202281 0.00361437 0.02859616] [0.06976922 0.1612953  0.32769167 0.04065043 0.05356483 0.06321413
 0.07601944 0.05739022 0.15040474] [5.2677048e-04 2.8865962e-04 1.0589679e-03 3.0657669e-04 9.0529962e-04
 6.6923758e-04 9.9522638e-01 4.8704137e-04 5.3104991e-04] [2.6959216e-04 1.1373301e-03 8.9405401e-04 7.0250337e-04 3.4665246e-04
 3.8345324e-04 9.9503326e-01 7.4826425e-04 4.8491295e-04] [4.4136829e-04 1.5758511e-03 7.0169033e-04 3.5518518e-04 3.5274104e-04
 6.5210904e-04 3.7451653e-04 9.9524659e-01 3.0001090e-04] [9.9473095e-01 5.3507299e-04 9.3506183e-04 4.7106593e-04 3.4160612e-04
 1.8368840e-03 3.5832293e-04 4.0118210e-04 3.8987727e-04] [4.8124423e-04 7.0011080e-04 6.6170172e-04 7.5185456e-04 9.9663037e-01
 2.8294206e-04 2.1078190e-04 2.1181584e-04 6.9151451e-05] [3.8186810e-04 5.7387224e-04 3.7426469e-04 2.0598962e-04 9.9708742e-01
 2.2981054e-04 2.1566887e-04 3.6742605e-04 5.6364154e-04] [0.01426148 0.765562   0.18166848 0.00578913 0.00841917 0.0064014
 0.00481513 0.00605497 0.00702827] [0.978408   0.00504867 0.00153461 0.00307802 0.00240296 0.00161236
 0.00223134 0.00250853 0.0031755 ] [7.8274345e-04 7.7210371e-03 1.1153084e-03 5.2500295e-04 1.1504351e-03
 7.6346588e-04 9.2549913e-04 9.8502862e-01 1.9879260e-03] [0.05873764 0.04839323 0.7194483  0.05474616 0.02485812 0.01407475
 0.02653792 0.0322473  0.02095651] [1.4889727e-03 7.8994397e-04 2.5021811e-03 1.3893298e-03 1.0869802e-03
 4.9208105e-03 1.9186734e-03 9.5000666e-01 3.5896435e-02] [0.00948305 0.01047802 0.00902953 0.6768534  0.01289794 0.06090372
 0.02683698 0.01703161 0.17648573] [1.0122901e-03 9.9283916e-01 1.9336017e-03 4.5959424e-04 7.9165015e-04
 8.9197361e-04 7.2924217e-04 5.8795360e-04 7.5459830e-04] [1.2431736e-04 1.7249587e-04 1.6504595e-04 2.8712279e-04 2.3878165e-04
 2.3490309e-03 9.9598074e-01 2.6733504e-04 4.1515619e-04] [0.00284474 0.9171108  0.05563598 0.00320056 0.00333241 0.0025405
 0.00369279 0.00729769 0.00434447] [0.02422279 0.00581816 0.02067808 0.02582182 0.01303144 0.48745555
 0.02277011 0.02350145 0.37670055] [0.00786616 0.00809853 0.00683833 0.7005963  0.00876078 0.01630651
 0.02432045 0.01722195 0.20999096] [9.7656292e-01 2.1102196e-03 1.0892148e-02 8.0590067e-04 1.2294602e-03
 2.5032605e-03 1.2201177e-03 1.1472431e-03 3.5287128e-03] [4.9588317e-04 4.6168556e-04 3.3986568e-04 9.1445702e-04 9.9570847e-01
 4.9134548e-04 5.2700582e-04 5.2402855e-04 5.3729530e-04] [0.02045693 0.03605821 0.04123124 0.08422638 0.03009284 0.19750799
 0.01973275 0.03974678 0.5309469 ] [0.00410883 0.02727217 0.9199253  0.00364094 0.00489669 0.02736134
 0.0054209  0.00344928 0.00392459] [4.3577419e-04 1.5985261e-03 1.2644544e-03 6.2547059e-04 9.9388266e-01
 9.1891328e-04 5.0774391e-04 5.4384343e-04 2.2268888e-04] [0.08522552 0.24572934 0.21179269 0.03206227 0.04441285 0.21186279
 0.07628475 0.05329048 0.03933935] [0.10578095 0.16729829 0.10589743 0.06947619 0.05586197 0.26001552
 0.09034001 0.05067507 0.09465458] [3.8799804e-04 2.0967286e-04 3.9380303e-04 1.2433651e-03 2.2837915e-04
 6.6738669e-03 9.8978150e-01 3.3873948e-04 7.4270356e-04] [3.4844561e-04 3.5741567e-04 2.6669388e-04 5.0078880e-04 9.9713266e-01
 2.2824656e-04 7.1318517e-04 2.9317557e-04 1.5939589e-04] [0.12170329 0.14166515 0.07040118 0.17904067 0.08076724 0.06424169
 0.14149512 0.12171008 0.0789756 ] [0.06823929 0.07257856 0.04431291 0.09893789 0.06308198 0.11128958
 0.09606413 0.0989033  0.34659237] [6.4767816e-04 8.6117641e-04 4.1362336e-03 1.7199406e-03 9.6045603e-04
 9.8151684e-01 1.2975074e-03 1.4634602e-03 7.3967339e-03] [0.04019432 0.01966527 0.01834008 0.10253105 0.03008934 0.10774691
 0.03103512 0.03091041 0.61948746] [0.0687477  0.12545015 0.04206888 0.28105417 0.09143709 0.04372707
 0.06611975 0.19072662 0.09066859] [0.00616758 0.00620677 0.95219064 0.00480189 0.00566229 0.00654428
 0.00285952 0.00848895 0.00707812] [2.8498343e-04 1.8604400e-04 3.7373690e-04 6.2330399e-04 1.9869508e-04
 1.8304189e-03 9.9484986e-01 2.8618533e-04 1.3667716e-03] [0.00672727 0.94636106 0.02592032 0.00313894 0.0027292  0.00600157
 0.00207038 0.00448076 0.00257051] [6.2467752e-04 5.0651771e-04 8.3681138e-04 7.7047531e-04 9.9408746e-01
 1.0417544e-03 5.7624868e-04 6.6680671e-04 8.8929816e-04] [7.6048082e-04 2.0236636e-03 3.0177197e-04 3.9184033e-03 6.0296635e-04
 9.8513120e-01 9.7134610e-04 4.3404158e-03 1.9497274e-03] [0.11478429 0.18501462 0.12599355 0.15184765 0.07343116 0.11719243
 0.09803338 0.07177885 0.06192409] [0.05362795 0.05164192 0.0582737  0.14108899 0.04753472 0.0531968
 0.0723591  0.11753824 0.40473863] [0.01237454 0.01568079 0.03767968 0.6933378  0.01456154 0.06457196
 0.01810542 0.01925481 0.12443344] [0.00148456 0.9741296  0.00435728 0.00211258 0.00189195 0.00382468
 0.0025059  0.00752942 0.00216403] [0.9748044  0.00492673 0.00485178 0.00349305 0.00295353 0.00111901
 0.00220608 0.00185949 0.00378593] [4.5652157e-03 8.7711541e-04 1.5234605e-03 9.5278156e-01 1.7695033e-03
 1.1878519e-02 2.6950177e-03 3.6443679e-03 2.0265257e-02] [9.9640936e-01 2.3762087e-04 5.6642026e-04 4.8496248e-04 1.9999934e-04
 9.7374758e-04 3.0766352e-04 5.3828885e-04 2.8193294e-04] [0.10607637 0.09051101 0.32231924 0.08842459 0.06383993 0.08325818
 0.07904772 0.10519487 0.06132812] [2.1072452e-04 2.3791364e-04 1.6638346e-04 2.7023474e-04 2.1942498e-04
 7.2754169e-04 9.9570751e-01 3.0700967e-04 2.1532676e-03] [1.0774804e-03 8.2598266e-04 5.6847138e-04 1.2175394e-02 1.6351168e-03
 9.2101508e-01 3.1355016e-03 2.4548329e-03 5.7112183e-02] [0.05762542 0.10451214 0.15830411 0.11999363 0.04392949 0.05748453
 0.06717649 0.07948206 0.31149212] [0.02229836 0.01505126 0.28704953 0.6268755  0.00638094 0.01279719
 0.01304105 0.0086929  0.00781329] [2.7843041e-04 4.9318437e-04 2.8340661e-04 1.3322196e-03 4.9360382e-04
 2.5650188e-03 8.1128936e-04 9.8917270e-01 4.5701228e-03] [0.1022884  0.25400466 0.13614386 0.20584969 0.08334571 0.0511726
 0.07117632 0.05912131 0.03689745] [0.00800573 0.01505765 0.9143801  0.0240035  0.00765597 0.00817026
 0.00414528 0.01288355 0.00569802] [0.06798203 0.19857217 0.18328632 0.11021887 0.03876697 0.03254697
 0.04400824 0.0747034  0.24991497] [0.00234469 0.00248138 0.00136017 0.00298399 0.00147103 0.94513905
 0.00315016 0.00232709 0.03874248] [0.05737718 0.02948134 0.01234838 0.02666181 0.01505352 0.0572971
 0.02467708 0.01536334 0.76174027] [2.0252627e-03 2.6755147e-03 3.4014948e-03 8.6819590e-04 9.8380291e-01
 1.4891853e-03 1.7816763e-03 2.0272231e-03 1.9285701e-03] [2.4020705e-04 9.9734074e-01 2.3894357e-04 2.9994539e-04 4.8344562e-04
 5.7145522e-04 2.2266807e-04 3.4546497e-04 2.5718726e-04] [0.005627   0.00981398 0.92111045 0.04511797 0.00282231 0.002665
 0.00426531 0.00383393 0.00474408] [0.01097196 0.01688148 0.02410487 0.02297196 0.02527836 0.07400578
 0.02353905 0.02142267 0.7808239 ] [0.00123948 0.00145533 0.0015771  0.01495344 0.96928227 0.00260402
 0.0016224  0.00274864 0.00451734] [0.01596782 0.05540141 0.5558534  0.06047479 0.03749129 0.17669363
 0.02660709 0.03243799 0.03907259] [0.20956348 0.14874959 0.13447352 0.17527108 0.04639697 0.07064602
 0.05179862 0.11228487 0.05081583] [9.7933318e-04 7.9138856e-04 1.2297028e-03 3.3771514e-04 9.9503398e-01
 3.3519362e-04 3.3958946e-04 4.1212124e-04 5.4095418e-04] [9.9516439e-01 1.1258920e-03 1.2647921e-03 2.8080944e-04 4.0108064e-04
 4.5663450e-04 5.7246670e-04 3.1696309e-04 4.1693382e-04] [0.00157746 0.00308621 0.00254624 0.00455093 0.001358   0.00127947
 0.00132006 0.981964   0.0023176 ] [0.05811764 0.05269602 0.0237985  0.17750838 0.06620657 0.21395218
 0.08171917 0.05731483 0.26868668] [0.00735411 0.9052885  0.04043592 0.00342938 0.00692522 0.00899857
 0.00853381 0.00619552 0.01283894] [4.1136029e-04 5.8247370e-04 7.1695622e-04 8.0806325e-04 9.9471480e-01
 1.2134858e-03 5.4132967e-04 6.0709531e-04 4.0438605e-04] [1.7531947e-03 9.3708542e-04 3.7411531e-03 9.7239530e-01 9.0951816e-04
 3.4351842e-03 2.6448693e-03 2.7694278e-03 1.1414279e-02] [9.9020642e-01 2.0671405e-03 1.3253344e-03 1.9924915e-03 5.8943906e-04
 7.6809915e-04 7.8791566e-04 4.7048298e-04 1.7927251e-03] [0.00886562 0.01489524 0.9248537  0.00910452 0.00973227 0.00625786
 0.00534469 0.00615225 0.01479383] [4.1991731e-04 1.0905494e-03 1.2016048e-03 7.7136018e-04 7.1039511e-04
 9.9237967e-01 6.5867719e-04 1.2222767e-03 1.5455661e-03] [0.00137966 0.00766409 0.9770736  0.00356331 0.00141624 0.00250694
 0.00126421 0.0011217  0.00401026] [6.6897616e-04 6.4580078e-04 5.6392811e-02 3.2044729e-04 9.3842256e-01
 4.2684295e-04 4.9032341e-04 4.6146041e-04 2.1707304e-03] [0.01022162 0.01090874 0.01318925 0.9296623  0.0056687  0.00831428
 0.01064319 0.00645864 0.00493331] [0.05040653 0.0444389  0.0748233  0.1111831  0.05380568 0.05814265
 0.0471197  0.04838436 0.5116958 ] [8.8336074e-04 5.4079876e-04 4.7779657e-04 7.7298476e-04 6.7882839e-04
 4.0469631e-03 1.9885458e-03 9.8065966e-01 9.9510057e-03] [0.08180051 0.2665034  0.05042595 0.0490589  0.09882898 0.08561101
 0.03735407 0.05954013 0.27087703] [0.01911295 0.013887   0.01795033 0.02372821 0.01051148 0.0338179
 0.02285897 0.02671125 0.8314219 ] [1.1027543e-03 9.8944432e-01 2.4320022e-03 2.8613855e-03 6.7309290e-04
 8.8235654e-04 1.0282673e-03 9.8883919e-04 5.8697403e-04] [0.03154629 0.03729815 0.07339548 0.15953451 0.03090543 0.36722746
 0.058848   0.03943332 0.20181137] [9.9543238e-01 1.0173579e-03 4.0692859e-04 9.7233092e-04 3.3230125e-04
 8.6028554e-04 1.8541410e-04 2.9112707e-04 5.0193659e-04] [9.9507731e-01 1.5588660e-03 6.5289135e-04 2.7297283e-04 2.7927969e-04
 1.2043824e-03 2.1582525e-04 2.8795077e-04 4.5053495e-04] [0.00310589 0.9627995  0.01311842 0.00123825 0.00130651 0.00156081
 0.00152744 0.00287218 0.01247103] [0.00221878 0.00212666 0.00152725 0.9738502  0.00197233 0.00311819
 0.00249894 0.00173914 0.01094852] [0.00798482 0.9763131  0.00349312 0.00150065 0.00339308 0.00186718
 0.00184712 0.00150441 0.00209651] [2.5191801e-04 2.0439930e-04 2.0308385e-04 3.3462184e-04 2.7741096e-04
 3.7768533e-04 9.9705899e-01 4.9083185e-04 8.0104172e-04] [2.9083286e-04 1.5993023e-04 1.9437567e-04 2.3365277e-03 2.9624224e-04
 4.0368265e-03 9.8844332e-01 3.4416752e-04 3.8977445e-03] [2.2622196e-04 5.5481261e-04 1.5663529e-04 7.6681061e-04 9.9465418e-01
 3.9819189e-04 7.1851583e-04 4.0355569e-04 2.1211223e-03] [0.05032982 0.1318853  0.02216802 0.1771598  0.05679342 0.03307299
 0.05201186 0.10329949 0.37327933] [4.5879369e-04 1.1430134e-03 1.5255505e-03 1.2468558e-03 9.9172008e-01
 1.3484709e-03 6.4144208e-04 5.3578441e-04 1.3799884e-03] [0.00196025 0.00440979 0.9629255  0.00900972 0.00523583 0.004213
 0.00197763 0.00377144 0.00649691] [0.00743038 0.8724846  0.07495169 0.006062   0.005394   0.01603178
 0.0044321  0.0077909  0.00542253] [0.01367165 0.02986312 0.81462103 0.03106779 0.01003114 0.03824605
 0.02617509 0.01844748 0.01787662] [0.1463592  0.04633234 0.03669507 0.23395146 0.04976453 0.24607436
 0.09844059 0.05416036 0.08822205] [2.4451630e-04 3.9779700e-04 3.4956381e-04 6.6076772e-04 3.6757838e-04
 9.9297345e-01 6.9722603e-04 5.7366712e-04 3.7354287e-03] [2.4089895e-03 9.5931113e-01 2.8315356e-02 2.0272199e-03 9.3821890e-04
 1.1764721e-03 1.0992520e-03 1.3202552e-03 3.4031505e-03] [4.5850562e-04 8.0381532e-04 1.3978411e-02 3.0375191e-04 5.5291777e-04
 1.1900365e-03 4.9635931e-04 9.8080701e-01 1.4091835e-03] [9.8699224e-01 6.7831512e-04 7.0958296e-03 1.6554509e-03 5.5265147e-04
 1.1068013e-03 5.7460193e-04 5.1764597e-04 8.2651351e-04] [7.5185078e-04 7.5569528e-04 3.6211158e-04 3.9367221e-04 2.6788132e-04
 6.7666412e-04 9.9571913e-01 7.1464496e-04 3.5840637e-04] [2.2688476e-04 3.4796246e-04 1.7982586e-04 7.0424040e-04 3.0382694e-04
 1.3414886e-03 4.1513488e-04 9.9029714e-01 6.1835339e-03] [0.02375321 0.0076945  0.00803406 0.02502335 0.00810076 0.15322642
 0.01396763 0.01533714 0.7448629 ] [0.00632641 0.06594748 0.8221978  0.00783599 0.00743997 0.00842072
 0.01869861 0.05629824 0.0068348 ] [0.01056    0.8728542  0.05341893 0.02426177 0.00374092 0.00869163
 0.00566496 0.0052458  0.01556183] [0.0338055  0.07950145 0.12501065 0.02017472 0.02662673 0.07458305
 0.02803924 0.03710223 0.57515645] [3.9691314e-02 1.2431291e-04 1.1259089e-04 5.3370872e-04 5.8371428e-04
 1.4072688e-03 9.5570338e-01 1.8862313e-04 1.6550911e-03] [0.10462433 0.10071137 0.10506124 0.09435991 0.08450907 0.22459024
 0.08676746 0.12343179 0.07594456] [0.00284353 0.00237501 0.00229755 0.9653008  0.00164092 0.01902302
 0.00248232 0.00256966 0.00146713] [5.7957123e-04 2.4420623e-04 2.8354392e-04 9.3417615e-04 3.2356387e-04
 5.9234491e-04 9.9575353e-01 4.1437824e-04 8.7467133e-04] [0.03675916 0.07997338 0.12794094 0.04579172 0.054694   0.42172402
 0.13446942 0.06964409 0.02900323] [0.04740352 0.03112069 0.6161743  0.03246348 0.04116852 0.0528447
 0.05564245 0.07640042 0.04678188] [1.1278741e-03 1.5492955e-03 2.2353670e-01 7.6837289e-01 4.6809754e-04
 2.4491111e-03 5.5388332e-04 1.1372439e-03 8.0493180e-04] [0.00471608 0.00236059 0.0066395  0.9433387  0.00349371 0.01575755
 0.00727937 0.00903041 0.00738412] [1.6678580e-03 1.5420745e-03 9.0927875e-04 2.0651880e-03 9.7981666e-04
 9.8355824e-01 1.4535970e-03 7.2761241e-04 7.0963469e-03] [3.51626135e-04 1.56931020e-03 5.54823899e-04 1.09758905e-04
 9.95674312e-01 2.07140634e-04 2.53486127e-04 5.70197997e-04
 7.09349173e-04] [0.01489459 0.03271661 0.01069601 0.06254016 0.01642156 0.03983785
 0.02566474 0.02374793 0.7734806 ] [0.00834595 0.03226084 0.23279622 0.70683354 0.00309266 0.00502999
 0.00468989 0.0045004  0.00245045] [0.0061222  0.9593571  0.00671834 0.00284748 0.00391751 0.00776659
 0.00462509 0.0063088  0.00233691] [1.4541313e-03 3.3885101e-03 2.3281826e-03 3.6554469e-03 7.6460245e-04
 8.3764555e-04 9.9473854e-04 9.8526812e-01 1.3087015e-03] [9.9715972e-01 2.4548415e-04 4.6594476e-04 2.7332691e-04 2.4527023e-04
 3.8452196e-04 6.7906373e-04 2.7317964e-04 2.7356445e-04] [0.9521056  0.00410392 0.00182117 0.00472454 0.00647452 0.0083278
 0.00342386 0.0041824  0.01483621] [4.1117286e-04 6.3708174e-04 4.4216251e-04 6.8295922e-04 9.9521869e-01
 6.4133701e-04 1.2920434e-03 3.3189839e-04 3.4261332e-04] [2.9301562e-04 1.1294098e-04 1.9104331e-04 1.8165018e-03 2.0692748e-04
 7.0587778e-04 9.9520195e-01 2.2034669e-04 1.2514507e-03] [1.6632896e-03 8.6297904e-04 1.3846821e-03 9.6887398e-01 1.6441233e-03
 1.6833726e-02 2.2702948e-03 1.7514860e-03 4.7154706e-03] [9.97740865e-01 2.82715162e-04 8.46875366e-04 1.11587564e-04
 1.75791633e-04 2.06559125e-04 2.98148865e-04 1.54884852e-04
 1.82594536e-04] [9.8283053e-04 9.9455255e-01 6.7187980e-04 4.4913427e-04 3.8891687e-04
 6.9828553e-04 9.6619938e-04 7.0464390e-04 5.8552506e-04] [9.0637099e-04 4.4853540e-04 5.1339279e-04 1.0324685e-03 8.0692797e-04
 5.0649946e-03 1.7125779e-03 9.7556347e-01 1.3951237e-02] [3.4535056e-04 4.3482101e-04 3.3073095e-04 1.6294370e-03 9.9590248e-01
 3.3406960e-04 2.5659185e-04 4.0968045e-04 3.5689949e-04] [4.8177500e-04 1.4047032e-04 2.2998483e-04 1.4146402e-03 2.5806186e-04
 1.4035087e-03 9.9479181e-01 3.4401071e-04 9.3566050e-04]",3 7 5 7 0 2 8 4 6 7 2 0 2 6 8 0 6 2 6 8 8 7 4 2 2 2 4 4 2 3 1 3 0 3 3 1 1 1 0 3 3 5 4 7 2 5 4 6 5 6 8 7 8 8 6 7 1 8 8 4 4 7 6 2 0 2 3 1 2 7 0 6 5 7 5 6 0 7 7 1 2 1 7 0 5 6 8 5 6 6 7 0 4 4 1 0 7 1 8 3 1 6 1 5 3 0 4 5 2 4 5 5 6 4 5 8 5 8 8 2 6 1 4 5 3 3 3 1 0 3 0 8 6 5 7 3 7 0 2 8 5 8 4 1 3 8 4 2 0 4 0 7 7 1 4 3 0 2 5 2 4 3 3 7 8 8 1 8 0 0 1 3 1 6 6 4 5 4 2 1 2 5 5 1 7 0 6 7 5 2 1 8 6 5 3 6 8 2 2 3 5 4 8 3 1 7 0 0 4 6 3 0 1 7 4 6
1468,3,xgboost,0.0,20000,19144,0.8657407407407407,0.984109760802469,"[0.06885146 0.14332885 0.20942593 0.06124308 0.07344678 0.1156882
 0.0679784  0.0967957  0.16324158] [5.3961290e-04 1.5657042e-03 9.9286979e-01 1.9024594e-03 5.4042193e-04
 9.0728083e-04 3.4284184e-04 3.4419011e-04 9.8774850e-04] [2.4189761e-04 4.4596300e-04 2.9407718e-04 4.3218161e-04 2.6398923e-04
 1.7437070e-03 9.9391681e-01 3.8735612e-04 2.2740772e-03] [0.02950184 0.05224971 0.05876146 0.39250866 0.03343882 0.14843152
 0.02656304 0.02457518 0.23396982] [0.00278324 0.01077316 0.00297655 0.9719306  0.00209196 0.00192234
 0.00276578 0.00317384 0.00158253] [0.00208472 0.00100376 0.00143386 0.00419872 0.00149809 0.97500956
 0.00185141 0.00180308 0.01111673] [2.2999197e-03 7.7177235e-04 5.5479788e-04 2.3065798e-03 1.0338698e-03
 9.8177135e-01 2.6981852e-03 1.0764314e-03 7.4870754e-03] [4.5482843e-04 1.6650750e-04 3.9157728e-04 3.8334104e-04 9.9795902e-01
 1.9209726e-04 1.2267532e-04 2.2932388e-04 1.0067630e-04] [0.00732633 0.02024152 0.9045989  0.00760882 0.00602793 0.02117152
 0.01111764 0.00958075 0.01232662] [0.00688609 0.01166224 0.01852573 0.8539832  0.00868481 0.01401409
 0.05969032 0.01839763 0.00815589] [8.5998967e-04 4.3378514e-04 3.3267811e-02 9.4972247e-01 8.2163682e-04
 3.0173368e-03 9.0079871e-04 1.0481311e-03 9.9280439e-03] [9.9743360e-01 7.5236795e-04 2.3033602e-04 2.1404382e-04 3.1769852e-04
 2.2753836e-04 1.6450262e-04 2.8702000e-04 3.7290511e-04] [7.1258238e-04 5.9678638e-04 1.0635221e-03 5.3458055e-04 2.8175936e-04
 2.9889849e-04 5.7168887e-04 9.9496436e-01 9.7588700e-04] [0.04354728 0.04032984 0.14763811 0.24652301 0.04067731 0.10472782
 0.04099445 0.10706609 0.22849609] [0.00186937 0.9704469  0.01677352 0.00251439 0.00189662 0.0016997
 0.00130229 0.00154151 0.00195569] [0.03326915 0.08315639 0.06121882 0.13709086 0.11223756 0.23580624
 0.09868253 0.10128213 0.13725632] [3.9289659e-04 2.2622372e-04 2.0580685e-04 3.5530506e-04 9.9057627e-01
 3.4031614e-03 4.5223004e-04 8.1652193e-04 3.5715469e-03] [6.5260177e-04 7.0470542e-04 9.2895940e-04 3.9512524e-03 2.0918639e-03
 9.8589617e-01 1.0255922e-03 1.2632443e-03 3.4855735e-03] [0.01567344 0.00919136 0.00706944 0.02714795 0.01905602 0.05152028
 0.02223149 0.00967492 0.8384351 ] [9.6326583e-04 1.3476789e-03 7.6202233e-04 1.0065354e-03 1.7405892e-03
 8.6332103e-03 1.2268727e-03 9.7313923e-01 1.1180625e-02] [1.2903113e-03 1.8784477e-03 1.3619653e-03 8.8828825e-04 9.8562223e-01
 4.8769829e-03 1.3467431e-03 1.5032145e-03 1.2318604e-03] [0.0598769  0.04047245 0.0334681  0.06520663 0.03733902 0.1935219
 0.04353749 0.04052515 0.4860524 ] [1.4027493e-03 1.1770282e-03 8.6097379e-04 3.6071735e-03 1.0013324e-03
 9.8513782e-01 8.2545477e-04 3.4243283e-03 2.5631960e-03] [1.37092604e-03 1.06624770e-03 7.55681307e-04 1.39234902e-03
 6.42697036e-04 9.79855299e-01 1.35090540e-03 9.82609694e-04
 1.25833005e-02] [2.6742942e-04 1.9984796e-04 4.2340608e-04 7.5550261e-04 4.7149640e-04
 3.9705564e-04 9.9499738e-01 4.5568266e-04 2.0321661e-03] [9.8683494e-01 1.4917603e-03 1.4445392e-03 1.5159234e-03 9.3340978e-04
 1.4847560e-03 2.0324248e-03 1.5362852e-03 2.7259819e-03] [0.02844616 0.02084822 0.01857959 0.04507847 0.02327862 0.05085362
 0.02600549 0.02350429 0.7634055 ] [6.6274795e-04 5.6195533e-04 5.9565349e-04 3.7677397e-03 9.9269283e-01
 3.9666035e-04 3.0459042e-04 2.9196456e-04 7.2584266e-04] [0.00187173 0.00353727 0.98118377 0.00422835 0.00133676 0.00234994
 0.0021216  0.00175902 0.00161156] [4.8420223e-04 4.3764955e-04 7.6415966e-04 9.8564076e-01 7.4569840e-04
 1.8273271e-03 4.2427771e-04 5.0303712e-04 9.1729332e-03] [2.0572379e-04 4.5019478e-04 2.2787644e-04 1.3618536e-03 9.9474418e-01
 4.4264743e-04 3.3006287e-04 2.6759761e-04 1.9698893e-03] [9.9106956e-01 5.8513682e-04 5.5442931e-04 5.1872444e-04 6.6711800e-04
 2.1530385e-03 7.0417731e-04 1.0730808e-03 2.6747892e-03] [0.0393547  0.03124048 0.8631937  0.0150935  0.00546311 0.01405619
 0.00566235 0.0095911  0.01634484] [4.8688738e-04 4.3712952e-04 1.9543798e-04 2.6007142e-04 9.9681264e-01
 1.0961310e-03 1.2372450e-04 1.6117707e-04 4.2685703e-04] [0.0174375  0.01477591 0.88328826 0.01006885 0.00839022 0.01033008
 0.01361117 0.00735068 0.03474736] [2.1941760e-04 2.3740451e-04 1.4183915e-04 8.9575234e-04 2.1803837e-04
 5.4582604e-03 9.8369873e-01 7.0400198e-04 8.4265992e-03] [0.03124681 0.05175745 0.3816282  0.33207294 0.03622746 0.0231089
 0.06127073 0.03222228 0.05046525] [9.9676657e-01 4.6686488e-04 8.6943293e-04 1.3984018e-04 3.2109069e-04
 4.3144450e-04 5.2444241e-04 3.8100325e-04 9.9347526e-05] [0.00125675 0.00182983 0.00113768 0.00099735 0.00101877 0.00313443
 0.00100257 0.9885654  0.00105725] [1.5322536e-03 5.4956629e-04 7.0349453e-04 4.6960256e-04 3.2729108e-04
 2.8483281e-04 9.9536872e-01 4.3614701e-04 3.2814493e-04] [0.02636061 0.02009952 0.05278126 0.33324715 0.03966438 0.30764207
 0.03200436 0.04369966 0.144501  ] [3.0209398e-04 7.3613087e-04 3.4587647e-04 2.0705489e-04 2.2356394e-04
 4.1507193e-04 9.9715084e-01 2.9353960e-04 3.2580303e-04] [4.9336453e-04 9.8445350e-01 1.2059308e-03 4.8586568e-03 7.2827085e-04
 2.4965457e-03 1.1158718e-03 2.0685114e-03 2.5793025e-03] [4.7610226e-04 8.3308155e-04 5.9898412e-03 4.3820171e-04 9.9061978e-01
 2.0259139e-04 5.7938270e-04 3.7517637e-04 4.8589185e-04] [1.8090933e-03 4.0286854e-03 9.8302299e-01 3.3718469e-03 1.5549470e-03
 8.4612868e-04 9.5380441e-04 1.6348114e-03 2.7776901e-03] [2.4668418e-04 1.3364108e-04 2.1955765e-04 2.6087367e-04 9.9543297e-01
 7.7128346e-04 2.3878006e-04 1.7220528e-04 2.5239813e-03] [2.9760529e-04 3.4007427e-04 3.2137614e-04 8.3445082e-04 2.2965834e-04
 6.8946235e-04 9.9522096e-01 1.9883936e-04 1.8676183e-03] [4.9528910e-04 1.0152574e-03 3.5084385e-04 2.0719398e-04 9.9501932e-01
 6.6789082e-04 4.4148386e-04 2.6230569e-04 1.5403887e-03] [0.16010344 0.24930908 0.10408991 0.10562592 0.05746554 0.1462056
 0.04268845 0.04980577 0.08470633] [0.09629687 0.06275126 0.04349768 0.09258179 0.09457912 0.14129645
 0.09967681 0.06708397 0.30223605] [1.5982384e-03 9.8977482e-01 1.3565237e-03 1.1448944e-03 7.7918213e-04
 2.6452849e-03 1.3093160e-03 8.0056739e-04 5.9110916e-04] [0.00609378 0.00980722 0.00506968 0.00133    0.00430997 0.00308668
 0.00381952 0.95832336 0.00815972] [0.05758686 0.07378045 0.05629724 0.05809884 0.05866191 0.16510826
 0.1220404  0.08485498 0.3235711 ] [0.08041286 0.40318084 0.2520172  0.05121598 0.02783416 0.03893992
 0.0563112  0.03793682 0.052151  ] [9.9613094e-01 7.8641169e-04 2.5676872e-04 6.0788862e-04 3.4126660e-04
 4.8771562e-04 5.9191871e-04 3.6558218e-04 4.3151472e-04] [6.1293761e-04 9.9375302e-01 1.4008061e-03 7.5518590e-04 4.7897748e-04
 8.0925756e-04 9.0193836e-04 6.9977058e-04 5.8812811e-04] [0.00529815 0.95997995 0.00946965 0.00265336 0.00494951 0.00145846
 0.00518481 0.00499506 0.0060111 ] [4.9849268e-04 5.8876828e-04 1.0121580e-03 5.3984433e-04 4.4404904e-04
 3.6128450e-04 3.8449877e-04 9.9545115e-01 7.1981677e-04] [0.19607142 0.10182224 0.07677696 0.0879718  0.07776982 0.11230206
 0.08491273 0.12013024 0.14224271] [0.10960963 0.14915285 0.18061174 0.15771031 0.04511054 0.07398295
 0.05103602 0.08123051 0.15155548] [9.9652678e-01 3.5269646e-04 8.1792014e-04 6.8020757e-04 1.8503859e-04
 2.2491111e-04 2.4660697e-04 5.8383890e-04 3.8201897e-04] [1.4704790e-04 3.0375613e-04 1.1455434e-04 5.7297607e-04 4.5391588e-04
 6.3871045e-04 9.9590164e-01 2.3194590e-04 1.6354230e-03] [8.8615972e-04 9.9117637e-01 2.1270185e-03 1.6570190e-03 6.2337529e-04
 9.0437301e-04 1.0614635e-03 8.5641997e-04 7.0786674e-04] [3.7641387e-04 5.4191501e-04 6.8617463e-03 2.3143394e-04 9.9040341e-01
 2.5700626e-04 4.0250586e-04 4.3297836e-04 4.9263734e-04] [0.00309348 0.00912941 0.00233927 0.0039202  0.00275137 0.00227494
 0.0046876  0.96604216 0.00576159] [5.7126459e-04 5.5664510e-04 1.7957091e-03 9.8667520e-01 2.5644639e-04
 1.5209198e-03 6.0165336e-04 4.4082236e-04 7.5812927e-03] [0.01621087 0.8715837  0.02360502 0.00741741 0.01603847 0.00892072
 0.0152479  0.02079677 0.02017912] [0.00128868 0.0009221  0.04086298 0.91804844 0.00106071 0.00801896
 0.00370362 0.00181341 0.02428111] [0.01674218 0.01228979 0.02126758 0.02143163 0.01473409 0.09084934
 0.02418001 0.02705269 0.7714527 ] [0.00740175 0.00989871 0.9519369  0.00867496 0.00439001 0.00432693
 0.00459698 0.00619977 0.00257397] [0.04840128 0.04033772 0.01907636 0.10890461 0.06641033 0.21905804
 0.07791274 0.04707235 0.3728266 ] [2.2248339e-03 9.1345498e-04 6.4947567e-04 9.6235371e-01 5.6563760e-04
 4.2328807e-03 1.2458181e-03 5.1179476e-04 2.7302476e-02] [2.3849593e-03 9.8670912e-01 1.7665968e-03 1.9886340e-03 1.3797157e-03
 1.7415909e-03 1.5948394e-03 8.9166127e-04 1.5429545e-03] [6.3447352e-04 9.8492348e-01 8.8178124e-03 1.0284967e-03 3.9506346e-04
 1.7302461e-03 5.3608144e-04 1.3845846e-03 5.4977275e-04] [0.9427977  0.00439471 0.03129612 0.00736894 0.0019578  0.00323632
 0.00236952 0.00232176 0.00425703] [0.02236664 0.07173573 0.8085975  0.01353223 0.01143994 0.01869648
 0.00805641 0.03041201 0.01516307] [0.01684592 0.75994414 0.12632225 0.0077485  0.00879642 0.00743031
 0.01344859 0.01646058 0.04300328] [9.9521184e-01 6.4524420e-04 5.7851151e-04 3.9512748e-04 3.1538005e-04
 1.3556438e-03 2.1231912e-04 6.8413827e-04 6.0179690e-04] [2.8617377e-04 1.8181361e-04 1.6404140e-04 3.0842621e-04 1.5802238e-04
 9.7992783e-04 9.9607986e-01 2.4547873e-04 1.5962115e-03] [3.5027653e-04 1.0874000e-03 7.6988805e-04 2.3643620e-04 3.6499562e-04
 1.4188114e-03 9.9515510e-01 3.7507573e-04 2.4202836e-04] [2.8722805e-03 2.0303898e-03 9.8065752e-01 1.5255453e-03 6.9081393e-04
 1.3705733e-03 8.5661927e-04 6.9684219e-03 3.0278377e-03] [0.00433486 0.0065457  0.00724596 0.00442301 0.0045794  0.01015972
 0.00293762 0.9515226  0.0082511 ] [2.7438250e-04 1.6397212e-03 3.3962465e-04 2.6127635e-04 9.9671090e-01
 1.0332927e-04 1.6073653e-04 3.1064998e-04 1.9942819e-04] [0.05441208 0.03406062 0.03996774 0.10404649 0.08786894 0.30250326
 0.05914688 0.05681518 0.26117876] [0.01438599 0.01779267 0.01913622 0.01829789 0.02598708 0.01619133
 0.01870233 0.03310475 0.83640176] [0.00113937 0.0031349  0.3830785  0.60711443 0.00066646 0.00246077
 0.00073951 0.00063728 0.0010288 ] [0.0433867  0.04763941 0.03031866 0.0584533  0.03811445 0.05234868
 0.03699184 0.06344188 0.6293051 ] [0.05184538 0.03186655 0.75721055 0.01767092 0.01210477 0.04561719
 0.03246556 0.02004933 0.03116977] [3.5102097e-03 9.8313612e-01 2.7557209e-03 1.3273343e-03 1.3970296e-03
 3.7041279e-03 9.3914749e-04 2.6114848e-03 6.1887788e-04] [4.3160017e-04 3.0979977e-04 1.4980022e-04 4.5224666e-04 1.9144325e-04
 8.3959947e-04 9.9243718e-01 1.6632173e-03 3.5251130e-03] [0.10241213 0.06300618 0.04223617 0.07847428 0.04639224 0.269283
 0.06637664 0.04497881 0.28684053] [9.2777965e-04 9.8031107e-04 8.4481464e-04 2.1475756e-03 9.3212140e-01
 1.3939010e-03 4.8190149e-04 8.5802807e-04 6.0244236e-02] [0.09179415 0.08652517 0.04642228 0.24576908 0.04696608 0.08571984
 0.038104   0.06350849 0.29519093] [0.0815219  0.02040955 0.01652173 0.06319258 0.02608467 0.10638877
 0.03719532 0.0398198  0.6088657 ] [4.8904674e-04 7.0838124e-04 6.2672643e-04 2.7598669e-03 6.0555647e-04
 9.8178965e-01 1.5788940e-03 1.3386040e-03 1.0103235e-02] [0.03513284 0.08119539 0.04269248 0.17088732 0.03418913 0.40964973
 0.02290789 0.03977186 0.16357337] [9.9659270e-01 8.4757362e-04 7.2197750e-04 5.8879767e-04 1.8497779e-04
 3.4447268e-04 1.9650187e-04 2.2409117e-04 2.9887471e-04] [0.9353498  0.02477946 0.00998276 0.00775639 0.00328122 0.00551854
 0.00512182 0.00358373 0.00462628] [1.0368190e-03 4.5446769e-04 7.8573189e-04 1.7942076e-03 1.3346159e-03
 4.1563213e-03 1.6704997e-03 9.8013914e-01 8.6281523e-03] [0.01438524 0.03836896 0.8026002  0.02622354 0.01634395 0.0494919
 0.0099667  0.01762397 0.02499552] [9.9667346e-01 2.2555192e-04 4.2573200e-04 3.3417266e-04 3.0601546e-04
 8.0994319e-04 2.7012930e-04 3.9867047e-04 5.5632985e-04] [3.3371241e-04 6.1384315e-04 3.4055937e-04 4.7009901e-04 9.9580115e-01
 7.1367435e-04 2.0448086e-04 3.9423985e-04 1.1282328e-03] [0.1220172  0.22483179 0.07387517 0.06910272 0.07037372 0.0336436
 0.03349124 0.07603596 0.29662856] [4.6503797e-04 3.3749311e-04 2.2000055e-04 1.0689738e-03 1.4875225e-04
 6.7885092e-04 9.9235255e-01 3.3345801e-04 4.3949177e-03] [2.9701092e-03 1.3230349e-03 4.5378492e-03 9.7158360e-01 9.0772560e-04
 4.2222887e-03 1.2963481e-03 1.0721040e-03 1.2086935e-02] [1.0583106e-03 4.8746838e-04 1.0741281e-03 1.3179961e-03 6.1243365e-04
 9.9021053e-01 5.0188485e-04 4.8244299e-04 4.2547905e-03] [0.84035075 0.03228389 0.02169354 0.01383098 0.01148879 0.03195157
 0.01364992 0.02652155 0.00822898] [3.6361787e-04 3.3411823e-04 4.7491264e-04 6.2639051e-04 2.9982717e-04
 3.9274473e-04 9.9678588e-01 3.3823567e-04 3.8425211e-04] [5.5087055e-04 1.9164819e-04 2.9999364e-04 9.7407342e-04 9.9590045e-01
 4.9731258e-04 3.6177516e-04 2.3670423e-04 9.8718517e-04] [0.12813883 0.13653098 0.11859285 0.05879129 0.04617737 0.06386284
 0.07559951 0.03391008 0.33839628] [9.9566770e-01 6.6949055e-04 5.8265537e-04 8.8976225e-04 2.5691671e-04
 6.2925939e-04 2.9139896e-04 3.9790786e-04 6.1487465e-04] [6.2757242e-04 1.4037288e-03 5.6813244e-04 6.4929621e-04 3.9081779e-04
 1.1987789e-03 4.1482219e-04 9.9325174e-01 1.4951105e-03] [2.3351439e-04 3.5941580e-04 3.2476615e-04 3.5375686e-04 2.2810959e-04
 2.2238665e-04 1.6214653e-04 9.9758792e-01 5.2795728e-04] [4.5059342e-04 1.0740083e-03 4.5736003e-04 1.3589547e-03 4.5058611e-04
 1.9598559e-03 7.7001075e-04 9.9100316e-01 2.4754980e-03] [0.00493371 0.00490658 0.00183174 0.00208154 0.00143172 0.00137954
 0.00449523 0.97486705 0.00407289] [0.02240767 0.01064785 0.00759964 0.02450242 0.00951809 0.04144149
 0.7589355  0.01250691 0.11244043] [1.4812513e-03 1.8336999e-03 1.0027490e-03 4.2379308e-03 1.1438061e-03
 2.2890188e-03 7.8273914e-04 9.8524946e-01 1.9792961e-03] [7.0939213e-04 6.6826830e-04 2.7964896e-02 9.4852090e-01 3.7702447e-04
 2.1844427e-03 7.7296240e-04 1.2210422e-03 1.7581018e-02] [1.1834152e-03 9.9247003e-01 9.2880405e-04 1.7530636e-03 6.0036877e-04
 6.0872216e-04 8.7930361e-04 1.1202671e-03 4.5596552e-04] [0.03815807 0.04718886 0.04287526 0.08951112 0.02720356 0.16394077
 0.05814026 0.03675531 0.49622676] [6.3559395e-04 1.0856722e-03 1.2958760e-03 9.9820411e-04 9.8912358e-01
 7.7704270e-04 1.3551670e-03 1.2163859e-03 3.5124123e-03] [0.00402878 0.00310376 0.06516835 0.9011852  0.00541553 0.00400669
 0.00592696 0.00503274 0.006132  ] [0.08357504 0.151911   0.0741136  0.220206   0.06388643 0.11975411
 0.11287139 0.10614725 0.06753518] [0.00202121 0.9840882  0.00289882 0.00184307 0.00110535 0.00218068
 0.00191438 0.00138813 0.00256013] [5.0941878e-04 5.6032534e-04 5.9363240e-04 1.8616818e-03 4.3878224e-04
 9.8882896e-01 1.5795407e-03 8.9012127e-04 4.7374768e-03] [9.9661523e-01 5.5649580e-04 2.5652166e-04 4.6701150e-04 3.7477052e-04
 5.7123561e-04 3.9245063e-04 5.2304578e-04 2.4318691e-04] [0.10537196 0.02681851 0.03378036 0.10383999 0.02506729 0.07205761
 0.0480651  0.04088574 0.5441134 ] [0.02790137 0.03174989 0.04092462 0.1803958  0.03692586 0.14217429
 0.06753911 0.05280703 0.41958204] [9.8947293e-01 2.5598388e-03 4.5865565e-03 2.9047768e-04 5.8124994e-04
 5.3402671e-04 5.9400813e-04 4.4832789e-04 9.3259691e-04] [0.01221682 0.03289002 0.84038687 0.01570687 0.01694131 0.00896794
 0.03254937 0.01725681 0.02308397] [3.4346894e-04 1.4602623e-04 2.0503170e-04 1.5982304e-03 9.9485946e-01
 6.2624266e-04 4.0637454e-04 3.8694998e-04 1.4282777e-03] [8.8710245e-04 6.0356542e-04 8.2703365e-04 1.2107198e-03 2.0152107e-03
 9.8529172e-01 1.6857944e-03 1.7569473e-03 5.7219467e-03] [0.00293088 0.00129743 0.00283713 0.9240905  0.00270327 0.00602726
 0.00437727 0.00257241 0.05316389] [9.9125308e-01 1.3551904e-03 5.7123642e-04 2.8731574e-03 5.5160356e-04
 5.2310189e-04 5.4243609e-04 1.3764922e-03 9.5375249e-04] [5.1187212e-04 1.1064676e-03 1.6723031e-03 1.1400528e-03 3.8492968e-04
 4.5256596e-04 5.7090906e-04 9.9366462e-01 4.9625733e-04] [4.8764326e-04 1.2064369e-03 5.5513642e-04 9.7785098e-04 9.7758544e-04
 5.1612891e-03 5.1692245e-04 9.8219061e-01 7.9265377e-03] [0.12592928 0.09597354 0.07238746 0.05925105 0.04328733 0.20860791
 0.0866659  0.13012877 0.1777687 ] [0.98182356 0.00149903 0.00195693 0.00227431 0.00153792 0.00316676
 0.0016145  0.00361526 0.00251171] [0.0015622  0.00149971 0.00152952 0.9833401  0.00125548 0.00569838
 0.00111621 0.00175153 0.00224688] [3.0484996e-04 2.1625801e-04 3.4113409e-04 1.2554812e-03 1.6925612e-04
 8.1321783e-04 9.9613452e-01 1.8717034e-04 5.7808665e-04] [1.9036641e-03 1.0088102e-03 1.0083144e-03 2.4556266e-03 9.3223120e-04
 9.8613274e-01 1.3643013e-03 1.0542760e-03 4.1400092e-03] [0.6513718  0.01228781 0.0192184  0.06395166 0.01519991 0.08254718
 0.06436899 0.02361647 0.06743783] [0.00741934 0.00497362 0.9563916  0.00489171 0.00551048 0.00621168
 0.00604878 0.00631373 0.00223911] [0.04247903 0.05098505 0.07364219 0.10219953 0.09554481 0.1784143
 0.07585357 0.08042463 0.30045688] [0.18733928 0.24075952 0.06648564 0.21706548 0.04157941 0.04446394
 0.03441964 0.05607616 0.11181092] [1.1872163e-03 1.0557084e-03 7.9345825e-04 5.4970681e-04 5.9989124e-04
 1.0991977e-03 7.9014368e-04 9.9130517e-01 2.6194651e-03] [0.930915   0.01980726 0.01071975 0.01157259 0.00467436 0.00585202
 0.00460109 0.00611713 0.00574083] [0.04716783 0.02623131 0.02250738 0.1791006  0.03810633 0.1784214
 0.04094429 0.04053055 0.42699036] [6.0708559e-04 3.7236302e-04 6.3299865e-04 7.9891493e-04 3.7781356e-04
 9.9290657e-01 1.0269705e-03 4.7971739e-04 2.7975650e-03] [0.08810282 0.07650769 0.47661695 0.03710462 0.05200525 0.04320517
 0.03550009 0.04737765 0.14357977] [2.9302351e-04 5.7350652e-04 2.0253233e-04 9.4186241e-04 9.9654418e-01
 6.2217994e-04 2.1838714e-04 3.2581232e-04 2.7851359e-04] [0.01705977 0.02217478 0.02567211 0.01224004 0.00709828 0.00940035
 0.00809341 0.8731868  0.02507444] [9.9568474e-01 6.7917636e-04 8.8013284e-04 2.3172892e-04 2.4734737e-04
 1.0385924e-03 3.8633181e-04 4.3025857e-04 4.2166957e-04] [8.4159989e-04 9.9091488e-01 1.2626388e-03 2.5986442e-03 1.1487685e-03
 8.6792023e-04 6.3695363e-04 6.6405896e-04 1.0645466e-03] [7.9607102e-04 9.9038118e-01 1.8936822e-03 6.7507627e-04 3.8882336e-04
 2.1245764e-03 4.2680828e-04 4.3619552e-04 2.8775895e-03] [2.7385124e-04 4.6231621e-04 2.9770640e-04 3.2132291e-04 3.3380956e-04
 1.0199879e-03 9.9280494e-01 5.3290068e-04 3.9531784e-03] [8.6872687e-04 1.1636608e-03 9.9207193e-01 8.5982477e-04 4.7979958e-04
 1.0936378e-03 1.2942665e-03 8.8061421e-04 1.2875779e-03] [9.4572472e-04 9.9084985e-01 1.0428113e-03 8.6996262e-04 6.7213090e-04
 1.6221537e-03 1.0967043e-03 1.2256792e-03 1.6749845e-03] [0.05897341 0.10967962 0.05666251 0.06898464 0.0502598  0.07899066
 0.12665091 0.07643142 0.37336704] [1.2118524e-03 1.4450736e-03 2.0733143e-03 1.4966649e-03 9.8244241e-04
 1.9812977e-03 1.1725073e-03 9.8795342e-01 1.6833796e-03] [9.7575242e-04 9.9125731e-01 1.9103220e-03 6.4560527e-04 1.0286807e-03
 9.1263215e-04 1.2152953e-03 1.0770924e-03 9.7731175e-04] [1.3732996e-04 2.7053908e-04 1.9879192e-04 1.1674595e-03 2.3619058e-04
 3.9262985e-04 9.9416685e-01 3.1697133e-04 3.1132521e-03] [0.00511286 0.00982629 0.9363469  0.00831426 0.01396472 0.00402102
 0.00495652 0.00601841 0.01143902] [0.170979   0.14122276 0.16553028 0.04267956 0.05153127 0.07389111
 0.09565151 0.13581374 0.12270077] [6.0381694e-04 1.1253210e-03 2.5676822e-04 7.2454754e-04 5.7196192e-04
 5.2498089e-04 9.9523073e-01 2.7922558e-04 6.8259536e-04] [0.06578314 0.24742395 0.08258118 0.05268012 0.02659782 0.08754252
 0.04896739 0.02966977 0.3587541 ] [2.9267999e-04 8.1418868e-04 5.6316046e-04 5.4754544e-04 2.0984428e-04
 3.1051860e-04 9.9642062e-01 2.9867922e-04 5.4277276e-04] [6.3960801e-04 2.8147729e-04 4.3717423e-04 1.1191990e-03 6.3422450e-04
 5.4394448e-04 8.8103418e-04 9.9294889e-01 2.5144699e-03] [0.00182425 0.00148125 0.0980459  0.8912972  0.00097199 0.00226204
 0.00171809 0.00108124 0.00131801] [2.5329078e-04 7.1033930e-05 1.0671992e-04 2.0760535e-04 1.6999576e-04
 1.2039684e-04 9.9807930e-01 4.2998328e-04 5.6166406e-04] [0.00922148 0.01485302 0.00762734 0.0054077  0.01103098 0.01083566
 0.03170701 0.01250251 0.8968143 ] [1.2361427e-04 1.9689405e-04 2.0840489e-04 6.3844101e-04 1.5899504e-04
 1.4136969e-04 9.9586558e-01 1.3630846e-04 2.5303480e-03] [0.06512757 0.06394237 0.0401784  0.09783112 0.03805394 0.11165839
 0.05502583 0.02133795 0.5068444 ] [5.1255251e-04 2.2276845e-04 3.2564596e-04 3.9187010e-04 2.0720607e-04
 2.7941000e-03 9.9053264e-01 6.4206251e-04 4.3711741e-03] [4.0128178e-04 9.4357051e-04 9.9520868e-01 6.1217992e-04 3.0430677e-04
 5.6045840e-04 6.3282630e-04 6.1923306e-04 7.1750680e-04] [1.6090772e-03 4.6002679e-03 1.8053802e-03 2.6004789e-03 1.0125682e-03
 3.6942095e-03 1.3476057e-03 9.8248661e-01 8.4378914e-04] [0.087161   0.17098299 0.0780542  0.15177916 0.0568504  0.15712228
 0.05384702 0.05382159 0.19038138] [0.00112256 0.00237875 0.10887569 0.8715959  0.00096128 0.00323662
 0.00343713 0.00115514 0.00723685] [7.9462450e-04 7.4641762e-04 1.4673962e-03 8.6238352e-04 9.9418008e-01
 8.9192076e-04 4.9539196e-04 2.6969335e-04 2.9209568e-04] [1.4362057e-03 2.1823831e-03 1.5197940e-03 1.4066914e-03 8.2749280e-04
 9.8927289e-01 7.8767183e-04 1.2626671e-03 1.3042142e-03] [5.3845497e-04 5.7345792e-04 1.9938593e-04 1.0063680e-04 9.9614525e-01
 7.7093940e-04 3.3870724e-04 3.1583398e-04 1.0173426e-03] [0.00676156 0.00865718 0.95039326 0.00223704 0.00342794 0.01598463
 0.00380879 0.0064839  0.00224568] [4.6705370e-04 6.6187873e-04 2.7496778e-04 3.0541472e-04 9.9728155e-01
 3.9076625e-04 1.0122032e-04 3.0904668e-04 2.0803591e-04] [0.04968005 0.0695458  0.02515149 0.11271806 0.05166044 0.22222094
 0.10398814 0.05221669 0.31281838] [7.0176105e-04 3.3540188e-03 1.3954954e-03 2.8889866e-03 9.8056662e-01
 7.0721307e-03 7.9841801e-04 1.0960924e-03 2.1265384e-03] [0.05925909 0.01671147 0.03216295 0.0698756  0.01904195 0.14535677
 0.05145156 0.05186184 0.55427873] [6.1686512e-04 6.3771231e-04 6.6273654e-04 3.1626815e-04 1.9755105e-04
 1.0175343e-03 9.9577254e-01 4.0237469e-04 3.7637266e-04] [1.6723467e-03 9.8375928e-01 2.3892950e-03 1.2519106e-03 1.2952494e-03
 7.6753722e-04 2.4222641e-03 1.9426164e-03 4.4994978e-03] [3.2368980e-04 1.4065520e-03 5.5220147e-04 6.7066407e-04 9.9543828e-01
 4.7646888e-04 3.0779370e-04 4.1816445e-04 4.0614512e-04] [1.2546728e-03 7.6183258e-04 3.9942469e-02 9.4472188e-01 8.2003552e-04
 1.2905226e-03 1.2261145e-03 1.8590891e-03 8.1233503e-03] [2.9082038e-04 2.7188318e-04 3.2539785e-04 5.9136422e-04 3.3037402e-04
 6.2238867e-04 9.9497753e-01 3.8878634e-04 2.2013879e-03] [0.06996017 0.27644473 0.08844806 0.12212043 0.0404461  0.10488635
 0.1516693  0.0424224  0.10360247] [0.1130043  0.20113112 0.13240737 0.10553978 0.09819007 0.05410343
 0.05752738 0.14444914 0.09364746] [0.01063125 0.00603086 0.00846004 0.01468028 0.01228792 0.02295516
 0.01206389 0.00830883 0.9045817 ] [9.9425441e-01 2.1444345e-03 5.2863348e-04 4.3166245e-04 3.6103535e-04
 3.0224316e-04 9.9451933e-04 7.9499738e-04 1.8810750e-04] [0.00292701 0.527071   0.44475606 0.00971375 0.00126754 0.0053751
 0.00159096 0.00344492 0.00385367] [2.1434438e-03 6.5961224e-03 1.3787763e-03 2.6928072e-03 8.0274657e-04
 9.8077929e-01 1.8184069e-03 2.2190642e-03 1.5693700e-03] [9.9545741e-01 1.2042266e-03 7.2849146e-04 8.2331314e-04 3.0623464e-04
 5.4002384e-04 4.0563327e-04 3.2722973e-04 2.0740286e-04] [1.2654472e-03 4.8259296e-03 1.0701559e-03 1.0589706e-03 9.8593557e-01
 3.2854222e-03 9.4556471e-04 1.0872583e-03 5.2573270e-04] [6.2056299e-04 9.8480958e-01 1.0112643e-02 5.9108745e-04 3.9941099e-04
 6.8948057e-04 2.8008255e-04 9.3646650e-04 1.5606458e-03] [9.8571461e-04 9.9299824e-01 1.1549566e-03 8.0481812e-04 4.7339196e-04
 2.4672895e-04 1.4533878e-03 9.0577092e-04 9.7697962e-04] [0.07393304 0.02817519 0.05487176 0.12098452 0.03178224 0.09837344
 0.06257994 0.07523947 0.4540604 ] [4.5007656e-04 2.2268889e-04 2.9159314e-04 6.4470980e-04 7.0520071e-04
 1.4852528e-03 9.8949361e-01 7.0343853e-04 6.0034594e-03] [0.941529   0.03014661 0.00391652 0.00169363 0.00483376 0.00450999
 0.00365186 0.00417131 0.00554737] [5.9724477e-04 2.3044106e-03 2.0160878e-03 5.3143152e-04 4.8954214e-04
 2.1694535e-03 5.8183883e-04 9.9078053e-01 5.2942405e-04] [0.00203268 0.9555731  0.03147915 0.00104548 0.00131558 0.00119618
 0.00322005 0.0018501  0.00228767] [0.0234377  0.02505396 0.02473636 0.05183497 0.04503828 0.0726871
 0.03975902 0.04800795 0.6694447 ] [0.00608311 0.04456633 0.87592787 0.01526867 0.00410973 0.01219839
 0.02581482 0.00653342 0.00949766] [9.9620914e-01 7.5591361e-04 4.5874459e-04 5.3699664e-04 3.3747277e-04
 3.6002210e-04 3.3495066e-04 5.6002702e-04 4.4673332e-04] [0.00226011 0.00133985 0.0013779  0.00516646 0.00100237 0.9680387
 0.0014151  0.0011515  0.01824802] [5.4885907e-04 5.8135332e-04 1.2843241e-03 8.3992211e-04 4.8302108e-04
 8.7928603e-04 4.3810511e-04 9.9423695e-01 7.0818164e-04] [0.06053042 0.03326744 0.0687253  0.05156169 0.07810988 0.31924427
 0.11020419 0.07591174 0.20244505] [0.02059244 0.02495912 0.01806514 0.06882402 0.01828194 0.08112201
 0.01855922 0.01126281 0.73833334] [9.9561238e-01 8.6137559e-04 4.6595483e-04 6.0101773e-04 3.2739964e-04
 1.0773686e-03 2.2696202e-04 4.6356165e-04 3.6393784e-04] [6.0848577e-04 8.0422452e-04 7.1491365e-04 4.7478941e-04 8.9611567e-04
 1.0859460e-03 5.7445519e-04 9.9273682e-01 2.1043201e-03] [9.8656106e-04 1.4249799e-03 6.0409901e-04 3.7265250e-03 9.7863871e-01
 5.9016109e-03 1.0823129e-03 6.3715456e-04 6.9980752e-03]",8 2 6 3 3 5 5 4 2 3 3 0 7 3 1 8 4 5 8 7 4 5 5 5 6 0 8 4 2 3 4 0 2 4 2 6 2 0 7 6 3 6 1 4 2 4 6 4 2 8 1 7 5 2 0 1 1 7 8 3 0 6 1 4 7 3 1 3 8 2 5 8 1 1 0 2 1 0 6 6 2 7 4 8 8 3 8 3 1 6 3 4 8 3 5 2 0 1 7 2 0 4 8 6 3 5 0 6 4 8 0 7 7 7 7 6 7 3 1 5 4 3 5 1 5 0 8 5 0 2 4 5 3 0 7 7 5 0 3 6 5 1 2 8 0 7 0 3 5 2 4 7 0 1 1 6 2 1 8 7 1 6 2 5 6 8 6 7 3 6 8 6 5 6 2 7 8 3 4 5 4 2 4 8 4 8 6 1 4 3 6 2 2 8 0 1 5 0 4 1 1 5 6 0 7 1 8 2 0 5 7 7 3 0 7 4
1468,4,xgboost,0.0,20000,19144,0.8518518518518519,0.9796489197530865,"[0.1409998  0.26390603 0.11687639 0.18572614 0.0369558  0.02871698
 0.03521186 0.03043115 0.16117582] [1.2130140e-03 9.5978723e-04 1.5862460e-03 9.8797101e-01 1.5634848e-03
 1.4536455e-03 1.9521179e-03 1.8452844e-03 1.4554032e-03] [0.03042536 0.04257155 0.02651102 0.07519007 0.03682601 0.0930656
 0.02704119 0.08728701 0.58108217] [7.0622755e-04 1.8657822e-03 6.8244507e-04 1.2540809e-03 1.6225446e-03
 9.8879540e-01 7.9540000e-04 1.1159314e-03 3.1622096e-03] [0.0099008  0.01319275 0.00614011 0.01394656 0.00721506 0.01636782
 0.01068626 0.9166145  0.00593621] [6.2333076e-04 1.0920336e-03 7.6986873e-04 4.5133182e-03 9.8467571e-01
 3.7837459e-03 8.8825275e-04 1.3347981e-03 2.3188978e-03] [8.3499105e-04 6.9804851e-04 1.0019657e-03 1.6600119e-03 1.1528180e-03
 9.8883981e-01 9.5380441e-04 1.0849488e-03 3.7735894e-03] [0.03991615 0.05352469 0.01594708 0.09782364 0.06092187 0.29449645
 0.0571792  0.04489742 0.33529347] [0.02094568 0.03795268 0.02470424 0.78147554 0.01947198 0.06063488
 0.01615442 0.02565733 0.01300325] [9.4877556e-04 9.8424941e-01 1.0244446e-02 7.1468705e-04 6.4711150e-04
 8.2834100e-04 7.6231716e-04 7.3686050e-04 8.6810254e-04] [0.41037005 0.0012724  0.00755096 0.57545286 0.00086202 0.00124478
 0.00095024 0.00123239 0.00106436] [0.00965753 0.00920417 0.45339477 0.48028183 0.01399398 0.01269789
 0.00861253 0.00817809 0.00397922] [0.01839532 0.01859015 0.02527791 0.18711582 0.02351467 0.1006541
 0.02368799 0.02002325 0.5827408 ] [2.0892890e-04 3.0850968e-04 1.4777208e-04 3.8723132e-04 9.9760532e-01
 2.7924366e-04 1.9251676e-04 5.3219771e-04 3.3825816e-04] [0.07729886 0.06713792 0.04309921 0.10655347 0.07291423 0.29555622
 0.07710591 0.07531594 0.18501827] [3.0360773e-04 3.8037964e-04 1.1483864e-03 4.9610197e-04 9.9647790e-01
 2.3093689e-04 3.1495839e-04 2.6999696e-04 3.7775910e-04] [0.02413137 0.05165506 0.04597162 0.06694604 0.05292538 0.40483668
 0.08875652 0.08226638 0.1825109 ] [0.05377997 0.04402524 0.03200381 0.07301647 0.03764069 0.30104285
 0.07824697 0.06341074 0.31683323] [0.03002827 0.0802346  0.01578215 0.08083769 0.03008872 0.52901965
 0.04076772 0.08484253 0.10839867] [0.00242074 0.9844557  0.00138072 0.00158049 0.00132368 0.00261542
 0.00232569 0.0017262  0.00217138] [9.9536848e-01 1.6267975e-03 9.4665866e-04 2.1271819e-04 5.2137463e-04
 1.6929976e-04 3.2696934e-04 4.2472774e-04 4.0302693e-04] [6.2995864e-04 9.8924875e-01 4.3559726e-03 8.8443805e-04 6.7261566e-04
 2.0327792e-03 9.0634235e-04 8.3019881e-04 4.3892182e-04] [0.11920831 0.08665772 0.12810013 0.05570316 0.10219871 0.15583588
 0.08599544 0.11561935 0.15068135] [9.9351293e-01 1.9055936e-03 3.9373379e-04 4.8337039e-04 5.9985212e-04
 6.9069921e-04 7.7128055e-04 4.6246522e-04 1.1801453e-03] [0.01316015 0.01343612 0.00954846 0.09838203 0.02159918 0.20619857
 0.03639786 0.03423195 0.5670457 ] [2.5616998e-03 3.1665654e-03 1.3947777e-03 2.1657932e-03 9.8470312e-01
 2.7363703e-03 1.2953908e-03 9.6237683e-04 1.0139388e-03] [0.11086366 0.28671896 0.08761632 0.06056212 0.07495242 0.08465322
 0.09140529 0.07253599 0.13069202] [9.4958628e-04 9.7415006e-01 1.9712279e-02 9.5029792e-04 8.6485391e-04
 1.1852883e-03 9.5446815e-04 6.1417813e-04 6.1900279e-04] [5.8959582e-04 2.9672170e-04 3.8022071e-04 9.0805843e-04 7.5744960e-04
 9.9068904e-01 9.2871691e-04 7.0870761e-04 4.7414885e-03] [6.0152489e-04 7.0141390e-04 2.4069948e-03 1.0797648e-03 8.9881348e-04
 1.2306419e-03 8.1554608e-04 9.9177682e-01 4.8849650e-04] [4.86513309e-04 7.17396091e-04 1.15911625e-02 6.06471323e-04
 9.84276772e-01 9.58231336e-04 4.08204447e-04 6.85440376e-04
 2.69851182e-04] [0.03177078 0.04916755 0.03067805 0.08348712 0.05020901 0.24363317
 0.06690661 0.04376042 0.40038735] [0.03331397 0.07447182 0.07701007 0.08174594 0.04287025 0.07365765
 0.0393181  0.03923739 0.5383748 ] [0.00099322 0.00231394 0.00139463 0.98220277 0.00292456 0.00302992
 0.00348313 0.00153986 0.00211791] [6.1050605e-04 7.3617068e-04 4.4251134e-04 8.1462425e-04 1.0860708e-03
 3.1045076e-04 5.8860471e-04 9.9516308e-01 2.4800698e-04] [2.0712322e-04 5.5565493e-04 1.9095829e-04 6.5432454e-04 9.9595523e-01
 5.1964738e-04 5.2345230e-04 2.1929586e-04 1.1742871e-03] [2.4602178e-04 4.7420315e-04 5.2154285e-04 6.6776556e-04 4.1115464e-04
 8.1052695e-04 9.9461162e-01 2.7237533e-04 1.9847585e-03] [0.04449942 0.05535982 0.04087127 0.29716894 0.02834436 0.12528451
 0.0625991  0.05022354 0.29564902] [2.8342544e-04 4.9438718e-04 3.4777267e-04 6.1210035e-04 9.9650097e-01
 3.7173997e-04 3.2081356e-04 7.0823234e-04 3.6058013e-04] [0.00860986 0.95589113 0.00648938 0.00310739 0.00424996 0.00668025
 0.00390948 0.00431436 0.00674821] [0.01098622 0.03913541 0.873001   0.01065411 0.01092208 0.00837407
 0.01547376 0.0086526  0.02280077] [9.9206650e-01 1.4172489e-03 1.6041157e-03 1.0364420e-03 7.4644072e-04
 9.3097734e-04 5.4918177e-04 1.1014554e-03 5.4766296e-04] [0.09562801 0.10181696 0.15900163 0.07016491 0.06995458 0.25622422
 0.07003798 0.06416189 0.11300978] [0.00867566 0.02210329 0.07970457 0.81524885 0.00664457 0.02996587
 0.00863832 0.01226888 0.01675006] [9.9561632e-01 7.0124445e-04 9.0754090e-04 4.1216976e-04 3.0077569e-04
 1.6373879e-04 2.1802717e-04 3.6562301e-04 1.3145288e-03] [0.03077286 0.07193045 0.02338058 0.12167543 0.10102773 0.26730573
 0.06147369 0.10335886 0.21907467] [0.00761622 0.00902619 0.0076261  0.73259586 0.00774167 0.01957626
 0.00860612 0.01173029 0.19548126] [0.02824636 0.03534297 0.02515163 0.04700249 0.03185805 0.0289175
 0.02563438 0.03923621 0.7386104 ] [0.07753951 0.17439018 0.19486658 0.08376372 0.07341272 0.03041448
 0.05463916 0.06940386 0.24156983] [5.6314591e-04 8.5733511e-04 6.3029822e-04 9.1382774e-04 9.9457884e-01
 9.0427930e-04 5.1930000e-04 5.0480029e-04 5.2824395e-04] [0.0113762  0.01074882 0.00586357 0.0315722  0.01125574 0.02190051
 0.8411279  0.0089565  0.05719857] [0.0439225  0.04749756 0.7666872  0.04685085 0.01551571 0.02304209
 0.00772483 0.02528213 0.02347708] [6.5265759e-04 4.7822480e-04 9.9316931e-01 1.1441086e-03 5.3027732e-04
 2.4761674e-03 5.4481474e-04 5.6791707e-04 4.3648717e-04] [0.00365912 0.00293393 0.9555773  0.00466525 0.00438034 0.01587985
 0.00336554 0.00277928 0.0067594 ] [1.1747874e-03 9.9049699e-01 1.5452268e-03 1.6066615e-03 7.3689339e-04
 1.5268945e-03 7.7119889e-04 1.6162773e-03 5.2511040e-04] [7.0222619e-04 2.7418942e-03 6.2762701e-04 8.3789567e-04 9.9163824e-01
 1.6927249e-03 7.1020843e-04 6.8373460e-04 3.6543267e-04] [1.4834860e-03 2.5593988e-03 2.8560872e-03 9.8683083e-01 1.4393290e-03
 1.2704331e-03 8.7542704e-04 1.6093599e-03 1.0756647e-03] [3.5848093e-04 2.7950478e-04 1.4126759e-04 3.5485721e-04 9.9380904e-01
 6.2060187e-04 1.3566953e-03 2.7160326e-04 2.8079485e-03] [9.9668592e-01 5.8176240e-04 4.7678791e-04 3.1778179e-04 1.8154121e-04
 3.6518267e-04 2.5322585e-04 4.2657778e-04 7.1119418e-04] [0.03287349 0.01869341 0.01765201 0.09057818 0.04593923 0.15735593
 0.02998844 0.04874091 0.55817837] [9.9662662e-01 3.6700521e-04 9.1272744e-04 2.8631280e-04 2.0928922e-04
 2.3736458e-04 2.0578057e-04 3.8531385e-04 7.6967513e-04] [0.09508827 0.04138979 0.01443188 0.06564322 0.05253708 0.2169823
 0.07251429 0.05404772 0.3873654 ] [0.00341036 0.00996911 0.9560115  0.00453764 0.00411151 0.00625919
 0.00538498 0.00495375 0.00536191] [0.0312369  0.03740228 0.62370133 0.04709115 0.12587522 0.03554551
 0.03176829 0.03909433 0.02828495] [0.06817602 0.04583884 0.0429224  0.24781409 0.04486352 0.06316346
 0.10625368 0.07156885 0.30939913] [0.00256757 0.00262435 0.00117934 0.0079087  0.00130388 0.00227646
 0.00158498 0.9764192  0.00413544] [9.9530220e-01 8.0834463e-04 9.8773360e-04 4.2062977e-04 4.8614151e-04
 8.0467656e-04 4.0678808e-04 5.2565837e-04 2.5781902e-04] [5.4749602e-04 9.9221343e-01 1.1772211e-03 1.5430137e-03 8.8900520e-04
 8.4067672e-04 4.1023665e-04 6.8949495e-04 1.6893747e-03] [0.04905018 0.15473899 0.02711051 0.10229809 0.03819703 0.23729944
 0.06317425 0.0415041  0.28662744] [6.0066202e-04 6.9138809e-04 3.2402852e-04 1.0544667e-03 4.3278153e-04
 7.6630909e-04 9.9378753e-01 8.6830923e-04 1.4745286e-03] [0.00151273 0.00132133 0.00889425 0.9605538  0.00128785 0.00159897
 0.00168893 0.00120999 0.02193208] [6.1781082e-04 1.1216182e-03 5.7842978e-04 2.6779209e-04 1.0706873e-03
 2.7120337e-03 9.9243486e-01 4.3099860e-04 7.6574052e-04] [0.00143591 0.00110217 0.00204161 0.97563475 0.00122362 0.00354175
 0.00347928 0.00352755 0.00801334] [1.2392373e-04 1.9082514e-04 1.6312927e-04 4.3397798e-04 1.5004372e-04
 3.2310351e-03 9.9382377e-01 2.0550305e-04 1.6777734e-03] [6.5445947e-04 1.3262692e-03 1.0008021e-03 4.3960629e-04 9.9398649e-01
 5.1077129e-04 6.8944768e-04 4.5080981e-04 9.4130909e-04] [1.6047221e-03 7.2143110e-03 4.8740418e-03 9.0540649e-04 1.1101877e-03
 2.8773332e-03 2.2793543e-03 9.7658658e-01 2.5481016e-03] [0.02147339 0.02569461 0.75102884 0.02037271 0.02060278 0.02011151
 0.00939305 0.02931301 0.10201009] [8.6587382e-04 5.0025387e-04 4.7761260e-04 1.6235979e-03 4.2893898e-04
 2.0923554e-03 5.0438364e-04 9.9184352e-01 1.6634483e-03] [0.0073858  0.93669325 0.02814187 0.00546445 0.00230288 0.01103849
 0.00288397 0.00353587 0.00255344] [0.09942257 0.07234971 0.06446528 0.1041294  0.04496919 0.07060757
 0.14999989 0.03777378 0.3562826 ] [4.7066252e-04 5.3551077e-04 2.1750049e-03 7.2865107e-04 9.9484348e-01
 3.8555675e-04 2.0023882e-04 4.7095996e-04 1.8992597e-04] [2.1635016e-04 3.4927018e-04 1.5494227e-03 3.6889759e-03 3.1184740e-04
 5.1870110e-04 9.9291420e-01 2.7639748e-04 1.7486383e-04] [1.4862560e-03 2.5773239e-03 9.8374993e-01 3.4485266e-03 9.6003298e-04
 1.0137059e-03 4.2688749e-03 1.9041602e-03 5.9118279e-04] [5.8450492e-04 9.9030054e-01 4.3064677e-03 3.5148262e-04 4.6542595e-04
 1.5905412e-03 4.2443458e-04 5.9354876e-04 1.3830853e-03] [0.00685915 0.01580197 0.92329645 0.00383845 0.0047449  0.01577968
 0.0077321  0.00882629 0.01312102] [1.0125234e-03 9.9206585e-01 2.8022677e-03 5.1058381e-04 4.1078942e-04
 1.5059408e-03 4.1598300e-04 1.0670727e-03 2.0901026e-04] [0.00127523 0.9840789  0.0042134  0.00197106 0.00149566 0.00099675
 0.00174863 0.0021561  0.0020643 ] [0.0218029  0.04826863 0.02767696 0.01804581 0.02964695 0.5724836
 0.04172377 0.02334406 0.2170073 ] [1.4884243e-04 3.7611750e-04 1.3474688e-04 1.6784313e-03 2.1711567e-03
 9.4486709e-04 9.9347794e-01 1.9401607e-04 8.7381416e-04] [0.01126988 0.00720222 0.00997792 0.01700032 0.01072006 0.02979712
 0.01581721 0.01325936 0.88495594] [0.00197791 0.00447645 0.00586269 0.0012364  0.00243334 0.01604518
 0.00278784 0.9565077  0.00867244] [0.08747493 0.04553071 0.02996956 0.21167508 0.06411984 0.2860313
 0.03769117 0.04104932 0.1964581 ] [0.07533319 0.22938348 0.11696918 0.08057085 0.07220746 0.10773491
 0.05427666 0.08384034 0.17968395] [4.0105011e-04 5.1923026e-04 6.8883540e-04 9.1218064e-04 3.2752959e-04
 1.2132941e-03 2.9933802e-04 9.9500412e-01 6.3445693e-04] [0.00349587 0.00224583 0.00409283 0.01677298 0.00192074 0.01258468
 0.00441007 0.006859   0.94761795] [5.5782113e-04 5.7768874e-04 5.9371983e-04 1.5712467e-03 6.8460417e-04
 3.3462069e-03 6.6896476e-04 9.8933792e-01 2.6617956e-03] [0.0241133  0.04300526 0.69836825 0.05724518 0.02201414 0.03457984
 0.01395974 0.02909759 0.07761668] [9.7502160e-01 3.3964042e-03 8.9720627e-03 2.2556332e-03 1.5536323e-03
 5.0627370e-03 8.1744517e-04 1.6625257e-03 1.2579970e-03] [3.3316916e-04 1.3363322e-04 8.7964880e-05 3.5552718e-04 1.9304578e-04
 6.2600867e-04 9.9708265e-01 1.8856613e-04 9.9939445e-04] [2.0413579e-04 1.6308716e-04 2.1282100e-04 5.5180932e-04 9.9588758e-01
 3.4578703e-04 2.2487232e-04 4.1397955e-04 1.9959782e-03] [0.11651814 0.18844645 0.1863834  0.07713801 0.05924407 0.21093099
 0.0566363  0.03768997 0.06701266] [2.8095153e-04 5.3030922e-04 3.7666957e-04 2.0121196e-03 3.3642622e-04
 2.0300073e-03 9.9327892e-01 3.1475371e-04 8.3985733e-04] [0.00992428 0.01587389 0.0056725  0.92993087 0.00468778 0.0161937
 0.00232107 0.0061085  0.00928741] [0.03732939 0.06211631 0.15933292 0.5560303  0.03354507 0.03093275
 0.02471603 0.03926063 0.05673666] [3.0272885e-04 4.9077423e-04 4.3526030e-04 2.2410236e-04 9.9703419e-01
 3.5400607e-04 4.5664594e-04 3.1430615e-04 3.8796195e-04] [0.00191772 0.00142593 0.00100318 0.00236936 0.00151333 0.00370651
 0.0031582  0.9720772  0.01282864] [0.03934527 0.02473187 0.05783681 0.07566794 0.04528455 0.07968044
 0.04577152 0.04718165 0.58449996] [7.3639472e-04 3.6675224e-04 1.7384203e-03 1.4210809e-03 4.1922065e-04
 1.1727877e-03 9.9265033e-01 5.6591845e-04 9.2913181e-04] [1.6252517e-03 4.5601092e-03 8.6004473e-04 8.5958596e-03 1.1037980e-03
 9.7806996e-01 1.3204397e-03 2.4622465e-03 1.4022456e-03] [0.00289106 0.0018275  0.00335378 0.9387042  0.00317044 0.01047738
 0.0043375  0.00179265 0.03344554] [1.2259443e-03 1.2122834e-03 9.9214828e-01 1.6395265e-03 7.1600202e-04
 8.9741702e-04 5.8656750e-04 8.0067228e-04 7.7325525e-04] [0.00168492 0.00441412 0.9754293  0.00479341 0.00320104 0.00154515
 0.00385432 0.00319866 0.00187907] [0.06172186 0.17801805 0.36064354 0.15903686 0.06829251 0.04702094
 0.04006031 0.05536919 0.02983674] [0.9271367  0.00684955 0.02422055 0.00459729 0.00544444 0.00643056
 0.00769632 0.00688727 0.01073732] [0.00658954 0.02091933 0.86465406 0.03666651 0.01149744 0.00821037
 0.008041   0.03520761 0.00821412] [1.1256266e-03 2.4090381e-03 4.5078276e-03 1.4429671e-03 1.2802398e-03
 3.3514833e-03 6.5351248e-04 9.8325980e-01 1.9695468e-03] [9.9584866e-01 6.3821464e-04 5.2577269e-04 2.9139273e-04 4.3012717e-04
 5.3467264e-04 3.8327993e-04 4.9933471e-04 8.4848772e-04] [0.05898671 0.04847254 0.01838239 0.19675337 0.04256485 0.38081256
 0.05289223 0.04461677 0.15651861] [0.07700925 0.03384352 0.08491388 0.05686998 0.04402363 0.4601931
 0.06575014 0.03588459 0.14151187] [5.6650955e-04 1.1365694e-03 9.9140394e-01 1.0386163e-03 8.1584306e-04
 1.1681732e-03 7.2937337e-04 1.0177286e-03 2.1232169e-03] [8.2923856e-04 4.1795545e-04 4.3105849e-04 1.3807896e-03 4.3168856e-04
 2.0327556e-03 8.9700805e-04 9.5460296e-01 3.8976483e-02] [2.0590200e-04 3.1964810e-04 8.0054707e-04 1.7162986e-03 9.9524814e-01
 1.9028517e-04 2.7680604e-04 8.8309200e-04 3.5932762e-04] [8.7403296e-04 5.8569876e-04 8.7193161e-04 7.3059357e-04 8.0943061e-04
 9.9078280e-01 9.2119013e-04 8.5408241e-04 3.5702293e-03] [0.18202716 0.13111876 0.23410739 0.0662247  0.05571774 0.13584521
 0.05254753 0.09422047 0.04819104] [1.8920002e-03 9.6921647e-01 1.9961990e-02 2.7553153e-03 1.0067472e-03
 9.1495854e-04 6.2660885e-04 2.0579658e-03 1.5679444e-03] [0.02016415 0.03755371 0.06836234 0.07694012 0.02570536 0.01694947
 0.01488099 0.04012239 0.69932145] [0.00382298 0.9637783  0.00463599 0.00429084 0.00763475 0.00467154
 0.00610118 0.00238818 0.00267621] [0.00240616 0.00429765 0.02981531 0.9520261  0.00201934 0.00262879
 0.00306033 0.00246692 0.00127932] [0.09356809 0.10366818 0.27223343 0.10721325 0.06902721 0.05517958
 0.06256466 0.13250826 0.10403731] [3.7193921e-04 5.9278694e-04 2.6568727e-04 1.3393253e-03 5.9888052e-04
 9.9069172e-01 6.6322909e-04 9.7594649e-04 4.5004585e-03] [0.04008373 0.03144608 0.04230058 0.08007755 0.04468736 0.12287777
 0.08898567 0.04324196 0.5062993 ] [1.4975534e-03 2.9852728e-03 1.5463821e-03 3.9032816e-03 1.2419121e-03
 9.8432738e-01 9.2149520e-04 1.5305579e-03 2.0461450e-03] [4.5166162e-04 2.1982922e-04 1.4858907e-04 2.3903917e-04 2.9317703e-04
 2.7763785e-03 9.9510276e-01 4.2392896e-04 3.4461351e-04] [7.0339919e-04 5.0413799e-03 5.8465527e-04 1.2569798e-03 9.8964685e-01
 4.6194409e-04 3.5495256e-04 8.8876789e-04 1.0610836e-03] [9.8049212e-01 2.5318919e-03 3.6737677e-03 4.1139852e-03 8.1955642e-04
 1.9120062e-03 3.8228454e-03 1.2294718e-03 1.4043353e-03] [0.14055303 0.08110549 0.03194483 0.16559255 0.06084851 0.04713188
 0.06888807 0.04381879 0.36011687] [1.0953371e-03 5.7346909e-04 2.0140617e-03 9.8374808e-01 1.3248594e-03
 2.8504552e-03 4.2479155e-03 1.7653920e-03 2.3804002e-03] [0.00290203 0.971556   0.00414259 0.00459492 0.00250575 0.00607018
 0.00203629 0.00281203 0.00338022] [0.00490848 0.9477398  0.01735133 0.00983324 0.00410887 0.00259834
 0.00366729 0.00523294 0.00455972] [0.03607222 0.03121823 0.07699717 0.08346237 0.08642448 0.2775248
 0.0408459  0.05799383 0.30946103] [0.00235792 0.00458557 0.9722323  0.00124688 0.00158902 0.0038884
 0.00246476 0.00102623 0.01060889] [0.00345836 0.9593008  0.01438042 0.00136645 0.00244412 0.00377619
 0.00615535 0.00519897 0.0039193 ] [9.8843402e-01 1.2593844e-03 7.8155397e-04 2.1916663e-03 1.2253820e-03
 1.1604419e-03 1.2363422e-03 1.2953443e-03 2.4159276e-03] [0.00952316 0.00385252 0.00469727 0.01132805 0.00949705 0.01464428
 0.00986591 0.00742188 0.9291699 ] [0.06902897 0.03274082 0.06616455 0.0467611  0.03713846 0.08810031
 0.11833585 0.08997726 0.45175263] [0.03345699 0.06733669 0.07836878 0.12912978 0.04405596 0.04188131
 0.02278871 0.05316891 0.5298129 ] [2.8396319e-03 5.5575506e-03 5.6534871e-03 4.5778835e-03 8.1064523e-04
 4.5470670e-03 1.0771841e-03 9.7207558e-01 2.8610027e-03] [0.0044163  0.9599529  0.00954488 0.00253493 0.0027523  0.00959838
 0.00308056 0.0013573  0.0067624 ] [0.03716673 0.06947044 0.03877657 0.03555278 0.05882432 0.2973743
 0.06059772 0.07176577 0.3304714 ] [1.1970166e-03 1.7336265e-03 1.0415671e-03 1.6450497e-03 1.0126317e-03
 9.4490993e-04 5.2249560e-04 9.9100214e-01 9.0057723e-04] [0.00658955 0.9329134  0.01851848 0.00793105 0.00321872 0.0074153
 0.00368085 0.01047513 0.00925757] [0.21599342 0.06586049 0.17361328 0.07610278 0.09253944 0.185402
 0.03890534 0.05850152 0.09308176] [9.1317886e-01 1.3013759e-03 2.4610347e-04 8.2896851e-02 2.4261330e-04
 6.7267439e-04 7.6398480e-04 3.1101183e-04 3.8650402e-04] [0.00313606 0.0046865  0.9619137  0.00185568 0.0024361  0.01466734
 0.00312879 0.00389107 0.00428479] [0.05727838 0.03126948 0.05483648 0.14233921 0.08489107 0.10692085
 0.04587312 0.09566316 0.38092828] [9.7680020e-01 4.8184656e-03 1.6003534e-03 8.1866927e-04 1.2185661e-03
 5.6635090e-03 2.5340097e-03 1.8018619e-03 4.7443835e-03] [4.7100680e-03 3.1608606e-03 1.7961346e-02 9.5945662e-01 1.9686169e-03
 6.9885971e-03 2.4620024e-03 7.9732790e-04 2.4945028e-03] [4.0746483e-04 1.7711057e-04 1.4215648e-04 3.5575949e-04 1.4283611e-04
 2.7788214e-03 9.9399602e-01 2.3730002e-04 1.7625563e-03] [1.1687402e-03 9.8850071e-01 2.4622064e-03 7.3411787e-04 1.0387136e-03
 9.0402813e-04 5.7659473e-04 6.2764506e-04 3.9872266e-03] [8.4420224e-04 2.2590645e-03 2.2536987e-03 3.1685752e-03 9.8310918e-01
 3.6350761e-03 2.0796179e-03 8.2814158e-04 1.8224354e-03] [4.1733887e-02 4.2599192e-04 3.0345106e-04 2.3617469e-04 2.2173657e-04
 9.2439813e-04 9.5332986e-01 2.9100676e-04 2.5335154e-03] [6.1840657e-04 3.6008711e-04 4.0249020e-04 8.8911800e-04 9.9646747e-01
 5.9589493e-04 2.7615341e-04 2.5738339e-04 1.3295856e-04] [0.03488415 0.01223235 0.00480414 0.93344283 0.00280737 0.00213205
 0.00277171 0.00431366 0.0026118 ] [0.00155152 0.00207333 0.00627351 0.00141525 0.00200297 0.00766613
 0.00345865 0.97252685 0.00303178] [1.9706790e-04 2.3799734e-04 1.6420509e-04 2.9644330e-03 2.4007453e-04
 6.7671365e-04 9.8804641e-01 1.5961847e-04 7.3135202e-03] [2.4584576e-04 1.8899915e-03 5.2248902e-04 7.5030833e-04 9.9514621e-01
 6.3720607e-04 2.5599191e-04 2.6935086e-04 2.8262744e-04] [1.7507820e-04 4.9655116e-04 1.3895654e-04 8.3331793e-04 3.6728667e-04
 3.1087903e-04 9.9537992e-01 2.6295439e-04 2.0350763e-03] [7.6997222e-04 4.3278094e-04 4.9259537e-04 2.1424596e-03 8.4407424e-04
 4.6699792e-03 1.5280006e-03 9.8538917e-01 3.7309951e-03] [0.03128378 0.02716449 0.70579755 0.02835673 0.03867698 0.08339083
 0.0231864  0.03950585 0.02263734] [5.2166713e-04 3.0859007e-04 3.1542132e-04 1.8206078e-03 4.7364982e-04
 2.8005515e-03 5.9435627e-04 9.8820668e-01 4.9585011e-03] [3.1855379e-04 7.1209292e-03 4.4174225e-04 3.2916325e-04 3.0438355e-04
 1.0031916e-03 9.8991686e-01 3.4396161e-04 2.2116538e-04] [1.5142054e-03 1.4896746e-03 9.8463595e-01 2.9364319e-03 9.6723140e-04
 1.9233455e-03 3.0907926e-03 1.4413127e-03 2.0010055e-03] [0.00708882 0.01054632 0.00597316 0.06436279 0.01008964 0.02418782
 0.7333089  0.0162432  0.12819932] [5.0664926e-04 4.4892973e-04 8.6621492e-04 2.4309133e-04 9.9579525e-01
 1.0973550e-03 2.0801075e-04 4.1374346e-04 4.2080402e-04] [6.0585095e-04 5.6013028e-04 7.8540226e-04 1.0350550e-03 7.9474784e-04
 9.8915380e-01 2.0480559e-03 8.1888412e-04 4.1980380e-03] [0.10459216 0.15715827 0.15313385 0.0245208  0.06752268 0.31593117
 0.05057889 0.0653979  0.06116428] [5.2178890e-04 1.2043009e-03 5.6492788e-04 9.6296583e-04 6.0457527e-04
 1.1893128e-03 1.5438806e-03 9.9069864e-01 2.7095675e-03] [8.4124669e-04 2.0994423e-03 6.7185319e-04 1.3082430e-03 4.8537183e-04
 9.8763996e-01 1.1148045e-03 5.1153789e-04 5.3275516e-03] [4.4162918e-04 9.5096201e-04 6.4736401e-04 1.7009231e-03 7.6770142e-04
 9.8390502e-01 2.6886128e-03 6.8217743e-04 8.2155783e-03] [9.9723274e-04 6.7670987e-04 6.1226811e-04 1.0719990e-03 8.9961448e-04
 8.2370389e-04 5.3968921e-04 9.9136657e-01 3.0121405e-03] [0.00428835 0.00286223 0.00476427 0.02088352 0.00715637 0.04713449
 0.00418681 0.00801114 0.90071285] [3.1040114e-04 3.8559031e-04 1.2822830e-04 2.9438545e-03 3.1873182e-04
 2.0367093e-03 9.9038982e-01 3.7482986e-04 3.1118069e-03] [2.8642238e-04 6.7889830e-04 2.8610599e-04 1.0843726e-03 5.7299854e-04
 6.0495088e-04 9.9290800e-01 3.2059898e-04 3.2576506e-03] [9.9500883e-01 6.1348581e-04 5.6229334e-04 6.1408465e-04 3.9737162e-04
 1.5612723e-03 2.7765307e-04 4.9409288e-04 4.7094817e-04] [0.24795464 0.16248597 0.15388167 0.06028315 0.07084658 0.09406534
 0.07137669 0.10076019 0.03834576] [1.7244606e-03 8.6601824e-04 9.9149114e-01 6.5329106e-04 4.9020589e-04
 1.7246219e-03 6.9154945e-04 1.0594060e-03 1.2992485e-03] [0.02351064 0.02425889 0.01222282 0.07723287 0.02633188 0.08695806
 0.02782031 0.06432005 0.65734446] [9.5837843e-04 4.3921781e-04 7.6135376e-04 9.8405749e-01 4.9090851e-04
 5.2786297e-03 1.2881082e-03 9.6218940e-04 5.7636858e-03] [8.6178374e-04 2.7201290e-03 2.2646652e-03 1.4511630e-03 1.6739037e-03
 2.5851799e-03 1.0630491e-03 9.8130643e-01 6.0736523e-03] [0.90582645 0.01774386 0.03127482 0.01056898 0.00769737 0.00847523
 0.0068219  0.0050077  0.0065837 ] [1.1253997e-03 1.4924145e-03 8.1582129e-04 4.6810490e-04 5.8850070e-04
 1.0925237e-03 1.2730589e-03 9.9142480e-01 1.7193336e-03] [0.00251466 0.0085083  0.04673427 0.9193372  0.00312311 0.00490905
 0.00177098 0.00218201 0.01092044] [0.0119431  0.05431762 0.03893521 0.6848674  0.01174826 0.03779867
 0.01075734 0.01772925 0.13190316] [9.5091085e-04 9.9466520e-04 9.1296062e-04 1.2914453e-03 9.9431384e-01
 6.2861503e-04 3.1993637e-04 3.0271502e-04 2.8493284e-04] [0.00349327 0.01343735 0.00876511 0.01042101 0.00334053 0.02578774
 0.00312931 0.92735946 0.00426623] [0.0472992  0.09728344 0.10228668 0.04945165 0.06273223 0.04612407
 0.06907145 0.06311559 0.46263573] [0.00126287 0.00194328 0.00654103 0.00671895 0.00229708 0.00216102
 0.00119983 0.9760454  0.00183044] [0.08286453 0.15240657 0.19277723 0.06870253 0.09347472 0.12817194
 0.08365305 0.07826923 0.11968017] [9.9687201e-01 4.6037120e-04 3.0550687e-04 5.1633426e-04 3.2470582e-04
 2.7118161e-04 5.0747336e-04 4.0752912e-04 3.3495558e-04] [3.4875629e-04 3.2483082e-04 7.7779463e-04 8.6389983e-04 9.9545705e-01
 2.5945358e-04 2.5614660e-04 4.6235710e-04 1.2496907e-03] [0.01950401 0.01765613 0.03254987 0.02435098 0.02532026 0.04451755
 0.05122362 0.01720687 0.7676707 ] [3.4641608e-04 2.8879393e-04 1.8763903e-04 3.1608136e-04 9.9297935e-01
 6.5516384e-04 1.9690467e-04 9.8268432e-04 4.0470283e-03] [6.5979746e-04 9.4581500e-04 8.1916060e-04 2.4752754e-03 8.7282009e-04
 9.7755092e-01 8.6181151e-04 7.1189384e-04 1.5102525e-02] [2.0403807e-01 4.7263896e-04 8.5374841e-04 2.0274166e-04 6.7421998e-04
 2.2675488e-03 7.8979576e-01 2.4161526e-04 1.4536295e-03] [6.1554299e-04 4.7361420e-04 1.2036483e-03 8.5313921e-04 3.2958231e-04
 1.1347793e-03 9.9433470e-01 4.4375050e-04 6.1128306e-04] [0.00321249 0.00301286 0.9745643  0.00422023 0.00387657 0.0029602
 0.00244339 0.00264527 0.00306466] [3.9212458e-04 3.0781631e-04 7.0827533e-05 2.9568493e-04 2.4096672e-04
 2.7772787e-04 9.9736828e-01 1.5309970e-04 8.9345331e-04] [9.2799653e-04 1.9245165e-03 2.1020989e-03 1.7057776e-03 5.8591389e-04
 8.4649416e-04 8.6054887e-04 9.8947132e-01 1.5753824e-03] [0.00347343 0.0012045  0.00205087 0.9219826  0.00330895 0.0066356
 0.00632499 0.00309563 0.05192341] [0.00252732 0.00701868 0.9749333  0.00359463 0.00138388 0.00424623
 0.00241553 0.00135872 0.00252172] [9.9189854e-01 1.0908666e-03 1.1857265e-03 3.8877712e-04 5.3591718e-04
 2.3834344e-03 5.6676188e-04 6.3982105e-04 1.3101422e-03] [0.00502893 0.9576462  0.0140506  0.00361959 0.00355439 0.00489462
 0.00324674 0.00433657 0.00362232] [4.5652207e-04 7.8205502e-04 1.1901584e-03 1.2214832e-03 9.9474663e-01
 3.1777506e-04 4.7509596e-04 3.8544071e-04 4.2482934e-04] [0.03032893 0.04924291 0.7417649  0.028052   0.02857125 0.05014993
 0.02863341 0.0261211  0.01713559] [5.2861340e-04 3.7321061e-04 2.8890130e-04 3.2513274e-03 2.5301630e-04
 1.2240910e-03 9.9045485e-01 3.3436713e-04 3.2915564e-03] [9.9320990e-01 2.1906346e-03 2.3743277e-03 5.9022469e-04 3.0739859e-04
 4.4350029e-04 2.5823322e-04 2.9130239e-04 3.3452106e-04]",1 3 5 5 7 4 5 5 3 1 0 3 8 4 8 4 3 5 8 1 0 1 6 0 3 4 1 1 5 7 2 8 8 3 7 4 6 3 4 1 2 0 1 3 0 8 3 8 4 4 6 2 2 2 1 4 3 4 0 5 0 8 2 2 5 7 0 1 8 6 3 6 3 6 4 7 2 7 1 0 4 6 2 1 2 1 1 5 6 8 7 5 0 7 8 7 2 0 6 4 8 6 3 3 4 7 8 6 5 3 2 2 2 0 2 7 0 5 3 2 8 4 5 8 1 8 1 3 2 5 8 5 6 4 0 8 3 1 1 3 2 1 0 8 5 8 7 1 5 7 1 1 0 2 3 0 3 6 1 4 6 4 0 7 6 4 6 7 2 7 6 2 6 4 5 8 7 5 5 7 8 6 6 0 0 2 8 5 7 0 7 3 3 4 7 5 7 5 0 4 8 4 5 6 6 2 6 7 3 2 0 1 4 7 6 0
1468,0,xgboost,0.0,30000,29144,0.7962962962962963,0.9727527006172839,"[4.9489865e-04 4.5951622e-04 7.2512723e-04 3.2824816e-03 5.0567952e-04
 9.9011070e-01 1.6176450e-03 7.2170049e-04 2.0822324e-03] [0.21287511 0.05387477 0.0382472  0.12217477 0.03559801 0.3267028
 0.06786746 0.09550608 0.04715381] [0.00183178 0.0015988  0.00445348 0.9682257  0.00164833 0.00945298
 0.00288042 0.00355389 0.00635461] [0.0367599  0.05964442 0.41952088 0.07989424 0.02556179 0.22306046
 0.04254112 0.07047857 0.04253861] [1.9723228e-04 2.9729991e-04 2.7657169e-04 3.7232871e-04 2.9138700e-04
 4.2953441e-04 9.9722242e-01 2.2907770e-04 6.8415276e-04] [2.4012534e-03 2.3528347e-03 9.7565460e-01 6.0568098e-03 1.6401828e-03
 4.1114432e-03 3.2760811e-03 8.2122273e-04 3.6855543e-03] [0.04134343 0.03489633 0.07204245 0.04850383 0.03946839 0.08994608
 0.06570155 0.03293102 0.5751669 ] [8.4095442e-04 9.8468471e-01 3.6653627e-03 6.8984571e-04 6.3031923e-04
 1.4070924e-03 2.5462913e-03 3.6458257e-03 1.8895417e-03] [1.3815516e-03 2.6825697e-03 1.6451258e-03 4.4988535e-04 1.5304718e-03
 1.7805704e-03 1.5850605e-03 9.8746443e-01 1.4803280e-03] [2.4954960e-04 1.1753271e-03 6.4009114e-04 8.9010049e-04 9.9568909e-01
 3.6565395e-04 3.0304267e-04 5.8892847e-04 9.8186531e-05] [1.9031468e-04 5.4688734e-04 5.0649355e-04 4.7796650e-05 9.9735224e-01
 2.9313640e-04 3.9390218e-04 4.0139168e-04 2.6778795e-04] [0.02910611 0.0533544  0.0786095  0.73912615 0.01419685 0.02443703
 0.02319706 0.0223082  0.01566469] [0.9222196  0.01265515 0.01925534 0.00658218 0.00557182 0.0161126
 0.00966069 0.00542225 0.00252035] [0.03790231 0.05856416 0.23214674 0.11473392 0.03790915 0.088912
 0.04824782 0.07388243 0.30770147] [9.9341798e-01 7.8435586e-04 8.4611564e-04 4.1923890e-04 5.9301342e-04
 1.3240343e-03 1.3927068e-03 7.5067149e-04 4.7194748e-04] [0.03760194 0.02240454 0.05959427 0.27721834 0.03948195 0.14296305
 0.09554266 0.06786873 0.2573245 ] [0.00691855 0.02832071 0.00822294 0.82508874 0.00805189 0.02910491
 0.01681224 0.01603424 0.06144575] [0.13877645 0.00309107 0.00520107 0.8129617  0.00447021 0.01769269
 0.00314209 0.00492376 0.00974099] [3.8468972e-04 3.6409830e-03 1.6536228e-03 3.8425357e-04 5.2513526e-04
 1.3183026e-03 4.4551858e-04 9.8606688e-01 5.5805887e-03] [0.00329761 0.01036929 0.01409889 0.00425733 0.00362425 0.00716273
 0.00637134 0.94785994 0.00295855] [0.00744423 0.92660123 0.04190453 0.00375487 0.00274533 0.00334987
 0.0049974  0.005631   0.00357151] [6.5665657e-04 9.8984540e-01 1.3145066e-03 1.5027091e-03 6.7658484e-04
 1.3879127e-03 3.5911174e-03 6.7295413e-04 3.5213749e-04] [2.5881661e-04 2.2548587e-04 2.8405551e-04 1.0845526e-03 1.9421495e-04
 5.8470189e-04 9.9366015e-01 4.0302399e-04 3.3049982e-03] [0.0199012  0.02234695 0.01351161 0.04728311 0.01275517 0.03949704
 0.02608295 0.02034041 0.7982816 ] [9.9455971e-01 1.0247817e-03 1.0694023e-03 3.8862234e-04 4.1216271e-04
 6.0952635e-04 2.8641170e-04 4.4952278e-04 1.1998424e-03] [4.8238091e-04 1.7335813e-04 1.8128142e-04 2.9057174e-04 9.9700469e-01
 8.9965959e-04 1.7684762e-04 4.0826242e-04 3.8297244e-04] [3.6834492e-03 3.4795380e-03 9.8076767e-01 4.9906271e-03 8.2573987e-04
 1.1321589e-03 1.9879227e-03 1.6988807e-03 1.4340439e-03] [3.4076857e-04 4.8907881e-04 6.5005233e-04 5.9709925e-04 9.9482864e-01
 7.0888666e-04 2.6649921e-04 7.6983159e-04 1.3491946e-03] [0.02146535 0.01642286 0.01219336 0.03121554 0.02600486 0.16559692
 0.04572149 0.02907882 0.65230083] [0.00272676 0.965465   0.01067822 0.00734838 0.00163404 0.00202946
 0.00449892 0.00203914 0.00358007] [6.5673416e-04 1.0550382e-03 3.9141689e-04 8.8446552e-04 5.7199463e-04
 1.1951730e-03 6.7662192e-04 9.9236566e-01 2.2028941e-03] [0.02386698 0.0146004  0.02391602 0.04947441 0.02680008 0.02562901
 0.0227969  0.02114983 0.7917664 ] [1.1899164e-03 1.1516118e-03 3.7032275e-03 5.2192411e-04 9.8539275e-01
 3.0194495e-03 1.4138607e-03 2.2124201e-03 1.3948636e-03] [0.11696047 0.11666513 0.2329599  0.02508602 0.08211895 0.05068227
 0.04051802 0.06187352 0.27313572] [9.9632937e-01 6.0909934e-04 3.2576290e-04 2.4374908e-04 2.2116739e-04
 7.8022468e-04 5.2822661e-04 3.4240511e-04 6.2005577e-04] [0.12695765 0.04754614 0.04071667 0.05544389 0.03607423 0.249435
 0.05927791 0.09552674 0.2890218 ] [1.4730024e-03 5.3987247e-03 3.1529951e-03 9.8225868e-01 9.6394419e-04
 1.5736113e-03 1.5909722e-03 1.2073821e-03 2.3807392e-03] [0.9307209  0.00519849 0.00840863 0.00814387 0.00235468 0.02107855
 0.01851882 0.00317417 0.00240187] [0.023074   0.03102142 0.48152316 0.12484134 0.03773201 0.18383166
 0.04604078 0.02843856 0.04349711] [6.7618798e-04 9.6830871e-04 2.0409063e-03 9.6932787e-01 6.7940768e-04
 1.2321059e-03 7.9257600e-04 1.6607570e-03 2.2621917e-02] [0.01241313 0.01291648 0.00721239 0.03069163 0.01673468 0.01250112
 0.0229591  0.01968272 0.8648888 ] [7.7096227e-04 3.3819056e-04 5.7538570e-04 3.0052294e-03 7.1203482e-04
 2.1121544e-03 6.6807232e-04 9.8430336e-01 7.5146644e-03] [0.00436702 0.00843066 0.972509   0.00495787 0.00186786 0.00169035
 0.00246939 0.00222515 0.00148271] [4.3719530e-04 6.5892743e-04 4.2829654e-04 1.1218261e-03 9.9459463e-01
 7.8599300e-04 3.8366963e-04 4.8932689e-04 1.1000877e-03] [3.8667131e-04 9.9509615e-01 8.9905137e-04 1.1382180e-03 4.3797845e-04
 8.0084935e-04 3.2401612e-04 5.3747999e-04 3.7952358e-04] [2.5522348e-04 4.8743663e-04 3.5798881e-04 9.2283607e-04 3.0247899e-04
 4.1392204e-04 9.9597377e-01 3.9580296e-04 8.9049427e-04] [0.01241106 0.00687878 0.00643494 0.0380935  0.0136878  0.01487187
 0.01305863 0.7719913  0.1225721 ] [9.9629670e-01 6.4307038e-04 6.2499911e-04 2.7932078e-04 3.4164253e-04
 3.4969000e-04 4.1918896e-04 5.4226659e-04 5.0317886e-04] [2.2426320e-03 9.8449427e-01 7.3626712e-03 9.1208657e-04 9.9755928e-04
 5.7674292e-04 1.3821154e-03 7.6580595e-04 1.2661237e-03] [8.0525578e-04 6.0550065e-04 1.2152462e-03 2.0132500e-03 9.0818311e-04
 9.9014497e-01 8.6200732e-04 1.2277993e-03 2.2178499e-03] [0.01767521 0.02388751 0.04938828 0.15562506 0.02442694 0.09682939
 0.05704334 0.03759642 0.53752786] [7.4503495e-04 1.2157856e-03 9.9244821e-01 1.5433817e-03 6.2355108e-04
 7.8147452e-04 1.3332776e-03 8.5376325e-04 4.5557169e-04] [0.00917552 0.87142634 0.03173107 0.01735046 0.00998996 0.01762705
 0.01133504 0.01999428 0.01137029] [0.02856443 0.01310407 0.02190723 0.06101226 0.01878431 0.04047818
 0.02335067 0.02184195 0.77095693] [6.7120732e-04 4.5680918e-04 2.2706574e-04 1.9533321e-04 9.9680859e-01
 3.7202376e-04 4.9146847e-04 3.2700898e-04 4.5042837e-04] [0.01309008 0.01354655 0.01256574 0.02431133 0.01506825 0.04377162
 0.00936079 0.55561227 0.31267342] [0.0018263  0.00222901 0.00103922 0.96917164 0.0016039  0.0087328
 0.0017793  0.00290755 0.0107103 ] [0.00128803 0.00307294 0.98303914 0.00133159 0.00124023 0.00393385
 0.00335891 0.0014727  0.00126268] [0.03793405 0.07039493 0.21305764 0.07341269 0.04027482 0.44860506
 0.02892524 0.04073557 0.04665999] [0.85831237 0.01604717 0.04528135 0.0131105  0.00808073 0.03239123
 0.00694681 0.01005029 0.00977956] [0.09918713 0.07555972 0.07769722 0.09750769 0.05781515 0.25335848
 0.08937379 0.15836279 0.09113802] [0.00184457 0.00278224 0.00141518 0.0019488  0.98066175 0.00299752
 0.0040179  0.00132121 0.00301083] [3.8871294e-04 1.1740499e-03 1.4342625e-03 3.4853144e-04 5.3788099e-04
 7.4512913e-04 5.1380135e-04 9.9382061e-01 1.0370607e-03] [3.3700219e-04 5.1726133e-04 7.6046778e-04 7.0703193e-04 2.8558011e-04
 3.1798813e-04 9.9503690e-01 1.2386310e-03 7.9906313e-04] [0.00885733 0.02165055 0.83433855 0.04400098 0.01458613 0.01876673
 0.01911947 0.02338037 0.0152999 ] [8.7907311e-04 9.8420078e-01 3.5598436e-03 1.4423523e-03 8.1514788e-04
 4.9661999e-03 1.1184311e-03 2.5398028e-03 4.7837492e-04] [2.2343670e-03 9.7920841e-01 2.2737288e-03 4.6771299e-03 1.5823558e-03
 1.9420052e-03 4.7447574e-03 2.5857375e-03 7.5154618e-04] [0.12335408 0.04260613 0.06753063 0.11464209 0.05308396 0.19510604
 0.05057291 0.12480792 0.22829625] [3.9355952e-04 1.2424932e-03 2.6118665e-04 4.9734762e-04 4.0011990e-04
 1.3386492e-03 6.3187495e-04 9.9337620e-01 1.8586216e-03] [0.06315479 0.10209461 0.16087678 0.09673883 0.08648632 0.10112922
 0.14996944 0.08263023 0.1569198 ] [0.05508174 0.22346549 0.41728556 0.078954   0.0412439  0.05209659
 0.05135064 0.04753223 0.03298983] [0.05774284 0.02021568 0.02707785 0.13432442 0.02861201 0.21827506
 0.08368916 0.10757124 0.32249174] [0.07679384 0.27263096 0.10078086 0.07366304 0.07747569 0.07523341
 0.04609091 0.15885308 0.11847822] [6.5205590e-04 3.7065928e-04 8.2431204e-04 9.0140203e-04 9.9566478e-01
 6.0313707e-04 4.1963405e-04 3.1132702e-04 2.5275032e-04] [0.02207617 0.13273291 0.47460246 0.09989454 0.02689556 0.02834773
 0.03565107 0.04314691 0.13665268] [2.7016268e-04 7.2721450e-04 1.0093570e-03 5.1205885e-04 2.9177777e-04
 1.3473660e-03 9.9446940e-01 6.4536073e-04 7.2734238e-04] [5.6373439e-04 6.5664988e-04 4.4698315e-04 3.3283096e-03 6.8696559e-04
 8.8218850e-04 7.8816479e-04 9.9020362e-01 2.4433571e-03] [0.02657762 0.03441137 0.03001683 0.33591205 0.02704405 0.2161662
 0.05527069 0.04336442 0.23123676] [1.6904378e-03 2.3742770e-03 9.7365046e-01 1.4228264e-02 1.1341933e-03
 1.3246873e-03 2.9881399e-03 1.7370566e-03 8.7246706e-04] [1.0439578e-03 1.6449515e-03 6.1401404e-03 2.3336180e-03 6.2053476e-04
 2.8956390e-03 5.9806113e-04 9.8419720e-01 5.2587711e-04] [0.01705496 0.01647599 0.02650154 0.4738298  0.02340969 0.27429885
 0.07684657 0.01600598 0.07557668] [0.02217128 0.03423509 0.0099357  0.06120671 0.02010502 0.05794995
 0.03825557 0.02346662 0.73267406] [9.9439007e-01 8.4577169e-04 1.0006458e-03 8.1247912e-04 2.9137189e-04
 8.3390885e-04 5.9428415e-04 3.7984955e-04 8.5167587e-04] [7.84228832e-05 4.66585334e-04 1.91108396e-04 7.43625686e-04
 1.14508824e-04 4.25992708e-04 9.95430946e-01 2.33825340e-04
 2.31505092e-03] [0.00223696 0.9832223  0.00225716 0.00197318 0.0014875  0.00230711
 0.0034769  0.00176476 0.00127416] [0.9562628  0.007165   0.00773685 0.00901699 0.00252056 0.00687622
 0.00403342 0.00287664 0.00351155] [7.8694156e-04 7.6498673e-04 7.5064215e-04 9.7455853e-01 6.8185158e-04
 6.1794887e-03 5.7925691e-04 7.4673328e-04 1.4951633e-02] [0.00356978 0.00298637 0.00528454 0.96162444 0.00240535 0.00499074
 0.00187211 0.0025011  0.01476556] [1.9060208e-04 4.1326808e-04 1.4119688e-04 7.0759078e-04 9.9553370e-01
 8.7348965e-04 3.8745164e-04 3.3952485e-04 1.4131654e-03] [3.2316864e-04 4.8071283e-04 6.7631999e-04 7.7999721e-04 9.9651295e-01
 2.6874148e-04 2.9315826e-04 2.6961998e-04 3.9538814e-04] [0.00613437 0.86198056 0.05857783 0.01032312 0.00583317 0.01438034
 0.03081124 0.00663386 0.00532552] [2.7010977e-04 2.1191637e-04 1.2229028e-04 8.2887633e-04 1.9841758e-04
 3.3237759e-04 9.9475551e-01 4.2118988e-04 2.8593328e-03] [0.05431447 0.17722379 0.07546414 0.10981217 0.09578094 0.09024765
 0.16076066 0.10155622 0.13483992] [1.3002836e-03 4.5068529e-03 2.3967177e-03 1.1579087e-03 8.3940930e-04
 2.6522519e-03 1.3615994e-03 9.8060787e-01 5.1770909e-03] [1.1078594e-03 1.5554876e-03 1.3840620e-03 1.4626487e-03 5.7408161e-04
 9.9159169e-01 6.5500400e-04 8.0593914e-04 8.6321996e-04] [0.00323737 0.00528252 0.01430568 0.00441672 0.00244501 0.00814905
 0.00431445 0.955254   0.00259522] [3.0256642e-04 2.6583447e-04 2.7402566e-04 9.7291043e-04 2.6911791e-04
 1.5288633e-03 9.9419832e-01 5.6822342e-04 1.6201803e-03] [9.9429697e-01 1.2024965e-03 1.3757618e-03 1.1248592e-03 2.7419216e-04
 3.1963267e-04 3.1725509e-04 7.5237534e-04 3.3647343e-04] [5.1301770e-04 3.2877093e-04 6.4337696e-04 2.3473219e-04 9.9710971e-01
 2.7361934e-04 1.8409833e-04 4.0079263e-04 3.1192959e-04] [0.00197234 0.00270957 0.00490077 0.978618   0.00108496 0.00233648
 0.00372944 0.00229602 0.00235237] [0.06120608 0.02323269 0.08732323 0.13886748 0.04327635 0.1763761
 0.03947933 0.09110291 0.33913583] [4.8754000e-04 5.5557856e-04 4.6871536e-04 1.4754445e-03 5.3267216e-04
 9.9316460e-01 1.0556470e-03 5.3046196e-04 1.7292775e-03] [9.9586004e-01 5.6054560e-04 5.5219466e-04 6.2734075e-04 2.5516341e-04
 1.3418172e-03 2.9980871e-04 2.7344798e-04 2.2968353e-04] [0.03884786 0.18232484 0.33437583 0.19957605 0.0207395  0.12457813
 0.02091787 0.04263562 0.03600432] [1.6281950e-04 2.9656175e-04 1.5767875e-04 2.5064312e-04 2.3026401e-04
 6.5554469e-04 9.9710852e-01 1.9508811e-04 9.4287947e-04] [0.15592073 0.06032948 0.10952491 0.0606852  0.08792028 0.16231117
 0.04635649 0.14181852 0.17513321] [6.9073442e-04 1.0299890e-03 6.1230845e-04 6.1574142e-04 7.0616411e-04
 2.3116490e-03 9.8207009e-01 4.9591897e-04 1.1467446e-02] [9.9423307e-01 7.0792699e-04 8.6404313e-04 2.5193262e-04 3.2081443e-04
 1.9651561e-03 4.2918781e-04 5.7698321e-04 6.5092457e-04] [1.9528614e-03 2.0471623e-03 1.9860689e-03 6.9279911e-04 1.8228859e-03
 9.8758799e-01 1.3339063e-03 2.1022307e-03 4.7403813e-04] [0.05465603 0.15977854 0.22739498 0.20260812 0.06191183 0.09905751
 0.03803671 0.09864164 0.0579146 ] [0.05275289 0.03435215 0.61342925 0.0390206  0.02639531 0.01830014
 0.02256645 0.05216195 0.14102128] [3.6490394e-04 2.6042297e-04 1.8183020e-04 1.0678936e-03 2.2498966e-04
 7.7464554e-04 9.9570721e-01 4.4535578e-04 9.7273948e-04] [0.05197464 0.12593524 0.20295417 0.07183042 0.04813283 0.19166212
 0.11296487 0.04481309 0.14973263] [0.9853697  0.00309946 0.00115065 0.00230952 0.00105181 0.00243042
 0.00156585 0.00157993 0.00144262] [0.01281161 0.01544153 0.01595575 0.0632463  0.01566366 0.06510433
 0.01710934 0.02576046 0.768907  ] [0.0612546  0.05396322 0.03459276 0.17421395 0.03534205 0.2912731
 0.09599316 0.06794447 0.18542269] [4.4509310e-02 2.1161295e-04 2.0416634e-04 5.2854192e-04 2.9813705e-04
 8.8561699e-04 9.5134521e-01 1.7262371e-04 1.8447874e-03] [0.00538838 0.90265125 0.01497541 0.03007442 0.00416539 0.006581
 0.00515986 0.01191066 0.01909364] [0.00457525 0.01004438 0.06458295 0.90123415 0.00344072 0.00352386
 0.00329056 0.00503622 0.00427186] [0.05546146 0.02641331 0.04204568 0.54543906 0.0394044  0.08992534
 0.03657709 0.05019292 0.11454076] [0.00229569 0.00656537 0.00412423 0.00487902 0.00269633 0.00459055
 0.00206523 0.97092193 0.00186174] [0.01904875 0.02620605 0.0274111  0.1586724  0.03387804 0.27915946
 0.06023886 0.04899525 0.3463901 ] [4.0967995e-04 2.8149714e-04 1.6814540e-04 5.7199021e-04 2.0684979e-04
 8.9161366e-04 9.9544418e-01 2.8883596e-04 1.7372081e-03] [0.06169834 0.01800361 0.05277293 0.10039802 0.04501791 0.04897296
 0.02819698 0.06066562 0.58427364] [0.013817   0.02155559 0.10509358 0.6739193  0.01771938 0.01833166
 0.01470557 0.00979104 0.1250669 ] [1.1096067e-03 4.6400805e-03 9.8063296e-01 4.3758857e-03 1.0086222e-03
 5.2686366e-03 1.0740410e-03 1.2241318e-03 6.6598057e-04] [2.8924263e-04 3.1315233e-04 9.2468743e-04 1.6733566e-04 1.9211163e-04
 7.9579774e-04 9.9694735e-01 1.2399579e-04 2.4628695e-04] [0.28784287 0.06102414 0.03724611 0.02565265 0.05821814 0.01779664
 0.01109463 0.33411047 0.16701433] [0.10754977 0.06979079 0.18906935 0.08975846 0.06004124 0.09535844
 0.08386515 0.08044477 0.22412199] [6.6970912e-04 9.9190485e-01 1.2137956e-03 8.7214774e-04 5.1870040e-04
 1.2221046e-03 6.9770287e-04 1.4358005e-03 1.4651974e-03] [1.6787933e-03 8.4728654e-04 5.9115700e-04 1.7669876e-03 1.1822582e-03
 9.8517448e-01 7.2351441e-04 2.0499362e-03 5.9856283e-03] [0.00965096 0.00902919 0.00390482 0.9279884  0.00578832 0.01195502
 0.00395244 0.00961974 0.0181111 ] [0.06379461 0.0485935  0.05934186 0.19969453 0.04099797 0.32099283
 0.02777151 0.06540973 0.17340346] [0.03336101 0.03640579 0.04745225 0.02226    0.02487566 0.42294222
 0.0246529  0.01562443 0.3724257 ] [0.01403501 0.00811904 0.01421142 0.7480079  0.00973792 0.14629255
 0.01007813 0.01024342 0.03927465] [1.0987704e-03 2.6407912e-03 9.8621309e-01 5.4405713e-03 1.3480505e-03
 9.8926446e-04 9.2874508e-04 1.0300919e-03 3.1067050e-04] [0.0387701  0.05793103 0.03342535 0.20816368 0.03605171 0.07648133
 0.0460411  0.05353357 0.44960216] [3.7493758e-04 7.0629275e-04 4.8423087e-04 4.2227388e-04 9.9661452e-01
 2.5282911e-04 4.3423436e-04 3.4264324e-04 3.6806767e-04] [6.2626723e-04 9.9116582e-01 1.4260345e-03 1.8883501e-03 8.0654974e-04
 1.4089113e-03 8.0975710e-04 9.3685649e-04 9.3147956e-04] [0.00696368 0.02848786 0.00405255 0.8866861  0.0113666  0.01970667
 0.00394185 0.01101546 0.02777926] [0.01952927 0.02868403 0.56205744 0.20372583 0.01709715 0.04881857
 0.03358641 0.07144465 0.01505661] [0.00460516 0.00949372 0.00851081 0.9493802  0.00519559 0.00843518
 0.00475887 0.00394952 0.00567095] [1.6692592e-04 9.9629188e-01 7.3836843e-04 8.5235439e-04 3.5184540e-04
 3.1485487e-04 2.3722945e-04 5.1223603e-04 5.3431356e-04] [0.02474103 0.05055832 0.08562097 0.6443292  0.01826831 0.06437016
 0.0405164  0.04635889 0.0252367 ] [0.05236098 0.03030551 0.04011739 0.28850314 0.03928217 0.08789136
 0.02379479 0.03973566 0.398009  ] [0.06692616 0.0276681  0.10723252 0.24066517 0.05055933 0.19398515
 0.06344876 0.06669537 0.18281947] [1.1760886e-03 1.1719671e-03 5.4342877e-03 9.7746354e-01 7.9359557e-04
 3.0290515e-03 7.7489123e-04 1.8766940e-03 8.2799047e-03] [5.6526414e-04 8.6221634e-04 9.9991523e-03 3.0904845e-04 9.8604649e-01
 1.0710366e-03 1.5125558e-04 3.3656807e-04 6.5902359e-04] [0.00433109 0.00255764 0.00524522 0.00208016 0.00139388 0.00130143
 0.00160201 0.9713444  0.01014416] [0.00161603 0.00187361 0.01500063 0.9583732  0.00159854 0.00866446
 0.0025575  0.00352974 0.00678631] [1.9437307e-04 1.4811597e-04 1.8732704e-04 4.3718223e-04 3.5710263e-04
 5.8031542e-04 9.9701023e-01 3.0039789e-04 7.8495522e-04] [0.01716822 0.02136359 0.7865066  0.04994724 0.01098267 0.02433052
 0.04605587 0.02261854 0.0210267 ] [0.00112356 0.0012193  0.00129875 0.00181196 0.00119987 0.00382418
 0.00444163 0.9610225  0.02405821] [0.07263708 0.13750051 0.19391027 0.0711142  0.06912695 0.12487009
 0.13400885 0.07573316 0.12109885] [1.9196897e-03 9.8180985e-01 3.3503908e-03 8.3916483e-04 1.3950439e-03
 3.9918320e-03 8.9569006e-04 1.5070117e-03 4.2913449e-03] [0.0387993  0.04576499 0.12167903 0.07140929 0.06883447 0.28052786
 0.03769241 0.1113212  0.22397144] [0.02585879 0.0395094  0.07228509 0.08695023 0.0321034  0.4553108
 0.05814944 0.04344714 0.18638575] [0.00162173 0.00632827 0.02597188 0.00145657 0.00258618 0.9557368
 0.00143633 0.00333306 0.00152922] [0.04508174 0.06216684 0.36706597 0.03903701 0.04571879 0.06112473
 0.14113985 0.04496134 0.19370374] [0.04521682 0.16587766 0.08342648 0.05774846 0.0373641  0.07880297
 0.05059896 0.05340926 0.42755532] [0.00312189 0.93762445 0.00595831 0.02083403 0.00463006 0.00747983
 0.00497941 0.00827256 0.00709952] [0.01312926 0.0130679  0.03075152 0.01732334 0.00614739 0.02453136
 0.00557624 0.87323856 0.01623442] [1.5122097e-03 1.5193232e-03 8.4196246e-04 9.8434031e-01 9.5783820e-04
 1.5892431e-03 1.6107862e-03 2.3660059e-03 5.2623386e-03] [0.07021926 0.0531961  0.02656196 0.17816637 0.05731121 0.15566853
 0.13288273 0.03690849 0.28908536] [9.9199885e-01 3.8673126e-03 1.1354475e-03 3.0661208e-04 1.9658291e-04
 8.1866328e-04 2.7107337e-04 6.8009715e-04 7.2537741e-04] [9.1383542e-04 9.8724782e-01 2.4442063e-03 6.9170597e-04 1.1741463e-03
 1.0675538e-03 7.4577786e-04 1.2324137e-03 4.4825347e-03] [2.5940224e-04 6.0887105e-04 6.8415806e-04 7.3860149e-04 9.9650514e-01
 4.7678963e-04 1.7756254e-04 2.2599091e-04 3.2354976e-04] [0.05346584 0.04087135 0.01416395 0.2898203  0.03808085 0.09591159
 0.03755978 0.21664676 0.21347961] [0.03516599 0.03041229 0.03047183 0.06302669 0.01910646 0.06072249
 0.02383659 0.02616007 0.71109754] [0.00128497 0.00207542 0.00167789 0.0017805  0.984364   0.00116139
 0.00214004 0.00192534 0.00359042] [3.4394869e-04 1.1481632e-03 4.9602491e-04 5.3083210e-04 3.5584756e-04
 5.4582575e-04 5.1070756e-04 9.9419326e-01 1.8753413e-03] [0.03667495 0.06379525 0.03834928 0.15579915 0.04864377 0.15909192
 0.10097459 0.08487883 0.31179222] [0.13129653 0.07947703 0.09353532 0.16877903 0.05336487 0.19718689
 0.08163621 0.08262214 0.11210199] [2.1767191e-04 3.2228476e-04 3.5597253e-04 2.1134841e-04 9.9714512e-01
 2.8629572e-04 3.3060877e-04 3.3320556e-04 7.9750456e-04] [0.0028547  0.00587344 0.00257577 0.00140424 0.00109763 0.00204688
 0.00231278 0.97805417 0.00378045] [2.7845439e-04 3.8136286e-04 1.2000481e-04 5.8423990e-04 2.2938829e-04
 8.2265097e-04 9.9178571e-01 3.3112973e-04 5.4669851e-03] [0.12002198 0.23868635 0.05237038 0.08764548 0.08750989 0.06141734
 0.09472207 0.18826681 0.0693597 ] [0.9473225  0.00559046 0.01393661 0.00631144 0.00370187 0.00723846
 0.00703516 0.00541323 0.00345027] [3.8950064e-04 5.2842358e-04 6.0454605e-04 8.1310899e-04 9.9352843e-01
 2.6294806e-03 2.6094681e-04 7.0443109e-04 5.4110156e-04] [3.0597561e-04 5.7768391e-04 9.5293537e-04 6.0739549e-04 3.5612940e-04
 4.6186268e-04 9.9545997e-01 8.8967080e-04 3.8839513e-04] [0.07349294 0.02928276 0.04720334 0.29916248 0.03211679 0.13354716
 0.02237584 0.03632439 0.32649434] [3.7464654e-04 8.9878775e-04 1.0044781e-03 4.3048439e-04 9.8533219e-01
 3.2282325e-03 5.1576970e-04 1.0259218e-03 7.1894517e-03] [2.38544933e-04 2.48143333e-04 1.05111285e-04 7.85940036e-04
 5.10939746e-04 6.55502139e-04 9.93993819e-01 2.53152160e-04
 3.20886541e-03] [9.9745494e-01 4.3633606e-04 5.3504593e-04 2.2589760e-04 1.5877988e-04
 1.4539355e-04 6.5763062e-04 1.8330157e-04 2.0264456e-04] [0.01705402 0.02132023 0.01271772 0.06727737 0.0112165  0.01793403
 0.8356441  0.01001016 0.00682579] [9.7069955e-01 1.2818030e-03 6.8339327e-04 4.5928312e-03 1.9711028e-03
 4.4868020e-03 1.4798344e-03 2.3602152e-03 1.2444407e-02] [0.07344191 0.04380926 0.4992463  0.04037121 0.05461396 0.1181959
 0.03018079 0.04835802 0.09178269] [0.06729537 0.07523821 0.0541762  0.07237165 0.0476802  0.21147126
 0.07833251 0.12460887 0.26882574] [0.00475378 0.95414746 0.00582912 0.00499457 0.00215843 0.00429263
 0.00602925 0.00169367 0.0161011 ] [5.3998420e-04 1.0353863e-03 4.2773542e-04 5.7929690e-04 9.9243790e-01
 5.3368963e-04 3.7642708e-04 5.0754717e-04 3.5620576e-03] [0.0014288  0.0012965  0.00182506 0.9669662  0.00163902 0.00810075
 0.00170336 0.00208481 0.01495553] [0.00362135 0.95731807 0.01179091 0.00622981 0.00184156 0.00815465
 0.00660066 0.00217812 0.00226482] [0.05547272 0.06761235 0.02980033 0.08944752 0.04646793 0.18851827
 0.04096676 0.09910789 0.3826062 ] [8.5075805e-04 1.8935589e-03 3.0216090e-03 3.1348797e-03 1.3915595e-03
 2.2503946e-03 2.0932008e-03 9.8436487e-01 9.9911366e-04] [1.5023550e-03 7.8069209e-04 8.3865540e-04 1.1735123e-03 4.5215842e-04
 1.7121724e-03 3.9507259e-04 9.9154633e-01 1.5990533e-03] [0.01283876 0.02014695 0.9046805  0.01011501 0.01079147 0.00810454
 0.00581171 0.01145675 0.01605437] [0.05515177 0.09291592 0.03801638 0.11555975 0.03114303 0.1908705
 0.13296251 0.05535209 0.28802803] [0.01932522 0.02457916 0.80594057 0.02055113 0.01467887 0.04251992
 0.01466555 0.04153192 0.01620772] [0.0017933  0.00126547 0.00492317 0.00462563 0.98115015 0.00146434
 0.00099255 0.0014693  0.00231611] [0.06500772 0.13094665 0.21018074 0.06265399 0.09579175 0.16542453
 0.08673618 0.05543511 0.12782337] [0.02491377 0.01960703 0.02773385 0.13086109 0.02684492 0.2400361
 0.02832652 0.03824577 0.463431  ] [0.02771534 0.01599979 0.03164956 0.20190762 0.02785119 0.06168849
 0.04815225 0.01959078 0.56544495] [0.03174501 0.03993697 0.02797608 0.16609547 0.05795168 0.17054673
 0.03651152 0.03745099 0.43178555] [2.1222231e-04 4.5602646e-04 3.2939142e-04 1.6308857e-04 1.3112611e-04
 3.2277190e-04 9.9727815e-01 3.3778945e-04 7.6943869e-04] [0.08867785 0.23398593 0.15327874 0.09440576 0.05220143 0.1103124
 0.16971748 0.07527342 0.02214706] [0.92404187 0.00560743 0.02179023 0.00499635 0.00245587 0.01234914
 0.00303214 0.00387808 0.02184892] [5.5319257e-04 1.4947741e-03 1.0563646e-03 6.7256566e-04 3.7982440e-04
 1.1753688e-03 2.9795637e-04 9.9314487e-01 1.2251257e-03] [4.0603275e-03 9.8648053e-01 1.0429480e-03 2.7246261e-03 5.6776637e-04
 9.6765388e-04 4.6213079e-04 1.1815348e-03 2.5124573e-03] [7.5630995e-04 2.6591585e-03 9.8981667e-01 8.4382872e-04 8.5796183e-04
 1.2313245e-03 1.0238135e-03 1.8269849e-03 9.8396896e-04] [5.4687378e-04 1.2242474e-03 3.6098047e-03 5.2269181e-04 9.9072963e-01
 1.4167996e-03 8.6501811e-04 6.6248234e-04 4.2241489e-04] [4.5925679e-04 1.2868365e-03 9.9021357e-01 2.5405055e-03 7.2723802e-04
 1.1119501e-03 1.4165539e-03 9.3876827e-04 1.3053000e-03] [0.04362703 0.07222679 0.06706052 0.27402928 0.05655921 0.06911647
 0.05726253 0.05074883 0.30936933] [4.2578793e-04 5.9111748e-04 6.5732328e-04 4.5753032e-04 3.3709462e-04
 2.7193388e-04 9.9605370e-01 2.7013337e-04 9.3535206e-04] [3.4210272e-04 2.6459002e-04 2.8083069e-04 5.4451037e-04 3.0785825e-04
 7.5271248e-04 9.9568969e-01 3.6222747e-04 1.4554549e-03] [0.15766026 0.0860277  0.31193894 0.02534789 0.05217272 0.04262634
 0.17925404 0.06113613 0.08383596] [3.2505364e-04 2.1768548e-04 1.2511192e-04 2.0661955e-03 9.9570304e-01
 2.4824572e-04 3.2241215e-04 2.2398103e-04 7.6822116e-04]",5 0 3 2 6 2 8 1 7 4 4 3 0 8 0 5 3 0 7 7 1 1 6 8 0 4 2 4 7 1 7 8 4 8 0 3 3 0 2 3 8 7 2 4 1 6 7 0 1 5 8 2 1 8 4 7 3 2 5 0 5 4 7 6 2 1 1 5 7 1 2 5 0 4 2 6 7 8 2 7 8 5 0 6 1 0 3 3 4 4 1 6 5 7 5 7 6 0 4 0 5 5 0 2 6 0 6 0 5 3 2 6 8 0 8 5 6 1 3 8 7 6 6 6 2 2 6 1 2 1 5 3 4 8 3 2 3 4 1 3 2 5 1 3 8 5 3 4 7 3 6 2 7 1 1 8 5 5 8 5 1 7 3 8 0 1 4 7 8 4 7 8 8 4 7 6 3 0 4 6 3 4 6 0 6 0 2 5 1 4 3 1 5 7 7 2 5 2 4 3 8 8 8 6 5 0 7 1 2 4 2 3 6 6 0 4
1468,1,xgboost,0.0,30000,29144,0.8333333333333334,0.9754050925925927,"[9.9608922e-01 6.8754592e-04 2.8664572e-04 2.8655468e-04 4.5034976e-04
 7.6222362e-04 5.6336977e-04 4.4455280e-04 4.2954355e-04] [9.9797326e-04 4.2313971e-03 2.3155857e-03 1.1984801e-03 9.8458254e-01
 6.3052651e-04 1.3369477e-03 1.7175952e-03 2.9889643e-03] [7.5718862e-01 9.7412785e-04 4.5987102e-03 2.3121344e-01 9.5844746e-04
 2.2965719e-03 1.4295686e-03 8.7464316e-04 4.6586833e-04] [4.0318069e-04 1.7907491e-03 7.2075066e-04 4.2749650e-04 9.9365085e-01
 7.6826301e-04 2.2148067e-04 3.8748022e-04 1.6298078e-03] [0.11028644 0.2028227  0.05790692 0.11154695 0.16051468 0.05818774
 0.1329935  0.06133443 0.10440665] [0.00315501 0.9761277  0.00440547 0.00097769 0.00248599 0.00420414
 0.00213421 0.00281803 0.00369176] [9.8811895e-01 2.0280925e-03 2.1000749e-03 1.8331421e-03 8.7212538e-04
 2.1099045e-03 8.8984478e-04 1.2361932e-03 8.1167155e-04] [1.1967006e-03 4.0984787e-03 4.5696285e-02 9.4328147e-01 8.7505282e-04
 1.0439685e-03 7.5920782e-04 1.2910728e-03 1.7577012e-03] [7.7253464e-04 6.0863788e-03 2.9385011e-03 2.4801255e-03 6.1250885e-04
 7.8324985e-04 1.5552439e-03 9.7891349e-01 5.8579822e-03] [9.9722928e-01 4.6736898e-04 5.7714700e-04 3.3680344e-04 4.3918527e-04
 2.5219447e-04 2.0581685e-04 3.3236505e-04 1.5978287e-04] [0.01467787 0.00703401 0.8784159  0.01083174 0.01096511 0.03003836
 0.01837662 0.01113356 0.0185269 ] [0.00616423 0.01274635 0.9240885  0.00504822 0.00288701 0.00843786
 0.00644764 0.00795397 0.0262263 ] [0.01446184 0.01038407 0.00776576 0.01131596 0.02054111 0.05098167
 0.01951014 0.02122968 0.8438097 ] [9.9667323e-01 6.3277042e-04 2.2881120e-04 3.1646190e-04 2.5806608e-04
 5.0537440e-04 4.1015411e-04 4.3603906e-04 5.3911970e-04] [0.00357347 0.00367982 0.00424804 0.00475869 0.00299929 0.9726686
 0.00300718 0.00359534 0.00146955] [0.09229503 0.21503451 0.13679686 0.09367652 0.07450885 0.19440988
 0.08641255 0.08004423 0.02682163] [1.4196648e-02 1.0752886e-03 9.8569109e-04 1.6879196e-04 2.1686673e-04
 8.1631844e-04 9.7973400e-01 3.2649544e-04 2.4798333e-03] [0.00233261 0.00330798 0.00737913 0.9753371  0.00177737 0.00280755
 0.001991   0.00280341 0.00226392] [4.6317469e-04 4.6667986e-04 7.7574118e-04 2.5561242e-04 9.9620157e-01
 7.6331099e-04 2.4955711e-04 2.9512338e-04 5.2927522e-04] [2.3976283e-03 9.8989409e-01 1.9886354e-03 8.2571135e-04 6.6433469e-04
 7.8771106e-04 8.2761882e-04 1.0550786e-03 1.5591758e-03] [6.6455529e-04 9.8923934e-01 1.8487865e-03 8.0228242e-04 7.5892173e-04
 1.3526734e-03 8.8574464e-04 1.6076158e-03 2.8401327e-03] [0.94870317 0.00222005 0.00388624 0.00980906 0.00280216 0.0095159
 0.00239559 0.00400829 0.01665953] [2.0216168e-04 1.5947116e-04 4.5449738e-04 7.5249618e-04 2.3731175e-04
 1.6119218e-03 9.8692477e-01 2.2003433e-04 9.4372788e-03] [3.8331907e-04 3.5030651e-04 1.0120551e-03 4.2805748e-04 9.9594951e-01
 9.0229115e-04 1.6209403e-04 3.8810394e-04 4.2421056e-04] [0.06851026 0.06053089 0.05758296 0.13420594 0.05264345 0.31610453
 0.08129388 0.06868896 0.16043918] [9.9388885e-01 8.5978437e-04 6.7769858e-04 5.3356565e-04 3.7845579e-04
 6.2337890e-04 3.4119588e-04 6.2433031e-04 2.0727552e-03] [1.7151180e-04 2.2639298e-04 1.8824673e-04 1.0437546e-03 2.2760594e-04
 5.2845228e-04 9.9553335e-01 3.3301106e-04 1.7476961e-03] [0.0049341  0.00385244 0.00375921 0.00207449 0.00291694 0.00304279
 0.00211806 0.9702251  0.00707682] [0.95073384 0.01191448 0.00813828 0.00298602 0.00498151 0.00406319
 0.00412668 0.00692517 0.00613082] [1.5269766e-03 9.9481034e-01 4.6153530e-04 2.4181993e-04 3.9414744e-04
 4.1850493e-04 7.8749092e-04 7.7489315e-04 5.8426859e-04] [0.01763269 0.01676706 0.03021916 0.01188266 0.01457006 0.03609619
 0.6983029  0.01626502 0.15826428] [0.01071346 0.0083191  0.11802737 0.8295111  0.00800782 0.00369332
 0.00792616 0.00788567 0.00591601] [9.8702776e-01 3.3543501e-03 1.5638829e-03 1.0203293e-03 1.6905421e-03
 1.9512819e-03 1.6066016e-03 1.1418737e-03 6.4337865e-04] [0.06606537 0.05055615 0.03460643 0.06773567 0.05396846 0.21613717
 0.08098974 0.08017372 0.34976733] [3.3073563e-03 6.1775319e-04 9.9146253e-01 1.8081764e-03 3.7069965e-04
 8.2206301e-04 4.9075636e-04 7.4206386e-04 3.7857488e-04] [0.00378452 0.00461301 0.97335386 0.00181643 0.00206156 0.00509986
 0.00132868 0.00233788 0.00560423] [0.06427463 0.08218454 0.06008306 0.09757464 0.13867633 0.12172839
 0.07949556 0.19676244 0.15922041] [0.04933195 0.04163731 0.03542924 0.19370489 0.0420436  0.15796134
 0.05997639 0.2209371  0.1989782 ] [4.3026175e-04 6.9122692e-04 4.0127762e-04 7.6010742e-04 1.9004733e-04
 7.9105858e-04 9.9573851e-01 8.0373784e-04 1.9373416e-04] [5.7432189e-04 4.3482851e-04 3.2241928e-04 3.1239104e-03 2.4438911e-04
 1.9924873e-03 3.4971809e-04 9.9235594e-01 6.0195249e-04] [2.53392296e-04 2.75426952e-04 1.19428376e-04 9.04580578e-04
 2.40105684e-04 5.86546725e-04 9.93192375e-01 4.50404128e-04
 3.97771643e-03] [0.04622855 0.02127112 0.03525519 0.3004515  0.05457458 0.14793572
 0.07428943 0.09886604 0.2211279 ] [2.3278392e-04 6.5367861e-04 7.2410086e-04 8.4007025e-04 3.8920582e-04
 5.8908295e-04 3.4345000e-04 9.9499667e-01 1.2309427e-03] [0.00566848 0.00780535 0.00629157 0.02373226 0.00794073 0.03796325
 0.01032278 0.00660075 0.8936749 ] [0.0742829  0.0457121  0.0345871  0.07941624 0.04443516 0.3082739
 0.04113515 0.05388262 0.3182748 ] [3.9609458e-04 6.5629993e-04 1.5879043e-03 8.6260278e-04 4.0637655e-04
 4.4929713e-04 9.9473155e-01 5.1449501e-04 3.9536358e-04] [0.00370446 0.01322047 0.95926136 0.00661859 0.00330761 0.00344999
 0.00368758 0.00338885 0.00336117] [9.9411398e-01 1.1261902e-03 1.2074171e-03 2.9847558e-04 7.5230614e-04
 1.0961004e-03 2.9369016e-04 5.6693918e-04 5.4497551e-04] [0.00141717 0.00162413 0.00229428 0.00562617 0.00150686 0.9818938
 0.00151432 0.00137471 0.00274866] [1.2896520e-03 3.3592519e-03 2.1461076e-03 1.4111559e-03 9.7527000e-04
 1.7969449e-03 7.2089373e-04 9.8593569e-01 2.3650362e-03] [0.00237048 0.00251031 0.00494323 0.00217603 0.00125756 0.9792746
 0.00160602 0.00265124 0.00321061] [1.0071780e-03 1.5115588e-03 4.2870551e-02 9.4851780e-01 7.7819958e-04
 5.7836395e-04 6.4114982e-04 2.0728668e-03 2.0222929e-03] [0.00329853 0.00395882 0.00453755 0.96805924 0.00305062 0.0043196
 0.00199705 0.00412815 0.00665039] [1.5556534e-03 1.2805245e-03 2.6562784e-02 9.6194726e-01 1.3937183e-03
 4.2167283e-03 8.1939972e-04 1.3785270e-03 8.4538123e-04] [0.00795264 0.01763777 0.87766683 0.01038866 0.01530548 0.01112259
 0.01164249 0.03685184 0.01143164] [0.00988329 0.08207553 0.7935993  0.02499705 0.01253709 0.03436771
 0.02409296 0.01370479 0.00474226] [0.00552886 0.00703671 0.00519465 0.00309613 0.00259343 0.96486723
 0.00196834 0.00431177 0.00540283] [9.9457777e-01 8.4567687e-04 6.3879095e-04 4.7494328e-04 4.4489937e-04
 4.5257594e-04 6.0060475e-04 1.1035403e-03 8.6116337e-04] [1.2650582e-03 9.0847322e-04 1.8999903e-03 8.3494518e-04 7.8977324e-04
 1.3564297e-03 8.6663559e-04 9.9008626e-01 1.9924408e-03] [4.7913365e-04 2.9543732e-04 2.4001869e-04 6.1345159e-04 5.0397019e-04
 1.0018325e-03 9.9584717e-01 3.4022241e-04 6.7876384e-04] [0.08009288 0.11476973 0.21355413 0.10511827 0.05093305 0.1546062
 0.08672009 0.09623095 0.09797463] [4.0934313e-04 3.6975142e-04 1.0473148e-03 8.2216371e-04 9.9575174e-01
 4.7150839e-04 2.6416956e-04 4.6932968e-04 3.9465117e-04] [3.2884697e-04 1.6169265e-04 2.3676110e-04 4.4160031e-04 3.4388635e-04
 2.2749300e-03 9.9546164e-01 2.2270066e-04 5.2788155e-04] [0.00139489 0.00141303 0.00199431 0.00149204 0.00164768 0.9854241
 0.00179152 0.00240813 0.00243428] [0.01348676 0.01994422 0.01237622 0.03697439 0.01053517 0.03506609
 0.6138772  0.01428634 0.24345362] [9.8712361e-01 1.9449305e-03 1.4661539e-03 1.1632881e-03 6.9481169e-04
 1.6839462e-03 1.5150285e-03 1.9960857e-03 2.4120931e-03] [0.02136522 0.04390726 0.0366623  0.04213547 0.0375379  0.07685786
 0.04762148 0.03572985 0.6581826 ] [0.01226735 0.02751259 0.01251804 0.08685995 0.0194926  0.02827526
 0.0110227  0.01610928 0.7859422 ] [0.05343519 0.08273474 0.12495005 0.3172074  0.02545777 0.23778757
 0.03328708 0.05946689 0.06567328] [9.9399501e-01 9.4465760e-04 7.5387041e-04 7.0112542e-04 5.4358231e-04
 9.1259478e-04 4.5700051e-04 1.3269408e-03 3.6528168e-04] [2.2984773e-03 6.3370552e-04 2.1317033e-03 9.7623682e-01 1.0489761e-03
 1.8873026e-03 1.1413936e-03 5.4732524e-04 1.4074222e-02] [0.00290101 0.96757084 0.00556208 0.00587675 0.00370153 0.0047377
 0.00146587 0.00441214 0.00377202] [3.3238134e-04 6.1854569e-04 9.5146929e-04 1.1465893e-03 4.9732497e-04
 8.1118400e-04 9.1190735e-04 9.9413425e-01 5.9640768e-04] [1.5129988e-03 6.0028303e-04 5.6193542e-04 7.2288048e-04 9.9464393e-01
 4.1032367e-04 2.2770380e-04 8.8041392e-04 4.3956909e-04] [9.9726272e-01 4.9085682e-04 3.5826501e-04 2.4198089e-04 2.3908076e-04
 3.2561811e-04 3.7045946e-04 3.9094969e-04 3.2012045e-04] [6.2018406e-04 4.7432998e-04 5.7016028e-04 1.7212366e-04 9.9500763e-01
 8.3899219e-04 2.9469712e-04 5.6696148e-04 1.4548796e-03] [0.00664013 0.01000551 0.00378638 0.00692515 0.00871846 0.00316775
 0.00285739 0.95006895 0.00783027] [3.41589883e-04 1.05263505e-04 1.71716485e-04 4.90836450e-04
 2.31277663e-04 6.31708128e-04 9.96325076e-01 2.65948533e-04
 1.43654947e-03] [2.6076727e-03 7.5839233e-04 8.7567617e-04 1.8622143e-03 1.1156054e-03
 1.1453196e-02 1.6906656e-03 9.7068900e-01 8.9475969e-03] [5.7314098e-04 1.0707856e-03 2.7635302e-03 1.6300974e-03 7.7301863e-04
 1.5356351e-03 7.0891751e-04 9.8968375e-01 1.2611435e-03] [0.00462653 0.00594043 0.00257748 0.00226891 0.00275663 0.9713489
 0.00276844 0.00325626 0.00445644] [9.8448652e-01 1.2531707e-03 3.6264793e-03 2.7472633e-03 1.1036862e-03
 5.8342412e-04 7.9348282e-04 6.8351894e-04 4.7224783e-03] [0.0161953  0.02323032 0.7981972  0.04468216 0.03562267 0.026363
 0.00939518 0.02366764 0.02264658] [1.5393704e-03 1.9729503e-03 8.4890664e-04 9.8421997e-01 1.2653462e-03
 2.6145123e-03 7.5057521e-04 2.7023724e-03 4.0860604e-03] [3.5058538e-04 9.9552071e-01 1.1681834e-03 2.5433488e-04 4.7043880e-04
 3.5981566e-04 4.6390566e-04 7.3835789e-04 6.7361677e-04] [2.2917779e-04 2.7019274e-04 4.5882640e-04 4.6354608e-04 2.4321699e-04
 8.0338190e-04 2.2829129e-04 9.9636495e-01 9.3838864e-04] [0.13676423 0.1229504  0.06006304 0.15631886 0.07142167 0.10359227
 0.06431986 0.1093511  0.17521855] [3.6401668e-04 4.8108047e-04 9.0949738e-04 2.4090249e-04 9.9550050e-01
 2.6401505e-04 5.3238356e-04 3.4521249e-04 1.3624096e-03] [0.01102461 0.00475427 0.00180715 0.01436574 0.00297956 0.95006883
 0.00196032 0.0028889  0.01015068] [0.10367637 0.04208255 0.07781985 0.23640566 0.08458959 0.1161661
 0.0942874  0.10431104 0.1406614 ] [4.7844043e-04 1.0868654e-03 3.1907011e-03 7.2534021e-04 9.9093062e-01
 8.9444086e-04 8.1429089e-04 5.4713659e-04 1.3321558e-03] [0.00182951 0.00580593 0.00429104 0.9641702  0.00522221 0.00675691
 0.00223016 0.00564609 0.00404792] [9.8880625e-01 2.2146539e-03 9.0441841e-04 5.6291092e-04 1.0462442e-03
 1.5747786e-03 8.7555888e-04 2.3098195e-03 1.7053271e-03] [0.00766004 0.01153078 0.0781324  0.8483762  0.00730007 0.00501197
 0.00583653 0.01085259 0.02529944] [0.08350363 0.15799706 0.31919053 0.13294528 0.05522635 0.12116168
 0.04402988 0.04871075 0.03723487] [0.8285591  0.03021799 0.02830561 0.00626914 0.01333743 0.03337957
 0.01892981 0.01437689 0.0266245 ] [0.00236858 0.96534413 0.01256746 0.00257276 0.00157604 0.00109509
 0.0020682  0.0083698  0.00403791] [2.6687217e-04 9.2521083e-04 5.7381310e-04 1.4257988e-04 9.9547076e-01
 1.1037361e-03 4.6782129e-04 3.7272929e-04 6.7652180e-04] [0.33628294 0.11890929 0.10230681 0.11411084 0.04791443 0.03486999
 0.09335885 0.03763975 0.1146071 ] [4.5457689e-04 1.3328699e-03 5.9008581e-04 3.7035393e-04 5.4478209e-04
 1.2340524e-03 5.3602539e-04 9.9467754e-01 2.5969953e-04] [0.10937556 0.08681436 0.1934287  0.06469889 0.0477246  0.1783459
 0.04793859 0.03396758 0.23770577] [3.0639819e-03 9.8640722e-01 1.3263404e-03 5.0238991e-04 7.8509509e-04
 1.9930978e-03 6.6284992e-04 1.2380690e-03 4.0209615e-03] [2.8203274e-03 1.1317732e-03 9.8827308e-01 7.5070676e-04 8.7431056e-04
 1.1524693e-03 1.1439305e-03 1.1944660e-03 2.6589700e-03] [0.9554096  0.00657203 0.00989393 0.00662344 0.00428085 0.00504446
 0.00299767 0.00539514 0.00378289] [3.6728787e-04 2.2982182e-03 1.1187742e-03 3.9211442e-04 9.9269122e-01
 9.8625687e-04 2.7163795e-04 7.9423579e-04 1.0802369e-03] [8.4156630e-04 9.8611754e-01 8.4537473e-03 4.2604885e-04 8.9614256e-04
 7.9352577e-04 6.5455295e-04 5.4896984e-04 1.2679345e-03] [2.0316053e-04 3.3128203e-04 2.7889959e-04 1.8611916e-04 3.9098194e-04
 4.5419022e-04 9.9647409e-01 7.1133574e-04 9.6998247e-04] [0.04097344 0.04286282 0.07026823 0.06449886 0.04390517 0.06241715
 0.04526454 0.11204779 0.51776195] [0.069811   0.02758002 0.09962285 0.32959214 0.04150538 0.19507977
 0.06566633 0.11655453 0.05458797] [0.04508045 0.14013219 0.09930267 0.36104998 0.04924185 0.05290331
 0.10271526 0.08816831 0.06140595] [0.03040261 0.07662471 0.50795513 0.05529347 0.03619452 0.02832274
 0.03698556 0.04786027 0.18036096] [0.01502597 0.01698362 0.88940006 0.01348316 0.01163624 0.01487082
 0.01046732 0.01024021 0.01789255] [0.00287388 0.00308472 0.94850034 0.0017451  0.00199876 0.00708818
 0.00292834 0.00258111 0.02919957] [1.0465704e-03 6.9094967e-04 9.9547370e-04 1.6346886e-03 7.0796063e-04
 9.8872977e-01 8.3988666e-04 7.1308971e-04 4.6415888e-03] [0.04994772 0.04699432 0.03126324 0.14241119 0.0431188  0.3194533
 0.042187   0.07084956 0.25377485] [0.04139259 0.0271091  0.06569004 0.14048539 0.03141262 0.2554462
 0.05681041 0.0376345  0.34401911] [6.20882434e-04 2.95320613e-04 1.14273964e-04 5.87603368e-04
 3.54729971e-04 1.24163099e-03 9.95026648e-01 5.43866074e-04
 1.21507829e-03] [9.8126924e-01 2.4456338e-03 1.5475864e-03 2.0381205e-03 9.4198022e-04
 2.8816953e-03 3.5985997e-03 2.1123847e-03 3.1647449e-03] [0.00140775 0.00515163 0.00149913 0.00875279 0.00247524 0.00540067
 0.00275114 0.962484   0.01007768] [0.04393906 0.06802017 0.04907415 0.05533469 0.04124349 0.11471491
 0.03773908 0.0405839  0.54935056] [0.0020566  0.00161552 0.00172173 0.9813447  0.00111467 0.0030642
 0.00108872 0.00160132 0.00639261] [3.5479892e-04 9.7778553e-01 1.7649388e-02 1.0900326e-03 4.5719120e-04
 7.3001144e-04 3.7234873e-04 7.8853790e-04 7.7219296e-04] [2.5014012e-04 3.4411065e-04 2.6385288e-04 7.2162709e-04 3.6381083e-04
 1.1455391e-03 9.9567127e-01 5.4423086e-04 6.9542433e-04] [0.00322148 0.00719887 0.00955991 0.00210419 0.00316517 0.9629502
 0.00375233 0.00382754 0.00422025] [0.37983868 0.12110243 0.12186953 0.16468577 0.03959015 0.03026832
 0.04728262 0.07581221 0.0195503 ] [0.00483331 0.00916233 0.00817752 0.00740295 0.00481162 0.00326592
 0.00983351 0.9451812  0.00733163] [1.6471681e-03 9.6699316e-04 5.8601756e-04 3.8673528e-04 5.7015370e-04
 9.4481354e-04 7.6271384e-04 9.9189281e-01 2.2426336e-03] [0.00804452 0.01731167 0.00838211 0.05344643 0.01541186 0.01657709
 0.01112394 0.01833358 0.8513688 ] [0.00410889 0.00351101 0.00224686 0.0073397  0.00181412 0.9673848
 0.00201381 0.00284192 0.00873889] [0.00612142 0.01361449 0.01403525 0.00775409 0.00498859 0.01072492
 0.03162917 0.8886629  0.0224692 ] [0.16398078 0.03501502 0.05034246 0.14550291 0.03396994 0.27895188
 0.06542441 0.08307169 0.1437409 ] [0.06900896 0.13739733 0.12463735 0.07901279 0.0415286  0.291882
 0.04969232 0.09504715 0.11179349] [0.01000666 0.00983191 0.9204174  0.0055162  0.00762374 0.01406166
 0.00790416 0.00683656 0.01780169] [0.09444027 0.04659861 0.01960347 0.05004514 0.0297501  0.24049444
 0.04704944 0.03523367 0.43678492] [0.00260414 0.9225693  0.05125701 0.00863141 0.00182828 0.00202812
 0.00272722 0.00446689 0.00388767] [0.04617997 0.17252408 0.54957724 0.03205065 0.03007124 0.06894696
 0.0309045  0.04138747 0.02835792] [0.06896408 0.11174461 0.13899063 0.09960388 0.08682685 0.20506139
 0.10401323 0.07250127 0.11229407] [4.5402723e-04 2.4154309e-04 4.6656665e-04 9.6526672e-04 6.6090224e-04
 1.7174202e-03 2.9515079e-04 9.9271291e-01 2.4861838e-03] [6.0054858e-04 5.3496682e-04 5.9920963e-04 8.2718016e-04 5.0271710e-04
 9.9489743e-01 4.1577901e-04 7.3855312e-04 8.8362355e-04] [1.4576584e-04 3.7688363e-04 1.8078418e-04 4.0195740e-04 6.4688566e-04
 5.2188308e-04 9.9517977e-01 3.7313279e-04 2.1729437e-03] [0.05792838 0.10026001 0.01474964 0.10809272 0.03017986 0.09775536
 0.0240762  0.0453182  0.52163965] [0.11758874 0.18243073 0.29553837 0.06794564 0.0718471  0.06897536
 0.074908   0.06582918 0.05493688] [1.9984797e-04 1.6020057e-04 9.6894313e-05 7.4808678e-04 9.9680293e-01
 7.3240703e-04 2.1492188e-04 3.9001741e-04 6.5475277e-04] [1.1357065e-04 3.0049332e-04 5.4637628e-04 8.7791611e-04 9.9725962e-01
 2.1513049e-04 2.4136431e-04 2.9952143e-04 1.4599931e-04] [0.02822386 0.02177371 0.03861584 0.09834531 0.04089197 0.1523549
 0.04494547 0.05368583 0.5211631 ] [0.01306108 0.01481595 0.88805366 0.02601398 0.00936099 0.01387743
 0.0076988  0.01300377 0.0141143 ] [0.00165993 0.00331488 0.9826261  0.00194126 0.00150687 0.00291966
 0.00149386 0.0018871  0.00265032] [0.0259929  0.01639663 0.01183194 0.06737178 0.01958563 0.15449
 0.01527635 0.02799565 0.6610591 ] [0.04062256 0.04272752 0.16981046 0.12917057 0.04876665 0.07761315
 0.05214953 0.10773438 0.3314052 ] [1.4819315e-03 1.1803637e-03 1.4125567e-03 3.8562485e-03 9.8815376e-01
 5.9613236e-04 9.3324861e-04 1.6554102e-03 7.3036121e-04] [0.05704158 0.16166902 0.1255326  0.18215409 0.11133377 0.0701905
 0.1124317  0.09290387 0.08674287] [8.5640780e-04 1.5745413e-03 5.1361639e-03 9.8777139e-01 7.9286628e-04
 3.9594460e-04 6.1377609e-04 6.6679239e-04 2.1921145e-03] [0.00294917 0.00336385 0.04919735 0.91819555 0.00326125 0.00910966
 0.00415199 0.00278393 0.00698721] [1.1700913e-03 1.6431133e-03 1.1561832e-03 9.9348323e-04 6.5806723e-04
 5.8460096e-04 6.3382590e-04 9.9138170e-01 1.7789493e-03] [9.8697007e-01 1.6893393e-03 1.1697091e-03 1.5080938e-03 9.0787513e-04
 3.1541621e-03 1.0186586e-03 9.5358782e-04 2.6285548e-03] [0.34484267 0.05784423 0.08083927 0.05532978 0.04274736 0.10247129
 0.06096479 0.07036047 0.18460016] [6.2464533e-04 2.0246452e-04 1.1440729e-04 8.8624936e-04 2.0990448e-04
 2.5238339e-03 9.9076349e-01 4.0921700e-04 4.2658313e-03] [3.1510895e-04 8.8850776e-04 6.3326518e-04 4.4233818e-04 9.9547309e-01
 9.6684479e-04 2.5653627e-04 5.1849289e-04 5.0577970e-04] [4.8693680e-04 3.7798792e-04 3.8734116e-04 4.4162810e-04 3.8891449e-04
 3.8296764e-04 3.2946974e-04 9.9670511e-01 4.9960712e-04] [1.3614276e-03 7.3342159e-04 9.6104859e-04 1.5149112e-03 9.8254573e-01
 2.4904390e-03 7.0955575e-04 1.1786630e-03 8.5047530e-03] [0.07592528 0.10678148 0.26770085 0.03759664 0.05338238 0.04450991
 0.07929154 0.2222494  0.1125625 ] [0.05418973 0.04458069 0.05608601 0.06028048 0.02858415 0.0688199
 0.03734874 0.04542477 0.60468554] [0.00640809 0.00701753 0.96006113 0.00925848 0.00267873 0.00214917
 0.00310704 0.00527638 0.00404349] [1.6099609e-03 9.3600439e-04 6.2611070e-04 4.4677821e-03 1.3420475e-03
 9.7921240e-01 2.8953839e-03 1.2525624e-03 7.6577170e-03] [0.00213045 0.00360219 0.9740167  0.00908348 0.00280104 0.00144971
 0.00236737 0.00341564 0.00113334] [8.2475145e-04 8.0968573e-04 7.4940594e-04 2.4441872e-03 9.8795730e-01
 1.3224054e-03 6.6933339e-04 5.2236277e-04 4.7005629e-03] [9.9706775e-01 5.3795433e-04 3.8328240e-04 1.0607182e-04 2.7169462e-04
 2.2857610e-04 4.6403363e-04 3.5777385e-04 5.8290258e-04] [0.00633704 0.01547027 0.00694072 0.8798708  0.00519573 0.03218263
 0.0037076  0.00404671 0.04624856] [0.00202393 0.0014418  0.00142609 0.9604631  0.0023341  0.01927347
 0.00291161 0.00605699 0.0040689 ] [3.6954301e-04 2.8334875e-04 6.6870620e-04 5.9349008e-04 9.9673390e-01
 5.3691020e-04 2.2583916e-04 3.2701221e-04 2.6124524e-04] [0.9746348  0.00256719 0.00286046 0.00356891 0.00231807 0.00275005
 0.00693752 0.0027148  0.00164821] [4.4090368e-04 9.9425018e-01 1.3060928e-03 3.5241124e-04 3.6491521e-04
 1.3787586e-03 6.1289297e-04 6.5838272e-04 6.3545007e-04] [1.4670577e-03 1.7819958e-03 1.0680617e-03 9.8889041e-01 6.8680506e-04
 1.6857773e-03 8.8408811e-04 2.5123004e-03 1.0235151e-03] [0.11663205 0.07871109 0.14428204 0.08988296 0.13585792 0.05817315
 0.10375812 0.16051088 0.11219179] [0.00200342 0.00306474 0.05822491 0.9256589  0.00104563 0.00321353
 0.0021252  0.00153962 0.00312399] [0.05426039 0.02852645 0.02815357 0.04639894 0.01726889 0.14564021
 0.14308056 0.02766675 0.50900424] [0.0688717  0.04427779 0.03846578 0.22007573 0.04586445 0.30523488
 0.04867546 0.06048748 0.16804677] [2.1591946e-03 1.0697033e-03 3.5830522e-03 6.5212850e-03 9.8265183e-01
 7.4653333e-04 5.5652380e-04 1.4394273e-03 1.2724289e-03] [0.04765211 0.09011037 0.02818631 0.03614314 0.0471939  0.515452
 0.0460231  0.08430818 0.10493086] [3.7766143e-04 1.6742890e-03 1.9982473e-03 6.3427957e-04 9.9367070e-01
 4.4213311e-04 2.3384766e-04 5.5858272e-04 4.1018400e-04] [4.4484201e-04 9.9317521e-01 3.4112439e-03 1.0596808e-03 3.2230225e-04
 3.6457251e-04 4.8780380e-04 1.6077280e-04 5.7358830e-04] [5.0966762e-04 5.3668977e-04 4.2395125e-04 9.2970097e-04 1.0028942e-03
 9.7526658e-01 8.6920738e-04 6.4663036e-04 1.9814722e-02] [9.0694119e-04 6.0525944e-04 3.8476245e-04 8.0080336e-04 8.1221043e-04
 6.1226739e-03 6.7218387e-04 9.6331358e-01 2.6381556e-02] [6.4903894e-04 9.9159688e-01 1.8262510e-03 9.5694093e-04 9.0692291e-04
 9.6723862e-04 7.3038542e-04 1.6193904e-03 7.4696942e-04] [1.01951737e-04 7.22281751e-04 2.69653217e-04 1.50053122e-04
 1.20074095e-04 2.24252653e-04 9.97501075e-01 1.36103947e-04
 7.74559390e-04] [1.6513302e-04 3.1951847e-04 2.3793856e-04 1.7717270e-03 2.9990860e-04
 7.9096411e-04 9.9555737e-01 4.7978997e-04 3.7771818e-04] [3.0395892e-04 2.8763604e-04 1.4313325e-04 1.9797951e-04 2.3506030e-04
 2.7984963e-03 9.9334323e-01 8.8025851e-04 1.8102203e-03] [0.00299438 0.00151627 0.00162229 0.00563719 0.00151655 0.00135469
 0.00158316 0.9818141  0.00196132] [0.06201047 0.1003876  0.05676293 0.1564711  0.06343466 0.27638987
 0.08002008 0.08404783 0.12047546] [0.01756411 0.01523958 0.01216562 0.05048322 0.02752179 0.07729093
 0.01926651 0.01681439 0.7636539 ] [3.6586417e-04 6.4705394e-04 9.2809723e-04 9.9452341e-01 3.4686149e-04
 1.4653022e-03 3.8235300e-04 8.0358237e-04 5.3748320e-04] [0.05339604 0.14612594 0.07629293 0.05433255 0.0684615  0.05849257
 0.09502525 0.11557312 0.3323001 ] [0.00588852 0.01499725 0.91070276 0.0049851  0.00770618 0.02828815
 0.00594175 0.01042378 0.01106648] [0.07534599 0.13419251 0.18706398 0.05353842 0.07321236 0.06390114
 0.10829779 0.10384455 0.20060323] [5.8635982e-04 6.8906852e-04 7.8127836e-04 8.3322875e-04 9.8847032e-01
 4.5201853e-03 6.2039762e-04 1.1725245e-03 2.3266277e-03] [0.00469244 0.9753093  0.00573216 0.00251509 0.00153146 0.00256619
 0.00218014 0.00261637 0.0028569 ] [0.07970485 0.11801134 0.08194125 0.04420403 0.07246158 0.16984966
 0.05744148 0.10180607 0.2745797 ] [1.8974963e-03 8.8143616e-04 5.5996114e-03 9.7508383e-01 1.7291884e-03
 3.8034127e-03 4.3917368e-03 1.0874007e-03 5.5258828e-03] [0.06883217 0.10205311 0.21254446 0.03948037 0.08495338 0.08939268
 0.1067908  0.25265047 0.04330253] [5.7273754e-04 6.4147357e-04 1.4223640e-03 9.9131012e-01 5.9619098e-04
 7.9943915e-04 1.6568729e-03 7.7257992e-04 2.2282419e-03] [0.06741072 0.1578506  0.21805298 0.05003617 0.08640253 0.1304258
 0.05358883 0.14024411 0.0959883 ] [0.04297581 0.01836566 0.01442199 0.3028226  0.02259455 0.07066048
 0.08837344 0.04772298 0.3920625 ] [0.01073788 0.01800101 0.008825   0.0136741  0.01363536 0.01941208
 0.01264556 0.01491622 0.8881527 ] [0.0052253  0.00869386 0.00549491 0.00495261 0.00663481 0.01188344
 0.0069562  0.94140375 0.0087551 ] [0.04031587 0.04343393 0.03031379 0.43112475 0.02995055 0.17400733
 0.07841314 0.06054155 0.1118991 ] [0.00323892 0.94874275 0.01717758 0.00229667 0.00429594 0.00915795
 0.00186288 0.00327097 0.00995631] [7.2145427e-04 3.3825974e-04 2.8301417e-04 6.0767948e-04 3.4060047e-04
 1.5254953e-03 8.4603822e-04 9.9437189e-01 9.6551835e-04] [1.5769861e-04 3.5519680e-04 3.3263201e-04 2.1218196e-04 9.9805129e-01
 2.2166078e-04 2.2540086e-04 2.0195672e-04 2.4204825e-04] [6.0699246e-04 4.9404881e-04 8.2931388e-04 2.9389646e-03 4.5338197e-04
 7.1813993e-04 3.6222269e-04 9.9293137e-01 6.6554418e-04] [0.0408298  0.01360888 0.02069419 0.03230989 0.01457848 0.09875408
 0.02568303 0.01991991 0.7336217 ] [0.03788452 0.00820575 0.01075127 0.01893651 0.0116864  0.0519575
 0.01554856 0.01639625 0.82863325] [8.8828895e-04 5.8780273e-04 1.0936357e-03 6.0589210e-04 9.9466527e-01
 7.1963278e-04 3.4836357e-04 4.4823816e-04 6.4283708e-04] [0.03959859 0.02916177 0.02214048 0.20207877 0.03222428 0.11716764
 0.07763345 0.0573189  0.42267612] [0.00273569 0.95480734 0.0139889  0.00905984 0.00367635 0.00398217
 0.00250327 0.00783505 0.00141141] [5.0784455e-04 5.9929403e-04 3.1518278e-04 3.7725500e-04 3.5270126e-04
 1.1329729e-03 9.9602354e-01 2.5161367e-04 4.3958373e-04] [0.13937433 0.11518437 0.12565573 0.07000264 0.05584696 0.08210649
 0.05142251 0.26371017 0.09669681]",0 4 0 4 4 1 0 3 7 0 2 2 8 0 5 6 6 3 4 1 1 8 6 4 3 0 6 7 0 1 6 3 0 5 2 2 3 6 6 7 6 7 7 8 5 6 2 0 5 7 5 2 2 3 2 2 5 0 7 6 1 4 6 5 6 0 8 8 5 0 3 1 7 4 0 4 7 6 7 7 5 0 2 3 1 7 5 4 5 3 4 0 0 3 2 0 1 4 1 7 1 1 2 0 4 1 6 3 8 1 2 2 2 5 6 8 6 0 7 8 5 1 6 5 0 7 7 8 5 7 5 2 2 5 1 2 5 7 5 6 8 0 4 4 8 2 2 8 8 4 6 3 3 7 0 1 6 4 7 4 2 8 2 5 2 4 0 3 3 4 0 1 3 3 3 8 3 4 5 4 1 5 8 1 6 6 6 7 5 8 3 8 2 1 4 1 8 3 1 3 3 8 8 7 8 1 7 4 7 8 8 4 3 1 6 5
1468,2,xgboost,0.0,30000,29144,0.8287037037037037,0.978491512345679,"[1.1093562e-03 2.5445400e-04 1.6288923e-03 9.9074721e-01 6.6022377e-04
 1.0102690e-03 1.1444202e-03 6.7826419e-04 2.7668690e-03] [7.1530993e-04 4.9764436e-04 2.9111659e-04 2.3493881e-03 5.3092645e-04
 2.0029924e-03 7.4929022e-04 9.8355502e-01 9.3083642e-03] [0.03019067 0.01924208 0.01934131 0.04746798 0.04755081 0.04784295
 0.08297604 0.02697698 0.6784111 ] [2.4219425e-03 1.0293846e-03 8.9293130e-04 1.1480800e-03 2.0028867e-03
 8.0176728e-04 1.1054964e-03 9.8883653e-01 1.7609744e-03] [9.9651331e-01 5.8430084e-04 4.6235448e-04 2.8362338e-04 2.5246633e-04
 3.4227830e-04 4.3245521e-04 2.0125398e-04 9.2801970e-04] [6.6115963e-04 1.3681946e-03 9.9417746e-01 1.1072947e-03 4.0545958e-04
 6.2452850e-04 3.5626092e-04 4.4390486e-04 8.5571257e-04] [4.3926459e-02 2.0471742e-04 3.4345221e-04 2.5756561e-04 1.5051260e-04
 4.3699652e-04 9.5237052e-01 3.0212139e-04 2.0076809e-03] [9.1386976e-04 4.1264723e-04 1.0886242e-03 1.5686119e-03 9.9460793e-01
 2.0727134e-04 2.1342481e-04 4.9711048e-04 4.9047091e-04] [2.47068412e-04 5.04592725e-04 1.12630354e-04 2.50877783e-04
 1.72229382e-04 3.39169893e-03 9.94577765e-01 2.10425220e-04
 5.32664009e-04] [0.00160846 0.0021175  0.00125593 0.00494953 0.0018542  0.00648134
 0.00167527 0.97577024 0.00428754] [0.01292565 0.00765574 0.88017654 0.01967748 0.00452293 0.03460927
 0.0254179  0.00650897 0.00850554] [9.9714762e-01 3.6380449e-04 3.8524150e-04 2.7513437e-04 2.4310088e-04
 7.2081393e-04 3.7301658e-04 2.2827173e-04 2.6301370e-04] [0.20608619 0.18048522 0.09174665 0.07265914 0.06186102 0.13565417
 0.05518537 0.10387427 0.09244795] [0.01960237 0.00773147 0.02345285 0.0224565  0.0106723  0.0160336
 0.7837127  0.01862965 0.09770857] [0.13550381 0.10732962 0.02781936 0.05759726 0.05628262 0.12726414
 0.09027669 0.10664883 0.29127762] [9.9559057e-01 1.0648493e-03 1.2192152e-03 2.5957698e-04 1.9896404e-04
 4.3570265e-04 5.8626983e-04 4.4761659e-04 1.9728772e-04] [0.08178418 0.10730018 0.18687223 0.18844703 0.05701361 0.17025928
 0.07152314 0.06469262 0.07210772] [0.10096819 0.19004649 0.17986742 0.07794864 0.07085326 0.13284446
 0.05964152 0.11353771 0.07429226] [1.0723346e-03 1.3421759e-03 3.3308897e-04 4.8995682e-04 4.8871903e-04
 9.6060772e-04 9.9380243e-01 6.9750205e-04 8.1310875e-04] [0.07163795 0.0825004  0.06320537 0.06153721 0.03630679 0.10800596
 0.04830417 0.07010566 0.45839652] [0.00267736 0.00211055 0.00221803 0.9456598  0.00203207 0.00415447
 0.00248657 0.002311   0.03635007] [5.5009936e-04 5.4180314e-04 4.8183568e-04 2.7700121e-04 2.7596310e-04
 4.6734887e-04 2.1182974e-04 9.9656940e-01 6.2472228e-04] [5.6407769e-04 8.3764311e-04 1.1106152e-03 2.1410396e-03 9.9275321e-01
 3.7854497e-04 3.0623368e-04 1.0612588e-03 8.4735453e-04] [0.00449523 0.00367229 0.97804505 0.00507189 0.0018184  0.0016747
 0.00121159 0.00142314 0.00258773] [0.00379784 0.01066614 0.9589007  0.00454925 0.00211767 0.00375713
 0.00250854 0.00415372 0.00954908] [4.9532345e-03 2.5732517e-03 9.8088223e-01 2.9526961e-03 1.5811564e-03
 9.0555433e-04 2.3489771e-03 1.7784084e-03 2.0244988e-03] [5.1155296e-04 1.4625032e-03 7.1393518e-04 4.5328299e-04 9.9500161e-01
 4.3494234e-04 3.5667917e-04 2.9208124e-04 7.7341328e-04] [2.9657720e-04 3.7980507e-04 8.9986884e-04 1.3656824e-04 9.9677062e-01
 3.8728517e-04 2.0098864e-04 2.3222355e-04 6.9603551e-04] [8.2139688e-04 7.4783684e-04 9.9129993e-01 1.8128565e-03 5.2348617e-04
 1.0446849e-03 1.4190922e-03 1.6189441e-03 7.1176194e-04] [0.0020254  0.00121636 0.88773394 0.09960336 0.00102208 0.00227394
 0.00120185 0.00177621 0.00314691] [0.00377988 0.7279357  0.24525696 0.00360646 0.00397303 0.00348179
 0.00409857 0.00544336 0.00242423] [0.01200395 0.01109462 0.00602167 0.8382384  0.00893542 0.06983667
 0.01040271 0.00446968 0.03899688] [9.9260885e-01 7.7756483e-04 8.5817603e-04 1.2591198e-03 4.6811966e-04
 1.3043255e-03 4.3712830e-04 1.0060843e-03 1.2805677e-03] [0.00913793 0.00485558 0.00999307 0.94272864 0.00530348 0.00807601
 0.00273209 0.01431186 0.00286132] [0.00472631 0.00520769 0.00766403 0.9362524  0.00641521 0.01140931
 0.00550246 0.00528706 0.01753558] [0.00273783 0.96965134 0.00429251 0.00238069 0.0021418  0.00464152
 0.00123805 0.00302364 0.00989257] [7.5662532e-04 9.8402262e-01 1.0933777e-02 9.1024040e-04 6.5016415e-04
 9.8889333e-04 4.6311074e-04 7.6569238e-04 5.0886738e-04] [7.1004761e-04 9.9114990e-01 3.7701314e-03 1.1736468e-03 6.8965240e-04
 3.7852876e-04 8.6439808e-04 8.3833368e-04 4.2532396e-04] [9.8925018e-01 2.9897264e-03 5.7543279e-04 1.5265273e-03 6.5897475e-04
 2.2663721e-03 4.1650693e-04 1.0908803e-03 1.2254369e-03] [0.01885244 0.00880298 0.00435377 0.8409176  0.01047982 0.03123846
 0.00934274 0.00828577 0.06772646] [0.0952446  0.15863168 0.12903921 0.10648838 0.07776631 0.08848294
 0.08329433 0.11066516 0.15038736] [7.0773344e-04 5.9308537e-04 6.7983888e-04 2.2934871e-03 7.3974190e-04
 9.5476800e-01 1.9343096e-03 7.7255745e-04 3.7511263e-02] [7.2662620e-04 1.7778954e-03 4.0291832e-03 2.3868828e-04 9.9096209e-01
 3.1922394e-04 4.7625953e-04 9.8326581e-04 4.8673816e-04] [3.7955839e-04 1.0881320e-03 1.3597915e-03 8.3271193e-04 4.6983370e-04
 1.1584364e-03 9.1191451e-04 9.8684919e-01 6.9503700e-03] [0.00192811 0.00303727 0.98158056 0.00319729 0.0018328  0.00115392
 0.00327992 0.00213184 0.00185831] [6.2019442e-04 4.0965321e-04 2.7861813e-04 1.9004191e-03 6.9395785e-04
 9.9009728e-01 7.0415338e-04 5.7739386e-04 4.7183638e-03] [1.6252574e-04 1.7227820e-04 2.5435173e-04 7.0514361e-04 9.9589431e-01
 5.5077340e-04 7.6721329e-04 1.7710832e-04 1.3162619e-03] [2.1145778e-02 2.6990936e-04 1.7370710e-04 1.2986149e-03 2.5170323e-04
 8.3640154e-04 9.7400171e-01 2.9420326e-04 1.7280190e-03] [0.09511369 0.14478078 0.28317544 0.10576805 0.04700865 0.06525133
 0.06440239 0.09035849 0.10414114] [0.0061601  0.00791275 0.00483848 0.03331584 0.00581931 0.02153993
 0.7750999  0.00931385 0.13599983] [0.03382663 0.03664274 0.0768753  0.16221838 0.05368923 0.09157772
 0.0473173  0.06876481 0.42908794] [7.8227546e-04 1.1465155e-03 6.7571102e-04 1.2783059e-03 1.1338618e-03
 5.4049897e-03 9.8869507e-04 9.8078030e-01 7.8093340e-03] [0.11386233 0.14502734 0.14889571 0.07071763 0.05139051 0.12715651
 0.04799748 0.07470043 0.22025204] [0.00397767 0.00323546 0.00489572 0.01113406 0.0051165  0.01324684
 0.0080079  0.01039895 0.93998694] [0.03066231 0.02860143 0.05570488 0.14452481 0.0337657  0.12875009
 0.02441777 0.01830021 0.5352728 ] [0.00887754 0.02607819 0.02319564 0.01505563 0.00827643 0.02522326
 0.0087487  0.8650453  0.01949936] [0.00204956 0.97365427 0.00181929 0.0025478  0.00182492 0.00103181
 0.00217764 0.00240743 0.01248721] [0.03931615 0.02186061 0.03984363 0.16746159 0.03231227 0.36204356
 0.03721958 0.04232959 0.25761303] [0.01482469 0.02686938 0.02495043 0.08429018 0.02336248 0.04642706
 0.02403404 0.03037762 0.7248641 ] [6.7858514e-04 2.4537907e-03 3.5364437e-04 7.2847324e-04 9.9451631e-01
 4.0056251e-04 1.8387623e-04 1.8585361e-04 4.9888145e-04] [2.6664519e-04 1.0389881e-03 7.4389001e-04 3.5545896e-04 9.9638903e-01
 1.8331446e-04 2.1751846e-04 2.2643160e-04 5.7879044e-04] [0.01711737 0.01543009 0.01231798 0.03269462 0.0249586  0.04172084
 0.01278973 0.7967655  0.04620529] [3.3034530e-04 1.9645994e-04 4.7942359e-04 5.6593813e-04 2.7046003e-04
 9.7678811e-04 9.9413043e-01 3.2422596e-04 2.7259339e-03] [0.00317007 0.01851401 0.23683774 0.7196289  0.00327383 0.00437129
 0.00488569 0.00432633 0.00499219] [0.9286822  0.00743659 0.04159911 0.00429493 0.00246865 0.00276261
 0.003836   0.00262727 0.00629268] [0.0250152  0.05839853 0.67660004 0.06492254 0.0232659  0.03125658
 0.03129515 0.03763954 0.05160648] [0.06435445 0.02120845 0.66842425 0.0840645  0.03137509 0.04821255
 0.0369174  0.02367381 0.02176953] [7.9696917e-04 9.8355848e-01 9.7256517e-03 9.7584742e-04 3.9486110e-04
 2.0441927e-03 5.8955845e-04 1.1865558e-03 7.2784780e-04] [0.00129949 0.00140402 0.9880756  0.00196439 0.00120331 0.00103046
 0.00127769 0.0019162  0.00182879] [6.1415933e-04 1.2105210e-03 9.8376186e-04 3.7241715e-04 4.6431748e-04
 2.1985157e-04 6.2677811e-04 9.9468309e-01 8.2506286e-04] [9.9388003e-01 6.1800843e-04 3.1419899e-04 7.0516276e-04 1.0995746e-03
 5.1200337e-04 4.5677644e-04 4.9396744e-04 1.9202747e-03] [3.3847828e-04 5.3410366e-04 2.1227314e-04 8.3815935e-04 2.0829648e-04
 3.4707243e-04 9.9649006e-01 2.4564235e-04 7.8594155e-04] [5.9400097e-04 7.6903310e-04 3.7548205e-04 1.7883095e-03 5.5587100e-04
 9.8853743e-01 7.2048465e-04 6.7187328e-04 5.9875250e-03] [1.3614987e-03 2.8115360e-03 2.0813297e-03 9.8663510e-04 6.3498889e-04
 3.2062817e-03 9.9847943e-04 9.8634779e-01 1.5714160e-03] [0.08137202 0.0537938  0.0796532  0.08554561 0.05497863 0.2572612
 0.09882784 0.04489387 0.24367382] [2.8834838e-04 1.5264258e-04 1.3111901e-04 3.2043367e-04 1.4528465e-04
 8.8210625e-04 9.9403763e-01 4.4035038e-04 3.6020423e-03] [9.6776253e-01 1.1957442e-02 7.7397698e-03 2.7459946e-03 2.3633942e-03
 2.4933252e-03 8.5651147e-04 1.9178891e-03 2.1631995e-03] [8.7920530e-04 2.8632800e-03 2.1229584e-03 2.4589880e-03 1.2533055e-03
 1.5530977e-03 1.7735875e-03 9.8586792e-01 1.2277334e-03] [9.4477774e-04 2.0965440e-03 7.3757576e-04 2.3508680e-03 5.9085991e-04
 1.2540898e-03 5.4125936e-04 9.9073738e-01 7.4664096e-04] [0.00126919 0.9763224  0.00923099 0.00185885 0.00178683 0.00173584
 0.00303735 0.00187608 0.0028825 ] [0.00671007 0.00675371 0.9649708  0.00163168 0.00335818 0.00454585
 0.00442247 0.00599795 0.00160923] [0.01244495 0.9108378  0.01629906 0.01050827 0.00502504 0.01153184
 0.01197411 0.01660611 0.00477278] [1.0596598e-03 1.4154098e-03 1.6122073e-03 1.3311059e-03 6.3342648e-04
 3.8185681e-03 8.5473806e-04 9.8736316e-01 1.9116662e-03] [9.9742717e-01 5.1830808e-04 6.1566225e-04 1.0885443e-04 1.4673651e-04
 2.8378467e-04 1.5600948e-04 5.1466119e-04 2.2874006e-04] [0.10632383 0.20167363 0.2123598  0.09260529 0.04750128 0.09440926
 0.07909181 0.10270465 0.0633304 ] [0.09557539 0.24012867 0.06724951 0.09411273 0.06676826 0.2043049
 0.05553056 0.10755163 0.06877837] [0.66490304 0.01599775 0.00999273 0.02169903 0.00626977 0.00837582
 0.00705802 0.01153017 0.25417364] [0.13820058 0.3151978  0.03910122 0.06712069 0.04477974 0.2471322
 0.05582518 0.0401313  0.0525113 ] [5.8140495e-04 2.9589675e-04 2.4967550e-04 2.3271008e-04 3.8521684e-04
 2.4464214e-03 9.9500066e-01 3.7844654e-04 4.2959169e-04] [7.6821580e-04 7.3211966e-04 6.2243378e-04 7.8051072e-04 3.8276330e-04
 9.2487939e-04 9.9449980e-01 9.6260093e-04 3.2666067e-04] [9.0434949e-04 2.2453913e-03 7.8976096e-04 1.3935252e-03 3.6630975e-04
 7.3920609e-04 4.9839012e-04 9.9190807e-01 1.1550635e-03] [9.9624687e-01 6.0769072e-04 2.9035282e-04 4.8275862e-04 8.8606885e-04
 3.3217191e-04 2.0251884e-04 2.3798645e-04 7.1360439e-04] [6.0864171e-04 1.1749195e-03 1.2262124e-03 4.1142755e-04 9.9488884e-01
 1.4707625e-04 2.1647919e-04 3.6182327e-04 9.6462143e-04] [2.1668822e-04 5.1807874e-04 7.1565888e-04 6.3959369e-04 9.9688512e-01
 4.2282563e-04 2.1819619e-04 2.1144791e-04 1.7240109e-04] [0.0029139  0.8987929  0.06414192 0.00481088 0.00502999 0.00609752
 0.00825529 0.00483663 0.00512087] [0.955225   0.00365381 0.00435    0.00447734 0.0032282  0.00984397
 0.00636121 0.00601648 0.00684401] [1.9087031e-03 7.0710480e-03 1.8405436e-03 1.1164754e-03 1.6499849e-03
 1.2428327e-03 8.0900587e-04 9.7698396e-01 7.3774504e-03] [0.0790417  0.10127412 0.23716244 0.08302291 0.06777036 0.12266276
 0.07229155 0.08012847 0.15664576] [1.5476892e-03 6.8569364e-04 1.7234243e-03 5.6405237e-04 4.9294502e-04
 4.1550705e-03 1.2114806e-03 9.7343725e-01 1.6182402e-02] [0.00774605 0.00475917 0.00385263 0.8515641  0.00781143 0.07127971
 0.00678355 0.00957024 0.03663312] [0.00318021 0.9741402  0.00290493 0.00218038 0.00328218 0.00285424
 0.00365864 0.00191973 0.00587944] [3.1048339e-04 1.6791641e-04 2.6277179e-04 4.7848004e-04 3.7587306e-04
 3.2427416e-03 9.9348104e-01 3.8817641e-04 1.2925006e-03] [0.00718105 0.76204515 0.17449386 0.00724654 0.00570443 0.01157097
 0.01071843 0.00689983 0.01413978] [0.02466502 0.02826219 0.02456874 0.08508974 0.02825741 0.27853888
 0.04597256 0.05228792 0.43235755] [0.01067409 0.00502636 0.01500927 0.87347823 0.01095497 0.01477334
 0.00782315 0.01238356 0.04987707] [0.94469166 0.00884348 0.01240654 0.00567983 0.0031374  0.00290025
 0.01235894 0.00328693 0.00669496] [3.4940391e-04 4.7843010e-04 4.5886228e-04 9.8688957e-05 9.9746454e-01
 2.6954076e-04 2.5032097e-04 3.2769665e-04 3.0245254e-04] [0.05377488 0.02826816 0.0221008  0.12507895 0.04847494 0.34444153
 0.08577283 0.06403276 0.2280552 ] [0.00167534 0.0017818  0.98315454 0.00186176 0.00111691 0.00679344
 0.00160563 0.00100345 0.00100708] [8.6561061e-04 5.5356667e-04 4.1740041e-04 4.9913477e-04 9.9478650e-01
 5.2945717e-04 5.1555643e-04 6.0848676e-04 1.2242509e-03] [0.08619685 0.44526398 0.08016738 0.04708109 0.08758792 0.07129721
 0.10005421 0.03215717 0.05019418] [0.10501016 0.22338578 0.0717736  0.08619318 0.05841012 0.2098913
 0.04232555 0.12204479 0.08096548] [4.0318069e-04 2.3321227e-04 3.9942746e-04 6.7009788e-04 2.2250258e-04
 5.5701844e-04 9.9583936e-01 3.8347117e-04 1.2918107e-03] [3.9040548e-04 1.2778941e-03 4.5343942e-04 3.7639050e-04 9.9578756e-01
 4.8024152e-04 1.8044988e-04 3.3181396e-04 7.2182296e-04] [0.11633218 0.31600296 0.09733988 0.06225793 0.16626905 0.046233
 0.09084705 0.04434144 0.06037651] [0.17176127 0.03779692 0.04081633 0.08180244 0.05118564 0.08411044
 0.04727641 0.02328546 0.46196508] [8.2530105e-04 7.7189389e-04 8.5730734e-04 1.2554324e-03 8.3087495e-04
 9.9061590e-01 1.3283036e-03 1.3011376e-03 2.2138627e-03] [0.02561032 0.00747541 0.01171108 0.03225195 0.01372654 0.10505623
 0.0274129  0.01249294 0.76426256] [0.14250885 0.03351739 0.03358556 0.05531467 0.04528428 0.4251826
 0.07654916 0.05541352 0.1326439 ] [0.01290062 0.01211936 0.8997091  0.02902639 0.00264262 0.00499545
 0.00467675 0.01323645 0.02069328] [8.9095620e-04 3.6368362e-04 4.2793105e-04 1.8603144e-04 2.2546780e-04
 7.9322787e-04 9.9410558e-01 5.1251746e-04 2.4945817e-03] [0.00214968 0.9238421  0.05899137 0.00355715 0.00192069 0.00309663
 0.00246983 0.0021775  0.00179505] [1.3110623e-03 9.8691974e-04 7.1160996e-04 4.9528375e-04 9.9379987e-01
 5.3022749e-04 5.0625741e-04 9.4134192e-04 7.1747846e-04] [8.9631515e-04 8.1072457e-04 1.0997772e-03 1.8125189e-03 8.8118290e-04
 9.8627079e-01 9.8082621e-04 1.4301633e-03 5.8177267e-03] [0.04152053 0.3143514  0.08750822 0.04754872 0.05918243 0.1805067
 0.04923556 0.03352112 0.18662529] [0.06129913 0.05954109 0.03405254 0.21728125 0.04122385 0.17511486
 0.03380499 0.06818627 0.309496  ] [0.00775908 0.004945   0.0415798  0.8689117  0.0084231  0.03459492
 0.00774964 0.0119104  0.01412637] [0.00224154 0.96687096 0.00193168 0.00563103 0.00130474 0.00314829
 0.00248347 0.013671   0.00271729] [0.9400762  0.00529602 0.00968644 0.00765736 0.00507249 0.01062959
 0.00603066 0.00758207 0.00796925] [9.0663397e-04 9.6084469e-04 5.2758941e-04 9.7940707e-01 7.4748602e-04
 3.3788027e-03 2.2426941e-03 6.8483554e-04 1.1143968e-02] [9.9439830e-01 2.5247470e-03 6.6375552e-04 2.5538882e-04 4.0947070e-04
 2.5024047e-04 6.1907322e-04 5.4846978e-04 3.3050365e-04] [0.08263028 0.11627697 0.19159295 0.07451829 0.08520872 0.15830854
 0.11089167 0.10054363 0.08002898] [2.4304648e-04 1.1492216e-04 2.4284376e-04 1.6987902e-03 3.3608952e-04
 1.0502528e-03 9.9081576e-01 3.4033656e-04 5.1579326e-03] [1.3951301e-03 7.0807151e-04 4.6297570e-04 1.6857940e-03 6.2181946e-04
 9.8823315e-01 1.0059417e-03 1.2136380e-03 4.6734945e-03] [0.07230107 0.15999459 0.09919038 0.15534373 0.12036475 0.07796045
 0.08632979 0.13994686 0.08856842] [0.00305885 0.0042941  0.07272589 0.9073128  0.00191914 0.00141741
 0.00233076 0.00238566 0.00455538] [7.4549933e-04 8.0928014e-04 6.5174443e-04 2.6429000e-03 8.6052582e-04
 3.2550942e-03 2.2020051e-03 9.7710550e-01 1.1727423e-02] [0.18483299 0.12535939 0.13953601 0.13682553 0.053579   0.14898494
 0.07167488 0.05349433 0.08571298] [0.00965302 0.01500697 0.84274197 0.07647227 0.00794968 0.01719589
 0.0116024  0.01166901 0.00770877] [0.11067262 0.08475385 0.0544968  0.07949727 0.04306192 0.07310068
 0.06244269 0.05187286 0.4401013 ] [0.00206138 0.00282809 0.00102971 0.00385972 0.0015493  0.977484
 0.00248111 0.00172901 0.00697778] [0.00884552 0.00898402 0.00862652 0.0463578  0.00527537 0.00262737
 0.00625845 0.00982783 0.90319717] [2.1286679e-03 5.2015875e-03 2.7268995e-03 8.1219984e-04 9.8216140e-01
 1.9948776e-03 1.6664925e-03 2.2551352e-03 1.0527049e-03] [9.7556855e-04 9.9244142e-01 1.7608732e-03 1.1343417e-03 6.3727109e-04
 4.2177367e-04 1.2055236e-03 6.3196069e-04 7.9123455e-04] [0.00407758 0.00409298 0.9511847  0.01260263 0.00284469 0.00586298
 0.00375519 0.00339746 0.01218186] [0.03371352 0.02344373 0.02870129 0.02074694 0.02585742 0.06754132
 0.02803815 0.02650448 0.7454531 ] [0.00151586 0.00152104 0.00111378 0.00252027 0.9705442  0.00575524
 0.00120216 0.0065032  0.00932422] [0.01048064 0.02841828 0.88073057 0.01991158 0.00436504 0.00725406
 0.03408085 0.00489177 0.00986721] [0.11576155 0.24479392 0.06331716 0.11345056 0.07164741 0.06149093
 0.03622711 0.17665577 0.11665554] [2.1271089e-04 6.7233871e-04 5.3537631e-04 4.0307193e-04 9.9715853e-01
 1.7925125e-04 2.0259903e-04 3.5911537e-04 2.7696547e-04] [9.9736696e-01 2.3355152e-04 5.3086627e-04 5.2321021e-04 2.7304655e-04
 2.2858276e-04 3.2148484e-04 2.6450751e-04 2.5775630e-04] [0.00183891 0.00889191 0.00183066 0.00354    0.00126795 0.00324487
 0.00133307 0.97685254 0.00120004] [0.032746   0.0449229  0.12280368 0.0697489  0.04378818 0.14266135
 0.08060168 0.07905032 0.38367704] [0.01624348 0.92982525 0.01539845 0.00716132 0.00632125 0.00558487
 0.00804607 0.00677133 0.00464805] [2.9457381e-04 7.5074565e-04 1.5038416e-03 7.2517100e-04 9.9559903e-01
 4.2030623e-04 2.2048151e-04 2.8133023e-04 2.0453901e-04] [4.8780299e-04 2.9223735e-04 7.4941403e-04 9.8588890e-01 4.3849635e-04
 1.2359048e-03 5.7526428e-04 2.8233998e-04 1.0049714e-02] [9.9408358e-01 2.0347142e-03 4.7021260e-04 7.6080422e-04 3.6858887e-04
 4.5889392e-04 9.0542034e-04 3.0998772e-04 6.0781272e-04] [0.00702235 0.02480679 0.8821479  0.01607291 0.02096891 0.01174742
 0.01870836 0.00939928 0.0091261 ] [7.8813435e-04 8.9091930e-04 3.3728604e-04 8.6700614e-04 5.1869766e-04
 9.9130249e-01 9.3486445e-04 5.8257492e-04 3.7779559e-03] [1.1874546e-03 1.6836075e-03 9.9066776e-01 1.2389459e-03 6.8532367e-04
 1.1413301e-03 7.2736910e-04 1.4979299e-03 1.1702573e-03] [7.4847217e-04 7.7699090e-04 4.6951389e-03 9.3178818e-04 9.9124461e-01
 3.4224574e-04 4.8982381e-04 3.2970629e-04 4.4117431e-04] [0.00324109 0.00535126 0.00959521 0.960072   0.00269672 0.00499503
 0.00171331 0.00437495 0.00796041] [0.11087324 0.08757154 0.06591532 0.10854707 0.04570654 0.07356257
 0.03700777 0.03544142 0.43537456] [4.0938429e-04 6.1371818e-04 3.1965296e-04 1.4657421e-03 6.9762784e-04
 3.3368727e-03 6.5978145e-04 9.8763859e-01 4.8587015e-03] [0.03793587 0.1004604  0.0826587  0.06356531 0.04724359 0.04155966
 0.07047981 0.05063359 0.50546306] [0.0035283  0.00471815 0.00911904 0.01327234 0.00309067 0.04304881
 0.01429694 0.00517224 0.9037536 ] [0.00114311 0.96167684 0.01738616 0.00100884 0.00308277 0.00891774
 0.00117227 0.00306301 0.00254931] [0.03373726 0.02938079 0.02721627 0.17659274 0.03608419 0.10541534
 0.02646766 0.02330353 0.54180217] [9.9707961e-01 6.3805172e-04 5.3338625e-04 4.9289799e-04 2.5359800e-04
 2.8354110e-04 1.8746016e-04 2.3922023e-04 2.9232106e-04] [9.9204516e-01 1.3509174e-03 8.2862587e-04 1.6621561e-03 5.3091458e-04
 7.6367974e-04 1.1054788e-03 1.2940762e-03 4.1892755e-04] [8.4989110e-04 9.7709197e-01 9.9401334e-03 1.5185882e-03 1.8491617e-03
 3.8097014e-03 1.2052576e-03 1.6181852e-03 2.1170862e-03] [0.00460358 0.00673122 0.00608913 0.91969854 0.00323212 0.01147093
 0.0083193  0.00547254 0.03438268] [0.00182239 0.9781858  0.00538847 0.00235052 0.0026946  0.0034526
 0.0023862  0.00198736 0.00173217] [1.1434155e-03 1.9081567e-04 4.0438384e-04 8.9653261e-04 2.7943135e-04
 5.7215005e-04 9.9446738e-01 4.2725867e-04 1.6185892e-03] [2.4938546e-04 3.9740824e-04 2.1163496e-04 9.3309622e-04 3.6306502e-04
 1.3391504e-03 9.8808473e-01 5.5105361e-04 7.8705335e-03] [3.3450915e-04 3.8632337e-04 4.5766393e-04 4.3483605e-04 9.9456972e-01
 7.7449443e-04 4.1188026e-04 5.7235220e-04 2.0582450e-03] [0.0531742  0.0580284  0.07519213 0.06709886 0.06810171 0.17895104
 0.06836013 0.13550721 0.29558635] [1.1079151e-03 1.2242521e-02 9.3238696e-04 5.6530017e-04 9.8071116e-01
 1.3099050e-03 6.4740144e-04 1.0698936e-03 1.4135255e-03] [6.3327112e-04 2.2137950e-03 9.9069911e-01 1.1011657e-03 1.3600000e-03
 1.8221831e-03 5.3132401e-04 1.2516787e-03 3.8747376e-04] [0.01540511 0.8442189  0.04409556 0.01196714 0.01302227 0.01374346
 0.00611797 0.01236689 0.03906266] [0.0639407  0.12055136 0.45124072 0.02905259 0.04709659 0.08686475
 0.03939083 0.05765904 0.10420339] [0.04806199 0.04809975 0.04046909 0.33792526 0.03192627 0.20433004
 0.08512399 0.04384106 0.16022252] [7.6892570e-04 1.0168650e-03 6.8208110e-04 6.4053591e-03 7.7815662e-04
 9.8085964e-01 9.1790600e-04 6.7833031e-04 7.8926878e-03] [1.2615974e-03 9.7741210e-01 1.4273764e-02 1.2855629e-03 8.6026650e-04
 1.3678508e-03 1.6204793e-03 1.0354673e-03 8.8294951e-04] [7.1798818e-04 8.2311314e-04 4.7074826e-04 5.1919633e-04 5.8863987e-04
 3.0520026e-04 3.3386939e-04 9.9597317e-01 2.6802428e-04] [9.8969775e-01 2.4033925e-03 3.8855190e-03 2.3462014e-04 3.6520170e-04
 4.7071022e-04 8.1335928e-04 7.6522597e-04 1.3642422e-03] [6.1283540e-04 1.0253338e-03 4.6206379e-04 4.6573021e-04 3.4732290e-04
 4.7753347e-04 9.9539304e-01 8.0093474e-04 4.1525482e-04] [6.44238084e-04 6.95195107e-04 3.88511020e-04 1.25928898e-03
 3.89505061e-04 6.03691966e-04 6.49552851e-04 9.80656803e-01
 1.47131905e-02] [0.03408685 0.04597464 0.01713107 0.03959683 0.02309114 0.43568116
 0.0150993  0.0215291  0.36780992] [0.02441803 0.26095092 0.550197   0.01384984 0.02739511 0.03429071
 0.03030033 0.02360498 0.03499306] [0.00283332 0.9264105  0.03229305 0.00434428 0.00863465 0.00572351
 0.01376426 0.00353317 0.00246322] [0.03705287 0.03020686 0.11833922 0.05569184 0.01495035 0.02941488
 0.04243989 0.02329187 0.6486122 ] [3.6384393e-02 3.4076782e-04 2.2333015e-04 2.9742488e-04 2.1129295e-04
 1.4990482e-03 9.6011990e-01 1.4455544e-04 7.7928102e-04] [0.150893   0.10759917 0.13055535 0.14844744 0.09394348 0.06069221
 0.08836522 0.05770288 0.16180125] [0.02551795 0.00251732 0.00292139 0.92795044 0.00447056 0.01063737
 0.00371297 0.00751026 0.0147617 ] [4.5138143e-04 6.0864445e-04 2.1801614e-04 8.3266088e-04 3.0065433e-04
 6.5748242e-04 9.9385071e-01 3.8812277e-04 2.6922529e-03] [0.16564764 0.17910592 0.13938452 0.03583384 0.16791362 0.15269478
 0.05397329 0.06011162 0.04533474] [0.04123058 0.0841624  0.5974883  0.07226932 0.03938195 0.06541347
 0.03015954 0.04499127 0.0249032 ] [0.00232919 0.00351154 0.37809598 0.58553845 0.00330667 0.00288459
 0.00278259 0.01501536 0.00653555] [0.01573032 0.00872094 0.02005896 0.8611125  0.01335632 0.02607476
 0.01243496 0.01643966 0.0260716 ] [5.5544602e-04 5.9080671e-04 5.3536060e-04 6.6950750e-03 8.7572046e-04
 9.8533130e-01 1.1906192e-03 8.5917866e-04 3.3664918e-03] [5.7558599e-04 1.3454059e-03 6.3529873e-04 3.7939940e-04 9.9434423e-01
 1.0480206e-03 5.2609883e-04 2.5230125e-04 8.9368073e-04] [0.00853755 0.00654384 0.00726217 0.01896048 0.00725744 0.01918427
 0.02305499 0.00648003 0.90271926] [0.00291093 0.0021695  0.05849236 0.92261547 0.00350051 0.00473085
 0.0020158  0.00199962 0.00156497] [0.00562248 0.9655428  0.00549944 0.00327598 0.00173548 0.00952256
 0.00284242 0.00279291 0.0031659 ] [9.0435805e-04 1.2626125e-03 8.3503354e-04 6.4124708e-04 4.5790116e-04
 6.5298006e-04 3.9694455e-04 9.9403435e-01 8.1453880e-04] [9.9333245e-01 7.5668225e-04 1.3739829e-03 1.3311671e-03 8.1788376e-04
 9.4011804e-04 3.8884004e-04 4.8120794e-04 5.7766301e-04] [0.8451292  0.00527809 0.00494875 0.01004587 0.00816747 0.07235454
 0.00805094 0.01600749 0.03001767] [8.2102761e-04 9.5172820e-04 1.8147117e-03 4.4708943e-04 9.9299413e-01
 1.1341018e-03 5.5772671e-04 4.1944606e-04 8.5997669e-04] [2.4573578e-04 5.4027367e-04 2.7277804e-04 2.7243427e-03 4.8598833e-04
 1.1156320e-03 9.8714286e-01 4.2355803e-04 7.0487494e-03] [7.4910355e-04 1.5904595e-03 8.7793614e-04 9.8505706e-01 8.9852698e-04
 3.2075020e-03 1.0254814e-03 1.4343823e-03 5.1595750e-03] [9.9316782e-01 9.5254299e-04 1.9999805e-03 3.9476631e-04 3.5847639e-04
 1.5130753e-03 4.4999475e-04 6.2999967e-04 5.3334027e-04] [6.8505271e-04 9.9276626e-01 9.7500224e-04 1.0139358e-03 5.7118334e-04
 9.1823610e-04 6.7953562e-04 1.0760872e-03 1.3146459e-03] [8.8768138e-04 1.8676138e-03 9.3139353e-04 4.3861857e-03 7.1493094e-04
 3.0565469e-03 4.2796368e-03 9.7417033e-01 9.7056255e-03] [5.5499905e-04 1.2402443e-03 4.1896460e-04 2.8385341e-04 9.9582750e-01
 5.4197345e-04 2.9995680e-04 2.8772713e-04 5.4474262e-04] [4.1441765e-04 3.9470312e-04 2.4735462e-04 1.0015767e-03 2.3818550e-04
 1.1015582e-03 9.9466032e-01 3.8901967e-04 1.5528781e-03]",3 7 5 7 0 2 8 4 6 7 2 0 2 6 8 0 6 2 6 8 8 7 4 2 2 2 4 4 2 3 1 3 0 3 3 1 1 1 0 3 3 5 4 7 2 5 4 6 5 6 8 7 8 8 6 7 1 8 8 4 4 7 6 2 0 2 3 1 2 7 0 6 5 7 5 6 0 7 7 1 2 1 7 0 5 6 8 5 6 6 7 0 4 4 1 0 7 1 8 3 1 6 1 5 3 0 4 5 2 4 5 5 6 4 5 8 5 8 8 2 6 1 4 5 3 3 3 1 0 3 0 8 6 5 7 3 7 0 2 8 5 8 4 1 3 8 4 2 0 4 0 7 7 1 4 3 0 2 5 2 4 3 3 7 8 8 1 8 0 0 1 3 1 6 6 4 5 4 2 1 2 5 5 1 7 0 6 7 5 2 1 8 6 5 3 6 8 2 2 3 5 4 8 3 1 7 0 0 4 6 3 0 1 7 4 6
1468,3,xgboost,0.0,30000,29144,0.8564814814814815,0.9830970293209877,"[0.09491092 0.1779962  0.09345755 0.13248698 0.07020033 0.13109456
 0.05823572 0.06855603 0.17306168] [1.3490974e-03 7.1209832e-04 9.9017501e-01 2.5251759e-03 4.7091112e-04
 1.2603155e-03 5.1644602e-04 9.1127853e-04 2.0797357e-03] [2.2602246e-04 2.0737386e-04 2.1005458e-04 4.9937464e-04 2.0785222e-04
 1.1010166e-03 9.9446154e-01 3.0877852e-04 2.7780752e-03] [0.06183749 0.03083251 0.21017282 0.12484729 0.02468222 0.2559492
 0.02543348 0.07747481 0.18877015] [0.0032459  0.00982988 0.00267034 0.9667243  0.00283939 0.00180355
 0.00297575 0.00387919 0.00603171] [8.1622723e-04 1.2817479e-03 7.7362824e-04 4.8630903e-03 1.1098250e-03
 9.8007303e-01 5.7698381e-03 1.1334376e-03 4.1791131e-03] [1.3243546e-03 6.9514511e-04 5.5009493e-04 1.7036198e-03 6.9271441e-04
 9.8314255e-01 1.5672793e-03 1.2203837e-03 9.1038747e-03] [3.0602136e-04 1.6862666e-03 1.8280465e-03 5.2530877e-04 9.9306458e-01
 6.8973564e-04 4.3398695e-04 4.9245445e-04 9.7363867e-04] [0.01650623 0.01680049 0.8810807  0.00951597 0.00988071 0.01114251
 0.00641477 0.00837991 0.04027876] [0.02379852 0.0234657  0.01645821 0.88901323 0.00659786 0.01108903
 0.00995423 0.01177534 0.00784783] [9.8551461e-04 4.4833447e-04 1.4942051e-01 8.2330155e-01 4.6577907e-04
 1.1535027e-03 8.7217137e-04 4.1745158e-04 2.2935148e-02] [9.9080843e-01 3.4184079e-03 1.0736446e-03 1.0107029e-03 7.5777672e-04
 1.1702771e-03 9.5813069e-04 4.5573420e-04 3.4696711e-04] [4.9990596e-04 1.3912877e-03 8.7421236e-04 1.3706122e-03 6.2189752e-04
 5.0540239e-04 7.3564687e-04 9.9339104e-01 6.1007193e-04] [0.04196778 0.02885047 0.17380576 0.29051664 0.03028415 0.1641898
 0.04134788 0.04160487 0.1874326 ] [0.00144785 0.97651416 0.00764905 0.00151295 0.00162737 0.00136998
 0.00240967 0.00275238 0.00471666] [0.04875018 0.03758471 0.03235171 0.02384385 0.06654239 0.10969883
 0.07203609 0.12456705 0.48462525] [9.0642669e-04 2.5464396e-04 1.8700534e-04 6.2472204e-04 9.9471456e-01
 4.6140549e-04 2.8428916e-04 3.9395897e-04 2.1729795e-03] [0.00130522 0.00173806 0.0027859  0.0015652  0.00575909 0.97529376
 0.00219965 0.00248366 0.00686941] [0.05149563 0.03967056 0.11653527 0.0356604  0.02317024 0.06763793
 0.11860974 0.04458993 0.5026303 ] [0.00226132 0.00515729 0.00217431 0.00311048 0.00326673 0.00862969
 0.00206996 0.96042395 0.01290629] [2.2334051e-03 1.2466268e-03 2.2685502e-03 1.7669121e-03 9.8656428e-01
 1.4624940e-03 7.6173746e-04 2.1819074e-03 1.5140868e-03] [0.10613495 0.05569004 0.03382484 0.1207396  0.04680462 0.29496086
 0.08587977 0.08845478 0.16751055] [5.6156790e-04 6.2445877e-04 1.1294635e-03 1.0514087e-03 7.9104287e-04
 9.9100995e-01 1.2624776e-03 7.8125711e-04 2.7883707e-03] [7.3500385e-04 4.4096765e-04 3.7204832e-04 1.3102074e-03 4.0114275e-04
 9.9369377e-01 4.8624730e-04 1.0612255e-03 1.4993579e-03] [2.0783827e-04 3.1129390e-04 1.8498533e-04 9.0971083e-04 3.0895331e-04
 1.3788249e-03 9.9395001e-01 4.4177807e-04 2.3066474e-03] [0.9810783  0.00268889 0.00221721 0.00210419 0.00170739 0.00430805
 0.00131082 0.00156796 0.00301714] [0.05079125 0.0964257  0.0579891  0.15095511 0.05242407 0.13396887
 0.10617631 0.10932398 0.24194556] [2.0401545e-04 1.0630544e-03 6.2748842e-04 3.4466703e-04 9.9675673e-01
 2.2041751e-04 2.0204225e-04 2.8926786e-04 2.9236157e-04] [0.00551164 0.00361285 0.9433869  0.00596785 0.00467863 0.01719337
 0.00335118 0.01212843 0.00416908] [6.1866752e-04 4.3024795e-04 1.6182462e-03 9.8665708e-01 5.1935605e-04
 1.2040323e-03 4.9021491e-04 4.5586808e-04 8.0063175e-03] [5.0192641e-04 1.7916546e-04 4.0830890e-04 4.2451173e-04 9.9473274e-01
 1.4421606e-03 1.8689786e-04 2.0300133e-04 1.9212356e-03] [9.7621620e-01 9.8187651e-04 1.0124715e-03 3.3194069e-03 4.5052709e-04
 2.0349300e-03 6.4054702e-04 6.6622224e-04 1.4677805e-02] [0.03403709 0.05948632 0.51849705 0.05140034 0.02542164 0.20185728
 0.02992449 0.03712934 0.04224641] [2.4978875e-04 5.5289723e-04 1.7184239e-04 3.9291568e-04 9.9676764e-01
 8.1110350e-04 2.0239102e-04 2.2390854e-04 6.2755035e-04] [0.02095869 0.06671955 0.79844314 0.01133954 0.00965868 0.02185442
 0.01208183 0.0198078  0.03913637] [3.4686367e-04 5.1678327e-04 1.7030785e-04 2.6716944e-04 2.8166181e-04
 1.0067775e-03 9.9365473e-01 7.0016121e-04 3.0555667e-03] [0.04770009 0.34970123 0.2253691  0.06264497 0.05033334 0.09615932
 0.08150341 0.05282556 0.03376298] [9.9739468e-01 7.1546430e-04 3.4082148e-04 1.3465104e-04 1.7914434e-04
 1.4148997e-04 2.0936245e-04 2.8630486e-04 5.9812126e-04] [1.9685491e-03 3.7174728e-03 7.5949321e-04 2.2751943e-03 1.5488637e-03
 3.2553286e-03 1.6985553e-03 9.8351318e-01 1.2633852e-03] [4.9947621e-04 4.7684266e-04 7.6380325e-04 7.1230432e-04 2.8758842e-04
 1.2538475e-03 9.9397486e-01 6.3530140e-04 1.3959316e-03] [0.04928839 0.01932071 0.05321473 0.25105724 0.03172474 0.07287444
 0.04329569 0.04785409 0.43137   ] [2.8504050e-04 1.0078312e-03 4.8796664e-04 5.0688244e-04 1.7843368e-04
 7.9535053e-04 9.9615711e-01 3.2631159e-04 2.5513829e-04] [2.0709811e-03 9.8558515e-01 5.7054972e-03 6.4199365e-04 1.1334211e-03
 1.8184105e-03 1.1744269e-03 1.1124723e-03 7.5768726e-04] [5.9298711e-04 4.6043468e-04 7.4982300e-04 3.7222652e-04 9.9510020e-01
 3.2314198e-04 7.9931208e-04 6.4696529e-04 9.5496542e-04] [4.7665217e-04 8.9785556e-04 9.9450111e-01 9.5771207e-04 6.8423810e-04
 7.1596191e-04 6.0204859e-04 8.3432853e-04 3.3005964e-04] [3.7408326e-04 4.2952711e-04 3.9221894e-04 3.9387724e-04 9.9609143e-01
 6.2845257e-04 2.5605407e-04 4.0880189e-04 1.0255880e-03] [2.6923616e-04 1.7936723e-04 4.0394129e-04 4.4829148e-04 1.9200765e-04
 3.6115604e-04 9.9690479e-01 3.8398802e-04 8.5716083e-04] [2.7864872e-04 8.4291608e-04 4.2294760e-04 1.6801005e-04 9.9651438e-01
 3.1868511e-04 4.7512096e-04 2.7527261e-04 7.0410146e-04] [0.08102322 0.21935466 0.09824095 0.10789783 0.07920083 0.16734616
 0.12106849 0.05286714 0.07300067] [0.03844083 0.02343828 0.02215724 0.22649372 0.02729122 0.03001919
 0.01853756 0.09863748 0.5149844 ] [1.1625722e-03 9.9007577e-01 1.5805492e-03 1.0735078e-03 8.6064439e-04
 1.4844919e-03 1.0335476e-03 1.2983654e-03 1.4306087e-03] [0.00733602 0.04102882 0.00432512 0.02330217 0.00445923 0.01312209
 0.00523117 0.8947271  0.00646823] [0.0232152  0.02709702 0.01607471 0.13252895 0.03505908 0.09358618
 0.04464748 0.04271359 0.5850778 ] [0.0631317  0.15693024 0.4188299  0.05934348 0.04053189 0.02376508
 0.06569539 0.11589757 0.05587479] [9.9599552e-01 8.3339290e-04 5.3736562e-04 3.4326909e-04 2.2400537e-04
 7.9104357e-04 2.6875469e-04 7.0105074e-04 3.0562945e-04] [1.7986458e-03 9.8679417e-01 5.6897692e-04 1.2539979e-03 9.2500745e-04
 3.8863737e-03 9.7249780e-04 1.1284399e-03 2.6718897e-03] [0.03152832 0.8599087  0.02209017 0.01291724 0.00883188 0.01261791
 0.01777334 0.00519946 0.02913297] [7.2438258e-04 1.1154824e-03 1.3293189e-03 1.5688433e-03 4.5452430e-04
 7.6423847e-04 7.1761664e-04 9.9168468e-01 1.6409764e-03] [0.31264466 0.10034651 0.19290982 0.07449317 0.05115188 0.04723839
 0.08036013 0.09092668 0.04992874] [0.15893048 0.07825219 0.09387919 0.10326405 0.07135928 0.20791467
 0.12334724 0.06918128 0.09387167] [9.9315828e-01 1.6463444e-03 5.4282980e-04 1.8781412e-03 1.9595453e-04
 1.0705501e-03 3.8872295e-04 7.8751583e-04 3.3169391e-04] [1.7696225e-04 1.4033580e-04 1.5518386e-04 7.7472004e-04 5.1358604e-04
 5.2443333e-04 9.9438995e-01 3.5507174e-04 2.9696967e-03] [5.3451629e-04 9.9514705e-01 9.6921693e-04 8.9364132e-04 3.3571673e-04
 7.1718538e-04 4.8782254e-04 5.5286894e-04 3.6194926e-04] [4.1820173e-04 5.2067271e-04 2.0875562e-02 3.7592129e-04 9.7621346e-01
 7.2451949e-04 2.4782747e-04 4.4153680e-04 1.8233388e-04] [0.00561859 0.00411935 0.00459255 0.00460447 0.00409825 0.00287762
 0.00422513 0.9394453  0.03041869] [0.00293206 0.0015717  0.00960616 0.9692802  0.00149855 0.00427369
 0.00232461 0.00303325 0.00547986] [0.00475564 0.963013   0.00266783 0.00613932 0.00340996 0.00565596
 0.00588457 0.00563647 0.0028372 ] [1.1842523e-03 4.5452453e-04 1.3958591e-01 8.4358019e-01 4.6950675e-04
 3.1023491e-03 6.1185658e-04 8.0617628e-04 1.0205218e-02] [0.02574439 0.03661848 0.0233827  0.05762217 0.04076871 0.25997916
 0.06839025 0.04497646 0.4425177 ] [0.00428176 0.0027852  0.9695538  0.00384885 0.00502429 0.0042144
 0.00291669 0.00485115 0.0025238 ] [0.04874954 0.04519222 0.05425466 0.11765119 0.04462321 0.08107681
 0.03498589 0.1080802  0.46538633] [3.2286220e-03 7.9140940e-04 1.4378596e-03 9.4308066e-01 1.5754882e-03
 1.2683584e-03 1.7890406e-03 9.0822100e-04 4.5920357e-02] [6.5028964e-04 9.8812920e-01 1.6048657e-03 2.3537031e-03 7.0479134e-04
 3.0999242e-03 6.3671038e-04 1.9389471e-03 8.8153884e-04] [1.3207338e-03 9.7530407e-01 1.4420219e-02 2.0639480e-03 7.6636235e-04
 2.0217570e-03 1.0252754e-03 1.8645966e-03 1.2130234e-03] [0.9278175  0.02464898 0.02725191 0.00110682 0.00430653 0.00446848
 0.00358444 0.0037655  0.0030498 ] [0.03810718 0.04009655 0.7254961  0.05285474 0.01953528 0.02413525
 0.03338251 0.02205249 0.04433993] [0.01583804 0.8337518  0.04385053 0.01286221 0.01300449 0.01572844
 0.02345383 0.01105697 0.03045369] [9.9616891e-01 7.9235435e-04 4.5733657e-04 3.8711468e-04 1.7043683e-04
 8.0895674e-04 2.2857352e-04 3.5285740e-04 6.3345191e-04] [2.6110833e-04 2.0749861e-04 2.1498639e-04 1.4038400e-03 2.4209426e-04
 5.6201412e-04 9.9568814e-01 3.7809828e-04 1.0422260e-03] [4.5744030e-04 6.9682370e-04 2.0686834e-04 1.9509096e-04 3.6778837e-04
 7.0834404e-04 9.9645483e-01 3.8563012e-04 5.2722078e-04] [1.1342381e-03 1.9026558e-03 9.8888367e-01 1.6965491e-03 6.7555631e-04
 2.4024167e-03 9.6104952e-04 5.6220655e-04 1.7817236e-03] [0.0162664  0.05489021 0.01230472 0.00979721 0.01038967 0.02614256
 0.01608141 0.83849376 0.015634  ] [2.9371283e-04 3.0114784e-04 2.3793190e-04 2.8324424e-04 9.9628937e-01
 1.2495987e-03 2.3991584e-04 4.0776710e-04 6.9732754e-04] [0.07156726 0.06697354 0.08041172 0.0752751  0.05412588 0.1965273
 0.10700861 0.10228109 0.24582952] [0.02193235 0.0156718  0.04296007 0.2563531  0.02871074 0.18047014
 0.03785871 0.02602773 0.39001536] [0.00196037 0.002304   0.54636943 0.4431554  0.00102538 0.00102096
 0.00078141 0.00117284 0.00221018] [0.02289946 0.02250052 0.01682673 0.18862839 0.04724583 0.0905574
 0.03252754 0.03069601 0.5481181 ] [0.02461982 0.13181321 0.6367887  0.02496446 0.01689832 0.02209033
 0.02522238 0.06613719 0.05146558] [5.3876021e-04 9.9596173e-01 6.3347362e-04 5.9787341e-04 4.3732135e-04
 2.1547799e-04 2.9594958e-04 3.1378097e-04 1.0056583e-03] [3.6800659e-04 2.7086007e-04 3.4294758e-04 4.4430900e-04 2.9803163e-04
 5.4416648e-04 9.9548507e-01 5.6706549e-04 1.6795188e-03] [0.03357166 0.0099011  0.06135955 0.04988141 0.0278569  0.27763286
 0.02603838 0.11280233 0.40095583] [0.00135204 0.00105927 0.0013458  0.00128015 0.9793656  0.00186949
 0.00117154 0.00111095 0.01144516] [0.04990631 0.04700461 0.04312658 0.04822282 0.03511738 0.14382043
 0.13834965 0.25097892 0.24347329] [0.02550375 0.0233978  0.04096349 0.291775   0.05684958 0.04850844
 0.03681102 0.04159531 0.43459564] [1.0992710e-03 9.6913648e-04 6.6596881e-04 7.6560269e-04 1.4094311e-03
 9.8592120e-01 1.7736928e-03 1.1989176e-03 6.1968151e-03] [0.07649371 0.06780769 0.16158037 0.25942174 0.04094364 0.12954243
 0.05232521 0.0701868  0.1416984 ] [9.9716455e-01 5.9394445e-04 7.5213419e-04 1.4778203e-04 2.4805308e-04
 2.2866915e-04 2.8811701e-04 3.8285289e-04 1.9394168e-04] [0.9306988  0.01341489 0.00826251 0.0074662  0.0064643  0.01513606
 0.00465334 0.00602981 0.0078741 ] [1.4454697e-03 8.4704900e-04 7.7638944e-04 1.4636687e-03 1.2984221e-03
 3.9547915e-03 1.7631287e-03 9.7854918e-01 9.9018402e-03] [0.0406657  0.02748652 0.7308473  0.04191853 0.01450409 0.06259619
 0.02898888 0.03014799 0.02284479] [9.9458033e-01 1.1436894e-03 1.3299780e-03 3.9847990e-04 5.8449764e-04
 5.4698368e-04 3.8896984e-04 4.9405423e-04 5.3297129e-04] [5.5420975e-04 8.3677587e-04 2.4447808e-04 2.1078324e-04 9.9694568e-01
 2.6636073e-04 3.8831503e-04 2.9087975e-04 2.6251719e-04] [0.09067331 0.28468648 0.07096005 0.09973834 0.08587494 0.08767842
 0.07606333 0.12061622 0.08370894] [3.1877213e-04 1.8490246e-04 2.9957155e-04 4.0108190e-04 3.0616487e-04
 1.2541249e-03 9.9532843e-01 4.8804082e-04 1.4188846e-03] [0.00104547 0.00135411 0.0115078  0.9698417  0.00151661 0.00690357
 0.0024523  0.00133222 0.00404622] [5.2020658e-04 5.1021646e-04 4.5778751e-04 5.9922633e-04 8.1886438e-04
 9.9238878e-01 1.0085858e-03 5.2801182e-04 3.1683350e-03] [0.8238189  0.05253922 0.03095033 0.0126127  0.01019792 0.01191545
 0.01433624 0.0242088  0.01942044] [3.6112644e-04 9.8492356e-04 1.1048920e-03 6.3303160e-04 2.4718707e-04
 1.0059320e-03 9.9487716e-01 4.3305426e-04 3.5270510e-04] [3.8379786e-04 3.8954592e-04 6.2187557e-04 2.5963639e-03 9.6892178e-01
 1.7272461e-03 8.8699540e-04 4.7430510e-04 2.3998063e-02] [0.074544   0.10674895 0.04952786 0.06200928 0.03470622 0.1325975
 0.03725385 0.07942781 0.42318454] [9.9456984e-01 1.1060870e-03 5.8976543e-04 1.0865279e-03 4.9551768e-04
 6.6599686e-04 3.9226981e-04 7.3951011e-04 3.5452214e-04] [0.00114095 0.00109603 0.00512938 0.00182086 0.00111802 0.00141421
 0.00124033 0.98449004 0.00255024] [6.4395310e-04 1.3228038e-03 1.2084098e-03 4.3897939e-04 6.5978314e-04
 8.6789666e-04 3.6476878e-04 9.9358106e-01 9.1242010e-04] [7.4279867e-04 6.3491630e-04 8.1683160e-04 2.7262717e-03 5.2143226e-04
 1.9393911e-03 9.1524079e-04 9.8829609e-01 3.4069542e-03] [0.00244799 0.00439834 0.00231409 0.00227934 0.00129116 0.00235278
 0.00138562 0.9815072  0.00202354] [0.01441991 0.00969237 0.00620442 0.03589343 0.01318608 0.02818505
 0.8536584  0.0128141  0.02594625] [2.2684645e-03 3.1989045e-03 9.3874004e-04 1.9145677e-03 1.6574495e-03
 2.6174015e-03 1.6695549e-03 9.8413980e-01 1.5950562e-03] [0.00303548 0.00336777 0.28069407 0.6671796  0.0026871  0.01105183
 0.00321067 0.0030932  0.02568028] [0.0017508  0.9834357  0.00160107 0.00151733 0.00113795 0.00230236
 0.00143158 0.00110395 0.00571931] [0.06771447 0.05033218 0.04225479 0.16022746 0.05053754 0.2015597
 0.033652   0.04132845 0.35239342] [1.8145646e-03 1.0310420e-03 1.0646228e-03 8.5367827e-04 9.8953032e-01
 2.1185679e-03 9.7658660e-04 1.0303985e-03 1.5802180e-03] [0.00282796 0.00125233 0.03124551 0.9437046  0.00185424 0.00175763
 0.00867437 0.00208976 0.00659358] [0.1560681  0.16070355 0.13650878 0.08861165 0.05643781 0.15200524
 0.08652595 0.12088482 0.04225406] [1.5263320e-03 9.9148983e-01 2.5909662e-03 6.1834988e-04 8.1399083e-04
 8.7726477e-04 7.5603602e-04 6.7734707e-04 6.4984924e-04] [0.00434745 0.00154527 0.00136591 0.00362471 0.00325856 0.967198
 0.00338683 0.00131124 0.01396199] [9.9682140e-01 1.0261991e-03 6.6677481e-04 1.2015386e-04 2.0571443e-04
 3.0487665e-04 4.3493300e-04 3.1942999e-04 1.0052959e-04] [0.00850875 0.01891007 0.01174682 0.01509997 0.01177516 0.11996538
 0.01624926 0.02147893 0.7762656 ] [0.08679479 0.05080788 0.0509386  0.10858614 0.05678111 0.18696822
 0.08182596 0.11037695 0.26692033] [9.7289759e-01 3.4884119e-03 1.2603210e-02 2.1959667e-03 9.6987881e-04
 1.5978960e-03 1.2275147e-03 1.1241921e-03 3.8953344e-03] [0.00525824 0.01286061 0.91315234 0.01214713 0.00548715 0.03362758
 0.00509667 0.00835115 0.00401914] [4.6282716e-04 1.3835140e-04 4.0016050e-04 4.1892735e-04 9.9294102e-01
 4.3699384e-04 2.4979771e-04 2.0442333e-04 4.7475034e-03] [5.3206115e-04 5.7363906e-04 6.4507051e-04 9.6187659e-04 8.4762758e-04
 9.9224102e-01 2.0150160e-03 4.7464689e-04 1.7090685e-03] [0.01800572 0.00963247 0.01433855 0.8345741  0.01813062 0.02837413
 0.03164558 0.01131656 0.03398229] [0.94754034 0.00756141 0.00512111 0.00340507 0.00304474 0.00345842
 0.00384545 0.0020023  0.02402112] [4.8083367e-04 3.9712503e-03 5.0616468e-04 4.0807782e-04 2.0883574e-04
 2.1178302e-04 8.6853275e-04 9.9297637e-01 3.6818115e-04] [0.00297141 0.00261312 0.00514663 0.01118625 0.00287821 0.00408976
 0.00315885 0.9550132  0.01294257] [0.12573636 0.20859504 0.08195177 0.07936893 0.09092924 0.1409591
 0.08265965 0.07077985 0.11902002] [0.9085683  0.01321256 0.01020278 0.00772266 0.0037995  0.02854019
 0.00342352 0.00810188 0.01642859] [0.00715968 0.00817206 0.00542685 0.9201405  0.01058896 0.01091983
 0.0084467  0.00375147 0.02539396] [2.6650159e-04 6.2551687e-04 2.1174739e-04 4.0082107e-04 1.9541437e-04
 2.5768514e-04 9.9497426e-01 7.5223192e-04 2.3158353e-03] [4.9206731e-04 7.0011383e-04 7.1013195e-04 9.3180360e-04 7.6834107e-04
 9.9157590e-01 1.1028283e-03 1.6067451e-03 2.1121022e-03] [0.09807523 0.01211592 0.01496727 0.04530485 0.0216918  0.10739156
 0.01751384 0.02044124 0.6624983 ] [0.00622843 0.01003997 0.97092134 0.00262319 0.00152329 0.00350541
 0.00175968 0.00174823 0.00165043] [0.07103134 0.06411725 0.06509648 0.07077969 0.04639789 0.18902352
 0.08376335 0.10064543 0.30914506] [0.55189323 0.04779299 0.08405954 0.04842525 0.06105001 0.06438501
 0.03270137 0.08623213 0.02346044] [2.5945893e-04 1.4824998e-03 1.3826768e-03 1.0135497e-03 3.8255614e-04
 8.9940452e-04 5.2393047e-04 9.9332482e-01 7.3112355e-04] [0.9471876  0.01222463 0.00489488 0.00940058 0.0024675  0.00546808
 0.0034526  0.0094381  0.00546604] [0.03964663 0.03729114 0.03335811 0.11657095 0.05456117 0.34664044
 0.03776884 0.10062624 0.23353648] [0.00169946 0.00131583 0.00127271 0.01053029 0.00129108 0.972817
 0.00317668 0.0022058  0.00569116] [0.05879408 0.09623536 0.5781629  0.05286069 0.03058042 0.04336531
 0.05570446 0.03252071 0.0517761 ] [2.8446721e-04 2.3769746e-03 5.4438889e-04 3.5501373e-04 9.9456894e-01
 2.0820125e-04 4.7390565e-04 6.0292735e-04 5.8515044e-04] [0.01695025 0.03010753 0.00896439 0.02848599 0.01027521 0.00700689
 0.01751028 0.8743908  0.00630865] [9.9708110e-01 1.2681433e-03 4.2114130e-04 1.9411178e-04 1.0467332e-04
 1.6481534e-04 2.4661428e-04 3.4115507e-04 1.7820990e-04] [0.00325539 0.98303413 0.00131703 0.00138166 0.00111637 0.00132662
 0.00326977 0.00374708 0.00155196] [8.5985288e-04 9.9255580e-01 1.1909186e-03 8.7679230e-04 7.9918705e-04
 5.9323147e-04 9.3995512e-04 7.5905712e-04 1.4252341e-03] [2.7040724e-04 2.0524389e-04 2.1123826e-04 4.2681681e-04 2.9336900e-04
 2.4304472e-04 9.9795985e-01 1.5705847e-04 2.3302827e-04] [1.5691937e-03 2.6827415e-03 9.8706532e-01 2.2888328e-03 1.1239849e-03
 2.0085045e-03 1.0415931e-03 9.5856673e-04 1.2612782e-03] [8.6559315e-04 9.8965198e-01 2.8256460e-03 1.1229824e-03 6.6941651e-04
 1.6839588e-03 4.4204606e-04 6.2349840e-04 2.1148482e-03] [0.08962105 0.12545118 0.11439198 0.03875079 0.04205031 0.06886229
 0.07560504 0.04028244 0.40498495] [1.6437838e-03 4.5187916e-03 1.9221483e-03 1.6520297e-03 6.9567317e-04
 3.4380888e-03 1.8896988e-03 9.8151404e-01 2.7257556e-03] [6.7301875e-04 9.9194241e-01 6.7798916e-04 6.5054314e-04 5.8684807e-04
 1.9010432e-03 4.7272898e-04 4.1971309e-04 2.6757286e-03] [2.7119878e-04 3.8945844e-04 3.8686499e-04 9.2480547e-04 3.6768120e-04
 1.1170865e-03 9.9448061e-01 6.0013094e-04 1.4621340e-03] [0.00302544 0.00345623 0.96237266 0.00648469 0.00167    0.00105934
 0.00248567 0.00182573 0.01762022] [0.08810679 0.20051382 0.0896593  0.09219751 0.06228827 0.11172476
 0.06529795 0.14903715 0.14117445] [2.8220357e-04 3.3805991e-04 5.3615222e-04 4.6311671e-04 3.1759636e-04
 1.1329000e-03 9.9636382e-01 1.6715033e-04 3.9905091e-04] [0.05628072 0.0550756  0.09143352 0.03735442 0.03637496 0.23381625
 0.01911403 0.04740882 0.42314166] [7.2282186e-04 9.1203657e-04 6.9831137e-04 4.1401718e-04 3.0737850e-04
 2.4341648e-04 9.9616808e-01 4.0439737e-04 1.2953841e-04] [1.1234572e-03 8.1894209e-04 6.0691201e-04 1.8709784e-03 5.9073616e-04
 5.1459493e-03 1.0059067e-03 9.8220921e-01 6.6278637e-03] [6.4229290e-04 1.1131670e-03 3.5737310e-02 9.5756924e-01 5.4151518e-04
 2.5479787e-03 3.9906322e-04 7.6145492e-04 6.8801234e-04] [2.1779307e-04 1.8733156e-04 1.9591313e-04 3.5874979e-04 1.6437218e-04
 3.1886235e-04 9.9709237e-01 1.8380849e-04 1.2807425e-03] [0.02201591 0.01507651 0.03884135 0.07558897 0.03641279 0.0888324
 0.02398251 0.03425625 0.6649933 ] [1.6262037e-04 1.5820605e-04 4.4675425e-04 1.0333380e-04 2.2650951e-04
 3.9081796e-04 9.9729759e-01 2.2867108e-04 9.8547421e-04] [0.05538436 0.04301339 0.06761729 0.19401355 0.05858912 0.2130773
 0.0287006  0.03990759 0.2996968 ] [1.8718719e-04 2.5564432e-04 1.4504806e-04 2.6562758e-04 2.9118918e-04
 1.2808623e-03 9.9637431e-01 4.6855412e-04 7.3152262e-04] [0.0054744  0.01446374 0.94396317 0.006477   0.00299085 0.0061957
 0.00439366 0.01060651 0.00543495] [0.00350513 0.02727916 0.00462971 0.00914461 0.00230482 0.00432608
 0.00272145 0.9428612  0.00322782] [0.09440195 0.14797024 0.14588013 0.04560203 0.07403111 0.06127891
 0.05022869 0.09397227 0.28663468] [1.4502453e-03 7.2533952e-04 2.5171492e-01 7.2627431e-01 1.3176857e-03
 5.0849998e-03 2.5381539e-03 1.4271147e-03 9.4672497e-03] [3.7385244e-04 2.0280564e-03 6.6911912e-04 4.3086577e-04 9.9424016e-01
 2.1747098e-04 8.0086547e-04 2.6102393e-04 9.7862456e-04] [0.0020774  0.01065811 0.00347468 0.00237418 0.00189438 0.9728388
 0.0025619  0.00250888 0.00161163] [2.9863178e-04 4.6212648e-04 2.7783905e-04 3.4083033e-04 9.9712533e-01
 3.7034272e-04 3.9958413e-04 3.6145336e-04 3.6384873e-04] [0.01396409 0.0169723  0.8924515  0.00781468 0.0053559  0.01651128
 0.00812078 0.01893119 0.01987827] [6.6497060e-04 4.9086643e-04 4.0534037e-04 3.6980421e-04 9.9659592e-01
 3.4737570e-04 2.1597701e-04 4.1799474e-04 4.9176469e-04] [0.0726172  0.02724158 0.03462075 0.44933364 0.05818139 0.04028061
 0.05590139 0.05550177 0.20632172] [9.1701542e-04 1.0932115e-03 3.3143836e-03 1.4548171e-03 9.8881626e-01
 1.0585951e-03 1.3756944e-03 1.1596159e-03 8.1037346e-04] [0.02951468 0.03666869 0.03022312 0.1733096  0.03973427 0.0595028
 0.0388479  0.02660022 0.56559867] [3.5392042e-04 4.3471120e-04 5.4671965e-04 2.7725779e-04 3.2016612e-04
 4.8243330e-04 9.9684864e-01 5.5628805e-04 1.7990856e-04] [1.2132036e-03 9.8775232e-01 1.9118645e-03 1.7062783e-03 1.3573455e-03
 2.1261950e-03 1.5986630e-03 8.6256128e-04 1.4715773e-03] [2.6256038e-04 6.2136276e-04 4.2708530e-04 6.9173175e-04 9.9680173e-01
 2.7801495e-04 3.0560890e-04 4.1122932e-04 2.0062168e-04] [3.0555442e-04 4.7056295e-04 2.7090155e-02 9.6441299e-01 3.0068445e-04
 1.8815912e-03 2.9511793e-04 3.3999659e-04 4.9033780e-03] [5.8336672e-04 6.8618066e-04 3.7101668e-04 7.2327699e-04 5.9034117e-04
 1.0565160e-03 9.9185818e-01 9.0160017e-04 3.2295119e-03] [0.07393555 0.10264875 0.30676615 0.10411328 0.04395802 0.05258398
 0.05758819 0.1643371  0.09406894] [0.0838983  0.23645596 0.12288739 0.09803548 0.05614061 0.08999579
 0.05928036 0.09600686 0.1572993 ] [0.02316824 0.00922796 0.00690489 0.02322205 0.02087199 0.03294928
 0.01857172 0.02378361 0.84130025] [9.9473542e-01 1.3558681e-03 3.2940216e-04 5.8160012e-04 4.6843500e-04
 8.1310479e-04 3.5761550e-04 4.9572781e-04 8.6274807e-04] [0.00565043 0.8686355  0.10152622 0.00394607 0.00323679 0.00444527
 0.00657837 0.00376434 0.00221705] [0.00438046 0.00908567 0.006651   0.0043723  0.00313571 0.9590964
 0.002341   0.00793445 0.00300299] [9.9618357e-01 1.0272571e-03 2.6577435e-04 3.8064717e-04 3.7544014e-04
 4.8596130e-04 3.4359889e-04 2.6688960e-04 6.7089620e-04] [0.00270172 0.00424538 0.00286393 0.00123583 0.9830594  0.002641
 0.00106752 0.00107641 0.00110882] [7.8702648e-04 9.9080384e-01 2.8627138e-03 1.7985499e-03 5.2195106e-04
 6.3392875e-04 9.2773786e-04 9.1939030e-04 7.4487162e-04] [1.1827096e-03 9.8463351e-01 6.0226005e-03 1.0080116e-03 1.2542289e-03
 2.7212580e-03 1.6854438e-03 8.2084839e-04 6.7137036e-04] [0.02933228 0.02537951 0.03755068 0.20216177 0.03811439 0.25230664
 0.12150489 0.04093575 0.25271413] [3.36264231e-04 1.04716724e-04 1.67551465e-04 4.75543842e-04
 1.57608811e-04 2.22197952e-04 9.96263444e-01 2.76642968e-04
 1.99599937e-03] [0.9685389  0.00742516 0.00271678 0.00203062 0.00280559 0.00443388
 0.00263368 0.00834537 0.00107001] [2.2938109e-03 1.7598659e-03 2.5437193e-03 9.4460527e-04 9.1872213e-04
 5.7956617e-04 1.2374908e-03 9.8764974e-01 2.0725236e-03] [0.0072959  0.95554054 0.0160314  0.00317216 0.00219537 0.00758324
 0.00183093 0.00183128 0.00451916] [0.01806506 0.00906085 0.00485056 0.06095323 0.01897942 0.04861951
 0.01926368 0.01580427 0.8044035 ] [0.06063657 0.0490621  0.667885   0.0881156  0.03099576 0.02743697
 0.03030467 0.03535067 0.01021269] [9.9491006e-01 7.4972655e-04 6.7907228e-04 8.6820638e-04 4.1643507e-04
 8.3848281e-04 3.2433326e-04 5.2830728e-04 6.8539835e-04] [1.2247635e-03 9.8149781e-04 1.2246273e-03 5.1462082e-03 1.5148313e-03
 9.6785229e-01 1.9652592e-03 7.9013646e-04 1.9300450e-02] [3.1952604e-04 7.5454300e-04 2.9973438e-04 8.2094694e-04 4.1981641e-04
 2.7657670e-03 8.2573504e-04 9.9351692e-01 2.7701212e-04] [0.07669096 0.05261593 0.03863392 0.14447829 0.0341152  0.226451
 0.23589472 0.05125457 0.13986543] [0.02699298 0.02811794 0.028817   0.07673118 0.03127594 0.23700856
 0.07416859 0.04671044 0.45017737] [9.9607193e-01 1.1087358e-03 8.1239158e-04 1.0610898e-04 2.5806317e-04
 3.7755998e-04 4.1085476e-04 3.9566605e-04 4.5867264e-04] [5.7123788e-04 1.0183320e-03 5.8475317e-04 2.3093023e-03 4.1980285e-04
 5.3402496e-04 2.9247437e-04 9.9267697e-01 1.5930805e-03] [1.7197827e-03 9.8374346e-04 9.2955015e-04 2.2473340e-03 9.7765553e-01
 1.9960999e-03 1.8526976e-03 1.0919706e-03 1.1523332e-02]",8 2 6 3 3 5 5 4 2 3 3 0 7 3 1 8 4 5 8 7 4 5 5 5 6 0 8 4 2 3 4 0 2 4 2 6 2 0 7 6 3 6 1 4 2 4 6 4 2 8 1 7 5 2 0 1 1 7 8 3 0 6 1 4 7 3 1 3 8 2 5 8 1 1 0 2 1 0 6 6 2 7 4 8 8 3 8 3 1 6 3 4 8 3 5 2 0 1 7 2 0 4 8 6 3 5 0 6 4 8 0 7 7 7 7 6 7 3 1 5 4 3 5 1 5 0 8 5 0 2 4 5 3 0 7 7 5 0 3 6 5 1 2 8 0 7 0 3 5 2 4 7 0 1 1 6 2 1 8 7 1 6 2 5 6 8 6 7 3 6 8 6 5 6 2 7 8 3 4 5 4 2 4 8 4 8 6 1 4 3 6 2 2 8 0 1 5 0 4 1 1 5 6 0 7 1 8 2 0 5 7 7 3 0 7 4
1468,4,xgboost,0.0,30000,29144,0.875,0.9847366898148149,"[0.04945412 0.09775187 0.40643233 0.08445644 0.04768246 0.15723762
 0.06376474 0.05613098 0.03708944] [0.00154792 0.00296034 0.00415959 0.9614084  0.00213077 0.01982843
 0.00189342 0.00197038 0.0041008 ] [0.02116509 0.02917228 0.01830898 0.13366109 0.04059394 0.59376174
 0.05753057 0.02750256 0.07830374] [2.4410477e-03 2.9735030e-03 8.5490453e-04 4.4691856e-03 1.3602637e-03
 9.7372061e-01 1.4714510e-03 1.9646138e-03 1.0744448e-02] [0.00919842 0.01874214 0.02501398 0.01147082 0.01583311 0.01261233
 0.00962587 0.88124007 0.01626326] [9.7044581e-04 6.7825877e-04 8.4936834e-04 4.1320343e-03 9.6209574e-01
 1.9306690e-02 1.7551400e-03 1.3542573e-03 8.8580614e-03] [1.0528251e-03 9.4956032e-04 1.1279169e-03 7.0448674e-04 1.4490455e-03
 9.8072022e-01 2.1340081e-03 3.4491054e-03 8.4128315e-03] [0.0359403  0.02953465 0.0212073  0.07495233 0.03892812 0.3995669
 0.05090185 0.05443366 0.29453495] [0.02635078 0.03905137 0.04525952 0.77023053 0.01438473 0.0353783
 0.01473739 0.01794147 0.03666585] [0.0023788  0.97622037 0.00937015 0.00230033 0.0011177  0.00121455
 0.00137097 0.00103447 0.00499271] [6.7791328e-02 1.0000583e-03 3.9668358e-03 9.1908324e-01 1.3161298e-03
 1.7213133e-03 1.2455555e-03 3.1656460e-03 7.0991210e-04] [0.02180964 0.01969334 0.27308452 0.5895396  0.01904914 0.03807074
 0.00916705 0.0164106  0.01317542] [0.01306498 0.00588656 0.0147339  0.01295886 0.01608589 0.04965789
 0.01260155 0.01299008 0.86202025] [2.3256845e-04 3.0963516e-04 1.8092880e-03 4.8122916e-04 9.9513608e-01
 2.5560192e-04 6.3057378e-04 6.5971573e-04 4.8526193e-04] [0.05278753 0.04170629 0.10848077 0.10921159 0.05324024 0.06261773
 0.10196824 0.15939656 0.31059107] [7.1141531e-04 2.4807968e-03 5.9280987e-04 6.2071875e-04 9.9376583e-01
 7.5101416e-04 3.0516752e-04 4.1164330e-04 3.6053974e-04] [0.04911369 0.04326372 0.03158466 0.17389    0.05943222 0.23913181
 0.09887331 0.08457439 0.22013624] [0.09332096 0.04211036 0.02270808 0.0724673  0.06251441 0.3519407
 0.13625638 0.0885957  0.13008605] [0.07931238 0.06316204 0.05531109 0.1260499  0.06161247 0.27006543
 0.06576777 0.08237048 0.19634837] [0.0053584  0.9184648  0.01676155 0.0053512  0.00398707 0.03297557
 0.0061923  0.00446029 0.00644883] [9.9752086e-01 3.1069908e-04 2.2710515e-04 6.4303214e-04 3.4984114e-04
 3.9839270e-04 1.3222429e-04 2.3428364e-04 1.8358557e-04] [1.1269754e-03 9.7765017e-01 1.3102193e-02 2.0123203e-03 1.0635244e-03
 1.2232875e-03 5.2238710e-04 9.1320532e-04 2.3859583e-03] [0.09006932 0.16801314 0.13130645 0.17105643 0.08865056 0.04301226
 0.08724292 0.18966666 0.03098226] [9.9128842e-01 7.2972919e-04 1.5122450e-03 1.5667611e-03 5.2661460e-04
 4.9046293e-04 1.6845233e-03 5.8204884e-04 1.6191538e-03] [0.06881061 0.03220298 0.04005213 0.49148563 0.08944798 0.09946996
 0.03271049 0.04498716 0.10083311] [2.8536736e-03 4.0011881e-03 3.8515911e-03 2.7156060e-03 9.8074234e-01
 2.0716141e-03 1.7463882e-03 9.5273386e-04 1.0648177e-03] [0.06215164 0.11519558 0.2034615  0.03245466 0.07357606 0.21908902
 0.08314913 0.06194771 0.1489747 ] [6.6068384e-04 9.9179745e-01 2.7767473e-03 1.0210919e-03 5.1330513e-04
 1.0415833e-03 7.7341945e-04 4.0545195e-04 1.0102104e-03] [3.7000023e-04 3.3611114e-04 2.5750170e-04 1.2784275e-03 4.8789941e-04
 9.9378347e-01 6.5818382e-04 7.9676148e-04 2.0315740e-03] [4.1911210e-04 7.6414191e-04 7.0269377e-04 6.5773993e-04 8.2094251e-04
 6.6942762e-04 4.0940355e-04 9.9444050e-01 1.1159580e-03] [2.2241469e-03 2.0513714e-03 1.9338468e-02 1.1273884e-03 9.6826124e-01
 5.1766308e-04 4.0405071e-03 5.8244623e-04 1.8567544e-03] [0.04033829 0.02631047 0.02890462 0.03831911 0.07836951 0.06650779
 0.0845371  0.06807337 0.56863976] [0.08026225 0.03308082 0.02942649 0.09534363 0.03904977 0.08262306
 0.10267625 0.06960849 0.4679292 ] [0.00215636 0.00317535 0.00432499 0.91709024 0.00546102 0.02286711
 0.00353032 0.0070392  0.03435536] [4.4452405e-04 9.1959286e-04 1.6491888e-03 7.5156480e-04 5.9259700e-04
 4.8322151e-03 4.6450950e-04 9.8832184e-01 2.0239719e-03] [1.6434021e-04 2.0155920e-04 2.2402462e-04 5.9913693e-04 9.9515152e-01
 4.5034260e-04 4.2038562e-04 4.1083974e-04 2.3778840e-03] [5.3799996e-04 2.8712931e-04 3.2587658e-04 1.1488460e-03 5.9210067e-04
 1.7459218e-03 9.9241930e-01 8.6294895e-04 2.0798410e-03] [0.06909343 0.10062781 0.08053385 0.11203463 0.10935081 0.10951874
 0.09076858 0.09596156 0.23211057] [2.7155416e-04 6.3290098e-04 6.6652620e-04 7.0932365e-05 9.9646497e-01
 2.7413541e-04 7.6187588e-04 2.7515899e-04 5.8187038e-04] [0.00455029 0.9373289  0.00605207 0.00583374 0.00470134 0.01165336
 0.01009402 0.00875898 0.0110273 ] [0.00238764 0.05123418 0.8995224  0.01931094 0.00504123 0.00594342
 0.00305043 0.00330243 0.01020734] [9.9454778e-01 1.5240855e-03 1.0784349e-03 5.0607807e-04 4.9956259e-04
 4.9390370e-04 2.4782080e-04 5.8229145e-04 5.2005023e-04] [0.08265303 0.0480325  0.10403912 0.3018433  0.04795925 0.04428084
 0.06588734 0.06297186 0.24233277] [0.0035764  0.00376599 0.00220051 0.981862   0.001422   0.00189684
 0.00113672 0.00210251 0.00203698] [9.9710172e-01 3.8561871e-04 2.8388071e-04 4.1592642e-04 1.7527923e-04
 5.0949631e-04 5.4577296e-04 1.8248278e-04 3.9977918e-04] [0.07001178 0.0572516  0.07510903 0.15823244 0.05963847 0.21423052
 0.09258293 0.0433772  0.22956608] [0.00454177 0.00558169 0.00581739 0.86263174 0.00726981 0.03345526
 0.0086669  0.00629199 0.06574345] [0.02002106 0.04261477 0.01124952 0.03302678 0.0178415  0.03027868
 0.02008659 0.0143078  0.81057334] [0.12684885 0.13344856 0.15612449 0.06487267 0.07799102 0.1468385
 0.05188706 0.06594792 0.17604093] [6.0833106e-04 9.2701928e-04 1.1619932e-03 1.1824236e-03 9.9046373e-01
 2.5856253e-03 7.9947821e-04 9.3837566e-04 1.3330148e-03] [0.03467744 0.03961988 0.00855653 0.03511614 0.03406752 0.066766
 0.6908374  0.02647493 0.06388418] [0.00425643 0.00405882 0.98002577 0.00209471 0.00217351 0.00199918
 0.00166382 0.00192952 0.00179828] [1.3460009e-03 3.4415489e-03 9.8531300e-01 1.1709671e-03 1.1017614e-03
 4.7057043e-03 9.4213494e-04 7.5407245e-04 1.2247908e-03] [0.00210599 0.00257606 0.9752855  0.00228506 0.00155017 0.00320797
 0.00202751 0.00339258 0.00756921] [5.1787030e-04 9.9530435e-01 4.6611929e-04 6.0451590e-04 4.4817082e-04
 6.7163853e-04 4.7267208e-04 9.0626290e-04 6.0845591e-04] [7.5474719e-04 1.1563667e-03 2.3001209e-03 5.2050815e-04 9.9325389e-01
 5.8300211e-04 4.0779012e-04 5.6999078e-04 4.5361553e-04] [0.00315969 0.00784959 0.02039588 0.9483471  0.00474206 0.00443347
 0.00340445 0.0031954  0.00447241] [2.1564754e-04 2.8040147e-04 9.7284072e-05 1.8539948e-04 9.9490392e-01
 3.7347252e-04 2.3702800e-04 3.6991361e-04 3.3369835e-03] [9.9765575e-01 6.3247827e-04 2.0530724e-04 1.7108055e-04 1.8624695e-04
 1.6997257e-04 2.8717812e-04 3.0714928e-04 3.8478259e-04] [0.03674981 0.05995138 0.06990539 0.18748553 0.10061193 0.10170623
 0.05830946 0.08604133 0.29923898] [9.9507821e-01 1.2749250e-03 1.4761474e-03 3.3975323e-04 2.2084817e-04
 5.5678951e-04 3.6260724e-04 2.7761975e-04 4.1306720e-04] [0.05054303 0.04585263 0.03640876 0.05787371 0.05869796 0.49145126
 0.06313219 0.0403619  0.15567859] [1.4463617e-03 3.1788747e-03 9.8166162e-01 1.1507776e-03 1.3743502e-03
 8.2066935e-03 8.4711355e-04 7.6270005e-04 1.3715031e-03] [0.0351492  0.10391282 0.43595722 0.02422164 0.08074288 0.12803964
 0.0538529  0.03262168 0.105502  ] [0.0433152  0.0606364  0.03265082 0.07069136 0.08801599 0.41462
 0.08898327 0.04628927 0.15479764] [0.00436936 0.00430362 0.00932724 0.00702309 0.00536938 0.00561002
 0.00237106 0.9578327  0.00379345] [9.9531710e-01 1.1608121e-03 3.6967499e-04 7.6877192e-04 3.3458098e-04
 6.7666254e-04 4.7799735e-04 3.9958439e-04 4.9477984e-04] [1.0451577e-03 9.8832637e-01 4.6746894e-03 7.8672724e-04 1.1340195e-03
 7.6862809e-04 4.3797845e-04 7.2831713e-04 2.0981124e-03] [0.0953398  0.037295   0.04313216 0.1607675  0.07697637 0.18358244
 0.1258022  0.0917135  0.18539101] [2.6154265e-04 7.9361233e-04 3.5402173e-04 3.2870186e-04 1.8072405e-04
 4.3778267e-04 9.9648285e-01 5.1955954e-04 6.4115576e-04] [0.0011737  0.00175654 0.00325613 0.93571705 0.00292963 0.01167064
 0.00729332 0.00302572 0.03317729] [6.0871354e-04 8.5056800e-04 1.2888026e-03 3.6210916e-04 3.1580243e-04
 7.0367038e-04 9.9403220e-01 1.1864353e-03 6.5173215e-04] [2.0443751e-04 1.9159283e-04 9.8253507e-04 9.9173224e-01 3.8823774e-04
 8.4464211e-04 5.1938079e-04 6.4589921e-04 4.4909888e-03] [3.9215322e-04 2.4099956e-04 4.2460870e-04 3.4649391e-04 3.9954277e-04
 4.6563064e-04 9.9067467e-01 6.3859351e-04 6.4173401e-03] [1.0573530e-03 8.2066620e-04 3.3639031e-03 3.2794304e-04 9.9206007e-01
 7.3925103e-04 6.4063020e-04 6.1449670e-04 3.7567460e-04] [0.00301985 0.01086919 0.0047158  0.00194591 0.0041612  0.00280798
 0.0019136  0.96402645 0.00654005] [0.04013957 0.0434817  0.7356956  0.02149694 0.03746883 0.02704296
 0.01800036 0.04866145 0.02801258] [5.3931470e-04 1.1373247e-03 6.1901379e-04 4.7404985e-03 9.0549793e-04
 3.0567462e-03 1.1218202e-03 9.8668939e-01 1.1903952e-03] [0.01139145 0.8963115  0.05166545 0.00679403 0.00463819 0.00476815
 0.00919398 0.00641003 0.00882721] [0.08094414 0.09408206 0.12446413 0.08007124 0.12562335 0.09048679
 0.10787749 0.13163596 0.16481481] [4.2176925e-04 1.1900356e-03 7.9463180e-03 1.6215004e-03 9.8607522e-01
 4.0149054e-04 2.1467441e-04 5.1939191e-04 1.6096235e-03] [4.5120658e-04 7.7937089e-04 3.7288657e-04 1.5216544e-03 4.9178168e-04
 5.0453044e-04 9.9518824e-01 4.9026008e-04 2.0010945e-04] [9.6741191e-04 2.9946710e-03 9.8640686e-01 2.8677206e-03 9.7895914e-04
 1.2583787e-03 9.0347050e-04 1.1053793e-03 2.5171731e-03] [1.1406076e-03 9.9188250e-01 4.0914896e-03 2.7292548e-04 4.7183945e-04
 1.1128867e-03 4.2313410e-04 2.1229366e-04 3.9235581e-04] [9.4353169e-04 1.9991887e-03 9.8646981e-01 1.4324164e-03 6.7844836e-04
 3.5020448e-03 8.0155343e-04 2.0814450e-03 2.0915694e-03] [3.4730992e-04 9.9586099e-01 7.6769927e-04 3.0093308e-04 5.5568182e-04
 2.0256477e-04 3.0730100e-04 8.2707807e-04 8.3040301e-04] [0.00434975 0.9521636  0.00446783 0.01434003 0.00310245 0.00963033
 0.00493482 0.00421258 0.00279861] [0.03862492 0.0510712  0.02445645 0.22238381 0.03976075 0.11337078
 0.05186336 0.0185571  0.43991163] [4.0670310e-04 1.2400415e-04 1.4168947e-04 3.1202333e-04 1.9721939e-04
 9.7164343e-04 9.9366003e-01 3.1604356e-04 3.8706390e-03] [0.01494171 0.01612561 0.01349395 0.0388143  0.01821973 0.04091792
 0.02094095 0.02227353 0.8142723 ] [0.00108497 0.00542176 0.00390603 0.00187707 0.00191867 0.00386263
 0.00102074 0.9791853  0.00172289] [0.0115462  0.0074394  0.01692468 0.02935918 0.02856183 0.7832589
 0.01171501 0.01898226 0.09221251] [0.17095497 0.15181015 0.14230612 0.09841701 0.04919755 0.05802157
 0.08744032 0.09780637 0.14404593] [9.6473627e-04 9.5570041e-04 1.3693555e-03 5.0674280e-04 6.0003099e-04
 1.1251670e-03 5.0629041e-04 9.9213636e-01 1.8356106e-03] [0.00934213 0.01194363 0.00613638 0.12828559 0.00744623 0.01025586
 0.01754524 0.01051184 0.79853314] [7.0691324e-04 3.8501705e-04 2.5082513e-04 9.5641566e-04 5.4077856e-04
 2.6716103e-03 1.1060130e-03 9.9092883e-01 2.4536203e-03] [0.02701197 0.02274649 0.6891997  0.05789949 0.02687757 0.08661842
 0.03093712 0.02544227 0.03326694] [0.9590568  0.00687105 0.01607241 0.00347271 0.0026406  0.00325226
 0.00177941 0.00237934 0.00447547] [1.9538154e-04 1.4810469e-04 4.1103587e-04 5.1379064e-04 2.3602508e-04
 4.4735777e-04 9.9619979e-01 3.7670313e-04 1.4718112e-03] [1.3139054e-04 2.4222900e-04 1.4784982e-04 9.1107737e-04 9.9714440e-01
 2.1729074e-04 3.2732976e-04 3.0710810e-04 5.7132961e-04] [0.07978026 0.10470565 0.0649864  0.05973545 0.0575266  0.06752692
 0.03551215 0.11266879 0.4175578 ] [2.5692620e-04 2.6273125e-04 2.4778035e-04 1.5508368e-03 3.2733780e-04
 3.6136591e-04 9.9441862e-01 4.3257244e-04 2.1418361e-03] [0.01233837 0.00676004 0.02876842 0.9048395  0.005913   0.02008176
 0.00576246 0.01030004 0.0052364 ] [0.0071892  0.02953519 0.08532978 0.75826746 0.01211737 0.05116434
 0.0134139  0.02078199 0.02220077] [5.0707615e-04 8.2280242e-04 2.4056544e-04 1.0378334e-03 9.9616808e-01
 2.7542561e-04 3.6678300e-04 4.4069384e-04 1.4076947e-04] [0.00208368 0.0051012  0.0023313  0.01038464 0.00371542 0.00715152
 0.00456935 0.9507997  0.01386321] [0.04294229 0.04396851 0.01713293 0.1715711  0.07794093 0.1853405
 0.0542913  0.06161037 0.34520206] [2.5694893e-04 3.5209005e-04 6.4845668e-04 5.1517843e-04 2.7458943e-04
 4.5297822e-04 9.9657923e-01 2.8633117e-04 6.3415786e-04] [0.00145438 0.00328317 0.00233675 0.00165117 0.00239279 0.98307574
 0.00177287 0.00170547 0.00232766] [0.00274477 0.0020442  0.00489806 0.9631194  0.00201457 0.00874217
 0.00286934 0.00267319 0.01089437] [5.4294104e-04 7.4865046e-04 9.8756766e-01 4.0397523e-03 4.8803241e-04
 4.7349813e-03 8.9217297e-04 4.5319580e-04 5.3257059e-04] [0.00730726 0.01355579 0.933859   0.01473312 0.00380339 0.00652401
 0.00459952 0.00688139 0.00873652] [0.05636839 0.03657183 0.48271146 0.03733845 0.02630546 0.21926567
 0.02626888 0.05532096 0.05984889] [9.8249704e-01 1.5296056e-03 2.8173786e-03 1.3432387e-03 1.2709564e-03
 7.6142307e-03 6.9222855e-04 1.1891667e-03 1.0460826e-03] [0.01403888 0.15099935 0.69569045 0.02202964 0.01066965 0.05387291
 0.01889742 0.02028292 0.01351871] [0.00164582 0.00689667 0.00447899 0.00201675 0.00133544 0.00548366
 0.00142812 0.9685277  0.00818689] [9.9572647e-01 3.6269400e-04 3.8837240e-04 3.5165128e-04 4.0594317e-04
 6.1595091e-04 6.6751445e-04 7.0809637e-04 7.7335990e-04] [0.05352787 0.05999421 0.05729721 0.12237689 0.04243748 0.25604954
 0.04239038 0.0386817  0.32724473] [0.01537026 0.02002243 0.02446768 0.36356756 0.02249955 0.15685028
 0.04426847 0.02174106 0.3312127 ] [0.00182371 0.0048446  0.9623391  0.00492951 0.00438357 0.00520599
 0.00177531 0.00191739 0.01278087] [8.6620817e-04 6.0352881e-04 8.1025925e-04 1.2008094e-03 7.2596787e-04
 1.6488542e-03 1.0404852e-03 9.4638699e-01 4.6716899e-02] [2.7470154e-04 8.7420811e-04 8.2639407e-04 4.8192174e-04 9.9572706e-01
 3.5609092e-04 5.8484491e-04 4.7268122e-04 4.0215257e-04] [7.0910261e-04 2.5460034e-04 3.8936854e-04 3.9644330e-04 3.0973996e-04
 9.9472046e-01 4.1675975e-04 4.9634575e-04 2.3072250e-03] [0.04558891 0.17235006 0.10979964 0.18398976 0.1029756  0.15166189
 0.06500261 0.07751574 0.0911158 ] [5.7902135e-04 9.9292207e-01 1.7720283e-03 4.8978784e-04 4.1016118e-04
 7.3883426e-04 1.6606302e-03 9.4978459e-04 4.7765204e-04] [0.0248916  0.02523098 0.05033692 0.01819412 0.01519423 0.03762722
 0.02392896 0.01411151 0.7904845 ] [0.003799   0.9640518  0.00546235 0.00275476 0.00322563 0.00573273
 0.00208307 0.00591818 0.00697251] [1.7775176e-03 2.6404308e-03 3.1044368e-02 9.5285279e-01 1.3657364e-03
 6.0360683e-03 9.0788963e-04 1.0368658e-03 2.3384064e-03] [0.11500854 0.08474562 0.4331248  0.09498737 0.03683878 0.09193958
 0.02445879 0.04786948 0.07102706] [6.7840557e-04 4.8507491e-04 5.4716499e-04 1.1821329e-03 4.2991096e-04
 9.8460406e-01 7.5644848e-04 7.0062303e-04 1.0616123e-02] [0.00758896 0.01370391 0.01300996 0.02267774 0.0189186  0.07363468
 0.0128113  0.01960947 0.8180454 ] [0.00269515 0.00688905 0.00730676 0.00250097 0.00185501 0.97184616
 0.00258897 0.00237109 0.00194686] [1.71670268e-04 2.78656342e-04 1.14235845e-04 1.94196487e-04
 2.08442580e-04 1.63177378e-03 9.95632470e-01 4.50042804e-04
 1.31853705e-03] [6.6047243e-04 5.4948404e-04 1.5167285e-03 7.5936405e-04 9.9416721e-01
 1.2945607e-03 3.2295231e-04 4.3889586e-04 2.9032340e-04] [0.9882713  0.00184446 0.00106411 0.00118543 0.00190219 0.00114776
 0.00103265 0.00171773 0.00183438] [0.08222234 0.0490999  0.04332431 0.1486745  0.08465917 0.20968178
 0.06749275 0.04786257 0.26698267] [0.00468743 0.00262138 0.00169102 0.96580863 0.00267773 0.0043702
 0.00353652 0.00252815 0.01207899] [0.0016291  0.9797498  0.00421278 0.00173173 0.00265731 0.00223139
 0.0014227  0.00363547 0.00272968] [0.00717719 0.9328223  0.0158696  0.00290149 0.00883689 0.00681004
 0.00951331 0.00961878 0.00645036] [0.02847123 0.02707814 0.02308335 0.20903556 0.04132853 0.12210339
 0.04906379 0.07855026 0.42128575] [0.00632393 0.03398865 0.93680656 0.00414418 0.00225014 0.0042011
 0.00215258 0.00398427 0.00614861] [0.00388442 0.939672   0.03107965 0.00221155 0.00421132 0.00602578
 0.00220017 0.00300582 0.00770931] [9.8213381e-01 1.4515765e-03 4.1833650e-03 5.7598704e-04 8.0320961e-04
 2.4769672e-03 1.5443701e-03 7.8309211e-04 6.0476004e-03] [0.01391722 0.00524656 0.01348437 0.01854902 0.00904745 0.03183996
 0.0144593  0.0067055  0.88675064] [0.028652   0.04288491 0.08475468 0.16065879 0.05328295 0.14418608
 0.06857772 0.06288521 0.3541177 ] [0.10790393 0.08682315 0.06609058 0.1304686  0.04918144 0.2155452
 0.09797468 0.06440452 0.18160789] [1.4017227e-03 8.5423439e-04 1.4283527e-03 8.5961906e-04 9.4472425e-04
 1.8074382e-03 4.2029568e-03 9.8770112e-01 7.9979183e-04] [0.00309546 0.9706779  0.00828317 0.00209203 0.00155823 0.00465683
 0.00344696 0.00489745 0.00129195] [0.0694285  0.02654486 0.03426087 0.28136495 0.04619638 0.13313787
 0.12208526 0.0678651  0.21911623] [1.1524713e-03 5.3897612e-03 9.2826184e-04 1.3574555e-03 7.0123759e-04
 1.0123880e-03 7.4016309e-04 9.8703754e-01 1.6807672e-03] [0.00257344 0.9366377  0.00912213 0.00328104 0.00485829 0.00663535
 0.00496949 0.0030957  0.02882687] [0.46031234 0.08607455 0.05849701 0.07216746 0.05858033 0.09298549
 0.06415457 0.04231962 0.06490862] [7.9553860e-01 2.8670896e-04 8.8282430e-04 1.9970673e-01 3.1775082e-04
 7.4560271e-04 4.9321126e-04 6.9560373e-04 1.3329125e-03] [0.00348944 0.01361076 0.95681995 0.00961909 0.00389684 0.00244025
 0.00218387 0.00410898 0.00383081] [0.15903866 0.05066468 0.0360302  0.28179678 0.07649971 0.09208975
 0.05636939 0.12913443 0.11837642] [9.8673648e-01 2.1601515e-03 2.3417540e-03 1.1788197e-03 1.8567282e-03
 1.1108262e-03 7.7022723e-04 1.6973553e-03 2.1476871e-03] [0.0074862  0.00685143 0.03115143 0.9425806  0.00184643 0.00381794
 0.00199953 0.0019119  0.00235458] [2.2039619e-04 2.7901851e-04 1.8460386e-04 3.5114458e-04 3.2595909e-04
 1.0503380e-03 9.9558687e-01 3.5637661e-04 1.6452268e-03] [8.3093060e-04 9.8649919e-01 2.3064860e-03 5.0715501e-03 1.0741930e-03
 6.8196049e-04 1.2992626e-03 1.1147929e-03 1.1216404e-03] [1.7296009e-03 1.3391571e-03 1.9827436e-03 8.3850157e-03 9.7904223e-01
 3.5096775e-03 8.5572962e-04 1.3843842e-03 1.7715107e-03] [4.2760056e-02 2.5190072e-04 1.7040115e-04 7.3121942e-04 3.3913276e-04
 1.1467953e-03 9.5311403e-01 3.0825514e-04 1.1781901e-03] [2.4805486e-04 4.5408751e-04 2.9292630e-04 5.3770468e-04 9.9645495e-01
 5.9122144e-04 2.8198134e-04 3.6205322e-04 7.7698287e-04] [0.14441858 0.00607048 0.01305203 0.81246394 0.00604456 0.00517536
 0.00364105 0.00452303 0.004611  ] [0.00390643 0.0219554  0.00345622 0.00393594 0.00216115 0.00966929
 0.00205673 0.95014995 0.00270882] [8.6334284e-04 1.8291721e-04 3.2961002e-04 1.7966458e-03 3.4391799e-04
 1.3184930e-03 9.9382108e-01 2.8101882e-04 1.0630100e-03] [5.2086019e-04 9.8354532e-04 8.9609809e-04 3.1867949e-04 9.9540257e-01
 8.7957684e-04 2.4724784e-04 4.3050930e-04 3.2083638e-04] [2.7941199e-04 4.2749851e-04 3.2209937e-04 4.8154092e-04 5.2908115e-04
 9.2553737e-04 9.9429047e-01 6.8667566e-04 2.0576238e-03] [1.4025620e-03 6.8053900e-04 4.1458764e-04 2.7410723e-03 9.0651296e-04
 3.7435195e-03 1.7099042e-03 9.6878773e-01 1.9613588e-02] [0.03584798 0.07497478 0.43462056 0.02121063 0.11448094 0.12225553
 0.05123016 0.04519972 0.10017968] [1.4305681e-03 9.9115563e-04 8.2816766e-04 8.4794341e-03 1.3468737e-03
 2.2191352e-03 3.3912931e-03 9.7222102e-01 9.0923896e-03] [3.2509078e-04 7.3376694e-04 5.3066679e-04 1.3432517e-03 2.7498498e-04
 3.1518165e-04 9.9568284e-01 3.4482489e-04 4.4938875e-04] [7.6229143e-04 1.0376679e-03 9.9419135e-01 6.0434861e-04 7.9612480e-04
 9.7838452e-04 4.8127072e-04 6.1187212e-04 5.3672277e-04] [0.01392868 0.00810801 0.01065695 0.02215485 0.01205859 0.03181977
 0.750253   0.01142097 0.13959916] [9.5186220e-04 1.5772807e-03 2.7807744e-03 4.4436628e-04 9.9164480e-01
 6.3539203e-04 4.6321758e-04 8.4697449e-04 6.5536372e-04] [4.9572677e-04 3.4196716e-04 2.7419720e-04 1.2884589e-03 5.5923796e-04
 9.9277824e-01 6.0452241e-04 6.7649537e-04 2.9810937e-03] [0.13079333 0.08331642 0.07237206 0.06439785 0.1416191  0.1491994
 0.05275865 0.09097277 0.21457043] [3.0955681e-04 1.4646490e-04 8.0363179e-04 1.6888854e-03 3.6430365e-04
 1.1819067e-03 5.5821176e-04 9.9325562e-01 1.6913749e-03] [1.8482809e-03 8.0231891e-04 1.1427188e-03 1.2637852e-03 8.7247760e-04
 9.8855478e-01 1.3428448e-03 2.0811043e-03 2.0917398e-03] [7.9810154e-04 7.1856985e-04 5.2317791e-04 1.3324539e-03 4.7324883e-04
 9.8414469e-01 4.4161943e-04 7.5098820e-04 1.0817139e-02] [8.3752477e-04 5.3303782e-03 1.9049208e-03 5.5669999e-04 1.2457555e-03
 9.1907638e-04 6.4519845e-04 9.8761415e-01 9.4631413e-04] [0.00508174 0.01242569 0.01034869 0.02463659 0.01015472 0.01867399
 0.01455489 0.00768488 0.8964388 ] [2.2631844e-04 1.8601946e-04 1.8441174e-04 2.8541122e-04 2.7896510e-04
 3.8344209e-04 9.9764293e-01 2.6542961e-04 5.4709322e-04] [1.0415599e-04 1.6910168e-04 9.3995564e-05 3.4478781e-04 2.4431359e-04
 2.5969127e-04 9.9812168e-01 2.4996186e-04 4.1233128e-04] [9.9626344e-01 6.7895569e-04 1.4244280e-03 1.1572297e-04 4.5769371e-04
 3.7804752e-04 1.6350213e-04 3.5049394e-04 1.6771918e-04] [0.29581696 0.16880323 0.11264761 0.03547287 0.05310965 0.22479184
 0.0381326  0.04113633 0.0300889 ] [1.8204007e-03 2.1195826e-03 9.8808485e-01 6.0166966e-04 1.1038576e-03
 1.5462526e-03 8.9957134e-04 1.5307588e-03 2.2931250e-03] [0.01140752 0.01902857 0.02823381 0.02096604 0.02641788 0.06206697
 0.01809494 0.05085552 0.7629288 ] [0.00401252 0.0043186  0.00207363 0.94856703 0.00244875 0.01418419
 0.00386609 0.00315346 0.01737567] [6.1103434e-04 4.5886813e-03 8.6864131e-04 7.0929778e-04 8.6810294e-04
 5.2134355e-04 4.7140426e-04 9.9015993e-01 1.2015497e-03] [0.8484154  0.00733329 0.09474956 0.00938451 0.00836255 0.00922055
 0.00408103 0.01086814 0.00758501] [1.0361875e-03 4.6967802e-04 4.3970402e-03 8.0863608e-04 7.2177680e-04
 6.0299458e-04 6.3711155e-04 9.8982728e-01 1.4992863e-03] [0.00269271 0.00367626 0.02549972 0.9504586  0.00294091 0.00947789
 0.00251542 0.00152353 0.00121495] [0.00334716 0.00595431 0.01203173 0.85747015 0.00642339 0.01242049
 0.01148214 0.00763956 0.0832311 ] [4.9745268e-04 4.7606672e-04 3.2281078e-04 1.3371373e-03 9.9559456e-01
 1.5903939e-04 3.4238727e-04 3.1312191e-04 9.5742050e-04] [0.00803242 0.01567856 0.01009303 0.00504045 0.00543254 0.00729185
 0.00671169 0.93155295 0.0101665 ] [0.10679902 0.14792864 0.11909433 0.08805855 0.09068781 0.06867602
 0.0888189  0.07616422 0.21377248] [1.3088676e-03 3.3706699e-03 2.5109896e-03 2.5778310e-03 9.7313127e-04
 2.4563291e-03 8.8979152e-04 9.8361742e-01 2.2950070e-03] [0.11933525 0.1597654  0.12546216 0.13556716 0.07812657 0.06109514
 0.04106604 0.1253395  0.15424278] [9.9509782e-01 1.8151818e-03 3.8440464e-04 3.0847380e-04 3.1468511e-04
 7.7805104e-04 2.8627878e-04 2.8045720e-04 7.3467940e-04] [3.2816120e-04 4.9879856e-04 3.5768296e-04 1.6291786e-03 9.9585956e-01
 5.2042538e-04 1.2468822e-04 4.3133256e-04 2.5019384e-04] [0.04518448 0.0604482  0.10109645 0.113665   0.0379791  0.07750785
 0.15459491 0.18552501 0.223999  ] [2.4610650e-04 1.3957349e-04 3.3267876e-04 6.4682803e-04 9.9138135e-01
 3.1258555e-03 7.6462654e-04 3.2977032e-04 3.0332056e-03] [6.3536741e-04 1.2572370e-03 1.2761398e-03 1.7332360e-03 8.9853862e-04
 9.8799253e-01 9.7457675e-04 2.9838046e-03 2.2486090e-03] [1.7771249e-01 1.9468426e-03 3.2989387e-04 3.1425094e-04 2.5027283e-04
 5.6376134e-04 8.1828934e-01 1.7742955e-04 4.1577785e-04] [3.3570270e-04 7.5138960e-04 7.9602090e-04 2.0779550e-04 3.6867530e-04
 6.8540318e-04 9.9584597e-01 8.3614228e-04 1.7289643e-04] [0.00325432 0.00632677 0.9588665  0.0122627  0.00298216 0.00642888
 0.0034612  0.00366725 0.00275027] [2.4242378e-04 1.5512074e-04 2.6044139e-04 4.7791441e-04 2.8311441e-04
 5.0338556e-04 9.9290246e-01 3.2231762e-04 4.8528425e-03] [4.4789814e-04 1.8207070e-03 3.6007084e-03 1.6390638e-03 1.1285550e-03
 6.3231628e-04 3.5029120e-04 9.8896480e-01 1.4157264e-03] [0.00122994 0.00194495 0.00227043 0.9589429  0.00212106 0.00723009
 0.0019638  0.00159103 0.02270576] [1.3680743e-03 1.4500747e-03 9.9111205e-01 9.0757763e-04 5.3985172e-04
 2.1734843e-03 6.3203514e-04 8.8345277e-04 9.3336572e-04] [9.9382532e-01 4.3847997e-04 1.3384295e-03 8.9137373e-04 4.0163414e-04
 9.9218928e-04 4.5046807e-04 5.5917358e-04 1.1029851e-03] [0.00632207 0.93283474 0.01558823 0.01573263 0.0044384  0.00619004
 0.00677596 0.0061139  0.00600405] [4.6116428e-04 6.7228422e-04 3.7555481e-04 6.0176366e-04 9.9426186e-01
 9.3520439e-04 2.9109823e-04 4.6206237e-04 1.9389864e-03] [0.06394314 0.09588938 0.05983047 0.17576133 0.08020879 0.24861974
 0.04774322 0.06872281 0.15928108] [1.1816689e-04 9.8981589e-05 7.7767152e-05 1.6045290e-04 1.4892603e-04
 1.7027778e-03 9.9581891e-01 2.6983951e-04 1.6042239e-03] [9.9545705e-01 7.1517640e-04 4.3721605e-04 1.3968783e-03 5.5913482e-04
 2.4201613e-04 3.2671480e-04 5.1697507e-04 3.4887472e-04]",1 3 5 5 7 4 5 5 3 1 0 3 8 4 8 4 3 5 8 1 0 1 6 0 3 4 1 1 5 7 2 8 8 3 7 4 6 3 4 1 2 0 1 3 0 8 3 8 4 4 6 2 2 2 1 4 3 4 0 5 0 8 2 2 5 7 0 1 8 6 3 6 3 6 4 7 2 7 1 0 4 6 2 1 2 1 1 5 6 8 7 5 0 7 8 7 2 0 6 4 8 6 3 3 4 7 8 6 5 3 2 2 2 0 2 7 0 5 3 2 8 4 5 8 1 8 1 3 2 5 8 5 6 4 0 8 3 1 1 3 2 1 0 8 5 8 7 1 5 7 1 1 0 2 3 0 3 6 1 4 6 4 0 7 6 4 6 7 2 7 6 2 6 4 5 8 7 5 5 7 8 6 6 0 0 2 8 5 7 0 7 3 3 4 7 5 7 5 0 4 8 4 5 6 6 2 6 7 3 2 0 1 4 7 6 0
