dataset_id,fold,checkpoint,sparsity,features,features_added,accuracy,roc_auc_score,prediction_probas,ground_truth
46921,0,xgboost,0.0,8,0,0.7272727272727273,0.7605555555555557,[0.00391245 0.99608755] [3.9583445e-04 9.9960417e-01] [0.03281403 0.967186  ] [9.9975556e-01 2.4445250e-04] [0.99157405 0.00842598] [0.9984108  0.00158917] [0.993243   0.00675701] [0.5856848  0.41431522] [0.9952958  0.00470418] [9.999224e-01 7.763480e-05] [0.9736105  0.02638951] [0.9888761  0.01112389] [0.7502181  0.24978192] [5.1259995e-05 9.9994874e-01] [0.16611534 0.83388466] [0.00228691 0.9977131 ] [0.9974897  0.00251032] [9.9999660e-01 3.4077768e-06] [0.00753462 0.9924654 ] [0.0474661 0.9525339] [0.9971172  0.00288276] [0.00503647 0.9949635 ] [7.2854757e-04 9.9927145e-01] [0.14430416 0.85569584] [0.99848765 0.00151234] [0.9988542  0.00114579] [9.9998987e-01 1.0123385e-05] [9.9997884e-01 2.1153635e-05] [0.9978818  0.00211819] [0.00121599 0.998784  ] [0.7055899  0.29441014] [9.9983591e-01 1.6412049e-04] [8.4984303e-04 9.9915016e-01] [0.5893583  0.41064164] [9.9958110e-01 4.1890924e-04] [9.9997109e-01 2.8892144e-05] [9.997658e-01 2.342077e-04] [9.9985766e-01 1.4234537e-04] [0.98782665 0.01217334] [0.66391265 0.33608732] [0.00132114 0.99867886] [0.9978927 0.0021073] [0.06742066 0.93257934] [0.9259146  0.07408542] [9.996007e-01 3.992957e-04] [0.9987584  0.00124165] [0.9962895  0.00371049] [9.9998415e-01 1.5835027e-05] [0.9969803  0.00301969] [9.9990606e-01 9.3921095e-05] [0.9878043  0.01219572] [9.9999803e-01 1.9919316e-06] [0.00910485 0.99089515] [0.80397606 0.19602393] [0.47715968 0.5228403 ] [0.20012921 0.7998708 ] [9.997139e-01 2.861019e-04] [0.9844983 0.0155017] [0.0236184 0.9763816] [0.9805246  0.01947541] [0.38822204 0.61177796] [3.5762787e-04 9.9964237e-01] [9.9949503e-01 5.0497334e-04] [0.30174917 0.69825083] [0.8986968 0.1013032] [0.95866877 0.04133125] [0.00118279 0.9988172 ] [0.13478482 0.8652152 ] [1.333952e-04 9.998666e-01] [0.85332894 0.14667103] [0.992826   0.00717402] [3.4594536e-04 9.9965405e-01] [0.4636413 0.5363587] [0.98633265 0.01366737] [9.9986023e-01 1.3979475e-04] [0.99165803 0.00834198] [0.9734602  0.02653978] [0.4976859 0.5023141] [0.98639053 0.01360947] [0.9956142  0.00438584] [9.999539e-01 4.609701e-05] [0.9911604  0.00883962] [9.9998742e-01 1.2571732e-05] [0.9887018 0.0112982] [9.9976999e-01 2.3002151e-04] [9.9987936e-01 1.2062364e-04] [0.7496116 0.2503884] [0.32405078 0.6759492 ] [0.02261788 0.9773821 ] [0.01707709 0.9829229 ] [0.00233495 0.99766505] [0.99189276 0.00810722] [9.9964404e-01 3.5596438e-04] [0.19636756 0.80363244] [9.9994993e-01 5.0050232e-05] [9.9979937e-01 2.0062085e-04] [0.04560751 0.9543925 ] [0.0135268 0.9864732] [0.9981216  0.00187835] [0.99875367 0.00124632] [0.8657362  0.13426381] [9.9995631e-01 4.3666692e-05] [0.0011304 0.9988696] [0.01000965 0.98999035] [9.999092e-01 9.075946e-05] [0.0425638 0.9574362] [0.9799368  0.02006324] [9.9998683e-01 1.3180685e-05] [0.00166672 0.9983333 ] [0.15563327 0.8443667 ] [0.07819766 0.92180234] [0.04578477 0.9542152 ] [0.9976611  0.00233889] [0.7357035  0.26429647] [0.8391851 0.1608149] [0.9934949  0.00650506] [9.9995375e-01 4.6280769e-05] [0.9947358  0.00526422] [0.8925916  0.10740837] [0.5889458 0.4110542] [9.9976182e-01 2.3817061e-04] [0.9434547  0.05654534] [0.99862474 0.00137524] [0.91266    0.08733998] [0.03981704 0.96018296] [0.01635629 0.9836437 ] [0.9988443  0.00115567] [0.94682413 0.05317585] [0.9581761  0.04182393] [0.5903454  0.40965462] [0.8076252  0.19237481] [0.98030525 0.01969475] [0.01292968 0.9870703 ] [0.06407613 0.9359239 ] [0.96049017 0.03950981] [9.9961513e-01 3.8484420e-04] [0.04495144 0.95504856] [0.08928388 0.9107161 ] [0.8892889  0.11071112] [0.00562429 0.9943757 ] [0.9259619  0.07403807] [0.7694482  0.23055178] [0.96265024 0.03734975] [0.85891515 0.14108485] [0.9008466  0.09915338] [0.6718718 0.3281282] [0.99412185 0.00587815] [0.99497074 0.00502925] [9.999237e-01 7.626630e-05] [0.98325086 0.01674914] [0.03487909 0.9651209 ] [0.97702616 0.02297385] [9.999949e-01 5.103089e-06] [0.99055237 0.00944766],0 1 1 0 0 0 0 1 0 0 0 0 0 1 1 0 0 0 1 0 0 0 1 1 0 0 0 0 0 0 0 0 1 0 0 0 1 0 0 1 0 0 1 0 0 0 0 0 0 0 1 0 1 1 1 1 0 0 0 0 0 1 0 0 0 0 1 1 1 1 0 0 0 1 1 0 1 0 0 0 0 0 0 0 0 0 1 1 1 1 1 1 1 1 0 0 0 1 0 1 0 0 1 0 0 0 1 0 1 1 0 0 0 1 0 1 0 1 0 0 0 0 0 1 1 0 0 0 0 0 0 0 0 1 0 0 1 1 0 1 0 1 1 0 0 0 1 1 0 0 1 1 0 0
46921,1,xgboost,0.0,8,0,0.7142857142857143,0.764074074074074,[0.6724074 0.3275926] [0.9420429 0.0579571] [0.99848765 0.00151233] [1.09910965e-04 9.99890089e-01] [0.9978661  0.00213393] [9.9998379e-01 1.6189497e-05] [0.05481815 0.94518185] [0.954908   0.04509198] [0.8043962  0.19560379] [0.00963807 0.9903619 ] [0.85508114 0.14491884] [9.9919760e-01 8.0239325e-04] [0.41957498 0.580425  ] [0.01591557 0.9840844 ] [9.9998176e-01 1.8231001e-05] [0.09367257 0.9063274 ] [0.99780357 0.00219641] [9.9967426e-01 3.2574809e-04] [0.01331645 0.98668355] [0.99604386 0.00395613] [0.0506503 0.9493497] [9.9979085e-01 2.0915513e-04] [9.9939257e-01 6.0740573e-04] [0.04687172 0.9531283 ] [0.989213 0.010787] [0.2258097 0.7741903] [0.9769166  0.02308339] [0.7714174  0.22858264] [0.9608182  0.03918181] [0.04462534 0.95537466] [0.05402964 0.94597036] [0.01972985 0.98027015] [9.9995846e-01 4.1535179e-05] [0.9327887  0.06721126] [0.9757076  0.02429241] [0.91719174 0.08280827] [0.30473506 0.69526494] [0.9982018 0.0017982] [0.16925764 0.83074236] [9.9976069e-01 2.3933177e-04] [9.9977499e-01 2.2503022e-04] [0.86434543 0.13565454] [0.95716757 0.04283241] [0.68163    0.31836995] [0.36696535 0.63303465] [0.01209253 0.98790747] [0.06326813 0.9367319 ] [9.999268e-01 7.317344e-05] [0.97810024 0.02189976] [9.990801e-01 9.198967e-04] [0.13458157 0.86541843] [9.9996603e-01 3.3994427e-05] [0.8868996  0.11310042] [9.9930894e-01 6.9106056e-04] [9.992640e-01 7.360128e-04] [0.00417852 0.9958215 ] [0.90156424 0.09843576] [0.17625058 0.8237494 ] [0.93594897 0.06405104] [9.9985498e-01 1.4500292e-04] [0.77514946 0.22485052] [0.77292776 0.22707224] [0.21087134 0.78912866] [0.17174792 0.8282521 ] [0.9268114 0.0731886] [0.11651343 0.88348657] [9.9931133e-01 6.8866153e-04] [0.26582247 0.73417753] [0.92933124 0.07066878] [0.8977392  0.10226086] [0.7944488  0.20555122] [0.01313919 0.9868608 ] [0.8845789  0.11542112] [0.9328343 0.0671657] [9.9979043e-01 2.0958553e-04] [0.990234   0.00976598] [9.9989247e-01 1.0754126e-04] [0.9913022  0.00869781] [0.9972169  0.00278313] [0.9638805  0.03611951] [1.0430813e-04 9.9989569e-01] [0.9949184  0.00508158] [0.23507214 0.76492786] [0.20056164 0.79943836] [0.9986759  0.00132412] [9.9952966e-01 4.7031595e-04] [9.9995840e-01 4.1583375e-05] [0.06019211 0.9398079 ] [9.9999696e-01 3.0458809e-06] [0.06790924 0.93209076] [0.9922058  0.00779419] [0.62910676 0.37089324] [9.9995285e-01 4.7155070e-05] [0.6748587  0.32514134] [9.9966615e-01 3.3383144e-04] [0.09116364 0.90883636] [0.33709532 0.6629047 ] [0.34175164 0.65824836] [0.9840271  0.01597288] [0.9898163  0.01018369] [0.8851234  0.11487664] [9.9965471e-01 3.4531034e-04] [0.00228089 0.9977191 ] [9.9988532e-01 1.1465271e-04] [0.06149304 0.93850696] [0.9511153  0.04888471] [0.9917937  0.00820633] [0.6809207  0.31907928] [0.06342357 0.9365764 ] [0.9972441  0.00275589] [0.9585475  0.04145255] [0.9984757 0.0015243] [0.9979963  0.00200374] [0.13302433 0.86697567] [0.00158763 0.9984124 ] [9.992490e-01 7.510465e-04] [0.9864628  0.01353722] [0.6932589  0.30674112] [0.9982542  0.00174585] [0.9986997  0.00130026] [0.9978225  0.00217749] [0.9982446  0.00175542] [0.8677481  0.13225193] [0.00178021 0.9982198 ] [0.98259366 0.01740636] [0.21207154 0.78792846] [9.9971122e-01 2.8879032e-04] [9.9996483e-01 3.5187160e-05] [9.9967134e-01 3.2866822e-04] [0.9954582  0.00454181] [0.2518171 0.7481829] [0.58925223 0.41074777] [1.5187263e-04 9.9984813e-01] [9.9958575e-01 4.1424306e-04] [0.00473642 0.9952636 ] [0.01322937 0.98677063] [9.9986655e-01 1.3344316e-04] [0.00611091 0.9938891 ] [0.9981362  0.00186376] [0.75553465 0.24446537] [9.9998617e-01 1.3802459e-05] [0.12137139 0.8786286 ] [0.09579617 0.90420383] [9.9994844e-01 5.1554674e-05] [0.0016216 0.9983784] [9.993671e-01 6.328558e-04] [0.99850404 0.00149595] [9.9984580e-01 1.5419566e-04] [9.9997753e-01 2.2459306e-05] [0.28518784 0.71481216] [0.9777325  0.02226753] [0.8671825  0.13281754] [0.99291724 0.00708279] [0.72439355 0.27560645],1 0 0 1 0 0 1 1 1 1 1 0 1 1 0 0 1 0 1 0 0 0 1 1 0 1 0 0 1 1 1 1 0 0 0 0 0 0 0 0 1 0 0 1 0 1 1 0 0 0 0 0 1 0 0 0 0 0 1 0 1 0 0 1 0 0 0 1 0 1 0 0 1 0 0 0 0 0 0 1 0 0 1 0 0 0 0 1 0 0 1 0 0 0 0 1 0 0 0 0 0 0 1 0 0 0 1 0 0 1 0 1 0 1 1 1 0 0 0 0 0 0 0 1 0 1 0 0 1 1 1 1 1 0 0 1 0 1 0 0 0 1 1 0 1 0 0 0 0 0 0 0 0 1
46921,2,xgboost,0.0,8,0,0.7207792207792207,0.7812962962962963,[0.5308627  0.46913734] [0.99744993 0.00255008] [0.9959895  0.00401049] [9.994085e-01 5.914919e-04] [9.9977416e-01 2.2584337e-04] [0.00108325 0.99891675] [0.9962514  0.00374857] [9.9971229e-01 2.8771054e-04] [6.530881e-04 9.993469e-01] [0.73191965 0.26808038] [0.9974987  0.00250131] [0.01647079 0.9835292 ] [9.9999446e-01 5.5202945e-06] [9.9999648e-01 3.4986783e-06] [0.08168203 0.918318  ] [8.190274e-04 9.991810e-01] [9.9999696e-01 3.0582307e-06] [0.846936   0.15306401] [9.9996835e-01 3.1654563e-05] [6.4617395e-04 9.9935383e-01] [0.13387203 0.86612797] [0.70675325 0.29324675] [2.1356344e-04 9.9978644e-01] [9.9997056e-01 2.9471616e-05] [9.9990946e-01 9.0534799e-05] [9.9999827e-01 1.7312328e-06] [9.9999619e-01 3.8155413e-06] [4.5007467e-04 9.9954993e-01] [0.9341234  0.06587663] [9.9955517e-01 4.4481072e-04] [0.4736094 0.5263906] [0.00917488 0.9908251 ] [0.02497691 0.9750231 ] [9.9998820e-01 1.1780105e-05] [0.98913115 0.01086886] [9.9987292e-01 1.2705817e-04] [0.19529575 0.80470425] [9.990193e-01 9.806691e-04] [9.9962598e-01 3.7404514e-04] [9.9980897e-01 1.9105602e-04] [0.98604214 0.01395786] [9.9977833e-01 2.2167346e-04] [0.28697562 0.7130244 ] [0.9985542  0.00144576] [0.00447989 0.9955201 ] [0.93579257 0.0642074 ] [9.995407e-01 4.592884e-04] [0.42495787 0.5750421 ] [0.98448914 0.01551086] [0.20796973 0.7920303 ] [0.26729017 0.7327098 ] [9.9998641e-01 1.3577918e-05] [0.92302084 0.07697917] [9.9938804e-01 6.1193726e-04] [0.6568209 0.3431791] [9.999660e-01 3.398717e-05] [0.7059635 0.2940365] [0.04683149 0.9531685 ] [9.993398e-01 6.601945e-04] [0.451375 0.548625] [0.8753022  0.12469782] [1.8030405e-04 9.9981970e-01] [0.9989915  0.00100852] [9.999594e-01 4.057983e-05] [9.9979180e-01 2.0819611e-04] [9.9999523e-01 4.7737085e-06] [0.00252134 0.99747866] [0.9623252  0.03767481] [9.9959797e-01 4.0202698e-04] [9.9987262e-01 1.2740442e-04] [0.6339171  0.36608294] [1.6355515e-04 9.9983644e-01] [0.00221902 0.997781  ] [9.9968433e-01 3.1569533e-04] [0.01308626 0.98691374] [0.97053903 0.02946098] [9.9997675e-01 2.3216175e-05] [0.66517353 0.33482647] [0.9698406  0.03015943] [9.9993652e-01 6.3487125e-05] [9.9998379e-01 1.6198654e-05] [0.00116378 0.9988362 ] [0.99844193 0.00155806] [9.9980646e-01 1.9355561e-04] [0.21789384 0.78210616] [9.9998569e-01 1.4300853e-05] [9.999159e-01 8.411170e-05] [0.9954479  0.00455212] [0.8651755  0.13482451] [0.9908465  0.00915346] [0.0013054 0.9986946] [0.96737736 0.03262264] [0.9052849  0.09471513] [0.8936269  0.10637304] [0.39309108 0.6069089 ] [0.01346868 0.9865313 ] [3.3938885e-04 9.9966061e-01] [0.51662076 0.48337924] [9.999982e-01 1.797648e-06] [0.00739127 0.9926087 ] [0.9989484  0.00105158] [9.9999756e-01 2.4523911e-06] [0.00837934 0.99162066] [0.00270963 0.9972904 ] [9.9999309e-01 6.9105927e-06] [0.9319982  0.06800182] [0.96790457 0.03209546] [9.9998331e-01 1.6694032e-05] [9.999159e-01 8.409446e-05] [9.998658e-01 1.342188e-04] [0.996885   0.00311501] [0.15554112 0.8444589 ] [0.9497861  0.05021388] [0.26455742 0.7354426 ] [0.0777055 0.9222945] [0.90730333 0.09269664] [0.9978162  0.00218379] [0.33383846 0.66616154] [0.8938084  0.10619158] [0.26350462 0.7364954 ] [0.983826   0.01617402] [0.9989648  0.00103524] [9.993380e-01 6.620372e-04] [9.9994737e-01 5.2624466e-05] [0.97065496 0.02934501] [0.00355184 0.99644816] [0.04788005 0.95211995] [0.00288117 0.99711883] [0.03042734 0.96957266] [9.9943578e-01 5.6423864e-04] [0.6773809 0.3226191] [0.00384974 0.99615026] [0.7538211  0.24617893] [0.03649986 0.96350014] [0.9138177  0.08618232] [9.9999404e-01 5.9802314e-06] [0.38553524 0.61446476] [0.05284351 0.9471565 ] [0.9941833  0.00581668] [9.9997973e-01 2.0291034e-05] [0.06906199 0.930938  ] [0.76305443 0.23694555] [9.9980384e-01 1.9615647e-04] [9.9996758e-01 3.2438875e-05] [0.2331835 0.7668165] [0.97848606 0.02151392] [0.8647679  0.13523208] [0.4717909 0.5282091] [0.9262217  0.07377824] [0.86092    0.13907999] [0.1875614 0.8124386] [9.9996126e-01 3.8770093e-05] [9.9983025e-01 1.6976990e-04] [0.9627526  0.03724744],1 0 1 0 0 1 1 0 0 1 0 0 0 0 1 1 0 1 0 1 1 0 1 0 0 0 1 0 0 0 0 1 0 0 1 0 1 0 0 0 0 0 1 1 1 0 0 0 0 0 1 0 0 0 0 0 0 0 0 0 1 1 0 0 0 0 1 0 1 0 0 1 1 0 0 1 0 0 1 0 0 1 1 1 1 0 0 0 0 1 0 0 1 0 1 1 1 1 0 0 0 0 0 1 0 0 0 0 0 0 0 0 0 1 0 1 0 0 0 0 0 0 0 0 0 1 0 1 1 0 1 1 1 1 0 0 1 0 0 0 1 0 1 0 0 0 0 1 0 1 1 0 0 1
46921,3,xgboost,0.0,8,0,0.6993464052287581,0.7835849056603774,[0.19361198 0.806388  ] [0.9782045  0.02179554] [0.08205545 0.91794455] [9.9963224e-01 3.6778918e-04] [9.999954e-01 4.595028e-06] [0.029576 0.970424] [9.9957156e-01 4.2845708e-04] [0.28195626 0.71804374] [0.00333858 0.9966614 ] [0.23968655 0.76031345] [0.9970506 0.0029494] [9.999964e-01 3.600826e-06] [0.08665061 0.9133494 ] [9.9914336e-01 8.5663173e-04] [0.9979236  0.00207637] [0.13448995 0.86551005] [9.9997997e-01 2.0015606e-05] [0.20023471 0.7997653 ] [0.47255164 0.52744836] [0.01596123 0.9840388 ] [0.18752849 0.8124715 ] [0.23828924 0.76171076] [6.482005e-04 9.993518e-01] [0.98839957 0.01160045] [0.9880694  0.01193056] [0.01215684 0.98784316] [0.99592596 0.00407406] [0.00177473 0.9982253 ] [0.97973675 0.02026324] [0.99186635 0.00813367] [9.9999297e-01 7.0555052e-06] [0.6940135  0.30598652] [0.60571563 0.39428437] [0.64361167 0.3563883 ] [0.02595073 0.97404927] [0.22594535 0.77405465] [0.9796525  0.02034749] [0.88352424 0.11647575] [0.03037477 0.96962523] [9.9994701e-01 5.3005737e-05] [0.99704605 0.00295395] [9.9996257e-01 3.7450380e-05] [0.9937263  0.00627369] [0.8855507  0.11444934] [9.9935484e-01 6.4517069e-04] [0.10030508 0.8996949 ] [0.9872655 0.0127345] [0.84595096 0.15404902] [0.9943548  0.00564524] [0.9617189  0.03828111] [9.9967897e-01 3.2105771e-04] [9.999103e-01 8.972810e-05] [9.9990386e-01 9.6114607e-05] [0.97231793 0.02768205] [0.6039243  0.39607573] [0.41749322 0.5825068 ] [0.867385   0.13261494] [9.9964654e-01 3.5346203e-04] [0.00639355 0.99360645] [0.983882 0.016118] [0.79285854 0.20714147] [0.99873316 0.00126685] [0.98900753 0.01099246] [0.9875738  0.01242619] [0.76446056 0.2355394 ] [0.11107343 0.88892657] [0.84574586 0.15425412] [0.28405154 0.71594846] [0.00216657 0.99783343] [0.9772743  0.02272569] [9.998548e-01 1.452138e-04] [0.0050596 0.9949404] [0.0486272 0.9513728] [9.9918628e-01 8.1372476e-04] [9.9986643e-01 1.3356066e-04] [9.9999696e-01 3.0507329e-06] [0.99465847 0.00534153] [0.14182353 0.85817647] [9.9998152e-01 1.8490548e-05] [0.08997715 0.91002285] [0.5478127 0.4521873] [0.8346911  0.16530891] [9.9981725e-01 1.8275373e-04] [0.01206601 0.987934  ] [0.5941721 0.4058279] [0.9471551  0.05284491] [0.9516004 0.0483996] [9.9999869e-01 1.3261644e-06] [0.01317912 0.9868209 ] [0.00871634 0.99128366] [9.999374e-01 6.259226e-05] [0.99482954 0.00517045] [9.991138e-01 8.861772e-04] [0.30611825 0.69388175] [0.12486804 0.87513196] [0.9852987  0.01470133] [0.2843483 0.7156517] [0.5032357  0.49676433] [0.00250757 0.99749243] [0.9884038  0.01159619] [0.02094066 0.97905934] [0.09362251 0.9063775 ] [0.9879314  0.01206864] [0.82910293 0.17089708] [0.990898   0.00910198] [0.9978534  0.00214659] [0.05966794 0.94033206] [0.9448346  0.05516539] [7.7986717e-04 9.9922013e-01] [0.99847794 0.00152207] [9.9997455e-01 2.5470434e-05] [0.01011348 0.9898865 ] [0.04659665 0.95340335] [0.98346996 0.01653001] [9.999251e-01 7.492771e-05] [0.93301964 0.06698033] [0.02959633 0.9704037 ] [9.9956423e-01 4.3577884e-04] [1.502037e-04 9.998498e-01] [0.98406607 0.01593394] [0.02899742 0.9710026 ] [9.994862e-01 5.137988e-04] [9.999996e-01 4.420031e-07] [0.28134155 0.71865845] [0.01696908 0.9830309 ] [0.09970266 0.90029734] [0.8640063  0.13599372] [0.87370694 0.12629303] [9.9994725e-01 5.2721811e-05] [9.999036e-01 9.637599e-05] [0.98256165 0.01743835] [0.00684375 0.99315625] [0.73386914 0.26613086] [0.9022601  0.09773987] [0.02443492 0.9755651 ] [0.99360025 0.00639973] [9.9996352e-01 3.6469217e-05] [0.00445682 0.9955432 ] [0.93472844 0.06527153] [0.99898577 0.00101424] [0.6410289  0.35897115] [0.66258985 0.33741015] [0.66561365 0.33438638] [0.9978427  0.00215725] [0.48484963 0.51515037] [0.14321262 0.8567874 ] [0.9635839 0.0364161] [0.7687662  0.23123378] [0.9920943  0.00790571] [0.4244374 0.5755626] [9.9990666e-01 9.3323026e-05] [0.0121702 0.9878298] [0.99761695 0.00238305],0 1 1 0 1 1 0 0 1 1 0 0 0 0 0 0 0 1 0 1 1 1 1 1 0 1 0 0 0 0 0 1 0 0 1 0 0 0 1 0 0 0 0 0 0 0 1 0 1 0 0 0 0 0 1 0 1 0 1 0 1 0 0 0 0 0 0 0 1 0 0 0 1 0 0 0 0 1 0 1 1 1 0 0 0 0 1 0 1 1 0 0 0 0 0 0 1 1 0 0 1 0 0 0 0 0 0 1 1 1 0 1 1 0 0 0 1 0 1 1 1 0 0 1 0 0 1 1 0 0 0 1 0 0 0 0 0 0 1 0 0 1 1 0 0 1 0 1 0 1 0 0 0
46921,4,xgboost,0.0,8,0,0.7843137254901961,0.8169811320754717,[0.9984563  0.00154368] [0.9990008  0.00099922] [4.3672323e-04 9.9956328e-01] [0.9140421  0.08595786] [9.9983227e-01 1.6772261e-04] [0.063263 0.936737] [0.78629625 0.21370372] [9.9993855e-01 6.1459301e-05] [9.996078e-01 3.921999e-04] [0.997688   0.00231202] [2.3311377e-04 9.9976689e-01] [0.00174624 0.99825376] [0.98878556 0.01121441] [0.9912418  0.00875817] [0.6942483  0.30575165] [9.9910355e-01 8.9647283e-04] [0.91205597 0.087944  ] [9.9975467e-01 2.4531380e-04] [0.02693856 0.97306144] [0.91654456 0.08345547] [0.9954449 0.0045551] [0.14306247 0.8569375 ] [0.9945805 0.0054195] [9.9996781e-01 3.2160544e-05] [0.99686325 0.00313677] [0.99096245 0.00903755] [0.04158783 0.9584122 ] [9.9993044e-01 6.9546775e-05] [0.98644745 0.01355256] [0.2375201 0.7624799] [0.9918201  0.00817988] [9.9966162e-01 3.3835467e-04] [0.88850135 0.11149864] [0.737694   0.26230597] [0.05826479 0.9417352 ] [0.01140338 0.9885966 ] [0.99895793 0.00104208] [0.8644253  0.13557473] [9.9978614e-01 2.1385838e-04] [9.9998075e-01 1.9237346e-05] [0.22343898 0.776561  ] [0.98500305 0.01499695] [0.9987249  0.00127514] [0.99621546 0.00378452] [0.94491696 0.05508307] [0.989142 0.010858] [0.00106519 0.9989348 ] [0.01062781 0.9893722 ] [0.98699725 0.01300274] [0.9086885 0.0913115] [9.9997050e-01 2.9527146e-05] [0.95073485 0.04926513] [0.02787709 0.9721229 ] [0.34005588 0.6599441 ] [0.9962143  0.00378572] [0.0458793 0.9541207] [2.939105e-04 9.997061e-01] [0.9878264 0.0121736] [0.9982881  0.00171191] [0.9979784  0.00202159] [0.99182993 0.00817008] [0.4546904 0.5453096] [0.02739042 0.9726096 ] [9.9996114e-01 3.8837297e-05] [0.47848707 0.5215129 ] [9.999949e-01 5.102544e-06] [9.9994147e-01 5.8539714e-05] [0.99675924 0.00324076] [0.62527746 0.37472254] [0.6680436  0.33195642] [0.3515675 0.6484325] [0.9781689  0.02183107] [1.9353628e-04 9.9980646e-01] [0.3665951 0.6334049] [9.9987137e-01 1.2865062e-04] [0.70588887 0.29411113] [0.98910964 0.01089035] [0.09603143 0.9039686 ] [0.00277603 0.997224  ] [0.20091343 0.7990866 ] [9.9997306e-01 2.6955444e-05] [0.00488162 0.9951184 ] [0.99813133 0.00186868] [0.7683597  0.23164028] [0.9655744  0.03442562] [0.00127321 0.9987268 ] [0.23634797 0.763652  ] [9.499192e-04 9.990501e-01] [9.999319e-01 6.812904e-05] [9.9997538e-01 2.4592866e-05] [0.86516106 0.13483897] [0.8111149  0.18888506] [0.05639893 0.9436011 ] [0.9848605  0.01513951] [0.49215442 0.5078456 ] [0.7147981  0.28520188] [0.9858012  0.01419879] [0.9897914  0.01020858] [0.33084166 0.66915834] [0.62130266 0.37869734] [9.99987364e-01 1.26653795e-05] [9.9999696e-01 3.0340698e-06] [0.02754992 0.9724501 ] [0.9799685  0.02003152] [0.9849306  0.01506942] [0.99314374 0.00685628] [0.74245024 0.25754973] [0.86398494 0.13601506] [9.9938476e-01 6.1524665e-04] [0.9565902  0.04340981] [0.9954502  0.00454983] [0.22588503 0.77411497] [0.98494375 0.01505626] [0.9946365  0.00536354] [0.38478917 0.61521083] [0.00104582 0.9989542 ] [0.9981818  0.00181821] [0.6648886 0.3351114] [0.9123192  0.08768079] [0.15416503 0.845835  ] [9.9967122e-01 3.2875314e-04] [0.7406925 0.2593075] [0.00437576 0.99562424] [0.0085966 0.9914034] [0.9716542  0.02834585] [0.9447085  0.05529147] [0.3156364 0.6843636] [0.57835424 0.42164573] [0.03054619 0.9694538 ] [0.18147343 0.81852657] [9.9993527e-01 6.4758235e-05] [0.9938763  0.00612371] [0.12713146 0.87286854] [0.33337063 0.6666294 ] [0.00374329 0.9962567 ] [9.999946e-01 5.444531e-06] [9.99891222e-01 1.08752356e-04] [9.9998468e-01 1.5304768e-05] [0.34028882 0.6597112 ] [9.9996322e-01 3.6789534e-05] [0.9962936 0.0037064] [0.08255893 0.91744107] [0.98673123 0.01326879] [0.9984138  0.00158617] [0.98954934 0.01045065] [0.36563993 0.6343601 ] [0.00124979 0.9987502 ] [0.9987385  0.00126149] [0.06582379 0.9341762 ] [9.9977762e-01 2.2239982e-04] [0.9223939  0.07760607] [0.02390558 0.9760944 ] [0.99593425 0.00406576],1 0 1 1 0 1 0 0 0 0 1 1 0 0 0 0 0 0 1 0 0 1 0 0 0 1 1 0 0 0 0 0 1 0 1 1 0 0 1 0 1 1 0 0 0 0 1 1 0 0 0 0 1 0 0 1 1 0 1 0 1 0 1 0 1 0 0 0 1 0 1 1 1 0 0 0 1 1 1 0 0 0 0 0 0 1 1 1 0 0 1 0 1 0 0 0 0 0 1 0 0 0 1 0 0 1 0 0 0 0 1 0 0 1 0 0 0 0 0 1 0 0 0 1 0 0 1 1 1 0 0 0 0 1 0 0 0 0 1 0 0 0 1 0 0 0 1 0 1 0 0 1 0
46921,0,xgboost,0.0,50,42,0.6818181818181818,0.737037037037037,[0.00218827 0.99781173] [0.01787931 0.9821207 ] [0.04775631 0.9522437 ] [0.9981631  0.00183689] [0.87737256 0.12262741] [0.07015735 0.92984265] [0.9837817  0.01621829] [0.74155784 0.2584422 ] [0.9604151  0.03958489] [9.9979597e-01 2.0401846e-04] [0.9855948  0.01440517] [0.45374864 0.54625136] [0.9410383  0.05896171] [0.00983423 0.99016577] [0.13697308 0.8630269 ] [0.35847843 0.6415216 ] [9.9928164e-01 7.1833609e-04] [9.9992067e-01 7.9321486e-05] [0.38792264 0.61207736] [0.33235556 0.66764444] [0.8866718  0.11332823] [0.01492804 0.98507196] [0.04230124 0.95769876] [9.9967325e-01 3.2672315e-04] [9.9978483e-01 2.1517661e-04] [0.95465416 0.04534583] [0.9933069  0.00669311] [0.4355669 0.5644331] [9.998175e-01 1.825150e-04] [0.08267266 0.91732734] [0.9760565  0.02394346] [9.995108e-01 4.892008e-04] [0.03959143 0.96040857] [0.8073822  0.19261776] [0.9973353  0.00266466] [9.999035e-01 9.651596e-05] [9.9922127e-01 7.7872840e-04] [0.9986722  0.00132784] [0.9987071  0.00129291] [0.00416702 0.995833  ] [0.00443876 0.99556124] [9.996961e-01 3.039258e-04] [0.6258415 0.3741585] [0.9884538  0.01154619] [0.9972986  0.00270138] [9.9994475e-01 5.5251792e-05] [0.9689559  0.03104411] [0.9986574  0.00134257] [0.9972984  0.00270155] [0.84012735 0.15987262] [0.9147428  0.08525716] [0.9978394  0.00216059] [4.975796e-04 9.995024e-01] [0.98802364 0.01197635] [0.6746527  0.32534727] [0.35898954 0.64101046] [0.9979978  0.00200216] [0.5170036 0.4829964] [0.5663372  0.43366274] [0.8788732  0.12112674] [0.96611404 0.03388594] [5.887747e-04 9.994112e-01] [0.915125 0.084875] [0.9618647  0.03813532] [0.5289655  0.47103456] [0.41801435 0.58198565] [0.09147525 0.90852475] [0.5718709  0.42812905] [0.02292681 0.9770732 ] [0.898521   0.10147902] [0.9906498  0.00935018] [0.01677537 0.98322463] [0.26735884 0.73264116] [0.9918796  0.00812042] [0.9749721  0.02502789] [0.9811432  0.01885681] [0.84911597 0.150884  ] [0.5562357 0.4437643] [0.9925271  0.00747285] [0.9431827  0.05681729] [9.999721e-01 2.791324e-05] [0.8493734  0.15062661] [9.9985832e-01 1.4168941e-04] [0.9879574  0.01204258] [0.985617   0.01438301] [0.82410765 0.17589238] [0.86715984 0.13284017] [0.6800437  0.31995633] [0.9900158  0.00998417] [0.01187664 0.98812336] [0.00123692 0.9987631 ] [0.8720414  0.12795858] [0.9973474  0.00265258] [0.01521158 0.9847884 ] [0.9868733  0.01312668] [9.9923974e-01 7.6026225e-04] [0.9876498  0.01235021] [4.8732758e-04 9.9951267e-01] [9.9994063e-01 5.9385646e-05] [0.9569737  0.04302635] [0.9958786  0.00412141] [9.999393e-01 6.070498e-05] [0.15692085 0.84307915] [0.8630825  0.13691747] [0.88168895 0.11831102] [0.36149216 0.63850784] [0.768546   0.23145398] [0.99777013 0.00222986] [0.00408334 0.99591666] [0.9891535  0.01084653] [0.94100416 0.05899585] [0.36039972 0.6396003 ] [0.9848782  0.01512179] [0.9896929  0.01030709] [0.91875136 0.08124866] [0.9897246  0.01027543] [9.9999648e-01 3.5288404e-06] [0.88367015 0.11632986] [9.9919873e-01 8.0127193e-04] [0.6826101 0.3173899] [0.97655815 0.02344188] [0.917313   0.08268704] [0.99817795 0.00182203] [0.9824457  0.01755427] [0.00539666 0.99460334] [0.3393299 0.6606701] [0.99478835 0.00521162] [0.6366972  0.36330283] [0.99165064 0.00834938] [0.45875525 0.54124475] [0.9069696 0.0930304] [0.9247191 0.0752809] [0.3252589 0.6747411] [0.55660903 0.443391  ] [0.8104035  0.18959646] [0.98137337 0.01862663] [0.6079975  0.39200252] [0.3566864 0.6433136] [0.9987417  0.00125829] [0.2158584 0.7841416] [0.9847033 0.0152967] [0.8553052  0.14469483] [0.5566304 0.4433696] [0.9104476  0.08955239] [0.8367375  0.16326252] [9.997508e-01 2.491964e-04] [0.89445937 0.10554062] [0.99366325 0.00633674] [9.9906635e-01 9.3363796e-04] [9.9937105e-01 6.2892633e-04] [0.84742314 0.15257686] [0.9574649  0.04253514] [9.9994624e-01 5.3751864e-05] [9.9981815e-01 1.8184932e-04],0 1 1 0 0 0 0 1 0 0 0 0 0 1 1 0 0 0 1 0 0 0 1 1 0 0 0 0 0 0 0 0 1 0 0 0 1 0 0 1 0 0 1 0 0 0 0 0 0 0 1 0 1 1 1 1 0 0 0 0 0 1 0 0 0 0 1 1 1 1 0 0 0 1 1 0 1 0 0 0 0 0 0 0 0 0 1 1 1 1 1 1 1 1 0 0 0 1 0 1 0 0 1 0 0 0 1 0 1 1 0 0 0 1 0 1 0 1 0 0 0 0 0 1 1 0 0 0 0 0 0 0 0 1 0 0 1 1 0 1 0 1 1 0 0 0 1 1 0 0 1 1 0 0
46921,1,xgboost,0.0,50,42,0.7467532467532467,0.807962962962963,[0.8748168 0.1251832] [0.99216175 0.00783824] [0.8614534  0.13854656] [0.00437802 0.995622  ] [0.99453527 0.00546471] [0.99753594 0.00246404] [0.06902045 0.93097955] [0.9246627  0.07533727] [0.36197126 0.63802874] [0.01320058 0.9867994 ] [0.06257778 0.9374222 ] [0.96994007 0.03005991] [0.8960596  0.10394041] [4.6133995e-05 9.9995387e-01] [0.99540323 0.0045968 ] [0.19146907 0.8085309 ] [0.8299957  0.17000432] [9.9922276e-01 7.7722821e-04] [0.0705573 0.9294427] [0.9923064  0.00769359] [0.9089091  0.09109093] [9.991717e-01 8.283336e-04] [0.83818656 0.16181345] [0.00221866 0.99778134] [0.96716064 0.03283938] [0.00301391 0.9969861 ] [0.94642645 0.05357352] [0.15591371 0.8440863 ] [0.09266222 0.9073378 ] [0.28903258 0.7109674 ] [0.03892154 0.96107846] [0.0012179 0.9987821] [0.99421126 0.00578874] [0.9981774  0.00182256] [0.96152025 0.03847976] [0.99821943 0.00178058] [0.99135953 0.00864048] [0.84014034 0.15985966] [0.3411814 0.6588186] [0.9841286  0.01587143] [0.9985558  0.00144423] [0.4805858 0.5194142] [0.94163376 0.05836624] [0.05559975 0.94440025] [0.9452949  0.05470509] [0.01401806 0.98598194] [0.96967643 0.03032357] [9.9986678e-01 1.3320023e-04] [0.99771804 0.00228196] [0.9973138  0.00268618] [0.97142357 0.02857643] [9.9953616e-01 4.6387268e-04] [0.9687056 0.0312944] [0.9934566  0.00654341] [0.9754058  0.02459417] [0.0024395 0.9975605] [0.9347697 0.0652303] [0.45026928 0.5497307 ] [0.40742546 0.59257454] [9.9904394e-01 9.5607206e-04] [0.92474467 0.07525533] [0.8786386  0.12136136] [0.32373488 0.6762651 ] [0.07770306 0.92229694] [0.99670875 0.00329128] [0.6665813 0.3334187] [0.9969197  0.00308032] [0.11166674 0.88833326] [0.575541   0.42445895] [0.03720564 0.96279436] [0.8042489  0.19575109] [0.33922642 0.6607736 ] [0.9735009  0.02649907] [0.91732776 0.08267226] [0.8145499  0.18545006] [0.99739754 0.00260245] [0.7415122  0.25848785] [9.993709e-01 6.291278e-04] [0.9983468  0.00165318] [0.6533372  0.34666282] [0.00931585 0.99068415] [0.75592005 0.24407995] [0.21062475 0.78937525] [0.9448812 0.0551188] [0.98060215 0.01939785] [0.998732   0.00126803] [9.999620e-01 3.800726e-05] [0.7739759 0.2260241] [9.9961603e-01 3.8398316e-04] [0.01810634 0.98189366] [0.94197005 0.05802995] [0.9850739  0.01492609] [0.99627995 0.00372002] [9.9905294e-01 9.4705040e-04] [9.9994850e-01 5.1519684e-05] [0.68988574 0.3101143 ] [0.9090131  0.09098693] [0.02557313 0.97442687] [0.9926021  0.00739791] [0.90570533 0.09429465] [0.30588186 0.69411814] [0.99731004 0.00268998] [0.00123489 0.9987651 ] [0.9974705  0.00252948] [0.11852229 0.8814777 ] [0.86350274 0.13649726] [9.993262e-01 6.737929e-04] [0.9861287  0.01387133] [0.59706485 0.40293515] [0.99895346 0.00104655] [0.05099899 0.949001  ] [0.9490775  0.05092253] [0.9915146  0.00848539] [0.5965842  0.40341577] [0.00139898 0.998601  ] [0.96808815 0.03191187] [0.97028226 0.02971775] [0.97442955 0.02557046] [0.9981392  0.00186079] [9.9979216e-01 2.0786586e-04] [0.95940936 0.04059064] [0.99640733 0.00359264] [0.9965863  0.00341366] [0.25294918 0.7470508 ] [0.99760026 0.00239971] [0.8187435  0.18125646] [0.96265465 0.03734533] [9.992714e-01 7.285991e-04] [0.9878965 0.0121035] [0.97013825 0.02986175] [0.57374704 0.426253  ] [0.02491462 0.9750854 ] [0.00197697 0.99802303] [0.99756545 0.00243455] [0.01749986 0.98250014] [0.16901755 0.83098245] [0.99354184 0.00645818] [0.10261798 0.897382  ] [9.9928063e-01 7.1937358e-04] [0.96419495 0.03580507] [0.9922248  0.00777519] [0.14736408 0.8526359 ] [0.38155907 0.6184409 ] [0.99684274 0.00315726] [0.16506225 0.83493775] [0.99186736 0.00813263] [9.9967831e-01 3.2170143e-04] [0.99476224 0.00523775] [9.9992412e-01 7.5888696e-05] [0.9937647  0.00623532] [9.9961305e-01 3.8695513e-04] [9.9906343e-01 9.3657954e-04] [0.970381   0.02961895] [0.967489   0.03251098],1 0 0 1 0 0 1 1 1 1 1 0 1 1 0 0 1 0 1 0 0 0 1 1 0 1 0 0 1 1 1 1 0 0 0 0 0 0 0 0 1 0 0 1 0 1 1 0 0 0 0 0 1 0 0 0 0 0 1 0 1 0 0 1 0 0 0 1 0 1 0 0 1 0 0 0 0 0 0 1 0 0 1 0 0 0 0 1 0 0 1 0 0 0 0 1 0 0 0 0 0 0 1 0 0 0 1 0 0 1 0 1 0 1 1 1 0 0 0 0 0 0 0 1 0 1 0 0 1 1 1 1 1 0 0 1 0 1 0 0 0 1 1 0 1 0 0 0 0 0 0 0 0 1
46921,2,xgboost,0.0,50,42,0.7402597402597403,0.8285185185185185,[0.9747789  0.02522113] [0.9976509  0.00234908] [0.9721224  0.02787761] [0.9861547  0.01384532] [9.9960250e-01 3.9750387e-04] [0.66731465 0.33268538] [0.9781653  0.02183468] [0.96889955 0.03110046] [0.20124519 0.7987548 ] [0.94651586 0.05348416] [9.9972546e-01 2.7455334e-04] [0.43814826 0.56185174] [9.993684e-01 6.315709e-04] [0.9972132  0.00278683] [0.5369461  0.46305388] [0.03196132 0.9680387 ] [9.998685e-01 1.315013e-04] [0.2527343 0.7472657] [0.9883782  0.01162175] [0.11127311 0.8887269 ] [0.03159463 0.96840537] [0.47257686 0.52742314] [0.12494904 0.87505096] [9.9975312e-01 2.4691038e-04] [0.9985384  0.00146165] [9.9965024e-01 3.4974454e-04] [0.9968194  0.00318061] [5.8925152e-04 9.9941075e-01] [0.9358899  0.06411008] [9.9981493e-01 1.8504885e-04] [0.68833756 0.3116624 ] [0.06597203 0.93402797] [0.3709095 0.6290905] [9.9999583e-01 4.1709186e-06] [0.70468175 0.29531822] [0.9879803 0.0120197] [0.41227156 0.58772844] [9.9957365e-01 4.2633744e-04] [0.864435 0.135565] [9.9992812e-01 7.1881856e-05] [0.866523 0.133477] [0.84082633 0.15917368] [0.00174671 0.9982533 ] [0.6522167  0.34778333] [0.6700512 0.3299488] [0.89764804 0.10235196] [0.6625838 0.3374162] [0.28595304 0.71404696] [9.990417e-01 9.583315e-04] [0.14724845 0.85275155] [0.10434693 0.89565307] [0.9605617 0.0394383] [0.2607184 0.7392816] [0.98702264 0.01297737] [0.8865429  0.11345711] [9.9951351e-01 4.8650877e-04] [0.42761308 0.5723869 ] [0.62729275 0.37270725] [0.95365554 0.04634445] [0.8815646  0.11843541] [0.04442227 0.95557773] [1.4925003e-04 9.9985075e-01] [0.9984653  0.00153467] [9.9994564e-01 5.4382323e-05] [0.9957929 0.0042071] [0.99785674 0.00214329] [0.00339592 0.9966041 ] [0.7962804  0.20371962] [0.9775247  0.02247531] [0.9883224  0.01167761] [0.9481291  0.05187086] [0.0074029 0.9925971] [0.00480527 0.99519473] [0.89939433 0.10060565] [0.0518015 0.9481985] [0.7643135  0.23568648] [9.9985516e-01 1.4485270e-04] [0.9935033  0.00649671] [0.8699304  0.13006961] [0.9989374  0.00106259] [9.9942505e-01 5.7491823e-04] [0.00110978 0.9988902 ] [0.88197064 0.11802937] [0.8754571  0.12454287] [0.45180756 0.54819244] [0.9988104  0.00118959] [0.99571055 0.00428948] [0.9982756 0.0017244] [0.9450084  0.05499158] [0.97266644 0.02733358] [0.50842786 0.49157214] [0.9893275 0.0106725] [0.8825051 0.1174949] [9.997694e-01 2.305997e-04] [0.06880993 0.9311901 ] [0.19650036 0.80349964] [8.723140e-04 9.991277e-01] [0.693284   0.30671602] [9.9921954e-01 7.8043889e-04] [0.9301427 0.0698573] [9.9997878e-01 2.1209487e-05] [0.9900693  0.00993068] [0.0079087 0.9920913] [0.00193161 0.9980684 ] [9.9979556e-01 2.0444980e-04] [0.06678134 0.93321866] [0.9883449  0.01165509] [9.9967837e-01 3.2160358e-04] [0.997987   0.00201303] [0.987736   0.01226403] [0.5154221  0.48457792] [0.94237465 0.05762536] [0.9412854 0.0587146] [0.31950432 0.6804957 ] [0.13666546 0.86333454] [0.05914605 0.94085395] [0.994953   0.00504705] [0.5186658 0.4813342] [0.8988941  0.10110594] [0.14436507 0.8556349 ] [0.6139559  0.38604409] [0.9943399  0.00566013] [0.38336712 0.6166329 ] [9.9978447e-01 2.1550924e-04] [0.9883393  0.01166068] [0.00275165 0.99724835] [0.29871923 0.7012808 ] [0.15345281 0.8465472 ] [0.08428848 0.9157115 ] [9.9986190e-01 1.3808467e-04] [0.46914244 0.53085756] [0.05466884 0.94533116] [0.96076477 0.03923522] [0.07716143 0.92283857] [0.88080287 0.11919714] [9.9999744e-01 2.5850684e-06] [0.04932034 0.95067966] [0.2247858 0.7752142] [0.99672455 0.00327547] [9.9973434e-01 2.6566003e-04] [0.10669953 0.8933005 ] [0.36675328 0.6332467 ] [0.9700496  0.02995035] [0.9982784  0.00172162] [0.9554848  0.04451521] [0.37743628 0.6225637 ] [0.8672211 0.1327789] [0.01427031 0.9857297 ] [0.9888284 0.0111716] [0.88253444 0.11746556] [0.30008072 0.6999193 ] [9.9954426e-01 4.5575513e-04] [9.9978393e-01 2.1609360e-04] [0.0601114 0.9398886],1 0 1 0 0 1 1 0 0 1 0 0 0 0 1 1 0 1 0 1 1 0 1 0 0 0 1 0 0 0 0 1 0 0 1 0 1 0 0 0 0 0 1 1 1 0 0 0 0 0 1 0 0 0 0 0 0 0 0 0 1 1 0 0 0 0 1 0 1 0 0 1 1 0 0 1 0 0 1 0 0 1 1 1 1 0 0 0 0 1 0 0 1 0 1 1 1 1 0 0 0 0 0 1 0 0 0 0 0 0 0 0 0 1 0 1 0 0 0 0 0 0 0 0 0 1 0 1 1 0 1 1 1 1 0 0 1 0 0 0 1 0 1 0 0 0 0 1 0 1 1 0 0 1
46921,3,xgboost,0.0,50,42,0.7320261437908496,0.7630188679245284,[0.43274492 0.5672551 ] [9.994079e-01 5.921264e-04] [0.61814296 0.38185704] [9.9953544e-01 4.6452912e-04] [9.9994045e-01 5.9574530e-05] [0.02385348 0.9761465 ] [0.9988224  0.00117761] [0.06135643 0.9386436 ] [0.18752986 0.81247014] [0.11817443 0.88182557] [0.9909316  0.00906843] [9.998815e-01 1.184857e-04] [9.9934685e-01 6.5317156e-04] [0.9987513  0.00124873] [9.990702e-01 9.297471e-04] [0.9597159 0.0402841] [9.9990857e-01 9.1431553e-05] [0.0063535 0.9936465] [0.530962   0.46903798] [0.01535088 0.9846491 ] [0.9720789  0.02792109] [0.7804411  0.21955888] [0.9971897  0.00281029] [0.99845684 0.00154315] [0.96366036 0.03633962] [0.1409176 0.8590824] [0.9960835  0.00391653] [0.02042854 0.97957146] [0.7131362  0.28686377] [0.9912635  0.00873649] [0.9368647  0.06313532] [0.45745325 0.54254675] [0.9912075  0.00879253] [0.99753344 0.00246658] [0.06898761 0.9310124 ] [0.91480196 0.08519804] [0.9975     0.00249997] [0.07203662 0.9279634 ] [0.02455562 0.9754444 ] [0.99622124 0.00377877] [0.52900887 0.4709911 ] [9.9977738e-01 2.2260178e-04] [0.9303341  0.06966592] [0.93683684 0.06316315] [9.9983776e-01 1.6226707e-04] [0.4647603 0.5352397] [0.8949227 0.1050773] [0.9802595  0.01974054] [0.97602344 0.02397655] [0.9010194 0.0989806] [0.99427736 0.00572266] [9.9943763e-01 5.6234852e-04] [9.9956870e-01 4.3132197e-04] [0.98823947 0.01176053] [0.98795587 0.01204415] [0.79076505 0.20923498] [0.9818941  0.01810591] [0.9863126  0.01368738] [0.03433502 0.965665  ] [0.95592254 0.04407743] [0.9518316  0.04816844] [0.9898714 0.0101286] [0.9865079  0.01349211] [0.9881599  0.01184008] [0.9249576  0.07504245] [0.9480863 0.0519137] [0.7272248  0.27277514] [0.14875078 0.8512492 ] [0.43005538 0.5699446 ] [0.9285371  0.07146294] [9.9987924e-01 1.2075899e-04] [0.0025726 0.9974274] [2.502799e-04 9.997497e-01] [0.99144274 0.00855724] [0.99852276 0.00147726] [0.9877866  0.01221342] [0.99038243 0.00961759] [0.13668084 0.86331916] [9.9972767e-01 2.7233837e-04] [0.3797236 0.6202764] [0.9731043  0.02689573] [0.98631656 0.01368343] [9.9973208e-01 2.6793408e-04] [0.8419237  0.15807626] [0.3979267 0.6020733] [0.9611401 0.0388599] [0.95951664 0.04048336] [9.991591e-01 8.409130e-04] [0.04979599 0.950204  ] [0.00434673 0.9956533 ] [9.9975747e-01 2.4250968e-04] [0.8912274  0.10877255] [0.9869648  0.01303518] [0.07710022 0.9228998 ] [0.8082537  0.19174631] [0.97468203 0.02531795] [0.68481493 0.31518504] [0.98045385 0.01954617] [0.7675812  0.23241879] [0.66749716 0.33250287] [0.70134586 0.29865414] [0.7049942  0.29500577] [9.9983650e-01 1.6348917e-04] [0.8774289  0.12257114] [0.9946068 0.0053932] [0.5796006  0.42039946] [0.03997236 0.96002764] [0.8630625  0.13693747] [0.44008666 0.55991334] [0.01951867 0.9804813 ] [9.9994981e-01 5.0191946e-05] [0.36260623 0.6373938 ] [0.01227516 0.98772484] [0.99167246 0.00832754] [9.9905849e-01 9.4149547e-04] [9.9952441e-01 4.7557565e-04] [0.9857245  0.01427546] [0.9836187 0.0163813] [0.00591338 0.9940866 ] [0.81879413 0.18120587] [0.01305979 0.9869402 ] [9.9981070e-01 1.8932475e-04] [9.9996042e-01 3.9552426e-05] [0.60551023 0.39448974] [0.49611032 0.5038897 ] [0.03243798 0.967562  ] [0.4972605 0.5027395] [0.7401853  0.25981468] [9.9972165e-01 2.7834342e-04] [9.999311e-01 6.893003e-05] [0.68873113 0.31126887] [0.03186983 0.9681302 ] [9.9979454e-01 2.0548460e-04] [0.9975963  0.00240367] [0.17514604 0.82485396] [0.9870251  0.01297492] [0.9980871 0.0019129] [0.97635293 0.02364706] [0.63097024 0.36902976] [0.7942401  0.20575985] [0.87280715 0.12719284] [0.00611949 0.9938805 ] [0.9725706 0.0274294] [0.9060447  0.09395525] [0.9771559  0.02284408] [0.98581874 0.01418123] [0.9418433  0.05815676] [0.17697221 0.8230278 ] [9.9919796e-01 8.0204575e-04] [0.83007485 0.16992514] [0.99734086 0.00265912] [0.12283939 0.8771606 ] [0.9897248  0.01027517],0 1 1 0 1 1 0 0 1 1 0 0 0 0 0 0 0 1 0 1 1 1 1 1 0 1 0 0 0 0 0 1 0 0 1 0 0 0 1 0 0 0 0 0 0 0 1 0 1 0 0 0 0 0 1 0 1 0 1 0 1 0 0 0 0 0 0 0 1 0 0 0 1 0 0 0 0 1 0 1 1 1 0 0 0 0 1 0 1 1 0 0 0 0 0 0 1 1 0 0 1 0 0 0 0 0 0 1 1 1 0 1 1 0 0 0 1 0 1 1 1 0 0 1 0 0 1 1 0 0 0 1 0 0 0 0 0 0 1 0 0 1 1 0 0 1 0 1 0 1 0 0 0
46921,4,xgboost,0.0,50,42,0.7254901960784313,0.8137735849056604,[0.9898925  0.01010749] [0.9939689  0.00603111] [0.07316637 0.9268336 ] [0.9207208  0.07927918] [0.99869794 0.00130205] [0.9709365  0.02906354] [0.11546791 0.8845321 ] [9.992442e-01 7.558023e-04] [0.99895465 0.00104533] [9.992237e-01 7.762641e-04] [0.0012719 0.9987281] [0.715102   0.28489798] [0.97635525 0.02364477] [0.99737364 0.00262634] [0.15894985 0.84105015] [0.97827435 0.02172567] [0.67192304 0.32807696] [9.99890506e-01 1.09469016e-04] [0.8116305  0.18836954] [0.7214818 0.2785182] [9.992892e-01 7.107574e-04] [0.7240437  0.27595624] [0.9851719  0.01482811] [0.99820423 0.00179579] [0.99182016 0.00817986] [0.8650118  0.13498817] [0.95003986 0.04996011] [0.98803306 0.01196692] [9.9919283e-01 8.0713973e-04] [0.73546076 0.2645392 ] [0.9743632  0.02563679] [9.9996841e-01 3.1600543e-05] [0.83262503 0.16737498] [0.9697723  0.03022769] [0.66962826 0.33037177] [0.08418208 0.9158179 ] [0.9980738  0.00192621] [0.07514292 0.9248571 ] [0.9983678  0.00163222] [9.9989790e-01 1.0212724e-04] [0.9545372  0.04546277] [0.99607533 0.00392469] [9.999128e-01 8.718167e-05] [0.99789333 0.00210665] [9.997244e-01 2.756284e-04] [0.9976479  0.00235213] [0.06834674 0.93165326] [0.44888544 0.55111456] [0.9974801  0.00251989] [0.9528255  0.04717453] [9.9986404e-01 1.3595399e-04] [0.6907414 0.3092586] [0.08443058 0.9155694 ] [0.15803748 0.8419625 ] [9.9930763e-01 6.9236680e-04] [0.7474999  0.25250012] [0.03921235 0.96078765] [0.9653029 0.0346971] [0.11058551 0.8894145 ] [0.9905726  0.00942743] [0.39827955 0.60172045] [0.85839134 0.14160864] [0.04449385 0.95550615] [0.9976077  0.00239231] [0.46615982 0.5338402 ] [0.9965406 0.0034594] [9.9966294e-01 3.3703860e-04] [0.90607613 0.09392387] [0.17939562 0.8206044 ] [0.74898535 0.25101465] [0.9939118  0.00608818] [0.9413213 0.0586787] [0.04161268 0.9583873 ] [0.95115113 0.04884889] [9.996637e-01 3.362776e-04] [0.97971845 0.02028153] [0.7236904  0.27630964] [0.66249835 0.33750162] [0.00373322 0.9962668 ] [0.9942445  0.00575546] [0.8527093  0.14729068] [0.10886729 0.8911327 ] [9.9939585e-01 6.0413877e-04] [0.99059093 0.00940905] [0.92429596 0.07570402] [0.5764551 0.4235449] [0.07467312 0.9253269 ] [0.20097888 0.7990211 ] [9.9957323e-01 4.2675729e-04] [9.9995935e-01 4.0625830e-05] [0.8352523  0.16474769] [0.6391641  0.36083594] [0.00225216 0.99774784] [0.9672244  0.03277557] [0.89870095 0.10129905] [9.9950993e-01 4.9005559e-04] [0.9184555  0.08154454] [9.9968320e-01 3.1682148e-04] [0.8270815  0.17291848] [0.9194718  0.08052819] [9.999250e-01 7.500098e-05] [9.9988002e-01 1.1995526e-04] [0.49653512 0.5034649 ] [0.9977113  0.00228871] [0.93367976 0.06632026] [0.9973     0.00269997] [0.9731408  0.02685925] [0.9896571  0.01034289] [0.980596   0.01940401] [0.9878995  0.01210053] [0.95164603 0.048354  ] [0.37195063 0.6280494 ] [0.9985977  0.00140229] [0.9866749  0.01332507] [0.01651961 0.9834804 ] [0.00440258 0.9955974 ] [0.99533826 0.00466174] [0.90252674 0.09747329] [0.9812857  0.01871431] [0.02373338 0.9762666 ] [9.9996686e-01 3.3166780e-05] [0.96170324 0.03829678] [0.04312134 0.95687866] [0.6512322  0.34876782] [0.9263585  0.07364149] [0.3892876 0.6107124] [0.273102 0.726898] [0.10061884 0.89938116] [0.09809911 0.9019009 ] [0.1464963 0.8535037] [9.9980122e-01 1.9877277e-04] [0.70001197 0.299988  ] [0.92668664 0.07331337] [0.01349735 0.98650265] [0.08347189 0.9165281 ] [0.9905435 0.0094565] [0.9987333  0.00126672] [9.9993980e-01 6.0200797e-05] [0.5447426  0.45525742] [9.9909806e-01 9.0194168e-04] [0.86500084 0.13499914] [0.08586204 0.91413796] [0.7845042  0.21549581] [0.9738371  0.02616294] [0.99224144 0.00775858] [0.22671008 0.7732899 ] [0.00772297 0.992277  ] [0.99899256 0.00100743] [0.01850891 0.9814911 ] [0.9987902  0.00120982] [9.9983597e-01 1.6402976e-04] [0.58479095 0.41520905] [0.95144504 0.04855497],1 0 1 1 0 1 0 0 0 0 1 1 0 0 0 0 0 0 1 0 0 1 0 0 0 1 1 0 0 0 0 0 1 0 1 1 0 0 1 0 1 1 0 0 0 0 1 1 0 0 0 0 1 0 0 1 1 0 1 0 1 0 1 0 1 0 0 0 1 0 1 1 1 0 0 0 1 1 1 0 0 0 0 0 0 1 1 1 0 0 1 0 1 0 0 0 0 0 1 0 0 0 1 0 0 1 0 0 0 0 1 0 0 1 0 0 0 0 0 1 0 0 0 1 0 0 1 1 1 0 0 0 0 1 0 0 0 0 1 0 0 0 1 0 0 0 1 0 1 0 0 1 0
46921,0,xgboost,0.0,500,492,0.7142857142857143,0.7894444444444444,[0.05095726 0.94904274] [0.00963283 0.9903672 ] [0.11069632 0.8893037 ] [0.75820935 0.24179067] [0.21120125 0.78879875] [0.4137087 0.5862913] [0.8207457  0.17925431] [0.91676027 0.08323973] [0.98986685 0.01013315] [0.98801947 0.01198053] [0.9974505  0.00254956] [0.07875472 0.9212453 ] [0.8871478  0.11285221] [0.03479004 0.96520996] [0.76178557 0.23821443] [0.13978559 0.8602144 ] [0.98007154 0.01992843] [9.9984390e-01 1.5609663e-04] [0.33105952 0.6689405 ] [0.14817673 0.8518233 ] [0.63763213 0.3623679 ] [0.08201414 0.91798586] [0.07013547 0.9298645 ] [0.9653621  0.03463795] [9.9987465e-01 1.2537313e-04] [0.744621   0.25537902] [0.9967973  0.00320266] [0.9967135  0.00328646] [0.99834996 0.00165004] [0.2295751 0.7704249] [0.98936033 0.01063964] [0.99433094 0.00566906] [0.05662835 0.94337165] [0.96426874 0.03573127] [0.98096746 0.01903255] [9.996440e-01 3.560331e-04] [0.98510975 0.01489023] [0.9924712  0.00752877] [0.9906151  0.00938485] [0.02581292 0.9741871 ] [0.05570805 0.94429195] [0.98368835 0.01631163] [0.9233945  0.07660548] [0.9604546  0.03954541] [9.9949443e-01 5.0558330e-04] [0.63461494 0.3653851 ] [0.99343604 0.00656395] [9.9986804e-01 1.3198081e-04] [0.9798959  0.02010408] [0.73478997 0.26521006] [0.94567794 0.05432204] [0.98845625 0.01154375] [0.06217521 0.9378248 ] [0.918079   0.08192097] [0.0928477 0.9071523] [0.799054   0.20094596] [0.99598175 0.00401822] [0.1351797 0.8648203] [0.7100477  0.28995225] [0.99783933 0.00216065] [0.9943218  0.00567817] [0.23095918 0.7690408 ] [0.997608 0.002392] [0.9137216  0.08627839] [0.83714205 0.16285793] [0.2830019 0.7169981] [0.0677318 0.9322682] [0.9765383  0.02346167] [0.02991658 0.9700834 ] [0.811031   0.18896905] [0.9839246  0.01607539] [0.0016734 0.9983266] [0.9894629  0.01053707] [0.7929415  0.20705847] [0.99522287 0.00477715] [9.9965286e-01 3.4712564e-04] [0.8138251  0.18617491] [0.6388281 0.3611719] [0.99356514 0.00643483] [0.780257 0.219743] [9.9963456e-01 3.6543445e-04] [0.95648474 0.04351528] [9.9951392e-01 4.8608647e-04] [0.98813444 0.01186553] [9.9946874e-01 5.3127640e-04] [0.9932504  0.00674958] [0.40703118 0.5929688 ] [0.6195277  0.38047233] [0.6259481  0.37405193] [0.13589418 0.8641058 ] [0.17040747 0.8295925 ] [0.27301443 0.7269856 ] [0.9886038  0.01139625] [0.37416637 0.62583363] [0.9940208  0.00597919] [0.9963158  0.00368424] [0.3302042 0.6697958] [0.00370318 0.9962968 ] [9.9979705e-01 2.0293857e-04] [0.98939013 0.01060985] [0.98735374 0.01264626] [0.99782723 0.00217276] [0.19624138 0.8037586 ] [0.9857725  0.01422748] [0.97679776 0.02320227] [0.94210124 0.05789876] [0.67443395 0.32556608] [9.9950755e-01 4.9246085e-04] [0.01752365 0.98247635] [0.96769977 0.03230025] [0.9973076  0.00269243] [0.05483288 0.9451671 ] [0.94052166 0.05947833] [0.5715144  0.42848557] [0.9345152  0.06548483] [0.9705715  0.02942847] [9.994852e-01 5.147831e-04] [0.9264564  0.07354363] [0.98484254 0.01515744] [0.5534749 0.4465251] [0.9979665  0.00203347] [0.98753214 0.01246787] [0.9978256  0.00217435] [0.30789393 0.69210607] [0.0593645 0.9406355] [0.01099777 0.9890022 ] [0.99119115 0.00880884] [0.94913507 0.05086493] [0.9398636  0.06013637] [0.76813155 0.23186845] [0.95550543 0.04449457] [0.9983941 0.0016059] [0.24540961 0.7545904 ] [0.6964312  0.30356878] [0.6588155  0.34118447] [0.9937851  0.00621492] [0.15806025 0.84193975] [0.713249   0.28675097] [0.97575253 0.02424748] [0.10570002 0.8943    ] [0.9880223  0.01197768] [0.97747844 0.02252155] [0.93564546 0.06435451] [0.9958325  0.00416751] [0.6086292 0.3913708] [0.99777675 0.00222328] [0.7342868  0.26571319] [0.81172764 0.18827237] [9.9962282e-01 3.7720668e-04] [9.9924636e-01 7.5366732e-04] [0.01207578 0.9879242 ] [0.22482508 0.7751749 ] [9.9986070e-01 1.3930626e-04] [0.9930669 0.0069331],0 1 1 0 0 0 0 1 0 0 0 0 0 1 1 0 0 0 1 0 0 0 1 1 0 0 0 0 0 0 0 0 1 0 0 0 1 0 0 1 0 0 1 0 0 0 0 0 0 0 1 0 1 1 1 1 0 0 0 0 0 1 0 0 0 0 1 1 1 1 0 0 0 1 1 0 1 0 0 0 0 0 0 0 0 0 1 1 1 1 1 1 1 1 0 0 0 1 0 1 0 0 1 0 0 0 1 0 1 1 0 0 0 1 0 1 0 1 0 0 0 0 0 1 1 0 0 0 0 0 0 0 0 1 0 0 1 1 0 1 0 1 1 0 0 0 1 1 0 0 1 1 0 0
46921,1,xgboost,0.0,500,492,0.7532467532467533,0.8172222222222222,[0.9563004  0.04369963] [0.01034927 0.9896507 ] [0.849599   0.15040097] [2.5373697e-04 9.9974626e-01] [0.99783736 0.00216261] [9.9963063e-01 3.6938302e-04] [5.310178e-04 9.994690e-01] [0.8381032  0.16189685] [0.12043959 0.8795604 ] [0.21127313 0.78872687] [0.16908085 0.83091915] [0.96829295 0.03170706] [0.3521148 0.6478852] [0.11075455 0.88924545] [0.9914477  0.00855231] [0.34296155 0.65703845] [0.607746   0.39225402] [0.9951757  0.00482427] [0.00896758 0.9910324 ] [0.10821921 0.8917808 ] [0.95128584 0.04871419] [0.9891216  0.01087841] [0.9128874  0.08711262] [0.27815515 0.72184485] [0.77371526 0.22628474] [0.00499672 0.9950033 ] [0.45901775 0.54098225] [0.16626698 0.833733  ] [0.8404996  0.15950042] [0.1959579 0.8040421] [0.13984019 0.8601598 ] [0.14003444 0.85996556] [0.9276091  0.07239094] [0.99821424 0.00178576] [0.96923923 0.03076077] [0.9813335  0.01866651] [0.94694483 0.05305515] [0.9976915  0.00230848] [0.0010615 0.9989385] [0.9930969  0.00690313] [0.97062206 0.02937791] [0.2591462 0.7408538] [0.9830412  0.01695876] [0.35990733 0.6400927 ] [0.9892967  0.01070335] [0.6057747 0.3942253] [0.00606304 0.99393696] [0.9987693  0.00123071] [0.98676395 0.01323607] [0.9841415  0.01585845] [0.91679245 0.08320753] [0.99778926 0.00221074] [0.94806665 0.05193337] [9.9985147e-01 1.4855505e-04] [0.97673273 0.02326727] [2.6494265e-04 9.9973506e-01] [0.99498135 0.00501864] [0.07378072 0.9262193 ] [0.98150563 0.01849439] [9.993630e-01 6.370212e-04] [0.47786474 0.52213526] [0.93066585 0.06933417] [0.672933 0.327067] [0.1837737 0.8162263] [0.99594843 0.00405159] [0.29454666 0.70545334] [9.992459e-01 7.541067e-04] [0.7616496 0.2383504] [0.93351656 0.06648345] [0.08731496 0.91268504] [0.9976654  0.00233457] [0.82314426 0.17685573] [0.6703069 0.3296931] [0.9571081 0.0428919] [0.98085856 0.01914143] [0.9392507  0.06074932] [0.9984857  0.00151429] [0.9952579 0.0047421] [0.98768896 0.01231103] [0.97009367 0.02990632] [0.336424 0.663576] [0.7970958 0.2029042] [0.06075197 0.939248  ] [0.7339806 0.2660194] [0.9945736  0.00542641] [9.9912769e-01 8.7230606e-04] [0.99869746 0.00130255] [0.9920901  0.00790992] [0.9987044  0.00129562] [0.9190336  0.08096642] [0.93842554 0.06157448] [0.7128514 0.2871486] [0.9872091 0.0127909] [0.9987407 0.0012593] [9.99895096e-01 1.04914994e-04] [0.17078626 0.82921374] [0.26555508 0.7344449 ] [0.7917969  0.20820306] [0.9965771  0.00342294] [0.9863907  0.01360932] [0.9832112  0.01678879] [0.9970408  0.00295922] [0.0077517 0.9922483] [0.60715413 0.39284584] [0.22187907 0.77812093] [0.801004   0.19899602] [0.98954165 0.01045835] [0.98820174 0.01179828] [0.5802929  0.41970712] [0.9834919  0.01650813] [0.12335849 0.8766415 ] [0.9796786  0.02032144] [0.47402638 0.5259736 ] [0.8730908  0.12690918] [0.0311898 0.9688102] [0.32125515 0.67874485] [0.45349562 0.5465044 ] [0.9946263  0.00537373] [0.98818564 0.01181433] [0.9965708 0.0034292] [0.99366456 0.00633544] [9.9949956e-01 5.0042197e-04] [0.99398744 0.00601258] [0.01869184 0.98130816] [9.9910420e-01 8.9579396e-04] [0.07835561 0.9216444 ] [0.9697622  0.03023781] [0.9847601  0.01523992] [0.9859962  0.01400382] [0.78618735 0.21381266] [0.2126224 0.7873776] [0.41666228 0.5833377 ] [0.21796793 0.7820321 ] [0.99706894 0.00293106] [0.06294 0.93706] [0.44898123 0.5510188 ] [0.9855612  0.01443882] [0.09525448 0.9047455 ] [0.9855498  0.01445017] [0.8198108  0.18018919] [0.9895022 0.0104978] [0.00496674 0.99503326] [0.04761273 0.9523873 ] [0.9611643  0.03883572] [0.18346572 0.8165343 ] [0.98167443 0.01832555] [0.9965108  0.00348918] [0.9491068  0.05089317] [0.99640274 0.00359724] [9.9908900e-01 9.1099355e-04] [0.9694853 0.0305147] [0.99662954 0.00337046] [0.9975874  0.00241261] [0.88322496 0.11677503],1 0 0 1 0 0 1 1 1 1 1 0 1 1 0 0 1 0 1 0 0 0 1 1 0 1 0 0 1 1 1 1 0 0 0 0 0 0 0 0 1 0 0 1 0 1 1 0 0 0 0 0 1 0 0 0 0 0 1 0 1 0 0 1 0 0 0 1 0 1 0 0 1 0 0 0 0 0 0 1 0 0 1 0 0 0 0 1 0 0 1 0 0 0 0 1 0 0 0 0 0 0 1 0 0 0 1 0 0 1 0 1 0 1 1 1 0 0 0 0 0 0 0 1 0 1 0 0 1 1 1 1 1 0 0 1 0 1 0 0 0 1 1 0 1 0 0 0 0 0 0 0 0 1
46921,2,xgboost,0.0,500,492,0.7467532467532467,0.827962962962963,[0.03239268 0.9676073 ] [0.91840535 0.08159464] [0.89837813 0.10162188] [0.9931647  0.00683531] [0.83217436 0.16782562] [0.5247097  0.47529027] [0.8652861  0.13471387] [0.9335104  0.06648957] [0.24014288 0.7598571 ] [0.94252706 0.05747296] [0.9924272  0.00757283] [0.48262197 0.51737803] [0.9851773 0.0148227] [9.993529e-01 6.471410e-04] [0.01695788 0.9830421 ] [0.5394528  0.46054724] [0.9887423  0.01125771] [0.9742843  0.02571572] [9.9969113e-01 3.0886795e-04] [0.44627202 0.553728  ] [0.01753032 0.9824697 ] [0.5005135 0.4994865] [0.2582336 0.7417664] [0.9983064  0.00169363] [0.99149406 0.00850595] [0.9986393  0.00136072] [0.9984359 0.0015641] [0.03840661 0.9615934 ] [0.9856162  0.01438378] [0.99538434 0.00461567] [0.97236687 0.02763313] [0.04520243 0.95479757] [0.28147113 0.71852887] [0.99413055 0.00586943] [0.8580203  0.14197966] [9.9977374e-01 2.2625092e-04] [0.08504277 0.9149572 ] [0.99480325 0.00519674] [0.9773328  0.02266721] [9.9952739e-01 4.7257665e-04] [0.9442052  0.05579479] [0.82795614 0.17204387] [0.04942948 0.9505705 ] [0.97716165 0.02283834] [0.1555956 0.8444044] [0.8891705  0.11082947] [0.9862762 0.0137238] [0.1144644 0.8855356] [0.995352   0.00464799] [0.28174132 0.7182587 ] [0.09987974 0.90012026] [0.9592962  0.04070376] [0.8465035  0.15349649] [0.9929153  0.00708471] [0.9875942  0.01240581] [0.99605775 0.00394226] [0.12345642 0.8765436 ] [0.8017655  0.19823448] [0.99064755 0.00935247] [0.9893104  0.01068962] [0.00238883 0.99761117] [0.20084351 0.7991565 ] [0.9822513  0.01774871] [0.992526 0.007474] [0.9977534  0.00224665] [0.99712557 0.00287444] [0.02217388 0.9778261 ] [0.99748373 0.00251625] [0.9744182  0.02558178] [0.9866595 0.0133405] [0.75522065 0.24477938] [0.07224011 0.9277599 ] [0.03460366 0.96539634] [0.99505484 0.00494514] [0.01362121 0.9863788 ] [0.8218246  0.17817539] [0.9982577  0.00174229] [0.9592735 0.0407265] [0.9662588  0.03374119] [9.9941105e-01 5.8893627e-04] [0.9778905  0.02210949] [0.26030183 0.7396982 ] [0.9791427  0.02085729] [0.9926658  0.00733417] [0.4465356 0.5534644] [9.9905074e-01 9.4927946e-04] [0.9981871  0.00181285] [0.9986363  0.00136371] [0.99801534 0.00198467] [0.9662516  0.03374841] [0.4369101 0.5630899] [0.89857453 0.10142548] [0.8925235  0.10747649] [0.98959386 0.01040613] [0.00748307 0.99251693] [0.03353631 0.9664637 ] [0.00783658 0.9921634 ] [0.8086529  0.19134714] [9.991418e-01 8.581942e-04] [0.99104637 0.00895363] [0.99113643 0.00886355] [9.994956e-01 5.043559e-04] [0.0900104 0.9099896] [0.07659584 0.92340416] [0.9985286  0.00147137] [0.24067628 0.7593237 ] [0.8802556  0.11974441] [0.9974137  0.00258633] [0.99568194 0.00431806] [0.9982227  0.00177729] [0.99496984 0.00503017] [0.9604816 0.0395184] [0.9434841  0.05651589] [0.30916584 0.69083416] [0.36451596 0.63548404] [0.04199392 0.9580061 ] [0.9943808  0.00561923] [0.9259013  0.07409874] [0.92083997 0.07916006] [0.54577196 0.45422807] [0.9320736  0.06792641] [0.99836963 0.00163037] [0.9928951  0.00710485] [0.99818647 0.00181351] [0.9776348 0.0223652] [0.18405765 0.81594235] [0.1809718 0.8190282] [0.7875195  0.21248047] [0.9022325  0.09776746] [0.9985886  0.00141137] [0.62611043 0.37388954] [0.35795784 0.64204216] [0.99673474 0.00326528] [0.50178957 0.49821043] [0.99620247 0.00379755] [0.99671423 0.00328579] [0.11026478 0.8897352 ] [0.00673318 0.9932668 ] [0.98787594 0.01212404] [0.9976033  0.00239671] [0.03026783 0.96973217] [0.9554357  0.04456431] [0.5841783  0.41582164] [0.9985877  0.00141225] [0.89330864 0.10669139] [0.6998322 0.3001678] [0.8210231  0.17897692] [0.8687322  0.13126777] [0.9825759  0.01742409] [0.7281009  0.27189913] [0.32368428 0.6763157 ] [0.99865437 0.00134565] [0.9982907  0.00170931] [0.23458213 0.7654179 ],1 0 1 0 0 1 1 0 0 1 0 0 0 0 1 1 0 1 0 1 1 0 1 0 0 0 1 0 0 0 0 1 0 0 1 0 1 0 0 0 0 0 1 1 1 0 0 0 0 0 1 0 0 0 0 0 0 0 0 0 1 1 0 0 0 0 1 0 1 0 0 1 1 0 0 1 0 0 1 0 0 1 1 1 1 0 0 0 0 1 0 0 1 0 1 1 1 1 0 0 0 0 0 1 0 0 0 0 0 0 0 0 0 1 0 1 0 0 0 0 0 0 0 0 0 1 0 1 1 0 1 1 1 1 0 0 1 0 0 0 1 0 1 0 0 0 0 1 0 1 1 0 0 1
46921,3,xgboost,0.0,500,492,0.738562091503268,0.7949056603773585,[0.24539995 0.75460005] [0.8441695  0.15583052] [0.4436075 0.5563925] [0.9970157 0.0029843] [9.9972302e-01 2.7700225e-04] [0.07623941 0.9237606 ] [0.99206686 0.00793311] [0.9796112  0.02038878] [0.04550976 0.95449024] [0.22949606 0.77050394] [0.89162844 0.10837153] [9.994984e-01 5.015439e-04] [0.9975986  0.00240139] [9.9988842e-01 1.1156102e-04] [0.14857924 0.85142076] [0.93396497 0.06603502] [9.9996269e-01 3.7298298e-05] [0.15910709 0.8408929 ] [0.96971506 0.03028492] [0.01570016 0.98429984] [0.97682756 0.02317244] [0.8596736  0.14032641] [0.97271633 0.02728365] [0.9975961  0.00240389] [0.96118504 0.03881498] [0.37054038 0.6294596 ] [0.9587234  0.04127656] [0.02480769 0.9751923 ] [9.9941057e-01 5.8940734e-04] [0.9920749  0.00792511] [0.9618212  0.03817882] [0.9655389  0.03446106] [0.6241968  0.37580317] [0.93822646 0.06177354] [0.00908685 0.99091315] [0.18789476 0.81210524] [9.991105e-01 8.894959e-04] [0.94776505 0.05223493] [0.2334584 0.7665416] [0.9935232  0.00647681] [0.8443075 0.1556925] [9.9911267e-01 8.8734488e-04] [0.9811677  0.01883235] [0.9445901  0.05540992] [0.99398243 0.00601759] [0.95353144 0.04646855] [0.8250478  0.17495222] [0.8213147 0.1786853] [0.885416   0.11458402] [0.86846095 0.13153903] [0.98382044 0.01617955] [9.9931228e-01 6.8772404e-04] [0.9823066  0.01769338] [0.991334   0.00866598] [0.8824154  0.11758461] [0.9678173  0.03218269] [0.70439565 0.29560438] [0.40065342 0.5993466 ] [0.02568042 0.9743196 ] [0.9694917  0.03050827] [0.34714985 0.65285015] [9.997185e-01 2.815231e-04] [0.95232004 0.04767996] [0.99625605 0.00374395] [0.9987275  0.00127249] [0.9864477  0.01355232] [0.49535656 0.50464344] [0.7519238  0.24807622] [0.148063 0.851937] [0.9941852  0.00581477] [0.99343884 0.00656119] [0.09980744 0.90019256] [0.48353487 0.5164651 ] [0.9210548  0.07894521] [0.99811196 0.00188805] [0.99521494 0.00478508] [0.99623835 0.00376165] [0.08967572 0.9103243 ] [0.9966954  0.00330458] [0.03361571 0.9663843 ] [0.92804253 0.07195745] [0.9237584  0.07624158] [0.9943865  0.00561351] [0.64900196 0.35099807] [0.30808848 0.6919115 ] [0.80188286 0.19811712] [0.8171271  0.18287292] [9.9979633e-01 2.0365424e-04] [0.04427898 0.955721  ] [0.18179464 0.81820536] [0.9958736  0.00412641] [0.9503643  0.04963573] [0.99771315 0.00228686] [0.6504629  0.34953707] [0.980191   0.01980899] [0.548574   0.45142603] [0.4539628 0.5460372] [0.97597075 0.02402924] [0.7821303  0.21786971] [0.98832685 0.01167316] [0.2113474 0.7886526] [0.616848 0.383152] [0.9904141  0.00958593] [0.29086185 0.70913815] [0.9655858  0.03441419] [0.3629439 0.6370561] [0.7957633  0.20423667] [0.5129777  0.48702228] [0.10413301 0.895867  ] [0.49727345 0.50272655] [9.9994791e-01 5.2079693e-05] [0.9869931  0.01300691] [0.07716489 0.9228351 ] [0.9508538  0.04914618] [9.9971342e-01 2.8657223e-04] [0.9950622  0.00493783] [0.7446922  0.25530782] [0.9815157  0.01848432] [0.01583272 0.9841673 ] [0.9571938  0.04280621] [0.00412577 0.9958742 ] [0.41377866 0.58622134] [0.99701345 0.00298656] [0.7261168 0.2738832] [0.28590524 0.71409476] [0.6353812 0.3646188] [0.7494216 0.2505784] [0.10279775 0.89720225] [0.9891759  0.01082411] [0.99501437 0.00498562] [0.9716557  0.02834428] [0.68290484 0.31709513] [0.94737273 0.05262725] [0.65309954 0.34690046] [0.9141603 0.0858397] [9.995161e-01 4.838936e-04] [0.9987693  0.00123071] [0.9004184  0.09958161] [0.7908532 0.2091468] [0.81332856 0.18667142] [0.7097879 0.2902121] [0.16281736 0.83718264] [0.9778285 0.0221715] [0.9393897  0.06061031] [0.9865269  0.01347312] [0.8828869  0.11711314] [0.977833   0.02216705] [0.50128114 0.49871886] [0.9985219  0.00147807] [0.92653316 0.07346684] [0.99673754 0.00326245] [0.10575253 0.8942475 ] [0.98031557 0.01968444],0 1 1 0 1 1 0 0 1 1 0 0 0 0 0 0 0 1 0 1 1 1 1 1 0 1 0 0 0 0 0 1 0 0 1 0 0 0 1 0 0 0 0 0 0 0 1 0 1 0 0 0 0 0 1 0 1 0 1 0 1 0 0 0 0 0 0 0 1 0 0 0 1 0 0 0 0 1 0 1 1 1 0 0 0 0 1 0 1 1 0 0 0 0 0 0 1 1 0 0 1 0 0 0 0 0 0 1 1 1 0 1 1 0 0 0 1 0 1 1 1 0 0 1 0 0 1 1 0 0 0 1 0 0 0 0 0 0 1 0 0 1 1 0 0 1 0 1 0 1 0 0 0
46921,4,xgboost,0.0,500,492,0.738562091503268,0.7864150943396226,[0.9977366 0.0022634] [0.98039347 0.01960655] [0.01321822 0.9867818 ] [0.76864386 0.23135616] [9.9937916e-01 6.2085682e-04] [0.48410165 0.51589835] [0.5491035  0.45089647] [0.99144644 0.00855359] [0.9598698  0.04013018] [9.991505e-01 8.494657e-04] [0.804013   0.19598697] [0.2545579 0.7454421] [0.9702522 0.0297478] [0.9772439  0.02275608] [0.50769246 0.49230757] [0.98824066 0.01175935] [0.88293684 0.11706316] [0.99504435 0.00495563] [0.96178627 0.03821374] [0.6254491  0.37455088] [0.95130116 0.04869886] [0.31545115 0.68454885] [0.99430794 0.00569205] [9.9928457e-01 7.1542192e-04] [0.98235965 0.01764037] [0.9784811  0.02151886] [0.7470924  0.25290757] [9.9906963e-01 9.3037717e-04] [0.9888409  0.01115912] [0.6728296 0.3271704] [0.9164431  0.08355692] [9.994972e-01 5.028259e-04] [0.830648   0.16935198] [0.9817584  0.01824161] [0.88133556 0.11866442] [0.03608537 0.96391463] [0.9977223 0.0022777] [0.7381577 0.2618423] [0.9901971  0.00980287] [9.9987060e-01 1.2942136e-04] [0.78920984 0.21079017] [0.9906797  0.00932031] [0.9968943 0.0031057] [0.81574047 0.18425956] [0.99803746 0.00196257] [0.9676873  0.03231269] [0.01150137 0.9884986 ] [0.3237179 0.6762821] [9.990642e-01 9.358101e-04] [0.43939817 0.56060183] [0.9923299  0.00767008] [0.5244745  0.47552547] [0.18137366 0.81862634] [0.9588892 0.0411108] [0.9901299 0.0098701] [0.5045669  0.49543306] [0.09973305 0.90026695] [0.9922201  0.00777988] [0.92842394 0.07157608] [0.9588658 0.0411342] [0.98105615 0.01894385] [0.97922313 0.02077688] [0.6334226  0.36657736] [0.96203667 0.03796332] [0.97415423 0.02584574] [0.9855714 0.0144286] [0.99894726 0.00105272] [0.95546174 0.04453825] [0.9918028  0.00819718] [0.9519957  0.04800434] [0.98905426 0.01094572] [0.806199 0.193801] [0.01669228 0.9833077 ] [0.9988444  0.00115561] [0.9956173  0.00438273] [0.9811458  0.01885423] [0.17281044 0.82718956] [0.35958058 0.6404194 ] [0.11880064 0.88119936] [0.50330746 0.49669257] [0.9945489  0.00545106] [0.19897652 0.8010235 ] [0.9907233 0.0092767] [0.6938083  0.30619165] [0.9793084  0.02069155] [0.867794   0.13220604] [0.00763535 0.99236465] [0.22173667 0.77826333] [0.99895006 0.00104991] [0.9964814  0.00351858] [0.7904026  0.20959741] [0.27126992 0.7287301 ] [0.18400222 0.8159978 ] [0.9064768 0.0935232] [0.98172385 0.01827615] [0.98432416 0.01567586] [0.9970828  0.00291716] [0.9971868  0.00281323] [0.9742733 0.0257267] [0.7576887 0.2423113] [0.998858   0.00114201] [0.9983209 0.0016791] [0.12652361 0.8734764 ] [0.9825118  0.01748816] [0.9921712  0.00782878] [0.95888335 0.04111666] [0.24294603 0.757054  ] [0.9609544  0.03904555] [0.94571084 0.05428918] [9.995025e-01 4.975243e-04] [0.965603   0.03439704] [0.62762225 0.37237778] [9.9957150e-01 4.2849302e-04] [0.97423244 0.02576756] [0.11223555 0.88776445] [0.11831456 0.88168544] [0.995757   0.00424302] [0.00494051 0.9950595 ] [0.9978227  0.00217728] [0.8557993  0.14420067] [0.99617285 0.00382718] [0.9971228  0.00287717] [0.44778383 0.5522162 ] [0.05313796 0.94686204] [0.9849856  0.01501444] [0.94896024 0.05103977] [0.33880758 0.6611924 ] [0.79207087 0.20792916] [0.32217824 0.67782176] [0.00785989 0.9921401 ] [9.9967217e-01 3.2781172e-04] [0.8940345 0.1059655] [0.35419083 0.6458092 ] [0.07231659 0.9276834 ] [0.6435974  0.35640258] [9.9974930e-01 2.5070086e-04] [0.92772776 0.07227222] [0.99787796 0.00212206] [0.22280037 0.7771996 ] [0.9969254  0.00307458] [0.99361473 0.00638525] [0.16943228 0.8305677 ] [0.80891144 0.19108856] [0.9747779  0.02522215] [0.99660945 0.00339053] [0.7407078 0.2592922] [0.10114616 0.89885384] [9.9984461e-01 1.5537316e-04] [0.0309093 0.9690907] [0.93223614 0.06776389] [0.99898136 0.00101862] [0.93019605 0.06980397] [0.9689854  0.03101463],1 0 1 1 0 1 0 0 0 0 1 1 0 0 0 0 0 0 1 0 0 1 0 0 0 1 1 0 0 0 0 0 1 0 1 1 0 0 1 0 1 1 0 0 0 0 1 1 0 0 0 0 1 0 0 1 1 0 1 0 1 0 1 0 1 0 0 0 1 0 1 1 1 0 0 0 1 1 1 0 0 0 0 0 0 1 1 1 0 0 1 0 1 0 0 0 0 0 1 0 0 0 1 0 0 1 0 0 0 0 1 0 0 1 0 0 0 0 0 1 0 0 0 1 0 0 1 1 1 0 0 0 0 1 0 0 0 0 1 0 0 0 1 0 0 0 1 0 1 0 0 1 0
46921,0,xgboost,0.0,2000,1992,0.7142857142857143,0.7877777777777778,[0.14112955 0.85887045] [0.12416768 0.8758323 ] [0.20236987 0.79763013] [0.7016355 0.2983645] [0.38305002 0.61695   ] [0.3111778 0.6888222] [0.97669595 0.02330402] [0.34424603 0.65575397] [0.99139005 0.00860993] [0.9970236  0.00297644] [0.9838723  0.01612768] [0.20328873 0.79671127] [0.26917118 0.7308288 ] [0.07894588 0.9210541 ] [0.12620968 0.8737903 ] [0.7767023 0.2232977] [0.9349702  0.06502981] [9.993676e-01 6.323996e-04] [0.06874096 0.93125904] [0.24417543 0.75582457] [0.18845522 0.8115448 ] [0.05239552 0.9476045 ] [0.3201545 0.6798455] [0.90731657 0.09268343] [0.9747168  0.02528321] [0.7586313  0.24136873] [0.9856338  0.01436622] [0.81132144 0.18867858] [0.987215   0.01278502] [0.37628144 0.62371856] [0.8663108  0.13368922] [0.96764374 0.03235629] [0.14071554 0.85928446] [0.9613609  0.03863915] [9.9938560e-01 6.1443215e-04] [9.996174e-01 3.826195e-04] [0.8400462  0.15995376] [0.99607074 0.00392926] [0.9723367 0.0276633] [0.09099317 0.90900683] [0.16772646 0.83227354] [0.9952971  0.00470295] [0.75833595 0.24166405] [0.94148034 0.05851968] [0.9951355  0.00486449] [0.9947451  0.00525493] [0.9978797  0.00212034] [0.9989663 0.0010337] [0.9691864  0.03081358] [0.94093066 0.05906933] [0.9152157  0.08478434] [9.993512e-01 6.487865e-04] [0.08873975 0.91126025] [0.9052937 0.0947063] [0.38027972 0.6197203 ] [0.38914543 0.61085457] [9.9927980e-01 7.2021934e-04] [0.3907404 0.6092596] [0.91233987 0.08766016] [0.9888789 0.0111211] [0.98780715 0.01219285] [0.0023632 0.9976368] [0.88771117 0.11228886] [0.44399577 0.5560042 ] [0.66739607 0.33260396] [0.94454175 0.05545827] [0.37401408 0.6259859 ] [0.93416756 0.06583241] [0.02902472 0.9709753 ] [0.9828255  0.01717447] [0.9838712  0.01612878] [0.0049718 0.9950282] [0.97831947 0.02168054] [0.78239334 0.21760663] [0.9664751 0.0335249] [0.9957229  0.00427712] [0.4565919 0.5434081] [0.997275   0.00272498] [0.8564679  0.14353211] [0.9454202  0.05457981] [0.99613714 0.00386289] [0.9134948  0.08650519] [0.99746186 0.00253812] [0.9884435  0.01155653] [9.9980557e-01 1.9443492e-04] [0.89768064 0.10231938] [0.9359139  0.06408606] [0.83140576 0.16859424] [0.58579814 0.41420186] [0.14498103 0.855019  ] [0.07569903 0.92430097] [0.56739825 0.43260175] [0.9810753  0.01892468] [0.1013115 0.8986885] [9.9974269e-01 2.5729527e-04] [0.9968947 0.0031053] [0.37873733 0.62126267] [0.10486156 0.89513844] [0.9977416  0.00225845] [0.99522454 0.00477549] [0.79167473 0.2083253 ] [9.991107e-01 8.892937e-04] [0.11291927 0.8870807 ] [0.9866359  0.01336405] [0.97466904 0.02533099] [0.8126015  0.18739851] [0.7612642  0.23873581] [9.9952698e-01 4.7301105e-04] [0.07271957 0.9272804 ] [0.96301734 0.03698267] [0.7841992  0.21580082] [0.6053556  0.39464438] [0.9889787  0.01102131] [0.60365295 0.39634708] [0.05389774 0.94610226] [0.9974359  0.00256405] [0.9937083  0.00629167] [0.9439875  0.05601251] [0.88621974 0.11378025] [0.9759527 0.0240473] [0.99756366 0.00243631] [0.90202916 0.09797087] [0.9847708  0.01522923] [0.83655286 0.16344717] [0.08709639 0.9129036 ] [0.04742455 0.95257545] [0.89872503 0.10127499] [0.97458434 0.02541568] [9.9907970e-01 9.2031533e-04] [0.95265144 0.04734858] [0.9970014  0.00299859] [0.98124087 0.01875916] [0.572453   0.42754695] [0.79588854 0.20411149] [0.8313918  0.16860816] [0.9952532  0.00474678] [0.4993006 0.5006994] [0.7052441  0.29475588] [0.97584444 0.02415556] [0.20341623 0.7965838 ] [0.99243164 0.00756837] [0.9895722  0.01042776] [0.6513563  0.34864372] [0.9885725  0.01142753] [0.9845045  0.01549546] [0.99369574 0.00630427] [0.5528406  0.44715938] [0.89109284 0.10890714] [9.9942636e-01 5.7361694e-04] [0.9786434  0.02135658] [0.25501543 0.74498457] [0.9116257  0.08837434] [9.992748e-01 7.252154e-04] [0.98959947 0.01040054],0 1 1 0 0 0 0 1 0 0 0 0 0 1 1 0 0 0 1 0 0 0 1 1 0 0 0 0 0 0 0 0 1 0 0 0 1 0 0 1 0 0 1 0 0 0 0 0 0 0 1 0 1 1 1 1 0 0 0 0 0 1 0 0 0 0 1 1 1 1 0 0 0 1 1 0 1 0 0 0 0 0 0 0 0 0 1 1 1 1 1 1 1 1 0 0 0 1 0 1 0 0 1 0 0 0 1 0 1 1 0 0 0 1 0 1 0 1 0 0 0 0 0 1 1 0 0 0 0 0 0 0 0 1 0 0 1 1 0 1 0 1 1 0 0 0 1 1 0 0 1 1 0 0
46921,1,xgboost,0.0,2000,1992,0.7207792207792207,0.7694444444444445,[0.9633978 0.0366022] [0.9708514 0.0291486] [0.97775537 0.02224462] [0.00623995 0.99376005] [0.9908224  0.00917764] [0.99834466 0.00165535] [0.06681532 0.9331847 ] [0.8139695 0.1860305] [0.7514584  0.24854162] [0.02270305 0.97729695] [0.70842457 0.2915754 ] [0.97168344 0.02831656] [0.97497207 0.02502794] [0.4513644 0.5486356] [0.92563856 0.07436145] [0.69563454 0.30436546] [0.92877823 0.07122175] [0.99281645 0.00718354] [0.02604628 0.9739537 ] [0.96744174 0.03255826] [0.43123388 0.5687661 ] [0.99669695 0.00330305] [0.9736089  0.02639106] [0.0025 0.9975] [0.9976117  0.00238827] [0.0418908 0.9581092] [0.9563628  0.04363724] [0.03867096 0.96132904] [0.7692988 0.2307012] [0.35261065 0.64738935] [0.01666349 0.9833365 ] [0.04309458 0.9569054 ] [0.9719912 0.0280088] [0.95725864 0.04274135] [0.8501335  0.14986652] [0.79119575 0.20880423] [0.50269103 0.497309  ] [0.93773705 0.06226293] [0.5709679 0.4290321] [0.9937274  0.00627259] [0.9857958  0.01420421] [0.35359722 0.6464028 ] [0.88514405 0.11485595] [0.5548688 0.4451312] [0.76897883 0.2310212 ] [0.56705546 0.4329445 ] [0.8760586  0.12394141] [0.9976535  0.00234649] [0.9929212  0.00707885] [0.99253094 0.00746905] [0.9860021  0.01399792] [9.9975604e-01 2.4398540e-04] [0.80443037 0.19556963] [0.9943819  0.00561808] [0.9745117 0.0254883] [0.066432 0.933568] [0.978629   0.02137103] [0.24688375 0.75311625] [0.86947715 0.13052283] [0.9938644  0.00613557] [0.75492644 0.24507356] [0.5609218  0.43907818] [0.26209313 0.7379069 ] [0.2260682 0.7739318] [0.9593862  0.04061379] [0.14952993 0.85047007] [0.97988987 0.02011012] [0.2846427 0.7153573] [0.8621906 0.1378094] [0.04721713 0.95278287] [0.99170876 0.00829126] [0.93087584 0.06912415] [0.7652563  0.23474371] [0.8849493  0.11505069] [0.98463124 0.01536875] [0.8268743  0.17312568] [0.99771273 0.00228726] [0.93094325 0.06905672] [0.7993009  0.20069908] [0.85618967 0.14381033] [0.29054624 0.70945376] [0.5996787 0.4003213] [0.42836803 0.57163197] [0.99231905 0.00768096] [0.99315226 0.00684775] [0.98416424 0.01583579] [0.96175116 0.03824885] [0.8963524  0.10364756] [0.99703604 0.00296394] [0.42456806 0.57543194] [0.9643523  0.03564771] [0.49853933 0.5014607 ] [0.9550038  0.04499619] [0.95345414 0.04654586] [9.9900395e-01 9.9604193e-04] [0.916845   0.08315498] [0.82830405 0.17169595] [0.888319 0.111681] [0.991203   0.00879698] [0.681106 0.318894] [0.7185681 0.2814319] [0.99236983 0.00763018] [0.015432 0.984568] [0.9876402  0.01235977] [0.6510117 0.3489883] [0.36210895 0.63789105] [0.64974844 0.35025153] [0.9270729  0.07292709] [0.7174616  0.28253844] [0.9954576  0.00454243] [0.6858971 0.3141029] [0.9031152  0.09688478] [0.91494465 0.08505536] [0.91077685 0.08922314] [0.06972975 0.93027025] [0.35654068 0.6434593 ] [0.91915894 0.08084106] [0.5274739  0.47252607] [0.992865   0.00713499] [0.9987659  0.00123414] [0.96232635 0.03767367] [0.99823886 0.00176115] [0.8678827  0.13211726] [0.09060329 0.9093967 ] [0.9773784  0.02262154] [0.07004261 0.9299574 ] [0.9692657  0.03073427] [0.9959867  0.00401328] [0.9659199 0.0340801] [0.53111845 0.46888155] [0.5021791 0.4978209] [0.42437685 0.57562315] [0.88118947 0.11881052] [9.995532e-01 4.467857e-04] [0.01318794 0.98681206] [0.9872133  0.01278667] [0.66207004 0.33793   ] [0.07571125 0.92428875] [0.88219285 0.11780718] [0.36202085 0.63797915] [0.9716406 0.0283594] [0.0243876 0.9756124] [0.38143677 0.61856323] [0.9685205  0.03147949] [0.21930349 0.7806965 ] [0.99784696 0.00215304] [9.9955034e-01 4.4963229e-04] [0.9414669  0.05853307] [9.9959344e-01 4.0653627e-04] [0.994715   0.00528503] [0.98779637 0.01220361] [0.82523096 0.17476901] [0.8326223  0.16737774] [0.9343909  0.06560909],1 0 0 1 0 0 1 1 1 1 1 0 1 1 0 0 1 0 1 0 0 0 1 1 0 1 0 0 1 1 1 1 0 0 0 0 0 0 0 0 1 0 0 1 0 1 1 0 0 0 0 0 1 0 0 0 0 0 1 0 1 0 0 1 0 0 0 1 0 1 0 0 1 0 0 0 0 0 0 1 0 0 1 0 0 0 0 1 0 0 1 0 0 0 0 1 0 0 0 0 0 0 1 0 0 0 1 0 0 1 0 1 0 1 1 1 0 0 0 0 0 0 0 1 0 1 0 0 1 1 1 1 1 0 0 1 0 1 0 0 0 1 1 0 1 0 0 0 0 0 0 0 0 1
46921,2,xgboost,0.0,2000,1992,0.7727272727272727,0.8285185185185185,[0.28632784 0.71367216] [0.9019732 0.0980268] [0.9094031  0.09059694] [0.9182189  0.08178107] [0.9822686  0.01773146] [0.71083856 0.28916147] [0.99259883 0.00740117] [0.96210855 0.03789144] [0.3394829 0.6605171] [0.9955877  0.00441227] [0.99458605 0.00541396] [0.85720843 0.14279158] [0.99493784 0.00506216] [0.9951509  0.00484907] [0.31109267 0.6889073 ] [0.01320475 0.98679525] [0.99579686 0.00420315] [0.51012945 0.48987055] [0.9669299  0.03307012] [0.30609757 0.69390243] [0.02766186 0.97233814] [0.655446 0.344554] [0.08215356 0.91784644] [0.9989296  0.00107035] [0.9852946  0.01470542] [0.9989326  0.00106739] [0.9888813  0.01111869] [0.03532147 0.9646785 ] [0.9908902  0.00910977] [0.9938762  0.00612378] [0.76294017 0.23705982] [0.02977622 0.9702238 ] [0.7774516  0.22254841] [9.9945700e-01 5.4300367e-04] [0.8598758  0.14012419] [9.996079e-01 3.920988e-04] [0.12377888 0.8762211 ] [0.9976505  0.00234949] [0.5710924  0.42890757] [9.9928498e-01 7.1499764e-04] [0.9695166  0.03048345] [0.95814556 0.04185443] [0.02760667 0.97239333] [0.81778926 0.18221073] [0.16705811 0.8329419 ] [0.7472657  0.25273427] [0.96457994 0.03542006] [0.7456895  0.25431046] [0.9747654  0.02523459] [0.54568255 0.45431745] [0.18689954 0.81310046] [0.98914313 0.01085689] [0.9198218 0.0801782] [0.99049616 0.00950386] [0.98505527 0.01494471] [0.90487075 0.09512927] [0.8985616 0.1014384] [0.1193682 0.8806318] [0.9823814  0.01761862] [0.48307824 0.51692176] [0.60664576 0.39335424] [0.0289467 0.9710533] [0.92272145 0.07727856] [0.99519306 0.00480695] [0.99626213 0.00373788] [9.9988961e-01 1.1036369e-04] [0.02945685 0.97054315] [0.99048454 0.00951544] [0.49053812 0.5094619 ] [0.96928006 0.03071992] [0.8412085 0.1587915] [0.3841673 0.6158327] [0.4645468 0.5354532] [0.9957653  0.00423469] [0.13134128 0.8686587 ] [0.9349184  0.06508159] [0.99785477 0.00214525] [0.9936959  0.00630411] [0.9615136  0.03848645] [0.99819547 0.00180453] [0.98504424 0.01495577] [0.1067428 0.8932572] [0.79045385 0.20954613] [0.99465424 0.00534576] [0.2415486 0.7584514] [0.9974571  0.00254294] [0.9872954  0.01270458] [0.99498713 0.00501285] [0.9688841  0.03111591] [0.97918546 0.02081452] [0.7707955  0.22920448] [0.9905548  0.00944519] [0.3648206 0.6351794] [0.99730486 0.00269513] [0.14181817 0.85818183] [0.36608648 0.6339135 ] [0.05305296 0.94694704] [0.27328527 0.72671473] [0.99884474 0.00115523] [0.48091125 0.51908875] [0.9983539  0.00164613] [0.9985593 0.0014407] [0.08068991 0.9193101 ] [0.09142971 0.9085703 ] [9.9973625e-01 2.6374654e-04] [0.8254997 0.1745003] [0.95076543 0.04923457] [0.9989934 0.0010066] [0.896793   0.10320702] [0.993296   0.00670399] [0.9729973  0.02700268] [0.9966756  0.00332441] [0.9114     0.08859997] [0.9107893 0.0892107] [0.5877073  0.41229272] [0.31701308 0.6829869 ] [0.93364865 0.06635134] [0.8980916  0.10190839] [0.94433916 0.05566082] [0.02547407 0.9745259 ] [0.50668657 0.49331346] [0.98712486 0.01287512] [0.99312323 0.00687676] [0.98930115 0.01069885] [0.6426412  0.35735884] [0.0644685 0.9355315] [0.133313 0.866687] [0.7699431  0.23005688] [0.5608674 0.4391326] [9.9921083e-01 7.8918878e-04] [0.11338413 0.8866159 ] [0.18759555 0.81240445] [0.72178745 0.27821255] [0.68145686 0.31854314] [0.9738275  0.02617254] [0.9955777 0.0044223] [0.7527845  0.24721552] [0.01991457 0.98008543] [0.981248   0.01875196] [0.99460864 0.00539134] [0.11633199 0.883668  ] [0.6503817  0.34961832] [0.984477   0.01552301] [0.9971893  0.00281074] [0.44550622 0.5544938 ] [0.9144379  0.08556211] [0.9491067  0.05089328] [0.5373142 0.4626858] [0.9942593  0.00574073] [0.73359925 0.26640075] [0.5610552  0.43894485] [0.9984204  0.00157958] [0.9931633  0.00683671] [0.24392587 0.75607413],1 0 1 0 0 1 1 0 0 1 0 0 0 0 1 1 0 1 0 1 1 0 1 0 0 0 1 0 0 0 0 1 0 0 1 0 1 0 0 0 0 0 1 1 1 0 0 0 0 0 1 0 0 0 0 0 0 0 0 0 1 1 0 0 0 0 1 0 1 0 0 1 1 0 0 1 0 0 1 0 0 1 1 1 1 0 0 0 0 1 0 0 1 0 1 1 1 1 0 0 0 0 0 1 0 0 0 0 0 0 0 0 0 1 0 1 0 0 0 0 0 0 0 0 0 1 0 1 1 0 1 1 1 1 0 0 1 0 0 0 1 0 1 0 0 0 0 1 0 1 1 0 0 1
46921,3,xgboost,0.0,2000,1992,0.7777777777777778,0.7866037735849056,[0.21859747 0.7814025 ] [0.9793475  0.02065249] [0.2470088 0.7529912] [0.99127895 0.00872106] [0.9959238  0.00407616] [0.10349154 0.89650846] [0.96824145 0.03175857] [0.9668103  0.03318973] [0.2939235 0.7060765] [0.06021827 0.9397817 ] [0.9410348  0.05896518] [9.9969274e-01 3.0726023e-04] [0.5162715  0.48372856] [0.9861608 0.0138392] [0.99659437 0.00340561] [0.9633035  0.03669647] [9.9918544e-01 8.1454247e-04] [0.14087671 0.8591233 ] [0.98722434 0.01277564] [0.25458944 0.74541056] [0.969237   0.03076297] [0.26813018 0.7318698 ] [0.5407659 0.4592341] [0.99553096 0.00446905] [0.99821794 0.00178206] [0.01134223 0.9886578 ] [0.9004851 0.0995149] [0.02880663 0.9711934 ] [0.99850214 0.00149789] [0.99138516 0.00861486] [0.99698824 0.00301178] [0.91460437 0.08539566] [0.9825366  0.01746339] [0.9142914  0.08570863] [0.30516267 0.69483733] [0.08736068 0.9126393 ] [0.9905477 0.0094523] [0.18264598 0.817354  ] [0.11418992 0.8858101 ] [0.97218364 0.02781634] [0.8761137 0.1238863] [0.9957611  0.00423889] [0.9761174  0.02388265] [0.8878961  0.11210389] [9.9975830e-01 2.4168195e-04] [0.9969642  0.00303579] [0.9501005 0.0498995] [0.7108911  0.28910887] [0.9760774  0.02392261] [0.837365   0.16263503] [0.9987015  0.00129847] [0.99855965 0.00144036] [0.9568308  0.04316922] [0.97544837 0.02455162] [0.145262 0.854738] [0.9745803 0.0254197] [0.991018 0.008982] [0.9100579  0.08994213] [0.00148076 0.99851924] [0.97503966 0.02496032] [0.87778246 0.12221751] [0.9982796  0.00172043] [0.9960401 0.0039599] [0.9885471  0.01145291] [0.97056943 0.02943057] [0.7461649  0.25383505] [0.36361355 0.63638645] [0.7694201  0.23057991] [0.08086294 0.91913706] [0.9922961  0.00770392] [0.99518186 0.00481817] [0.03512263 0.96487737] [0.00603765 0.99396235] [0.7122164  0.28778365] [0.99568856 0.00431147] [9.9906677e-01 9.3323592e-04] [0.907448   0.09255198] [0.28668606 0.71331394] [9.992412e-01 7.588248e-04] [0.24510604 0.75489396] [0.91964877 0.08035126] [0.78625244 0.21374755] [0.9959357  0.00406432] [0.23023456 0.76976544] [0.7944083 0.2055917] [0.23783565 0.76216435] [0.81388557 0.18611446] [9.9975914e-01 2.4085039e-04] [0.20065355 0.79934645] [0.40519124 0.59480876] [0.99634206 0.00365791] [0.9870626  0.01293745] [0.9277026  0.07229741] [0.19648242 0.8035176 ] [0.91527677 0.08472324] [0.9496563  0.05034368] [0.4120142 0.5879858] [0.37035346 0.62964654] [0.76164615 0.23835386] [0.99260885 0.00739117] [0.9476288 0.0523712] [0.278477 0.721523] [0.9925274  0.00747259] [0.59215117 0.40784886] [0.985252   0.01474799] [0.8434799  0.15652016] [0.15923762 0.8407624 ] [0.18897033 0.8110297 ] [0.30234003 0.69765997] [0.49833447 0.50166553] [0.9823059  0.01769414] [0.8973316  0.10266838] [0.05264914 0.94735086] [0.99255234 0.00744765] [9.990694e-01 9.305838e-04] [0.99898475 0.00101526] [0.9784891  0.02151092] [0.8999524 0.1000476] [0.01171041 0.9882896 ] [0.46633345 0.53366655] [0.01258487 0.98741513] [0.95123506 0.04876497] [0.998971   0.00102902] [0.7863729  0.21362711] [0.87416476 0.12583522] [0.20358008 0.7964199 ] [0.8486565  0.15134352] [0.02085298 0.979147  ] [0.9637552  0.03624481] [0.9936601  0.00633988] [0.817767 0.182233] [0.08900249 0.9109975 ] [0.98276526 0.01723474] [0.9322833 0.0677167] [0.19613916 0.80386084] [0.9758184  0.02418162] [0.99507827 0.00492174] [0.8069053  0.19309466] [0.35083812 0.6491619 ] [0.631137   0.36886302] [0.684378 0.315622] [0.10435688 0.8956431 ] [0.9865862 0.0134138] [0.9902024 0.0097976] [0.9477475  0.05225245] [0.97851205 0.02148796] [0.9937677  0.00623235] [0.12349004 0.87650996] [0.9920454  0.00795459] [0.39425576 0.60574424] [9.9980772e-01 1.9229442e-04] [0.08378029 0.9162197 ] [0.94968116 0.05031884],0 1 1 0 1 1 0 0 1 1 0 0 0 0 0 0 0 1 0 1 1 1 1 1 0 1 0 0 0 0 0 1 0 0 1 0 0 0 1 0 0 0 0 0 0 0 1 0 1 0 0 0 0 0 1 0 1 0 1 0 1 0 0 0 0 0 0 0 1 0 0 0 1 0 0 0 0 1 0 1 1 1 0 0 0 0 1 0 1 1 0 0 0 0 0 0 1 1 0 0 1 0 0 0 0 0 0 1 1 1 0 1 1 0 0 0 1 0 1 1 1 0 0 1 0 0 1 1 0 0 0 1 0 0 0 0 0 0 1 0 0 1 1 0 0 1 0 1 0 1 0 0 0
46921,4,xgboost,0.0,2000,1992,0.7581699346405228,0.800754716981132,[0.98064464 0.01935533] [0.9866001  0.01339991] [0.74467003 0.25532994] [0.5012649  0.49873507] [9.9985749e-01 1.4249244e-04] [0.50953037 0.49046963] [0.62278605 0.37721398] [0.98634905 0.01365094] [9.9979514e-01 2.0486992e-04] [0.9975187  0.00248131] [0.10542631 0.8945737 ] [0.31952947 0.6804705 ] [0.8434005  0.15659949] [9.9931788e-01 6.8212673e-04] [0.52087414 0.47912583] [0.19032294 0.80967706] [0.93125296 0.06874702] [0.99605685 0.00394317] [0.5578487 0.4421513] [0.91215205 0.08784796] [0.99064827 0.00935173] [0.03398019 0.9660198 ] [9.9979109e-01 2.0890539e-04] [0.9641521  0.03584788] [0.94909257 0.05090743] [0.9345715 0.0654285] [0.13132381 0.8686762 ] [9.9971414e-01 2.8584423e-04] [0.74258655 0.25741345] [0.7610302  0.23896979] [0.9631662  0.03683383] [0.991718   0.00828203] [0.9904496 0.0095504] [0.9866422  0.01335782] [0.03900236 0.96099764] [0.06527251 0.9347275 ] [0.98088807 0.01911191] [0.930796 0.069204] [0.99689436 0.00310565] [9.9978942e-01 2.1061157e-04] [0.8555675 0.1444325] [0.95516473 0.04483527] [0.99852073 0.00147927] [0.7911066  0.20889345] [9.9927968e-01 7.2034635e-04] [0.9917807  0.00821932] [0.58449423 0.41550577] [0.0366227 0.9633773] [0.9945942  0.00540576] [0.52534413 0.4746559 ] [0.9954057  0.00459431] [0.9439597  0.05604029] [0.18733793 0.81266207] [0.56805384 0.43194613] [0.8630729  0.13692713] [0.22729802 0.772702  ] [0.89724505 0.10275496] [0.9808299 0.0191701] [0.97639596 0.02360401] [0.9853563  0.01464376] [0.33099037 0.6690096 ] [0.9494685  0.05053148] [0.8053868 0.1946132] [0.9846931 0.0153069] [0.20942461 0.7905754 ] [0.99553925 0.00446074] [0.99861354 0.00138649] [0.7273973  0.27260265] [0.5045212 0.4954788] [0.820219   0.17978103] [0.9826334  0.01736657] [0.96168584 0.03831415] [0.08368891 0.9163111 ] [0.8348308  0.16516918] [9.994483e-01 5.516859e-04] [0.99769866 0.00230133] [0.4342165 0.5657835] [0.22642797 0.773572  ] [0.7903544  0.20964566] [0.9594484  0.04055161] [0.96017915 0.03982084] [0.06103373 0.9389663 ] [9.990815e-01 9.185226e-04] [0.93107486 0.06892511] [0.98346967 0.01653034] [0.31560695 0.68439305] [0.0812422 0.9187578] [0.02461529 0.9753847 ] [0.9983962 0.0016038] [0.99894804 0.00105196] [0.12093478 0.8790652 ] [0.83584285 0.16415715] [0.05095285 0.94904715] [0.955127   0.04487301] [0.931153   0.06884702] [0.9558383  0.04416168] [0.9987947 0.0012053] [0.9884147 0.0115853] [0.913753   0.08624705] [0.9494315  0.05056852] [9.9931234e-01 6.8764732e-04] [9.9915725e-01 8.4276113e-04] [0.6421429  0.35785708] [0.9965639  0.00343607] [0.97938406 0.02061593] [0.99626637 0.00373364] [0.8390994  0.16090061] [0.3105418 0.6894582] [0.9874337  0.01256635] [0.9984542  0.00154579] [0.979707   0.02029297] [0.49291492 0.5070851 ] [0.9756771  0.02432293] [0.9767915  0.02320847] [0.5469808 0.4530192] [0.01109362 0.9889064 ] [0.99317575 0.00682423] [0.08924097 0.91075903] [0.996342   0.00365797] [0.84721243 0.15278755] [0.9971674  0.00283261] [0.9769777  0.02302229] [0.03524607 0.9647539 ] [0.87649065 0.12350933] [0.68396544 0.3160346 ] [0.9775196  0.02248044] [0.35646355 0.64353645] [0.18162525 0.81837475] [0.1199317 0.8800683] [0.02387995 0.97612005] [9.9990559e-01 9.4394985e-05] [0.72967774 0.27032226] [0.91988105 0.08011895] [0.3038835 0.6961165] [0.07544845 0.92455155] [0.9976523  0.00234774] [0.9937959  0.00620411] [0.9928215  0.00717851] [0.08823252 0.9117675 ] [0.9985368  0.00146315] [0.9714933 0.0285067] [0.75656307 0.2434369 ] [0.8514931 0.1485069] [0.81901646 0.18098357] [0.9905525 0.0094475] [0.47217757 0.52782243] [0.09212667 0.90787333] [0.993057 0.006943] [0.44388402 0.556116  ] [0.93283033 0.06716967] [0.9899776  0.01002241] [0.5767143 0.4232857] [0.9918078  0.00819216],1 0 1 1 0 1 0 0 0 0 1 1 0 0 0 0 0 0 1 0 0 1 0 0 0 1 1 0 0 0 0 0 1 0 1 1 0 0 1 0 1 1 0 0 0 0 1 1 0 0 0 0 1 0 0 1 1 0 1 0 1 0 1 0 1 0 0 0 1 0 1 1 1 0 0 0 1 1 1 0 0 0 0 0 0 1 1 1 0 0 1 0 1 0 0 0 0 0 1 0 0 0 1 0 0 1 0 0 0 0 1 0 0 1 0 0 0 0 0 1 0 0 0 1 0 0 1 1 1 0 0 0 0 1 0 0 0 0 1 0 0 0 1 0 0 0 1 0 1 0 0 1 0
46921,0,xgboost,0.0,5000,4992,0.6948051948051948,0.7670370370370372,[0.23796284 0.76203716] [0.3224972 0.6775028] [0.27567208 0.7243279 ] [0.9683547  0.03164528] [0.28164864 0.71835136] [0.22116727 0.77883273] [0.9678738  0.03212621] [0.8588583 0.1411417] [0.97264946 0.02735052] [0.99059916 0.00940082] [0.9497209  0.05027908] [0.46396422 0.5360358 ] [0.867495   0.13250501] [0.08021909 0.9197809 ] [0.4389755 0.5610245] [0.05218226 0.94781774] [0.8336207  0.16637927] [0.99147826 0.00852175] [0.5588869  0.44111314] [0.05889922 0.9411008 ] [0.45446986 0.54553014] [0.012595 0.987405] [0.09600472 0.9039953 ] [0.9747336  0.02526644] [0.99749625 0.00250373] [0.91730464 0.08269534] [0.98229194 0.01770809] [0.6725097 0.3274903] [0.997845   0.00215502] [0.0403716 0.9596284] [0.97784835 0.02215166] [0.980891   0.01910899] [0.01700419 0.9829958 ] [0.6704722 0.3295278] [0.9835004  0.01649957] [0.9914969  0.00850308] [0.986342   0.01365799] [0.990763   0.00923701] [0.97359264 0.02640737] [0.04486996 0.95513004] [0.14479607 0.8552039 ] [0.986043   0.01395705] [0.7254976 0.2745024] [0.7337066 0.2662934] [0.9963952  0.00360484] [0.9672962  0.03270383] [0.9974382  0.00256181] [0.97444224 0.02555777] [0.99035263 0.00964736] [0.8177831  0.18221687] [0.97219485 0.02780514] [0.9942845  0.00571551] [0.06907552 0.9309245 ] [0.93912846 0.06087154] [0.01505375 0.98494625] [0.4524725 0.5475275] [0.97171926 0.02828075] [0.63117504 0.36882493] [0.94398946 0.05601056] [0.96660453 0.03339547] [0.9682455 0.0317545] [0.01394403 0.98605597] [0.99359936 0.00640063] [0.10694242 0.8930576 ] [0.48624367 0.51375633] [0.6953861 0.3046139] [0.0403828 0.9596172] [0.86603737 0.13396266] [0.18363863 0.81636137] [0.9720636  0.02793642] [0.994578   0.00542201] [0.02044058 0.9795594 ] [0.9832798  0.01672018] [0.42261505 0.57738495] [0.9749726  0.02502742] [0.9789401  0.02105989] [0.52939606 0.47060397] [0.9598067  0.04019334] [0.98758316 0.01241681] [0.99111587 0.00888413] [0.9444193  0.05558068] [0.99085623 0.00914377] [0.99190724 0.00809277] [0.9364269 0.0635731] [0.99777323 0.00222675] [0.6705973  0.32940271] [0.87869465 0.12130532] [0.9755379  0.02446212] [0.9266302  0.07336981] [0.32040173 0.6795983 ] [0.3075601 0.6924399] [0.69999593 0.30000407] [0.91939735 0.08060268] [0.18537802 0.814622  ] [0.9981909  0.00180914] [0.9939318  0.00606824] [0.77701384 0.22298618] [0.06290972 0.9370903 ] [9.994441e-01 5.558838e-04] [0.99122417 0.00877582] [0.94156194 0.05843804] [0.9978205  0.00217949] [0.10081357 0.89918643] [0.9454964  0.05450362] [0.6847968  0.31520322] [0.6933198 0.3066802] [0.32502538 0.6749746 ] [9.9979126e-01 2.0875307e-04] [0.00632954 0.99367046] [0.7757283  0.22427171] [0.5139574  0.48604265] [0.45160985 0.54839015] [0.9956505  0.00434954] [0.9815262 0.0184738] [0.32728308 0.6727169 ] [0.9882727  0.01172727] [0.98698866 0.01301135] [0.79103523 0.20896478] [0.9945754  0.00542463] [0.9550715  0.04492851] [0.99624085 0.00375913] [0.98774284 0.01225715] [9.9948567e-01 5.1431445e-04] [0.7940478  0.20595223] [0.03844464 0.96155536] [0.09216458 0.9078354 ] [0.99456406 0.00543594] [0.5165167  0.48348334] [9.9921048e-01 7.8951713e-04] [0.9167247 0.0832753] [0.98025775 0.01974227] [0.9941677  0.00583232] [0.60882723 0.39117274] [0.8950473  0.10495268] [0.93397677 0.06602325] [0.9538521  0.04614789] [0.622396   0.37760404] [0.6075464 0.3924536] [0.99815434 0.00184566] [0.58150536 0.41849464] [0.98637104 0.01362894] [0.8190666  0.18093342] [0.6249505 0.3750495] [0.996666   0.00333398] [0.9862359  0.01376407] [0.99534786 0.00465215] [0.9100226  0.08997735] [0.7848035  0.21519648] [0.9988292  0.00117082] [0.89285856 0.10714144] [0.08836484 0.91163516] [0.8094531  0.19054686] [9.9973857e-01 2.6141029e-04] [0.9784628 0.0215372],0 1 1 0 0 0 0 1 0 0 0 0 0 1 1 0 0 0 1 0 0 0 1 1 0 0 0 0 0 0 0 0 1 0 0 0 1 0 0 1 0 0 1 0 0 0 0 0 0 0 1 0 1 1 1 1 0 0 0 0 0 1 0 0 0 0 1 1 1 1 0 0 0 1 1 0 1 0 0 0 0 0 0 0 0 0 1 1 1 1 1 1 1 1 0 0 0 1 0 1 0 0 1 0 0 0 1 0 1 1 0 0 0 1 0 1 0 1 0 0 0 0 0 1 1 0 0 0 0 0 0 0 0 1 0 0 1 1 0 1 0 1 1 0 0 0 1 1 0 0 1 1 0 0
46921,1,xgboost,0.0,5000,4992,0.7662337662337663,0.8264814814814816,[0.96561325 0.03438674] [0.87429947 0.12570053] [0.9923897  0.00761031] [0.08437222 0.9156278 ] [0.9953716  0.00462844] [0.99203223 0.00796776] [0.34532565 0.65467435] [0.973414   0.02658602] [0.2079739 0.7920261] [0.01725525 0.98274475] [0.7761583  0.22384171] [0.9809744  0.01902563] [0.92620456 0.07379545] [0.07176423 0.92823577] [0.9485619  0.05143806] [0.8359275  0.16407251] [0.7677292  0.23227078] [0.9986898  0.00131022] [0.02503788 0.9749621 ] [0.9848063  0.01519373] [0.95985246 0.04014753] [0.99646074 0.00353924] [0.8832158  0.11678422] [0.02089632 0.9791037 ] [0.9894763  0.01052369] [0.01523817 0.98476183] [0.8423481  0.15765193] [0.7879066  0.21209343] [0.9258472  0.07415282] [0.21983588 0.7801641 ] [0.06666547 0.9333345 ] [0.16210091 0.8378991 ] [0.97766864 0.02233135] [0.99084514 0.00915483] [0.9823464  0.01765357] [0.46682173 0.53317827] [0.9571754  0.04282461] [0.9487595  0.05124051] [0.28766018 0.7123398 ] [0.9959149  0.00408512] [0.97723514 0.02276487] [0.14384991 0.8561501 ] [0.9900783  0.00992171] [0.01674193 0.98325807] [0.9379624  0.06203756] [0.41928935 0.58071065] [0.19393152 0.8060685 ] [0.99851745 0.00148252] [0.985039   0.01496099] [0.9888324  0.01116756] [0.9706139  0.02938613] [0.99641603 0.00358399] [0.43572062 0.5642794 ] [0.9934979  0.00650211] [0.9978236  0.00217638] [0.13021386 0.86978614] [0.56612587 0.43387416] [0.44721144 0.55278856] [0.9726265  0.02737351] [0.9977247  0.00227527] [0.7186164  0.28138357] [0.5367777  0.46322232] [0.19305468 0.8069453 ] [0.07272345 0.92727655] [0.9597434  0.04025662] [0.87456375 0.12543623] [0.9964345  0.00356548] [0.4067673 0.5932327] [0.96552527 0.03447472] [0.40343767 0.5965623 ] [0.98201203 0.01798795] [0.88753295 0.11246707] [0.89412653 0.10587349] [0.71596634 0.2840337 ] [0.9845727  0.01542732] [0.99723196 0.00276802] [0.9766733  0.02332667] [0.9210586 0.0789414] [0.9963324  0.00366759] [0.37017846 0.62982154] [0.01580858 0.9841914 ] [0.943641   0.05635898] [0.10072213 0.89927787] [0.9769598  0.02304015] [0.9819555  0.01804445] [0.99612564 0.00387437] [0.9842333  0.01576667] [0.86854357 0.13145645] [0.99305546 0.00694453] [0.04759717 0.95240283] [0.867503   0.13249701] [0.81029886 0.18970113] [0.98260593 0.01739408] [0.9923587 0.0076413] [0.99369186 0.00630812] [0.47109938 0.5289006 ] [0.9662414  0.03375856] [0.9863062  0.01369382] [0.99824095 0.00175908] [0.9837604  0.01623957] [0.71391153 0.2860885 ] [0.9965468  0.00345322] [0.11447179 0.8855282 ] [0.96383953 0.03616044] [0.48171842 0.5182816 ] [0.9809475  0.01905248] [0.9750578  0.02494224] [0.9624814  0.03751864] [0.26610887 0.7338911 ] [0.9918972  0.00810277] [0.4985224 0.5014776] [0.9876777  0.01232231] [0.98555595 0.01444408] [0.37211245 0.62788755] [0.03496504 0.96503496] [0.9662138  0.03378616] [0.8806976  0.11930238] [0.570995   0.42900503] [0.9450546  0.05494542] [0.98800373 0.01199629] [0.99731505 0.00268495] [0.9949837  0.00501634] [0.947592   0.05240795] [0.07540369 0.9245963 ] [0.9770083 0.0229917] [0.03770727 0.96229273] [0.96050537 0.03949462] [0.99016744 0.00983255] [0.9813627  0.01863729] [0.5683061  0.43169388] [0.83113116 0.16886885] [0.6048179  0.39518207] [0.6265782 0.3734218] [0.99767685 0.00232315] [0.09630173 0.90369827] [0.92484367 0.07515635] [0.97427094 0.02572906] [0.04043382 0.9595662 ] [0.95402354 0.04597649] [0.9465308  0.05346921] [0.9927836  0.00721638] [0.08252621 0.9174738 ] [0.08930475 0.91069525] [0.99155885 0.00844117] [0.13816994 0.86183006] [0.9734266  0.02657342] [0.9983915 0.0016085] [0.7654085  0.23459151] [0.99206656 0.00793345] [0.9781592  0.02184082] [0.8514023  0.14859769] [0.9253192  0.07468079] [0.92372364 0.07627638] [0.93461454 0.06538547],1 0 0 1 0 0 1 1 1 1 1 0 1 1 0 0 1 0 1 0 0 0 1 1 0 1 0 0 1 1 1 1 0 0 0 0 0 0 0 0 1 0 0 1 0 1 1 0 0 0 0 0 1 0 0 0 0 0 1 0 1 0 0 1 0 0 0 1 0 1 0 0 1 0 0 0 0 0 0 1 0 0 1 0 0 0 0 1 0 0 1 0 0 0 0 1 0 0 0 0 0 0 1 0 0 0 1 0 0 1 0 1 0 1 1 1 0 0 0 0 0 0 0 1 0 1 0 0 1 1 1 1 1 0 0 1 0 1 0 0 0 1 1 0 1 0 0 0 0 0 0 0 0 1
46921,2,xgboost,0.0,5000,4992,0.7792207792207793,0.8105555555555556,[0.48049134 0.51950866] [0.919343   0.08065701] [0.19746506 0.80253494] [0.9521166 0.0478834] [0.9936913  0.00630867] [0.44339353 0.5566065 ] [0.99670947 0.00329052] [0.9705472  0.02945277] [0.57171375 0.42828625] [0.93832994 0.06167004] [0.97085536 0.02914467] [0.53487694 0.46512306] [0.9986968  0.00130317] [0.9957335  0.00426651] [0.00948983 0.99051017] [0.01953405 0.98046595] [0.9906247  0.00937529] [0.61259353 0.3874065 ] [0.9661848 0.0338152] [0.2068404 0.7931596] [0.04899174 0.95100826] [0.9515694  0.04843064] [0.7053846 0.2946154] [0.9926705  0.00732952] [0.9914189  0.00858111] [9.9940616e-01 5.9385307e-04] [0.9509057  0.04909435] [0.11355841 0.8864416 ] [0.9149927  0.08500732] [0.99867636 0.00132367] [0.07802522 0.9219748 ] [0.0166111 0.9833889] [0.2406649 0.7593351] [9.9931806e-01 6.8192265e-04] [0.97889936 0.02110065] [0.97334355 0.02665646] [0.8813067 0.1186933] [9.9937665e-01 6.2336575e-04] [0.82719636 0.17280364] [0.99762297 0.00237701] [0.9859601  0.01403987] [0.7842181  0.21578196] [0.06861877 0.9313812 ] [0.42530358 0.5746964 ] [0.5866076  0.41339242] [0.11747897 0.88252103] [0.9657001  0.03429991] [0.9443797  0.05562031] [0.9618288  0.03817116] [0.05553359 0.9444664 ] [0.17686057 0.8231394 ] [0.98886216 0.01113782] [0.76934475 0.23065524] [0.9962565  0.00374356] [0.97563255 0.02436743] [9.9909526e-01 9.0471131e-04] [0.9666103  0.03338966] [0.57865137 0.42134863] [0.9808595  0.01914046] [0.9838412 0.0161588] [0.21935683 0.78064317] [0.00784361 0.9921564 ] [0.9949236  0.00507639] [0.9913841  0.00861593] [0.9959114  0.00408855] [9.9952936e-01 4.7063484e-04] [0.01788855 0.98211145] [0.9924522  0.00754781] [0.39170915 0.60829085] [0.9087553  0.09124473] [0.37051094 0.62948906] [0.00622648 0.9937735 ] [0.02891952 0.9710805 ] [0.9646574  0.03534259] [0.04055578 0.9594442 ] [0.9968892  0.00311083] [0.99375015 0.00624984] [0.9505025  0.04949748] [0.987161   0.01283901] [0.998159   0.00184102] [9.9948400e-01 5.1600905e-04] [0.16742045 0.83257955] [0.9821215  0.01787849] [0.9953059  0.00469411] [0.05843341 0.9415666 ] [0.9785679  0.02143211] [0.9278028  0.07219718] [0.9928872  0.00711277] [9.993710e-01 6.289821e-04] [0.96414375 0.03585625] [0.90874004 0.09125993] [0.91151965 0.08848033] [0.792729 0.207271] [0.9361625  0.06383755] [0.32674295 0.67325705] [0.11550975 0.88449025] [0.3436432 0.6563568] [0.17008352 0.8299165 ] [9.991234e-01 8.766021e-04] [0.3441292 0.6558708] [0.9979563 0.0020437] [9.9915147e-01 8.4854267e-04] [0.14084935 0.85915065] [0.23900062 0.7609994 ] [0.977589 0.022411] [0.7166789  0.28332108] [0.8455671  0.15443288] [0.9988477  0.00115228] [0.9874631  0.01253686] [0.9983594  0.00164063] [0.97497857 0.02502144] [0.9315803  0.06841972] [0.85458684 0.14541319] [0.16095954 0.83904046] [0.02658772 0.9734123 ] [0.26554412 0.7344559 ] [0.88891876 0.11108126] [0.83038706 0.16961294] [0.9737333  0.02626672] [0.04314262 0.9568574 ] [0.5511444  0.44885558] [0.9885529  0.01144705] [0.67654824 0.32345173] [0.9983916  0.00160838] [0.9826971  0.01730286] [0.05212677 0.94787323] [0.3938048 0.6061952] [0.9670268  0.03297319] [0.25324023 0.7467598 ] [0.99740094 0.00259907] [0.34461355 0.65538645] [0.7609327  0.23906733] [0.90340704 0.09659296] [0.01929295 0.98070705] [0.9732806 0.0267194] [0.9915985  0.00840153] [0.07574874 0.92425126] [0.19423819 0.8057618 ] [0.99638176 0.00361823] [0.9973442  0.00265583] [0.26350474 0.73649526] [0.42913526 0.57086474] [0.7859811  0.21401887] [0.9800238  0.01997617] [0.9535222  0.04647779] [0.6183894  0.38161057] [0.2491104 0.7508896] [0.26737332 0.7326267 ] [0.99415684 0.00584314] [0.61360145 0.38639858] [0.20599109 0.7940089 ] [0.9983324 0.0016676] [9.9900204e-01 9.9796592e-04] [0.14065766 0.85934234],1 0 1 0 0 1 1 0 0 1 0 0 0 0 1 1 0 1 0 1 1 0 1 0 0 0 1 0 0 0 0 1 0 0 1 0 1 0 0 0 0 0 1 1 1 0 0 0 0 0 1 0 0 0 0 0 0 0 0 0 1 1 0 0 0 0 1 0 1 0 0 1 1 0 0 1 0 0 1 0 0 1 1 1 1 0 0 0 0 1 0 0 1 0 1 1 1 1 0 0 0 0 0 1 0 0 0 0 0 0 0 0 0 1 0 1 0 0 0 0 0 0 0 0 0 1 0 1 1 0 1 1 1 1 0 0 1 0 0 0 1 0 1 0 0 0 0 1 0 1 1 0 0 1
46921,3,xgboost,0.0,5000,4992,0.738562091503268,0.779433962264151,[0.3631832 0.6368168] [0.92119867 0.07880132] [0.11875176 0.88124824] [0.9966806  0.00331937] [0.99583256 0.00416746] [0.5725129  0.42748708] [0.9772632  0.02273676] [0.90978396 0.09021601] [0.07553923 0.92446077] [0.726974   0.27302602] [0.98859286 0.01140712] [0.99844277 0.00155725] [0.8143305  0.18566948] [0.99664474 0.00335528] [0.9952626 0.0047374] [0.7287299 0.2712701] [0.9979657  0.00203432] [0.05781466 0.94218534] [0.9892484 0.0107516] [0.05335742 0.9466426 ] [0.98988193 0.01011805] [0.90056133 0.09943865] [0.46785372 0.5321463 ] [0.88098216 0.11901785] [0.9823814 0.0176186] [0.11097413 0.88902587] [0.865      0.13499998] [0.03923273 0.96076727] [0.98312867 0.01687131] [0.9895928  0.01040719] [0.98441786 0.01558213] [0.92078906 0.07921093] [0.91616297 0.08383705] [0.8661357  0.13386431] [0.08291066 0.91708934] [0.2327339 0.7672661] [0.92791873 0.07208128] [0.6571622 0.3428378] [0.790383   0.20961702] [0.9194692  0.08053081] [0.7688912  0.23110875] [0.99029076 0.00970923] [0.98149323 0.01850679] [0.99608356 0.00391643] [0.9988953  0.00110472] [0.8572005 0.1427995] [0.47743624 0.52256376] [0.9032001  0.09679989] [0.9836418  0.01635818] [0.91841394 0.08158605] [0.98404485 0.01595514] [0.98967725 0.01032274] [0.9912361  0.00876389] [0.99695253 0.00304747] [0.09687674 0.90312326] [0.9610549  0.03894509] [0.9702531  0.02974686] [0.9790106  0.02098941] [0.00330132 0.9966987 ] [0.7453405  0.25465947] [0.27208728 0.7279127 ] [0.9938343  0.00616566] [0.99256814 0.00743186] [0.9983815  0.00161849] [0.97622746 0.02377256] [0.9829297  0.01707031] [0.62940717 0.3705928 ] [0.08304757 0.91695243] [0.75399435 0.24600568] [0.9849503 0.0150497] [9.9932051e-01 6.7946396e-04] [0.01286465 0.98713535] [0.02069145 0.97930855] [0.9744685  0.02553145] [9.9909925e-01 9.0073585e-04] [9.9968302e-01 3.1697133e-04] [0.9837991  0.01620092] [0.08113921 0.9188608 ] [9.9931544e-01 6.8458321e-04] [0.8579809  0.14201911] [0.94595516 0.05404483] [0.33586198 0.664138  ] [9.9939847e-01 6.0154515e-04] [0.6791798  0.32082024] [0.3841412 0.6158588] [0.5853205  0.41467953] [0.6828664 0.3171336] [0.9888698  0.01113022] [0.15435785 0.84564215] [0.16456896 0.83543104] [9.9924684e-01 7.5318315e-04] [0.80804324 0.19195677] [0.99286884 0.00713114] [0.2283417 0.7716583] [0.93263334 0.06736667] [0.23032117 0.76967883] [0.13880515 0.86119485] [0.9426627  0.05733727] [0.7094008  0.29059926] [0.97438395 0.02561604] [0.92437357 0.07562645] [0.7135911  0.28640887] [0.997432   0.00256798] [0.43498647 0.5650135 ] [0.9235177  0.07648232] [0.93497205 0.06502794] [0.35950655 0.64049345] [0.04936272 0.9506373 ] [0.58741796 0.41258204] [0.08186895 0.91813105] [0.9987091 0.0012909] [0.4610504 0.5389496] [0.00888699 0.991113  ] [0.99107707 0.00892293] [0.9966595  0.00334049] [0.9296738  0.07032622] [0.8253947 0.1746053] [0.970156 0.029844] [0.00390548 0.9960945 ] [0.79143816 0.20856185] [0.01772463 0.98227537] [0.14937365 0.85062635] [0.9921877 0.0078123] [0.9149716 0.0850284] [0.84276927 0.15723072] [0.04981428 0.9501857 ] [0.9868094  0.01319065] [0.13813359 0.8618664 ] [0.97014415 0.02985583] [9.9963367e-01 3.6632337e-04] [0.51854014 0.48145986] [0.22596544 0.77403456] [0.9957004  0.00429955] [0.81167865 0.18832135] [0.22334594 0.77665406] [0.9556796  0.04432039] [0.998672   0.00132799] [0.960143   0.03985697] [0.16001338 0.8399866 ] [0.6177967  0.38220328] [0.12653142 0.8734686 ] [0.07270503 0.92729497] [0.98039234 0.01960768] [0.63199294 0.36800706] [0.91790515 0.08209486] [0.89770555 0.10229442] [0.66320443 0.33679557] [0.8438058  0.15619418] [0.95005244 0.04994754] [0.41030306 0.58969694] [0.9967402 0.0032598] [0.07519156 0.92480844] [0.9944876  0.00551243],0 1 1 0 1 1 0 0 1 1 0 0 0 0 0 0 0 1 0 1 1 1 1 1 0 1 0 0 0 0 0 1 0 0 1 0 0 0 1 0 0 0 0 0 0 0 1 0 1 0 0 0 0 0 1 0 1 0 1 0 1 0 0 0 0 0 0 0 1 0 0 0 1 0 0 0 0 1 0 1 1 1 0 0 0 0 1 0 1 1 0 0 0 0 0 0 1 1 0 0 1 0 0 0 0 0 0 1 1 1 0 1 1 0 0 0 1 0 1 1 1 0 0 1 0 0 1 1 0 0 0 1 0 0 0 0 0 0 1 0 0 1 1 0 0 1 0 1 0 1 0 0 0
46921,4,xgboost,0.0,5000,4992,0.7581699346405228,0.789433962264151,[0.98277754 0.01722244] [0.99507457 0.00492544] [0.1930095 0.8069905] [0.9050325  0.09496747] [9.990315e-01 9.685128e-04] [0.2546664 0.7453336] [0.9134942  0.08650575] [0.9966912  0.00330879] [0.9958905 0.0041095] [0.996848   0.00315202] [0.03160584 0.96839416] [0.7149285 0.2850715] [0.87467945 0.12532057] [0.97929674 0.02070326] [0.7988794 0.2011206] [0.5880211 0.4119789] [0.88483995 0.11516003] [0.99237764 0.00762239] [0.8999975  0.10000253] [0.57866764 0.4213324 ] [0.9957552 0.0042448] [0.16254956 0.83745044] [0.8249817  0.17501831] [0.98898077 0.01101925] [0.9894101  0.01058988] [0.9010526  0.09894741] [0.0372498 0.9627502] [0.9982209  0.00177908] [0.84096444 0.15903553] [0.8849767  0.11502334] [0.9891682  0.01083177] [0.9947801  0.00521987] [0.83168834 0.16831164] [0.9954648 0.0045352] [0.25688326 0.74311674] [0.06020629 0.9397937 ] [0.99693274 0.00306727] [0.3538605 0.6461395] [0.9981719  0.00182808] [9.9941176e-01 5.8826752e-04] [0.31814724 0.68185276] [0.9836431  0.01635689] [0.99826074 0.00173927] [0.567356   0.43264404] [0.99825966 0.00174036] [0.9884131  0.01158688] [0.89363825 0.10636172] [0.47345626 0.52654374] [9.9968404e-01 3.1596029e-04] [0.6928849  0.30711505] [0.9983372  0.00166278] [0.81625473 0.1837453 ] [0.04072046 0.95927954] [0.2057532 0.7942468] [0.96980995 0.03019006] [0.2461043 0.7538957] [0.06802267 0.93197733] [0.99501324 0.00498676] [0.9201859  0.07981408] [0.9983443  0.00165572] [0.9751724  0.02482763] [0.9914929  0.00850709] [0.9824957  0.01750428] [0.9814889 0.0185111] [0.17464918 0.8253508 ] [0.9975575  0.00244246] [0.9963381 0.0036619] [0.96009475 0.03990528] [0.9511128  0.04888718] [0.93663514 0.06336487] [0.92936265 0.07063738] [0.6781068 0.3218932] [0.01708031 0.9829197 ] [0.6571438  0.34285623] [0.9985784  0.00142155] [0.9961585  0.00384151] [0.94367373 0.05632627] [0.3134516 0.6865484] [0.01393384 0.98606616] [0.987098   0.01290202] [0.99765134 0.00234864] [0.69797957 0.3020204 ] [0.9940897  0.00591027] [0.8077692 0.1922308] [0.96880656 0.03119345] [0.8049722  0.19502783] [0.31171888 0.6882811 ] [0.02415156 0.97584844] [0.99311215 0.00688788] [0.9978722  0.00212781] [0.7460873 0.2539127] [0.2707386 0.7292614] [0.02673376 0.97326624] [0.9109902  0.08900984] [0.9561912  0.04380884] [0.7992301  0.20076993] [0.99556357 0.00443645] [0.9772482  0.02275179] [0.9490789  0.05092109] [0.9230457 0.0769543] [9.9904984e-01 9.5014181e-04] [9.9957424e-01 4.2572970e-04] [0.8509131  0.14908691] [0.9264897  0.07351026] [0.9504257  0.04957429] [0.99676996 0.00323004] [0.9416156  0.05838442] [0.7607351  0.23926492] [0.9984747 0.0015253] [9.9967057e-01 3.2942300e-04] [0.99889404 0.00110597] [0.11638319 0.8836168 ] [0.82001734 0.17998269] [0.8103205  0.18967953] [0.3595534 0.6404466] [0.05751359 0.9424864 ] [0.9711702  0.02882983] [0.08338594 0.91661406] [0.998921 0.001079] [0.4904238 0.5095762] [0.9927173  0.00728266] [0.9816437  0.01835632] [0.4963327 0.5036673] [0.72981256 0.27018744] [0.9936106  0.00638939] [0.99552125 0.00447876] [0.49652392 0.5034761 ] [0.21598393 0.7840161 ] [0.49480778 0.5051922 ] [0.38222378 0.6177762 ] [0.9938527  0.00614732] [0.768543   0.23145697] [0.9745975  0.02540249] [0.01210684 0.98789316] [0.22870004 0.77129996] [9.990273e-01 9.727177e-04] [0.9883858  0.01161421] [0.9986395 0.0013605] [0.66475    0.33525005] [0.9965368  0.00346322] [0.96593434 0.03406568] [0.5804594  0.41954058] [0.99536824 0.00463177] [0.88326424 0.11673574] [0.96798724 0.03201276] [0.90851337 0.09148665] [0.29100615 0.70899385] [0.9962974  0.00370257] [0.8665708  0.13342924] [0.97915745 0.02084258] [0.99812686 0.00187311] [0.02589685 0.97410315] [0.9785011  0.02149894],1 0 1 1 0 1 0 0 0 0 1 1 0 0 0 0 0 0 1 0 0 1 0 0 0 1 1 0 0 0 0 0 1 0 1 1 0 0 1 0 1 1 0 0 0 0 1 1 0 0 0 0 1 0 0 1 1 0 1 0 1 0 1 0 1 0 0 0 1 0 1 1 1 0 0 0 1 1 1 0 0 0 0 0 0 1 1 1 0 0 1 0 1 0 0 0 0 0 1 0 0 0 1 0 0 1 0 0 0 0 1 0 0 1 0 0 0 0 0 1 0 0 0 1 0 0 1 1 1 0 0 0 0 1 0 0 0 0 1 0 0 0 1 0 0 0 1 0 1 0 0 1 0
46921,0,xgboost,0.0,10000,9992,0.7467532467532467,0.7733333333333333,[0.42807078 0.5719292 ] [0.05032718 0.9496728 ] [0.38001025 0.61998975] [0.6545299  0.34547004] [0.6697897  0.33021033] [0.21424949 0.7857505 ] [0.5590655  0.44093448] [0.47530842 0.5246916 ] [0.9889296  0.01107036] [0.9926532  0.00734683] [0.84453    0.15547003] [0.35943693 0.6405631 ] [0.62273693 0.37726304] [0.04234475 0.95765525] [0.85631114 0.14368887] [0.88192314 0.11807688] [0.9538292  0.04617079] [0.997909   0.00209096] [0.1390515 0.8609485] [0.20821613 0.79178387] [0.2926156 0.7073844] [0.02017468 0.9798253 ] [0.39343846 0.60656154] [0.95477253 0.04522747] [0.9870868  0.01291326] [0.6481379  0.35186204] [0.97916    0.02083999] [0.8744232  0.12557678] [9.9952042e-01 4.7959428e-04] [0.08736646 0.91263354] [0.87515306 0.12484691] [0.99392545 0.00607455] [0.03644562 0.9635544 ] [0.9960643  0.00393568] [0.9914406  0.00855938] [0.99850816 0.00149182] [0.9953605  0.00463949] [0.99381095 0.00618907] [0.8616113 0.1383887] [0.14503533 0.8549647 ] [0.05308276 0.94691724] [0.8598445  0.14015548] [0.7519955  0.24800451] [0.996957   0.00304299] [0.9683142  0.03168582] [0.9727393  0.02726069] [0.9448574  0.05514259] [0.99652606 0.00347391] [0.98921305 0.01078698] [0.95671314 0.04328687] [0.9897212  0.01027883] [0.99501324 0.00498678] [0.02695483 0.9730452 ] [0.9721859  0.02781407] [0.19420618 0.8057938 ] [0.39907962 0.6009204 ] [0.98734087 0.01265912] [0.8597904  0.14020963] [0.71167636 0.2883236 ] [0.955938   0.04406201] [0.9944257  0.00557426] [0.06523979 0.9347602 ] [0.99502534 0.00497468] [0.9336974 0.0663026] [0.8739501  0.12604986] [0.95106876 0.04893121] [0.04640538 0.9535946 ] [0.81687486 0.18312512] [0.03744215 0.96255785] [0.98721594 0.01278409] [0.93517876 0.06482122] [0.00536728 0.9946327 ] [0.9876548 0.0123452] [0.9333826  0.06661741] [0.9987802  0.00121981] [0.9975927  0.00240732] [0.34302938 0.6569706 ] [0.9577615 0.0422385] [0.9621694  0.03783061] [0.892974   0.10702596] [9.9947166e-01 5.2835949e-04] [0.9095922  0.09040781] [0.98880714 0.01119284] [0.98786086 0.01213913] [0.9965899 0.0034101] [0.7221682  0.27783182] [0.90592635 0.09407365] [0.77556336 0.22443667] [0.6086123 0.3913877] [0.11366224 0.88633776] [0.02919137 0.9708086 ] [0.3453747 0.6546253] [0.97255784 0.02744218] [0.22606105 0.77393895] [0.98684615 0.01315383] [0.9896677  0.01033227] [0.23926222 0.7607378 ] [0.0389896 0.9610104] [0.9936178 0.0063822] [0.9722229 0.0277771] [0.9546977  0.04530225] [0.9964455  0.00355455] [0.01912129 0.9808787 ] [0.98833865 0.01166138] [0.90926063 0.09073935] [0.8109547  0.18904532] [0.5925876  0.40741238] [0.9972069  0.00279307] [0.11603981 0.8839602 ] [0.9925249  0.00747505] [0.8946835  0.10531652] [0.0732308 0.9267692] [0.9938057  0.00619428] [0.7852722 0.2147278] [0.6349273  0.36507276] [0.99073315 0.00926684] [0.99591243 0.00408754] [0.719005   0.28099498] [0.9826112  0.01738883] [0.90809596 0.09190405] [0.97794664 0.02205333] [0.9758367  0.02416329] [0.9941321  0.00586791] [0.4028219 0.5971781] [0.25437105 0.74562895] [0.0647524 0.9352476] [0.99197996 0.00802007] [0.9729434 0.0270566] [0.9980218 0.0019782] [0.9795757  0.02042432] [0.93871486 0.06128511] [0.99093527 0.00906476] [0.1777991 0.8222009] [0.85302395 0.14697605] [0.9432181  0.05678187] [0.98817    0.01182996] [0.2065059 0.7934941] [0.8115319  0.18846811] [0.9965033  0.00349673] [0.06420541 0.9357946 ] [0.9775095 0.0224905] [0.89255285 0.10744718] [0.9630299  0.03697009] [0.93876225 0.06123773] [0.98573744 0.01426257] [0.9647285  0.03527153] [0.7137933  0.28620675] [0.6860373  0.31396267] [0.96740836 0.03259166] [0.9911653  0.00883469] [0.2509845 0.7490155] [0.08794844 0.91205156] [0.99767977 0.00232023] [0.9944016  0.00559843],0 1 1 0 0 0 0 1 0 0 0 0 0 1 1 0 0 0 1 0 0 0 1 1 0 0 0 0 0 0 0 0 1 0 0 0 1 0 0 1 0 0 1 0 0 0 0 0 0 0 1 0 1 1 1 1 0 0 0 0 0 1 0 0 0 0 1 1 1 1 0 0 0 1 1 0 1 0 0 0 0 0 0 0 0 0 1 1 1 1 1 1 1 1 0 0 0 1 0 1 0 0 1 0 0 0 1 0 1 1 0 0 0 1 0 1 0 1 0 0 0 0 0 1 1 0 0 0 0 0 0 0 0 1 0 0 1 1 0 1 0 1 1 0 0 0 1 1 0 0 1 1 0 0
46921,1,xgboost,0.0,10000,9992,0.7662337662337663,0.8225925925925925,[0.9619008  0.03809925] [0.70684516 0.29315487] [0.9060203  0.09397969] [0.02557766 0.97442234] [0.9766562  0.02334383] [9.9903423e-01 9.6575177e-04] [0.06052035 0.93947965] [0.92520094 0.07479908] [0.12397909 0.8760209 ] [0.01461804 0.98538196] [0.3526693 0.6473307] [0.9734803 0.0265197] [0.777364   0.22263601] [0.02097809 0.9790219 ] [0.97749364 0.02250636] [0.6376021 0.3623979] [0.9929959 0.0070041] [0.9932519  0.00674808] [0.01875734 0.98124266] [0.82119143 0.17880857] [0.97348374 0.02651626] [0.9988394 0.0011606] [0.9342742  0.06572577] [0.28287965 0.71712035] [0.74639165 0.25360832] [0.12692451 0.8730755 ] [0.94510335 0.05489667] [0.7271667 0.2728333] [0.630188   0.36981204] [0.8498347  0.15016529] [0.02133632 0.9786637 ] [0.04767823 0.95232177] [0.9704686  0.02953143] [0.990881   0.00911897] [0.95399946 0.04600053] [0.77415967 0.22584036] [0.8496804  0.15031956] [0.9747852  0.02521477] [0.01527226 0.98472774] [0.98996794 0.01003206] [0.99176866 0.00823132] [0.86570257 0.13429742] [0.9969954  0.00300463] [0.68336916 0.3166308 ] [0.9736138  0.02638618] [0.35702944 0.64297056] [0.97284836 0.02715167] [0.99839574 0.00160427] [0.9986964  0.00130359] [0.99817044 0.00182955] [0.9889475  0.01105249] [0.9985394  0.00146059] [0.5810449  0.41895506] [9.9927330e-01 7.2672195e-04] [0.983507   0.01649305] [0.06211287 0.93788713] [0.953351   0.04664899] [0.5554311  0.44456884] [0.9451442 0.0548558] [0.9983882  0.00161181] [0.15281868 0.8471813 ] [0.6569478 0.3430522] [0.80304766 0.19695236] [0.2415579 0.7584421] [0.98360497 0.01639506] [0.17783654 0.82216346] [0.9891957  0.01080427] [0.9282481 0.0717519] [0.46113753 0.53886247] [0.5015478  0.49845222] [0.98404217 0.01595785] [0.9716279 0.0283721] [0.49246085 0.50753915] [0.8831462  0.11685376] [0.98398423 0.01601574] [0.99722457 0.00277542] [0.9516218  0.04837823] [0.9906823  0.00931767] [0.9987693  0.00123073] [0.7165284  0.28347155] [0.06223983 0.9377602 ] [0.99316055 0.00683945] [0.01251537 0.98748463] [0.9807314 0.0192686] [0.9833204  0.01667956] [0.98184925 0.01815072] [0.97238743 0.02761256] [0.95161915 0.04838083] [0.9969325  0.00306748] [0.75161934 0.24838069] [0.93152255 0.06847744] [0.7020968 0.2979032] [0.988977   0.01102298] [0.96444494 0.03555508] [0.9946521  0.00534788] [0.97387254 0.02612747] [0.84846103 0.15153894] [0.9816371  0.01836286] [0.99456507 0.00543493] [0.98730916 0.01269084] [0.824754   0.17524599] [0.9943687  0.00563135] [0.05794954 0.94205046] [0.9848829  0.01511711] [0.28376043 0.7162396 ] [0.9945219  0.00547808] [0.83363116 0.16636883] [0.9917379 0.0082621] [0.7452675  0.25473246] [0.9786256 0.0213744] [0.91518915 0.08481086] [0.9280846  0.07191539] [0.7542518 0.2457482] [0.50486064 0.4951394 ] [0.2704845 0.7295155] [0.45665824 0.54334176] [0.9525843  0.04741565] [0.8715048  0.12849523] [0.9970364  0.00296358] [0.9980463  0.00195372] [0.95205283 0.04794719] [0.99845827 0.00154175] [0.98818463 0.01181535] [0.03984457 0.9601554 ] [0.947106   0.05289397] [0.01404899 0.985951  ] [0.9689552  0.03104477] [0.99716705 0.00283295] [0.8091972  0.19080284] [0.98106843 0.01893159] [0.51014674 0.48985326] [0.51693195 0.48306805] [0.05068022 0.9493198 ] [0.99563754 0.00436246] [0.40910316 0.59089684] [0.9884866  0.01151343] [0.9799264  0.02007358] [0.02435404 0.97564596] [0.9848048  0.01519521] [0.9171634  0.08283664] [0.98074543 0.01925457] [0.11296272 0.8870373 ] [0.9742001  0.02579986] [0.98787314 0.01212685] [0.03937149 0.9606285 ] [0.9975482  0.00245177] [0.984061   0.01593899] [0.6915362  0.30846384] [9.993671e-01 6.328778e-04] [0.9930479  0.00695211] [0.9864207  0.01357933] [0.9616289  0.03837109] [0.94140905 0.05859097] [0.9584054  0.04159461],1 0 0 1 0 0 1 1 1 1 1 0 1 1 0 0 1 0 1 0 0 0 1 1 0 1 0 0 1 1 1 1 0 0 0 0 0 0 0 0 1 0 0 1 0 1 1 0 0 0 0 0 1 0 0 0 0 0 1 0 1 0 0 1 0 0 0 1 0 1 0 0 1 0 0 0 0 0 0 1 0 0 1 0 0 0 0 1 0 0 1 0 0 0 0 1 0 0 0 0 0 0 1 0 0 0 1 0 0 1 0 1 0 1 1 1 0 0 0 0 0 0 0 1 0 1 0 0 1 1 1 1 1 0 0 1 0 1 0 0 0 1 1 0 1 0 0 0 0 0 0 0 0 1
46921,2,xgboost,0.0,10000,9992,0.7467532467532467,0.8046296296296295,[0.2203688 0.7796312] [0.98561937 0.01438063] [0.9734189  0.02658109] [0.9211737  0.07882629] [0.9397979  0.06020212] [0.30157083 0.69842917] [0.7620984  0.23790164] [0.9382521  0.06174793] [0.3190335 0.6809665] [0.9711203  0.02887969] [0.9801206 0.0198794] [0.9264094  0.07359056] [0.99524623 0.00475375] [0.9865013  0.01349871] [0.19604993 0.8039501 ] [0.06277394 0.93722606] [0.99870086 0.00129914] [0.6635195  0.33648047] [0.9516988  0.04830122] [0.16427684 0.83572316] [0.7423929 0.2576071] [0.9885278 0.0114722] [0.21470863 0.7852914 ] [9.994182e-01 5.818132e-04] [0.9877573  0.01224266] [0.99278796 0.00721207] [0.9946978  0.00530219] [0.42677552 0.5732245 ] [0.34694153 0.65305847] [0.9989303  0.00106973] [0.82347083 0.17652914] [0.01663923 0.98336077] [0.7550985  0.24490146] [0.99755126 0.00244876] [0.7697761 0.2302239] [9.9908257e-01 9.1745204e-04] [0.11279976 0.88720024] [9.992533e-01 7.467424e-04] [0.26830155 0.73169845] [0.9976959  0.00230406] [0.9982948  0.00170525] [0.5981024 0.4018976] [0.18050283 0.81949717] [0.2805835 0.7194165] [0.6097371 0.3902629] [0.776198   0.22380197] [0.73434454 0.26565546] [0.86181754 0.13818246] [0.9482824  0.05171758] [0.38644612 0.6135539 ] [0.24123996 0.75876004] [0.99349135 0.00650865] [0.9429505  0.05704949] [0.99698603 0.00301398] [0.9534213  0.04657871] [0.9847375 0.0152625] [0.989278   0.01072196] [0.16139168 0.8386083 ] [0.9763448  0.02365515] [0.96973795 0.03026206] [0.8700559 0.1299441] [0.04923058 0.9507694 ] [0.98868245 0.01131756] [0.9825723  0.01742766] [0.9934488  0.00655118] [9.9946678e-01 5.3320016e-04] [0.41882747 0.5811725 ] [0.9463465 0.0536535] [0.4550618 0.5449382] [0.9935342 0.0064658] [0.4849578 0.5150422] [0.07340759 0.9265924 ] [0.02716422 0.9728358 ] [0.99009824 0.00990179] [0.5220981  0.47790188] [0.96819735 0.03180268] [0.996259   0.00374101] [0.40801662 0.5919834 ] [0.9518485  0.04815149] [0.9972604 0.0027396] [0.983217   0.01678297] [0.5858989  0.41410115] [0.9706903  0.02930967] [0.9939615  0.00603846] [0.5763288 0.4236712] [9.9959147e-01 4.0855011e-04] [0.9989708 0.0010292] [0.99779344 0.00220659] [0.9687744  0.03122563] [0.9901071  0.00989285] [0.6753547 0.3246453] [0.9757414  0.02425862] [0.7739066  0.22609343] [0.5396248 0.4603752] [0.16431141 0.8356886 ] [0.12463588 0.8753641 ] [0.05686718 0.9431328 ] [0.58299744 0.41700253] [9.9966186e-01 3.3814556e-04] [0.66696876 0.33303124] [0.97392625 0.02607374] [9.990159e-01 9.840511e-04] [0.12388963 0.8761104 ] [0.08135587 0.91864413] [0.998707   0.00129302] [0.9694151  0.03058487] [0.77812624 0.22187379] [9.9950081e-01 4.9917784e-04] [0.98806465 0.01193533] [0.97343063 0.02656934] [0.9788497  0.02115031] [0.9775215  0.02247853] [0.8983403  0.10165971] [0.25594664 0.74405336] [0.0489226 0.9510774] [0.46381128 0.5361887 ] [0.9642332  0.03576677] [0.21534449 0.7846555 ] [0.9590759  0.04092404] [0.59512436 0.4048756 ] [0.8816625  0.11833751] [0.9840435  0.01595652] [0.99043065 0.00956935] [0.990291   0.00970897] [0.9544087  0.04559128] [0.29417944 0.70582056] [0.30541366 0.69458634] [0.6829226  0.31707737] [0.18582565 0.81417435] [0.9762296  0.02377039] [0.5853744  0.41462559] [0.7018097 0.2981903] [0.9871833  0.01281672] [0.585101   0.41489896] [0.9868904  0.01310963] [0.9984971  0.00150285] [0.25469577 0.7453042 ] [0.40626383 0.5937362 ] [0.9616866  0.03831337] [0.99344414 0.00655584] [0.19254225 0.80745775] [0.56253356 0.43746644] [0.99793357 0.00206643] [0.99876213 0.00123789] [0.9894352  0.01056478] [0.5736747  0.42632535] [0.7133855  0.28661448] [0.76867634 0.23132364] [0.7432417  0.25675827] [0.22397172 0.7760283 ] [0.44862133 0.55137867] [0.9931142  0.00688581] [0.9889485  0.01105148] [0.8945651  0.10543488],1 0 1 0 0 1 1 0 0 1 0 0 0 0 1 1 0 1 0 1 1 0 1 0 0 0 1 0 0 0 0 1 0 0 1 0 1 0 0 0 0 0 1 1 1 0 0 0 0 0 1 0 0 0 0 0 0 0 0 0 1 1 0 0 0 0 1 0 1 0 0 1 1 0 0 1 0 0 1 0 0 1 1 1 1 0 0 0 0 1 0 0 1 0 1 1 1 1 0 0 0 0 0 1 0 0 0 0 0 0 0 0 0 1 0 1 0 0 0 0 0 0 0 0 0 1 0 1 1 0 1 1 1 1 0 0 1 0 0 0 1 0 1 0 0 0 0 1 0 1 1 0 0 1
46921,3,xgboost,0.0,10000,9992,0.6928104575163399,0.75,[0.18898493 0.81101507] [0.99184257 0.00815741] [0.37416404 0.62583596] [0.93148303 0.06851699] [0.9985296  0.00147039] [0.17950433 0.82049567] [0.99282146 0.00717855] [0.99226135 0.00773867] [0.32672262 0.6732774 ] [0.57862794 0.4213721 ] [0.7595569  0.24044308] [0.9970534  0.00294661] [0.5965223  0.40347773] [0.99812615 0.00187384] [0.9965509  0.00344908] [0.92669755 0.07330243] [0.99873394 0.00126606] [0.01355636 0.98644364] [0.9402094  0.05979059] [0.07708246 0.92291754] [0.5702555  0.42974445] [0.93602914 0.06397084] [0.6858809  0.31411913] [0.99419296 0.00580705] [0.95900375 0.04099626] [0.6157769 0.3842231] [0.99017364 0.00982636] [0.05146664 0.94853336] [0.97167736 0.02832265] [0.9941761  0.00582391] [0.9841965  0.01580349] [0.9631833  0.03681674] [0.61948705 0.38051298] [0.74174464 0.2582554 ] [0.3422621 0.6577379] [0.36241227 0.6375877 ] [0.97803694 0.02196305] [0.6549657 0.3450343] [0.01791346 0.98208654] [0.91394013 0.08605987] [0.91461813 0.08538184] [0.99484015 0.00515984] [0.9472573  0.05274271] [0.9749343  0.02506574] [0.9943502  0.00564983] [0.9796522  0.02034775] [0.5492618  0.45073822] [0.7676053 0.2323947] [9.9904329e-01 9.5673406e-04] [0.9331724  0.06682759] [0.9955566 0.0044434] [0.94308966 0.05691036] [0.9728424  0.02715763] [0.9527377  0.04726234] [0.67560375 0.32439622] [0.96242106 0.03757892] [0.80534077 0.19465922] [0.06853735 0.93146265] [0.06948465 0.93051535] [0.98110294 0.01889708] [0.54116976 0.45883024] [0.99835134 0.00164865] [0.9520545  0.04794552] [0.99045575 0.00954424] [0.85838777 0.14161225] [0.96402466 0.03597531] [0.03658372 0.9634163 ] [0.66297686 0.3370231 ] [0.23882997 0.76117   ] [0.9833038  0.01669618] [9.9933696e-01 6.6306134e-04] [0.03156269 0.9684373 ] [0.03795028 0.9620497 ] [0.45764124 0.54235876] [0.9882018  0.01179818] [0.99213624 0.00786373] [0.97708577 0.02291424] [0.0686357 0.9313643] [0.9967518  0.00324823] [0.9758218  0.02417821] [0.8267716  0.17322838] [0.5642021  0.43579793] [0.9982757  0.00172431] [0.18511397 0.81488603] [0.63959146 0.3604085 ] [0.1091758 0.8908242] [0.97313535 0.02686464] [0.9948292  0.00517081] [0.06377906 0.93622094] [0.48097152 0.5190285 ] [0.9965077  0.00349229] [0.93126565 0.06873434] [0.9679748 0.0320252] [0.3876806 0.6123194] [0.74983126 0.25016874] [0.9972596  0.00274037] [0.04535979 0.9546402 ] [0.6787497 0.3212503] [0.7844372  0.21556282] [0.99770486 0.00229515] [0.94331676 0.05668322] [0.57962215 0.42037785] [0.9670522  0.03294779] [0.85417366 0.14582637] [0.99301654 0.00698349] [0.92169976 0.07830027] [0.91311395 0.08688603] [0.76025987 0.2397401 ] [0.0851258 0.9148742] [0.6037547 0.3962453] [0.998343   0.00165701] [0.8131516  0.18684837] [0.05107963 0.94892037] [0.8569204 0.1430796] [0.99580216 0.00419782] [0.994726   0.00527401] [0.840436   0.15956402] [0.9216757  0.07832434] [0.33203828 0.6679617 ] [0.95356065 0.04643934] [0.10585958 0.8941404 ] [0.91041905 0.08958095] [0.99609303 0.00390698] [0.7024404  0.29755965] [0.9685121  0.03148787] [0.13168591 0.8683141 ] [0.94469047 0.05530952] [0.77830267 0.2216973 ] [0.94637394 0.05362607] [9.9951601e-01 4.8401766e-04] [0.8000562  0.19994377] [0.1369816 0.8630184] [0.9938161 0.0061839] [0.83457184 0.16542815] [0.4600054 0.5399946] [0.9882189  0.01178107] [0.9763933  0.02360673] [0.9326646  0.06733544] [0.5032114  0.49678865] [0.7973635  0.20263647] [0.7111905  0.28880948] [0.1624003 0.8375997] [0.90816134 0.09183868] [0.40133446 0.59866554] [0.988258   0.01174202] [0.9876928  0.01230725] [0.77971965 0.22028035] [0.53499484 0.4650052 ] [0.97869533 0.02130467] [0.8621511  0.13784891] [0.9949723  0.00502773] [0.23748273 0.7625173 ] [0.9404016  0.05959838],0 1 1 0 1 1 0 0 1 1 0 0 0 0 0 0 0 1 0 1 1 1 1 1 0 1 0 0 0 0 0 1 0 0 1 0 0 0 1 0 0 0 0 0 0 0 1 0 1 0 0 0 0 0 1 0 1 0 1 0 1 0 0 0 0 0 0 0 1 0 0 0 1 0 0 0 0 1 0 1 1 1 0 0 0 0 1 0 1 1 0 0 0 0 0 0 1 1 0 0 1 0 0 0 0 0 0 1 1 1 0 1 1 0 0 0 1 0 1 1 1 0 0 1 0 0 1 1 0 0 0 1 0 0 0 0 0 0 1 0 0 1 1 0 0 1 0 1 0 1 0 0 0
46921,4,xgboost,0.0,10000,9992,0.7516339869281046,0.8033962264150942,[0.92385846 0.07614154] [0.9923949 0.0076051] [0.0311864 0.9688136] [0.6907046  0.30929545] [0.99433047 0.00566951] [0.5690218 0.4309782] [0.73632824 0.26367173] [0.9942709  0.00572906] [9.9940568e-01 5.9431227e-04] [0.99864644 0.00135357] [0.25386685 0.74613315] [0.77926487 0.22073513] [0.985532   0.01446799] [0.9965002  0.00349982] [0.26383096 0.73616904] [0.9622216  0.03777841] [0.59967464 0.40032536] [0.96057004 0.03942997] [0.2191869 0.7808131] [0.8849714  0.11502864] [0.97404355 0.02595643] [0.23353386 0.76646614] [0.9910889  0.00891106] [0.9969766 0.0030234] [0.9891079  0.01089211] [0.95325613 0.04674384] [0.8180004  0.18199962] [0.99291515 0.00708485] [0.14733237 0.8526676 ] [0.33926815 0.66073185] [0.9643459  0.03565411] [0.996959   0.00304102] [0.8894855  0.11051451] [0.96515054 0.03484948] [0.13694322 0.8630568 ] [0.19479012 0.8052099 ] [0.9973795  0.00262051] [0.6112738  0.38872617] [0.98223776 0.01776223] [0.99804544 0.00195454] [0.8154182  0.18458183] [0.9971051  0.00289485] [0.99650145 0.00349857] [0.8940966  0.10590337] [0.99735874 0.00264125] [0.99843377 0.00156623] [0.09550536 0.90449464] [0.01503533 0.98496467] [0.99870336 0.00129661] [0.5075713  0.49242872] [0.9979453  0.00205467] [0.8912769 0.1087231] [0.3273123 0.6726877] [0.13730574 0.86269426] [0.9963696 0.0036304] [0.67440355 0.32559648] [0.00944972 0.9905503 ] [0.9460391  0.05396093] [0.9683925  0.03160753] [0.9930987  0.00690133] [0.95965296 0.04034704] [0.8126103  0.18738967] [0.8392272  0.16077279] [0.9868049  0.01319511] [0.1932767 0.8067233] [0.993508   0.00649204] [0.9954074 0.0045926] [0.8702837  0.12971625] [0.9756175  0.02438244] [0.9856631  0.01433686] [0.97006094 0.02993908] [0.4003175 0.5996825] [0.05483699 0.945163  ] [0.8247819  0.17521808] [0.9939828 0.0060172] [0.98919535 0.01080463] [0.81711155 0.18288846] [0.15873796 0.84126204] [0.04925907 0.95074093] [0.99465483 0.00534514] [0.9968917  0.00310831] [0.2831844 0.7168156] [0.99053854 0.00946143] [0.82571405 0.17428593] [0.9843624  0.01563755] [0.4155833 0.5844167] [0.3470704 0.6529296] [0.10379362 0.8962064 ] [0.9922436  0.00775644] [0.9976498  0.00235023] [0.29668653 0.70331347] [0.8187251  0.18127492] [0.06902593 0.93097407] [0.7400546  0.25994536] [0.9367628 0.0632372] [0.782197   0.21780297] [0.99853677 0.00146325] [0.9665286 0.0334714] [0.9775237  0.02247633] [0.9943029  0.00569705] [0.9985004  0.00149958] [9.9962014e-01 3.7984835e-04] [0.6644196 0.3355804] [0.9985724  0.00142758] [0.9623716  0.03762839] [0.9976437 0.0023563] [0.9515443 0.0484557] [0.4630546 0.5369454] [0.99248517 0.00751481] [0.99827564 0.00172437] [0.9783237  0.02167631] [0.95250976 0.04749022] [0.8978001  0.10219994] [0.7142491  0.28575093] [0.66006964 0.33993036] [0.01285911 0.9871409 ] [9.9907309e-01 9.2693965e-04] [0.06420767 0.9357923 ] [0.9945412  0.00545879] [0.9860885 0.0139115] [0.9956202  0.00437982] [0.9958574  0.00414258] [0.36044908 0.6395509 ] [0.95862246 0.04137753] [0.97741663 0.02258336] [0.954868   0.04513196] [0.0325346 0.9674654] [0.16711605 0.83288395] [0.69985425 0.30014578] [0.28717405 0.71282595] [0.99724424 0.00275576] [0.96326506 0.03673495] [0.92498064 0.07501937] [0.06122929 0.9387707 ] [0.1212607 0.8787393] [9.9903286e-01 9.6713146e-04] [0.92930645 0.07069357] [0.9771873  0.02281274] [0.4236589 0.5763411] [0.9930636  0.00693639] [0.95447195 0.04552807] [0.90474176 0.09525825] [0.93287843 0.06712157] [0.98566586 0.01433412] [0.9902015  0.00979855] [0.71716845 0.28283158] [0.2666394 0.7333606] [9.9963146e-01 3.6855432e-04] [0.87308526 0.12691477] [0.8084784 0.1915216] [0.97514737 0.02485266] [0.20147002 0.79853   ] [0.9707578  0.02924221],1 0 1 1 0 1 0 0 0 0 1 1 0 0 0 0 0 0 1 0 0 1 0 0 0 1 1 0 0 0 0 0 1 0 1 1 0 0 1 0 1 1 0 0 0 0 1 1 0 0 0 0 1 0 0 1 1 0 1 0 1 0 1 0 1 0 0 0 1 0 1 1 1 0 0 0 1 1 1 0 0 0 0 0 0 1 1 1 0 0 1 0 1 0 0 0 0 0 1 0 0 0 1 0 0 1 0 0 0 0 1 0 0 1 0 0 0 0 0 1 0 0 0 1 0 0 1 1 1 0 0 0 0 1 0 0 0 0 1 0 0 0 1 0 0 0 1 0 1 0 0 1 0
46921,0,xgboost,0.0,20000,19992,0.6948051948051948,0.7740740740740741,[0.2880655 0.7119345] [0.24308753 0.75691247] [0.5760708  0.42392918] [0.9022748  0.09772522] [0.48802966 0.51197034] [0.46329618 0.5367038 ] [0.9464954  0.05350459] [0.65839064 0.34160933] [0.96483004 0.03516997] [0.99565506 0.00434494] [0.8573203  0.14267968] [0.7107297  0.28927025] [0.50637317 0.49362686] [0.21670514 0.78329486] [0.53706443 0.46293557] [0.0839377 0.9160623] [0.94396734 0.05603263] [0.9976548 0.0023452] [0.18227589 0.8177241 ] [0.20173132 0.7982687 ] [0.472004 0.527996] [0.13562882 0.8643712 ] [0.50190496 0.49809504] [0.9825866  0.01741337] [0.9415554  0.05844464] [0.92289054 0.07710945] [0.99396265 0.00603735] [0.990648   0.00935205] [0.98895246 0.01104757] [0.40404856 0.59595144] [0.91804343 0.08195657] [0.7925748  0.20742516] [0.12792754 0.87207246] [0.99363273 0.0063673 ] [0.99217606 0.00782395] [9.9960196e-01 3.9805993e-04] [0.965563 0.034437] [0.91194564 0.08805438] [0.97856903 0.02143099] [0.03964323 0.9603568 ] [0.7322496 0.2677504] [0.9638834  0.03611658] [0.8659926 0.1340074] [0.90441436 0.09558566] [0.9117055  0.08829449] [0.9873605  0.01263954] [0.9888101  0.01118986] [0.9889442  0.01105583] [0.9880043  0.01199565] [0.99495023 0.00504975] [0.978089   0.02191105] [9.9952745e-01 4.7252775e-04] [0.05128235 0.94871765] [0.9310098  0.06899018] [0.05624253 0.9437575 ] [0.8704603  0.12953973] [0.99065703 0.00934298] [0.7077899  0.29221007] [0.9026896  0.09731042] [0.8302187  0.16978131] [0.9697424  0.03025755] [0.65318424 0.34681576] [0.98740476 0.01259521] [0.61704767 0.38295236] [0.5828728 0.4171272] [0.9925748  0.00742517] [0.03304672 0.9669533 ] [0.8491669  0.15083306] [0.08840424 0.91159576] [0.97533345 0.02466655] [0.9966998  0.00330017] [0.01073259 0.9892674 ] [0.9968595 0.0031405] [0.9300205 0.0699795] [0.9831388  0.01686122] [0.9289664 0.0710336] [0.6373584  0.36264154] [0.99617094 0.00382905] [0.9834538  0.01654617] [0.98970157 0.01029843] [0.9853425  0.01465749] [0.9555377  0.04446231] [0.9661872  0.03381282] [0.9896445  0.01035544] [0.9971679  0.00283213] [0.9028193  0.09718074] [0.95389956 0.04610046] [0.6432797  0.35672036] [0.78578436 0.2142156 ] [0.09564179 0.9043582 ] [0.07338405 0.92661595] [0.50646794 0.49353206] [0.9978191 0.0021809] [0.15146762 0.8485324 ] [0.9862137  0.01378632] [0.9970324  0.00296759] [0.8999842  0.10001583] [0.8671449  0.13285513] [0.99792194 0.00207806] [0.96205115 0.03794884] [0.96023273 0.03976729] [0.9656476  0.03435243] [0.06967121 0.9303288 ] [0.99007237 0.00992763] [0.98991114 0.01008889] [0.94437504 0.05562496] [0.9706733  0.02932669] [9.9916011e-01 8.3988195e-04] [0.05501109 0.9449889 ] [0.7097361  0.29026392] [0.98372114 0.01627884] [0.74756    0.25243998] [0.9525672  0.04743277] [0.9079625  0.09203748] [0.9006088  0.09939122] [0.9761709  0.02382908] [0.9979653  0.00203475] [0.9327728 0.0672272] [0.9739245  0.02607549] [9.9958116e-01 4.1885057e-04] [0.9895328  0.01046715] [0.89239585 0.10760414] [0.90160304 0.09839697] [0.43456793 0.5654321 ] [0.02179086 0.97820914] [0.12129825 0.87870175] [0.99221677 0.00778321] [0.6272924  0.37270764] [0.99797744 0.00202255] [0.92152864 0.07847137] [0.9448914  0.05510862] [0.99455166 0.00544835] [0.05680591 0.9431941 ] [0.9899528  0.01004721] [0.68336976 0.3166302 ] [0.98768437 0.01231564] [0.87310886 0.12689115] [0.8882335  0.11176652] [0.99455833 0.00544165] [0.03445762 0.9655424 ] [0.9984464  0.00155358] [0.94357735 0.05642263] [0.7226863 0.2773137] [0.98308456 0.01691543] [0.9942083  0.00579173] [0.98967683 0.01032318] [0.5050758  0.49492416] [0.9724424 0.0275576] [0.9973806  0.00261937] [0.96550876 0.03449124] [0.01488328 0.9851167 ] [0.70229423 0.2977058 ] [9.9901354e-01 9.8644290e-04] [0.99641144 0.00358857],0 1 1 0 0 0 0 1 0 0 0 0 0 1 1 0 0 0 1 0 0 0 1 1 0 0 0 0 0 0 0 0 1 0 0 0 1 0 0 1 0 0 1 0 0 0 0 0 0 0 1 0 1 1 1 1 0 0 0 0 0 1 0 0 0 0 1 1 1 1 0 0 0 1 1 0 1 0 0 0 0 0 0 0 0 0 1 1 1 1 1 1 1 1 0 0 0 1 0 1 0 0 1 0 0 0 1 0 1 1 0 0 0 1 0 1 0 1 0 0 0 0 0 1 1 0 0 0 0 0 0 0 0 1 0 0 1 1 0 1 0 1 1 0 0 0 1 1 0 0 1 1 0 0
46921,1,xgboost,0.0,20000,19992,0.7727272727272727,0.8283333333333333,[0.76839983 0.23160017] [0.9051494  0.09485061] [0.97515    0.02485004] [0.28654277 0.7134572 ] [0.91742194 0.08257805] [0.98883253 0.01116747] [0.29417175 0.70582825] [0.85590255 0.14409745] [0.03045523 0.96954477] [0.05937201 0.940628  ] [0.21806109 0.7819389 ] [0.9858115  0.01418856] [0.5949898  0.40501025] [0.08619255 0.91380745] [0.99061996 0.00938005] [0.8762957  0.12370432] [0.9400677  0.05993227] [0.99536836 0.00463165] [0.0154106 0.9845894] [0.839691   0.16030903] [0.7888504  0.21114954] [0.9473605 0.0526395] [0.79437447 0.20562555] [0.02800697 0.971993  ] [0.9040147  0.09598532] [0.18800795 0.81199205] [0.43369454 0.56630546] [0.36763352 0.6323665 ] [0.7668991  0.23310086] [0.39377588 0.6062241 ] [0.38521504 0.61478496] [0.03178442 0.9682156 ] [0.77223593 0.22776408] [0.98212326 0.01787675] [0.83464634 0.16535366] [0.9164419  0.08355807] [0.9487416  0.05125838] [0.975619   0.02438097] [0.10912806 0.89087194] [0.99615604 0.00384398] [0.969131 0.030869] [0.1881969 0.8118031] [0.93342096 0.06657903] [0.8366218 0.1633782] [0.9301306  0.06986937] [0.44589633 0.5541037 ] [0.90373224 0.09626774] [0.99705565 0.00294432] [0.9766738 0.0233262] [0.9962104  0.00378962] [0.9669976  0.03300238] [0.99200225 0.00799777] [0.58167166 0.41832834] [0.9966602  0.00333985] [0.9548588  0.04514119] [0.03608412 0.9639159 ] [0.943262   0.05673801] [0.45562828 0.5443717 ] [0.9688757  0.03112431] [0.98718 0.01282] [0.49056154 0.50943846] [0.70293283 0.29706717] [0.456586 0.543414] [0.5331699  0.46683007] [0.9625383  0.03746168] [0.8423272  0.15767282] [0.998723   0.00127704] [0.23642367 0.7635763 ] [0.95851654 0.04148348] [0.37201685 0.62798315] [0.9772436  0.02275641] [0.89172745 0.10827252] [0.28645688 0.7135431 ] [0.73249936 0.26750067] [0.996575   0.00342499] [0.99219036 0.00780961] [0.9740561  0.02594385] [0.8372846  0.16271539] [0.9843798  0.01562019] [0.90726    0.09273998] [0.4611925 0.5388075] [0.96329457 0.03670541] [0.40205717 0.5979428 ] [0.9848314  0.01516863] [0.820785   0.17921501] [0.99523103 0.00476894] [0.9924674  0.00753257] [0.99262846 0.00737154] [9.9902749e-01 9.7248086e-04] [0.15691727 0.8430827 ] [0.98065805 0.01934194] [0.89633363 0.10366638] [0.6176255  0.38237455] [0.9824852  0.01751484] [0.9941261  0.00587393] [0.90255505 0.09744494] [0.9621304  0.03786956] [0.78275853 0.21724147] [0.99389577 0.00610421] [0.99131733 0.00868267] [0.76439667 0.23560336] [0.99112463 0.00887535] [0.09712702 0.902873  ] [0.9894532  0.01054679] [0.32050896 0.67949104] [0.8833038  0.11669617] [0.9352442  0.06475578] [0.9911088  0.00889121] [0.57533467 0.4246653 ] [0.9777883  0.02221166] [0.8449632  0.15503684] [0.9802679  0.01973211] [0.8889957  0.11100427] [0.3894943 0.6105057] [0.16820467 0.83179533] [0.77231514 0.22768487] [0.98008263 0.01991738] [0.663032 0.336968] [0.932948   0.06705201] [0.9950409  0.00495908] [0.9586319  0.04136812] [9.9966991e-01 3.3009922e-04] [0.9808705  0.01912952] [0.10540247 0.89459753] [0.988915   0.01108497] [0.17848945 0.82151055] [0.96154046 0.03845954] [0.9979682  0.00203182] [0.92308176 0.07691827] [0.75268173 0.24731828] [0.31731236 0.68268764] [0.31737 0.68263] [0.274494 0.725506] [0.9712383  0.02876169] [0.24853837 0.7514616 ] [0.9050596  0.09494042] [0.9883398  0.01166025] [0.03059572 0.9694043 ] [0.99240047 0.00759952] [0.9542148 0.0457852] [0.95411116 0.04588884] [0.03211933 0.96788067] [0.05762535 0.94237465] [0.99701315 0.00298688] [0.48242837 0.5175716 ] [0.9978565  0.00214352] [0.9809274  0.01907259] [0.8569716 0.1430284] [9.9953300e-01 4.6698892e-04] [0.99471885 0.00528114] [0.986337   0.01366302] [0.9534283  0.04657167] [0.9841296  0.01587042] [0.8676875  0.13231249],1 0 0 1 0 0 1 1 1 1 1 0 1 1 0 0 1 0 1 0 0 0 1 1 0 1 0 0 1 1 1 1 0 0 0 0 0 0 0 0 1 0 0 1 0 1 1 0 0 0 0 0 1 0 0 0 0 0 1 0 1 0 0 1 0 0 0 1 0 1 0 0 1 0 0 0 0 0 0 1 0 0 1 0 0 0 0 1 0 0 1 0 0 0 0 1 0 0 0 0 0 0 1 0 0 0 1 0 0 1 0 1 0 1 1 1 0 0 0 0 0 0 0 1 0 1 0 0 1 1 1 1 1 0 0 1 0 1 0 0 0 1 1 0 1 0 0 0 0 0 0 0 0 1
46921,2,xgboost,0.0,20000,19992,0.7272727272727273,0.7944444444444444,[0.5600752  0.43992478] [0.96663153 0.03336848] [0.95890236 0.04109761] [0.9652808  0.03471925] [0.9616847  0.03831527] [0.8093842  0.19061579] [0.84579206 0.15420792] [0.9760251  0.02397491] [0.41597736 0.58402264] [0.99680454 0.00319546] [0.99149716 0.00850283] [0.8955161 0.1044839] [0.99213505 0.00786498] [0.87928057 0.12071946] [0.07526344 0.92473656] [0.09203756 0.90796244] [0.9975462  0.00245378] [0.291039 0.708961] [0.9788203  0.02117967] [0.55506814 0.44493183] [0.0253033 0.9746967] [0.96381956 0.03618046] [0.26703173 0.7329683 ] [0.99620163 0.00379835] [0.99255824 0.00744176] [0.99745524 0.00254475] [0.9927852  0.00721481] [0.13367659 0.8663234 ] [0.98478544 0.01521458] [0.99453515 0.00546482] [0.11644322 0.8835568 ] [0.17567289 0.8243271 ] [0.48471546 0.51528454] [0.98452926 0.01547076] [0.7460591  0.25394088] [0.9972317  0.00276826] [0.27776307 0.72223693] [0.9737881 0.0262119] [0.59180844 0.40819153] [0.99793893 0.00206106] [0.9602281  0.03977192] [0.6524353  0.34756467] [0.16616082 0.8338392 ] [0.51635945 0.48364055] [0.76472044 0.23527955] [0.50806826 0.49193174] [0.9408472  0.05915276] [0.8356291 0.1643709] [0.9918902  0.00810978] [0.75937945 0.24062055] [0.14823097 0.85176903] [0.92967033 0.07032966] [0.9287991  0.07120093] [0.9975172  0.00248275] [0.9857768  0.01422323] [0.983043   0.01695696] [0.91477627 0.08522372] [0.497795 0.502205] [0.9556743  0.04432571] [0.9777289  0.02227109] [0.94112885 0.05887113] [0.04972649 0.9502735 ] [0.9560057 0.0439943] [0.9966249  0.00337513] [0.9505781  0.04942191] [0.97440547 0.02559454] [0.02197081 0.9780292 ] [0.9814059 0.0185941] [0.7262777  0.27372232] [0.9204398  0.07956021] [0.98023045 0.01976954] [0.00498241 0.9950176 ] [0.02981865 0.97018135] [0.9512132  0.04878684] [0.49624652 0.5037535 ] [0.993665   0.00633505] [0.9585657  0.04143427] [0.9371002  0.06289981] [0.7912683 0.2087317] [0.99819887 0.00180116] [0.988669   0.01133103] [0.09195518 0.9080448 ] [0.97584736 0.02415264] [0.91124225 0.08875774] [0.8521062 0.1478938] [9.992467e-01 7.532857e-04] [0.99817383 0.00182616] [0.9889562  0.01104377] [0.99811083 0.00188919] [0.8759187  0.12408129] [0.12944436 0.87055564] [0.9058193  0.09418071] [0.9769314 0.0230686] [0.95474064 0.04525936] [0.39495933 0.60504067] [0.3190171 0.6809829] [0.24877769 0.7512223 ] [0.3805864 0.6194136] [9.990903e-01 9.097128e-04] [0.6144199  0.38558012] [0.9969501  0.00304992] [0.98337275 0.01662724] [0.0187515 0.9812485] [0.2614603 0.7385397] [0.99538565 0.00461435] [0.6909089 0.3090911] [0.96049774 0.03950228] [9.9900717e-01 9.9284109e-04] [0.97146887 0.02853113] [0.99548626 0.00451376] [0.83658636 0.16341366] [0.9442513  0.05574868] [0.8393801  0.16061991] [0.08178854 0.91821146] [0.4183094 0.5816906] [0.7130586  0.28694138] [0.97091043 0.02908957] [0.9164307  0.08356927] [0.9349561 0.0650439] [0.02615672 0.9738433 ] [0.2760465 0.7239535] [0.990037   0.00996296] [0.9434491  0.05655091] [0.9942729  0.00572711] [0.986763   0.01323702] [0.04791421 0.9520858 ] [0.39266765 0.60733235] [0.9730316 0.0269684] [0.320373 0.679627] [0.9931064  0.00689357] [0.628997   0.37100297] [0.7608798  0.23912019] [0.9639642  0.03603579] [0.16967487 0.8303251 ] [0.98670626 0.01329376] [0.9967248  0.00327523] [0.19273543 0.80726457] [0.16734302 0.832657  ] [0.9802582  0.01974177] [0.9979006  0.00209937] [0.14005452 0.8599455 ] [0.9304358  0.06956422] [0.99538565 0.00461434] [0.9883403  0.01165969] [0.3370034 0.6629966] [0.62423736 0.37576264] [0.9412427  0.05875732] [0.6949291  0.30507085] [0.98607975 0.01392023] [0.87948465 0.12051537] [0.14639121 0.8536088 ] [0.99887276 0.00112727] [0.9939666  0.00603344] [0.88017887 0.11982115],1 0 1 0 0 1 1 0 0 1 0 0 0 0 1 1 0 1 0 1 1 0 1 0 0 0 1 0 0 0 0 1 0 0 1 0 1 0 0 0 0 0 1 1 1 0 0 0 0 0 1 0 0 0 0 0 0 0 0 0 1 1 0 0 0 0 1 0 1 0 0 1 1 0 0 1 0 0 1 0 0 1 1 1 1 0 0 0 0 1 0 0 1 0 1 1 1 1 0 0 0 0 0 1 0 0 0 0 0 0 0 0 0 1 0 1 0 0 0 0 0 0 0 0 0 1 0 1 1 0 1 1 1 1 0 0 1 0 0 0 1 0 1 0 0 0 0 1 0 1 1 0 0 1
46921,3,xgboost,0.0,20000,19992,0.7712418300653595,0.7867924528301886,[0.62023956 0.37976044] [0.9933744  0.00662558] [0.3247586 0.6752414] [0.99319214 0.00680789] [0.99840593 0.00159406] [0.35293275 0.64706725] [0.9559708  0.04402917] [0.94338655 0.05661342] [0.25449437 0.74550563] [0.7235031  0.27649686] [0.8976655  0.10233451] [0.9977566  0.00224339] [0.8892775  0.11072247] [0.9939065  0.00609353] [0.95732695 0.04267303] [0.88318455 0.11681543] [0.98706853 0.01293145] [0.42384017 0.57615983] [0.92812556 0.07187443] [0.02124727 0.97875273] [0.8178896 0.1821104] [0.8457912  0.15420878] [0.60000646 0.3999935 ] [0.9957785 0.0042215] [0.7544006  0.24559939] [0.02417153 0.97582847] [0.88379705 0.11620294] [0.04135287 0.95864713] [0.9918054  0.00819461] [0.98123264 0.01876734] [0.9944295  0.00557047] [0.8018009 0.1981991] [0.7286744  0.27132562] [0.61103463 0.3889654 ] [0.13909954 0.86090046] [0.81583136 0.18416865] [0.99013925 0.00986077] [0.812441   0.18755901] [0.52461153 0.47538847] [0.85291326 0.14708675] [0.6117457  0.38825426] [0.98893356 0.01106646] [0.98439693 0.01560305] [0.957382   0.04261799] [0.99875057 0.00124942] [0.9691471  0.03085293] [0.7837937  0.21620631] [0.7931839 0.2068161] [0.90458727 0.09541274] [0.94618005 0.05381997] [0.9911519  0.00884809] [0.99414086 0.00585912] [0.98662883 0.01337114] [0.99323964 0.00676034] [0.48521703 0.51478297] [0.9580533  0.04194669] [0.90154785 0.09845217] [0.96493584 0.03506418] [0.07357448 0.9264255 ] [0.9939812  0.00601879] [0.63089985 0.36910015] [0.9950056  0.00499439] [0.9444745  0.05552549] [0.9799467  0.02005331] [0.94697046 0.05302952] [0.8454369  0.15456314] [0.8619894  0.13801064] [0.7897408  0.21025923] [0.91893107 0.08106895] [0.99409544 0.00590453] [0.9946202  0.00537981] [0.08293581 0.9170642 ] [0.10039574 0.89960426] [0.7238729 0.2761271] [0.9728441  0.02715586] [0.9989138  0.00108615] [0.992292   0.00770799] [0.02293265 0.97706735] [0.9984096  0.00159037] [0.4782558 0.5217442] [0.9447537 0.0552463] [0.8466249  0.15337509] [0.99867487 0.00132512] [0.73051393 0.2694861 ] [0.6985867  0.30141333] [0.1661908 0.8338092] [0.83521783 0.16478214] [9.9940294e-01 5.9706531e-04] [0.06618744 0.93381256] [0.4261322 0.5738678] [0.9975989  0.00240114] [0.95577055 0.04422946] [0.9532974  0.04670263] [0.6796012  0.32039884] [0.95451576 0.04548423] [0.9571841  0.04281595] [0.30427057 0.69572943] [0.7403605  0.25963947] [0.82335246 0.17664757] [0.9657294  0.03427061] [0.10321516 0.89678484] [0.53200835 0.46799165] [0.9934754  0.00652463] [0.36580974 0.63419026] [0.9978096  0.00219039] [0.9209787  0.07902126] [0.09844786 0.90155214] [0.15863109 0.8413689 ] [0.7737896 0.2262104] [0.80152357 0.19847646] [0.9814812 0.0185188] [0.99078536 0.00921465] [0.04851627 0.9514837 ] [0.82914823 0.17085178] [0.9928626  0.00713739] [0.9942643  0.00573569] [0.8874879  0.11251209] [0.9738608  0.02613923] [0.14889187 0.85110813] [0.1904093 0.8095907] [0.04125118 0.9587488 ] [0.75208974 0.24791023] [0.99825203 0.00174799] [0.47827804 0.52172196] [0.9866475  0.01335252] [0.02569795 0.97430205] [0.832202 0.167798] [0.6862793  0.31372067] [0.9925363  0.00746367] [9.9924666e-01 7.5332087e-04] [0.5067874  0.49321258] [0.18963897 0.810361  ] [0.955987   0.04401303] [0.89339066 0.10660934] [0.5736898  0.42631018] [0.9801563 0.0198437] [0.99768555 0.00231445] [0.9577074  0.04229261] [0.14220047 0.85779953] [0.6647178  0.33528224] [0.8733758  0.12662424] [0.03231943 0.9676806 ] [0.99590284 0.00409714] [0.93766487 0.06233514] [0.9188136  0.08118641] [0.9468944  0.05310558] [0.94941795 0.05058203] [0.804698   0.19530198] [0.96905607 0.03094395] [0.9294351  0.07056494] [0.9975276 0.0024724] [0.307325 0.692675] [0.7583396  0.24166042],0 1 1 0 1 1 0 0 1 1 0 0 0 0 0 0 0 1 0 1 1 1 1 1 0 1 0 0 0 0 0 1 0 0 1 0 0 0 1 0 0 0 0 0 0 0 1 0 1 0 0 0 0 0 1 0 1 0 1 0 1 0 0 0 0 0 0 0 1 0 0 0 1 0 0 0 0 1 0 1 1 1 0 0 0 0 1 0 1 1 0 0 0 0 0 0 1 1 0 0 1 0 0 0 0 0 0 1 1 1 0 1 1 0 0 0 1 0 1 1 1 0 0 1 0 0 1 1 0 0 0 1 0 0 0 0 0 0 1 0 0 1 1 0 0 1 0 1 0 1 0 0 0
46921,4,xgboost,0.0,20000,19992,0.738562091503268,0.81,[0.82738113 0.17261887] [0.92404455 0.07595547] [0.2182172 0.7817828] [0.9029834 0.0970166] [0.9985247 0.0014753] [0.8679661  0.13203387] [0.31125957 0.68874043] [0.9957435  0.00425651] [9.9900186e-01 9.9813659e-04] [0.99584913 0.00415088] [0.30259085 0.69740915] [0.28804535 0.71195465] [0.994127 0.005873] [0.99768275 0.00231726] [0.44369042 0.5563096 ] [0.9750787 0.0249213] [0.9463889  0.05361112] [0.7680692  0.23193078] [0.96412164 0.03587835] [0.2873363 0.7126637] [0.95621276 0.04378722] [0.10376346 0.89623654] [0.9895718  0.01042819] [0.9717177  0.02828229] [0.7901188  0.20988122] [0.9759538  0.02404618] [0.05630368 0.9436963 ] [0.99830717 0.00169281] [0.6151656 0.3848344] [0.83991057 0.16008942] [0.9462996  0.05370037] [0.9977076 0.0022924] [0.9765631  0.02343689] [0.92828214 0.07171783] [0.31940174 0.68059826] [0.04484445 0.95515555] [0.96011955 0.03988044] [0.41736227 0.5826377 ] [0.9569662 0.0430338] [9.9928921e-01 7.1079534e-04] [0.7363249  0.26367512] [0.9968278  0.00317222] [0.98169667 0.01830334] [0.93440586 0.06559414] [0.9931747  0.00682533] [0.8821792  0.11782078] [0.61868346 0.38131657] [0.18520612 0.8147939 ] [0.9864641  0.01353592] [0.7473333  0.25266674] [0.995685   0.00431502] [0.98269665 0.01730336] [0.19621468 0.8037853 ] [0.54916644 0.45083356] [0.9476682  0.05233182] [0.49098814 0.50901186] [0.02035445 0.97964555] [0.95697135 0.04302865] [0.9310168  0.06898322] [0.98107976 0.01892022] [0.3394227 0.6605773] [0.98764616 0.01235386] [0.85051155 0.14948842] [0.99589044 0.00410955] [0.2509778 0.7490222] [0.993053   0.00694698] [0.9970387 0.0029613] [0.94831765 0.05168233] [0.79069155 0.20930845] [0.83960855 0.16039146] [0.98825794 0.01174204] [0.92672276 0.07327725] [0.07516515 0.92483485] [0.9281884  0.07181159] [0.98844486 0.01155513] [0.9927044 0.0072956] [0.93714035 0.06285966] [0.21994519 0.7800548 ] [0.09968138 0.9003186 ] [0.9840297  0.01597027] [0.9757285  0.02427152] [0.43721187 0.5627881 ] [0.99549454 0.00450547] [0.7006622 0.2993378] [0.8931368  0.10686319] [0.6848229  0.31517708] [0.10563827 0.89436173] [0.00742263 0.9925774 ] [0.99855417 0.00144585] [0.99336004 0.00663993] [0.04228777 0.95771223] [0.22992992 0.7700701 ] [0.01260173 0.98739827] [0.93844473 0.0615553 ] [0.94080037 0.05919965] [0.85171205 0.14828794] [0.9826614  0.01733859] [0.97270113 0.02729889] [0.8851449 0.1148551] [0.98059106 0.01940895] [0.99881417 0.00118585] [0.9983878 0.0016122] [0.8271352  0.17286481] [0.9700177  0.02998231] [0.97433144 0.02566856] [0.94892687 0.05107313] [0.8217463  0.17825373] [0.37851351 0.6214865 ] [0.9919181  0.00808191] [0.9689679  0.03103207] [0.946775   0.05322498] [0.2851647 0.7148353] [0.98581016 0.01418983] [0.92927253 0.07072748] [0.41788214 0.58211786] [0.04634541 0.9536546 ] [9.992042e-01 7.957697e-04] [0.16553599 0.834464  ] [9.991928e-01 8.072066e-04] [0.8929393  0.10706065] [0.9955668 0.0044332] [0.9757715  0.02422853] [0.7060764  0.29392362] [0.76939005 0.23060994] [0.9676503  0.03234969] [0.66707075 0.33292928] [0.46334106 0.53665894] [0.2935958 0.7064042] [0.18870217 0.81129783] [0.3404842 0.6595158] [0.9981061  0.00189389] [0.9225869 0.0774131] [0.9829366  0.01706338] [0.00927716 0.99072284] [0.08872998 0.91127   ] [9.994967e-01 5.033001e-04] [0.9895861 0.0104139] [0.9928842  0.00711577] [0.65769553 0.34230447] [9.9930894e-01 6.9107936e-04] [0.9946869  0.00531312] [0.64900637 0.3509936 ] [0.98270655 0.01729346] [0.8934823 0.1065177] [0.997534   0.00246604] [0.9887405  0.01125947] [0.7275003  0.27249965] [0.99605066 0.00394937] [0.2036888 0.7963112] [0.9650481  0.03495191] [0.99771863 0.00228139] [0.23695463 0.7630454 ] [0.9759723  0.02402772],1 0 1 1 0 1 0 0 0 0 1 1 0 0 0 0 0 0 1 0 0 1 0 0 0 1 1 0 0 0 0 0 1 0 1 1 0 0 1 0 1 1 0 0 0 0 1 1 0 0 0 0 1 0 0 1 1 0 1 0 1 0 1 0 1 0 0 0 1 0 1 1 1 0 0 0 1 1 1 0 0 0 0 0 0 1 1 1 0 0 1 0 1 0 0 0 0 0 1 0 0 0 1 0 0 1 0 0 0 0 1 0 0 1 0 0 0 0 0 1 0 0 0 1 0 0 1 1 1 0 0 0 0 1 0 0 0 0 1 0 0 0 1 0 0 0 1 0 1 0 0 1 0
46921,0,xgboost,0.0,30000,29992,0.7337662337662337,0.7475925925925927,[0.18109167 0.81890833] [0.6110819 0.3889181] [0.3429613 0.6570387] [0.67404133 0.32595867] [0.67982423 0.32017577] [0.19369453 0.80630547] [0.8864359  0.11356406] [0.846004   0.15399596] [0.9927182 0.0072818] [0.89628315 0.10371682] [0.8486858  0.15131421] [0.8833871  0.11661288] [0.5253595 0.4746405] [0.17504114 0.82495886] [0.44107044 0.55892956] [0.01925021 0.9807498 ] [0.9907139 0.0092861] [0.997273   0.00272694] [0.7328878 0.2671122] [0.6031953  0.39680472] [0.06473726 0.93526274] [0.34099656 0.65900344] [0.03946716 0.96053284] [0.98811615 0.01188385] [0.99659026 0.00340975] [0.96494037 0.03505961] [0.9785787  0.02142133] [0.9494154  0.05058464] [0.9957595  0.00424049] [0.01734525 0.98265475] [0.4580385 0.5419615] [0.87850106 0.12149897] [0.01453042 0.9854696 ] [0.99752295 0.00247705] [0.9958618  0.00413819] [0.9989546  0.00104542] [0.9747188 0.0252812] [0.99211186 0.00788813] [0.9327565  0.06724352] [0.25148857 0.74851143] [0.23991752 0.7600825 ] [0.9360533 0.0639467] [0.9180918  0.08190822] [0.6744359 0.3255641] [0.99593604 0.00406399] [0.98833346 0.01166656] [0.9969853  0.00301469] [0.98474026 0.01525975] [0.8969296  0.10307041] [0.82947505 0.17052497] [0.96291006 0.03708997] [0.9527568  0.04724318] [0.16581929 0.8341807 ] [0.755522   0.24447802] [0.15564072 0.8443593 ] [0.8413037  0.15869626] [0.99285823 0.00714176] [0.43995076 0.56004924] [0.87333345 0.12666652] [0.90306497 0.096935  ] [0.985311   0.01468904] [0.0340696 0.9659304] [0.93990356 0.06009644] [0.19427937 0.8057206 ] [0.8133336  0.18666643] [0.9708037  0.02919633] [0.10570031 0.8942997 ] [0.958951   0.04104902] [0.18070138 0.8192986 ] [0.98095644 0.01904358] [0.917086   0.08291396] [0.0526697 0.9473303] [0.8747677  0.12523228] [0.27552128 0.7244787 ] [0.9951688  0.00483121] [0.9937387  0.00626132] [0.3184917 0.6815083] [0.95710325 0.04289674] [0.9949808 0.0050192] [0.86772704 0.13227293] [9.9940258e-01 5.9740944e-04] [0.9738575  0.02614246] [0.99125475 0.00874524] [0.94635    0.05365001] [0.9935302 0.0064698] [0.84517235 0.15482765] [0.97579914 0.02420088] [0.30075878 0.6992412 ] [0.88046867 0.11953131] [0.04400373 0.9559963 ] [0.03872067 0.96127933] [0.36770707 0.6322929 ] [0.9933129 0.0066871] [0.40880328 0.5911967 ] [0.9947673 0.0052327] [0.99231064 0.00768938] [0.27159512 0.7284049 ] [0.17513078 0.8248692 ] [0.9983003  0.00169968] [0.925634   0.07436597] [0.9273542  0.07264578] [0.99835426 0.00164574] [0.03916067 0.96083933] [0.9684396  0.03156039] [0.9558192  0.04418082] [0.9023053  0.09769467] [0.95977515 0.04022484] [0.9959019  0.00409814] [0.12321025 0.87678975] [0.76417077 0.23582923] [0.861114   0.13888596] [0.4606629 0.5393371] [0.9939585  0.00604153] [0.985691   0.01430897] [0.50775516 0.49224484] [0.9730455  0.02695448] [0.99793845 0.00206154] [0.89730936 0.10269063] [0.77926743 0.22073254] [0.5802884  0.41971162] [0.98401093 0.01598909] [0.99534905 0.00465095] [0.96472675 0.03527323] [0.933166 0.066834] [0.04253733 0.95746267] [0.21930015 0.78069985] [0.9912971  0.00870285] [0.7812867  0.21871328] [9.9955875e-01 4.4123462e-04] [0.9773592  0.02264085] [0.9119196  0.08808042] [0.98935896 0.01064103] [0.12492472 0.8750753 ] [0.8354465  0.16455352] [0.9233291  0.07667086] [0.9852982  0.01470178] [0.2054308 0.7945692] [0.29613286 0.70386714] [0.9398427  0.06015728] [0.31191534 0.68808466] [0.9974527  0.00254733] [0.8650422  0.13495782] [0.9696476  0.03035244] [0.96968645 0.03031354] [0.99818933 0.00181068] [0.9854318 0.0145682] [0.09996825 0.90003175] [0.8604636  0.13953641] [0.9391015  0.06089846] [0.87464726 0.12535277] [0.05367792 0.9463221 ] [0.25760585 0.74239415] [0.98781157 0.01218844] [0.99171764 0.00828234],0 1 1 0 0 0 0 1 0 0 0 0 0 1 1 0 0 0 1 0 0 0 1 1 0 0 0 0 0 0 0 0 1 0 0 0 1 0 0 1 0 0 1 0 0 0 0 0 0 0 1 0 1 1 1 1 0 0 0 0 0 1 0 0 0 0 1 1 1 1 0 0 0 1 1 0 1 0 0 0 0 0 0 0 0 0 1 1 1 1 1 1 1 1 0 0 0 1 0 1 0 0 1 0 0 0 1 0 1 1 0 0 0 1 0 1 0 1 0 0 0 0 0 1 1 0 0 0 0 0 0 0 0 1 0 0 1 1 0 1 0 1 1 0 0 0 1 1 0 0 1 1 0 0
46921,1,xgboost,0.0,30000,29992,0.7207792207792207,0.7853703703703704,[0.8820709  0.11792909] [0.895822   0.10417803] [0.9541846  0.04581541] [0.3420791 0.6579209] [0.99320424 0.00679576] [0.99613804 0.00386195] [0.0328508 0.9671492] [0.94560397 0.05439601] [0.6430346  0.35696545] [0.05565596 0.94434404] [0.63339233 0.36660767] [0.9925777  0.00742232] [0.9129405  0.08705951] [0.05933666 0.94066334] [0.94147944 0.05852056] [0.33934766 0.66065234] [0.9915729 0.0084271] [0.9939576 0.0060424] [0.11556602 0.884434  ] [0.549464   0.45053604] [0.73329604 0.26670393] [0.9851009 0.0148991] [0.9309179  0.06908209] [0.029324 0.970676] [0.95148253 0.04851748] [0.04498589 0.9550141 ] [0.8377732  0.16222681] [0.17679805 0.82320195] [0.7570172 0.2429828] [0.16577566 0.83422434] [0.07978058 0.9202194 ] [0.14085793 0.85914207] [0.9852527 0.0147473] [0.94440234 0.05559766] [0.8573799 0.1426201] [0.9725124  0.02748756] [0.96521246 0.03478752] [0.97623223 0.02376778] [0.14026904 0.85973096] [0.98503095 0.01496903] [0.98839414 0.01160589] [0.5523938  0.44760618] [0.98827666 0.01172336] [0.79877347 0.20122653] [0.9387507  0.06124931] [0.71511245 0.28488758] [0.07091016 0.92908984] [0.9928154 0.0071846] [0.98120177 0.01879823] [0.9541634  0.04583662] [0.97198087 0.02801914] [0.99697495 0.00302505] [0.90289    0.09710998] [0.9879549  0.01204508] [0.9299151  0.07008496] [0.18654591 0.8134541 ] [0.92083824 0.07916179] [0.3363726 0.6636274] [0.8241539  0.17584613] [0.9939183 0.0060817] [0.5913639  0.40863612] [0.8223819 0.1776181] [0.30974454 0.69025546] [0.04673773 0.95326227] [0.98060685 0.01939314] [0.80642074 0.19357927] [0.99771947 0.00228051] [0.549719   0.45028105] [0.22134143 0.77865857] [0.77335125 0.22664876] [0.96182024 0.03817973] [0.92424625 0.07575377] [0.9172047  0.08279534] [0.68111897 0.31888106] [0.98648864 0.01351134] [0.99157137 0.00842865] [0.97881764 0.02118233] [0.9605684  0.03943158] [0.9284488  0.07155121] [0.3520354 0.6479646] [0.05425656 0.94574344] [0.9733411  0.02665892] [0.78143424 0.21856578] [0.97479814 0.02520185] [0.9805085  0.01949149] [0.9753383  0.02466173] [0.9398722  0.06012778] [0.49557054 0.50442946] [0.9886887 0.0113113] [0.09452057 0.90547943] [0.98256475 0.01743525] [0.56814665 0.43185335] [0.87542707 0.12457291] [0.9921406  0.00785942] [0.9978287  0.00217127] [0.9202361  0.07976391] [0.43964243 0.5603576 ] [0.9725224  0.02747765] [0.9949654  0.00503463] [0.9749815  0.02501854] [0.9245171  0.07548288] [0.97748154 0.02251848] [0.1754458 0.8245542] [0.993044   0.00695601] [0.73676527 0.26323473] [0.96389633 0.03610368] [0.9869065  0.01309347] [0.63266754 0.36733246] [0.4038393 0.5961607] [0.9691021  0.03089791] [0.790311   0.20968899] [0.8417616  0.15823844] [0.49496835 0.50503165] [0.8568063  0.14319374] [0.00371337 0.99628663] [0.94745606 0.05254396] [0.8984759 0.1015241] [0.9474926  0.05250742] [0.9950808  0.00491916] [0.9801725  0.01982747] [0.99464095 0.00535907] [9.9980134e-01 1.9866439e-04] [0.9576839  0.04231607] [0.21848017 0.78151983] [0.98130554 0.01869446] [0.02752006 0.97247994] [0.991136   0.00886399] [0.9721723 0.0278277] [0.9854273  0.01457269] [0.9762233  0.02377669] [0.34561646 0.65438354] [0.5051695 0.4948305] [0.33651543 0.6634846 ] [0.9987081  0.00129186] [0.08472848 0.9152715 ] [0.9035616  0.09643844] [0.95868355 0.04131648] [0.08543825 0.91456175] [0.99601823 0.00398179] [0.94502074 0.05497926] [0.90474397 0.09525602] [0.02622026 0.97377974] [0.34386373 0.6561363 ] [0.98279613 0.01720389] [0.06027234 0.93972766] [0.9984591  0.00154089] [0.9983699 0.0016301] [0.9959314  0.00406864] [0.99636316 0.00363684] [0.9596805  0.04031952] [0.96482736 0.03517262] [0.96757    0.03243002] [0.93654484 0.06345518] [0.9720481 0.0279519],1 0 0 1 0 0 1 1 1 1 1 0 1 1 0 0 1 0 1 0 0 0 1 1 0 1 0 0 1 1 1 1 0 0 0 0 0 0 0 0 1 0 0 1 0 1 1 0 0 0 0 0 1 0 0 0 0 0 1 0 1 0 0 1 0 0 0 1 0 1 0 0 1 0 0 0 0 0 0 1 0 0 1 0 0 0 0 1 0 0 1 0 0 0 0 1 0 0 0 0 0 0 1 0 0 0 1 0 0 1 0 1 0 1 1 1 0 0 0 0 0 0 0 1 0 1 0 0 1 1 1 1 1 0 0 1 0 1 0 0 0 1 1 0 1 0 0 0 0 0 0 0 0 1
46921,2,xgboost,0.0,30000,29992,0.7142857142857143,0.7901851851851852,[0.38919848 0.6108015 ] [0.9805901  0.01940992] [0.8120849  0.18791507] [0.9178952  0.08210481] [0.92290753 0.07709248] [0.7053801 0.2946199] [0.97175986 0.02824014] [0.9966501  0.00334989] [0.02483749 0.9751625 ] [0.98210615 0.01789385] [0.9942022  0.00579782] [0.94880766 0.05119236] [0.9979357  0.00206427] [0.99120235 0.00879765] [0.16748685 0.83251315] [0.07214755 0.92785245] [0.9949445  0.00505547] [0.57256633 0.42743367] [0.9856152 0.0143848] [0.7989486  0.20105143] [0.12874871 0.8712513 ] [0.9579044  0.04209563] [0.4126783 0.5873217] [0.95776284 0.04223715] [0.9835144  0.01648556] [0.9989397  0.00106032] [0.9951627 0.0048373] [0.4672916 0.5327084] [0.87456214 0.12543783] [0.98775136 0.01224866] [0.14673942 0.8532606 ] [0.03529721 0.9647028 ] [0.5537205  0.44627956] [9.9914545e-01 8.5455354e-04] [0.6732386  0.32676142] [0.9783064  0.02169359] [0.7013829  0.29861712] [0.9948014  0.00519857] [0.64692825 0.35307175] [0.98823124 0.01176875] [0.9870527  0.01294733] [0.55829334 0.44170663] [0.0641253 0.9358747] [0.49298698 0.507013  ] [0.61013633 0.38986367] [0.8560192 0.1439808] [0.9949246  0.00507539] [0.481614 0.518386] [0.93231595 0.06768405] [0.7733165  0.22668348] [0.47361308 0.5263869 ] [0.997195   0.00280499] [0.8462128  0.15378721] [0.99508053 0.00491947] [0.99278015 0.00721987] [0.9962669  0.00373309] [0.9615752  0.03842479] [0.1151067 0.8848933] [0.99256265 0.00743735] [0.951324 0.048676] [0.8427522  0.15724781] [0.1387881 0.8612119] [0.99238783 0.00761216] [0.9756549  0.02434507] [0.9934115  0.00658852] [0.9813773  0.01862269] [0.043809 0.956191] [0.75297874 0.24702124] [0.7768942 0.2231058] [0.96877235 0.03122767] [0.80913055 0.19086945] [0.01007426 0.98992574] [0.03364456 0.96635544] [0.96367633 0.03632369] [0.39762223 0.6023778 ] [0.99377126 0.00622876] [0.98295826 0.01704177] [0.6727854  0.32721457] [0.9489983  0.05100173] [9.990163e-01 9.836869e-04] [0.8773863  0.12261372] [0.06251997 0.93748003] [0.6312014 0.3687986] [0.9220001 0.0779999] [0.7343092  0.26569077] [0.9955433  0.00445671] [0.9977778  0.00222217] [0.92736834 0.07263167] [0.9948706  0.00512937] [0.9904002  0.00959978] [0.42388022 0.5761198 ] [0.7305664 0.2694336] [0.86846936 0.13153067] [0.96489245 0.03510755] [0.05288661 0.9471134 ] [0.20403963 0.79596037] [0.05881369 0.9411863 ] [0.7020247  0.29797533] [0.9952537  0.00474632] [0.2018143 0.7981857] [0.97976154 0.02023848] [9.991245e-01 8.754744e-04] [0.10571271 0.8942873 ] [0.36497414 0.63502586] [0.9945381  0.00546188] [0.7647213 0.2352787] [0.9706731  0.02932689] [0.995826   0.00417398] [0.99073666 0.00926333] [0.98805684 0.01194316] [0.9930394  0.00696059] [0.89368266 0.10631733] [0.8335224 0.1664776] [0.8819557  0.11804429] [0.01557744 0.98442256] [0.5066471  0.49335286] [0.84077567 0.15922433] [0.7300347  0.26996526] [0.9886798  0.01132017] [0.08331001 0.91669   ] [0.11504525 0.88495475] [0.9831534  0.01684659] [0.8789321 0.1210679] [0.99205756 0.00794245] [0.6043041  0.39569592] [0.01424646 0.98575354] [0.18831092 0.8116891 ] [0.78620404 0.21379595] [0.77759343 0.22240658] [0.9938627 0.0061373] [0.2764573 0.7235427] [0.48282677 0.51717323] [0.93471855 0.06528143] [0.5402312 0.4597688] [0.9987617  0.00123826] [0.99817    0.00182996] [0.3354994 0.6645006] [0.2530225 0.7469775] [0.8776296  0.12237042] [0.9942419 0.0057581] [0.83558303 0.16441697] [0.8109292 0.1890708] [0.949531 0.050469] [0.98545176 0.01454825] [0.74468803 0.25531197] [0.8202434 0.1797566] [0.8387846 0.1612154] [0.3873135 0.6126865] [0.95419997 0.04580005] [0.78690934 0.21309064] [0.21127778 0.7887222 ] [0.9986184  0.00138155] [0.97334653 0.02665345] [0.5549656  0.44503438],1 0 1 0 0 1 1 0 0 1 0 0 0 0 1 1 0 1 0 1 1 0 1 0 0 0 1 0 0 0 0 1 0 0 1 0 1 0 0 0 0 0 1 1 1 0 0 0 0 0 1 0 0 0 0 0 0 0 0 0 1 1 0 0 0 0 1 0 1 0 0 1 1 0 0 1 0 0 1 0 0 1 1 1 1 0 0 0 0 1 0 0 1 0 1 1 1 1 0 0 0 0 0 1 0 0 0 0 0 0 0 0 0 1 0 1 0 0 0 0 0 0 0 0 0 1 0 1 1 0 1 1 1 1 0 0 1 0 0 0 1 0 1 0 0 0 0 1 0 1 1 0 0 1
46921,3,xgboost,0.0,30000,29992,0.7450980392156863,0.7941509433962264,[0.50196946 0.49803057] [0.9755494  0.02445058] [0.6704632  0.32953683] [0.9681316  0.03186837] [0.97302014 0.02697985] [0.49687308 0.5031269 ] [0.99607    0.00392996] [0.94395334 0.05604669] [0.08771753 0.91228247] [0.09692711 0.9030729 ] [0.8270627  0.17293726] [0.9967756  0.00322435] [0.84441316 0.15558685] [9.9916285e-01 8.3714974e-04] [0.99759144 0.00240856] [0.7236939 0.2763061] [9.9945241e-01 5.4759224e-04] [0.16153067 0.8384693 ] [0.58827484 0.41172513] [0.04957068 0.9504293 ] [0.98357344 0.01642658] [0.98997515 0.01002486] [0.7772286  0.22277139] [0.9779771  0.02202291] [0.9527707 0.0472293] [0.02286375 0.97713625] [0.9873041  0.01269594] [0.5109419  0.48905808] [0.8110747  0.18892531] [0.9977224 0.0022776] [0.924541   0.07545898] [0.8365301  0.16346993] [0.6135997  0.38640028] [0.8732981 0.1267019] [0.2612279 0.7387721] [0.8967569  0.10324314] [0.9698114  0.03018861] [0.20132726 0.79867274] [0.09495419 0.9050458 ] [0.8982931  0.10170692] [0.97392726 0.02607276] [9.991888e-01 8.112194e-04] [0.98756653 0.01243345] [0.97187334 0.02812668] [0.9940727  0.00592731] [0.7788562  0.22114378] [0.8805327 0.1194673] [0.45458704 0.54541296] [0.9921541 0.0078459] [0.89565134 0.10434864] [0.9781131  0.02188686] [0.9826629  0.01733706] [0.99789196 0.00210802] [0.99732006 0.00267997] [0.21234834 0.78765166] [0.951632   0.04836798] [0.71824956 0.28175044] [0.993443 0.006557] [0.03689951 0.9631005 ] [0.9932914  0.00670864] [0.84353334 0.15646666] [0.96986216 0.03013781] [0.9793421  0.02065789] [0.9953236 0.0046764] [0.9627719  0.03722808] [0.8973056  0.10269439] [0.794798   0.20520201] [0.268009 0.731991] [0.16120028 0.8387997 ] [0.9946882  0.00531179] [0.99681574 0.00318424] [0.13814747 0.8618525 ] [0.03331906 0.96668094] [0.8767322  0.12326784] [0.98954445 0.01045553] [0.998368   0.00163198] [0.94497454 0.05502544] [0.04010785 0.95989215] [9.995106e-01 4.894221e-04] [0.17640972 0.8235903 ] [0.9946283  0.00537167] [0.49106526 0.50893474] [9.9913275e-01 8.6727249e-04] [0.8300842  0.16991577] [0.4372775 0.5627225] [0.44359314 0.55640686] [0.99132997 0.00867006] [0.9969959  0.00300405] [0.1361422 0.8638578] [0.06989056 0.93010944] [9.992458e-01 7.541951e-04] [0.9396753  0.06032475] [0.9704468  0.02955315] [0.7203562 0.2796438] [0.96901804 0.03098196] [0.84605503 0.15394495] [0.67217386 0.32782614] [0.38676143 0.6132386 ] [0.3920408 0.6079592] [0.9957351  0.00426491] [0.7550513  0.24494867] [0.08345753 0.9165425 ] [9.9958616e-01 4.1386078e-04] [0.87840766 0.12159233] [9.9944061e-01 5.5936666e-04] [0.9651639  0.03483613] [0.30172288 0.6982771 ] [0.85122633 0.14877369] [0.3032415 0.6967585] [0.3504753 0.6495247] [9.992478e-01 7.522233e-04] [0.7809849  0.21901515] [0.04537594 0.95462406] [0.99229556 0.00770444] [0.9953689 0.0046311] [0.9923271  0.00767289] [0.913434   0.08656599] [0.99481875 0.00518123] [0.23389733 0.7661027 ] [0.8131434  0.18685666] [0.33889908 0.6611009 ] [0.9167072  0.08329276] [0.99796575 0.00203422] [0.89584017 0.10415981] [0.9807811  0.01921891] [0.18165505 0.81834495] [0.9308448  0.06915519] [0.0155496 0.9844504] [0.98547065 0.01452938] [9.9947810e-01 5.2190316e-04] [0.68537664 0.3146234 ] [0.14632547 0.85367453] [0.9920373  0.00796269] [0.93424237 0.06575762] [0.58143604 0.41856396] [0.86777    0.13222998] [0.99744225 0.00255776] [0.9627703  0.03722972] [0.73350954 0.26649046] [0.83202815 0.16797186] [0.94431937 0.05568064] [0.64938843 0.35061154] [0.80024064 0.19975938] [0.86726254 0.13273747] [0.9910636  0.00893642] [0.8705591  0.12944089] [0.9077619  0.09223815] [0.5267407  0.47325933] [0.9080511  0.09194894] [0.98695683 0.01304315] [0.9968241  0.00317588] [0.18989962 0.8101004 ] [0.9892785  0.01072149],0 1 1 0 1 1 0 0 1 1 0 0 0 0 0 0 0 1 0 1 1 1 1 1 0 1 0 0 0 0 0 1 0 0 1 0 0 0 1 0 0 0 0 0 0 0 1 0 1 0 0 0 0 0 1 0 1 0 1 0 1 0 0 0 0 0 0 0 1 0 0 0 1 0 0 0 0 1 0 1 1 1 0 0 0 0 1 0 1 1 0 0 0 0 0 0 1 1 0 0 1 0 0 0 0 0 0 1 1 1 0 1 1 0 0 0 1 0 1 1 1 0 0 1 0 0 1 1 0 0 0 1 0 0 0 0 0 0 1 0 0 1 1 0 0 1 0 1 0 1 0 0 0
46921,4,xgboost,0.0,30000,29992,0.7320261437908496,0.7783018867924528,[0.99041283 0.00958719] [0.970395   0.02960498] [0.08303344 0.91696656] [0.65517753 0.34482247] [0.99188167 0.00811833] [0.26505142 0.7349486 ] [0.62962174 0.37037826] [0.97381043 0.02618957] [0.99036694 0.00963306] [0.9781321  0.02186788] [0.08011359 0.9198864 ] [0.33774948 0.6622505 ] [0.929249 0.070751] [0.9492607  0.05073928] [0.5393169 0.4606831] [0.9859728  0.01402716] [0.76705265 0.23294732] [0.9649268  0.03507322] [0.6040603 0.3959397] [0.304852 0.695148] [0.9930698  0.00693015] [0.20794827 0.79205173] [0.9916673  0.00833271] [0.9746838  0.02531618] [0.9943544  0.00564555] [0.9702337  0.02976634] [0.67015785 0.32984215] [0.9907549  0.00924509] [0.7998629  0.20013706] [0.6984107 0.3015893] [0.9705876  0.02941238] [0.99899125 0.00100877] [0.9661586  0.03384138] [0.9857813  0.01421867] [0.05439889 0.9456011 ] [0.02601039 0.9739896 ] [0.98002714 0.01997286] [0.8324045  0.16759554] [0.9883386 0.0116614] [0.99834716 0.00165284] [0.53013587 0.46986416] [0.98348176 0.01651826] [0.9958998  0.00410019] [0.87082225 0.12917776] [0.966736   0.03326396] [0.98349535 0.01650465] [0.1979487 0.8020513] [0.01471245 0.98528755] [0.99387056 0.00612946] [0.9552803  0.04471968] [0.9864651  0.01353487] [0.8863671  0.11363289] [0.00845939 0.9915406 ] [0.7138251  0.28617486] [0.45845485 0.54154515] [0.19704533 0.8029547 ] [0.05587578 0.9441242 ] [0.9671077  0.03289228] [0.9868653 0.0131347] [0.98794913 0.01205084] [0.9882347  0.01176533] [0.88698107 0.11301892] [0.9753193  0.02468067] [0.9958155  0.00418447] [0.8628842  0.13711579] [0.99123895 0.00876104] [0.9818379  0.01816208] [0.9781871  0.02181291] [0.9602632  0.03973683] [0.98976094 0.01023905] [0.8895529  0.11044712] [0.8375345  0.16246553] [0.4448334 0.5551666] [0.9525459  0.04745414] [0.9937318  0.00626818] [0.97877353 0.02122649] [0.9009518 0.0990482] [0.62382543 0.37617454] [0.02323204 0.97676796] [0.92762476 0.07237525] [0.99880123 0.00119878] [0.5827333 0.4172667] [0.7044147  0.29558527] [0.8244065 0.1755935] [0.84850776 0.15149222] [0.5065534 0.4934466] [0.34648323 0.65351677] [0.11555469 0.8844453 ] [0.9967653 0.0032347] [0.9973809  0.00261908] [0.28092587 0.71907413] [0.32627213 0.67372787] [0.09907717 0.90092283] [0.9758976  0.02410237] [0.8468455  0.15315448] [0.9309474  0.06905255] [0.99197215 0.00802786] [0.9967421  0.00325787] [0.71542716 0.2845728 ] [0.86954707 0.13045292] [9.999339e-01 6.610961e-05] [0.9986242  0.00137582] [0.65063715 0.34936282] [0.9685033  0.03149672] [0.94030756 0.05969246] [0.99493784 0.00506219] [0.9631543  0.03684568] [0.84012043 0.15987954] [0.99698746 0.00301256] [0.9916608  0.00833921] [0.99287075 0.00712923] [0.49811584 0.50188416] [0.9696408  0.03035922] [0.92135894 0.07864109] [0.31189567 0.68810433] [0.04272252 0.9572775 ] [0.92911863 0.07088134] [0.41033852 0.5896615 ] [0.9984252  0.00157484] [0.9840949  0.01590506] [9.9973500e-01 2.6501494e-04] [0.9524636  0.04753638] [0.17892754 0.82107246] [0.88470507 0.1152949 ] [0.88570005 0.11429995] [0.97582906 0.02417091] [0.26794064 0.73205936] [0.50501883 0.49498117] [0.17275906 0.82724094] [0.4784416 0.5215584] [0.9977795  0.00222053] [0.8731532 0.1268468] [0.94086415 0.05913583] [0.01548308 0.9845169 ] [0.05141056 0.94858944] [0.99868    0.00131998] [0.99539465 0.00460536] [0.99504244 0.00495754] [0.7206377  0.27936235] [0.998959   0.00104099] [0.97595    0.02404998] [0.9684193  0.03158066] [0.9728008  0.02719922] [0.8707786 0.1292214] [0.9957294  0.00427062] [0.651744 0.348256] [0.02208966 0.97791034] [0.9986989  0.00130114] [0.73233736 0.26766267] [0.9801495 0.0198505] [0.98207617 0.01792384] [0.7247615  0.27523848] [0.9401505  0.05984949],1 0 1 1 0 1 0 0 0 0 1 1 0 0 0 0 0 0 1 0 0 1 0 0 0 1 1 0 0 0 0 0 1 0 1 1 0 0 1 0 1 1 0 0 0 0 1 1 0 0 0 0 1 0 0 1 1 0 1 0 1 0 1 0 1 0 0 0 1 0 1 1 1 0 0 0 1 1 1 0 0 0 0 0 0 1 1 1 0 0 1 0 1 0 0 0 0 0 1 0 0 0 1 0 0 1 0 0 0 0 1 0 0 1 0 0 0 0 0 1 0 0 0 1 0 0 1 1 1 0 0 0 0 1 0 0 0 0 1 0 0 0 1 0 0 0 1 0 1 0 0 1 0
