dataset_id,fold,checkpoint,sparsity,features,features_added,accuracy,roc_auc_score,prediction_probas,ground_truth
46921,0,realmlp,0.02,8,0,0.7337662337662337,0.8211111111111111,[0.09447367 0.9055264 ] [0.04352736 0.9564726 ] [0.21556626 0.7844337 ] [0.73730695 0.2626931 ] [0.5561051 0.4438949] [0.37718883 0.62281114] [0.81523466 0.1847654 ] [0.667466   0.33253402] [0.885507 0.114493] [0.86658514 0.13341485] [0.30673358 0.6932664 ] [0.68529564 0.31470436] [0.7643231  0.23567696] [0.07561631 0.92438364] [0.3976529  0.60234714] [0.06782696 0.932173  ] [0.7271397  0.27286026] [0.9657804  0.03421962] [0.05169192 0.94830805] [0.14335796 0.856642  ] [0.35675725 0.6432428 ] [0.3670846  0.63291544] [0.01179704 0.988203  ] [0.64072114 0.35927892] [0.9333487  0.06665131] [0.78052384 0.21947613] [0.8805281  0.11947186] [0.75155777 0.2484423 ] [0.9452958 0.0547042] [0.04403692 0.955963  ] [0.5797472 0.4202528] [0.9506087  0.04939135] [0.02842817 0.97157186] [0.47480446 0.5251955 ] [0.96667403 0.03332589] [0.96694237 0.03305768] [0.7149846  0.28501546] [0.90174615 0.09825383] [0.7579173 0.2420827] [0.08925694 0.910743  ] [0.08797682 0.9120232 ] [0.78182274 0.21817723] [0.18492948 0.8150705 ] [0.825143   0.17485704] [0.9491898  0.05081025] [0.8799744  0.12002558] [0.8603035  0.13969652] [0.94119376 0.05880626] [0.7065562 0.2934438] [0.76249033 0.2375097 ] [0.7052676  0.29473242] [0.95771384 0.04228612] [0.10452735 0.89547265] [0.5743559 0.4256441] [0.2174913 0.7825087] [0.16812737 0.83187264] [0.9125045  0.08749557] [0.39518028 0.60481966] [0.64718294 0.3528171 ] [0.818688   0.18131204] [0.858632   0.14136794] [0.02533544 0.9746645 ] [0.8323715  0.16762854] [0.7334772  0.26652285] [0.7527385  0.24726154] [0.81664175 0.18335825] [0.06848    0.93152004] [0.24755973 0.75244033] [0.023374 0.976626] [0.68272954 0.31727043] [0.8075844  0.19241558] [0.01658924 0.9834108 ] [0.71030295 0.28969708] [0.737676 0.262324] [0.77802515 0.2219749 ] [0.83218664 0.16781338] [0.5281152 0.4718848] [0.6824729 0.3175271] [0.73206884 0.26793113] [0.81931376 0.18068619] [0.9660621  0.03393787] [0.7622507  0.23774926] [0.947295   0.05270505] [0.95491856 0.04508144] [0.97635967 0.0236403 ] [0.81286067 0.1871394 ] [0.41928068 0.58071935] [0.46131596 0.538684  ] [0.07632526 0.92367476] [0.18049495 0.8195051 ] [0.11516332 0.8848367 ] [0.66367203 0.33632797] [0.7822103  0.21778964] [0.21540543 0.78459466] [0.8703152  0.12968478] [0.9423162  0.05768381] [0.64072454 0.3592754 ] [0.03016447 0.9698355 ] [0.96141124 0.03858874] [0.7846672  0.21533276] [0.7794073  0.22059268] [0.9633812  0.03661884] [0.03379457 0.9662054 ] [0.31584617 0.68415385] [0.79737324 0.2026268 ] [0.05503814 0.94496185] [0.69278187 0.30721813] [0.9683372  0.03166281] [0.12114927 0.8788507 ] [0.5909205  0.40907952] [0.4990683  0.50093174] [0.6117652  0.38823476] [0.89418775 0.10581227] [0.6688539  0.33114615] [0.52392215 0.47607782] [0.79627323 0.20372671] [0.94334877 0.05665123] [0.73952186 0.26047814] [0.9093687  0.09063124] [0.24273399 0.757266  ] [0.9293916  0.07060838] [0.82299316 0.17700678] [0.82363385 0.17636614] [0.62527424 0.3747257 ] [0.07868866 0.9213113 ] [0.07975498 0.92024505] [0.84717095 0.15282905] [0.6214489 0.3785511] [0.89051515 0.10948484] [0.42107093 0.57892907] [0.6417535  0.35824654] [0.8608783  0.13912167] [0.16511708 0.8348829 ] [0.49476495 0.505235  ] [0.5733682  0.42663187] [0.9018296  0.09817034] [0.10905571 0.89094436] [0.48888698 0.51111305] [0.8695683  0.13043173] [0.10956751 0.89043254] [0.8212462  0.17875375] [0.6222476 0.3777524] [0.824108 0.175892] [0.7868814 0.2131186] [0.6620968  0.33790323] [0.88153476 0.11846525] [0.5391487 0.4608513] [0.7143921  0.28560787] [0.92509645 0.07490352] [0.8060621 0.1939379] [0.16063347 0.8393665 ] [0.48330462 0.51669544] [0.9648341 0.0351659] [0.7340465 0.2659535],0 1 1 0 0 0 0 1 0 0 0 0 0 1 1 0 0 0 1 0 0 0 1 1 0 0 0 0 0 0 0 0 1 0 0 0 1 0 0 1 0 0 1 0 0 0 0 0 0 0 1 0 1 1 1 1 0 0 0 0 0 1 0 0 0 0 1 1 1 1 0 0 0 1 1 0 1 0 0 0 0 0 0 0 0 0 1 1 1 1 1 1 1 1 0 0 0 1 0 1 0 0 1 0 0 0 1 0 1 1 0 0 0 1 0 1 0 1 0 0 0 0 0 1 1 0 0 0 0 0 0 0 0 1 0 0 1 1 0 1 0 1 1 0 0 0 1 1 0 0 1 1 0 0
46921,1,realmlp,0.02,8,0,0.7662337662337663,0.8251851851851851,[0.5007475  0.49925247] [0.6588577 0.3411423] [0.89084244 0.10915755] [0.13136289 0.8686371 ] [0.90585357 0.09414649] [0.97415054 0.02584941] [0.06714734 0.9328526 ] [0.55406916 0.4459308 ] [0.4020868  0.59791315] [0.03368673 0.96631324] [0.4979607 0.5020393] [0.90558374 0.0944162 ] [0.8829586  0.11704137] [0.05406067 0.94593936] [0.88751173 0.11248832] [0.29516086 0.70483917] [0.6362533  0.36374664] [0.9513359  0.04866403] [0.21218479 0.78781515] [0.76963484 0.23036516] [0.21522418 0.78477585] [0.91974664 0.08025339] [0.48152325 0.5184767 ] [0.04782651 0.9521734 ] [0.84925663 0.15074338] [0.29467767 0.7053223 ] [0.2038905 0.7961095] [0.31154 0.68846] [0.38797122 0.6120287 ] [0.27179402 0.728206  ] [0.09449755 0.90550244] [0.1671028 0.8328972] [0.8158956  0.18410438] [0.9167649  0.08323507] [0.7132473  0.28675264] [0.5716215  0.42837852] [0.5376248  0.46237522] [0.9288097  0.07119027] [0.5422653  0.45773473] [0.9740669  0.02593307] [0.8821914 0.1178086] [0.22566332 0.7743367 ] [0.8479975  0.15200259] [0.27087745 0.7291225 ] [0.9756581  0.02434192] [0.08920245 0.9107976 ] [0.23989339 0.7601066 ] [0.97614825 0.02385178] [0.68989664 0.31010336] [0.8616314 0.1383686] [0.7657265  0.23427351] [0.9798457  0.02015427] [0.69798994 0.30201   ] [0.9601621  0.03983791] [0.89194804 0.10805193] [0.19423555 0.80576444] [0.73386085 0.26613912] [0.4203039  0.57969606] [0.84513736 0.15486266] [0.9580058  0.04199418] [0.563236   0.43676403] [0.762717   0.23728298] [0.33463535 0.6653647 ] [0.08749377 0.9125063 ] [0.6706891  0.32931083] [0.6128459  0.38715407] [0.97217035 0.02782971] [0.46370327 0.5362968 ] [0.68278074 0.31721923] [0.31501526 0.68498474] [0.56156    0.43844002] [0.51630783 0.4836922 ] [0.25091028 0.7490897 ] [0.77223825 0.22776176] [0.8341204  0.16587956] [0.8494933  0.15050669] [0.91827077 0.08172922] [0.8413224  0.15867756] [0.6890841  0.31091592] [0.6823246  0.31767544] [0.05271195 0.94728804] [0.8442972  0.15570283] [0.5605037  0.43949628] [0.47103232 0.5289677 ] [0.71966714 0.28033283] [0.9139299  0.08607011] [0.9357226  0.06427741] [0.48696896 0.51303107] [0.950621   0.04937891] [0.15647829 0.84352165] [0.8911449  0.10885509] [0.35703993 0.64296013] [0.82536834 0.17463163] [0.9139065  0.08609349] [0.94902045 0.05097956] [0.41370633 0.58629364] [0.2737618  0.72623825] [0.82650554 0.17349443] [0.91733444 0.08266559] [0.92616355 0.07383646] [0.3664599 0.6335401] [0.92891294 0.07108705] [0.2979392  0.70206076] [0.9376344  0.06236562] [0.47851315 0.5214869 ] [0.76059234 0.2394076 ] [0.9677088  0.03229116] [0.79777825 0.20222172] [0.07066952 0.92933047] [0.6523563  0.34764367] [0.47822383 0.52177614] [0.6223224  0.37767762] [0.7118263  0.28817362] [0.4633662 0.5366338] [0.12714742 0.87285256] [0.715533   0.28446695] [0.6989385  0.30106154] [0.52701366 0.47298637] [0.93415684 0.06584313] [0.9640342  0.03596577] [0.91199535 0.0880047 ] [0.9627516  0.03724835] [0.7904743  0.20952572] [0.04667817 0.9533219 ] [0.8866368  0.11336318] [0.28811193 0.711888  ] [0.906602   0.09339803] [0.90162355 0.09837647] [0.8112018  0.18879822] [0.736742   0.26325798] [0.17280261 0.8271974 ] [0.2638782  0.73612183] [0.00616123 0.9938387 ] [0.98299843 0.01700158] [0.24159159 0.75840837] [0.16638723 0.8336127 ] [0.8525109  0.14748909] [0.15103666 0.8489633 ] [0.8831598  0.11684015] [0.74639064 0.25360945] [0.84064484 0.15935513] [0.19255738 0.80744267] [0.69525087 0.30474913] [0.9338172  0.06618277] [0.24291457 0.75708544] [0.9008792  0.09912082] [0.97269094 0.02730913] [0.8233658  0.17663424] [0.98036045 0.01963961] [0.79609084 0.20390923] [0.8395886  0.16041148] [0.73924226 0.2607577 ] [0.8858181  0.11418187] [0.4173482 0.5826518],1 0 0 1 0 0 1 1 1 1 1 0 1 1 0 0 1 0 1 0 0 0 1 1 0 1 0 0 1 1 1 1 0 0 0 0 0 0 0 0 1 0 0 1 0 1 1 0 0 0 0 0 1 0 0 0 0 0 1 0 1 0 0 1 0 0 0 1 0 1 0 0 1 0 0 0 0 0 0 1 0 0 1 0 0 0 0 1 0 0 1 0 0 0 0 1 0 0 0 0 0 0 1 0 0 0 1 0 0 1 0 1 0 1 1 1 0 0 0 0 0 0 0 1 0 1 0 0 1 1 1 1 1 0 0 1 0 1 0 0 0 1 1 0 1 0 0 0 0 0 0 0 0 1
46921,2,realmlp,0.02,8,0,0.7142857142857143,0.7820370370370371,[0.15836766 0.8416323 ] [0.8808619  0.11913811] [0.91991657 0.08008344] [0.8521068  0.14789322] [0.87801975 0.12198026] [0.78220844 0.21779162] [0.95597434 0.04402559] [0.9442283  0.05577174] [0.5437078  0.45629215] [0.624419 0.375581] [0.9847894  0.01521063] [0.9759207  0.02407934] [0.94355184 0.05644817] [0.9379113  0.06208878] [0.0897191 0.9102809] [0.03184405 0.968156  ] [0.9730225  0.02697752] [0.69941974 0.30058026] [0.94646114 0.05353884] [0.28901258 0.71098745] [0.65447474 0.34552532] [0.6431857  0.35681432] [0.04168509 0.95831496] [0.8714076  0.12859236] [0.9378382  0.06216181] [0.97455865 0.02544137] [0.9441742 0.0558258] [0.03575762 0.9642424 ] [0.7899304 0.2100696] [0.9332327  0.06676727] [0.67082185 0.3291781 ] [0.02095714 0.9790429 ] [0.04437575 0.9556242 ] [0.93293613 0.06706388] [0.70249355 0.2975065 ] [0.8853355  0.11466449] [0.6477517  0.35224828] [0.8164588 0.1835412] [0.3945004 0.6054997] [0.96347743 0.0365225 ] [0.8189895  0.18101047] [0.76692355 0.23307653] [0.20315285 0.79684716] [0.87462556 0.12537445] [0.04120231 0.95879763] [0.6273104 0.3726896] [0.89088887 0.1091111 ] [0.8628159  0.13718405] [0.41003808 0.58996195] [0.7223811 0.2776189] [0.04006362 0.95993644] [0.86939543 0.1306046 ] [0.4113091 0.5886909] [0.9211598  0.07884017] [0.9851285  0.01487144] [0.9089466  0.09105338] [0.87856436 0.12143563] [0.24593495 0.75406504] [0.7809149  0.21908517] [0.37392014 0.62607986] [0.5202883  0.47971168] [0.04796109 0.9520389 ] [0.7866857  0.21331432] [0.85869545 0.14130457] [0.9723245  0.02767555] [0.92238444 0.07761554] [0.02815275 0.9718472 ] [0.94063014 0.05936986] [0.6458442  0.35415587] [0.91741884 0.08258113] [0.7012392 0.2987608] [0.1991515  0.80084854] [0.01498979 0.9850102 ] [0.92320603 0.07679403] [0.00478393 0.99521613] [0.8881187  0.11188126] [0.9397958  0.06020422] [0.30849302 0.691507  ] [0.8285829  0.17141709] [0.97419894 0.02580109] [0.9259467  0.07405323] [0.0724911  0.92750895] [0.9121515  0.08784848] [0.9726643  0.02733565] [0.22002321 0.7799768 ] [0.981605   0.01839503] [0.9606942  0.03930581] [0.9517031  0.04829688] [0.6684821  0.33151782] [0.21887037 0.7811296 ] [0.5699173  0.43008268] [0.939996   0.06000395] [0.7834235  0.21657655] [0.7273951  0.27260485] [0.27755708 0.7224429 ] [0.19949834 0.80050164] [0.03792274 0.9620773 ] [0.47616878 0.52383125] [0.9220186  0.07798146] [0.47563386 0.52436614] [0.9319785  0.06802153] [0.9081807  0.09181926] [0.40998673 0.59001327] [0.00597226 0.99402773] [0.93135995 0.06864011] [0.52624476 0.47375524] [0.81192136 0.18807866] [0.9755231  0.02447687] [0.950534   0.04946603] [0.9423943  0.05760574] [0.8176142  0.18238583] [0.7931037  0.20689629] [0.9177545  0.08224556] [0.06884314 0.9311569 ] [0.15538943 0.8446106 ] [0.86167854 0.13832141] [0.912516 0.087484] [0.9230057  0.07699426] [0.81796086 0.18203919] [0.2801608 0.7198392] [0.64546824 0.35453174] [0.92796266 0.07203732] [0.8973809  0.10261907] [0.938627   0.06137304] [0.9375323  0.06246765] [0.08509441 0.91490555] [0.21440971 0.78559023] [0.6146689  0.38533106] [0.6953145  0.30468544] [0.9423883  0.05761174] [0.3085689 0.6914311] [0.7069319 0.2930681] [0.7067951  0.29320493] [0.6651713  0.33482867] [0.8990241  0.10097592] [0.8420663  0.15793374] [0.5421466  0.45785332] [0.12388909 0.8761109 ] [0.91054404 0.089456  ] [0.96797323 0.03202679] [0.5831111  0.41688895] [0.90993094 0.09006903] [0.9581395  0.04186049] [0.939595   0.06040505] [0.42838144 0.5716186 ] [0.6378593  0.36214072] [0.8871111  0.11288887] [0.7576133  0.24238674] [0.9007211  0.09927894] [0.4656315 0.5343685] [0.29619664 0.70380336] [0.9479271 0.0520729] [0.9647624  0.03523764] [0.5944877  0.40551224],1 0 1 0 0 1 1 0 0 1 0 0 0 0 1 1 0 1 0 1 1 0 1 0 0 0 1 0 0 0 0 1 0 0 1 0 1 0 0 0 0 0 1 1 1 0 0 0 0 0 1 0 0 0 0 0 0 0 0 0 1 1 0 0 0 0 1 0 1 0 0 1 1 0 0 1 0 0 1 0 0 1 1 1 1 0 0 0 0 1 0 0 1 0 1 1 1 1 0 0 0 0 0 1 0 0 0 0 0 0 0 0 0 1 0 1 0 0 0 0 0 0 0 0 0 1 0 1 1 0 1 1 1 1 0 0 1 0 0 0 1 0 1 0 0 0 0 1 0 1 1 0 0 1
46921,3,realmlp,0.02,8,0,0.7254901960784313,0.8218867924528303,[0.5710197  0.42898038] [0.9168895  0.08311049] [0.6613732  0.33862683] [0.9343661  0.06563385] [0.9770901  0.02290982] [0.440776 0.559224] [0.98005486 0.01994513] [0.8382635  0.16173641] [0.5173131  0.48268688] [0.56885576 0.43114418] [0.8446956 0.1553044] [0.982116   0.01788398] [0.76506025 0.23493977] [0.98771346 0.01228659] [0.9629238  0.03707618] [0.56423277 0.43576714] [0.98411    0.01588998] [0.37870082 0.6212992 ] [0.81580234 0.18419772] [0.22791675 0.7720832 ] [0.87541926 0.12458073] [0.838973   0.16102703] [0.62081015 0.37918985] [0.95914483 0.04085509] [0.80437845 0.19562156] [0.45574212 0.5442579 ] [0.8072421  0.19275793] [0.2019242 0.7980758] [0.97139335 0.02860671] [0.9349735  0.06502657] [0.977545   0.02245498] [0.887157 0.112843] [0.62764597 0.37235403] [0.84388447 0.15611555] [0.49309286 0.50690717] [0.6678973  0.33210272] [0.7838802  0.21611986] [0.718754   0.28124604] [0.34648567 0.6535143 ] [0.97899926 0.02100069] [0.82438916 0.17561081] [0.97654563 0.02345438] [0.8974365  0.10256348] [0.9131945  0.08680552] [0.9726334  0.02736665] [0.8067013  0.19329862] [0.790196 0.209804] [0.8287203  0.17127979] [0.8306728  0.16932726] [0.8205203  0.17947975] [0.97156954 0.02843043] [0.9669371 0.0330629] [0.9729222  0.02707786] [0.89904636 0.10095357] [0.37176734 0.6282326 ] [0.7345761  0.26542392] [0.53402823 0.46597174] [0.8627436  0.13725635] [0.39989543 0.6001045 ] [0.9248324  0.07516759] [0.6016661 0.3983339] [0.97895414 0.0210459 ] [0.7013922  0.29860792] [0.9110339  0.08896608] [0.9420936  0.05790632] [0.7822135  0.21778648] [0.48030555 0.51969445] [0.73151016 0.26848987] [0.33667105 0.66332895] [0.9299902  0.07000984] [0.9329885  0.06701147] [0.17151615 0.8284839 ] [0.13082701 0.86917293] [0.9562882  0.04371184] [0.9898545 0.0101455] [0.99154305 0.00845695] [0.84274715 0.15725288] [0.54160494 0.4583951 ] [0.99485224 0.00514777] [0.6058391  0.39416096] [0.6962831 0.3037169] [0.77698743 0.22301255] [0.99064285 0.00935714] [0.6925436 0.3074564] [0.9368174  0.06318261] [0.69941145 0.30058852] [0.69620633 0.30379364] [0.99017894 0.00982102] [0.5304846  0.46951547] [0.21042627 0.7895737 ] [0.99350363 0.0064964 ] [0.9491732  0.05082675] [0.972538   0.02746196] [0.48577893 0.514221  ] [0.86364555 0.13635446] [0.58097416 0.41902584] [0.6066934 0.3933066] [0.66195047 0.33804956] [0.7243588  0.27564123] [0.955765   0.04423504] [0.40212497 0.59787506] [0.20378445 0.7962156 ] [0.93853205 0.0614679 ] [0.94073224 0.05926776] [0.9449438  0.05505625] [0.98732334 0.01267672] [0.72448033 0.27551964] [0.72069186 0.2793082 ] [0.52208096 0.47791898] [0.72986156 0.27013844] [0.96682525 0.03317478] [0.8894982  0.11050188] [0.2358443 0.7641557] [0.8288167  0.17118332] [0.9670931 0.0329069] [0.9151109  0.08488912] [0.32296824 0.6770318 ] [0.9067744  0.09322564] [0.46071726 0.5392827 ] [0.9163998  0.08360024] [0.31820878 0.68179125] [0.84374017 0.15625982] [0.994105   0.00589501] [0.7702329  0.22976711] [0.81394565 0.18605433] [0.7547517  0.24524836] [0.88177836 0.11822166] [0.68824893 0.31175104] [0.9581895  0.04181055] [0.99244165 0.00755841] [0.8454141  0.15458587] [0.24550588 0.7544942 ] [0.98066103 0.01933889] [0.8032953  0.19670467] [0.64890695 0.35109308] [0.95652026 0.04347977] [0.9773483  0.02265165] [0.46498615 0.53501385] [0.76589704 0.23410295] [0.92616665 0.07383335] [0.7235705 0.2764294] [0.73833495 0.26166505] [0.77015895 0.22984104] [0.9120961  0.08790392] [0.9766282  0.02337182] [0.8768651  0.12313494] [0.7651888 0.2348112] [0.5308768  0.46912318] [0.9381055  0.06189453] [0.57944363 0.42055643] [0.9548447  0.04515522] [0.6817403  0.31825975] [0.95898145 0.04101853],0 1 1 0 1 1 0 0 1 1 0 0 0 0 0 0 0 1 0 1 1 1 1 1 0 1 0 0 0 0 0 1 0 0 1 0 0 0 1 0 0 0 0 0 0 0 1 0 1 0 0 0 0 0 1 0 1 0 1 0 1 0 0 0 0 0 0 0 1 0 0 0 1 0 0 0 0 1 0 1 1 1 0 0 0 0 1 0 1 1 0 0 0 0 0 0 1 1 0 0 1 0 0 0 0 0 0 1 1 1 0 1 1 0 0 0 1 0 1 1 1 0 0 1 0 0 1 1 0 0 0 1 0 0 0 0 0 0 1 0 0 1 1 0 0 1 0 1 0 1 0 0 0
46921,4,realmlp,0.02,8,0,0.7973856209150327,0.8484905660377359,[0.82421935 0.17578058] [0.90607446 0.09392545] [0.07514011 0.92485994] [0.12550773 0.8744922 ] [0.9831398  0.01686016] [0.35018057 0.6498195 ] [0.45574316 0.54425687] [0.95147747 0.04852248] [0.9739448  0.02605517] [0.9084469  0.09155308] [0.08535845 0.9146416 ] [0.34108824 0.65891176] [0.5492135  0.45078644] [0.9513152  0.04868478] [0.6841845  0.31581548] [0.61745995 0.38254014] [0.78144103 0.21855891] [0.955224   0.04477605] [0.36622542 0.6337745 ] [0.626385 0.373615] [0.86780035 0.13219957] [0.29352185 0.7064782 ] [0.8332595  0.16674048] [0.9590508  0.04094928] [0.9278795 0.0721205] [0.6833006  0.31669945] [0.20659488 0.7934051 ] [0.9742009  0.02579914] [0.8611153 0.1388847] [0.40189418 0.5981058 ] [0.6548062  0.34519383] [0.97723836 0.02276161] [0.47503355 0.52496636] [0.8163449  0.18365505] [0.33476785 0.6652321 ] [0.13668615 0.8633138 ] [0.9808231  0.01917687] [0.255887 0.744113] [0.90747625 0.09252374] [0.985504   0.01449606] [0.62112916 0.37887076] [0.8362002  0.16379978] [0.9482412  0.05175884] [0.697847 0.302153] [0.8364195  0.16358048] [0.9424899  0.05751003] [0.11320423 0.88679576] [0.07529689 0.9247031 ] [0.8093953  0.19060463] [0.6387151  0.36128488] [0.9799903 0.0200097] [0.56520575 0.43479425] [0.06834082 0.93165916] [0.37443382 0.6255662 ] [0.88032675 0.11967328] [0.21088062 0.78911936] [0.1412962 0.8587038] [0.861746   0.13825403] [0.8020597  0.19794028] [0.9121806  0.08781946] [0.37405887 0.62594116] [0.5759006 0.4240994] [0.46886766 0.53113234] [0.9541855 0.0458145] [0.5411351  0.45886493] [0.985957   0.01404297] [0.98376936 0.01623069] [0.38226295 0.61773705] [0.5679931  0.43200687] [0.7776407  0.22235923] [0.7456533  0.25434673] [0.4754304  0.52456963] [0.17548913 0.8245109 ] [0.62211853 0.3778815 ] [0.97631204 0.0236879 ] [0.81430066 0.18569936] [0.40031636 0.59968364] [0.29917327 0.70082676] [0.08342735 0.9165727 ] [0.6109838  0.38901627] [0.92443377 0.07556617] [0.13780463 0.8621953 ] [0.9635394  0.03646062] [0.5543326 0.4456674] [0.699687   0.30031297] [0.49521872 0.5047813 ] [0.46446335 0.5355366 ] [0.08265182 0.9173482 ] [0.9866527  0.01334732] [0.96435654 0.03564337] [0.5333781  0.46662194] [0.5448624  0.45513752] [0.04394078 0.9560592 ] [0.7887299  0.21127003] [0.6200272  0.37997288] [0.28716674 0.7128332 ] [0.96646434 0.03353564] [0.8214759  0.17852409] [0.7013602  0.29863974] [0.4926073  0.50739276] [0.98573107 0.0142689 ] [0.9826052  0.01739474] [0.48431405 0.5156859 ] [0.9143399  0.08566011] [0.6793672  0.32063282] [0.8947566  0.10524336] [0.7144069 0.2855931] [0.37435308 0.6256468 ] [0.8876573  0.11234272] [0.9068939  0.09310607] [0.8241387 0.1758613] [0.67287385 0.32712618] [0.9387852  0.06121486] [0.66533464 0.33466545] [0.12079505 0.879205  ] [0.02893937 0.9710606 ] [0.9621328 0.0378672] [0.32850698 0.67149305] [0.8710935  0.12890652] [0.6433063 0.3566937] [0.9636933  0.03630675] [0.9160151  0.08398495] [0.2212596 0.7787404] [0.22914636 0.77085364] [0.8673492  0.13265072] [0.55129373 0.44870624] [0.4594748 0.5405252] [0.23931664 0.7606834 ] [0.09264636 0.90735364] [0.21667053 0.7833295 ] [0.98753023 0.01246981] [0.8187302  0.18126982] [0.56110436 0.43889567] [0.08997146 0.91002846] [0.12896605 0.8710339 ] [0.98198193 0.01801812] [0.901044   0.09895598] [0.99218905 0.00781094] [0.13519214 0.8648079 ] [0.9849562  0.01504385] [0.8966424  0.10335759] [0.53573054 0.46426946] [0.37665135 0.6233486 ] [0.6899865  0.31001344] [0.91046596 0.08953402] [0.36201954 0.6379805 ] [0.07555453 0.9244455 ] [0.9796141  0.02038591] [0.11730713 0.8826929 ] [0.8495841  0.15041593] [0.8875219  0.11247803] [0.1408408  0.85915923] [0.73573774 0.2642623 ],1 0 1 1 0 1 0 0 0 0 1 1 0 0 0 0 0 0 1 0 0 1 0 0 0 1 1 0 0 0 0 0 1 0 1 1 0 0 1 0 1 1 0 0 0 0 1 1 0 0 0 0 1 0 0 1 1 0 1 0 1 0 1 0 1 0 0 0 1 0 1 1 1 0 0 0 1 1 1 0 0 0 0 0 0 1 1 1 0 0 1 0 1 0 0 0 0 0 1 0 0 0 1 0 0 1 0 0 0 0 1 0 0 1 0 0 0 0 0 1 0 0 0 1 0 0 1 1 1 0 0 0 0 1 0 0 0 0 1 0 0 0 1 0 0 0 1 0 1 0 0 1 0
46921,0,realmlp,0.02,50,50,0.6558441558441559,0.5785185185185184,[0.80683976 0.19316022] [0.6556812  0.34431887] [0.60569614 0.39430386] [0.87542313 0.1245769 ] [0.8949469  0.10505312] [0.79934716 0.2006529 ] [0.78256285 0.2174372 ] [0.9305777  0.06942234] [0.93342566 0.06657433] [0.87157935 0.12842058] [0.9681073  0.03189268] [0.980394   0.01960594] [0.89517474 0.10482532] [0.91185933 0.08814063] [0.8814072  0.11859278] [0.65286684 0.3471332 ] [0.78912306 0.21087688] [0.911108   0.08889198] [0.8847696  0.11523037] [0.7589631  0.24103697] [0.9603867 0.0396133] [0.9347656  0.06523436] [0.98376346 0.01623651] [0.8693142  0.13068578] [0.91994685 0.08005311] [0.96052545 0.0394745 ] [0.8016452  0.19835474] [0.9556571  0.04434293] [0.9214399  0.07856016] [0.95385325 0.04614679] [0.9226279  0.07737204] [0.8451294  0.15487061] [0.8501841  0.14981599] [0.95555305 0.04444694] [0.65744054 0.34255946] [0.62892574 0.37107426] [0.892337   0.10766293] [0.94265443 0.05734565] [0.89495337 0.1050467 ] [0.95858413 0.04141593] [0.9073644  0.09263554] [0.8634548  0.13654512] [0.8623283  0.13767168] [0.9577623  0.04223768] [0.90859896 0.09140101] [0.9362208  0.06377911] [0.9423388  0.05766119] [0.96886593 0.03113406] [0.58501005 0.41498992] [0.9774485  0.02255149] [0.83665204 0.163348  ] [0.9325001  0.06749987] [0.70618147 0.2938185 ] [0.94477826 0.05522175] [0.9460507 0.0539493] [0.7058043  0.29419568] [0.9107256  0.08927444] [0.57478094 0.42521903] [0.80502903 0.19497098] [0.9390433  0.06095672] [0.55730855 0.44269153] [0.39368275 0.6063173 ] [0.7234787  0.27652135] [0.9111275  0.08887248] [0.9208347 0.0791653] [0.96889806 0.03110194] [0.87000793 0.129992  ] [0.8835447  0.11645535] [0.85090685 0.14909317] [0.62207806 0.37792194] [0.8006814  0.19931853] [0.8753985  0.12460141] [0.8896974  0.11030255] [0.93987614 0.06012382] [0.8124113  0.18758869] [0.92845553 0.07154445] [0.87264097 0.12735897] [0.9519814  0.04801856] [0.8425874 0.1574126] [0.8177375  0.18226251] [0.66037214 0.33962792] [0.913471   0.08652899] [0.8961743  0.10382576] [0.8841359  0.11586407] [0.93240166 0.06759838] [0.713466 0.286534] [0.8285701  0.17142987] [0.9447307  0.05526927] [0.7525714  0.24742861] [0.87350726 0.12649275] [0.92327654 0.07672345] [0.82191503 0.17808495] [0.9604476  0.03955244] [0.5966816  0.40331838] [0.93108827 0.06891174] [0.9669914  0.03300861] [0.79184455 0.20815544] [0.87085444 0.12914556] [0.874617   0.12538305] [0.8202579  0.17974208] [0.8606437  0.13935629] [0.9236107  0.07638935] [0.8792421  0.12075795] [0.94252753 0.05747244] [0.95410156 0.04589842] [0.8604928  0.13950722] [0.9607775  0.03922255] [0.9331133  0.06688678] [0.9709259  0.02907405] [0.8846485 0.1153515] [0.85225433 0.14774567] [0.54598457 0.45401543] [0.9555718 0.0444283] [0.54549086 0.45450914] [0.90358853 0.09641145] [0.85489166 0.14510839] [0.5488026  0.45119745] [0.85807943 0.14192055] [0.81408745 0.1859125 ] [0.7428269  0.25717312] [0.9032574  0.09674251] [0.92237014 0.07762988] [0.7860256  0.21397443] [0.7730267  0.22697333] [0.86096954 0.13903044] [0.76135254 0.23864752] [0.82016546 0.17983456] [0.93126684 0.06873312] [0.8192882  0.18071182] [0.9069392  0.09306081] [0.7425816 0.2574184] [0.65194833 0.34805167] [0.8791076  0.12089248] [0.8841711  0.11582891] [0.8525366  0.14746344] [0.9558652  0.04413482] [0.86205906 0.13794096] [0.9182669  0.08173305] [0.9486226  0.05137734] [0.82660514 0.17339484] [0.9169033  0.08309671] [0.75250816 0.24749182] [0.85587823 0.14412177] [0.94964314 0.05035686] [0.8359086  0.16409141] [0.897381   0.10261897] [0.7894645  0.21053554] [0.9443436  0.05565637] [0.90752566 0.09247435] [0.95194536 0.04805462] [0.8137607  0.18623927] [0.9211054  0.07889459] [0.9813354  0.01866456] [0.80306804 0.19693196],0 1 1 0 0 0 0 1 0 0 0 0 0 1 1 0 0 0 1 0 0 0 1 1 0 0 0 0 0 0 0 0 1 0 0 0 1 0 0 1 0 0 1 0 0 0 0 0 0 0 1 0 1 1 1 1 0 0 0 0 0 1 0 0 0 0 1 1 1 1 0 0 0 1 1 0 1 0 0 0 0 0 0 0 0 0 1 1 1 1 1 1 1 1 0 0 0 1 0 1 0 0 1 0 0 0 1 0 1 1 0 0 0 1 0 1 0 1 0 0 0 0 0 1 1 0 0 0 0 0 0 0 0 1 0 0 1 1 0 1 0 1 1 0 0 0 1 1 0 0 1 1 0 0
46921,1,realmlp,0.02,50,50,0.6688311688311688,0.6842592592592593,[0.60331446 0.39668554] [0.8460223 0.1539777] [0.96885383 0.0311461 ] [0.407645 0.592355] [0.6785322 0.3214678] [0.97453713 0.02546283] [0.07739512 0.9226049 ] [0.44179383 0.5582062 ] [0.35182652 0.64817345] [0.24941917 0.7505808 ] [0.80922645 0.19077356] [0.6674765  0.33252352] [0.95169145 0.04830854] [0.6583961  0.34160382] [0.710253 0.289747] [0.12190525 0.8780948 ] [0.8562407  0.14375928] [0.9410147  0.05898527] [0.12283845 0.8771615 ] [0.96147865 0.03852133] [0.68808377 0.3119163 ] [0.6325061  0.36749393] [0.86654896 0.13345106] [0.0562783  0.94372165] [0.8458035  0.15419653] [0.78088146 0.21911861] [0.11678053 0.8832194 ] [0.967992   0.03200803] [0.6572676  0.34273243] [0.5528     0.44720006] [0.12270118 0.8772988 ] [0.7887848 0.2112152] [0.23326118 0.76673883] [0.98562104 0.01437896] [0.9746037  0.02539635] [0.51692855 0.48307142] [0.88736    0.11263998] [0.95338213 0.04661786] [0.5328222  0.46717778] [0.88821745 0.11178257] [0.90120715 0.09879288] [0.30567497 0.694325  ] [0.42951503 0.570485  ] [0.8159751  0.18402489] [0.8920326  0.10796741] [0.815755   0.18424493] [0.82861054 0.17138948] [0.98090047 0.01909952] [0.9693657  0.03063431] [0.3698293 0.6301707] [0.95151675 0.04848323] [0.99516785 0.00483211] [0.574298   0.42570204] [0.9464137  0.05358623] [0.99101746 0.00898258] [0.3779775 0.6220225] [0.30783817 0.6921618 ] [0.69785756 0.30214244] [0.9348894  0.06511062] [0.8688128  0.13118728] [0.93963414 0.0603659 ] [0.68611 0.31389] [0.6416275  0.35837257] [0.35434997 0.64565   ] [0.82171136 0.17828864] [0.7913389  0.20866108] [0.9272916  0.07270847] [0.17057201 0.82942796] [0.4773287 0.5226712] [0.2267715 0.7732285] [0.39027837 0.6097216 ] [0.76989865 0.23010129] [0.6342989 0.3657011] [0.85020506 0.14979495] [0.8934275  0.10657244] [0.8706142  0.12938581] [0.98534167 0.01465825] [0.893536   0.10646395] [0.91682553 0.08317447] [0.83498156 0.16501848] [0.43591124 0.56408876] [0.96629304 0.03370697] [0.94921064 0.05078944] [0.10920686 0.89079314] [0.8828162  0.11718374] [0.50477374 0.4952262 ] [0.88073266 0.1192673 ] [0.3382092 0.6617908] [0.6334418  0.36655813] [0.2710863  0.72891366] [0.9218605  0.07813943] [0.77055436 0.22944565] [0.98452365 0.0154764 ] [0.87033653 0.1296635 ] [0.643855   0.35614505] [0.5857865 0.4142135] [0.7608353  0.23916472] [0.561244   0.43875593] [0.6474194  0.35258055] [0.68099755 0.3190025 ] [0.7088629  0.29113704] [0.7641372 0.2358628] [0.10926754 0.8907324 ] [0.6931033  0.30689666] [0.9814441  0.01855593] [0.37306464 0.62693536] [0.85509884 0.14490111] [0.95578057 0.04421945] [0.22559926 0.7744008 ] [0.92930883 0.07069111] [0.8564679  0.14353213] [0.98668694 0.01331305] [0.6642702 0.3357298] [0.6580629  0.34193715] [0.31055552 0.68944454] [0.40985507 0.59014493] [0.898893   0.10110704] [0.77608037 0.22391956] [0.88891715 0.11108284] [0.9971192  0.00288081] [0.4287104  0.57128966] [0.5194552  0.48054478] [0.58956677 0.41043326] [0.87782764 0.12217237] [0.95356494 0.04643508] [0.38348803 0.616512  ] [0.97215605 0.02784402] [0.8701502  0.12984987] [0.97972083 0.02027917] [0.26679927 0.7332007 ] [0.6770349 0.3229651] [0.02913483 0.9708652 ] [0.5763584  0.42364162] [0.9725779  0.02742211] [0.47886825 0.52113175] [0.30630603 0.69369394] [0.815098   0.18490201] [0.75570774 0.24429232] [0.92014414 0.07985592] [0.92229795 0.07770208] [0.966349   0.03365099] [0.12252647 0.8774735 ] [0.60081863 0.39918143] [0.98362505 0.01637498] [0.7217116  0.27828842] [0.85809976 0.14190024] [0.97631866 0.02368132] [0.9048848  0.09511513] [0.9672925  0.03270753] [0.8801068  0.11989316] [0.87263554 0.12736444] [0.7861187  0.21388127] [0.9851496  0.01485036] [0.6385158  0.36148426],1 0 0 1 0 0 1 1 1 1 1 0 1 1 0 0 1 0 1 0 0 0 1 1 0 1 0 0 1 1 1 1 0 0 0 0 0 0 0 0 1 0 0 1 0 1 1 0 0 0 0 0 1 0 0 0 0 0 1 0 1 0 0 1 0 0 0 1 0 1 0 0 1 0 0 0 0 0 0 1 0 0 1 0 0 0 0 1 0 0 1 0 0 0 0 1 0 0 0 0 0 0 1 0 0 0 1 0 0 1 0 1 0 1 1 1 0 0 0 0 0 0 0 1 0 1 0 0 1 1 1 1 1 0 0 1 0 1 0 0 0 1 1 0 1 0 0 0 0 0 0 0 0 1
46921,2,realmlp,0.02,50,50,0.7012987012987013,0.7014814814814815,[0.50351375 0.49648622] [0.59485936 0.40514067] [0.9689631  0.03103695] [0.95492345 0.04507651] [0.9143554  0.08564462] [0.4519153 0.5480847] [0.819476   0.18052399] [0.5054442  0.49455574] [0.88492614 0.11507387] [0.15736945 0.84263057] [0.8290747  0.17092533] [0.87079674 0.1292032 ] [0.95581967 0.04418034] [0.7431896 0.2568105] [0.05712626 0.9428737 ] [0.32309 0.67691] [0.6815671 0.318433 ] [0.7442191  0.25578085] [0.5550977 0.4449022] [0.7503211  0.24967888] [0.08570374 0.91429627] [0.75515735 0.24484265] [0.5719678  0.42803213] [0.7744072  0.22559278] [0.9257095  0.07429048] [0.9959941  0.00400587] [0.9331493  0.06685075] [0.17193845 0.8280616 ] [0.9741823  0.02581767] [0.8593003  0.14069968] [0.3749095  0.62509054] [0.3036463 0.6963537] [0.608642   0.39135802] [0.9324708  0.06752919] [0.27518418 0.7248158 ] [0.9704899  0.02951006] [0.38843954 0.6115605 ] [0.9823438 0.0176562] [0.04803953 0.95196044] [0.97226936 0.02773063] [0.9045518  0.09544818] [0.35431346 0.6456865 ] [0.46624863 0.53375137] [0.9463172  0.05368284] [0.03792214 0.96207786] [0.8739711  0.12602887] [0.8486845  0.15131548] [0.64014065 0.35985935] [0.6041181  0.39588192] [0.5391555  0.46084455] [0.18333647 0.81666356] [0.7448905  0.25510958] [0.66403776 0.3359622 ] [0.972274   0.02772598] [0.8732876  0.12671235] [0.9807983  0.01920165] [0.29319677 0.70680326] [0.43446726 0.56553274] [0.91175735 0.08824261] [0.74717975 0.25282022] [0.8451749 0.1548251] [0.1762244 0.8237756] [0.8780284  0.12197153] [0.80955255 0.19044745] [0.9354777  0.06452229] [0.99041206 0.00958798] [0.16473329 0.8352667 ] [0.29977933 0.70022076] [0.9211801 0.0788199] [0.75504655 0.2449534 ] [0.11379544 0.8862045 ] [0.04968045 0.95031947] [0.00955499 0.990445  ] [0.9772003  0.02279968] [0.8684821  0.13151786] [0.7513398  0.24866022] [0.92736363 0.07263632] [0.3795193 0.6204807] [0.8726237  0.12737635] [0.8845722  0.11542779] [0.8499045 0.1500956] [0.0752326  0.92476743] [0.85960674 0.14039333] [0.9602551  0.03974494] [0.8936695  0.10633051] [0.44878197 0.55121803] [0.5088418  0.49115828] [0.5278754  0.47212458] [0.87468064 0.12531935] [0.5810573  0.41894275] [0.90390414 0.09609584] [0.97649014 0.02350982] [0.5717941  0.42820594] [0.96667415 0.03332588] [0.05478312 0.9452169 ] [0.4247184  0.57528156] [0.79711473 0.2028853 ] [0.94380385 0.05619615] [0.9056476  0.09435237] [0.984855   0.01514492] [0.96900123 0.03099878] [0.9647217  0.03527836] [0.8906247  0.10937531] [0.15496649 0.8450335 ] [0.9789185  0.02108151] [0.7853852  0.21461485] [0.8101441  0.18985595] [0.98110926 0.01889068] [0.832397   0.16760299] [0.8189413  0.18105869] [0.91133666 0.08866332] [0.5420813  0.45791876] [0.8884337 0.1115663] [0.07084203 0.929158  ] [0.8980214  0.10197864] [0.66091293 0.3390871 ] [0.43054867 0.5694514 ] [0.06127039 0.93872964] [0.96343863 0.03656143] [0.55219674 0.4478033 ] [0.21523672 0.7847633 ] [0.9296788  0.07032125] [0.23273847 0.7672615 ] [0.42335886 0.5766412 ] [0.9415537  0.05844634] [0.27954355 0.72045636] [0.8257818  0.17421818] [0.6721159  0.32788414] [0.54338455 0.45661545] [0.9731424  0.02685766] [0.91016    0.08983996] [0.7006133  0.29938665] [0.9856588 0.0143412] [0.32507816 0.6749219 ] [0.6636035  0.33639643] [0.97479206 0.02520797] [0.51667047 0.48332956] [0.61499673 0.3850033 ] [0.92162603 0.07837401] [0.9583641  0.04163587] [0.74311167 0.2568883 ] [0.72786075 0.27213928] [0.92855793 0.07144208] [0.917838   0.08216202] [0.7616843  0.23831575] [0.3660564 0.6339436] [0.7836763  0.21632361] [0.9418069  0.05819314] [0.91682124 0.08317874] [0.7666029  0.23339714] [0.27764034 0.72235966] [0.81657636 0.18342362] [0.62065893 0.37934104] [0.20306934 0.7969306 ],1 0 1 0 0 1 1 0 0 1 0 0 0 0 1 1 0 1 0 1 1 0 1 0 0 0 1 0 0 0 0 1 0 0 1 0 1 0 0 0 0 0 1 1 1 0 0 0 0 0 1 0 0 0 0 0 0 0 0 0 1 1 0 0 0 0 1 0 1 0 0 1 1 0 0 1 0 0 1 0 0 1 1 1 1 0 0 0 0 1 0 0 1 0 1 1 1 1 0 0 0 0 0 1 0 0 0 0 0 0 0 0 0 1 0 1 0 0 0 0 0 0 0 0 0 1 0 1 1 0 1 1 1 1 0 0 1 0 0 0 1 0 1 0 0 0 0 1 0 1 1 0 0 1
46921,3,realmlp,0.02,50,50,0.6928104575163399,0.6986792452830188,[0.96734047 0.0326595 ] [0.8636312  0.13636877] [0.46840835 0.5315916 ] [0.8643494  0.13565058] [0.9792037 0.0207963] [0.03291    0.96708995] [0.7292219 0.2707782] [0.6222851  0.37771484] [0.47085333 0.5291467 ] [0.89778525 0.10221478] [0.8142439  0.18575606] [0.06254764 0.9374524 ] [0.9432028  0.05679723] [0.99894077 0.00105919] [0.9669334 0.0330665] [0.19077672 0.80922323] [0.98662657 0.01337343] [0.8199587  0.18004127] [0.41219157 0.58780843] [0.32912642 0.67087364] [0.9155726 0.0844274] [0.87746406 0.12253599] [0.47109085 0.5289092 ] [0.23898043 0.7610196 ] [0.28264007 0.7173599 ] [0.13352099 0.86647904] [0.84491223 0.15508774] [0.19581588 0.80418414] [0.9050908  0.09490921] [0.7157157  0.28428432] [0.7507061  0.24929392] [0.73720664 0.2627934 ] [0.8121616  0.18783833] [0.6617662  0.33823386] [0.7956667 0.2043333] [0.64357495 0.35642508] [0.9699407  0.03005926] [0.7802584  0.21974155] [0.02982713 0.97017294] [0.9314912  0.06850886] [0.3158063 0.6841937] [0.97340924 0.02659078] [0.99050844 0.00949155] [0.4035543 0.5964457] [0.83861536 0.16138467] [0.69823766 0.30176225] [0.8811361 0.1188639] [0.19962375 0.80037624] [0.9951265  0.00487354] [0.9825415  0.01745851] [0.99156016 0.00843978] [0.98507684 0.01492313] [0.9784252  0.02157482] [0.36057457 0.6394254 ] [0.5518283 0.4481717] [0.9476514  0.05234867] [0.9200291  0.07997087] [0.63009953 0.36990047] [0.08163622 0.91836375] [0.8956048  0.10439522] [0.07938782 0.92061216] [0.38109535 0.61890465] [0.86104184 0.13895814] [0.9769711  0.02302888] [0.9616622  0.03833779] [0.60239375 0.3976062 ] [0.6877463  0.31225374] [0.45150462 0.5484954 ] [0.99143934 0.0085607 ] [0.9599396  0.04006037] [0.7794548  0.22054525] [0.327888   0.67211205] [0.26389733 0.73610264] [0.5607626  0.43923742] [0.9602941  0.03970591] [0.9952118  0.00478829] [0.95013887 0.04986107] [0.32248744 0.6775125 ] [0.9910847  0.00891533] [0.33126825 0.66873175] [0.44474596 0.55525404] [0.03309235 0.9669076 ] [0.9367851  0.06321488] [0.9129108  0.08708913] [0.6788703  0.32112962] [0.6682605 0.3317395] [0.5790445 0.4209555] [0.8184041  0.18159597] [0.15497786 0.8450222 ] [0.6618153  0.33818474] [0.9912999  0.00870009] [0.1879809 0.8120191] [0.99324375 0.0067562 ] [0.9357224 0.0642776] [0.99747413 0.00252584] [0.03953651 0.96046346] [0.8713693  0.12863065] [0.57008183 0.4299182 ] [0.5242961  0.47570384] [0.5853406 0.4146594] [0.6868604 0.3131396] [0.6177701 0.3822299] [0.90986323 0.0901367 ] [0.27705222 0.72294784] [0.30857766 0.69142234] [0.8467549  0.15324512] [0.9801933  0.01980671] [0.72881484 0.2711851 ] [0.63652515 0.36347482] [0.36554524 0.6344548 ] [0.63623816 0.3637618 ] [0.5400045  0.45999554] [0.93739235 0.06260759] [0.74156636 0.25843367] [0.99455065 0.00544931] [0.91301227 0.08698769] [0.36083737 0.6391626 ] [0.7415559 0.2584441] [0.49225637 0.5077436 ] [0.8062622  0.19373779] [0.6514626  0.34853733] [0.9454181  0.05458182] [0.95964587 0.04035416] [0.7904859  0.20951405] [0.98891515 0.0110849 ] [0.91253614 0.08746383] [0.28324798 0.71675205] [0.02876826 0.9712317 ] [0.8905412  0.10945878] [0.9657298  0.03427019] [0.5929156  0.40708444] [0.04583093 0.9541691 ] [0.7729243  0.22707567] [0.7443639 0.2556361] [0.94202876 0.05797121] [0.7225742 0.2774258] [0.9479908  0.05200925] [0.6048542 0.3951458] [0.27931365 0.7206863 ] [0.31495684 0.68504316] [0.38594738 0.6140526 ] [0.2600461 0.739954 ] [0.7452775  0.25472248] [0.6665182  0.33348182] [0.730061   0.26993898] [0.7424612 0.2575388] [0.903359   0.09664105] [0.9125112  0.08748873] [0.95849127 0.04150871] [0.31475446 0.6852455 ] [0.37633684 0.6236631 ] [0.5147147  0.48528534] [0.92426074 0.07573928],0 1 1 0 1 1 0 0 1 1 0 0 0 0 0 0 0 1 0 1 1 1 1 1 0 1 0 0 0 0 0 1 0 0 1 0 0 0 1 0 0 0 0 0 0 0 1 0 1 0 0 0 0 0 1 0 1 0 1 0 1 0 0 0 0 0 0 0 1 0 0 0 1 0 0 0 0 1 0 1 1 1 0 0 0 0 1 0 1 1 0 0 0 0 0 0 1 1 0 0 1 0 0 0 0 0 0 1 1 1 0 1 1 0 0 0 1 0 1 1 1 0 0 1 0 0 1 1 0 0 0 1 0 0 0 0 0 0 1 0 0 1 1 0 0 1 0 1 0 1 0 0 0
46921,4,realmlp,0.02,50,50,0.6405228758169934,0.6269811320754717,[0.62935317 0.3706468 ] [0.9301588  0.06984121] [0.10374559 0.8962544 ] [0.76433396 0.23566599] [0.7935395  0.20646043] [0.14327694 0.85672307] [0.77452666 0.22547331] [0.7554579  0.24454215] [0.5593559  0.44064412] [0.94728667 0.05271329] [0.5177803 0.4822198] [0.35387126 0.6461287 ] [0.89611626 0.10388376] [0.7674614  0.23253864] [0.77921355 0.22078648] [0.17602961 0.8239703 ] [0.48712704 0.512873  ] [0.7212452  0.27875474] [0.62351143 0.37648854] [0.76645166 0.23354839] [0.8965354  0.10346466] [0.87562215 0.12437791] [0.3707608 0.6292392] [0.976917   0.02308295] [0.8673289  0.13267116] [0.80303967 0.1969603 ] [0.2043112 0.7956888] [0.61386925 0.38613075] [0.5113531  0.48864695] [0.61788064 0.38211945] [0.3452524 0.6547476] [0.987428   0.01257192] [0.86664116 0.13335879] [0.6679415  0.33205852] [0.9183623  0.08163773] [0.7402438  0.25975618] [0.73069143 0.26930854] [0.10500318 0.89499676] [0.51762354 0.48237652] [0.98590964 0.01409036] [0.17400052 0.8259995 ] [0.87577343 0.12422656] [0.73159087 0.26840916] [0.7016036  0.29839644] [0.69937474 0.30062526] [0.78893274 0.21106733] [0.63868064 0.36131936] [0.6784878  0.32151222] [0.93782    0.06217996] [0.7093205  0.29067945] [0.8407303  0.15926969] [0.93952066 0.06047932] [0.30578446 0.69421554] [0.4939007  0.50609934] [0.88489753 0.11510247] [0.62818146 0.3718185 ] [0.1385483 0.8614517] [0.5919482  0.40805173] [0.2111998  0.78880024] [0.84108955 0.15891054] [0.93273324 0.06726675] [0.5625697  0.43743032] [0.5945109  0.40548906] [0.8381658  0.16183421] [0.61557895 0.38442108] [0.9736873  0.02631273] [0.77108854 0.22891149] [0.70670223 0.2932977 ] [0.89495325 0.1050467 ] [0.8115707  0.18842931] [0.4561083 0.5438918] [0.73899794 0.2610021 ] [0.28490975 0.7150903 ] [0.77665156 0.22334845] [0.98266625 0.01733375] [0.37917423 0.62082577] [0.96600705 0.03399297] [0.31346896 0.686531  ] [0.7233597 0.2766403] [0.3640386 0.6359614] [0.6587909 0.3412091] [0.8526533  0.14734663] [0.6192416  0.38075846] [0.14873832 0.8512616 ] [0.58895755 0.41104242] [0.77485657 0.22514343] [0.45626128 0.54373866] [0.39490807 0.605092  ] [0.93216956 0.06783044] [0.82497287 0.17502718] [0.7176839 0.2823161] [0.63368356 0.36631644] [0.7431321  0.25686792] [0.8017005  0.19829957] [0.6820747  0.31792527] [0.5567046  0.44329545] [0.85386246 0.14613755] [0.70861906 0.29138097] [0.20698221 0.7930178 ] [0.666336   0.33366403] [0.749449   0.25055102] [0.8978893  0.10211065] [0.8999035  0.10009649] [0.24289523 0.75710475] [0.36867282 0.6313272 ] [0.6740605  0.32593945] [0.25116402 0.74883604] [0.9345067  0.06549332] [0.5828511  0.41714892] [0.8169932  0.18300684] [0.54583013 0.4541699 ] [0.21621753 0.78378254] [0.966204   0.03379608] [0.90984046 0.09015954] [0.23731555 0.76268446] [0.03464546 0.96535456] [0.9823486  0.01765138] [0.665241   0.33475894] [0.82608265 0.17391735] [0.18873903 0.811261  ] [0.9769025  0.02309747] [0.49415874 0.50584126] [0.6285833  0.37141663] [0.7781939  0.22180615] [0.8081378 0.1918623] [0.23369923 0.7663008 ] [0.04515615 0.9548439 ] [0.5764059  0.42359412] [0.5160729  0.48392707] [0.8225743  0.17742565] [0.44316688 0.55683315] [0.6345351  0.36546496] [0.5445804 0.4554196] [0.08676284 0.9132372 ] [0.12898727 0.87101275] [0.55565083 0.44434917] [0.56742305 0.43257695] [0.9137518  0.08624815] [0.3611561 0.6388439] [0.8785561  0.12144388] [0.22214271 0.77785736] [0.1360534 0.8639466] [0.5181395  0.48186046] [0.644826   0.35517398] [0.5113601  0.48863992] [0.5584407  0.44155928] [0.7501522 0.2498478] [0.960357 0.039643] [0.7322221  0.26777792] [0.9296693  0.07033067] [0.70087355 0.29912642] [0.1940169  0.80598307] [0.7263512  0.27364877],1 0 1 1 0 1 0 0 0 0 1 1 0 0 0 0 0 0 1 0 0 1 0 0 0 1 1 0 0 0 0 0 1 0 1 1 0 0 1 0 1 1 0 0 0 0 1 1 0 0 0 0 1 0 0 1 1 0 1 0 1 0 1 0 1 0 0 0 1 0 1 1 1 0 0 0 1 1 1 0 0 0 0 0 0 1 1 1 0 0 1 0 1 0 0 0 0 0 1 0 0 0 1 0 0 1 0 0 0 0 1 0 0 1 0 0 0 0 0 1 0 0 0 1 0 0 1 1 1 0 0 0 0 1 0 0 0 0 1 0 0 0 1 0 0 0 1 0 1 0 0 1 0
46921,0,realmlp,0.02,500,500,0.7142857142857143,0.7657407407407407,[0.8324115  0.16758844] [0.20368108 0.7963189 ] [0.7678118  0.23218818] [0.7409386  0.25906143] [0.874816 0.125184] [0.8919112  0.10808876] [0.9695479  0.03045212] [0.9743736  0.02562639] [0.9597137  0.04028633] [0.9953661  0.00463394] [0.85564756 0.14435239] [0.92670894 0.07329104] [0.97040683 0.02959322] [0.42625663 0.5737434 ] [0.9239995  0.07600045] [0.7642181  0.23578191] [0.94815284 0.05184713] [0.9955705  0.00442956] [0.8593237  0.14067635] [0.3690383 0.6309617] [0.9342365 0.0657635] [0.8885262  0.11147373] [0.29257205 0.7074279 ] [0.9897927  0.01020731] [0.99765897 0.00234101] [0.99635637 0.00364367] [0.96512944 0.03487052] [0.9463832  0.05361684] [0.99283046 0.00716953] [0.261325   0.73867506] [0.96771497 0.03228499] [0.96817523 0.0318248 ] [0.11697984 0.8830201 ] [0.98114634 0.01885361] [0.99707115 0.00292882] [0.99717605 0.00282396] [0.9477716  0.05222837] [0.9730223  0.02697772] [0.9746653  0.02533468] [0.28368333 0.71631664] [0.915438   0.08456196] [0.97839063 0.0216093 ] [0.6325687 0.3674313] [0.55587596 0.44412413] [0.98322356 0.01677643] [0.85166734 0.14833272] [0.9965622  0.00343782] [0.9955236  0.00447644] [0.96224713 0.03775279] [0.98932356 0.01067646] [0.77677834 0.22322167] [9.9917006e-01 8.2993472e-04] [0.5279599  0.47204015] [0.97978437 0.02021568] [0.77862185 0.22137813] [0.9520874  0.04791257] [0.99641293 0.00358704] [0.8990881  0.10091193] [0.9767074  0.02329261] [0.9772059  0.02279412] [0.9922863  0.00771363] [0.12909253 0.8709075 ] [0.99707603 0.00292392] [0.93585247 0.06414758] [0.9559691  0.04403087] [0.95304245 0.04695759] [0.5921538 0.4078462] [0.43295968 0.5670404 ] [0.9182234  0.08177661] [0.9409783  0.05902173] [0.97843003 0.02157001] [0.55284774 0.4471523 ] [0.9794016  0.02059835] [0.86136293 0.138637  ] [0.9971974  0.00280264] [0.9226919  0.07730807] [0.64205277 0.35794726] [0.8986569  0.10134308] [0.9933711  0.00662882] [0.9894749  0.01052506] [0.99750096 0.00249899] [0.99703026 0.00296967] [0.96758825 0.03241171] [0.9723751  0.02762488] [0.95542735 0.04457266] [0.9890449  0.01095511] [0.9601433 0.0398567] [0.9341343  0.06586572] [0.8018457  0.19815424] [0.6607538  0.33924618] [0.9083459  0.09165411] [0.887445   0.11255501] [0.9968182  0.00318183] [0.06804553 0.9319545 ] [0.984324   0.01567598] [0.9967951  0.00320488] [0.9248268  0.07517319] [0.46377796 0.53622204] [0.99638724 0.00361281] [0.9902824  0.00971763] [0.9858765  0.01412355] [0.99483126 0.00516879] [0.8192139  0.18078606] [0.97777826 0.02222179] [0.9094115  0.09058852] [0.9357061  0.06429391] [0.98601276 0.01398729] [0.96714884 0.03285113] [0.39862698 0.60137296] [0.97337025 0.02662977] [0.9554877  0.04451228] [0.9305452  0.06945483] [0.971894   0.02810598] [0.94402033 0.05597971] [0.92607296 0.07392707] [0.994055   0.00594505] [0.99397486 0.00602514] [0.9699028  0.03009721] [0.99797183 0.00202811] [0.9559917  0.04400827] [0.9911972  0.00880277] [0.95379394 0.04620606] [0.97064203 0.02935797] [0.9906641 0.0093359] [0.61113036 0.38886964] [0.9265113  0.07348873] [0.99560034 0.00439967] [0.963515   0.03648499] [0.99496293 0.00503713] [0.76217306 0.23782694] [0.9631612 0.0368388] [0.98611534 0.01388472] [0.9428192  0.05718081] [0.94659835 0.05340159] [0.93282866 0.06717139] [0.99819773 0.00180224] [0.45407945 0.5459206 ] [0.9169585  0.08304142] [0.9952212 0.0047788] [0.31087422 0.68912584] [0.9953778  0.00462221] [0.9910274  0.00897259] [0.80226463 0.19773543] [0.98959166 0.01040836] [0.9950989  0.00490108] [0.9904563  0.00954376] [0.9769587  0.02304127] [0.88834214 0.11165788] [0.9983504  0.00164965] [0.9825133  0.01748674] [0.87379825 0.12620173] [0.8444575  0.15554246] [0.9985468 0.0014532] [0.987889   0.01211098],0 1 1 0 0 0 0 1 0 0 0 0 0 1 1 0 0 0 1 0 0 0 1 1 0 0 0 0 0 0 0 0 1 0 0 0 1 0 0 1 0 0 1 0 0 0 0 0 0 0 1 0 1 1 1 1 0 0 0 0 0 1 0 0 0 0 1 1 1 1 0 0 0 1 1 0 1 0 0 0 0 0 0 0 0 0 1 1 1 1 1 1 1 1 0 0 0 1 0 1 0 0 1 0 0 0 1 0 1 1 0 0 0 1 0 1 0 1 0 0 0 0 0 1 1 0 0 0 0 0 0 0 0 1 0 0 1 1 0 1 0 1 1 0 0 0 1 1 0 0 1 1 0 0
46921,1,realmlp,0.02,500,500,0.7272727272727273,0.7696296296296297,[0.81175643 0.18824358] [0.9217791  0.07822098] [0.88524514 0.11475482] [0.23827167 0.76172835] [0.8837923  0.11620776] [0.9955556  0.00444441] [0.0986786  0.90132135] [0.9319548  0.06804521] [0.8019136  0.19808637] [0.09487271 0.9051272 ] [0.01689353 0.9831065 ] [0.91398376 0.08601617] [0.9763648  0.02363525] [0.21847475 0.7815253 ] [0.6313883 0.3686117] [0.28367454 0.71632546] [0.9055642  0.09443579] [0.9763175  0.02368247] [0.08675168 0.91324836] [0.99403375 0.00596621] [0.9620472  0.03795276] [0.9242589  0.07574108] [0.9768152  0.02318475] [0.18343149 0.8165685 ] [0.97191614 0.02808391] [0.07116906 0.928831  ] [0.88656735 0.11343263] [0.09320061 0.9067994 ] [0.86954254 0.13045748] [0.21893047 0.7810695 ] [0.05199217 0.94800776] [0.04998654 0.9500134 ] [0.78992033 0.21007966] [0.9473916  0.05260838] [0.9044557  0.09554427] [0.9156965  0.08430347] [0.8903682  0.10963172] [0.6718681  0.32813188] [0.211795   0.78820497] [0.99762803 0.00237201] [0.88168997 0.11831004] [0.11628173 0.88371825] [0.58203053 0.4179695 ] [0.59490204 0.40509793] [0.9415734  0.05842664] [0.18081677 0.8191832 ] [0.19696075 0.80303925] [0.995246   0.00475399] [0.9944983  0.00550168] [0.8818194  0.11818061] [0.91845924 0.08154072] [0.99591273 0.00408728] [0.57443047 0.42556953] [0.99301153 0.00698851] [0.9159967  0.08400325] [0.4620565 0.5379435] [0.83550274 0.16449724] [0.11894585 0.8810541 ] [0.2533278  0.74667215] [0.77       0.22999994] [0.48287314 0.5171269 ] [0.77248734 0.22751261] [0.15451206 0.8454879 ] [0.09398067 0.9060193 ] [0.5697321 0.4302679] [0.37411729 0.6258827 ] [0.99057215 0.00942782] [0.80081254 0.19918746] [0.5534787 0.4465213] [0.08744226 0.91255766] [0.88353115 0.11646883] [0.94200665 0.05799328] [0.93870753 0.06129245] [0.9872206  0.01277937] [0.50823444 0.4917656 ] [0.94616693 0.05383313] [0.99840766 0.00159241] [0.9820947  0.01790528] [0.9861718  0.01382822] [0.913364   0.08663599] [0.6400199  0.35998014] [0.9680053  0.03199473] [0.48858193 0.5114181 ] [0.6415773  0.35842273] [0.8899703  0.11002973] [0.9487233  0.05127661] [0.9105939  0.08940604] [0.83844763 0.16155244] [0.9761395  0.02386048] [0.6244155 0.3755845] [0.88631266 0.11368731] [0.44049746 0.55950254] [0.9595038  0.04049617] [0.9125087  0.08749121] [0.98970276 0.01029724] [0.6437905 0.3562095] [0.98428476 0.01571522] [0.65635276 0.34364733] [0.9671907 0.0328094] [0.93295944 0.06704057] [0.8145523  0.18544774] [0.9391567  0.06084326] [0.01413071 0.9858693 ] [0.89868    0.10132002] [0.9496509  0.05034912] [0.6656085 0.3343915] [0.9980562  0.00194389] [0.9510212  0.04897879] [0.11708491 0.8829151 ] [0.88921857 0.1107814 ] [0.44652018 0.55347985] [0.9050783  0.09492168] [0.42099857 0.57900137] [0.8473412  0.15265886] [0.0373589 0.9626411] [0.8262634  0.17373663] [0.92791307 0.07208694] [0.40109617 0.59890383] [0.9652727  0.03472728] [0.99717474 0.00282528] [0.9055555  0.09444454] [0.940971   0.05902892] [0.7963814  0.20361856] [0.08542535 0.9145747 ] [0.32596523 0.6740348 ] [0.01543339 0.9845666 ] [0.9086084  0.09139163] [0.9087608  0.09123919] [0.9930929  0.00690716] [0.5995299  0.40047008] [0.20107228 0.79892766] [0.20397882 0.79602116] [0.20039493 0.7996051 ] [0.9653544  0.03464563] [0.03587471 0.9641253 ] [0.6623372 0.3376628] [0.95252895 0.04747104] [0.4146742 0.5853258] [0.11867618 0.8813239 ] [0.97381365 0.02618638] [0.9850311  0.01496882] [0.04154082 0.95845914] [0.54349715 0.4565028 ] [0.99795204 0.00204795] [0.21399473 0.78600526] [0.9338092  0.06619079] [0.96024925 0.03975068] [0.97955793 0.0204421 ] [0.99377453 0.00622551] [0.9618526  0.03814736] [0.51691425 0.48308578] [0.99430275 0.00569725] [0.92957526 0.0704247 ] [0.84765995 0.15234004],1 0 0 1 0 0 1 1 1 1 1 0 1 1 0 0 1 0 1 0 0 0 1 1 0 1 0 0 1 1 1 1 0 0 0 0 0 0 0 0 1 0 0 1 0 1 1 0 0 0 0 0 1 0 0 0 0 0 1 0 1 0 0 1 0 0 0 1 0 1 0 0 1 0 0 0 0 0 0 1 0 0 1 0 0 0 0 1 0 0 1 0 0 0 0 1 0 0 0 0 0 0 1 0 0 0 1 0 0 1 0 1 0 1 1 1 0 0 0 0 0 0 0 1 0 1 0 0 1 1 1 1 1 0 0 1 0 1 0 0 0 1 1 0 1 0 0 0 0 0 0 0 0 1
46921,2,realmlp,0.02,500,500,0.7142857142857143,0.8074074074074074,[0.694786   0.30521396] [0.925509   0.07449104] [0.92324907 0.07675095] [0.82286125 0.1771387 ] [0.70401627 0.2959837 ] [0.3626021  0.63739794] [0.9131887  0.08681126] [0.98640674 0.01359323] [0.25649598 0.74350405] [0.9284425  0.07155755] [0.9306192  0.06938083] [0.18132603 0.8186739 ] [0.9942979  0.00570206] [0.93350154 0.0664985 ] [0.8399239  0.16007616] [0.03457877 0.96542126] [0.996451   0.00354899] [0.3043936  0.69560635] [0.92850846 0.07149155] [0.88365495 0.11634501] [0.5781094  0.42189065] [0.79932857 0.20067139] [0.04122913 0.95877093] [0.92564034 0.07435974] [0.868983   0.13101701] [0.99897504 0.00102503] [0.9350771  0.06492297] [0.09830441 0.90169555] [0.9841871  0.01581279] [0.9616261  0.03837387] [0.8071609 0.1928391] [0.05610933 0.94389075] [0.73462856 0.26537144] [0.9976241  0.00237585] [0.9012086  0.09879148] [0.94941753 0.05058251] [0.5894033 0.4105968] [0.92956865 0.07043137] [0.39427048 0.6057295 ] [0.9956892  0.00431075] [0.8835552  0.11644486] [0.7782349  0.22176506] [0.2951998 0.7048002] [0.73810774 0.26189223] [0.09247166 0.9075283 ] [0.79288894 0.20711106] [0.96980995 0.03019008] [0.99333537 0.00666464] [0.98497206 0.01502792] [0.71685886 0.2831411 ] [0.11321458 0.88678545] [0.94510996 0.05489005] [0.38603297 0.613967  ] [0.928672   0.07132802] [0.96452963 0.03547032] [0.9944688  0.00553118] [0.45986715 0.5401329 ] [0.09162674 0.90837324] [0.979711   0.02028894] [0.9130116  0.08698837] [0.6277752 0.3722248] [0.17023067 0.8297694 ] [0.79765826 0.20234172] [0.9748394  0.02516058] [0.9860999  0.01390008] [0.99235827 0.00764177] [0.10062767 0.8993724 ] [0.9602885  0.03971149] [0.698113   0.30188692] [0.8575304  0.14246951] [0.7610164  0.23898357] [0.32737198 0.67262805] [0.21087092 0.7891291 ] [0.9312641  0.06873597] [0.07036719 0.92963284] [0.9079485  0.09205151] [0.9732862  0.02671377] [0.616524 0.383476] [0.9840708  0.01592919] [0.9575431  0.04245695] [0.9476888  0.05231115] [0.53624773 0.46375224] [0.85613906 0.14386097] [0.9598521  0.04014788] [0.5147342 0.4852658] [0.99021685 0.00978315] [0.99608994 0.00391004] [0.96475327 0.03524671] [0.9403513  0.05964871] [0.2729022  0.72709787] [0.9317405  0.06825951] [0.8225995  0.17740048] [0.953428   0.04657211] [0.82816905 0.17183092] [0.5045496 0.4954504] [0.7160177 0.2839823] [0.04157212 0.95842785] [0.87184566 0.12815426] [0.9676925  0.03230754] [0.94389415 0.0561059 ] [0.9892238  0.01077618] [0.9661867  0.03381324] [0.9756374 0.0243627] [0.02140009 0.97859985] [0.996117 0.003883] [0.8727546  0.12724547] [0.9072721  0.09272788] [0.98882246 0.01117755] [0.99167013 0.00832991] [0.8874166  0.11258338] [0.91499615 0.08500385] [0.9068293  0.09317075] [0.99740463 0.00259538] [0.33949098 0.660509  ] [0.3164872 0.6835128] [0.3798218 0.6201782] [0.9897928  0.01020714] [0.7916598  0.20834023] [0.98902017 0.01097983] [0.5711156 0.4288844] [0.9085027  0.09149726] [0.9837345  0.01626552] [0.9542059 0.0457941] [0.96849704 0.03150294] [0.95777315 0.0422269 ] [0.01802813 0.9819719 ] [0.57721245 0.42278755] [0.8928565  0.10714348] [0.9064185  0.09358145] [0.97612506 0.02387498] [0.23151626 0.76848376] [0.8486011  0.15139884] [0.8072877  0.19271229] [0.54318786 0.45681217] [0.99270236 0.00729759] [0.98771685 0.01228316] [0.7524957  0.24750428] [0.27592707 0.72407293] [0.8789103 0.1210897] [0.99566275 0.00433729] [0.35190946 0.64809054] [0.846373   0.15362693] [0.9856272  0.01437284] [0.9872865  0.01271355] [0.8955786  0.10442139] [0.18634617 0.8136538 ] [0.9687828  0.03121719] [0.7451561 0.2548439] [0.9626997  0.03730032] [0.5928481  0.40715185] [0.6353504  0.36464962] [0.97308344 0.02691649] [0.9499534  0.05004666] [0.3747869 0.625213 ],1 0 1 0 0 1 1 0 0 1 0 0 0 0 1 1 0 1 0 1 1 0 1 0 0 0 1 0 0 0 0 1 0 0 1 0 1 0 0 0 0 0 1 1 1 0 0 0 0 0 1 0 0 0 0 0 0 0 0 0 1 1 0 0 0 0 1 0 1 0 0 1 1 0 0 1 0 0 1 0 0 1 1 1 1 0 0 0 0 1 0 0 1 0 1 1 1 1 0 0 0 0 0 1 0 0 0 0 0 0 0 0 0 1 0 1 0 0 0 0 0 0 0 0 0 1 0 1 1 0 1 1 1 1 0 0 1 0 0 0 1 0 1 0 0 0 0 1 0 1 1 0 0 1
46921,3,realmlp,0.02,500,500,0.7320261437908496,0.7443396226415094,[0.972727   0.02727302] [0.9139598 0.0860402] [0.35985783 0.64014214] [0.89343303 0.106567  ] [0.8720453  0.12795478] [0.05827525 0.9417247 ] [0.8789659  0.12103415] [0.19788556 0.8021144 ] [0.1778803  0.82211965] [0.17127512 0.82872486] [0.8473559  0.15264414] [0.8800328  0.11996724] [0.8190205  0.18097952] [0.992599   0.00740099] [0.91802746 0.08197254] [0.2279821  0.77201796] [0.988836   0.01116407] [0.8858879  0.11411209] [0.5699322  0.43006784] [0.12506293 0.87493706] [0.8551054  0.14489456] [0.8523605  0.14763948] [0.6281742 0.3718258] [0.79590815 0.20409179] [0.6914756  0.30852443] [0.34159225 0.6584077 ] [0.9260066  0.07399336] [0.31090274 0.6890973 ] [0.93675905 0.06324095] [0.74599606 0.25400397] [0.7753183  0.22468163] [0.9781477  0.02185236] [0.93033206 0.06966794] [0.3896646  0.61033535] [0.39520082 0.60479915] [0.8761609  0.12383913] [0.97301596 0.0269841 ] [0.68499374 0.31500626] [0.16786407 0.832136  ] [0.8045598  0.19544019] [0.20311733 0.7968827 ] [0.8251116  0.17488836] [0.8343272  0.16567276] [0.9444242  0.05557583] [0.9312619  0.06873812] [0.95844656 0.04155343] [0.29141855 0.70858145] [0.8753827  0.12461727] [0.9537208  0.04627912] [0.82118493 0.17881499] [0.85329443 0.14670558] [0.8888079  0.11119214] [0.87945026 0.12054973] [0.59525836 0.4047417 ] [0.7710457  0.22895429] [0.5551103  0.44488975] [0.7426707  0.25732931] [0.91540325 0.08459678] [0.26890236 0.7310976 ] [0.845892   0.15410793] [0.79869187 0.20130809] [0.9852159  0.01478407] [0.7815544  0.21844558] [0.93120134 0.06879872] [0.99186677 0.00813328] [0.97814584 0.02185412] [0.170543 0.829457] [0.37916276 0.6208373 ] [0.26098454 0.7390155 ] [0.928551   0.07144896] [0.9776323 0.0223677] [0.52052665 0.47947335] [0.515192   0.48480803] [0.82493144 0.17506856] [0.9580211  0.04197888] [0.9493972  0.05060282] [0.8394486  0.16055147] [0.23073077 0.7692692 ] [0.99668854 0.00331149] [0.9748069  0.02519317] [0.36259282 0.6374072 ] [0.5006549  0.49934506] [0.9904033  0.00959667] [0.5072218  0.49277818] [0.2932388 0.7067612] [0.79948574 0.20051427] [0.72212064 0.2778794 ] [0.99427915 0.0057209 ] [0.47708532 0.5229147 ] [0.03414125 0.96585876] [0.9943083  0.00569177] [0.9606927  0.03930732] [0.30079383 0.6992062 ] [0.47738156 0.5226185 ] [0.59188694 0.408113  ] [0.8317222  0.16827783] [0.13929896 0.860701  ] [0.22076014 0.7792399 ] [0.52300966 0.47699043] [0.84034544 0.15965454] [0.3346626 0.6653374] [0.10818096 0.89181906] [0.8146989  0.18530113] [0.67939115 0.3206089 ] [0.82777286 0.17222711] [0.96518356 0.03481646] [0.8130647  0.18693528] [0.44859788 0.55140215] [0.18319033 0.8168097 ] [0.26867428 0.7313256 ] [0.9440278  0.05597226] [0.663853   0.33614704] [0.08384069 0.9161594 ] [0.84521574 0.15478425] [0.83139074 0.16860926] [0.9424376  0.05756234] [0.624247 0.375753] [0.78166294 0.2183371 ] [0.07036734 0.92963266] [0.4739684 0.5260317] [0.21445346 0.78554654] [0.8769906  0.12300943] [0.95684874 0.04315122] [0.9039552  0.09604473] [0.79287195 0.20712808] [0.14443427 0.8555657 ] [0.99028206 0.00971795] [0.20118082 0.7988192 ] [0.9147151  0.08528485] [0.88206226 0.11793778] [0.77730733 0.22269271] [0.23186964 0.76813036] [0.8518038  0.14819619] [0.53974676 0.46025327] [0.2717306  0.72826946] [0.9788794  0.02112055] [0.9942135  0.00578653] [0.83667797 0.16332203] [0.5622795 0.4377205] [0.46048978 0.5395103 ] [0.5840628 0.4159372] [0.0546227 0.9453773] [0.20033853 0.79966146] [0.87586063 0.12413934] [0.9837006  0.01629943] [0.975904   0.02409607] [0.41280186 0.58719814] [0.53786445 0.46213558] [0.47346106 0.5265389 ] [0.8850591  0.11494093] [0.9856124  0.01438766] [0.12817132 0.8718287 ] [0.8746951 0.1253048],0 1 1 0 1 1 0 0 1 1 0 0 0 0 0 0 0 1 0 1 1 1 1 1 0 1 0 0 0 0 0 1 0 0 1 0 0 0 1 0 0 0 0 0 0 0 1 0 1 0 0 0 0 0 1 0 1 0 1 0 1 0 0 0 0 0 0 0 1 0 0 0 1 0 0 0 0 1 0 1 1 1 0 0 0 0 1 0 1 1 0 0 0 0 0 0 1 1 0 0 1 0 0 0 0 0 0 1 1 1 0 1 1 0 0 0 1 0 1 1 1 0 0 1 0 0 1 1 0 0 0 1 0 0 0 0 0 0 1 0 0 1 1 0 0 1 0 1 0 1 0 0 0
46921,4,realmlp,0.02,500,500,0.6928104575163399,0.7620754716981132,[0.93186885 0.06813113] [0.96418655 0.03581349] [0.27314425 0.72685575] [0.6949732  0.30502686] [0.9729273  0.02707279] [0.29013735 0.70986265] [0.8227612  0.17723882] [0.70854336 0.29145667] [0.99459404 0.005406  ] [0.96586275 0.03413726] [0.5140695 0.4859305] [0.70741826 0.2925818 ] [0.7470617 0.2529383] [0.9013824  0.09861758] [0.5505716  0.44942844] [0.84885925 0.15114073] [0.7552078  0.24479218] [0.6645864  0.33541352] [0.74352664 0.25647336] [0.8977057  0.10229433] [0.9533328  0.04666717] [0.7604545  0.23954551] [0.9083262  0.09167374] [0.93645966 0.06354039] [0.9058618  0.09413823] [0.62182343 0.37817657] [0.31328097 0.686719  ] [0.92970073 0.07029925] [0.89813817 0.10186181] [0.02412046 0.97587955] [0.6233753 0.3766247] [0.97377634 0.0262236 ] [0.6689423  0.33105782] [0.35906413 0.6409359 ] [0.82625544 0.1737446 ] [0.60447925 0.39552078] [9.9918407e-01 8.1592245e-04] [0.6858321  0.31416792] [0.88622695 0.11377301] [0.9441963  0.05580366] [0.23090903 0.76909095] [0.6370707  0.36292922] [0.9588069  0.04119318] [0.78407747 0.21592253] [0.95362836 0.04637167] [0.9535414  0.04645858] [0.50700116 0.49299887] [0.52804273 0.47195724] [0.9825105  0.01748954] [0.840141   0.15985894] [0.98240364 0.01759635] [0.8097544  0.19024566] [0.27920365 0.72079635] [0.7327849  0.26721513] [0.9586839  0.04131604] [0.89956784 0.10043211] [0.5142964 0.4857036] [0.9279868  0.07201318] [0.95699376 0.04300629] [0.9469788  0.05302121] [0.7266739 0.2733261] [0.68573236 0.31426764] [0.7016524  0.29834765] [0.98196304 0.01803691] [0.7860793  0.21392073] [0.9111292 0.0888708] [0.98659617 0.0134038 ] [0.68492097 0.31507903] [0.68643486 0.31356514] [0.91727424 0.0827257 ] [0.9438602  0.05613989] [0.9180739  0.08192609] [0.48325932 0.5167406 ] [0.9154287  0.08457126] [0.97711813 0.02288183] [0.90860593 0.0913941 ] [0.5697348  0.43026525] [0.41067484 0.5893252 ] [0.7395396  0.26046047] [0.37813997 0.6218601 ] [0.9199866  0.08001341] [0.15872191 0.841278  ] [0.97930074 0.02069925] [0.51767623 0.48232374] [0.6997933  0.30020675] [0.832025   0.16797501] [0.23779012 0.76220983] [0.32253903 0.677461  ] [0.9653667 0.0346333] [0.9403837  0.05961632] [0.72128063 0.27871934] [0.5114104 0.4885896] [0.24692033 0.7530796 ] [0.83874094 0.16125903] [0.77767545 0.22232452] [0.60255384 0.3974461 ] [0.683305 0.316695] [0.8769082  0.12309182] [0.77447474 0.2255252 ] [0.8398495  0.16015056] [0.9836785  0.01632147] [0.9952779 0.0047221] [0.7250292  0.27497086] [0.96824783 0.03175214] [0.94665796 0.05334207] [0.4869021 0.513098 ] [0.7323893 0.2676107] [0.3841292  0.61587083] [0.93938524 0.06061472] [0.8327883 0.1672117] [0.9522997  0.04770029] [0.3442235 0.6557765] [0.4388251  0.56117487] [0.78892606 0.21107401] [0.29682857 0.7031715 ] [0.25567716 0.7443228 ] [0.88655144 0.11344858] [0.58221436 0.41778564] [0.98532724 0.01467272] [0.72267145 0.27732855] [0.9451236  0.05487642] [0.9232672  0.07673281] [0.67045724 0.3295428 ] [0.69267976 0.30732027] [0.91982824 0.08017175] [0.50207967 0.49792036] [0.08725351 0.9127464 ] [0.50974786 0.49025205] [0.1881401  0.81185997] [0.94998854 0.05001149] [0.93983465 0.06016536] [0.5718271  0.42817292] [0.42835584 0.5716441 ] [0.33575368 0.6642463 ] [0.24838628 0.75161374] [0.9676174 0.0323826] [0.8808901  0.11910993] [0.97643834 0.0235617 ] [0.33181906 0.668181  ] [0.9647159 0.0352841] [0.98915416 0.01084583] [0.8193774  0.18062258] [0.27870804 0.72129196] [0.627003 0.372997] [0.92724186 0.07275817] [0.79594094 0.20405902] [0.43186802 0.56813204] [0.99526936 0.00473064] [0.13419081 0.8658092 ] [0.9742027  0.02579734] [0.72054935 0.2794507 ] [0.66100085 0.33899912] [0.20728463 0.7927153 ],1 0 1 1 0 1 0 0 0 0 1 1 0 0 0 0 0 0 1 0 0 1 0 0 0 1 1 0 0 0 0 0 1 0 1 1 0 0 1 0 1 1 0 0 0 0 1 1 0 0 0 0 1 0 0 1 1 0 1 0 1 0 1 0 1 0 0 0 1 0 1 1 1 0 0 0 1 1 1 0 0 0 0 0 0 1 1 1 0 0 1 0 1 0 0 0 0 0 1 0 0 0 1 0 0 1 0 0 0 0 1 0 0 1 0 0 0 0 0 1 0 0 0 1 0 0 1 1 1 0 0 0 0 1 0 0 0 0 1 0 0 0 1 0 0 0 1 0 1 0 0 1 0
46921,0,realmlp,0.02,2000,2000,0.7207792207792207,0.7522222222222222,[0.25365925 0.7463408 ] [0.05890051 0.9410995 ] [0.02725259 0.97274745] [0.676971   0.32302895] [0.72352886 0.27647114] [0.39548978 0.6045102 ] [0.2911463 0.7088537] [0.86598307 0.13401692] [0.66667473 0.33332533] [0.96615213 0.03384789] [0.898515   0.10148498] [0.03845605 0.96154404] [0.33958438 0.6604156 ] [0.05023985 0.9497601 ] [0.91285926 0.08714074] [0.03021397 0.969786  ] [0.42762586 0.5723741 ] [0.96102494 0.038975  ] [0.17342187 0.8265781 ] [0.24499393 0.7550061 ] [0.8903927  0.10960729] [0.6362699  0.36373004] [0.00276251 0.99723744] [0.9501347  0.04986534] [0.9467739  0.05322612] [0.72332895 0.27667108] [0.948067   0.05193296] [0.5802515  0.41974846] [0.7599017  0.24009828] [0.0057733 0.9942267] [0.9333593  0.06664062] [0.9675559  0.03244415] [0.00173196 0.998268  ] [0.7872079  0.21279205] [0.9744173  0.02558262] [0.9922867  0.00771333] [0.5256483  0.47435173] [0.955201   0.04479894] [0.12033239 0.87966764] [0.00335949 0.99664056] [0.2190191 0.7809809] [0.8946503  0.10534973] [0.975226   0.02477403] [0.9837298  0.01627024] [0.96261984 0.03738022] [0.9869566  0.01304345] [0.9397753  0.06022476] [0.9947066  0.00529351] [0.9289427  0.07105733] [0.9723891  0.02761094] [0.5920751  0.40792492] [0.99283504 0.00716501] [0.0058661 0.9941339] [0.9760469  0.02395305] [0.09108151 0.9089185 ] [0.30977428 0.69022566] [0.9408783  0.05912178] [0.50421834 0.49578172] [0.8549689  0.14503102] [0.9565902  0.04340985] [0.9075765 0.0924235] [0.01454426 0.9854557 ] [0.9774974  0.02250256] [0.5248984  0.47510156] [0.6398958  0.36010414] [0.48381707 0.5161829 ] [0.4935431 0.5064569] [0.6390519  0.36094803] [0.01907272 0.98092735] [0.54672605 0.45327392] [0.84059983 0.15940022] [0.07032045 0.9296795 ] [0.30947968 0.69052035] [0.17524606 0.82475394] [0.5286102 0.4713897] [0.8861457  0.11385424] [0.01581023 0.9841898 ] [0.87532985 0.12467021] [0.94881403 0.051186  ] [0.9860977  0.01390231] [0.9651318  0.03486821] [0.9330317  0.06696826] [0.82814574 0.17185424] [0.92187357 0.07812642] [0.97495395 0.0250461 ] [0.07044164 0.9295584 ] [0.28010836 0.71989167] [0.58318526 0.4168147 ] [0.21563143 0.7843685 ] [0.11241613 0.88758385] [0.04184496 0.95815504] [0.5742515  0.42574853] [0.9732775  0.02672251] [0.46824273 0.53175735] [0.91424125 0.08575872] [0.937368   0.06263199] [0.87584573 0.12415423] [0.30249405 0.697506  ] [0.91962737 0.08037264] [0.917123   0.08287697] [0.58735955 0.41264042] [0.94726247 0.05273755] [0.03865388 0.9613461 ] [0.9863891  0.01361088] [0.9892258  0.01077417] [0.33840743 0.66159254] [0.17702186 0.82297814] [0.91697353 0.08302649] [0.06002003 0.93998   ] [0.8825817  0.11741829] [0.42902476 0.5709753 ] [0.8991948  0.10080518] [0.84435296 0.15564696] [0.7571127 0.2428873] [0.9834753 0.0165246] [0.96836513 0.03163492] [0.88948476 0.11051521] [0.34269446 0.65730554] [0.76411605 0.23588401] [0.3339731  0.66602695] [0.65197915 0.34802088] [0.880691   0.11930902] [0.6287585 0.3712415] [0.90878737 0.09121263] [0.03537959 0.9646204 ] [0.3589574 0.6410426] [0.9954204  0.00457953] [0.6818448  0.31815523] [0.9484743  0.05152576] [0.6351663  0.36483368] [0.92786443 0.07213561] [0.9423329  0.05766708] [0.9831281  0.01687191] [0.26560125 0.7343987 ] [0.6097695  0.39023042] [0.9863251  0.01367488] [0.06051718 0.9394828 ] [0.3721743  0.62782574] [0.8077645  0.19223556] [0.9612819  0.03871813] [0.9878106  0.01218945] [0.9871084  0.01289165] [0.8641765  0.13582355] [0.51358956 0.48641047] [0.96713525 0.03286473] [0.9812284  0.01877154] [0.45814645 0.54185355] [0.55106 0.44894] [0.97634447 0.02365551] [0.92649865 0.07350136] [0.8505179 0.1494821] [0.6346982  0.36530185] [0.9816721 0.0183279] [0.7850704  0.21492955],0 1 1 0 0 0 0 1 0 0 0 0 0 1 1 0 0 0 1 0 0 0 1 1 0 0 0 0 0 0 0 0 1 0 0 0 1 0 0 1 0 0 1 0 0 0 0 0 0 0 1 0 1 1 1 1 0 0 0 0 0 1 0 0 0 0 1 1 1 1 0 0 0 1 1 0 1 0 0 0 0 0 0 0 0 0 1 1 1 1 1 1 1 1 0 0 0 1 0 1 0 0 1 0 0 0 1 0 1 1 0 0 0 1 0 1 0 1 0 0 0 0 0 1 1 0 0 0 0 0 0 0 0 1 0 0 1 1 0 1 0 1 1 0 0 0 1 1 0 0 1 1 0 0
46921,1,realmlp,0.02,2000,2000,0.7207792207792207,0.7353703703703702,[0.92432797 0.07567201] [0.937579   0.06242107] [0.8151648  0.18483527] [0.9374637 0.0625363] [0.06196993 0.93803006] [0.9575305  0.04246953] [0.63271827 0.3672817 ] [0.96418566 0.03581436] [0.2706357 0.7293643] [0.1381063 0.8618937] [0.8891431  0.11085686] [0.95171714 0.04828286] [0.8078655  0.19213445] [0.31146914 0.68853086] [0.84267545 0.15732458] [0.2389044  0.76109564] [0.53285587 0.4671442 ] [0.95733446 0.04266552] [0.09879433 0.90120566] [0.93270457 0.06729537] [0.4467491 0.5532509] [0.854289   0.14571103] [0.9167061  0.08329385] [0.4925628  0.50743717] [0.95467514 0.04532495] [0.18764703 0.812353  ] [0.04899156 0.9510085 ] [0.9178995  0.08210052] [0.7281328  0.27186728] [0.82739246 0.17260756] [0.46343637 0.5365636 ] [0.03717421 0.9628258 ] [0.79491943 0.20508064] [0.94821376 0.05178623] [0.90167403 0.09832596] [0.93440765 0.06559242] [0.39474967 0.60525036] [0.8720378 0.1279622] [0.7745095  0.22549045] [0.9575694  0.04243058] [0.08911441 0.91088563] [0.08633942 0.9136605 ] [0.95499146 0.04500854] [0.30343038 0.6965696 ] [0.7847206  0.21527943] [0.0517472  0.94825274] [0.86483294 0.1351671 ] [0.9517645  0.04823548] [0.926879   0.07312105] [0.6275922 0.3724078] [0.94539577 0.05460428] [0.9625854 0.0374146] [0.95255727 0.04744272] [0.92237645 0.07762352] [0.93696845 0.06303155] [0.04705474 0.9529453 ] [0.9484378  0.05156216] [0.08080318 0.91919684] [0.9131056  0.08689446] [0.9512963  0.04870369] [0.22343922 0.7765607 ] [0.94622433 0.05377568] [0.11591763 0.8840823 ] [0.20298989 0.7970101 ] [0.9487091  0.05129097] [0.78781223 0.21218778] [0.9573713  0.04262874] [0.12774011 0.8722599 ] [0.5601901  0.43980998] [0.10975964 0.8902403 ] [0.954053   0.04594706] [0.94841355 0.05158643] [0.7133613  0.28663865] [0.9358618  0.06413814] [0.9483605  0.05163949] [0.942485   0.05751501] [0.9579902  0.04200971] [0.95127606 0.04872395] [0.96095264 0.03904743] [0.9455708  0.05442918] [0.17659788 0.8234021 ] [0.9216465  0.07835347] [0.91159755 0.08840247] [0.51553357 0.48446637] [0.17321819 0.82678187] [0.9602095  0.03979056] [0.91836727 0.08163278] [0.5027723  0.49722764] [0.8957227  0.10427734] [0.24439336 0.75560665] [0.81633914 0.18366082] [0.9240118  0.07598822] [0.8618611  0.13813888] [0.9591203  0.04087973] [0.9323029  0.06769707] [0.9501673  0.04983274] [0.9412992  0.05870083] [0.8858668  0.11413319] [0.90420544 0.0957945 ] [0.41378054 0.58621943] [0.10540013 0.8945999 ] [0.21114904 0.78885096] [0.24902382 0.75097615] [0.8277602  0.17223978] [0.66781104 0.332189  ] [0.51301926 0.48698077] [0.9522784  0.04772158] [0.96366686 0.0363332 ] [0.13944204 0.860558  ] [0.93875957 0.06124049] [0.8204425 0.1795575] [0.36348498 0.63651496] [0.04243432 0.9575657 ] [0.18500967 0.8149903 ] [0.06167794 0.9383221 ] [0.915158   0.08484199] [0.93346524 0.06653474] [0.8215227  0.17847723] [0.92748564 0.07251436] [0.9561213  0.04387861] [0.867543   0.13245703] [0.9581858  0.04181428] [0.95339566 0.04660438] [0.06685671 0.93314326] [0.4315127 0.5684873] [0.09799977 0.9020003 ] [0.95887786 0.04112212] [0.95069635 0.04930365] [0.611056   0.38894397] [0.20670314 0.7932969 ] [0.19330503 0.806695  ] [0.8600776  0.13992234] [0.10406166 0.89593834] [0.91777563 0.08222432] [0.57761824 0.4223818 ] [0.34088588 0.6591141 ] [0.8827846  0.11721531] [0.23895486 0.76104516] [0.9582647  0.04173525] [0.93399364 0.06600631] [0.88288015 0.11711986] [0.06366149 0.9363385 ] [0.44821405 0.5517859 ] [0.9488926  0.05110742] [0.3414471  0.65855294] [0.9514407 0.0485593] [0.9475788  0.05242122] [0.95904845 0.0409515 ] [0.9550269  0.04497312] [0.856118 0.143882] [0.86568457 0.1343154 ] [0.92853624 0.07146381] [0.9019394  0.09806059] [0.9014208  0.09857922],1 0 0 1 0 0 1 1 1 1 1 0 1 1 0 0 1 0 1 0 0 0 1 1 0 1 0 0 1 1 1 1 0 0 0 0 0 0 0 0 1 0 0 1 0 1 1 0 0 0 0 0 1 0 0 0 0 0 1 0 1 0 0 1 0 0 0 1 0 1 0 0 1 0 0 0 0 0 0 1 0 0 1 0 0 0 0 1 0 0 1 0 0 0 0 1 0 0 0 0 0 0 1 0 0 0 1 0 0 1 0 1 0 1 1 1 0 0 0 0 0 0 0 1 0 1 0 0 1 1 1 1 1 0 0 1 0 1 0 0 0 1 1 0 1 0 0 0 0 0 0 0 0 1
46921,2,realmlp,0.02,2000,2000,0.7272727272727273,0.7707407407407408,[0.31779703 0.682203  ] [0.90772253 0.09227751] [0.98597115 0.01402891] [0.9369696  0.06303043] [0.97987515 0.02012493] [0.65259016 0.34740987] [0.97270715 0.02729286] [0.9875935  0.01240657] [0.16273074 0.83726925] [0.8220551  0.17794485] [0.9907425  0.00925745] [0.7702858  0.22971416] [9.9916065e-01 8.3936111e-04] [0.9237135  0.07628652] [0.58098125 0.41901878] [0.11141548 0.88858455] [0.967849   0.03215093] [0.19420807 0.8057919 ] [0.96651167 0.03348834] [0.1260459  0.87395406] [0.04632295 0.95367706] [0.69399816 0.30600178] [0.21125415 0.7887459 ] [0.98115325 0.01884682] [0.96684575 0.03315427] [0.97417474 0.02582524] [0.9557061  0.04429391] [0.05192377 0.94807625] [0.755049   0.24495104] [0.973768   0.02623198] [0.80695033 0.19304968] [0.02704056 0.9729594 ] [0.6158071  0.38419294] [0.997118   0.00288201] [0.84514385 0.15485616] [0.9706043  0.02939567] [0.43637267 0.56362736] [0.98200893 0.01799113] [0.07161215 0.9283878 ] [0.9987484  0.00125161] [0.97268045 0.02731957] [0.9617661  0.03823382] [0.17843401 0.821566  ] [0.66887265 0.33112738] [0.02622991 0.97377014] [0.9124781  0.08752199] [0.91241634 0.08758361] [0.73076475 0.26923522] [0.8712419  0.12875807] [0.7845526  0.21544744] [0.14256531 0.85743475] [0.9179233 0.0820767] [0.46682352 0.5331765 ] [0.9966415  0.00335852] [0.8162885  0.18371153] [0.9914261  0.00857387] [0.49755675 0.5024432 ] [0.4150689 0.5849311] [0.6162405 0.3837595] [0.6822584 0.3177416] [0.7562099  0.24379009] [0.30662787 0.69337213] [0.9856938  0.01430619] [0.9854617  0.01453823] [0.9882996 0.0117004] [0.99561125 0.00438883] [0.08798983 0.9120102 ] [0.8611044  0.13889557] [0.6808144  0.31918558] [0.94645023 0.0535498 ] [0.709085 0.290915] [0.512037   0.48796305] [0.01616371 0.98383623] [0.9901051  0.00989495] [0.03173194 0.9682681 ] [0.978728   0.02127199] [0.9958306  0.00416936] [0.5579261 0.4420739] [0.89655    0.10344996] [0.98855585 0.01144422] [0.93799454 0.06200552] [0.05838589 0.94161415] [0.9431639  0.05683612] [0.97973377 0.02026627] [0.66957057 0.33042938] [0.9593748  0.04062526] [0.9758538  0.02414618] [0.9781887  0.02181122] [0.90347517 0.09652479] [0.800346   0.19965406] [0.8700464  0.12995365] [0.9602578  0.03974214] [0.9854612  0.01453882] [0.94311637 0.05688361] [0.19122289 0.8087771 ] [0.36019462 0.63980544] [0.13765359 0.86234635] [0.9145898  0.08541013] [0.98915124 0.01084873] [0.9389487  0.06105126] [0.97096133 0.02903861] [0.9779823 0.0220177] [0.86153805 0.13846192] [0.02569662 0.97430336] [0.9786082  0.02139177] [0.9214833  0.07851673] [0.9137899  0.08621001] [0.9723932 0.0276068] [0.8374363  0.16256371] [0.9950329  0.00496709] [0.90824723 0.09175275] [0.88823134 0.11176865] [0.9027606  0.09723937] [0.50534946 0.4946506 ] [0.11976719 0.8802328 ] [0.6430582  0.35694182] [0.8534488 0.1465512] [0.8571801  0.14281993] [0.99447906 0.00552087] [0.36649105 0.633509  ] [0.2239724 0.7760276] [0.93926316 0.0607368 ] [0.9157484  0.08425158] [0.9765929  0.02340703] [0.92004555 0.07995452] [0.30384284 0.6961572 ] [0.75496    0.24503998] [0.98040223 0.01959779] [0.10375191 0.8962481 ] [0.9675692  0.03243081] [0.0104456 0.9895544] [0.7497179  0.25028208] [0.9564607  0.04353935] [0.6649251 0.3350749] [0.56921923 0.4307808 ] [0.98676944 0.01323061] [0.8882684  0.11173154] [0.2729806 0.7270194] [0.7152828  0.28471714] [0.91372085 0.08627915] [0.20658085 0.7934191 ] [0.9351797  0.06482025] [0.9859409  0.01405913] [0.9930334  0.00696665] [0.94227904 0.05772094] [0.4241791 0.5758209] [0.9330997  0.06690038] [0.65907043 0.3409296 ] [0.9592327  0.04076732] [0.5109403  0.48905972] [0.75959206 0.24040797] [0.9692802  0.03071983] [0.9275511  0.07244886] [0.08293255 0.91706747],1 0 1 0 0 1 1 0 0 1 0 0 0 0 1 1 0 1 0 1 1 0 1 0 0 0 1 0 0 0 0 1 0 0 1 0 1 0 0 0 0 0 1 1 1 0 0 0 0 0 1 0 0 0 0 0 0 0 0 0 1 1 0 0 0 0 1 0 1 0 0 1 1 0 0 1 0 0 1 0 0 1 1 1 1 0 0 0 0 1 0 0 1 0 1 1 1 1 0 0 0 0 0 1 0 0 0 0 0 0 0 0 0 1 0 1 0 0 0 0 0 0 0 0 0 1 0 1 1 0 1 1 1 1 0 0 1 0 0 0 1 0 1 0 0 0 0 1 0 1 1 0 0 1
46921,3,realmlp,0.02,2000,2000,0.6666666666666666,0.7237735849056603,[0.8988558  0.10114414] [0.94194585 0.0580541 ] [0.7069791  0.29302093] [0.8648326 0.1351674] [0.6560964  0.34390357] [0.07617087 0.92382914] [0.89437187 0.10562811] [0.85724914 0.14275084] [0.023876   0.97612405] [0.11847257 0.8815274 ] [0.9183557 0.0816443] [0.9342644  0.06573561] [0.87172806 0.1282719 ] [0.9058025  0.09419753] [0.9461972  0.05380274] [0.01406139 0.9859386 ] [0.93166786 0.06833217] [0.09259024 0.9074098 ] [0.26482096 0.73517907] [0.01270266 0.9872973 ] [0.8718481  0.12815188] [0.88632745 0.11367259] [0.50460106 0.4953989 ] [0.8409956  0.15900446] [0.79287285 0.20712715] [0.1645288 0.8354712] [0.47612414 0.5238759 ] [0.5920667  0.40793326] [0.903278   0.09672198] [0.93341357 0.06658642] [0.90964097 0.09035906] [0.69531333 0.30468667] [0.69370085 0.30629912] [0.42417124 0.5758288 ] [0.18415971 0.81584024] [0.9123483  0.08765169] [0.6412636  0.35873634] [0.22225599 0.777744  ] [0.75713587 0.24286419] [0.81713784 0.18286219] [0.2754053  0.72459465] [0.38214928 0.61785066] [0.8870842  0.11291575] [0.89654976 0.1034503 ] [0.93411326 0.0658868 ] [0.8962232  0.10377675] [0.8370117  0.16298833] [0.9241427  0.07585724] [0.9366697  0.06333025] [0.92187804 0.07812195] [0.92473453 0.07526544] [0.783365   0.21663499] [0.8849876  0.11501236] [0.7240406  0.27595937] [0.5809346 0.4190654] [0.93233895 0.06766104] [0.8170733  0.18292668] [0.6575466 0.3424534] [0.03444838 0.9655516 ] [0.43236646 0.5676335 ] [0.9117995  0.08820049] [0.8764396 0.1235605] [0.8410404  0.15895969] [0.9325087  0.06749126] [0.9396108  0.06038922] [0.30693457 0.69306546] [0.46278146 0.5372186 ] [0.8849302  0.11506985] [0.41646248 0.5835375 ] [0.9046308  0.09536916] [0.82239044 0.17760953] [0.11485761 0.88514245] [0.11280986 0.8871901 ] [0.7084569  0.29154322] [0.9354491  0.06455087] [0.8954862 0.1045139] [0.3824483 0.6175516] [0.20800838 0.7919917 ] [0.9178089  0.08219115] [0.88586205 0.11413791] [0.8776284  0.12237162] [0.72281104 0.277189  ] [0.9059437  0.09405635] [0.6211683  0.37883168] [0.23003908 0.76996094] [0.8006581  0.19934188] [0.3669948 0.6330052] [0.89120567 0.10879433] [0.42392924 0.5760707 ] [0.01445887 0.98554116] [0.92509 0.07491] [0.6824209 0.3175791] [0.8874092  0.11259086] [0.33650497 0.663495  ] [0.8923151  0.10768492] [0.43679217 0.56320775] [0.75859344 0.24140656] [0.5914978  0.40850222] [0.69446594 0.3055341 ] [0.9551806  0.04481943] [0.84522295 0.15477702] [0.31492516 0.6850748 ] [0.906707   0.09329306] [0.02736797 0.97263205] [0.8029079  0.19709213] [0.9238032  0.07619681] [0.6508668  0.34913322] [0.85647 0.14353] [0.15639508 0.8436049 ] [0.8318069  0.16819304] [0.93276453 0.06723543] [0.6595553  0.34044468] [0.0043236  0.99567634] [0.874582 0.125418] [0.8942808  0.10571924] [0.9360659  0.06393408] [0.728052   0.27194798] [0.8708193  0.12918077] [0.02307788 0.97692204] [0.84644717 0.15355286] [0.02089007 0.97911   ] [0.7809602  0.21903981] [0.8963425  0.10365748] [0.13418466 0.86581534] [0.9165753  0.08342467] [0.08632066 0.91367936] [0.78185284 0.21814716] [0.02183739 0.9781626 ] [0.89489025 0.10510974] [0.89461863 0.10538138] [0.88222426 0.11777579] [0.39521083 0.6047892 ] [0.82784253 0.1721574 ] [0.25780272 0.74219733] [0.88549083 0.11450912] [0.88519895 0.11480105] [0.8408083  0.15919173] [0.35618925 0.64381075] [0.27172902 0.72827095] [0.30395666 0.6960434 ] [0.29364526 0.70635474] [0.03051593 0.96948403] [0.9439708  0.05602914] [0.7649288 0.2350712] [0.8865474  0.11345258] [0.9180074  0.08199266] [0.940441   0.05955892] [0.45065793 0.5493421 ] [0.8897345  0.11026555] [0.02055919 0.9794408 ] [0.75742495 0.24257505] [0.22823814 0.7717619 ] [0.89932597 0.10067404],0 1 1 0 1 1 0 0 1 1 0 0 0 0 0 0 0 1 0 1 1 1 1 1 0 1 0 0 0 0 0 1 0 0 1 0 0 0 1 0 0 0 0 0 0 0 1 0 1 0 0 0 0 0 1 0 1 0 1 0 1 0 0 0 0 0 0 0 1 0 0 0 1 0 0 0 0 1 0 1 1 1 0 0 0 0 1 0 1 1 0 0 0 0 0 0 1 1 0 0 1 0 0 0 0 0 0 1 1 1 0 1 1 0 0 0 1 0 1 1 1 0 0 1 0 0 1 1 0 0 0 1 0 0 0 0 0 0 1 0 0 1 1 0 0 1 0 1 0 1 0 0 0
46921,4,realmlp,0.02,2000,2000,0.6862745098039216,0.7788679245283019,[0.9808549  0.01914501] [0.98849434 0.01150563] [0.4796065 0.5203935] [0.168706 0.831294] [0.97933424 0.02066572] [0.50419223 0.4958078 ] [0.9200751 0.0799249] [0.9429572  0.05704279] [0.94407725 0.0559227 ] [0.96887827 0.03112178] [0.44640544 0.5535945 ] [0.8922058 0.1077942] [0.8122847  0.18771532] [0.9887417  0.01125829] [0.55335814 0.4466419 ] [0.82911503 0.170885  ] [0.9287484  0.07125159] [0.95756006 0.04243995] [0.7692586  0.23074137] [0.79224616 0.2077538 ] [0.9424748 0.0575252] [0.33884963 0.66115034] [0.97922796 0.02077208] [0.98615056 0.01384943] [0.93329793 0.066702  ] [0.7143416  0.28565842] [0.7904614  0.20953862] [0.98855585 0.01144421] [0.8253413  0.17465869] [0.5690157  0.43098426] [0.8227932  0.17720681] [0.995308   0.00469201] [0.9192062  0.08079379] [0.6771017  0.32289833] [0.61802065 0.3819794 ] [0.17333584 0.8266642 ] [0.9981468  0.00185319] [0.42300984 0.5769902 ] [0.9729497  0.02705026] [0.98043746 0.01956261] [0.31649232 0.6835077 ] [0.70832187 0.29167813] [0.9523453  0.04765472] [0.7259773  0.27402276] [0.993418   0.00658204] [0.97164065 0.02835932] [0.62555987 0.37444013] [0.33647534 0.6635247 ] [0.92145675 0.07854322] [0.6998242  0.30017582] [0.9583259  0.04167408] [0.96529347 0.03470654] [0.24500223 0.7549978 ] [0.92240465 0.07759535] [0.8884491  0.11155096] [0.8371796  0.16282047] [0.76354164 0.23645839] [0.92139775 0.07860219] [0.83087504 0.16912502] [0.99242264 0.00757743] [0.7591916  0.24080847] [0.9051856  0.09481443] [0.8597481  0.14025187] [0.9879211  0.01207884] [0.93249744 0.06750252] [0.9865817  0.01341836] [0.9956261  0.00437385] [0.6992477  0.30075228] [0.86610985 0.13389018] [0.9069192  0.09308078] [0.94004333 0.05995674] [0.9386894  0.06131063] [0.2629736 0.7370264] [0.4961095 0.5038905] [0.99254155 0.00745841] [0.9220018  0.07799829] [0.56584454 0.4341555 ] [0.9089836  0.09101633] [0.64240056 0.35759938] [0.92502934 0.07497074] [0.9935155  0.00648453] [0.3575126 0.6424874] [0.97708684 0.02291314] [0.87429637 0.12570363] [0.90204316 0.09795684] [0.91225916 0.08774085] [0.61725754 0.3827425 ] [0.80085367 0.19914635] [0.9958405  0.00415954] [0.772365   0.22763504] [0.7765057  0.22349428] [0.8638699  0.13613003] [0.17644328 0.8235567 ] [0.90012676 0.09987321] [0.67906195 0.32093805] [0.4379829  0.56201714] [0.9644136  0.03558641] [0.947993   0.05200697] [0.9736651  0.02633488] [0.9516799  0.04832007] [0.9808894  0.01911065] [0.9624493  0.03755073] [0.75989455 0.2401055 ] [0.99490297 0.00509702] [0.73971426 0.26028582] [0.9777581  0.02224196] [0.875126   0.12487396] [0.3835045 0.6164955] [0.99303246 0.00696749] [0.9927757 0.0072243] [0.9544144 0.0455856] [0.89652216 0.10347788] [0.98541254 0.01458748] [0.81005263 0.18994732] [0.20035328 0.79964674] [0.09683127 0.90316874] [0.9772399  0.02276007] [0.73871297 0.261287  ] [0.9934661 0.0065339] [0.7965589  0.20344108] [0.9921564  0.00784365] [0.9358347  0.06416529] [0.05773362 0.94226635] [0.3045895  0.69541055] [0.98532134 0.01467868] [0.49643025 0.5035698 ] [0.5717666 0.4282333] [0.7250536  0.27494642] [0.67897433 0.32102567] [0.6701611 0.3298389] [0.9892757  0.01072423] [0.8506764  0.14932352] [0.8399336  0.16006644] [0.18393257 0.81606746] [0.7995803  0.20041968] [0.9901693  0.00983079] [0.9433482  0.05665176] [0.9985403  0.00145968] [0.531998 0.468002] [0.9919722  0.00802782] [0.9306163  0.06938367] [0.7682089  0.23179102] [0.7704677  0.22953232] [0.8996141  0.10038593] [0.964368   0.03563203] [0.66855496 0.33144507] [0.3662473 0.6337527] [0.9934011  0.00659882] [0.5437608  0.45623925] [0.96997607 0.03002389] [0.9913441  0.00865593] [0.2405611  0.75943893] [0.9612552  0.03874477],1 0 1 1 0 1 0 0 0 0 1 1 0 0 0 0 0 0 1 0 0 1 0 0 0 1 1 0 0 0 0 0 1 0 1 1 0 0 1 0 1 1 0 0 0 0 1 1 0 0 0 0 1 0 0 1 1 0 1 0 1 0 1 0 1 0 0 0 1 0 1 1 1 0 0 0 1 1 1 0 0 0 0 0 0 1 1 1 0 0 1 0 1 0 0 0 0 0 1 0 0 0 1 0 0 1 0 0 0 0 1 0 0 1 0 0 0 0 0 1 0 0 0 1 0 0 1 1 1 0 0 0 0 1 0 0 0 0 1 0 0 0 1 0 0 0 1 0 1 0 0 1 0
46921,0,realmlp,0.02,5000,5000,0.7272727272727273,0.7781481481481481,[0.6117357  0.38826436] [0.02715547 0.97284454] [0.06058515 0.9394148 ] [0.8662466  0.13375339] [0.5959121  0.40408793] [0.06399877 0.93600124] [0.73682004 0.26317993] [0.5555009  0.44449905] [0.8019746  0.19802535] [0.549483 0.450517] [0.6094524  0.39054757] [0.59038776 0.4096122 ] [0.88798946 0.11201059] [0.02108577 0.97891426] [0.87526643 0.12473357] [0.16459389 0.83540606] [0.7484903  0.25150976] [0.91824794 0.08175209] [0.02452079 0.9754792 ] [0.23453797 0.76546204] [0.46587595 0.5341241 ] [0.19286342 0.80713654] [0.0230602 0.9769398] [0.93096167 0.06903835] [0.9130051  0.08699492] [0.8162889  0.18371116] [0.841777   0.15822297] [0.6780237  0.32197633] [0.79794216 0.20205778] [0.03468009 0.96531993] [0.4090526 0.5909474] [0.9329154  0.06708466] [0.02409907 0.9759009 ] [0.34453198 0.65546805] [0.9199956  0.08000447] [0.88891697 0.11108308] [0.6199308 0.3800692] [0.8635282  0.13647181] [0.67541224 0.32458773] [0.08585477 0.91414523] [0.17746146 0.8225385 ] [0.9542773  0.04572264] [0.2592807 0.7407193] [0.88225895 0.11774103] [0.8098666 0.1901334] [0.74950045 0.25049955] [0.94812125 0.0518787 ] [0.8666184  0.13338162] [0.52776647 0.47223356] [0.3228334  0.67716664] [0.5167506  0.48324946] [0.93576485 0.06423516] [0.46572232 0.53427774] [0.8795383  0.12046169] [0.09537899 0.90462095] [0.11626811 0.88373196] [0.851275 0.148725] [0.0919398  0.90806013] [0.91021806 0.08978187] [0.7043691  0.29563084] [0.8492665 0.1507335] [0.01572612 0.98427385] [0.34481642 0.6551836 ] [0.78538185 0.2146181 ] [0.5025675  0.49743247] [0.89648217 0.10351778] [0.5458895 0.4541105] [0.2643459  0.73565406] [0.36448303 0.635517  ] [0.5304587  0.46954137] [0.91401875 0.08598123] [0.03723621 0.9627638 ] [0.95469433 0.04530566] [0.6319173 0.3680827] [0.9583262  0.04167373] [0.5925679 0.4074321] [0.0438747  0.95612526] [0.62419397 0.37580594] [0.49392712 0.5060729 ] [0.49549723 0.5045028 ] [0.78448325 0.21551673] [0.6885385  0.31146154] [0.9151421  0.08485787] [0.9247347  0.07526527] [0.9520644  0.04793563] [0.8211082 0.1788918] [0.8056666  0.19433339] [0.21350512 0.78649485] [0.30015495 0.6998451 ] [0.23122454 0.76877546] [0.21791835 0.78208166] [0.35110483 0.6488952 ] [0.19719401 0.80280596] [0.0827442 0.9172558] [0.7067005  0.29329947] [0.90386635 0.09613371] [0.76682425 0.23317572] [0.02520664 0.9747934 ] [0.89868295 0.10131697] [0.64173985 0.35826007] [0.9209508  0.07904928] [0.9208234  0.07917666] [0.51461035 0.48538962] [0.6125895  0.38741052] [0.14677545 0.8532245 ] [0.05308627 0.94691366] [0.6332922 0.3667078] [0.8847356  0.11526437] [0.02588017 0.9741199 ] [0.3281013  0.67189866] [0.34783927 0.65216076] [0.01933765 0.9806623 ] [0.94605136 0.0539487 ] [0.64771014 0.35228983] [0.45946217 0.5405378 ] [0.9033242  0.09667585] [0.93561    0.06439003] [0.25516817 0.7448318 ] [0.91704124 0.0829588 ] [0.42413464 0.5758653 ] [0.94636023 0.0536398 ] [0.89269334 0.10730671] [0.8730162 0.1269839] [0.43583986 0.5641601 ] [0.10056942 0.89943063] [0.4261446  0.57385534] [0.95011425 0.0498858 ] [0.5723583 0.4276417] [0.94770414 0.05229583] [0.8390401  0.16095985] [0.7728262  0.22717382] [0.94001687 0.0599831 ] [0.34973204 0.650268  ] [0.24589778 0.75410223] [0.7822755  0.21772452] [0.78858984 0.21141014] [0.06742563 0.93257433] [0.36906025 0.6309398 ] [0.7176085  0.28239155] [0.391641  0.6083589] [0.8611678  0.13883215] [0.85169554 0.14830454] [0.8395101 0.1604899] [0.924013 0.075987] [0.7363624  0.26363757] [0.88800806 0.11199193] [0.17543457 0.8245655 ] [0.4179026 0.5820975] [0.8900912  0.10990889] [0.92616296 0.07383709] [0.48343137 0.51656866] [0.7483501  0.25164986] [0.9010617  0.09893827] [0.86814964 0.13185032],0 1 1 0 0 0 0 1 0 0 0 0 0 1 1 0 0 0 1 0 0 0 1 1 0 0 0 0 0 0 0 0 1 0 0 0 1 0 0 1 0 0 1 0 0 0 0 0 0 0 1 0 1 1 1 1 0 0 0 0 0 1 0 0 0 0 1 1 1 1 0 0 0 1 1 0 1 0 0 0 0 0 0 0 0 0 1 1 1 1 1 1 1 1 0 0 0 1 0 1 0 0 1 0 0 0 1 0 1 1 0 0 0 1 0 1 0 1 0 0 0 0 0 1 1 0 0 0 0 0 0 0 0 1 0 0 1 1 0 1 0 1 1 0 0 0 1 1 0 0 1 1 0 0
46921,1,realmlp,0.02,5000,5000,0.7727272727272727,0.802962962962963,[0.69836175 0.3016383 ] [0.46364588 0.53635406] [0.72065645 0.27934358] [0.399938 0.600062] [0.9424234  0.05757656] [0.98187166 0.01812832] [0.02203716 0.9779628 ] [0.96115017 0.03884989] [0.32471308 0.675287  ] [0.20456019 0.7954398 ] [0.21554208 0.7844579 ] [0.81753683 0.18246323] [0.31447318 0.68552685] [0.45499787 0.5450021 ] [0.95880973 0.04119023] [0.80988777 0.1901122 ] [0.79184246 0.20815751] [0.9885565  0.01144343] [0.03519662 0.96480334] [0.97210544 0.02789452] [0.92379    0.07620998] [0.9063249  0.09367514] [0.4162121  0.58378786] [0.07359595 0.92640406] [0.9425724  0.05742758] [0.04058663 0.9594134 ] [0.4796417  0.52035826] [0.14774352 0.8522565 ] [0.47188944 0.52811056] [0.23722407 0.76277596] [0.19086683 0.8091332 ] [0.09269676 0.9073032 ] [0.90957695 0.0904231 ] [0.85403425 0.14596577] [0.81751984 0.18248014] [0.9357212  0.06427871] [0.58312654 0.41687343] [0.11064741 0.88935256] [0.6013828 0.3986172] [0.9409832  0.05901686] [0.9423557  0.05764434] [0.53039306 0.46960688] [0.9716484  0.02835154] [0.62290055 0.3770994 ] [0.73343354 0.2665665 ] [0.08994398 0.91005605] [0.42909408 0.57090586] [0.9928631  0.00713694] [0.9223018  0.07769819] [0.9261908  0.07380927] [0.8871509 0.1128491] [0.9870242  0.01297583] [0.90587187 0.0941281 ] [0.8500367  0.14996338] [0.94734615 0.05265381] [0.30276754 0.6972325 ] [0.68541557 0.3145844 ] [0.11028883 0.8897112 ] [0.6038709  0.39612913] [0.93097234 0.06902768] [0.66710114 0.33289886] [0.74912274 0.25087732] [0.6030793  0.39692062] [0.11030062 0.8896994 ] [0.5185609  0.48143905] [0.25932693 0.740673  ] [0.98129946 0.0187005 ] [0.20599928 0.7940007 ] [0.96610725 0.03389276] [0.62467736 0.37532264] [0.38568354 0.61431646] [0.43273002 0.56727004] [0.8135329  0.18646702] [0.94976324 0.05023677] [0.9672027  0.03279732] [0.9473316  0.05266839] [0.8807644  0.11923561] [0.806171 0.193829] [0.7321451  0.26785487] [0.36328855 0.6367114 ] [0.35360777 0.6463922 ] [0.9295182  0.07048182] [0.5096572  0.49034286] [0.8710389  0.12896107] [0.6903153  0.30968466] [0.95621777 0.04378219] [0.96325266 0.03674738] [0.7787274  0.22127259] [0.9886001  0.01139984] [0.60811883 0.39188114] [0.4952453 0.5047546] [0.04861282 0.95138717] [0.9874577  0.01254233] [0.7544055  0.24559452] [0.978564   0.02143594] [0.3093532  0.69064677] [0.9807601  0.01923989] [0.61034197 0.38965806] [0.9034282  0.09657186] [0.3400478 0.6599521] [0.4369704 0.5630296] [0.9647535  0.03524644] [0.00366408 0.99633586] [0.95335424 0.04664571] [0.28686595 0.71313405] [0.5872544 0.4127456] [0.9786478  0.02135216] [0.9723777  0.02762232] [0.11563032 0.8843697 ] [0.74392736 0.25607267] [0.5915411  0.40845895] [0.78408825 0.21591175] [0.7431492  0.25685084] [0.2570218 0.7429782] [0.05589633 0.9441036 ] [0.96004695 0.03995302] [0.8024262  0.19757372] [0.71655405 0.28344595] [0.8338694  0.16613057] [0.9066264  0.09337356] [0.82607824 0.17392175] [0.87033707 0.12966299] [0.90952796 0.09047208] [0.07080944 0.9291906 ] [0.6174397  0.38256028] [0.34573525 0.65426475] [0.81632304 0.18367702] [0.93849456 0.06150539] [0.9615716 0.0384284] [0.9175473  0.08245268] [0.02412943 0.9758706 ] [0.01339968 0.98660034] [0.10360542 0.8963946 ] [0.99332196 0.00667801] [0.15762493 0.8423751 ] [0.45189765 0.5481024 ] [0.91927576 0.08072427] [0.02597972 0.97402024] [0.8838635  0.11613652] [0.9774293  0.02257073] [0.8133581  0.18664184] [0.01297385 0.98702615] [0.0409008  0.95909923] [0.97093743 0.02906257] [0.32444957 0.6755504 ] [0.7308124 0.2691876] [0.9548792  0.04512076] [0.9664373  0.03356268] [0.98526704 0.01473296] [0.78120303 0.21879703] [0.92962235 0.07037768] [0.9718478  0.02815221] [0.8060265  0.19397353] [0.72716117 0.27283886],1 0 0 1 0 0 1 1 1 1 1 0 1 1 0 0 1 0 1 0 0 0 1 1 0 1 0 0 1 1 1 1 0 0 0 0 0 0 0 0 1 0 0 1 0 1 1 0 0 0 0 0 1 0 0 0 0 0 1 0 1 0 0 1 0 0 0 1 0 1 0 0 1 0 0 0 0 0 0 1 0 0 1 0 0 0 0 1 0 0 1 0 0 0 0 1 0 0 0 0 0 0 1 0 0 0 1 0 0 1 0 1 0 1 1 1 0 0 0 0 0 0 0 1 0 1 0 0 1 1 1 1 1 0 0 1 0 1 0 0 0 1 1 0 1 0 0 0 0 0 0 0 0 1
46921,2,realmlp,0.02,5000,5000,0.7792207792207793,0.8425925925925924,[0.4420332 0.5579668] [0.70003    0.29997003] [0.8829807  0.11701933] [0.94210875 0.05789127] [0.851644 0.148356] [0.80773467 0.19226533] [0.73087585 0.26912415] [0.91964537 0.08035465] [0.3823309  0.61766917] [0.3281652  0.67183477] [0.8916532  0.10834686] [0.8297941  0.17020583] [0.9751349 0.0248651] [0.9415778  0.05842217] [0.12171678 0.87828326] [0.01081072 0.98918927] [0.8162493  0.18375066] [0.2346107  0.76538926] [0.8222643  0.17773573] [0.14655349 0.85344654] [0.3084618 0.6915383] [0.7968563  0.20314375] [0.04992357 0.95007646] [0.79384774 0.20615223] [0.9650432  0.03495676] [0.9772373  0.02276263] [0.5269739  0.47302607] [0.03795112 0.9620488 ] [0.6890608  0.31093916] [0.696955   0.30304495] [0.7541503  0.24584968] [0.03669872 0.9633013 ] [0.20277397 0.797226  ] [0.94714665 0.05285335] [0.49034375 0.5096562 ] [0.65373117 0.34626883] [0.31556478 0.68443525] [0.9334585  0.06654154] [0.29491207 0.7050879 ] [0.9626081  0.03739183] [0.8768818  0.12311826] [0.7798659  0.22013411] [0.08461289 0.9153871 ] [0.4032584 0.5967415] [0.02243343 0.97756654] [0.19581325 0.80418676] [0.9061487  0.09385134] [0.52828854 0.4717115 ] [0.7630715  0.23692855] [0.6568858  0.34311417] [0.39064753 0.60935247] [0.9252037 0.0747963] [0.73435247 0.2656476 ] [0.96615857 0.03384143] [0.9449346  0.05506543] [0.86847526 0.13152474] [0.31414008 0.68585986] [0.01839206 0.9816079 ] [0.66976213 0.3302379 ] [0.467309   0.53269094] [0.5503774  0.44962257] [0.29941973 0.70058024] [0.92532974 0.07467026] [0.9531257 0.0468743] [0.9357115  0.06428844] [0.95090413 0.04909582] [0.02902532 0.97097474] [0.9340457  0.06595431] [0.60256165 0.39743838] [0.91236544 0.08763458] [0.45424774 0.5457522 ] [0.20603354 0.7939665 ] [0.16735448 0.83264554] [0.9486054  0.05139451] [0.02034691 0.9796531 ] [0.9694679 0.0305321] [0.9510189  0.04898102] [0.15290841 0.84709156] [0.71645594 0.28354406] [0.9500883  0.04991167] [0.9599295  0.04007054] [0.09815417 0.9018458 ] [0.3097662 0.6902337] [0.65879697 0.341203  ] [0.3211009 0.6788991] [0.96344745 0.03655256] [0.70749086 0.29250914] [0.9693905  0.03060953] [0.9305021  0.06949786] [0.08587364 0.9141263 ] [0.6918394  0.30816057] [0.92907625 0.07092381] [0.96508306 0.03491697] [0.75661516 0.24338487] [0.52799517 0.47200483] [0.5372723  0.46272773] [0.07148849 0.92851156] [0.68061036 0.31938958] [0.9657471  0.03425292] [0.7149514  0.28504857] [0.90868175 0.09131831] [0.9642893  0.03571067] [0.8076893  0.19231069] [0.00463027 0.99536973] [0.96050185 0.03949821] [0.94297624 0.05702382] [0.87334883 0.12665114] [0.9775915  0.02240846] [0.8005165  0.19948353] [0.98191214 0.01808787] [0.8354612  0.16453877] [0.96791995 0.03208009] [0.70082164 0.2991784 ] [0.21442167 0.7855783 ] [0.74411976 0.25588018] [0.1849853 0.8150147] [0.6431391 0.3568608] [0.6387192  0.36128077] [0.9657444  0.03425571] [0.872419   0.12758099] [0.9231596  0.07684038] [0.7714415  0.22855847] [0.95852727 0.0414727 ] [0.93367535 0.06632469] [0.96386904 0.03613094] [0.20724496 0.79275507] [0.39697266 0.6030273 ] [0.62660396 0.37339604] [0.13117504 0.868825  ] [0.95968163 0.0403183 ] [0.50407374 0.4959262 ] [0.68049204 0.31950793] [0.38637784 0.6136222 ] [0.3901287 0.6098713] [0.908322   0.09167805] [0.97193617 0.02806387] [0.1884406 0.8115594] [0.07524595 0.9247541 ] [0.98361117 0.01638876] [0.85212886 0.14787117] [0.16208716 0.83791286] [0.37997976 0.6200202 ] [0.81390107 0.18609892] [0.96605796 0.03394203] [0.77273667 0.22726336] [0.2637757  0.73622435] [0.81164247 0.18835755] [0.40589055 0.5941095 ] [0.94270027 0.05729974] [0.80977833 0.19022167] [0.4221948  0.57780516] [0.9612723  0.03872775] [0.39659995 0.60340005] [0.07649858 0.9235014 ],1 0 1 0 0 1 1 0 0 1 0 0 0 0 1 1 0 1 0 1 1 0 1 0 0 0 1 0 0 0 0 1 0 0 1 0 1 0 0 0 0 0 1 1 1 0 0 0 0 0 1 0 0 0 0 0 0 0 0 0 1 1 0 0 0 0 1 0 1 0 0 1 1 0 0 1 0 0 1 0 0 1 1 1 1 0 0 0 0 1 0 0 1 0 1 1 1 1 0 0 0 0 0 1 0 0 0 0 0 0 0 0 0 1 0 1 0 0 0 0 0 0 0 0 0 1 0 1 1 0 1 1 1 1 0 0 1 0 0 0 1 0 1 0 0 0 0 1 0 1 1 0 0 1
46921,3,realmlp,0.02,5000,5000,0.738562091503268,0.8075471698113207,[0.9088253  0.09117469] [0.862478   0.13752194] [0.70265317 0.2973468 ] [0.8745173  0.12548271] [0.982928   0.01707201] [0.18957344 0.8104266 ] [0.9318114  0.06818855] [0.34901962 0.6509804 ] [0.18619096 0.813809  ] [0.11369859 0.8863014 ] [0.82803917 0.17196086] [0.9922873  0.00771271] [0.76391464 0.2360853 ] [0.9837413  0.01625866] [0.94906336 0.05093667] [0.79291606 0.20708393] [0.9968098  0.00319016] [0.11515723 0.8848428 ] [0.85820085 0.1417991 ] [0.22808062 0.7719194 ] [0.7977557  0.20224428] [0.86192036 0.13807961] [0.57736737 0.42263263] [0.9126075  0.08739247] [0.84843177 0.1515682 ] [0.71842355 0.28157642] [0.65570325 0.34429675] [0.2075855  0.79241455] [0.95557034 0.04442963] [0.95984757 0.04015241] [0.9512573  0.04874275] [0.4957799 0.5042202] [0.3735831 0.6264169] [0.7460972  0.25390282] [0.6169149  0.38308507] [0.9440504  0.05594959] [0.88268805 0.11731196] [0.6428811  0.35711884] [0.10425845 0.8957416 ] [0.97542894 0.02457104] [0.39215264 0.6078474 ] [0.99003196 0.00996805] [0.91915625 0.08084374] [0.9695636  0.03043637] [0.9453602 0.0546398] [0.8872119  0.11278808] [0.67717314 0.32282683] [0.71436983 0.2856301 ] [0.72455305 0.27544692] [0.6850258  0.31497422] [0.9120677  0.08793232] [0.9917053 0.0082947] [0.92740345 0.07259655] [0.9889021  0.01109792] [0.12670223 0.87329775] [0.6514513 0.3485487] [0.6713062 0.3286938] [0.8225252 0.1774748] [0.01869608 0.98130393] [0.88011724 0.11988277] [0.50764054 0.49235943] [0.9896108  0.01038919] [0.8726033  0.12739666] [0.9579986  0.04200149] [0.95548034 0.04451972] [0.9610486  0.03895134] [0.14673305 0.85326695] [0.710449   0.28955096] [0.6478332  0.35216674] [0.9481247  0.05187533] [0.9795274  0.02047259] [0.07818741 0.9218126 ] [0.01850807 0.98149186] [0.50680375 0.4931962 ] [0.9516747  0.04832529] [0.98841316 0.01158689] [0.966446   0.03355408] [0.12509161 0.87490845] [0.955981   0.04401901] [0.8726685  0.12733148] [0.70319885 0.29680112] [0.6630413  0.33695874] [0.987926   0.01207399] [0.8978991  0.10210093] [0.58871233 0.41128764] [0.74907786 0.25092214] [0.5111807  0.48881927] [0.99600106 0.00399897] [0.8982512  0.10174877] [0.20364009 0.7963599 ] [0.9978441  0.00215588] [0.7878243  0.21217567] [0.9646939  0.03530607] [0.2610553 0.7389447] [0.46513376 0.5348663 ] [0.91605544 0.08394457] [0.2803924 0.7196076] [0.7174386  0.28256145] [0.7080913  0.29190868] [0.96279925 0.03720072] [0.5840977  0.41590232] [0.14026366 0.8597363 ] [0.9626279  0.03737209] [0.60350245 0.39649752] [0.9747833  0.02521662] [0.9147575  0.08524252] [0.7659987  0.23400126] [0.46203488 0.5379651 ] [0.24485241 0.7551476 ] [0.7549328  0.24506724] [0.9666313  0.03336867] [0.94080585 0.05919418] [0.04751315 0.9524869 ] [0.84471816 0.15528187] [0.96669835 0.03330166] [0.8757005  0.12429959] [0.16481 0.83519] [0.60343844 0.39656153] [0.05688882 0.9431112 ] [0.8010732 0.1989268] [0.13014422 0.86985576] [0.88539046 0.11460954] [0.9907556  0.00924442] [0.4904913 0.5095087] [0.91417176 0.08582826] [0.23324086 0.76675916] [0.91971767 0.08028236] [0.09045428 0.90954566] [0.9793975  0.02060252] [0.9949285 0.0050715] [0.89974886 0.10025109] [0.46888885 0.5311112 ] [0.9707987  0.02920132] [0.49205318 0.5079468 ] [0.8478336  0.15216646] [0.8868745  0.11312549] [0.9721181  0.02788199] [0.868145 0.131855] [0.68686426 0.3131357 ] [0.68684363 0.31315637] [0.6596414  0.34035864] [0.15851955 0.84148043] [0.9213924  0.07860761] [0.96408415 0.03591582] [0.9782518  0.02174821] [0.9488096  0.05119033] [0.75320864 0.24679142] [0.28155777 0.71844226] [0.9334378 0.0665622] [0.2865707 0.7134293] [0.9487789  0.05122111] [0.0628903 0.9371097] [0.96294314 0.03705685],0 1 1 0 1 1 0 0 1 1 0 0 0 0 0 0 0 1 0 1 1 1 1 1 0 1 0 0 0 0 0 1 0 0 1 0 0 0 1 0 0 0 0 0 0 0 1 0 1 0 0 0 0 0 1 0 1 0 1 0 1 0 0 0 0 0 0 0 1 0 0 0 1 0 0 0 0 1 0 1 1 1 0 0 0 0 1 0 1 1 0 0 0 0 0 0 1 1 0 0 1 0 0 0 0 0 0 1 1 1 0 1 1 0 0 0 1 0 1 1 1 0 0 1 0 0 1 1 0 0 0 1 0 0 0 0 0 0 1 0 0 1 1 0 0 1 0 1 0 1 0 0 0
46921,4,realmlp,0.02,5000,5000,0.7777777777777778,0.8228301886792453,[0.8411231  0.15887694] [0.95736563 0.04263434] [0.09960583 0.9003942 ] [0.3405948 0.6594052] [0.9310829  0.06891716] [0.3880404 0.6119595] [0.7614353  0.23856476] [0.9862466  0.01375342] [0.98105985 0.01894022] [0.85490704 0.14509298] [0.07620442 0.9237956 ] [0.85927993 0.14072007] [0.6369425 0.3630575] [0.9900893  0.00991069] [0.40579972 0.59420025] [0.75332946 0.24667057] [0.94468254 0.05531751] [0.9571123  0.04288773] [0.13036942 0.8696306 ] [0.87215316 0.1278468 ] [0.95582926 0.04417073] [0.77354896 0.22645096] [0.6170222  0.38297775] [0.95606786 0.04393217] [0.654762   0.34523803] [0.9362523  0.06374769] [0.19805835 0.80194163] [0.9744562  0.02554383] [0.8289759  0.17102411] [0.15218171 0.84781826] [0.93203294 0.06796709] [0.95916724 0.04083276] [0.4674845 0.5325155] [0.9905415  0.00945842] [0.29316235 0.70683765] [0.15478024 0.84521973] [0.996666   0.00333398] [0.9432256  0.05677439] [0.8758664  0.12413359] [0.99767274 0.00232721] [0.40109423 0.5989058 ] [0.74089783 0.25910217] [0.9797447  0.02025538] [0.92074364 0.07925635] [0.95597947 0.04402056] [0.9980926  0.00190741] [0.42388687 0.5761131 ] [0.34610507 0.6538949 ] [0.6574666 0.3425335] [0.7250861  0.27491388] [0.89943546 0.10056456] [0.90059286 0.0994072 ] [0.10060778 0.89939225] [0.7765157  0.22348425] [0.9522693  0.04773074] [0.38418606 0.61581385] [0.5438762  0.45612383] [0.87260413 0.12739584] [0.74303615 0.25696376] [0.7115426  0.28845733] [0.7604587  0.23954128] [0.7616638  0.23833618] [0.6744575  0.32554257] [0.9883791  0.01162083] [0.9710939  0.02890614] [0.99571013 0.0042899 ] [0.98467124 0.01532879] [0.6764388  0.32356122] [0.2461353  0.75386465] [0.4230615 0.5769385] [0.97184485 0.02815515] [0.5278104  0.47218964] [0.5140596  0.48594034] [0.9165077  0.08349228] [0.95784825 0.04215178] [0.9653878  0.03461217] [0.45936304 0.54063696] [0.02240465 0.9775954 ] [0.1048815 0.8951185] [0.9026969  0.09730306] [0.98957765 0.01042238] [0.36193278 0.6380673 ] [0.91373914 0.0862608 ] [0.89360094 0.10639912] [0.9008613  0.09913872] [0.7387129  0.26128706] [0.05139494 0.948605  ] [0.23730749 0.7626925 ] [0.99585116 0.00414887] [0.8595698  0.14043023] [0.35267922 0.6473208 ] [0.45370808 0.5462919 ] [0.04053329 0.95946676] [0.588689   0.41131097] [0.54786646 0.45213354] [0.27390406 0.7260959 ] [0.9055281  0.09447192] [0.90415245 0.0958476 ] [0.7620462  0.23795381] [0.41987705 0.58012295] [0.9900121  0.00998793] [0.99813145 0.00186852] [0.37699643 0.6230036 ] [0.9455696  0.05443042] [0.6540774  0.34592256] [0.84606147 0.15393856] [0.92940736 0.07059266] [0.64665145 0.35334852] [0.95801157 0.04198842] [0.9434349  0.05656508] [0.7539367  0.24606329] [0.9497241  0.05027596] [0.96118087 0.03881907] [0.92480946 0.07519051] [0.22253653 0.77746344] [0.06030836 0.93969166] [0.9832001  0.01679998] [0.6280368 0.3719633] [0.9246394  0.07536057] [0.4568118  0.54318815] [0.9337919  0.06620816] [0.9634374  0.03656257] [0.0780862 0.9219138] [0.77878124 0.2212188 ] [0.89988816 0.10011187] [0.8782824  0.12171754] [0.6576832  0.34231678] [0.16308169 0.8369183 ] [0.09592582 0.9040742 ] [0.02395956 0.9760405 ] [0.99627185 0.0037281 ] [0.851271   0.14872901] [0.55208755 0.44791248] [0.26881778 0.7311822 ] [0.06457531 0.9354247 ] [0.98748183 0.01251818] [0.98123324 0.01876671] [9.992673e-01 7.327271e-04] [0.2366044  0.76339555] [0.96851337 0.03148665] [0.8429137  0.15708627] [0.7997385  0.20026147] [0.6030335  0.39696652] [0.59637606 0.40362394] [0.98978806 0.01021197] [0.74312747 0.25687253] [0.20934021 0.7906598 ] [0.9842451  0.01575488] [0.01174987 0.98825014] [0.9123295  0.08767053] [0.5681819  0.43181816] [0.42974982 0.5702502 ] [0.82980144 0.17019854],1 0 1 1 0 1 0 0 0 0 1 1 0 0 0 0 0 0 1 0 0 1 0 0 0 1 1 0 0 0 0 0 1 0 1 1 0 0 1 0 1 1 0 0 0 0 1 1 0 0 0 0 1 0 0 1 1 0 1 0 1 0 1 0 1 0 0 0 1 0 1 1 1 0 0 0 1 1 1 0 0 0 0 0 0 1 1 1 0 0 1 0 1 0 0 0 0 0 1 0 0 0 1 0 0 1 0 0 0 0 1 0 0 1 0 0 0 0 0 1 0 0 0 1 0 0 1 1 1 0 0 0 0 1 0 0 0 0 1 0 0 0 1 0 0 0 1 0 1 0 0 1 0
46921,0,realmlp,0.02,10000,10000,0.7467532467532467,0.7918518518518518,[0.05985047 0.9401495 ] [0.04903192 0.950968  ] [0.08581199 0.9141881 ] [0.88228863 0.1177114 ] [0.93513393 0.06486601] [0.7158096  0.28419045] [0.94834965 0.05165038] [0.68320423 0.31679577] [0.9686368  0.03136321] [0.928696   0.07130402] [0.83496493 0.1650351 ] [0.818912 0.181088] [0.59307617 0.40692383] [0.03138213 0.9686179 ] [0.68030995 0.31969008] [0.19501135 0.8049886 ] [0.9214353  0.07856471] [0.9052092  0.09479076] [0.08408574 0.9159143 ] [0.42992955 0.57007045] [0.7230074 0.2769926] [0.82336456 0.17663541] [0.08166367 0.9183364 ] [0.9515567  0.04844327] [0.98105603 0.018944  ] [0.96084476 0.03915524] [0.9159279  0.08407207] [0.5239774  0.47602257] [0.95767874 0.0423212 ] [0.0435948 0.9564052] [0.9399544  0.06004565] [0.93865144 0.06134858] [0.01039403 0.989606  ] [0.88398516 0.11601484] [0.9355026 0.0644974] [0.9489045  0.05109551] [0.7579126  0.24208741] [0.9283388  0.07166113] [0.8710545  0.12894559] [0.03759494 0.962405  ] [0.22548345 0.7745166 ] [0.9811029  0.01889711] [0.18039894 0.81960106] [0.7546727  0.24532728] [0.98369354 0.01630649] [0.86534274 0.13465731] [0.9683026  0.03169734] [0.96086204 0.03913794] [0.9351552  0.06484473] [0.9657655  0.03423452] [0.96191853 0.03808139] [0.990493   0.00950697] [0.09141523 0.9085848 ] [0.9355533  0.06444668] [0.45580077 0.54419917] [0.20088384 0.79911613] [0.9555292  0.04447085] [0.35626 0.64374] [0.8916482  0.10835186] [0.9337462  0.06625383] [0.8880099  0.11199003] [0.02774022 0.9722598 ] [0.9749025  0.02509746] [0.79722214 0.20277785] [0.85343766 0.14656228] [0.93647826 0.06352179] [0.48363197 0.51636803] [0.21572681 0.7842732 ] [0.17620115 0.8237989 ] [0.8113119  0.18868816] [0.8451296 0.1548704] [0.00887004 0.99113   ] [0.81916445 0.18083547] [0.68662244 0.3133775 ] [0.9241745  0.07582553] [0.87996334 0.12003666] [0.20732869 0.7926714 ] [0.88830906 0.11169089] [0.75191545 0.24808449] [0.94994295 0.05005709] [0.97475976 0.02524019] [0.8899868  0.11001319] [0.95074666 0.04925335] [0.95403147 0.04596846] [0.9320078  0.06799223] [0.92347693 0.07652303] [0.7695109 0.2304891] [0.62648845 0.37351146] [0.27040935 0.7295906 ] [0.1432369 0.8567631] [0.42239553 0.5776045 ] [0.8782107  0.12178931] [0.8564485  0.14355151] [0.18395217 0.81604785] [0.9126241  0.08737595] [0.9744489  0.02555106] [0.7983791  0.20162085] [0.28922218 0.7107779 ] [0.9701385  0.02986148] [0.86446923 0.13553078] [0.9598375  0.04016258] [0.9583444  0.04165563] [0.385922 0.614078] [0.8623251  0.13767488] [0.85717934 0.14282066] [0.7961053  0.20389464] [0.9374486  0.06255133] [0.946996 0.053004] [0.3617653 0.6382348] [0.92248327 0.07751675] [0.9229419  0.07705804] [0.4008531  0.59914684] [0.93661135 0.06338867] [0.6064096  0.39359036] [0.7624629  0.23753707] [0.89398843 0.10601153] [0.9698224  0.03017757] [0.70889807 0.2911019 ] [0.9742765 0.0257236] [0.1656368  0.83436316] [0.97017235 0.02982759] [0.90770006 0.09229992] [0.94841284 0.05158721] [0.957696   0.04230392] [0.14079225 0.8592077 ] [0.27435634 0.72564363] [0.9405541  0.05944598] [0.53591424 0.4640858 ] [0.9590107  0.04098921] [0.83871335 0.1612867 ] [0.9523375  0.04766243] [0.9784359  0.02156419] [0.10020412 0.8997959 ] [0.77255714 0.2274428 ] [0.83038    0.16961992] [0.93781555 0.06218451] [0.1615935  0.83840644] [0.77354836 0.22645165] [0.9561767 0.0438233] [0.37685484 0.62314516] [0.8932155 0.1067845] [0.90812963 0.09187034] [0.82956046 0.17043953] [0.8259422  0.17405772] [0.79133064 0.20866935] [0.87020594 0.12979406] [0.80420786 0.19579212] [0.76809204 0.23190798] [0.96836275 0.03163728] [0.95979846 0.04020147] [0.8086866 0.1913134] [0.8939703  0.10602968] [0.99406105 0.00593898] [0.7164978  0.28350216],0 1 1 0 0 0 0 1 0 0 0 0 0 1 1 0 0 0 1 0 0 0 1 1 0 0 0 0 0 0 0 0 1 0 0 0 1 0 0 1 0 0 1 0 0 0 0 0 0 0 1 0 1 1 1 1 0 0 0 0 0 1 0 0 0 0 1 1 1 1 0 0 0 1 1 0 1 0 0 0 0 0 0 0 0 0 1 1 1 1 1 1 1 1 0 0 0 1 0 1 0 0 1 0 0 0 1 0 1 1 0 0 0 1 0 1 0 1 0 0 0 0 0 1 1 0 0 0 0 0 0 0 0 1 0 0 1 1 0 1 0 1 1 0 0 0 1 1 0 0 1 1 0 0
46921,1,realmlp,0.02,10000,10000,0.7272727272727273,0.8183333333333332,[0.7094909 0.2905091] [0.707613 0.292387] [0.8458752  0.15412478] [0.54708606 0.45291397] [0.96315265 0.03684734] [0.95461696 0.04538307] [0.12490414 0.8750959 ] [0.83132267 0.16867732] [0.51113    0.48887002] [0.10211718 0.89788276] [0.18699825 0.81300175] [0.9862801  0.01371995] [0.89334655 0.10665342] [0.66327995 0.33672008] [0.9680264  0.03197355] [0.5131838  0.48681623] [0.8889812  0.11101884] [0.9436168  0.05638316] [0.03324596 0.966754  ] [0.92161417 0.07838579] [0.8910589  0.10894109] [0.9380165  0.06198355] [0.83065724 0.1693428 ] [0.57867724 0.42132276] [0.9399334  0.06006654] [0.505882   0.49411798] [0.94618964 0.05381037] [0.81548136 0.18451867] [0.888441   0.11155891] [0.6162632  0.38373676] [0.21969315 0.7803069 ] [0.02641604 0.973584  ] [0.94088817 0.05911183] [0.9770925  0.02290745] [0.93066514 0.06933486] [0.8666062  0.13339388] [0.92829776 0.07170223] [0.84709924 0.1529007 ] [0.32252276 0.6774772 ] [0.9542864  0.04571356] [0.84985906 0.15014093] [0.7518997 0.2481003] [0.9494616  0.05053842] [0.56872433 0.4312756 ] [0.94854224 0.05145769] [0.03501326 0.9649868 ] [0.82245094 0.17754905] [0.9815183  0.01848165] [0.92213076 0.07786924] [0.92945373 0.07054629] [0.9057573  0.09424264] [0.9797091  0.02029096] [0.72563213 0.2743678 ] [0.8736528  0.12634726] [0.9770802  0.02291981] [0.1558948  0.84410524] [0.90339226 0.0966077 ] [0.8531168 0.1468832] [0.5314892  0.46851075] [0.94755954 0.05244043] [0.9012502  0.09874975] [0.88456786 0.11543218] [0.73867375 0.26132625] [0.10113892 0.89886105] [0.8551251  0.14487487] [0.7430725  0.25692752] [0.9768818  0.02311825] [0.12529099 0.874709  ] [0.819061   0.18093906] [0.66896766 0.3310324 ] [0.8721674 0.1278326] [0.85069567 0.14930438] [0.90992945 0.09007056] [0.96756715 0.03243285] [0.57682157 0.42317837] [0.9473973  0.05260266] [0.96536535 0.03463465] [0.9230806  0.07691938] [0.9209978  0.07900222] [0.90995246 0.09004756] [0.32244736 0.6775526 ] [0.9707508  0.02924921] [0.95907927 0.04092075] [0.94161344 0.05838654] [0.84098566 0.15901433] [0.98134065 0.0186593 ] [0.9543596  0.04564041] [0.7801945  0.21980551] [0.96967727 0.03032275] [0.7348989  0.26510105] [0.7610954  0.23890455] [0.19782007 0.80217993] [0.9046746  0.09532536] [0.92389417 0.07610578] [0.9423379  0.05766216] [0.91240555 0.08759447] [0.96931386 0.03068614] [0.79532933 0.2046707 ] [0.86728567 0.13271435] [0.92691875 0.07308127] [0.7342608 0.2657392] [0.97005165 0.0299483 ] [0.03627711 0.9637228 ] [0.9612979  0.03870203] [0.3125925  0.68740755] [0.8292155  0.17078444] [0.96041715 0.03958284] [0.96746236 0.03253762] [0.063266   0.93673396] [0.8628494  0.13715066] [0.6528221 0.347178 ] [0.9475827  0.05241724] [0.8787766  0.12122345] [0.86052954 0.13947049] [0.22465271 0.7753473 ] [0.7811381  0.21886186] [0.964881   0.03511899] [0.8447432  0.15525687] [0.9073937  0.09260624] [0.96970737 0.03029264] [0.9336229  0.06637713] [0.95576346 0.04423657] [0.9706771  0.02932289] [0.09811609 0.9018839 ] [0.9069658  0.09303419] [0.09351912 0.9064809 ] [0.93799084 0.0620091 ] [0.9695686  0.03043136] [0.9753118  0.02468818] [0.9194725  0.08052752] [0.03797666 0.9620234 ] [0.22051184 0.77948815] [0.08414037 0.9158596 ] [0.9851518  0.01484818] [0.14839481 0.85160524] [0.44196457 0.5580355 ] [0.946906   0.05309405] [0.22802582 0.7719742 ] [0.9710353  0.02896468] [0.95924324 0.04075677] [0.97198355 0.02801639] [0.317472 0.682528] [0.5507741  0.44922584] [0.9459209  0.05407916] [0.79887676 0.20112322] [0.95538807 0.04461201] [0.95906776 0.0409322 ] [0.9097498  0.09025028] [0.9757075  0.02429249] [0.7791107 0.2208893] [0.9194934  0.08050666] [0.9307492  0.06925078] [0.91927373 0.08072625] [0.7895666  0.21043344],1 0 0 1 0 0 1 1 1 1 1 0 1 1 0 0 1 0 1 0 0 0 1 1 0 1 0 0 1 1 1 1 0 0 0 0 0 0 0 0 1 0 0 1 0 1 1 0 0 0 0 0 1 0 0 0 0 0 1 0 1 0 0 1 0 0 0 1 0 1 0 0 1 0 0 0 0 0 0 1 0 0 1 0 0 0 0 1 0 0 1 0 0 0 0 1 0 0 0 0 0 0 1 0 0 0 1 0 0 1 0 1 0 1 1 1 0 0 0 0 0 0 0 1 0 1 0 0 1 1 1 1 1 0 0 1 0 1 0 0 0 1 1 0 1 0 0 0 0 0 0 0 0 1
46921,2,realmlp,0.02,10000,10000,0.7857142857142857,0.8005555555555556,[0.25337377 0.74662626] [0.92224586 0.07775415] [0.9367279  0.06327217] [0.8963935  0.10360647] [0.47259122 0.5274088 ] [0.38289985 0.6171001 ] [0.9567775  0.04322246] [0.8000834  0.19991657] [0.16975057 0.8302494 ] [0.17820655 0.82179344] [0.9195967  0.08040333] [0.5158444 0.4841556] [0.97739124 0.02260871] [0.9564582  0.04354183] [0.34550542 0.6544946 ] [0.02763176 0.97236824] [0.9422349  0.05776513] [0.31023806 0.68976194] [0.89738166 0.10261834] [0.09272849 0.9072715 ] [0.11428888 0.88571113] [0.8732931  0.12670694] [0.13744178 0.8625582 ] [0.90279573 0.09720433] [0.9689395  0.03106056] [0.97756004 0.02243999] [0.9278159  0.07218409] [0.08461209 0.915388  ] [0.49150556 0.5084945 ] [0.95713395 0.04286608] [0.66038376 0.33961618] [0.04502354 0.9549765 ] [0.10719573 0.8928043 ] [0.95656997 0.04343   ] [0.23305559 0.7669444 ] [0.92975116 0.07024888] [0.17176136 0.82823867] [0.92514247 0.07485759] [0.56991553 0.43008444] [0.9743347  0.02566528] [0.74580103 0.254199  ] [0.9373779  0.06262207] [0.20975539 0.79024464] [0.13748819 0.8625118 ] [0.04986465 0.95013535] [0.6329266  0.36707345] [0.6274762  0.37252373] [0.69857377 0.30142626] [0.3769583 0.6230417] [0.50798666 0.49201337] [0.25553757 0.7444624 ] [0.9326521  0.06734784] [0.7520585  0.24794145] [0.8632839 0.1367161] [0.75448024 0.24551971] [0.9306889  0.06931109] [0.66444886 0.3355511 ] [0.602833   0.39716697] [0.25783634 0.7421637 ] [0.03422607 0.96577394] [0.4635398  0.53646016] [0.16766484 0.8323351 ] [0.8958861 0.1041139] [0.92677546 0.07322453] [0.93795365 0.06204636] [0.9312551  0.06874494] [0.05706905 0.94293094] [0.87432843 0.1256716 ] [0.9256732  0.07432677] [0.60473335 0.3952666 ] [0.8498642  0.15013589] [0.01418242 0.9858176 ] [0.36951107 0.63048893] [0.93070644 0.06929351] [0.06255122 0.93744874] [0.94465953 0.0553405 ] [0.9645384  0.03546154] [0.29281566 0.7071844 ] [0.94674325 0.05325678] [0.94167185 0.05832808] [0.93055594 0.06944408] [0.05470987 0.94529015] [0.6980652 0.3019348] [0.9414622  0.05853782] [0.06921747 0.93078256] [0.880666   0.11933396] [0.9338092  0.06619079] [0.9632947 0.0367053] [0.54065645 0.45934358] [0.22875957 0.7712405 ] [0.53751117 0.4624889 ] [0.81764823 0.18235178] [0.68555963 0.31444037] [0.9512565 0.0487435] [0.5273718  0.47262818] [0.33268055 0.66731954] [0.5493216  0.45067844] [0.90048206 0.09951793] [0.9762732  0.02372675] [0.3984359 0.6015641] [0.77113956 0.22886042] [0.98240745 0.01759253] [0.34532797 0.65467197] [0.01372099 0.986279  ] [0.9538243 0.0461757] [0.96356964 0.03643032] [0.41802743 0.5819726 ] [0.97698694 0.0230131 ] [0.9286824  0.07131759] [0.9116272  0.08837281] [0.95066875 0.0493312 ] [0.855697   0.14430301] [0.6696541  0.33034596] [0.38837537 0.61162466] [0.78554124 0.21445878] [0.7013047  0.29869536] [0.84054136 0.15945858] [0.90826464 0.09173535] [0.9341759  0.06582415] [0.43626058 0.5637394 ] [0.5302686  0.46973136] [0.80179197 0.19820803] [0.80064106 0.19935891] [0.7958404  0.20415957] [0.82027197 0.17972806] [0.23693624 0.76306367] [0.52268195 0.4773181 ] [0.46004868 0.5399513 ] [0.43146017 0.5685398 ] [0.9736979  0.02630208] [0.25620046 0.7437995 ] [0.3941885  0.60581154] [0.75322586 0.24677412] [0.6334169  0.36658308] [0.6786889 0.3213111] [0.931903   0.06809695] [0.32822764 0.67177236] [0.49327496 0.506725  ] [0.92627513 0.07372482] [0.9260792  0.07392079] [0.042763   0.95723706] [0.25654417 0.7434559 ] [0.7608875  0.23911253] [0.9103273  0.08967265] [0.8794094  0.12059063] [0.67945623 0.3205438 ] [0.72301096 0.27698907] [0.29064927 0.7093507 ] [0.9484706  0.05152933] [0.7939013 0.2060987] [0.31673166 0.6832683 ] [0.86375445 0.13624556] [0.84169024 0.1583098 ] [0.08919663 0.9108033 ],1 0 1 0 0 1 1 0 0 1 0 0 0 0 1 1 0 1 0 1 1 0 1 0 0 0 1 0 0 0 0 1 0 0 1 0 1 0 0 0 0 0 1 1 1 0 0 0 0 0 1 0 0 0 0 0 0 0 0 0 1 1 0 0 0 0 1 0 1 0 0 1 1 0 0 1 0 0 1 0 0 1 1 1 1 0 0 0 0 1 0 0 1 0 1 1 1 1 0 0 0 0 0 1 0 0 0 0 0 0 0 0 0 1 0 1 0 0 0 0 0 0 0 0 0 1 0 1 1 0 1 1 1 1 0 0 1 0 0 0 1 0 1 0 0 0 0 1 0 1 1 0 0 1
46921,3,realmlp,0.02,10000,10000,0.7843137254901961,0.8016981132075471,[0.90641266 0.09358736] [0.9195869  0.08041309] [0.48023853 0.51976144] [0.91902375 0.0809762 ] [0.86706233 0.13293764] [0.3072257 0.6927743] [0.9851112 0.0148888] [0.55194575 0.44805422] [0.21165301 0.788347  ] [0.23903042 0.76096964] [0.94084173 0.0591583 ] [0.9779473  0.02205271] [0.736327   0.26367298] [0.97635436 0.02364571] [0.97941375 0.02058632] [0.667524   0.33247605] [0.99524754 0.00475246] [0.54236543 0.45763454] [0.85926384 0.14073618] [0.12548229 0.8745177 ] [0.9539034  0.04609659] [0.36054125 0.6394588 ] [0.6233051  0.37669492] [0.9368545  0.06314555] [0.82696676 0.17303325] [0.13246521 0.8675348 ] [0.59999716 0.4000028 ] [0.5250351  0.47496498] [0.9389609  0.06103912] [0.68686974 0.31313032] [0.9376875  0.06231247] [0.64459336 0.35540658] [0.76621777 0.23378226] [0.7367055  0.26329452] [0.60198295 0.39801702] [0.74937147 0.25062853] [0.6195594  0.38044053] [0.85977167 0.14022838] [0.0995758 0.9004241] [0.9431128  0.05688726] [0.14144598 0.85855395] [0.9627766  0.03722338] [0.8630845  0.13691556] [0.95278883 0.04721121] [0.9854836  0.01451633] [0.8159411  0.18405889] [0.8457029  0.15429716] [0.7635338  0.23646626] [0.4355568 0.5644432] [0.8239085  0.17609149] [0.6944789 0.3055211] [0.94761914 0.05238089] [0.94036746 0.05963259] [0.92206943 0.07793049] [0.499172 0.500828] [0.5901126 0.4098874] [0.6182528 0.3817472] [0.9302344  0.06976558] [0.02301804 0.97698194] [0.86590314 0.13409686] [0.8455089  0.15449114] [0.96987826 0.0301217 ] [0.65028185 0.34971812] [0.8160459  0.18395413] [0.97259796 0.02740199] [0.8897229 0.1102771] [0.24106337 0.75893664] [0.60561967 0.39438027] [0.27207154 0.72792846] [0.8091175 0.1908825] [0.808572   0.19142802] [0.14340663 0.8565934 ] [0.01314375 0.9868563 ] [0.28019464 0.71980536] [0.9056167  0.09438331] [0.99259067 0.00740938] [0.8973329  0.10266709] [0.16447413 0.8355259 ] [0.98127353 0.01872643] [0.9018265  0.09817354] [0.5333831 0.4666169] [0.70272195 0.29727802] [0.99044997 0.00955004] [0.5209806  0.47901943] [0.772569   0.22743103] [0.8190552  0.18094479] [0.68636096 0.31363907] [0.98716193 0.01283811] [0.1885056  0.81149435] [0.0530946 0.9469054] [0.99656326 0.00343676] [0.8700774  0.12992266] [0.81391764 0.18608236] [0.43961334 0.56038666] [0.73532844 0.26467147] [0.67381    0.32618997] [0.4515317  0.54846835] [0.70015025 0.29984978] [0.80237556 0.19762439] [0.9407566  0.05924341] [0.5564806  0.44351932] [0.25341624 0.7465837 ] [0.9845989  0.01540114] [0.38186774 0.61813223] [0.8858415 0.1141585] [0.7772369  0.22276312] [0.5822034 0.4177966] [0.7675645  0.23243545] [0.19196333 0.8080366 ] [0.8054171  0.19458283] [0.91164607 0.08835391] [0.9530129  0.04698713] [0.0817785 0.9182215] [0.8528351 0.1471649] [0.945119   0.05488098] [0.68572867 0.31427136] [0.34835416 0.65164584] [0.71864486 0.28135514] [0.18144898 0.818551  ] [0.59892917 0.40107083] [0.0487239 0.9512761] [0.92748475 0.07251526] [0.96537495 0.03462502] [0.15075487 0.84924513] [0.74825925 0.25174078] [0.10173978 0.89826024] [0.97324604 0.02675396] [0.07594631 0.92405367] [0.96272355 0.03727639] [0.9891032  0.01089678] [0.7122574 0.2877426] [0.11334256 0.8866575 ] [0.9455167  0.05448334] [0.680671   0.31932905] [0.7315568  0.26844326] [0.9464259  0.05357407] [0.95170075 0.04829923] [0.65566295 0.34433705] [0.1840641 0.8159359] [0.73207253 0.26792747] [0.75447357 0.24552648] [0.08304105 0.9169589 ] [0.7957025  0.20429748] [0.8616728  0.13832718] [0.9881633  0.01183671] [0.6634109  0.33658904] [0.52656776 0.4734322 ] [0.4701671  0.52983284] [0.8257526  0.17424741] [0.26029283 0.7397072 ] [0.95965236 0.0403477 ] [0.02454396 0.97545606] [0.9332293  0.06677069],0 1 1 0 1 1 0 0 1 1 0 0 0 0 0 0 0 1 0 1 1 1 1 1 0 1 0 0 0 0 0 1 0 0 1 0 0 0 1 0 0 0 0 0 0 0 1 0 1 0 0 0 0 0 1 0 1 0 1 0 1 0 0 0 0 0 0 0 1 0 0 0 1 0 0 0 0 1 0 1 1 1 0 0 0 0 1 0 1 1 0 0 0 0 0 0 1 1 0 0 1 0 0 0 0 0 0 1 1 1 0 1 1 0 0 0 1 0 1 1 1 0 0 1 0 0 1 1 0 0 0 1 0 0 0 0 0 0 1 0 0 1 1 0 0 1 0 1 0 1 0 0 0
46921,4,realmlp,0.02,10000,10000,0.7320261437908496,0.7971698113207547,[0.8950635  0.10493648] [0.9461142  0.05388583] [0.3599863 0.6400137] [0.44762024 0.5523797 ] [0.9299821  0.07001787] [0.6957476  0.30425236] [0.9422838  0.05771621] [0.92468774 0.07531229] [0.9204579  0.07954209] [0.95709276 0.04290729] [0.24825312 0.7517469 ] [0.43730155 0.5626984 ] [0.6952816  0.30471843] [0.9658691  0.03413094] [0.8122648  0.18773521] [0.42423674 0.5757632 ] [0.7360425 0.2639575] [0.9374951  0.06250485] [0.89951915 0.10048085] [0.6506693  0.34933066] [0.7190378 0.2809623] [0.6839675  0.31603247] [0.94653344 0.05346653] [0.9600564  0.03994359] [0.46751824 0.5324817 ] [0.8549158  0.14508425] [0.33212936 0.6678707 ] [0.9537279  0.04627207] [0.7371039  0.26289606] [0.55545247 0.4445475 ] [0.546556 0.453444] [0.95889544 0.04110457] [0.73526955 0.26473048] [0.931118   0.06888192] [0.3416125 0.6583874] [0.3763516 0.6236484] [0.97049874 0.02950121] [0.68652004 0.31347996] [0.53971994 0.46028003] [0.9493426  0.05065742] [0.10286541 0.89713454] [0.5511056  0.44889438] [0.9704661  0.02953387] [0.28854662 0.71145344] [0.9287112 0.0712888] [0.92624587 0.07375409] [0.87947136 0.12052865] [0.83366144 0.16633858] [0.937506   0.06249393] [0.62665033 0.37334964] [0.86830115 0.13169883] [0.59637773 0.40362227] [0.25361258 0.7463874 ] [0.8914859  0.10851403] [0.9214266  0.07857338] [0.32846415 0.67153585] [0.27342722 0.72657275] [0.94902515 0.05097489] [0.8049825  0.19501752] [0.95925486 0.04074518] [0.67334074 0.32665923] [0.6886896  0.31131044] [0.8249416 0.1750584] [0.88500226 0.11499776] [0.5685061  0.43149388] [0.98147297 0.01852708] [0.9777558  0.02224423] [0.2727174  0.72728264] [0.37289277 0.62710726] [0.4990498 0.5009502] [0.82800335 0.17199664] [0.93704563 0.06295428] [0.49241072 0.50758934] [0.58950543 0.41049457] [0.92925036 0.07074965] [0.28113875 0.7188613 ] [0.6205422  0.37945774] [0.22033364 0.77966636] [0.5416385  0.45836145] [0.9604661  0.03953392] [0.93655795 0.06344206] [0.46039006 0.5396099 ] [0.9419546  0.05804534] [0.91626614 0.08373386] [0.7362398 0.2637602] [0.79450035 0.20549963] [0.32490957 0.67509043] [0.14575166 0.8542484 ] [0.9885492  0.01145081] [0.910836   0.08916409] [0.34686345 0.65313655] [0.9548538  0.04514623] [0.18525656 0.8147434 ] [0.85862446 0.1413756 ] [0.75958323 0.24041675] [0.7092757 0.2907243] [0.9660633  0.03393666] [0.8597441  0.14025597] [0.9090124  0.09098762] [0.94739676 0.05260329] [0.8873219  0.11267807] [0.970617   0.02938294] [0.62077945 0.37922058] [0.9017162  0.09828377] [0.7729403  0.22705972] [0.85920453 0.14079553] [0.6920419  0.30795813] [0.53087455 0.4691254 ] [0.8570224  0.14297764] [0.96067464 0.03932538] [0.940835   0.05916506] [0.81742173 0.18257831] [0.83999515 0.16000485] [0.91304    0.08696002] [0.35041124 0.64958876] [0.25280145 0.7471986 ] [0.9620826  0.03791735] [0.86393195 0.13606812] [0.97060126 0.02939874] [0.75668246 0.24331754] [0.90060174 0.09939829] [0.9609241  0.03907584] [0.5167772 0.4832228] [0.5934392 0.4065608] [0.6952401  0.30475995] [0.491679  0.5083209] [0.29121372 0.70878625] [0.87688994 0.12311008] [0.5877519  0.41224808] [0.6156019  0.38439813] [0.9647169  0.03528305] [0.92916083 0.0708392 ] [0.69906    0.30093995] [0.10338769 0.89661235] [0.32203537 0.6779646 ] [0.9713208  0.02867927] [0.95507187 0.04492817] [0.9857121  0.01428794] [0.24472958 0.7552704 ] [0.98285    0.01715001] [0.9026804  0.09731963] [0.8074583  0.19254173] [0.55835176 0.44164824] [0.6935099  0.30649015] [0.8608448  0.13915522] [0.3796044 0.6203956] [0.3993456 0.6006544] [0.9815832  0.01841678] [0.2724996  0.72750044] [0.92099184 0.07900815] [0.92760247 0.07239748] [0.24259727 0.7574027 ] [0.54998434 0.45001566],1 0 1 1 0 1 0 0 0 0 1 1 0 0 0 0 0 0 1 0 0 1 0 0 0 1 1 0 0 0 0 0 1 0 1 1 0 0 1 0 1 1 0 0 0 0 1 1 0 0 0 0 1 0 0 1 1 0 1 0 1 0 1 0 1 0 0 0 1 0 1 1 1 0 0 0 1 1 1 0 0 0 0 0 0 1 1 1 0 0 1 0 1 0 0 0 0 0 1 0 0 0 1 0 0 1 0 0 0 0 1 0 0 1 0 0 0 0 0 1 0 0 0 1 0 0 1 1 1 0 0 0 0 1 0 0 0 0 1 0 0 0 1 0 0 0 1 0 1 0 0 1 0
46921,0,realmlp,0.02,20000,20000,0.7402597402597403,0.8048148148148148,[0.02648545 0.9735145 ] [0.06431895 0.93568105] [0.06658663 0.9334133 ] [0.7917778  0.20822217] [0.9247801  0.07521991] [0.46925998 0.5307401 ] [0.8816489 0.1183511] [0.8889844  0.11101559] [0.9602432  0.03975682] [0.816905 0.183095] [0.7596187  0.24038136] [0.7964974  0.20350257] [0.6993467  0.30065325] [0.0355763 0.9644238] [0.62757653 0.37242344] [0.15942915 0.84057087] [0.37114516 0.6288549 ] [0.98598564 0.01401442] [0.1297742  0.87022585] [0.1068494 0.8931506] [0.42487943 0.57512057] [0.36322188 0.6367781 ] [0.02423195 0.9757681 ] [0.9155804  0.08441965] [0.96556914 0.03443083] [0.91559637 0.08440367] [0.85591274 0.14408728] [0.8790034  0.12099657] [0.94752985 0.05247011] [0.01475033 0.9852497 ] [0.86956984 0.13043016] [0.97538656 0.02461352] [0.01098408 0.989016  ] [0.91895527 0.08104475] [0.97749305 0.02250698] [0.9942524  0.00574758] [0.4736919  0.52630806] [0.97893643 0.02106354] [0.87481976 0.12518026] [0.04455413 0.9554458 ] [0.15798204 0.84201795] [0.97081923 0.0291808 ] [0.48455605 0.51544404] [0.8558381  0.14416184] [0.98804563 0.01195436] [0.9502843  0.04971568] [0.99140114 0.0085988 ] [0.98290265 0.01709737] [0.9216876  0.07831242] [0.6935667 0.3064333] [0.93194777 0.06805229] [0.9974686  0.00253147] [0.01942325 0.9805768 ] [0.6788292  0.32117078] [0.22606073 0.7739393 ] [0.1842447  0.81575537] [0.9695469  0.03045305] [0.35110095 0.648899  ] [0.91683835 0.0831616 ] [0.97347057 0.02652945] [0.96768516 0.03231487] [0.01506058 0.98493946] [0.9780041  0.02199592] [0.82083637 0.1791636 ] [0.6421224 0.3578776] [0.8903611  0.10963899] [0.2961531  0.70384693] [0.30458552 0.6954145 ] [0.03172177 0.9682782 ] [0.750225 0.249775] [0.7918927 0.2081073] [0.00599108 0.9940089 ] [0.92799693 0.07200308] [0.5617498  0.43825018] [0.8656415  0.13435847] [0.966065   0.03393504] [0.52652115 0.4734788 ] [0.51881206 0.481188  ] [0.9202398  0.07976013] [0.56504244 0.4349576 ] [0.98137075 0.0186292 ] [0.578465 0.421535] [0.973281   0.02671902] [0.9463405  0.05365954] [0.9886431  0.01135687] [0.85215807 0.14784195] [0.8771441  0.12285584] [0.4225205  0.57747954] [0.16116071 0.83883935] [0.31468707 0.6853129 ] [0.14078788 0.8592121 ] [0.47759795 0.52240205] [0.89449835 0.10550172] [0.15397114 0.84602886] [0.9699744  0.03002561] [0.98401767 0.01598227] [0.7171343  0.28286576] [0.02035036 0.97964966] [0.98530364 0.01469642] [0.79240173 0.2075983 ] [0.9896483  0.01035179] [0.9830551  0.01694481] [0.16185273 0.8381473 ] [0.7439561  0.25604394] [0.61576635 0.38423368] [0.741388 0.258612] [0.8791463  0.12085368] [0.9866145 0.0133855] [0.18451855 0.8154814 ] [0.8540825  0.14591748] [0.47291926 0.5270807 ] [0.11330785 0.88669217] [0.9354756  0.06452441] [0.92963874 0.07036123] [0.69284004 0.30715993] [0.94428504 0.05571494] [0.9838589  0.01614109] [0.41207412 0.5879259 ] [0.95994294 0.04005704] [0.16890772 0.83109224] [0.9927347  0.00726532] [0.91896236 0.0810377 ] [0.92101014 0.07898986] [0.8739694  0.12603067] [0.04029123 0.95970875] [0.24380262 0.7561974 ] [0.9384679  0.06153211] [0.7918793  0.20812069] [0.92748135 0.0725186 ] [0.78151554 0.2184845 ] [0.9422242  0.05777575] [0.83884907 0.16115098] [0.36117002 0.63882995] [0.5782455  0.42175442] [0.6483697 0.3516303] [0.97746766 0.02253228] [0.05371791 0.9462821 ] [0.7427297  0.25727025] [0.93503606 0.06496391] [0.3964744 0.6035256] [0.93173397 0.06826601] [0.85016    0.14983997] [0.75617766 0.2438223 ] [0.86503905 0.13496093] [0.9528624  0.04713761] [0.9802219  0.01977807] [0.6678363 0.3321637] [0.7273788  0.27262115] [0.98028356 0.01971639] [0.68851215 0.3114879 ] [0.24637894 0.75362104] [0.52628237 0.47371766] [0.9979032  0.00209678] [0.958056   0.04194399],0 1 1 0 0 0 0 1 0 0 0 0 0 1 1 0 0 0 1 0 0 0 1 1 0 0 0 0 0 0 0 0 1 0 0 0 1 0 0 1 0 0 1 0 0 0 0 0 0 0 1 0 1 1 1 1 0 0 0 0 0 1 0 0 0 0 1 1 1 1 0 0 0 1 1 0 1 0 0 0 0 0 0 0 0 0 1 1 1 1 1 1 1 1 0 0 0 1 0 1 0 0 1 0 0 0 1 0 1 1 0 0 0 1 0 1 0 1 0 0 0 0 0 1 1 0 0 0 0 0 0 0 0 1 0 0 1 1 0 1 0 1 1 0 0 0 1 1 0 0 1 1 0 0
46921,1,realmlp,0.02,20000,20000,0.7727272727272727,0.8303703703703703,[0.29868886 0.7013111 ] [0.48434943 0.5156506 ] [0.6734117  0.32658827] [0.04497224 0.9550278 ] [0.7375351  0.26246482] [0.8798707  0.12012927] [0.00421935 0.9957807 ] [0.48825172 0.51174825] [0.0661165 0.9338834] [0.04930182 0.9506982 ] [0.17343687 0.8265631 ] [0.95041347 0.04958653] [0.8871554  0.11284464] [0.26391965 0.7360803 ] [0.9525311  0.04746888] [0.15785392 0.8421461 ] [0.48241445 0.5175856 ] [0.9438401  0.05615995] [0.0076039  0.99239606] [0.7950596  0.20494041] [0.7304906 0.2695094] [0.7972828 0.2027172] [0.51460516 0.48539475] [0.03490182 0.96509814] [0.8862584  0.11374151] [0.01290412 0.98709583] [0.77016467 0.22983533] [0.27170274 0.7282973 ] [0.43041626 0.5695837 ] [0.06241954 0.9375804 ] [0.04314532 0.95685464] [0.00139578 0.99860424] [0.7172075 0.2827925] [0.72234994 0.27765006] [0.9413271  0.05867292] [0.8047125  0.19528753] [0.40652224 0.5934777 ] [0.11528948 0.88471055] [0.05417677 0.9458232 ] [0.983479   0.01652094] [0.77644134 0.2235586 ] [0.11847284 0.8815271 ] [0.8737586  0.12624137] [0.46701282 0.53298724] [0.89750856 0.10249141] [0.00793102 0.992069  ] [0.20710729 0.7928927 ] [0.97741765 0.02258235] [0.8904604  0.10953959] [0.6254786  0.37452132] [0.92092085 0.07907921] [0.98647076 0.01352926] [0.6288097 0.3711903] [0.89099175 0.10900822] [0.89121896 0.10878104] [0.02831609 0.97168386] [0.51119345 0.48880652] [0.19180416 0.8081958 ] [0.65222603 0.34777394] [0.93820196 0.06179806] [0.49388582 0.5061141 ] [0.4732541 0.5267459] [0.1463797  0.85362035] [0.08272828 0.91727173] [0.3163334  0.68366665] [0.17523532 0.82476467] [0.96264887 0.03735112] [0.08008901 0.919911  ] [0.5966275  0.40337253] [0.11319504 0.88680494] [0.764388   0.23561205] [0.28078628 0.7192138 ] [0.45986217 0.5401378 ] [0.91495824 0.08504172] [0.658917   0.34108293] [0.9428554 0.0571446] [0.98803353 0.01196648] [0.9555959  0.04440407] [0.74300796 0.25699207] [0.5845473  0.41545275] [0.04803746 0.95196253] [0.6145754 0.3854246] [0.5050058  0.49499413] [0.6218038  0.37819618] [0.62486905 0.375131  ] [0.8567311 0.1432689] [0.79443264 0.20556733] [0.7531559 0.2468441] [0.95277345 0.04722662] [0.41648448 0.5835155 ] [0.25704047 0.7429595 ] [0.01007195 0.98992807] [0.6959842  0.30401582] [0.6591002  0.34089985] [0.95448977 0.04551017] [0.1841901 0.8158099] [0.92013234 0.07986773] [0.52490616 0.47509387] [0.8439541  0.15604591] [0.16972299 0.8302771 ] [0.42103836 0.5789617 ] [0.9506798  0.04932028] [0.00247165 0.9975284 ] [0.82333344 0.17666656] [0.38455966 0.6154403 ] [0.5593566  0.44064337] [0.9841595 0.0158405] [0.8896944 0.1103056] [0.0121459  0.98785406] [0.82545775 0.17454222] [0.5601997 0.4398003] [0.49796435 0.5020356 ] [0.6609734  0.33902663] [0.20042187 0.7995782 ] [0.00407836 0.9959216 ] [0.7042538  0.29574615] [0.8792872  0.12071285] [0.619269   0.38073105] [0.93283933 0.06716064] [0.9029577  0.09704229] [0.80574507 0.19425492] [0.760131   0.23986898] [0.8553527 0.1446473] [0.01033767 0.9896624 ] [0.75875705 0.2412429 ] [0.00146665 0.99853337] [0.8280918  0.17190817] [0.91617525 0.08382474] [0.8048416  0.19515836] [0.74507177 0.2549283 ] [0.00270276 0.9972972 ] [0.01521935 0.98478067] [0.00728321 0.9927168 ] [0.8983015  0.10169847] [0.03431571 0.9656843 ] [0.157367 0.842633] [0.8840238  0.11597621] [0.06920503 0.93079495] [0.8505731  0.14942689] [0.7811496  0.21885036] [0.9129883  0.08701172] [0.0247504  0.97524965] [0.12124729 0.87875265] [0.9379298 0.0620702] [0.10642006 0.89357996] [0.8267948 0.1732052] [0.8593988  0.14060117] [0.9300817  0.06991828] [0.94817686 0.05182314] [0.9007199  0.09928008] [0.8245849  0.17541508] [0.87646437 0.12353568] [0.76884055 0.23115945] [0.46931395 0.530686  ],1 0 0 1 0 0 1 1 1 1 1 0 1 1 0 0 1 0 1 0 0 0 1 1 0 1 0 0 1 1 1 1 0 0 0 0 0 0 0 0 1 0 0 1 0 1 1 0 0 0 0 0 1 0 0 0 0 0 1 0 1 0 0 1 0 0 0 1 0 1 0 0 1 0 0 0 0 0 0 1 0 0 1 0 0 0 0 1 0 0 1 0 0 0 0 1 0 0 0 0 0 0 1 0 0 0 1 0 0 1 0 1 0 1 1 1 0 0 0 0 0 0 0 1 0 1 0 0 1 1 1 1 1 0 0 1 0 1 0 0 0 1 1 0 1 0 0 0 0 0 0 0 0 1
46921,2,realmlp,0.02,20000,20000,0.6493506493506493,0.8038888888888888,[0.0438607 0.9561393] [0.5578258  0.44217414] [0.712189   0.28781095] [0.6571086  0.34289142] [0.49846527 0.50153476] [0.26540068 0.7345993 ] [0.8310995  0.16890047] [0.7124583  0.28754172] [0.04604878 0.9539512 ] [0.4768907  0.52310926] [0.30539772 0.6946023 ] [0.44371364 0.55628645] [0.93985665 0.06014331] [0.829113   0.17088702] [0.01786957 0.98213047] [0.01318729 0.9868128 ] [0.7630272 0.2369728] [0.07784148 0.92215854] [0.88727635 0.1127236 ] [0.02824595 0.9717541 ] [0.01230428 0.9876957 ] [0.06384532 0.9361547 ] [0.02205967 0.9779403 ] [0.7595644  0.24043556] [0.8859546  0.11404534] [0.91774774 0.08225229] [0.693462   0.30653802] [0.00315504 0.996845  ] [0.28692693 0.7130731 ] [0.47207874 0.5279212 ] [0.30274484 0.6972552 ] [0.01106503 0.98893493] [0.02934732 0.9706527 ] [0.94920784 0.05079222] [0.5848204 0.4151796] [0.40591466 0.59408534] [0.04246384 0.9575362 ] [0.88069487 0.11930516] [0.1105809  0.88941914] [0.83998066 0.16001931] [0.8618425  0.13815752] [0.63262635 0.36737365] [0.04976774 0.9502323 ] [0.12675114 0.87324893] [0.01566857 0.98433137] [0.42700598 0.572994  ] [0.5645177  0.43548232] [0.709821   0.29017907] [0.23022322 0.7697767 ] [0.20049022 0.7995098 ] [0.08245488 0.91754514] [0.9216083  0.07839163] [0.23476441 0.76523554] [0.8532821  0.14671788] [0.21423985 0.78576016] [0.9146785 0.0853215] [0.17817274 0.8218273 ] [0.03721644 0.9627836 ] [0.72398555 0.2760144 ] [0.02896025 0.9710397 ] [0.07554683 0.92445314] [0.02425848 0.9757415 ] [0.60604095 0.39395905] [0.8695264  0.13047358] [0.9537515  0.04624845] [0.92377484 0.07622516] [0.0450484 0.9549516] [0.36410248 0.6358976 ] [0.5386005  0.46139947] [0.8492912  0.15070881] [0.2612765  0.73872346] [0.01769073 0.9823093 ] [0.03925171 0.9607484 ] [0.733117   0.26688305] [0.02189927 0.9781008 ] [0.4886034 0.5113965] [0.77137446 0.22862546] [0.09847082 0.90152913] [0.697242 0.302758] [0.8040133  0.19598664] [0.6207528 0.3792471] [0.02432285 0.9756772 ] [0.32628727 0.67371273] [0.9004466  0.09955338] [0.04169129 0.9583087 ] [0.8197187  0.18028125] [0.86856556 0.13143446] [0.25769186 0.74230814] [0.22546116 0.7745388 ] [0.18493834 0.8150616 ] [0.11692743 0.88307256] [0.31457436 0.68542564] [0.6787272  0.32127285] [0.7314715 0.2685285] [0.02519763 0.9748024 ] [0.05768538 0.9423146 ] [0.02226659 0.9777335 ] [0.33340025 0.66659975] [0.8820242  0.11797578] [0.2682742 0.7317258] [0.76177454 0.23822545] [0.6781555  0.32184455] [0.18657528 0.8134247 ] [0.005786 0.994214] [0.9158523  0.08414767] [0.58179164 0.4182084 ] [0.15758505 0.842415  ] [0.9262775  0.07372247] [0.79880255 0.20119745] [0.8382161  0.16178387] [0.29687488 0.7031252 ] [0.32713455 0.6728655 ] [0.43246123 0.5675388 ] [0.15450251 0.8454974 ] [0.10191108 0.89808893] [0.07593935 0.92406064] [0.46494383 0.53505623] [0.61425644 0.38574353] [0.7913371  0.20866293] [0.03137258 0.96862745] [0.33208528 0.6679147 ] [0.5545492  0.44545084] [0.774597   0.22540307] [0.49414098 0.505859  ] [0.85743505 0.14256488] [0.01960581 0.98039424] [0.03063559 0.9693644 ] [0.07334594 0.92665404] [0.13281634 0.8671836 ] [0.94029987 0.05970016] [0.1710758 0.8289242] [0.40015662 0.59984344] [0.20756501 0.792435  ] [0.0519317 0.9480683] [0.40298203 0.59701794] [0.88222784 0.11777214] [0.23872218 0.76127774] [0.02161299 0.978387  ] [0.75148326 0.24851671] [0.88579184 0.11420812] [0.03085767 0.9691423 ] [0.28334057 0.7166594 ] [0.46636936 0.5336306 ] [0.7084735  0.29152656] [0.35752645 0.64247346] [0.18013246 0.8198675 ] [0.58521056 0.41478947] [0.12445285 0.8755471 ] [0.7841144  0.21588565] [0.12597218 0.87402785] [0.01798055 0.9820195 ] [0.64907694 0.3509231 ] [0.24537367 0.7546264 ] [0.03214917 0.9678508 ],1 0 1 0 0 1 1 0 0 1 0 0 0 0 1 1 0 1 0 1 1 0 1 0 0 0 1 0 0 0 0 1 0 0 1 0 1 0 0 0 0 0 1 1 1 0 0 0 0 0 1 0 0 0 0 0 0 0 0 0 1 1 0 0 0 0 1 0 1 0 0 1 1 0 0 1 0 0 1 0 0 1 1 1 1 0 0 0 0 1 0 0 1 0 1 1 1 1 0 0 0 0 0 1 0 0 0 0 0 0 0 0 0 1 0 1 0 0 0 0 0 0 0 0 0 1 0 1 1 0 1 1 1 1 0 0 1 0 0 0 1 0 1 0 0 0 0 1 0 1 1 0 0 1
46921,3,realmlp,0.02,20000,20000,0.7581699346405228,0.8013207547169812,[0.8726067  0.12739328] [0.8948525  0.10514748] [0.5909865 0.4090135] [0.9746071  0.02539296] [0.98545027 0.01454977] [0.14823943 0.85176057] [0.9874977  0.01250233] [0.5259724  0.47402757] [0.10653917 0.8934608 ] [0.10833996 0.8916601 ] [0.9601931  0.03980692] [0.994317   0.00568306] [0.81071645 0.18928356] [0.99444264 0.00555732] [0.9759005 0.0240995] [0.60468    0.39531997] [0.9962358  0.00376421] [0.36358097 0.636419  ] [0.90817803 0.09182195] [0.0494856 0.9505144] [0.9504178  0.04958224] [0.77965873 0.22034127] [0.4992736 0.5007264] [0.9848396  0.01516034] [0.8854299 0.1145701] [0.21825123 0.7817487 ] [0.87575996 0.12424001] [0.41734323 0.58265674] [0.9858473  0.01415277] [0.97449875 0.02550128] [0.9945133  0.00548677] [0.911185   0.08881494] [0.76299375 0.23700622] [0.6639716 0.3360284] [0.13549097 0.86450905] [0.82354176 0.17645821] [0.9227791  0.07722093] [0.67223185 0.32776815] [0.16307893 0.8369211 ] [0.9594977  0.04050235] [0.3121852 0.6878149] [0.9918899  0.00811014] [0.93441993 0.06558011] [0.97282434 0.02717566] [0.99330306 0.00669693] [0.8743858 0.1256142] [0.756562   0.24343799] [0.71569794 0.28430212] [0.94242567 0.0575743 ] [0.79429996 0.20570011] [0.9694288  0.03057125] [0.9919646  0.00803547] [0.9844184  0.01558162] [0.91424465 0.0857553 ] [0.44408202 0.555918  ] [0.60829204 0.3917079 ] [0.88262755 0.11737248] [0.97131795 0.02868203] [0.01334806 0.986652  ] [0.91054785 0.08945215] [0.81075996 0.18924007] [0.99569196 0.00430809] [0.79848206 0.20151798] [0.96061635 0.03938371] [0.9678151  0.03218493] [0.912346   0.08765406] [0.558504 0.441496] [0.8364882  0.16351183] [0.48081148 0.5191885 ] [0.9822031 0.0177969] [0.9169116  0.08308841] [0.04880876 0.95119125] [0.00509665 0.9949033 ] [0.45759594 0.54240406] [0.98281235 0.01718764] [0.99536335 0.00463661] [0.9159056  0.08409444] [0.072157 0.927843] [0.9970561  0.00294389] [0.79024994 0.20975006] [0.68690884 0.31309113] [0.6985944 0.3014056] [0.9981831  0.00181691] [0.58650976 0.41349024] [0.3894637 0.6105362] [0.789489   0.21051101] [0.8797815  0.12021855] [0.99661547 0.00338452] [0.11290887 0.88709116] [0.02918557 0.97081435] [0.9981944  0.00180565] [0.8812647  0.11873531] [0.97979456 0.02020548] [0.13200441 0.8679956 ] [0.887441   0.11255896] [0.80677557 0.19322442] [0.42600915 0.5739908 ] [0.8007831  0.19921696] [0.57244885 0.42755112] [0.9609259 0.0390741] [0.5560382  0.44396177] [0.5859162 0.4140838] [0.9746177  0.02538229] [0.38141063 0.6185893 ] [0.98722816 0.01277186] [0.80237675 0.1976233 ] [0.6755798  0.32442018] [0.6589677 0.3410323] [0.24530122 0.75469875] [0.6586787  0.34132132] [0.9678412  0.03215882] [0.9167043  0.08329567] [0.04192974 0.9580702 ] [0.92295337 0.07704658] [0.98982316 0.01017685] [0.9689077  0.03109231] [0.6044392  0.39556074] [0.9129412  0.08705872] [0.06900543 0.9309945 ] [0.86415577 0.1358442 ] [0.04192229 0.95807767] [0.9609953  0.03900464] [0.99458116 0.00541887] [0.43133092 0.5686691 ] [0.9658743  0.03412564] [0.12767829 0.87232167] [0.99088633 0.0091137 ] [0.22190814 0.77809185] [0.9809265  0.01907352] [0.9968928  0.00310717] [0.37264067 0.6273593 ] [0.03475199 0.96524805] [0.9863572  0.01364281] [0.90231514 0.09768493] [0.5429125  0.45708752] [0.9840239  0.01597605] [0.9774686  0.02253141] [0.89990747 0.10009252] [0.541408 0.458592] [0.62940574 0.37059423] [0.8618659  0.13813408] [0.02190192 0.97809803] [0.7426117 0.2573883] [0.9249171  0.07508285] [0.99392396 0.00607599] [0.80544686 0.19455312] [0.63532215 0.36467785] [0.34728396 0.65271604] [0.88398266 0.11601733] [0.87374544 0.12625457] [0.9827161  0.01728386] [0.01956635 0.98043364] [0.9875565  0.01244355],0 1 1 0 1 1 0 0 1 1 0 0 0 0 0 0 0 1 0 1 1 1 1 1 0 1 0 0 0 0 0 1 0 0 1 0 0 0 1 0 0 0 0 0 0 0 1 0 1 0 0 0 0 0 1 0 1 0 1 0 1 0 0 0 0 0 0 0 1 0 0 0 1 0 0 0 0 1 0 1 1 1 0 0 0 0 1 0 1 1 0 0 0 0 0 0 1 1 0 0 1 0 0 0 0 0 0 1 1 1 0 1 1 0 0 0 1 0 1 1 1 0 0 1 0 0 1 1 0 0 0 1 0 0 0 0 0 0 1 0 0 1 1 0 0 1 0 1 0 1 0 0 0
46921,4,realmlp,0.02,20000,20000,0.7320261437908496,0.7762264150943397,[0.9612905  0.03870949] [0.89053047 0.1094696 ] [0.33920375 0.6607962 ] [0.1277303 0.8722697] [0.95521194 0.04478807] [0.5683673  0.43163273] [0.4856417 0.5143582] [0.9525762  0.04742375] [0.96747    0.03253003] [0.93040586 0.06959415] [0.14480352 0.8551964 ] [0.58517814 0.4148219 ] [0.842818   0.15718201] [0.95140874 0.04859124] [0.51962763 0.4803723 ] [0.49343243 0.50656766] [0.6400641  0.35993588] [0.91751146 0.08248856] [0.2824857  0.71751434] [0.76857054 0.23142938] [0.8505154  0.14948463] [0.18570943 0.8142906 ] [0.83730924 0.1626907 ] [0.95897466 0.0410253 ] [0.9611324  0.03886757] [0.44718173 0.55281824] [0.1359857 0.8640143] [0.960244   0.03975599] [0.38429093 0.615709  ] [0.42262352 0.5773765 ] [0.9445466  0.05545345] [0.9625379  0.03746215] [0.6039296 0.3960704] [0.86427015 0.13572977] [0.8630603  0.13693972] [0.08482591 0.91517407] [0.95546675 0.04453329] [0.37064755 0.6293525 ] [0.95900977 0.04099029] [0.95821524 0.04178474] [0.27250323 0.72749674] [0.8571785 0.1428215] [0.96501297 0.03498697] [0.9085294  0.09147061] [0.96037966 0.03962037] [0.9614576  0.03854245] [0.32321423 0.67678577] [0.22556432 0.77443564] [0.8066255  0.19337456] [0.61253977 0.3874602 ] [0.91931564 0.08068435] [0.5824866  0.41751334] [0.10270467 0.89729536] [0.43449485 0.5655052 ] [0.96039957 0.03960043] [0.93821293 0.06178707] [0.11603396 0.883966  ] [0.8754685  0.12453146] [0.85142165 0.14857832] [0.9631106  0.03688935] [0.36702785 0.6329722 ] [0.54424787 0.45575213] [0.70630646 0.29369357] [0.9629195  0.03708056] [0.9632282  0.03677181] [0.9437906  0.05620942] [0.96216977 0.0378302 ] [0.18858203 0.811418  ] [0.721105 0.278895] [0.95689255 0.04310741] [0.47208545 0.5279145 ] [0.8265171  0.17348288] [0.18608832 0.8139116 ] [0.888498   0.11150197] [0.95236975 0.04763026] [0.9523886  0.04761141] [0.886039   0.11396099] [0.28850225 0.7114977 ] [0.11856782 0.88143224] [0.9240954  0.07590463] [0.9365268 0.0634732] [0.20752971 0.7924703 ] [0.9553359 0.0446641] [0.75099605 0.24900392] [0.95154124 0.04845875] [0.9410373  0.05896267] [0.26161766 0.73838234] [0.14222232 0.8577777 ] [0.9638679 0.0361321] [0.9549711  0.04502897] [0.2214748 0.7785252] [0.7315786 0.2684214] [0.1139558  0.88604426] [0.9563893  0.04361067] [0.5742086  0.42579138] [0.75186497 0.24813503] [0.9623154  0.03768467] [0.92863786 0.07136207] [0.60139203 0.398608  ] [0.472956   0.52704406] [0.9612419 0.0387581] [0.95411056 0.04588938] [0.9367377  0.06326231] [0.9575302  0.04246986] [0.3281517 0.6718483] [0.9550489  0.04495109] [0.9623093  0.03769075] [0.18360023 0.81639975] [0.96397114 0.03602887] [0.96156615 0.03843388] [0.95863485 0.0413652 ] [0.21077582 0.7892242 ] [0.91503847 0.08496156] [0.68038327 0.31961673] [0.07751139 0.92248863] [0.05084241 0.94915754] [0.94087243 0.05912757] [0.35252795 0.6474721 ] [0.95904607 0.04095392] [0.5472595  0.45274055] [0.95436794 0.04563201] [0.9587066  0.04129341] [0.06002297 0.93997705] [0.67911917 0.3208809 ] [0.44276458 0.5572355 ] [0.90741277 0.09258721] [0.17390953 0.82609046] [0.69462305 0.30537692] [0.17405868 0.8259413 ] [0.66053826 0.33946174] [0.9518434  0.04815662] [0.95227593 0.04772415] [0.6477721 0.3522279] [0.12680255 0.87319744] [0.20015393 0.79984605] [0.95672554 0.04327441] [0.93529946 0.06470059] [0.9575534  0.04244662] [0.17742929 0.8225708 ] [0.96101767 0.03898233] [0.9571383  0.04286174] [0.557529   0.44247103] [0.27690616 0.72309375] [0.82287866 0.17712133] [0.94011694 0.05988309] [0.85245305 0.14754695] [0.15473983 0.8452602 ] [0.9567766  0.04322339] [0.39358923 0.60641074] [0.8992169  0.10078315] [0.86072946 0.13927059] [0.07289667 0.92710334] [0.83168584 0.16831419],1 0 1 1 0 1 0 0 0 0 1 1 0 0 0 0 0 0 1 0 0 1 0 0 0 1 1 0 0 0 0 0 1 0 1 1 0 0 1 0 1 1 0 0 0 0 1 1 0 0 0 0 1 0 0 1 1 0 1 0 1 0 1 0 1 0 0 0 1 0 1 1 1 0 0 0 1 1 1 0 0 0 0 0 0 1 1 1 0 0 1 0 1 0 0 0 0 0 1 0 0 0 1 0 0 1 0 0 0 0 1 0 0 1 0 0 0 0 0 1 0 0 0 1 0 0 1 1 1 0 0 0 0 1 0 0 0 0 1 0 0 0 1 0 0 0 1 0 1 0 0 1 0
46921,0,realmlp,0.02,30000,30000,0.7597402597402597,0.8042592592592592,[0.261905 0.738095] [0.08059576 0.91940427] [0.1342689 0.8657311] [0.77609813 0.22390187] [0.66792744 0.33207253] [0.4450474 0.5549526] [0.8580359  0.14196403] [0.9356637  0.06433631] [0.96884847 0.03115153] [0.95108914 0.04891083] [0.862006   0.13799405] [0.55804896 0.44195107] [0.7958357 0.2041643] [0.0521074 0.9478926] [0.8778414 0.1221586] [0.06354353 0.9364565 ] [0.8479453  0.15205477] [0.9775733  0.02242677] [0.08299339 0.9170066 ] [0.29382145 0.70617855] [0.6633829  0.33661714] [0.8911007  0.10889933] [0.02294112 0.9770588 ] [0.9440863  0.05591366] [0.97956526 0.02043472] [0.9750484  0.02495159] [0.990489   0.00951102] [0.9263305 0.0736695] [0.97065747 0.02934255] [0.05949465 0.9405053 ] [0.9377673  0.06223273] [0.9719222  0.02807783] [0.00806637 0.99193364] [0.9649748  0.03502521] [0.9931039  0.00689609] [0.9801199  0.01988009] [0.6220803  0.37791958] [0.99540085 0.00459916] [0.9075771 0.0924229] [0.18500553 0.8149945 ] [0.3264447 0.6735554] [0.97404015 0.02595985] [0.3839173 0.6160827] [0.9761085  0.02389149] [0.99240726 0.0075928 ] [0.9644242  0.03557581] [0.9832534  0.01674659] [0.98126304 0.01873698] [0.9052197  0.09478032] [0.9054007  0.09459937] [0.93425363 0.06574643] [0.9947043  0.00529571] [0.6815426 0.3184574] [0.9252507  0.07474929] [0.76806235 0.23193768] [0.16361281 0.83638716] [0.9840448  0.01595516] [0.72321695 0.27678305] [0.9102024  0.08979765] [0.96405745 0.03594261] [0.94850695 0.05149301] [0.05853801 0.941462  ] [0.9812455  0.01875444] [0.7575608 0.2424392] [0.9430574  0.05694262] [0.9701847  0.02981531] [0.27074483 0.7292552 ] [0.22947575 0.77052426] [0.01860417 0.9813958 ] [0.89113885 0.10886116] [0.9822338  0.01776621] [0.01622077 0.98377925] [0.97952557 0.02047447] [0.9041391 0.0958609] [0.98579806 0.01420199] [0.985721   0.01427899] [0.48145583 0.5185442 ] [0.94518375 0.05481628] [0.8638003 0.1361997] [0.85815257 0.14184743] [0.9950389  0.00496104] [0.9540574  0.04594256] [0.9744295  0.02557055] [0.9856719  0.01432808] [0.98709667 0.01290333] [0.9699931  0.03000695] [0.9316035  0.06839643] [0.3897464 0.6102536] [0.3022091 0.6977909] [0.42462274 0.5753773 ] [0.2295144 0.7704856] [0.97123957 0.02876044] [0.9516953  0.04830468] [0.39300558 0.6069944 ] [0.9264766  0.07352345] [0.9698812  0.03011879] [0.94332623 0.05667375] [0.04851473 0.9514853 ] [0.9933988  0.00660123] [0.87213546 0.1278645 ] [0.99079645 0.00920355] [0.98406744 0.01593257] [0.03761651 0.9623835 ] [0.94809264 0.05190737] [0.928713   0.07128701] [0.5310294  0.46897057] [0.8366572  0.16334277] [0.9502354  0.04976453] [0.43424612 0.5657539 ] [0.9015675  0.09843246] [0.88444275 0.11555727] [0.90130764 0.09869235] [0.96831626 0.03168376] [0.9604018  0.03959825] [0.94833726 0.05166273] [0.9645318  0.03546822] [0.98673356 0.01326643] [0.6154262 0.3845738] [0.9860876  0.01391235] [0.2055477  0.79445225] [0.99159557 0.00840439] [0.91896516 0.08103488] [0.96004707 0.03995295] [0.9377173  0.06228273] [0.06160475 0.93839526] [0.39632004 0.60368   ] [0.9511566  0.04884337] [0.8637195  0.13628043] [0.9765005  0.02349944] [0.64148444 0.35851556] [0.9427101  0.05728982] [0.97871643 0.02128355] [0.77448845 0.22551154] [0.6452064  0.35479358] [0.9077964 0.0922036] [0.97301596 0.02698402] [0.04793207 0.952068  ] [0.87610286 0.12389706] [0.9884439  0.01155613] [0.35924286 0.64075714] [0.8811851  0.11881495] [0.9688256  0.03117446] [0.83247805 0.16752192] [0.96806705 0.0319329 ] [0.83812624 0.16187377] [0.9541124  0.04588756] [0.7822665  0.21773353] [0.8626393  0.13736077] [0.98900604 0.01099398] [0.88189083 0.1181092 ] [0.3864793  0.61352074] [0.86758006 0.13241994] [0.99436015 0.00563981] [0.9584888  0.04151122],0 1 1 0 0 0 0 1 0 0 0 0 0 1 1 0 0 0 1 0 0 0 1 1 0 0 0 0 0 0 0 0 1 0 0 0 1 0 0 1 0 0 1 0 0 0 0 0 0 0 1 0 1 1 1 1 0 0 0 0 0 1 0 0 0 0 1 1 1 1 0 0 0 1 1 0 1 0 0 0 0 0 0 0 0 0 1 1 1 1 1 1 1 1 0 0 0 1 0 1 0 0 1 0 0 0 1 0 1 1 0 0 0 1 0 1 0 1 0 0 0 0 0 1 1 0 0 0 0 0 0 0 0 1 0 0 1 1 0 1 0 1 1 0 0 0 1 1 0 0 1 1 0 0
46921,1,realmlp,0.02,30000,30000,0.7727272727272727,0.8268518518518518,[0.6672027  0.33279732] [0.87260085 0.12739913] [0.9371425  0.06285751] [0.06231175 0.9376883 ] [0.93911016 0.06088989] [0.97982866 0.0201714 ] [0.00684099 0.993159  ] [0.8931722  0.10682778] [0.13943137 0.86056864] [0.03185323 0.96814674] [0.12537643 0.87462354] [0.9504909  0.04950904] [0.96915954 0.03084042] [0.37049666 0.62950337] [0.94427687 0.0557232 ] [0.18341155 0.81658846] [0.9126079  0.08739208] [0.9359818  0.06401821] [0.00854422 0.99145573] [0.95196307 0.04803695] [0.9449838  0.05501625] [0.9836723 0.0163277] [0.8336714  0.16632864] [0.08752596 0.912474  ] [0.977831   0.02216896] [0.01163797 0.988362  ] [0.8625012  0.13749878] [0.19979018 0.80020976] [0.21806623 0.78193384] [0.12669007 0.8733099 ] [0.11290926 0.88709074] [0.00366225 0.9963378 ] [0.9603566  0.03964348] [0.88781536 0.11218457] [0.9111279  0.08887205] [0.70414054 0.2958595 ] [0.82431245 0.17568755] [0.31665978 0.6833402 ] [0.10451303 0.8954869 ] [0.9717145  0.02828551] [0.9497698  0.05023021] [0.12742151 0.87257844] [0.9314864  0.06851363] [0.29100028 0.7089997 ] [0.9720337  0.02796628] [0.01642504 0.983575  ] [0.43657964 0.5634203 ] [0.9883888  0.01161119] [0.9820274  0.01797259] [0.8315424  0.16845764] [0.82107514 0.17892483] [0.98935646 0.01064359] [0.6987121  0.30128795] [0.98306495 0.01693505] [0.96992445 0.03007548] [0.01814284 0.9818572 ] [0.87085766 0.12914231] [0.7471539  0.25284615] [0.4795207  0.52047926] [0.9668629  0.03313712] [0.6141073 0.3858926] [0.8459363 0.1540637] [0.19499192 0.8050081 ] [0.01108238 0.9889176 ] [0.49542704 0.504573  ] [0.8035811  0.19641893] [0.98631185 0.01368811] [0.11704148 0.8829585 ] [0.7113477  0.28865236] [0.18676703 0.81323296] [0.9531606  0.04683942] [0.37118363 0.62881637] [0.722646 0.277354] [0.93572927 0.06427069] [0.9077559  0.09224404] [0.9704259  0.02957405] [0.98144275 0.01855731] [0.98068446 0.01931554] [0.94921833 0.05078166] [0.9130746  0.08692539] [0.13910681 0.8608932 ] [0.9315922  0.06840777] [0.57276165 0.42723832] [0.8418845  0.15811546] [0.8298591  0.17014097] [0.911721   0.08827905] [0.8086295  0.19137047] [0.77523506 0.22476488] [0.9898235  0.01017651] [0.41747597 0.582524  ] [0.80950516 0.19049485] [0.02297186 0.97702813] [0.9605951  0.03940496] [0.89621395 0.1037861 ] [0.98041564 0.01958431] [0.25008002 0.74992   ] [0.98147994 0.01852009] [0.37681744 0.62318254] [0.9423998 0.0576002] [0.7940861  0.20591395] [0.64309657 0.3569035 ] [0.9588724  0.04112755] [0.00250232 0.9974976 ] [0.9415242  0.05847572] [0.62783    0.37216994] [0.7560346  0.24396531] [0.9770133  0.02298666] [0.95855236 0.04144764] [0.06609973 0.9339003 ] [0.8287997  0.17120028] [0.5671643 0.4328357] [0.95728606 0.04271389] [0.89564407 0.10435587] [0.39181718 0.6081828 ] [0.01475153 0.98524845] [0.8950143  0.10498571] [0.95605713 0.04394285] [0.52057505 0.47942492] [0.97539264 0.02460729] [0.99036235 0.00963766] [0.96843165 0.03156839] [0.9607993  0.03920069] [0.8868061  0.11319391] [0.01395893 0.986041  ] [0.9070049  0.09299506] [0.00982834 0.99017173] [0.9771953  0.02280465] [0.9820287  0.01797129] [0.9679786 0.0320214] [0.909024   0.09097596] [0.01395138 0.9860486 ] [0.0317525  0.96824753] [0.00539138 0.99460864] [0.98903406 0.01096599] [0.04211783 0.95788217] [0.04878135 0.95121866] [0.91176766 0.08823235] [0.20320578 0.79679424] [0.96529037 0.03470961] [0.9466926 0.0533074] [0.9734491  0.02655087] [0.00820929 0.99179065] [0.40383893 0.59616107] [0.9721585  0.02784147] [0.14001659 0.8599834 ] [0.96794885 0.03205109] [0.97629595 0.02370405] [0.9683345  0.03166555] [0.9792865  0.02071349] [0.93625844 0.06374152] [0.9019085  0.09809148] [0.91088104 0.08911894] [0.96360815 0.0363918 ] [0.52292156 0.4770784 ],1 0 0 1 0 0 1 1 1 1 1 0 1 1 0 0 1 0 1 0 0 0 1 1 0 1 0 0 1 1 1 1 0 0 0 0 0 0 0 0 1 0 0 1 0 1 1 0 0 0 0 0 1 0 0 0 0 0 1 0 1 0 0 1 0 0 0 1 0 1 0 0 1 0 0 0 0 0 0 1 0 0 1 0 0 0 0 1 0 0 1 0 0 0 0 1 0 0 0 0 0 0 1 0 0 0 1 0 0 1 0 1 0 1 1 1 0 0 0 0 0 0 0 1 0 1 0 0 1 1 1 1 1 0 0 1 0 1 0 0 0 1 1 0 1 0 0 0 0 0 0 0 0 1
46921,2,realmlp,0.02,30000,30000,0.7467532467532467,0.8235185185185186,[0.15222137 0.84777856] [0.7123487  0.28765133] [0.6746217  0.32537833] [0.72353095 0.27646902] [0.79112625 0.20887381] [0.09146348 0.90853655] [0.89943093 0.10056911] [0.8340466  0.16595341] [0.18731162 0.8126884 ] [0.7687993  0.23120074] [0.6405891 0.3594109] [0.30159917 0.6984008 ] [0.9310464  0.06895364] [0.93060684 0.06939316] [0.07564022 0.92435986] [0.05275927 0.94724065] [0.87242764 0.12757234] [0.17289114 0.8271089 ] [0.9296452  0.07035476] [0.09815745 0.9018426 ] [0.13579531 0.8642047 ] [0.54065377 0.45934623] [0.06151669 0.93848336] [0.9086032  0.09139682] [0.82567257 0.17432742] [0.93811005 0.06188992] [0.8957695  0.10423055] [0.05073627 0.9492638 ] [0.7395102 0.2604898] [0.8854027  0.11459732] [0.41173735 0.58826256] [0.0470227  0.95297736] [0.22720808 0.77279186] [0.9139257  0.08607422] [0.45835078 0.5416492 ] [0.79699785 0.2030021 ] [0.21142684 0.78857315] [0.7169599  0.28304008] [0.25496078 0.7450392 ] [0.93136615 0.06863391] [0.78347623 0.21652374] [0.90425915 0.0957408 ] [0.13206272 0.8679373 ] [0.23098631 0.76901376] [0.06634885 0.93365115] [0.33249658 0.6675034 ] [0.8173476  0.18265243] [0.21631257 0.7836875 ] [0.5120736  0.48792645] [0.46996745 0.5300326 ] [0.07045285 0.92954713] [0.8970829  0.10291705] [0.8041219  0.19587809] [0.9213748  0.07862521] [0.7879455  0.21205446] [0.93695253 0.06304745] [0.44693056 0.5530695 ] [0.07385068 0.92614937] [0.8379158  0.16208415] [0.15056762 0.8494324 ] [0.667669   0.33233103] [0.12337673 0.8766233 ] [0.7658079  0.23419203] [0.93405896 0.06594109] [0.8672091  0.13279092] [0.9371001  0.06289993] [0.16886193 0.831138  ] [0.86131614 0.13868384] [0.78572047 0.21427952] [0.80769616 0.19230384] [0.32783377 0.6721662 ] [0.07381894 0.9261811 ] [0.07565986 0.9243402 ] [0.8960354  0.10396467] [0.0797632  0.92023677] [0.86841667 0.13158336] [0.83229584 0.16770414] [0.20547648 0.79452354] [0.8095785  0.19042149] [0.89857584 0.10142422] [0.9008741  0.09912588] [0.07265487 0.9273451 ] [0.13676368 0.86323637] [0.9071649  0.09283509] [0.35880986 0.6411902 ] [0.8842186  0.11578139] [0.907602   0.09239794] [0.86456376 0.1354362 ] [0.4950625  0.50493747] [0.12061873 0.8793813 ] [0.37295893 0.62704104] [0.76751435 0.23248559] [0.80498564 0.19501434] [0.6905475  0.30945244] [0.1170463  0.88295376] [0.09884907 0.90115094] [0.05771824 0.9422818 ] [0.69424844 0.30575153] [0.9416636  0.05833632] [0.54156744 0.4584326 ] [0.9379762  0.06202386] [0.93830365 0.0616964 ] [0.24520886 0.7547912 ] [0.04709917 0.9529008 ] [0.9063129  0.09368716] [0.56025076 0.4397492 ] [0.79488146 0.20511858] [0.93411535 0.0658846 ] [0.9015496  0.09845042] [0.918595   0.08140491] [0.48082653 0.51917344] [0.80065626 0.1993437 ] [0.70754844 0.29245156] [0.16182165 0.83817834] [0.10883241 0.89116764] [0.26154703 0.7384529 ] [0.85179496 0.14820503] [0.6842876 0.3157124] [0.9088156  0.09118437] [0.17703797 0.822962  ] [0.56271964 0.43728033] [0.83962494 0.16037501] [0.80434656 0.19565347] [0.8870897  0.11291027] [0.8407918  0.15920812] [0.06496249 0.93503755] [0.38501486 0.6149851 ] [0.85169566 0.14830425] [0.14463398 0.85536605] [0.9282008  0.07179919] [0.15733634 0.84266365] [0.4254671 0.5745329] [0.6013529  0.39864713] [0.11228454 0.8877154 ] [0.6339445 0.3660555] [0.9119595  0.08804044] [0.30257452 0.6974255 ] [0.18816341 0.81183654] [0.8456389  0.15436117] [0.91436064 0.08563931] [0.09313568 0.9068643 ] [0.5176495  0.48235053] [0.75251836 0.24748161] [0.9100116  0.08998837] [0.7226591 0.2773409] [0.39959204 0.60040796] [0.8443431  0.15565684] [0.54929364 0.45070636] [0.90499115 0.09500889] [0.37291184 0.6270882 ] [0.33372512 0.66627496] [0.90114784 0.09885216] [0.7127468 0.2872532] [0.14348611 0.8565139 ],1 0 1 0 0 1 1 0 0 1 0 0 0 0 1 1 0 1 0 1 1 0 1 0 0 0 1 0 0 0 0 1 0 0 1 0 1 0 0 0 0 0 1 1 1 0 0 0 0 0 1 0 0 0 0 0 0 0 0 0 1 1 0 0 0 0 1 0 1 0 0 1 1 0 0 1 0 0 1 0 0 1 1 1 1 0 0 0 0 1 0 0 1 0 1 1 1 1 0 0 0 0 0 1 0 0 0 0 0 0 0 0 0 1 0 1 0 0 0 0 0 0 0 0 0 1 0 1 1 0 1 1 1 1 0 0 1 0 0 0 1 0 1 0 0 0 0 1 0 1 1 0 0 1
46921,3,realmlp,0.02,30000,30000,0.7320261437908496,0.8030188679245284,[0.8272143  0.17278574] [0.8873217  0.11267832] [0.86366826 0.13633172] [0.9202878  0.07971224] [0.933266   0.06673405] [0.17063586 0.82936406] [0.9719901  0.02800988] [0.26752585 0.7324742 ] [0.09446516 0.90553486] [0.17155473 0.82844526] [0.9192596  0.08074041] [0.9518506  0.04814935] [0.9440391  0.05596089] [0.9600575  0.03994251] [0.9118066  0.08819336] [0.2975032  0.70249677] [0.9621477  0.03785234] [0.5185817 0.4814183] [0.90369415 0.09630587] [0.16894896 0.83105105] [0.91436315 0.08563685] [0.47045374 0.5295462 ] [0.48433667 0.51566327] [0.9568823  0.04311775] [0.94334906 0.05665088] [0.18531862 0.8146814 ] [0.76904124 0.23095872] [0.19160748 0.8083926 ] [0.96006584 0.03993419] [0.9468578  0.05314218] [0.93438023 0.06561977] [0.80363667 0.19636331] [0.4841199 0.5158801] [0.5437559  0.45624414] [0.09927591 0.90072405] [0.9037255  0.09627445] [0.9350547  0.06494521] [0.68843174 0.3115683 ] [0.18645841 0.8135416 ] [0.92846    0.07154005] [0.38964626 0.61035377] [0.96292293 0.03707705] [0.90376055 0.09623945] [0.9567435 0.0432566] [0.93966085 0.06033916] [0.7257198  0.27428022] [0.5431835 0.4568165] [0.7478791  0.25212097] [0.94156736 0.05843271] [0.77575624 0.22424378] [0.9436697  0.05633034] [0.96986514 0.03013485] [0.95448285 0.04551714] [0.9147576  0.08524242] [0.667196   0.33280405] [0.7796078  0.22039217] [0.84590757 0.15409243] [0.8968644  0.10313562] [0.07124555 0.9287545 ] [0.9149296  0.08507039] [0.79619515 0.2038048 ] [0.9536399  0.04636005] [0.71874905 0.28125095] [0.90541184 0.09458819] [0.9597885  0.04021153] [0.91811806 0.08188187] [0.46350214 0.53649783] [0.8502904  0.14970966] [0.33595031 0.6640497 ] [0.9340591  0.06594088] [0.82923603 0.17076395] [0.11957686 0.8804231 ] [0.03742017 0.96257985] [0.6747631  0.32523695] [0.9446888  0.05531123] [0.9608979  0.03910212] [0.7972971  0.20270285] [0.15434459 0.8456555 ] [0.9778047  0.02219529] [0.6770608 0.3229392] [0.17523363 0.82476634] [0.75715953 0.24284054] [0.9814062 0.0185938] [0.75453675 0.2454633 ] [0.41500866 0.5849913 ] [0.80305254 0.19694744] [0.7211345  0.27886552] [0.9758487  0.02415135] [0.14328916 0.8567109 ] [0.15178807 0.8482119 ] [0.97407204 0.02592797] [0.88269395 0.11730604] [0.8996001 0.1003999] [0.18064377 0.8193562 ] [0.7622596  0.23774043] [0.8064623 0.1935377] [0.5010381  0.49896196] [0.53481483 0.46518517] [0.7151838  0.28481627] [0.8821124  0.11788763] [0.43307543 0.5669246 ] [0.30585992 0.6941401 ] [0.9095673  0.09043271] [0.54067427 0.45932576] [0.9247135  0.07528646] [0.874702   0.12529805] [0.3017133 0.6982867] [0.65223753 0.34776247] [0.33803505 0.66196495] [0.67487645 0.32512352] [0.9391114  0.06088861] [0.9135398  0.08646014] [0.08737555 0.9126244 ] [0.9427567  0.05724324] [0.9658243  0.03417567] [0.9161958  0.08380421] [0.29549387 0.7045061 ] [0.8756102  0.12438988] [0.21287434 0.7871257 ] [0.775823   0.22417694] [0.08718836 0.9128117 ] [0.89978737 0.10021258] [0.9596112  0.04038884] [0.25978628 0.7402137 ] [0.87289524 0.12710477] [0.06856995 0.93143004] [0.9145785  0.08542153] [0.12332228 0.8766777 ] [0.9387991  0.06120094] [0.97220165 0.0277983 ] [0.65293914 0.34706092] [0.11488204 0.88511795] [0.9533521  0.04664793] [0.77307683 0.22692317] [0.68170905 0.31829092] [0.91753495 0.08246504] [0.9595748  0.04042516] [0.82383466 0.1761654 ] [0.6969207 0.3030793] [0.28977215 0.7102279 ] [0.8361772  0.16382287] [0.22457246 0.7754276 ] [0.6758698  0.32413018] [0.8520381  0.14796191] [0.96835405 0.03164595] [0.83985114 0.1601488 ] [0.5951267  0.40487328] [0.5458337 0.4541663] [0.73619825 0.26380175] [0.8356909  0.16430905] [0.92890835 0.07109168] [0.0400414 0.9599586] [0.9733297  0.02667034],0 1 1 0 1 1 0 0 1 1 0 0 0 0 0 0 0 1 0 1 1 1 1 1 0 1 0 0 0 0 0 1 0 0 1 0 0 0 1 0 0 0 0 0 0 0 1 0 1 0 0 0 0 0 1 0 1 0 1 0 1 0 0 0 0 0 0 0 1 0 0 0 1 0 0 0 0 1 0 1 1 1 0 0 0 0 1 0 1 1 0 0 0 0 0 0 1 1 0 0 1 0 0 0 0 0 0 1 1 1 0 1 1 0 0 0 1 0 1 1 1 0 0 1 0 0 1 1 0 0 0 1 0 0 0 0 0 0 1 0 0 1 1 0 0 1 0 1 0 1 0 0 0
46921,4,realmlp,0.02,30000,30000,0.7777777777777778,0.8373584905660377,[0.9225133  0.07748672] [0.9495943  0.05040573] [0.14840873 0.85159135] [0.08977294 0.91022706] [0.92537445 0.07462556] [0.79638374 0.20361623] [0.81513196 0.18486796] [0.93335694 0.06664301] [0.9525899  0.04741011] [0.9332181  0.06678189] [0.29732397 0.702676  ] [0.46566176 0.5343383 ] [0.8269143  0.17308569] [0.93873805 0.06126204] [0.8228886  0.17711137] [0.8439318  0.15606822] [0.85972106 0.14027889] [0.94312096 0.05687907] [0.52469116 0.47530878] [0.7963582  0.20364176] [0.8638202 0.1361798] [0.5828292  0.41717076] [0.9411268  0.05887312] [0.9552441  0.04475585] [0.8519235  0.14807653] [0.893685   0.10631505] [0.24340752 0.7565925 ] [0.9510624  0.04893766] [0.9219132  0.07808685] [0.5851318  0.41486815] [0.87723464 0.12276538] [0.9561133  0.04388672] [0.8120922  0.18790781] [0.7954883  0.20451169] [0.69482297 0.30517703] [0.23471187 0.7652881 ] [0.92977357 0.07022641] [0.6783216  0.32167837] [0.7661191 0.2338809] [0.9450664  0.05493356] [0.42876175 0.5712383 ] [0.89874    0.10126001] [0.94240713 0.05759288] [0.71835697 0.28164297] [0.9193577  0.08064231] [0.9461875  0.05381251] [0.20977929 0.7902207 ] [0.31755114 0.6824489 ] [0.9386102  0.06138977] [0.5150512  0.48494878] [0.93684644 0.0631536 ] [0.6928766 0.3071234] [0.3220603 0.6779397] [0.73284984 0.2671502 ] [0.9395932  0.06040684] [0.43773878 0.5622612 ] [0.37785536 0.62214464] [0.9315218  0.06847825] [0.91169107 0.08830897] [0.9275018  0.07249825] [0.43650916 0.5634908 ] [0.64608026 0.35391977] [0.7234419 0.2765582] [0.9511922  0.04880783] [0.6852602 0.3147398] [0.9409966  0.05900344] [0.9442257  0.05577432] [0.89263606 0.10736395] [0.8278401  0.17215994] [0.94275844 0.05724156] [0.887472   0.11252803] [0.85472184 0.14527811] [0.469907   0.53009295] [0.81737936 0.18262067] [0.9507704  0.04922961] [0.90469646 0.09530348] [0.51157784 0.48842213] [0.18389732 0.8161026 ] [0.27103752 0.7289625 ] [0.7934789  0.20652108] [0.94033307 0.05966694] [0.30502033 0.6949797 ] [0.93017167 0.06982839] [0.83442813 0.16557188] [0.9166881 0.0833119] [0.823744   0.17625596] [0.42656088 0.5734392 ] [0.11545777 0.8845423 ] [0.92465234 0.07534759] [0.9251815 0.0748185] [0.39308256 0.60691744] [0.33819896 0.6618011 ] [0.11007868 0.8899213 ] [0.90319747 0.09680256] [0.7056206 0.2943794] [0.59497505 0.40502492] [0.9264686 0.0735314] [0.89505935 0.10494065] [0.82224214 0.17775784] [0.8444262  0.15557377] [0.9505836  0.04941649] [0.95043933 0.04956064] [0.49235857 0.5076415 ] [0.93413687 0.06586315] [0.5943877  0.40561226] [0.9499451  0.05005487] [0.94187033 0.05812969] [0.43006027 0.56993973] [0.85925955 0.1407405 ] [0.93825316 0.06174685] [0.8697649  0.13023505] [0.8278443  0.17215568] [0.9034777  0.09652235] [0.76269454 0.23730543] [0.32841924 0.6715808 ] [0.10975485 0.89024514] [0.937744   0.06225591] [0.4982717 0.5017283] [0.94683    0.05317001] [0.83811724 0.16188283] [0.94417375 0.05582621] [0.94101095 0.05898909] [0.24768361 0.7523164 ] [0.44049507 0.5595049 ] [0.92212087 0.07787913] [0.749476   0.25052398] [0.694525   0.30547497] [0.44654825 0.5534518 ] [0.15929939 0.84070057] [0.38469914 0.61530095] [0.95014405 0.04985591] [0.85578334 0.14421672] [0.83734363 0.16265638] [0.32796568 0.6720343 ] [0.22099118 0.7790088 ] [0.9458808  0.05411925] [0.9264681  0.07353187] [0.91947585 0.08052411] [0.3857811  0.61421895] [0.948395   0.05160499] [0.95243627 0.0475637 ] [0.34408176 0.65591824] [0.6646805  0.33531952] [0.9302747  0.06972527] [0.9429771  0.05702294] [0.76075625 0.23924372] [0.17408012 0.82591987] [0.9576331  0.04236693] [0.40503553 0.5949645 ] [0.9402201  0.05977994] [0.90722877 0.09277129] [0.20276093 0.7972391 ] [0.7867029  0.21329717],1 0 1 1 0 1 0 0 0 0 1 1 0 0 0 0 0 0 1 0 0 1 0 0 0 1 1 0 0 0 0 0 1 0 1 1 0 0 1 0 1 1 0 0 0 0 1 1 0 0 0 0 1 0 0 1 1 0 1 0 1 0 1 0 1 0 0 0 1 0 1 1 1 0 0 0 1 1 1 0 0 0 0 0 0 1 1 1 0 0 1 0 1 0 0 0 0 0 1 0 0 0 1 0 0 1 0 0 0 0 1 0 0 1 0 0 0 0 0 1 0 0 0 1 0 0 1 1 1 0 0 0 0 1 0 0 0 0 1 0 0 0 1 0 0 0 1 0 1 0 0 1 0
