dataset_id,fold,checkpoint,sparsity,features,features_added,accuracy,roc_auc_score,prediction_probas,ground_truth
46921,0,realmlp,0.5,8,0,0.7337662337662337,0.8261111111111111,[0.2779005  0.72209954] [0.16265905 0.83734095] [0.25326177 0.74673826] [0.7729254  0.22707462] [0.492729   0.50727093] [0.25054598 0.7494541 ] [0.7752751  0.22472487] [0.56624943 0.4337505 ] [0.76843    0.23157002] [0.8011162  0.19888376] [0.5024214  0.49757862] [0.5758567 0.4241433] [0.6627311  0.33726883] [0.21926907 0.7807309 ] [0.44325143 0.5567486 ] [0.14982177 0.8501782 ] [0.57190776 0.4280922 ] [0.9472001  0.05279983] [0.22958851 0.7704115 ] [0.14031203 0.8596879 ] [0.32789734 0.67210263] [0.39557287 0.6044271 ] [0.06324987 0.9367502 ] [0.74233294 0.25766706] [0.9223533 0.0776467] [0.76330966 0.2366904 ] [0.8240004 0.1759996] [0.6882947 0.3117053] [0.9365516  0.06344848] [0.1003492 0.8996508] [0.5929946  0.40700543] [0.9469493  0.05305075] [0.09403671 0.9059633 ] [0.5539943  0.44600576] [0.95272213 0.04727785] [0.9667126  0.03328743] [0.76445365 0.23554634] [0.9229611  0.07703894] [0.70785964 0.29214033] [0.10648966 0.8935103 ] [0.1212344 0.8787655] [0.81676525 0.18323477] [0.2876412  0.71235883] [0.75650954 0.24349052] [0.95395726 0.04604273] [0.8286471  0.17135297] [0.86510736 0.13489261] [0.9449843  0.05501567] [0.69125944 0.3087406 ] [0.62888086 0.37111917] [0.6892301  0.31076995] [0.9754758 0.0245242] [0.11976534 0.88023466] [0.58817047 0.4118295 ] [0.4220128 0.5779872] [0.3442068 0.6557932] [0.908209   0.09179096] [0.4098913 0.5901087] [0.7536701 0.2463299] [0.85424197 0.14575809] [0.8350006  0.16499946] [0.14014505 0.85985494] [0.83933586 0.16066419] [0.714055   0.28594506] [0.7317548  0.26824516] [0.72841424 0.2715857 ] [0.18611044 0.8138895 ] [0.22102737 0.7789726 ] [0.09867722 0.90132284] [0.5521103  0.44788975] [0.8463641  0.15363593] [0.08312138 0.91687864] [0.68530315 0.31469688] [0.53739154 0.4626085 ] [0.7749826  0.22501741] [0.82834923 0.17165078] [0.58316    0.41684002] [0.5554268 0.4445733] [0.6976401  0.30235988] [0.71413827 0.28586173] [0.94740295 0.05259703] [0.6604338  0.33956617] [0.9257603  0.07423964] [0.93972254 0.06027742] [0.9700384  0.02996161] [0.82013756 0.1798624 ] [0.5704791  0.42952085] [0.35868403 0.641316  ] [0.2382099  0.76179004] [0.18451405 0.81548595] [0.22564812 0.7743519 ] [0.6695103  0.33048972] [0.72457165 0.27542838] [0.21136683 0.7886332 ] [0.950259   0.04974105] [0.9587307  0.04126933] [0.7017197 0.2982803] [0.06027966 0.93972033] [0.9579474  0.04205263] [0.8573039  0.14269614] [0.82084054 0.17915946] [0.94951266 0.0504874 ] [0.16257682 0.8374232 ] [0.5468448  0.45315525] [0.6790336 0.3209664] [0.48668444 0.5133155 ] [0.68776286 0.31223717] [0.95605266 0.04394734] [0.25942776 0.7405723 ] [0.66333735 0.33666268] [0.42226633 0.5777337 ] [0.45809337 0.54190665] [0.8607431  0.13925685] [0.7041095  0.29589045] [0.6470412  0.35295883] [0.7142218  0.28577825] [0.9437152  0.05628485] [0.49138394 0.5086161 ] [0.92345226 0.07654771] [0.39877427 0.60122573] [0.9339419 0.0660581] [0.81051654 0.18948345] [0.8180731 0.1819269] [0.6331364  0.36686352] [0.12579028 0.87420976] [0.3203655  0.67963445] [0.86156917 0.13843086] [0.64112043 0.35887963] [0.9311946 0.0688054] [0.43838567 0.56161433] [0.73865044 0.2613495 ] [0.8522754  0.14772464] [0.28593576 0.71406424] [0.4746634 0.5253366] [0.60297    0.39703003] [0.9100054  0.08999457] [0.17250675 0.82749325] [0.5203864  0.47961357] [0.887948   0.11205202] [0.2992983 0.7007018] [0.75892884 0.24107118] [0.723024   0.27697593] [0.6565965 0.3434036] [0.7711902 0.2288097] [0.8074146  0.19258544] [0.9003931  0.09960689] [0.61887884 0.38112116] [0.5276543  0.47234568] [0.93092644 0.0690735 ] [0.80089873 0.19910127] [0.20302999 0.79697   ] [0.43833178 0.5616683 ] [0.9744757  0.02552433] [0.89594275 0.10405727],0 1 1 0 0 0 0 1 0 0 0 0 0 1 1 0 0 0 1 0 0 0 1 1 0 0 0 0 0 0 0 0 1 0 0 0 1 0 0 1 0 0 1 0 0 0 0 0 0 0 1 0 1 1 1 1 0 0 0 0 0 1 0 0 0 0 1 1 1 1 0 0 0 1 1 0 1 0 0 0 0 0 0 0 0 0 1 1 1 1 1 1 1 1 0 0 0 1 0 1 0 0 1 0 0 0 1 0 1 1 0 0 0 1 0 1 0 1 0 0 0 0 0 1 1 0 0 0 0 0 0 0 0 1 0 0 1 1 0 1 0 1 1 0 0 0 1 1 0 0 1 1 0 0
46921,1,realmlp,0.5,8,0,0.7532467532467533,0.8072222222222222,[0.52863026 0.47136977] [0.82177514 0.17822492] [0.8450302  0.15496984] [0.15064976 0.8493503 ] [0.8727194  0.12728055] [0.9523247  0.04767529] [0.06666332 0.9333367 ] [0.24434519 0.7556548 ] [0.12617879 0.87382114] [0.05021068 0.94978935] [0.24729614 0.75270385] [0.9048727 0.0951273] [0.8252709  0.17472908] [0.12009625 0.87990373] [0.90820146 0.09179858] [0.04144275 0.9585573 ] [0.61108255 0.38891748] [0.8947063  0.10529368] [0.22149369 0.77850634] [0.59436554 0.40563443] [0.10494038 0.89505965] [0.67350096 0.32649902] [0.7928545  0.20714556] [0.03901765 0.9609823 ] [0.90276307 0.0972369 ] [0.08505955 0.9149405 ] [0.06494454 0.9350555 ] [0.45317063 0.54682934] [0.46549156 0.5345084 ] [0.22742386 0.7725761 ] [0.14605112 0.8539489 ] [0.10890483 0.8910952 ] [0.80032355 0.19967648] [0.8967563  0.10324378] [0.7444451  0.25555494] [0.8826496  0.11735047] [0.30082473 0.69917524] [0.3683561 0.6316439] [0.17716417 0.8228358 ] [0.9709608  0.02903921] [0.8005868  0.19941317] [0.30778164 0.69221836] [0.92633295 0.07366708] [0.05722668 0.9427733 ] [0.91586846 0.08413146] [0.03008273 0.9699173 ] [0.1574262 0.8425739] [0.9644375  0.03556244] [0.69570947 0.3042905 ] [0.8148441  0.18515594] [0.5775846  0.42241538] [0.9810404  0.01895951] [0.65949756 0.3405024 ] [0.912482   0.08751795] [0.85758954 0.1424105 ] [0.10837621 0.8916238 ] [0.8589989  0.14100108] [0.40942818 0.5905718 ] [0.6799086  0.32009143] [0.9182714 0.0817285] [0.33470818 0.66529185] [0.8464716  0.15352838] [0.11457182 0.8854282 ] [0.05750029 0.94249964] [0.17302856 0.8269714 ] [0.4776844 0.5223156] [0.9237256  0.07627445] [0.07161963 0.9283803 ] [0.71785635 0.2821436 ] [0.35774162 0.64225835] [0.5563712  0.44362882] [0.62785476 0.37214524] [0.08513726 0.91486275] [0.81032693 0.18967313] [0.5520147 0.4479853] [0.8010504 0.1989496] [0.93531823 0.06468183] [0.89126104 0.10873888] [0.67617065 0.3238294 ] [0.7591916  0.24080843] [0.01795252 0.98204744] [0.8254697  0.17453033] [0.36361614 0.6363839 ] [0.290207 0.709793] [0.7357975  0.26420248] [0.8722341  0.12776585] [0.6337407  0.36625928] [0.6300909 0.3699091] [0.9188208  0.08117916] [0.05268762 0.94731236] [0.591416   0.40858403] [0.23474588 0.76525414] [0.8640538  0.13594621] [0.90173596 0.09826405] [0.93543315 0.06456684] [0.22104001 0.77896005] [0.1012373 0.8987627] [0.7022495 0.2977505] [0.9016753  0.09832471] [0.8209798  0.17902021] [0.40987843 0.59012157] [0.9800468  0.01995311] [0.13225873 0.8677413 ] [0.9435018 0.0564982] [0.42339128 0.57660866] [0.6730267  0.32697332] [0.97821575 0.02178423] [0.6123555  0.38764453] [0.05543264 0.9445673 ] [0.65218526 0.34781468] [0.29463783 0.7053622 ] [0.8034136 0.1965864] [0.88160324 0.11839674] [0.3437489 0.6562511] [0.07535642 0.9246436 ] [0.41063604 0.58936393] [0.59988123 0.40011877] [0.6243831  0.37561697] [0.89829457 0.10170542] [0.90406543 0.09593453] [0.92471933 0.0752807 ] [0.89306235 0.10693765] [0.90217847 0.09782152] [0.06373164 0.9362684 ] [0.8298602  0.17013977] [0.16248207 0.8375179 ] [0.88827926 0.11172078] [0.8824545  0.11754549] [0.8962928  0.10370717] [0.8461578  0.15384221] [0.15004323 0.84995675] [0.13783368 0.86216635] [0.01129327 0.9887067 ] [0.94673544 0.05326458] [0.15859142 0.8414086 ] [0.06455814 0.9354419 ] [0.92458767 0.07541238] [0.16803418 0.8319658 ] [0.8465872  0.15341282] [0.6373574  0.36264262] [0.85660434 0.14339562] [0.11781964 0.88218033] [0.48955944 0.5104405 ] [0.9358472  0.06415272] [0.17286727 0.8271327 ] [0.8849667  0.11503328] [0.9402723  0.05972775] [0.8169952  0.18300478] [0.9554481  0.04455186] [0.62314373 0.37685618] [0.6715181  0.32848194] [0.5384189 0.4615811] [0.8498428  0.15015718] [0.11198814 0.88801193],1 0 0 1 0 0 1 1 1 1 1 0 1 1 0 0 1 0 1 0 0 0 1 1 0 1 0 0 1 1 1 1 0 0 0 0 0 0 0 0 1 0 0 1 0 1 1 0 0 0 0 0 1 0 0 0 0 0 1 0 1 0 0 1 0 0 0 1 0 1 0 0 1 0 0 0 0 0 0 1 0 0 1 0 0 0 0 1 0 0 1 0 0 0 0 1 0 0 0 0 0 0 1 0 0 0 1 0 0 1 0 1 0 1 1 1 0 0 0 0 0 0 0 1 0 1 0 0 1 1 1 1 1 0 0 1 0 1 0 0 0 1 1 0 1 0 0 0 0 0 0 0 0 1
46921,2,realmlp,0.5,8,0,0.7402597402597403,0.7749999999999999,[0.42386732 0.57613266] [0.8374076  0.16259241] [0.9403576  0.05964236] [0.8863966  0.11360343] [0.75385624 0.24614373] [0.16239248 0.83760756] [0.9953328  0.00466722] [0.86935294 0.13064705] [0.33523297 0.6647671 ] [0.92683846 0.07316152] [0.97079575 0.02920422] [0.8417764  0.15822361] [0.97630185 0.02369818] [0.9670283  0.03297171] [0.11356039 0.8864396 ] [0.13767283 0.86232716] [0.95351475 0.04648525] [0.25777265 0.7422273 ] [0.9159629 0.0840371] [0.32631525 0.6736848 ] [0.32892174 0.6710782 ] [0.8723485  0.12765148] [0.07521082 0.92478913] [0.92394894 0.07605103] [0.8781994  0.12180065] [0.97077435 0.02922563] [0.8980958  0.10190426] [0.02945575 0.9705442 ] [0.77581054 0.22418952] [0.92589074 0.0741093 ] [0.5907431  0.40925682] [0.01769661 0.98230344] [0.03398445 0.9660156 ] [0.9471518  0.05284819] [0.4364001 0.5635999] [0.7437542 0.2562458] [0.6010333 0.3989668] [0.6729227 0.3270774] [0.2861308 0.7138692] [0.9444314  0.05556857] [0.7361118  0.26388818] [0.7739261  0.22607397] [0.16253331 0.83746666] [0.43949354 0.56050646] [0.04542523 0.9545747 ] [0.4008802 0.5991198] [0.9041371  0.09586299] [0.7821633 0.2178367] [0.13043435 0.86956567] [0.32700118 0.6729988 ] [0.04012377 0.95987624] [0.8794877  0.12051237] [0.312732   0.68726796] [0.9636001  0.03639994] [0.9720886 0.0279114] [0.917951   0.08204902] [0.87275946 0.1272405 ] [0.33938184 0.6606182 ] [0.6409785  0.35902148] [0.4901101 0.5098899] [0.51477104 0.48522893] [0.05047875 0.94952124] [0.7195516  0.28044835] [0.9048815  0.09511845] [0.9771106  0.02288941] [0.9565497  0.04345034] [0.01843571 0.9815642 ] [0.9504779 0.0495221] [0.41465765 0.58534235] [0.86368877 0.1363113 ] [0.7560724  0.24392766] [0.11404667 0.8859533 ] [0.00438074 0.99561924] [0.9373952  0.06260478] [0.00100373 0.9989963 ] [0.84425664 0.15574336] [0.90096813 0.09903186] [0.19336365 0.80663633] [0.8846521  0.11534793] [0.9762279  0.02377213] [0.77606857 0.22393146] [0.11582634 0.88417363] [0.75845855 0.24154139] [0.9400634 0.0599366] [0.18623686 0.81376314] [0.9774515  0.02254846] [0.94170034 0.0582997 ] [0.8950284 0.1049716] [0.8939256  0.10607432] [0.59185183 0.4081482 ] [0.4131362  0.58686376] [0.9169875  0.08301251] [0.89255095 0.1074491 ] [0.8127201  0.18727982] [0.0971126  0.90288746] [0.22758755 0.7724125 ] [0.01139276 0.9886072 ] [0.67449    0.32551003] [0.92545223 0.07454778] [0.6245667  0.37543333] [0.6430919 0.3569081] [0.97114414 0.02885587] [0.40759575 0.59240425] [0.00400154 0.9959985 ] [0.95139754 0.04860248] [0.33451325 0.66548675] [0.6749623  0.32503775] [0.9672222  0.03277779] [0.9197797 0.0802203] [0.9392172  0.06078279] [0.8970719  0.10292815] [0.82783276 0.17216729] [0.5570426  0.44295737] [0.05629425 0.94370574] [0.08240395 0.91759604] [0.89627576 0.10372419] [0.93482715 0.06517284] [0.8782321  0.12176788] [0.6094212 0.3905788] [0.428284   0.57171607] [0.7794641  0.22053581] [0.9387001  0.06129987] [0.86386627 0.13613375] [0.9121049  0.08789509] [0.94402194 0.05597811] [0.09873507 0.9012649 ] [0.11550959 0.88449043] [0.38645065 0.6135493 ] [0.113338 0.886662] [0.9576297  0.04237033] [0.42317447 0.57682556] [0.6313001  0.36869988] [0.7802952  0.21970482] [0.6144131  0.38558692] [0.7279483  0.27205166] [0.95454115 0.04545882] [0.47804072 0.5219593 ] [0.03702332 0.96297663] [0.9384089  0.06159106] [0.9075777  0.09242229] [0.3214114 0.6785886] [0.9718236  0.02817644] [0.89261514 0.1073848 ] [0.94674975 0.05325024] [0.6104999  0.38950005] [0.664004   0.33599597] [0.89043665 0.10956329] [0.8871263  0.11287369] [0.92841035 0.07158968] [0.5254828  0.47451732] [0.3323894 0.6676105] [0.8851888 0.1148112] [0.9954254  0.00457467] [0.714626   0.28537402],1 0 1 0 0 1 1 0 0 1 0 0 0 0 1 1 0 1 0 1 1 0 1 0 0 0 1 0 0 0 0 1 0 0 1 0 1 0 0 0 0 0 1 1 1 0 0 0 0 0 1 0 0 0 0 0 0 0 0 0 1 1 0 0 0 0 1 0 1 0 0 1 1 0 0 1 0 0 1 0 0 1 1 1 1 0 0 0 0 1 0 0 1 0 1 1 1 1 0 0 0 0 0 1 0 0 0 0 0 0 0 0 0 1 0 1 0 0 0 0 0 0 0 0 0 1 0 1 1 0 1 1 1 1 0 0 1 0 0 0 1 0 1 0 0 0 0 1 0 1 1 0 0 1
46921,3,realmlp,0.5,8,0,0.7647058823529411,0.7958490566037736,[0.57104236 0.42895758] [0.91073483 0.08926519] [0.7156965 0.2843035] [0.94457245 0.05542752] [0.96454597 0.03545408] [0.22846755 0.7715324 ] [0.9340879  0.06591208] [0.75791043 0.24208954] [0.45848158 0.54151845] [0.5461399 0.4538601] [0.819945   0.18005505] [0.88351965 0.11648037] [0.8490206  0.15097938] [0.9513785  0.04862152] [0.9260016  0.07399838] [0.41594002 0.58405995] [0.9432955  0.05670454] [0.548084 0.451916] [0.8483152  0.15168485] [0.41997308 0.5800269 ] [0.6650003 0.3349997] [0.89745665 0.1025433 ] [0.5923801  0.40761992] [0.95927405 0.04072591] [0.8820057  0.11799428] [0.3491176  0.65088236] [0.81412184 0.18587817] [0.15898861 0.84101135] [0.96375996 0.03624   ] [0.94435096 0.05564908] [0.97545445 0.02454557] [0.90315455 0.0968454 ] [0.5337905  0.46620944] [0.7452307 0.2547693] [0.47998863 0.52001137] [0.574494 0.425506] [0.81526625 0.18473372] [0.7372239  0.26277605] [0.47574812 0.5242518 ] [0.975172 0.024828] [0.8685388  0.13146122] [0.8956618  0.10433825] [0.8284672  0.17153277] [0.7116944 0.2883056] [0.91626    0.08373992] [0.85148007 0.14851995] [0.76745296 0.23254696] [0.8623985  0.13760148] [0.8648144  0.13518557] [0.7883549  0.21164511] [0.94840425 0.05159572] [0.9436792  0.05632074] [0.9681018  0.03189817] [0.9268254  0.07317462] [0.4683033  0.53169674] [0.65404433 0.34595564] [0.8246654  0.17533456] [0.9193562  0.08064379] [0.45160156 0.5483984 ] [0.9278987  0.07210126] [0.4108367  0.58916336] [0.90589434 0.09410565] [0.9395711  0.06042894] [0.95648265 0.04351738] [0.84550726 0.15449274] [0.63105386 0.3689461 ] [0.51283556 0.48716447] [0.7327306  0.26726937] [0.29558802 0.7044119 ] [0.79340637 0.20659365] [0.90129584 0.09870417] [0.18595003 0.81404996] [0.19513862 0.80486137] [0.95368224 0.04631775] [0.98012185 0.01987811] [0.9830541  0.01694596] [0.9241726  0.07582742] [0.47703946 0.5229606 ] [0.9865958  0.01340421] [0.6747966  0.32520345] [0.73992914 0.26007086] [0.9033833  0.09661663] [0.97991586 0.02008417] [0.556172   0.44382805] [0.86714876 0.1328513 ] [0.67735356 0.32264647] [0.681716   0.31828395] [0.97716194 0.0228381 ] [0.2252889 0.7747111] [0.25723165 0.74276835] [0.9682487  0.03175123] [0.9780131  0.02198686] [0.9641789  0.03582111] [0.55046284 0.44953713] [0.8266785  0.17332152] [0.7390154  0.26098463] [0.7486433  0.25135666] [0.5309531  0.46904686] [0.7121524  0.28784758] [0.9632949  0.03670508] [0.3190797 0.6809203] [0.18094653 0.8190535 ] [0.8144046  0.18559538] [0.8598538  0.14014624] [0.95750254 0.04249744] [0.9747576  0.02524245] [0.73377484 0.2662252 ] [0.6751568 0.3248433] [0.45299682 0.54700315] [0.72649485 0.27350512] [0.9722322  0.02776782] [0.75056696 0.24943304] [0.45481136 0.5451886 ] [0.8253944  0.17460556] [0.92682093 0.07317905] [0.9290641  0.07093595] [0.30043086 0.6995691 ] [0.9364949  0.06350507] [0.35901055 0.6409895 ] [0.8845502  0.11544976] [0.31792706 0.6820729 ] [0.8886194  0.11138059] [0.9929351 0.0070649] [0.66161674 0.3383833 ] [0.891449   0.10855106] [0.59927964 0.40072036] [0.7984438 0.2015562] [0.70125055 0.29874945] [0.9578464  0.04215359] [0.9596696  0.04033041] [0.8348315 0.1651685] [0.39134184 0.6086582 ] [0.9766359  0.02336413] [0.88105166 0.11894841] [0.491911 0.508089] [0.80486614 0.19513379] [0.8387816  0.16121842] [0.8058221  0.19417796] [0.9124072  0.08759284] [0.87160075 0.12839922] [0.53212327 0.46787673] [0.91219985 0.08780012] [0.63021517 0.36978486] [0.9036302  0.09636975] [0.97044456 0.02955541] [0.8495131  0.15048693] [0.77310044 0.22689955] [0.43278122 0.5672188 ] [0.9093823  0.09061767] [0.3233029  0.67669713] [0.79511213 0.20488788] [0.46188653 0.5381135 ] [0.91410756 0.08589245],0 1 1 0 1 1 0 0 1 1 0 0 0 0 0 0 0 1 0 1 1 1 1 1 0 1 0 0 0 0 0 1 0 0 1 0 0 0 1 0 0 0 0 0 0 0 1 0 1 0 0 0 0 0 1 0 1 0 1 0 1 0 0 0 0 0 0 0 1 0 0 0 1 0 0 0 0 1 0 1 1 1 0 0 0 0 1 0 1 1 0 0 0 0 0 0 1 1 0 0 1 0 0 0 0 0 0 1 1 1 0 1 1 0 0 0 1 0 1 1 1 0 0 1 0 0 1 1 0 0 0 1 0 0 0 0 0 0 1 0 0 1 1 0 0 1 0 1 0 1 0 0 0
46921,4,realmlp,0.5,8,0,0.7712418300653595,0.8271698113207546,[0.72921187 0.27078822] [0.8320532  0.16794682] [0.0695928  0.93040717] [0.20273402 0.797266  ] [0.9408696  0.05913037] [0.46025    0.53975004] [0.42752498 0.572475  ] [0.92099345 0.07900653] [0.97385675 0.02614328] [0.9130873  0.08691266] [0.13121364 0.86878633] [0.62731093 0.3726891 ] [0.44018346 0.55981654] [0.96461594 0.03538403] [0.6920617 0.3079383] [0.68662417 0.3133758 ] [0.8761673  0.12383266] [0.8343689  0.16563109] [0.45971307 0.54028696] [0.7340985 0.2659015] [0.84877455 0.15122545] [0.33511925 0.66488075] [0.9242908  0.07570926] [0.82272565 0.17727435] [0.84943974 0.15056029] [0.6955155  0.30448446] [0.23688008 0.76311994] [0.95356417 0.04643587] [0.76670223 0.23329778] [0.11554372 0.8844563 ] [0.7842475  0.21575251] [0.9718794  0.02812062] [0.43394965 0.56605035] [0.8349288  0.16507117] [0.25046068 0.7495393 ] [0.34482068 0.6551793 ] [0.9953067 0.0046933] [0.2800918 0.7199082] [0.8765293  0.12347069] [0.9284432  0.07155673] [0.38932016 0.6106798 ] [0.8572738  0.14272611] [0.9084455  0.09155452] [0.63525236 0.36474767] [0.93446094 0.06553907] [0.94378614 0.05621382] [0.24193324 0.7580668 ] [0.10183364 0.89816636] [0.8787658  0.12123421] [0.51250225 0.48749772] [0.94684666 0.05315328] [0.8061228  0.19387724] [0.08443233 0.9155677 ] [0.63687396 0.363126  ] [0.7742378 0.2257622] [0.47383112 0.5261689 ] [0.17938408 0.8206159 ] [0.895244   0.10475605] [0.76380706 0.23619294] [0.9685854  0.03141462] [0.6801121 0.3198879] [0.7355833  0.26441666] [0.7161487  0.28385136] [0.958853 0.041147] [0.63663304 0.363367  ] [0.9698816  0.03011839] [0.96930367 0.03069634] [0.53924215 0.46075788] [0.70733327 0.2926668 ] [0.707518   0.29248196] [0.6552308  0.34476915] [0.5435572  0.45644277] [0.13063969 0.8693603 ] [0.5906276 0.4093724] [0.93605894 0.06394108] [0.91095805 0.089042  ] [0.54916006 0.45083988] [0.32580242 0.6741976 ] [0.19861253 0.8013874 ] [0.73541445 0.26458552] [0.9377086  0.06229143] [0.31945178 0.6805482 ] [0.97825706 0.02174292] [0.48794565 0.5120544 ] [0.73611057 0.2638894 ] [0.7118958  0.28810418] [0.34149963 0.6585003 ] [0.16947918 0.83052087] [0.99335384 0.00664613] [0.89114887 0.10885111] [0.6265385 0.3734614] [0.5311994 0.4688006] [0.18064007 0.81935996] [0.69812983 0.30187017] [0.6602731 0.3397269] [0.433652   0.56634796] [0.8939773  0.10602272] [0.88055617 0.11944384] [0.7192463  0.28075367] [0.57957643 0.42042357] [0.9716149  0.02838513] [0.9694728  0.03052713] [0.17926605 0.8207339 ] [0.95649874 0.04350127] [0.8466966  0.15330331] [0.9059724  0.09402756] [0.6243224  0.37567753] [0.6492368  0.35076326] [0.9168698 0.0831302] [0.96084476 0.0391552 ] [0.8143924  0.18560763] [0.6628588  0.33714125] [0.82645154 0.17354845] [0.78999805 0.21000195] [0.07286923 0.9271308 ] [0.13300417 0.8669959 ] [0.9570925  0.04290741] [0.3329011 0.6670989] [0.94267917 0.05732086] [0.64125544 0.35874456] [0.89544207 0.10455787] [0.77827865 0.22172129] [0.39132288 0.60867715] [0.49560574 0.5043943 ] [0.8543866 0.1456134] [0.5361748  0.46382517] [0.39837262 0.6016274 ] [0.4815507 0.5184493] [0.15744652 0.84255344] [0.25344437 0.7465556 ] [0.986324   0.01367592] [0.72057945 0.27942058] [0.6262997  0.37370032] [0.11071001 0.88929003] [0.18827237 0.8117276 ] [0.97045475 0.02954524] [0.9232172  0.07678285] [0.99575436 0.0042456 ] [0.1931343  0.80686575] [0.95882297 0.041177  ] [0.85290575 0.14709418] [0.57146657 0.42853346] [0.6558659  0.34413412] [0.55430025 0.44569978] [0.8775198  0.12248026] [0.3391716 0.6608284] [0.15672952 0.8432704 ] [0.9888404  0.01115961] [0.10786154 0.8921384 ] [0.94297475 0.05702532] [0.9057281  0.09427189] [0.36517504 0.634825  ] [0.54332834 0.45667168],1 0 1 1 0 1 0 0 0 0 1 1 0 0 0 0 0 0 1 0 0 1 0 0 0 1 1 0 0 0 0 0 1 0 1 1 0 0 1 0 1 1 0 0 0 0 1 1 0 0 0 0 1 0 0 1 1 0 1 0 1 0 1 0 1 0 0 0 1 0 1 1 1 0 0 0 1 1 1 0 0 0 0 0 0 1 1 1 0 0 1 0 1 0 0 0 0 0 1 0 0 0 1 0 0 1 0 0 0 0 1 0 0 1 0 0 0 0 0 1 0 0 0 1 0 0 1 1 1 0 0 0 0 1 0 0 0 0 1 0 0 0 1 0 0 0 1 0 1 0 0 1 0
46921,0,realmlp,0.5,50,50,0.6883116883116883,0.7718518518518519,[0.4534702 0.5465298] [0.13619842 0.8638016 ] [0.85607845 0.14392154] [0.87732583 0.12267414] [0.7556378  0.24436224] [0.47072467 0.52927536] [0.86940277 0.13059731] [0.58801854 0.4119815 ] [0.97264194 0.02735807] [0.9343819  0.06561805] [0.7923646  0.20763542] [0.94357294 0.05642706] [0.79644287 0.20355706] [0.16963556 0.8303644 ] [0.66395384 0.3360462 ] [0.78123826 0.21876177] [0.6974968  0.30250326] [0.95650893 0.04349104] [0.66767466 0.33232528] [0.2328634 0.7671366] [0.7558806  0.24411942] [0.93876016 0.06123978] [0.66345227 0.3365478 ] [0.5571907 0.4428092] [0.9549018  0.04509822] [0.74764496 0.25235498] [0.9311242  0.06887583] [0.75358236 0.2464177 ] [0.99276537 0.0072347 ] [0.12378213 0.8762179 ] [0.66214687 0.33785316] [0.9668387  0.03316131] [0.58614546 0.4138545 ] [0.8675656 0.1324344] [0.98732716 0.0126729 ] [0.98401386 0.01598608] [0.8855127  0.11448729] [0.9916264  0.00837366] [0.93228894 0.06771104] [0.20480831 0.7951917 ] [0.32423717 0.6757629 ] [0.9674475  0.03255248] [0.8383707  0.16162933] [0.8935981  0.10640192] [0.9924965  0.00750347] [0.9827299  0.01727009] [0.99613166 0.00386838] [0.92604536 0.07395464] [0.9361171  0.06388291] [0.92788935 0.07211064] [0.95070165 0.0492984 ] [0.99897885 0.00102113] [0.44259688 0.5574032 ] [0.9441002 0.0558998] [0.050606 0.949394] [0.3569499  0.64305013] [0.9782476  0.02175244] [0.19607672 0.80392325] [0.931195   0.06880499] [0.8626967  0.13730337] [0.9916161  0.00838395] [0.29913297 0.70086694] [0.99111956 0.00888038] [0.9514009  0.04859913] [0.33205208 0.66794795] [0.8077713  0.19222873] [0.787283   0.21271706] [0.85104144 0.14895862] [0.52515495 0.47484502] [0.9658752  0.03412481] [0.95564395 0.04435601] [0.45462796 0.54537207] [0.97575676 0.02424327] [0.9065523  0.09344766] [0.94165224 0.05834774] [0.9596487  0.04035123] [0.33989993 0.66010016] [0.9282658  0.07173423] [0.96594083 0.03405917] [0.95184726 0.04815272] [0.9899301  0.01006997] [0.9559335  0.04406648] [0.9808005  0.01919947] [0.96962917 0.03037085] [0.9925102  0.00748978] [0.96540946 0.03459053] [0.89824396 0.10175601] [0.5267794  0.47322065] [0.6949882  0.30501184] [0.56934327 0.4306567 ] [0.724647   0.27535293] [0.7416675  0.25833252] [0.97162503 0.02837504] [0.39205465 0.6079453 ] [0.97840184 0.02159818] [0.9926287  0.00737125] [0.2015761 0.7984239] [0.14410016 0.8558999 ] [0.9639705  0.03602954] [0.85590774 0.1440923 ] [0.9470867  0.05291329] [0.9933745 0.0066255] [0.29435953 0.7056405 ] [0.97593397 0.02406603] [0.9233129  0.07668708] [0.7166301 0.2833699] [0.8519107  0.14808935] [0.92134523 0.07865471] [0.2872455 0.7127545] [0.90012586 0.09987413] [0.8020316 0.1979684] [0.8937911  0.10620892] [0.9958105  0.00418954] [0.7790845 0.2209155] [0.7380277 0.2619723] [0.97645676 0.02354321] [0.9692628  0.03073716] [0.9009661  0.09903392] [0.98772323 0.01227676] [0.6838378  0.31616217] [0.98963445 0.01036551] [0.9348465  0.06515349] [0.9931665  0.00683351] [0.9623588  0.03764124] [0.18367298 0.816327  ] [0.3427796 0.6572204] [0.98943603 0.01056397] [0.71775436 0.28224564] [0.99155915 0.00844088] [0.87896353 0.12103652] [0.9829844  0.01701554] [0.8298954  0.17010468] [0.9353959  0.06460414] [0.9003126  0.09968734] [0.7909771  0.20902288] [0.93986404 0.06013601] [0.04828771 0.95171225] [0.89641607 0.10358386] [0.9838218  0.01617823] [0.30069324 0.6993068 ] [0.9679373  0.03206271] [0.9515485  0.04845155] [0.60720426 0.39279568] [0.5257543 0.4742457] [0.94661844 0.05338157] [0.97133416 0.02866584] [0.38037416 0.6196258 ] [0.93951994 0.06048012] [0.97018653 0.02981354] [0.9296137  0.07038637] [0.89961505 0.10038494] [0.86038446 0.1396156 ] [0.99460584 0.00539414] [0.9446573  0.05534268],0 1 1 0 0 0 0 1 0 0 0 0 0 1 1 0 0 0 1 0 0 0 1 1 0 0 0 0 0 0 0 0 1 0 0 0 1 0 0 1 0 0 1 0 0 0 0 0 0 0 1 0 1 1 1 1 0 0 0 0 0 1 0 0 0 0 1 1 1 1 0 0 0 1 1 0 1 0 0 0 0 0 0 0 0 0 1 1 1 1 1 1 1 1 0 0 0 1 0 1 0 0 1 0 0 0 1 0 1 1 0 0 0 1 0 1 0 1 0 0 0 0 0 1 1 0 0 0 0 0 0 0 0 1 0 0 1 1 0 1 0 1 1 0 0 0 1 1 0 0 1 1 0 0
46921,1,realmlp,0.5,50,50,0.7207792207792207,0.7446296296296296,[0.12696126 0.8730387 ] [0.8479122  0.15208787] [0.97443205 0.02556796] [0.8195894  0.18041061] [0.83590794 0.16409202] [0.9107818 0.0892182] [0.0034502 0.9965497] [0.28682932 0.7131706 ] [0.18555158 0.8144484 ] [0.88363254 0.11636753] [0.37176263 0.6282374 ] [0.9776579 0.0223421] [0.9771913  0.02280863] [0.31365106 0.686349  ] [0.63782275 0.3621772 ] [0.25988072 0.7401193 ] [0.88583    0.11416998] [0.6686798 0.3313202] [0.05208366 0.94791627] [0.3161761  0.68382394] [0.85845494 0.14154507] [0.3990281  0.60097194] [0.8392687  0.16073132] [0.0098349  0.99016505] [0.9348753  0.06512473] [0.92203873 0.07796127] [0.8906716  0.10932835] [0.99833775 0.00166218] [0.439104 0.560896] [0.26360503 0.736395  ] [0.0058639 0.9941361] [0.40472874 0.5952713 ] [0.6682236 0.3317764] [0.94025624 0.05974377] [0.98738664 0.01261336] [0.1666306 0.8333694] [0.46055663 0.5394434 ] [0.9468061  0.05319396] [0.31204507 0.6879549 ] [0.98915803 0.01084196] [0.43116385 0.56883615] [0.5222311  0.47776887] [0.966736   0.03326395] [0.8305997  0.16940023] [0.9311246  0.06887534] [0.06445245 0.9355476 ] [0.6890536 0.3109464] [0.96396095 0.03603904] [0.97722137 0.02277865] [0.8683358  0.13166426] [0.96441245 0.03558756] [0.97734123 0.02265871] [0.9594291  0.04057086] [0.96069276 0.03930717] [0.96840334 0.03159661] [0.171272 0.828728] [0.7084357 0.2915643] [0.32605246 0.6739475 ] [0.08971704 0.91028297] [0.94304776 0.05695217] [0.62690645 0.37309346] [0.49908996 0.50091004] [0.18171202 0.81828797] [0.20064637 0.7993536 ] [0.98703617 0.01296383] [0.8678132  0.13218677] [0.9235136  0.07648648] [0.18087009 0.81912994] [0.16111751 0.83888245] [0.14070503 0.859295  ] [0.969081   0.03091902] [0.7414224 0.2585776] [0.73709935 0.2629006 ] [0.13680047 0.8631996 ] [0.9510944  0.04890563] [0.8447538  0.15524624] [0.87094295 0.12905703] [0.48855412 0.51144594] [0.9012771  0.09872292] [0.8570293  0.14297065] [0.03213016 0.9678698 ] [0.933397   0.06660296] [0.7500171  0.24998298] [0.85825664 0.14174335] [0.7291871  0.27081296] [0.9269139  0.07308606] [0.8522504  0.14774959] [0.12097437 0.8790256 ] [0.8170956  0.18290442] [0.43290573 0.56709427] [0.98659384 0.01340615] [0.35934314 0.6406568 ] [0.99440986 0.00559017] [0.84804016 0.15195985] [0.6743122 0.3256878] [0.5413     0.45869997] [0.17194101 0.828059  ] [0.8624785  0.13752155] [0.72590303 0.274097  ] [0.8530979  0.14690213] [0.5284111 0.4715889] [0.67591405 0.32408595] [0.07407446 0.92592555] [0.833485 0.166515] [0.99066883 0.00933117] [0.30593106 0.6940689 ] [0.8341996  0.16580036] [0.99069816 0.00930179] [0.14511812 0.8548819 ] [0.9492029  0.05079714] [0.50385743 0.49614248] [0.8919277  0.10807229] [0.6133523 0.3866478] [0.14776762 0.8522324 ] [0.03979123 0.96020883] [0.93684345 0.06315656] [0.9178139 0.0821861] [0.38564238 0.61435765] [0.6634316  0.33656842] [0.94778764 0.05221237] [0.92815083 0.07184915] [0.5500152  0.44998473] [0.963868   0.03613193] [0.37635088 0.6236491 ] [0.75920737 0.2407927 ] [0.04234416 0.9576558 ] [0.9649101  0.03508988] [0.9641858 0.0358142] [0.97724617 0.0227538 ] [0.27487922 0.7251207 ] [0.4208385 0.5791615] [0.02466803 0.97533196] [0.04149967 0.9585003 ] [0.96466696 0.03533303] [0.66143477 0.33856523] [0.565886   0.43411395] [0.9412069  0.05879316] [0.41302174 0.58697826] [0.9831359  0.01686412] [0.36660928 0.6333907 ] [0.84875876 0.1512412 ] [0.00349083 0.99650913] [0.4181229 0.5818772] [0.87207955 0.12792051] [0.37792844 0.62207156] [0.95977056 0.04022936] [0.9800869  0.01991309] [0.9363007  0.06369931] [0.8780328  0.12196714] [0.73171157 0.26828843] [0.7422208  0.25777912] [0.8977545  0.10224554] [0.8540826  0.14591734] [0.62437814 0.37562183],1 0 0 1 0 0 1 1 1 1 1 0 1 1 0 0 1 0 1 0 0 0 1 1 0 1 0 0 1 1 1 1 0 0 0 0 0 0 0 0 1 0 0 1 0 1 1 0 0 0 0 0 1 0 0 0 0 0 1 0 1 0 0 1 0 0 0 1 0 1 0 0 1 0 0 0 0 0 0 1 0 0 1 0 0 0 0 1 0 0 1 0 0 0 0 1 0 0 0 0 0 0 1 0 0 0 1 0 0 1 0 1 0 1 1 1 0 0 0 0 0 0 0 1 0 1 0 0 1 1 1 1 1 0 0 1 0 1 0 0 0 1 1 0 1 0 0 0 0 0 0 0 0 1
46921,2,realmlp,0.5,50,50,0.7402597402597403,0.7938888888888889,[0.5797956 0.4202044] [0.17832969 0.8216703 ] [0.9250774  0.07492262] [0.93170834 0.0682917 ] [0.97095853 0.02904146] [0.04543301 0.954567  ] [0.2759263 0.7240737] [0.6361583 0.3638418] [0.6761291  0.32387087] [0.90117896 0.09882103] [0.6989634  0.30103654] [0.3781348  0.62186515] [0.9529807  0.04701927] [0.97173476 0.02826523] [0.0634037  0.93659633] [0.00888533 0.9911146 ] [0.9689987  0.03100127] [0.7819694  0.21803066] [0.98002887 0.01997109] [0.22897884 0.7710211 ] [0.33113155 0.6688684 ] [0.8657511  0.13424891] [0.03589096 0.96410906] [0.9860014  0.01399865] [0.8726952  0.12730487] [0.9746593  0.02534071] [0.979878 0.020122] [0.8421485  0.15785155] [0.75746894 0.24253103] [0.994131 0.005869] [0.39761677 0.6023832 ] [0.0072013 0.9927987] [0.3361743 0.6638257] [0.8646106 0.1353894] [0.03987102 0.960129  ] [0.9892335  0.01076656] [0.46469787 0.5353021 ] [0.9317293  0.06827063] [0.17340331 0.8265967 ] [0.99261826 0.00738178] [0.8803356  0.11966436] [0.8096593  0.19034071] [0.1748375  0.82516253] [0.81628543 0.1837145 ] [0.01096879 0.98903126] [0.94351524 0.05648483] [0.88495183 0.11504819] [0.38395005 0.61604995] [0.54669243 0.45330754] [0.6299515  0.37004846] [0.15241334 0.8475867 ] [0.93914855 0.06085147] [0.2507943  0.74920577] [0.9567568  0.04324327] [0.8881567  0.11184328] [0.9491223  0.05087767] [0.6475406 0.3524593] [0.27425352 0.7257465 ] [0.9903653  0.00963465] [0.550382   0.44961804] [0.77950203 0.220498  ] [0.7897701  0.21022984] [0.92258096 0.07741901] [0.9091277  0.09087222] [0.9701277  0.02987227] [0.96524787 0.03475212] [0.33298087 0.6670191 ] [0.665815   0.33418497] [0.51961905 0.48038092] [0.7879715  0.21202853] [0.07724535 0.9227547 ] [0.0562204 0.9437795] [0.00232311 0.9976769 ] [0.9983309  0.00166908] [0.8831209  0.11687914] [0.61266214 0.38733783] [0.81930506 0.18069497] [0.92585754 0.0741425 ] [0.5357203  0.46427977] [0.9736656 0.0263344] [0.97506195 0.02493805] [0.01652591 0.9834741 ] [0.7174981 0.2825019] [0.985947   0.01405301] [0.51780695 0.4821931 ] [0.95426023 0.04573968] [0.92427224 0.07572775] [0.8175877  0.18241239] [0.5872625  0.41273752] [0.54218215 0.45781785] [0.86387813 0.13612193] [0.9311167  0.06888337] [0.48649094 0.51350904] [0.2271972  0.77280277] [0.12418778 0.8758122 ] [0.7276377 0.2723623] [0.3358365 0.6641635] [0.45056608 0.5494339 ] [0.99446964 0.00553037] [0.20492712 0.79507285] [0.98796207 0.01203794] [0.9669661  0.03303383] [0.21889175 0.78110826] [0.06654056 0.93345946] [0.9437045  0.05629554] [0.95740485 0.04259519] [0.971105   0.02889498] [0.9929691  0.00703087] [0.996482   0.00351792] [0.9186924  0.08130754] [0.92248094 0.07751904] [0.7040388  0.29596123] [0.21589825 0.7841018 ] [0.43433413 0.5656659 ] [0.67227256 0.32772735] [0.46400476 0.5359952 ] [0.85431325 0.14568672] [0.205251   0.79474896] [0.9585609  0.04143909] [0.06180989 0.9381901 ] [0.20301911 0.7969809 ] [0.9047403  0.09525972] [0.70252687 0.29747307] [0.78570217 0.21429783] [0.66706175 0.33293828] [0.03956023 0.9604398 ] [0.5507025  0.44929746] [0.48611227 0.51388776] [0.02662865 0.9733714 ] [0.9737446  0.02625541] [0.7922929  0.20770706] [0.8506667  0.14933333] [0.77095115 0.22904883] [0.6006681  0.39933196] [0.87151194 0.12848814] [0.9916189  0.00838115] [0.38419992 0.6158    ] [0.05412797 0.945872  ] [0.9848231  0.01517686] [0.76893204 0.23106796] [0.43333945 0.56666064] [0.7101827  0.28981727] [0.8823621  0.11763787] [0.979075   0.02092494] [0.9387791  0.06122091] [0.6355474 0.3644526] [0.82995605 0.17004398] [0.49865505 0.501345  ] [0.47956458 0.5204354 ] [0.7979888  0.20201118] [0.3725328 0.6274671] [0.9500242  0.04997586] [0.5647497 0.4352503] [0.1665402 0.8334598],1 0 1 0 0 1 1 0 0 1 0 0 0 0 1 1 0 1 0 1 1 0 1 0 0 0 1 0 0 0 0 1 0 0 1 0 1 0 0 0 0 0 1 1 1 0 0 0 0 0 1 0 0 0 0 0 0 0 0 0 1 1 0 0 0 0 1 0 1 0 0 1 1 0 0 1 0 0 1 0 0 1 1 1 1 0 0 0 0 1 0 0 1 0 1 1 1 1 0 0 0 0 0 1 0 0 0 0 0 0 0 0 0 1 0 1 0 0 0 0 0 0 0 0 0 1 0 1 1 0 1 1 1 1 0 0 1 0 0 0 1 0 1 0 0 0 0 1 0 1 1 0 0 1
46921,3,realmlp,0.5,50,50,0.7843137254901961,0.8126415094339622,[0.88771063 0.11228943] [0.68133754 0.31866243] [0.51169807 0.4883019 ] [0.97134686 0.02865312] [0.9569505  0.04304947] [0.02039684 0.9796031 ] [0.782392   0.21760795] [0.55452615 0.44547382] [0.43241242 0.5675876 ] [0.09886744 0.9011326 ] [0.7487842  0.25121585] [0.9031311  0.09686884] [0.8626799  0.13732012] [0.9375454  0.06245453] [0.71194535 0.28805465] [0.8173752  0.18262477] [0.9154972  0.08450286] [0.47692606 0.52307385] [0.3558581 0.644142 ] [0.23411874 0.7658812 ] [0.66670614 0.33329386] [0.9287404  0.07125966] [0.4642753 0.5357247] [0.77291274 0.22708726] [0.714653   0.28534696] [0.19307008 0.80692995] [0.6358537  0.36414632] [0.13134341 0.8686566 ] [0.7889682  0.21103184] [0.93412346 0.06587657] [0.80312175 0.19687831] [0.6402107  0.35978922] [0.7346114 0.2653887] [0.15133758 0.84866244] [0.3229235  0.67707646] [0.5049131  0.49508694] [0.7851968  0.21480325] [0.6324224 0.3675776] [0.2853507 0.7146493] [0.786118  0.2138821] [0.88406646 0.11593349] [0.8139608  0.18603928] [0.7284693  0.27153066] [0.9005977 0.0994023] [0.87921125 0.12078875] [0.84534025 0.15465975] [0.3376462 0.6623538] [0.5423743  0.45762575] [0.9182007  0.08179931] [0.45333967 0.54666036] [0.9197331  0.08026684] [0.97087234 0.02912761] [0.9800444  0.01995551] [0.7521819  0.24781808] [0.1362203 0.8637796] [0.7474797 0.2525203] [0.72708255 0.27291748] [0.9393526  0.06064751] [0.18297035 0.8170296 ] [0.94765425 0.05234569] [0.03815888 0.9618411 ] [0.77139264 0.22860736] [0.8239004  0.17609954] [0.9931213  0.00687861] [0.9179391  0.08206085] [0.3360963 0.6639037] [0.43136144 0.56863856] [0.48984912 0.5101509 ] [0.25022218 0.7497779 ] [0.74112797 0.258872  ] [0.95077586 0.04922413] [0.09062834 0.9093717 ] [0.06608411 0.93391585] [0.38304636 0.6169536 ] [0.959953   0.04004695] [0.9698734  0.03012651] [0.6828523  0.31714767] [0.21518259 0.7848174 ] [0.9939122  0.00608777] [0.62175214 0.3782478 ] [0.09612256 0.90387744] [0.21786529 0.7821348 ] [0.92751795 0.07248208] [0.8076883  0.19231169] [0.73433346 0.26566654] [0.57973236 0.4202676 ] [0.39138737 0.6086126 ] [0.9091031  0.09089687] [0.26797086 0.7320292 ] [0.02642685 0.97357315] [0.9798075  0.02019251] [0.7988491 0.2011509] [0.86170846 0.1382915 ] [0.07425629 0.9257437 ] [0.6992216  0.30077842] [0.21368626 0.7863137 ] [0.32186496 0.67813504] [0.466187 0.533813] [0.67375994 0.3262401 ] [0.95047873 0.04952122] [0.22860539 0.7713946 ] [0.05254026 0.94745976] [0.9474094  0.05259059] [0.5040437  0.49595624] [0.8335033  0.16649668] [0.56960636 0.43039364] [0.5756014  0.42439854] [0.21519119 0.7848088 ] [0.27410057 0.72589946] [0.2920218 0.7079781] [0.8841819  0.11581802] [0.65236014 0.34763986] [0.20164223 0.7983578 ] [0.6368822  0.36311778] [0.88912624 0.11087376] [0.8079796  0.19202045] [0.11112153 0.8888785 ] [0.87360287 0.12639715] [0.020451 0.979549] [0.65878654 0.3412135 ] [0.0856718  0.91432816] [0.90771234 0.09228765] [0.9854333  0.01456675] [0.2860601 0.7139399] [0.86806977 0.1319302 ] [0.5933795  0.40662053] [0.8808221  0.11917789] [0.15519533 0.8448047 ] [0.3661175  0.63388246] [0.9481496  0.05185039] [0.52122235 0.4787776 ] [0.14965083 0.8503492 ] [0.8026359  0.19736409] [0.5942833  0.40571675] [0.84482133 0.15517862] [0.3374089  0.66259116] [0.8152326  0.18476737] [0.7214206 0.2785794] [0.9035682  0.09643184] [0.6809993 0.3190007] [0.36218426 0.6378158 ] [0.38584277 0.61415726] [0.8947711  0.10522892] [0.3000014  0.69999856] [0.9040865  0.09591354] [0.5274151  0.47258487] [0.9034418  0.09655816] [0.11618679 0.8838132 ] [0.56706023 0.4329398 ] [0.05097912 0.94902086] [0.9763041  0.02369587] [0.3685659 0.6314341] [0.9324021  0.06759795],0 1 1 0 1 1 0 0 1 1 0 0 0 0 0 0 0 1 0 1 1 1 1 1 0 1 0 0 0 0 0 1 0 0 1 0 0 0 1 0 0 0 0 0 0 0 1 0 1 0 0 0 0 0 1 0 1 0 1 0 1 0 0 0 0 0 0 0 1 0 0 0 1 0 0 0 0 1 0 1 1 1 0 0 0 0 1 0 1 1 0 0 0 0 0 0 1 1 0 0 1 0 0 0 0 0 0 1 1 1 0 1 1 0 0 0 1 0 1 1 1 0 0 1 0 0 1 1 0 0 0 1 0 0 0 0 0 0 1 0 0 1 1 0 0 1 0 1 0 1 0 0 0
46921,4,realmlp,0.5,50,50,0.7124183006535948,0.6873584905660378,[0.48882505 0.511175  ] [0.9526147  0.04738532] [0.01048551 0.98951447] [0.07552943 0.92447054] [0.8745775  0.12542255] [0.82208985 0.17791016] [0.8014609  0.19853906] [0.9921321  0.00786785] [0.19727427 0.8027258 ] [0.9070262  0.09297385] [0.55232096 0.44767895] [0.5221197 0.4778803] [0.7927497 0.2072503] [0.90615976 0.09384023] [0.43473524 0.56526476] [0.3523462 0.6476538] [0.707095   0.29290497] [0.88776183 0.11223816] [0.4844674 0.5155327] [0.7889488  0.21105121] [0.9850017  0.01499838] [0.49506205 0.5049379 ] [0.8399137  0.16008623] [0.9261818 0.0738182] [0.88340807 0.11659191] [0.9954673  0.00453273] [0.9846527  0.01534729] [0.61372495 0.38627505] [0.13309804 0.86690193] [0.2693695  0.73063046] [0.96150744 0.03849253] [0.9741621  0.02583789] [0.9634885  0.03651148] [0.9251146  0.07488541] [0.17212626 0.82787377] [0.37034485 0.6296552 ] [0.8711466  0.12885337] [0.5362285  0.46377155] [0.845876 0.154124] [0.9088131  0.09118681] [0.26149496 0.73850507] [0.89308184 0.10691818] [0.95075756 0.04924245] [0.8133406  0.18665937] [0.8672839  0.13271612] [0.93882376 0.06117627] [0.03024835 0.96975166] [0.0134347 0.9865653] [0.6945141  0.30548584] [0.81447834 0.18552166] [0.92907345 0.07092654] [0.95613384 0.04386612] [0.00151543 0.99848455] [0.02516907 0.9748309 ] [0.93667495 0.06332504] [0.0403837 0.9596163] [0.16044517 0.83955485] [0.85634875 0.14365128] [0.7833041 0.2166959] [0.83096474 0.16903529] [0.07850332 0.9214966 ] [0.99055415 0.00944579] [0.8537847  0.14621527] [0.9933855  0.00661452] [0.14737967 0.8526203 ] [0.92794806 0.07205193] [0.9639809  0.03601905] [0.9037321  0.09626786] [0.9031079  0.09689213] [0.5554844  0.44451565] [0.9837796  0.01622039] [0.84482163 0.1551784 ] [0.09553158 0.9044684 ] [0.9491406  0.05085944] [0.948982   0.05101798] [0.8499345  0.15006551] [0.99167377 0.00832626] [0.04352169 0.95647824] [0.01146382 0.9885361 ] [0.8921424  0.10785765] [0.7605944  0.23940554] [0.9644948  0.03550513] [0.8781574 0.1218426] [0.02086658 0.9791334 ] [0.8763645  0.12363541] [0.9945188 0.0054812] [0.8259359  0.17406408] [0.02551147 0.97448856] [0.91707623 0.08292383] [0.86076885 0.13923116] [0.9049184  0.09508163] [0.38813028 0.61186975] [0.05518496 0.944815  ] [0.71650106 0.283499  ] [0.92343235 0.07656768] [0.04737921 0.95262074] [0.98661244 0.01338759] [0.9526049  0.04739507] [0.07030092 0.9296991 ] [0.38351297 0.616487  ] [0.94177884 0.05822109] [0.99263215 0.00736783] [0.775383   0.22461697] [0.5029491 0.4970509] [0.900041   0.09995902] [0.99669206 0.00330791] [0.01070657 0.98929346] [0.9853963  0.01460372] [0.19572979 0.8042702 ] [0.7886602  0.21133977] [0.6307338  0.36926624] [0.82780254 0.17219745] [0.8680238 0.1319762] [0.9892408  0.01075922] [0.00261136 0.99738866] [1.0314617e-04 9.9989688e-01] [0.7537311  0.24626894] [0.9721921  0.02780793] [0.97263485 0.02736514] [0.41887045 0.5811296 ] [0.99891937 0.0010806 ] [0.91274565 0.08725433] [0.9661292  0.03387079] [0.5904474  0.40955263] [0.89218944 0.10781057] [0.45636436 0.54363567] [0.9208484  0.07915153] [0.24213071 0.7578693 ] [0.00108328 0.99891675] [0.09223121 0.9077688 ] [0.97451234 0.02548768] [0.92374057 0.07625942] [0.9784333  0.02156661] [0.02328105 0.9767189 ] [0.00203701 0.99796295] [0.7380233  0.26197675] [0.87466556 0.12533437] [0.7972392 0.2027608] [0.00490428 0.99509573] [0.9798559 0.0201441] [0.0325686  0.96743137] [0.93902636 0.0609736 ] [0.3566788 0.6433212] [0.954032   0.04596794] [0.3159904  0.68400955] [0.05489222 0.94510776] [0.21158816 0.7884119 ] [0.9458954  0.05410457] [0.13350666 0.86649334] [0.73822856 0.2617714 ] [0.7851442  0.21485578] [0.08524364 0.9147563 ] [0.49040362 0.50959635],1 0 1 1 0 1 0 0 0 0 1 1 0 0 0 0 0 0 1 0 0 1 0 0 0 1 1 0 0 0 0 0 1 0 1 1 0 0 1 0 1 1 0 0 0 0 1 1 0 0 0 0 1 0 0 1 1 0 1 0 1 0 1 0 1 0 0 0 1 0 1 1 1 0 0 0 1 1 1 0 0 0 0 0 0 1 1 1 0 0 1 0 1 0 0 0 0 0 1 0 0 0 1 0 0 1 0 0 0 0 1 0 0 1 0 0 0 0 0 1 0 0 0 1 0 0 1 1 1 0 0 0 0 1 0 0 0 0 1 0 0 0 1 0 0 0 1 0 1 0 0 1 0
46921,0,realmlp,0.5,500,500,0.7337662337662337,0.7775925925925926,[0.75978583 0.24021411] [0.02709865 0.9729013 ] [0.126514 0.873486] [0.7129776 0.2870224] [0.9020546  0.09794544] [0.4594603  0.54053974] [0.96385837 0.03614161] [0.25888157 0.7411184 ] [0.9243922  0.07560778] [0.97724503 0.02275493] [0.9417662  0.05823386] [0.27158275 0.7284172 ] [0.9566393  0.04336078] [0.00810422 0.99189574] [0.6035311  0.39646882] [0.27582318 0.7241768 ] [0.64491665 0.35508335] [0.9627217  0.03727832] [0.03282784 0.96717215] [0.01857871 0.9814213 ] [0.3088304 0.6911696] [0.64514494 0.3548551 ] [0.0021531  0.99784696] [0.95144546 0.04855452] [0.9770517  0.02294838] [0.9456253  0.05437471] [0.81997514 0.18002486] [0.4343935  0.56560653] [0.8010752 0.1989248] [0.01115387 0.9888461 ] [0.9717771 0.0282229] [0.9562336  0.04376639] [0.01181471 0.9881853 ] [0.89684504 0.10315493] [0.97877043 0.02122951] [0.9600086  0.03999136] [0.711885   0.28811494] [0.96860325 0.03139675] [0.77302706 0.22697297] [0.0110965  0.98890346] [0.07719543 0.92280453] [0.55875874 0.4412413 ] [0.09435059 0.9056495 ] [0.8667786  0.13322136] [0.8627405  0.13725951] [0.3471053  0.65289474] [0.92110485 0.07889514] [0.9630549  0.03694513] [0.94354    0.05646008] [0.91225815 0.08774182] [0.95383006 0.04616993] [0.9449078  0.05509215] [0.01928226 0.9807177 ] [0.47538078 0.5246192 ] [0.20114751 0.7988525 ] [0.19568548 0.80431455] [0.9576766  0.04232347] [0.6412947  0.35870525] [0.96447563 0.0355244 ] [0.82644457 0.17355548] [0.92721134 0.07278869] [0.2802426  0.71975744] [0.92392683 0.07607321] [0.917589   0.08241095] [0.71145415 0.28854585] [0.8038149  0.19618511] [0.01589848 0.9841015 ] [0.23385231 0.76614773] [0.6298693  0.37013072] [0.66520596 0.33479407] [0.9311     0.06889996] [0.02025751 0.97974247] [0.9031239  0.09687608] [0.10883594 0.891164  ] [0.97952384 0.02047615] [0.9121684  0.08783157] [0.71813947 0.28186053] [0.78075755 0.21924248] [0.96834433 0.03165571] [0.75012964 0.24987039] [0.924052   0.07594794] [0.94221723 0.05778283] [0.955084   0.04491604] [0.97461027 0.0253897 ] [0.9390913  0.06090867] [0.94881046 0.05118947] [0.8712541  0.12874584] [0.1401393 0.8598608] [0.11587309 0.88412684] [0.00810272 0.9918972 ] [0.56960493 0.4303951 ] [0.9246927  0.07530732] [0.96978813 0.03021188] [0.01541508 0.98458487] [0.91993725 0.08006274] [0.93290466 0.06709528] [0.97551847 0.02448159] [0.02716221 0.9728378 ] [0.9722447  0.02775524] [0.9518707  0.04812925] [0.9484075  0.05159258] [0.9671226  0.03287733] [0.0359739 0.9640261] [0.77239335 0.22760665] [0.8270629  0.17293705] [0.7894117  0.21058825] [0.83894074 0.16105922] [0.9420638  0.05793625] [0.09046255 0.9095374 ] [0.7857266  0.21427344] [0.22384499 0.776155  ] [0.05903161 0.9409684 ] [0.8924725  0.10752752] [0.7924054  0.20759459] [0.7215722 0.2784278] [0.95451045 0.04548954] [0.95208806 0.04791195] [0.6883419 0.3116581] [0.9637285  0.03627154] [0.48951253 0.51048744] [0.9374056  0.06259444] [0.89132947 0.10867053] [0.95174825 0.04825178] [0.88229084 0.11770914] [0.02973703 0.97026294] [0.3707615 0.6292384] [0.9679262  0.03207384] [0.46553308 0.5344669 ] [0.9752798  0.02472021] [0.47915804 0.5208419 ] [0.9577738  0.04222622] [0.9768524  0.02314752] [0.81206876 0.18793125] [0.92039025 0.07960979] [0.6747647 0.3252353] [0.9333627  0.06663725] [0.01136064 0.98863935] [0.28895298 0.71104705] [0.98365223 0.01634776] [0.23402123 0.76597875] [0.9329555 0.0670445] [0.93169713 0.06830285] [0.9513347  0.04866532] [0.724193   0.27580708] [0.967767   0.03223307] [0.9260622  0.07393772] [0.09684351 0.9031565 ] [0.6019671  0.39803284] [0.97724366 0.02275626] [0.9298042  0.07019575] [0.5233631  0.47663698] [0.73901016 0.26098984] [0.95187014 0.04812986] [0.6237215  0.37627852],0 1 1 0 0 0 0 1 0 0 0 0 0 1 1 0 0 0 1 0 0 0 1 1 0 0 0 0 0 0 0 0 1 0 0 0 1 0 0 1 0 0 1 0 0 0 0 0 0 0 1 0 1 1 1 1 0 0 0 0 0 1 0 0 0 0 1 1 1 1 0 0 0 1 1 0 1 0 0 0 0 0 0 0 0 0 1 1 1 1 1 1 1 1 0 0 0 1 0 1 0 0 1 0 0 0 1 0 1 1 0 0 0 1 0 1 0 1 0 0 0 0 0 1 1 0 0 0 0 0 0 0 0 1 0 0 1 1 0 1 0 1 1 0 0 0 1 1 0 0 1 1 0 0
46921,1,realmlp,0.5,500,500,0.7077922077922078,0.7655555555555555,[0.62059915 0.37940082] [0.927222   0.07277805] [0.9362029  0.06379714] [0.06226808 0.93773186] [0.44926512 0.5507349 ] [0.95457226 0.04542778] [0.19734621 0.8026538 ] [0.92667556 0.07332449] [0.8284721 0.1715279] [0.01784645 0.9821536 ] [0.32108024 0.6789198 ] [0.86545134 0.1345486 ] [0.76470333 0.23529667] [0.48385146 0.5161485 ] [0.894925 0.105075] [0.71025205 0.28974795] [0.48871082 0.5112892 ] [0.92875314 0.07124688] [0.08143846 0.9185615 ] [0.8101367  0.18986334] [0.86587954 0.1341205 ] [0.87818366 0.12181633] [0.71799815 0.28200182] [0.41337746 0.58662254] [0.8731158  0.12688425] [0.10402381 0.89597625] [0.9102159  0.08978406] [0.4613659  0.53863406] [0.2457067  0.75429326] [0.18104595 0.81895405] [0.10724381 0.8927561 ] [0.13132668 0.8686733 ] [0.8224171  0.17758296] [0.7106004  0.28939965] [0.68482125 0.31517884] [0.8598564  0.14014357] [0.3453057 0.6546943] [0.846723   0.15327692] [0.322511   0.67748904] [0.9353824 0.0646176] [0.8784757  0.12152421] [0.4170917  0.58290833] [0.48341876 0.51658124] [0.6006529  0.39934713] [0.17776184 0.8222381 ] [0.13380112 0.8661989 ] [0.8562891  0.14371091] [0.95310265 0.04689742] [0.93857425 0.06142572] [0.6208843  0.37911573] [0.6413715  0.35862848] [0.97683483 0.02316524] [0.7328725  0.26712754] [0.98702747 0.01297252] [0.8817251  0.11827496] [0.16956392 0.8304361 ] [0.5932442 0.4067558] [0.69260377 0.30739626] [0.7680151 0.2319849] [0.8871889  0.11281108] [0.84798014 0.15201989] [0.87952787 0.12047213] [0.92411613 0.07588382] [0.16056302 0.839437  ] [0.4886198 0.5113802] [0.19297871 0.8070212 ] [0.9765033  0.02349667] [0.5207243  0.47927573] [0.5921099  0.40789005] [0.43516067 0.56483936] [0.73948616 0.26051387] [0.7006545  0.29934546] [0.6872602  0.31273982] [0.91638136 0.08361871] [0.867622   0.13237797] [0.97477776 0.02522221] [0.99097085 0.00902912] [0.9380426  0.06195739] [0.9714494  0.02855066] [0.7518728 0.2481272] [0.16628467 0.83371526] [0.8694021  0.13059786] [0.4158877 0.5841123] [0.67062974 0.32937026] [0.77990085 0.22009917] [0.89881396 0.10118605] [0.5932694  0.40673062] [0.668131   0.33186898] [0.70568454 0.29431537] [0.60847676 0.39152327] [0.8321949  0.16780508] [0.57322526 0.4267747 ] [0.7155517  0.28444836] [0.8049417 0.1950583] [0.9903431 0.0096569] [0.35156113 0.6484388 ] [0.8745461  0.12545392] [0.6398861  0.36011395] [0.9373596  0.06264038] [0.85499865 0.14500135] [0.54435885 0.45564115] [0.692414 0.307586] [0.10958055 0.8904195 ] [0.93411326 0.06588668] [0.4727246 0.5272754] [0.25575024 0.74424976] [0.967249   0.03275103] [0.97846484 0.02153522] [0.03148787 0.9685121 ] [0.75415325 0.24584675] [0.25558028 0.7444197 ] [0.14392014 0.8560798 ] [0.42029512 0.5797049 ] [0.6997893  0.30021065] [0.0837068  0.91629326] [0.76402473 0.23597531] [0.87613976 0.12386027] [0.4373634 0.5626366] [0.8748727  0.12512736] [0.98356885 0.01643118] [0.79423374 0.20576629] [0.9672505  0.03274948] [0.7921187  0.20788123] [0.6219025  0.37809747] [0.8680331  0.13196684] [0.10384635 0.8961537 ] [0.7662605  0.23373942] [0.9257669  0.07423311] [0.72270006 0.27729988] [0.61159205 0.38840786] [0.48360375 0.5163963 ] [0.20026308 0.799737  ] [0.01534581 0.9846542 ] [0.98654944 0.01345056] [0.63819706 0.36180297] [0.5916516  0.40834844] [0.9092435 0.0907565] [0.21714547 0.7828545 ] [0.7281307 0.2718693] [0.948049   0.05195095] [0.8352121  0.16478792] [0.4738271  0.52617294] [0.81650555 0.18349448] [0.9614162  0.03858381] [0.3991618  0.60083824] [0.70417917 0.2958209 ] [0.8813498  0.11865015] [0.9744812  0.02551885] [0.9517193  0.04828076] [0.80360305 0.19639692] [0.49966663 0.5003334 ] [0.91177577 0.08822425] [0.35483283 0.6451672 ] [0.9208352  0.07916483],1 0 0 1 0 0 1 1 1 1 1 0 1 1 0 0 1 0 1 0 0 0 1 1 0 1 0 0 1 1 1 1 0 0 0 0 0 0 0 0 1 0 0 1 0 1 1 0 0 0 0 0 1 0 0 0 0 0 1 0 1 0 0 1 0 0 0 1 0 1 0 0 1 0 0 0 0 0 0 1 0 0 1 0 0 0 0 1 0 0 1 0 0 0 0 1 0 0 0 0 0 0 1 0 0 0 1 0 0 1 0 1 0 1 1 1 0 0 0 0 0 0 0 1 0 1 0 0 1 1 1 1 1 0 0 1 0 1 0 0 0 1 1 0 1 0 0 0 0 0 0 0 0 1
46921,2,realmlp,0.5,500,500,0.7402597402597403,0.7794444444444445,[0.01837547 0.98162454] [0.9187363 0.0812637] [0.96156585 0.03843418] [0.9718317  0.02816833] [0.3015481  0.69845194] [0.18287548 0.81712455] [0.96665466 0.03334535] [0.990303   0.00969706] [0.12686044 0.87313956] [0.6494788  0.35052124] [0.9457824  0.05421755] [0.80210024 0.19789982] [0.98127675 0.01872325] [0.9614068  0.03859323] [0.00604932 0.9939507 ] [0.0724752  0.92752486] [0.9402676  0.05973238] [0.64352864 0.3564714 ] [0.97439337 0.02560661] [0.03535166 0.96464837] [0.00211913 0.9978809 ] [0.1170866 0.8829134] [0.07857161 0.9214283 ] [0.8580346  0.14196536] [0.9706478  0.02935219] [0.9610677  0.03893233] [0.96858144 0.03141851] [0.0029111  0.99708897] [0.97725916 0.0227408 ] [0.9585146  0.04148543] [0.03997343 0.9600265 ] [0.11602771 0.8839723 ] [0.624028  0.3759719] [0.9818542  0.01814579] [0.81547314 0.18452689] [0.9696266  0.03037336] [0.18743803 0.812562  ] [0.53428376 0.46571618] [0.95709974 0.04290025] [0.9126012  0.08739883] [0.30602968 0.6939703 ] [0.96854603 0.031454  ] [0.1788675  0.82113254] [0.35278195 0.64721805] [0.00446672 0.9955332 ] [0.942475   0.05752505] [0.9525946  0.04740539] [0.84159887 0.15840119] [0.96735805 0.03264196] [0.5394962  0.46050385] [0.00576813 0.9942319 ] [0.840061   0.15993898] [0.4586414  0.54135853] [0.9445651  0.05543486] [0.953669   0.04633097] [0.9728133  0.02718672] [0.05775927 0.9422407 ] [0.17834686 0.8216532 ] [0.9800837  0.01991624] [0.9450529  0.05494715] [0.68390644 0.31609362] [0.00300193 0.9969981 ] [0.7839629  0.21603703] [0.964179   0.03582094] [0.9499479  0.05005216] [0.97813874 0.02186125] [0.00579926 0.9942007 ] [0.9155185  0.08448143] [0.44967347 0.5503265 ] [0.9538179  0.04618209] [0.10041567 0.89958435] [0.00353138 0.99646866] [0.12587626 0.87412375] [0.96107733 0.03892261] [2.0512188e-04 9.9979490e-01] [0.9800945  0.01990556] [0.98055696 0.01944303] [0.02255451 0.9774455 ] [0.95596904 0.04403097] [0.8800725  0.11992753] [0.92152137 0.07847863] [0.07595026 0.9240498 ] [0.8467149  0.15328507] [0.9605599  0.03944011] [0.01226506 0.987735  ] [0.9836411 0.0163589] [0.9365941  0.06340589] [0.9274541  0.07254592] [0.97162455 0.02837544] [0.72936743 0.27063254] [0.7223268 0.2776732] [0.68805224 0.3119478 ] [0.6292904  0.37070957] [0.9405441  0.05945581] [0.02471192 0.9752881 ] [0.03428908 0.9657109 ] [9.951381e-04 9.990049e-01] [0.34469515 0.6553048 ] [0.97149086 0.02850908] [0.07957652 0.9204235 ] [0.969826   0.03017399] [0.9738434  0.02615667] [0.7454121  0.25458786] [0.00144233 0.9985576 ] [0.9904141  0.00958598] [0.22328128 0.77671874] [0.9445173  0.05548266] [0.9792571  0.02074289] [0.9562594  0.04374054] [0.958207 0.041793] [0.76150304 0.23849694] [0.1827923  0.81720763] [0.9081974  0.09180261] [0.03275297 0.96724695] [0.01171106 0.9882889 ] [0.6132086  0.38679138] [0.64601964 0.35398027] [0.89360756 0.1063924 ] [0.93991894 0.06008114] [0.00196292 0.99803704] [0.9367779  0.06322214] [0.9419714  0.05802859] [0.86241555 0.1375845 ] [0.98201627 0.01798372] [0.9742129  0.02578709] [0.19512606 0.80487394] [0.55589235 0.4441076 ] [0.8182256  0.18177441] [0.24998686 0.7500132 ] [0.9759093  0.02409072] [0.00751165 0.9924884 ] [0.94302267 0.0569774 ] [0.9382649  0.06173505] [0.13325189 0.8667481 ] [0.9498058  0.05019423] [0.95422727 0.04577275] [0.7836928  0.21630728] [0.05608351 0.94391656] [0.94457895 0.05542107] [0.9754262  0.02457376] [0.00865401 0.99134594] [0.24275051 0.7572495 ] [0.34188518 0.65811485] [0.9778732 0.0221268] [0.5570398  0.44296017] [0.05602324 0.94397676] [0.8138586  0.18614136] [0.592148   0.40785193] [0.9241919  0.07580805] [0.6413736  0.35862646] [0.11897282 0.8810272 ] [0.92279685 0.07720312] [0.95120454 0.04879548] [0.39376137 0.60623866],1 0 1 0 0 1 1 0 0 1 0 0 0 0 1 1 0 1 0 1 1 0 1 0 0 0 1 0 0 0 0 1 0 0 1 0 1 0 0 0 0 0 1 1 1 0 0 0 0 0 1 0 0 0 0 0 0 0 0 0 1 1 0 0 0 0 1 0 1 0 0 1 1 0 0 1 0 0 1 0 0 1 1 1 1 0 0 0 0 1 0 0 1 0 1 1 1 1 0 0 0 0 0 1 0 0 0 0 0 0 0 0 0 1 0 1 0 0 0 0 0 0 0 0 0 1 0 1 1 0 1 1 1 1 0 0 1 0 0 0 1 0 1 0 0 0 0 1 0 1 1 0 0 1
46921,3,realmlp,0.5,500,500,0.7777777777777778,0.7986792452830189,[0.65058064 0.34941936] [0.23111041 0.76888955] [0.19803973 0.8019603 ] [0.78430104 0.21569891] [0.85061926 0.14938074] [0.0079406  0.99205935] [0.95056987 0.04943008] [0.548025   0.45197505] [0.40966353 0.59033644] [0.13288382 0.8671162 ] [0.75501245 0.24498755] [0.8844367 0.1155633] [0.77404326 0.22595672] [0.9932422 0.0067578] [0.8815595 0.1184405] [0.15765771 0.84234226] [0.9960155  0.00398453] [0.7103087  0.28969136] [0.8598303  0.14016962] [0.14763866 0.8523614 ] [0.9407128  0.05928721] [0.8143016  0.18569842] [0.89679    0.10320995] [0.92334026 0.07665973] [0.6287862  0.37121373] [0.02042757 0.9795725 ] [0.81139016 0.18860987] [0.00783607 0.9921639 ] [0.9796234  0.02037659] [0.9240795  0.07592051] [0.96821576 0.03178427] [0.25741056 0.7425894 ] [0.5557555  0.44424453] [0.14001738 0.85998267] [0.08498786 0.9150121 ] [0.84134793 0.15865205] [0.94698197 0.05301803] [0.290929   0.70907104] [0.04647377 0.95352626] [0.9521665  0.04783347] [0.5341126 0.4658874] [0.9893412  0.01065882] [0.55262035 0.44737962] [0.9151373  0.08486264] [0.72168964 0.27831036] [0.8002242  0.19977579] [0.25703323 0.7429668 ] [0.8019131  0.19808693] [0.8944278  0.10557225] [0.8326839 0.167316 ] [0.9319113  0.06808873] [0.9875093  0.01249075] [0.9877692  0.01223082] [0.813088   0.18691194] [0.5219775 0.4780225] [0.6877917  0.31220832] [0.4036299 0.5963701] [0.8608307  0.13916928] [0.04282425 0.9571758 ] [0.9157545  0.08424547] [0.09342389 0.90657616] [0.98266315 0.01733687] [0.737998   0.26200196] [0.983383   0.01661701] [0.83538693 0.1646131 ] [0.8508541  0.14914593] [0.14815287 0.8518471 ] [0.44566244 0.5543376 ] [0.00458714 0.9954129 ] [0.8811389  0.11886105] [0.933232   0.06676798] [0.01769483 0.98230517] [0.00627694 0.9937231 ] [0.42113593 0.57886404] [0.9415299  0.05847012] [0.88219875 0.11780126] [0.9720448  0.02795519] [0.0179447  0.98205525] [0.99750453 0.00249551] [0.7544233  0.24557666] [0.8579489 0.1420511] [0.7735282 0.2264718] [0.7643348 0.2356652] [0.2639458 0.7360542] [0.8286214  0.17137867] [0.60394514 0.39605483] [0.22136597 0.7786341 ] [0.95745784 0.04254214] [0.05291828 0.94708174] [0.01963299 0.98036695] [0.99511296 0.00488703] [0.9598477  0.04015229] [0.74979746 0.25020257] [0.12302756 0.87697244] [0.816315   0.18368503] [0.8230437  0.17695624] [0.2721062 0.7278938] [0.24862668 0.7513733 ] [0.90135556 0.09864446] [0.9829227  0.01707733] [0.0176324  0.98236763] [0.00903928 0.99096066] [0.8854827  0.11451732] [0.877039   0.12296104] [0.95479965 0.04520035] [0.9748489  0.02515107] [0.34627685 0.6537231 ] [0.812279   0.18772098] [0.19006744 0.8099326 ] [0.31386665 0.6861333 ] [0.91256076 0.08743927] [0.87484455 0.12515545] [0.01382458 0.98617536] [0.65981984 0.34018007] [0.891976   0.10802396] [0.9691741  0.03082593] [0.03552131 0.9644787 ] [0.7902945  0.20970549] [0.01925069 0.9807493 ] [0.9052656  0.09473432] [0.00634837 0.9936516 ] [0.74416846 0.2558315 ] [0.9959876  0.00401245] [0.05482622 0.94517374] [0.8647946  0.13520537] [0.17233467 0.8276653 ] [0.7482696  0.25173044] [0.06173087 0.9382691 ] [0.94436085 0.05563921] [0.87133753 0.1286624 ] [0.7640848 0.2359152] [0.0164907  0.98350924] [0.9622411  0.03775892] [0.62613684 0.37386316] [0.15925315 0.8407468 ] [0.9698185  0.03018149] [0.9042459  0.09575403] [0.7811388  0.21886119] [0.82549    0.17450999] [0.8489591  0.15104096] [0.49914923 0.5008508 ] [0.03541724 0.9645828 ] [0.18845683 0.8115432 ] [0.7643021  0.23569798] [0.983832   0.01616804] [0.9584311  0.04156885] [0.14666528 0.8533347 ] [0.0529292  0.94707084] [0.88766074 0.11233929] [0.22186375 0.7781362 ] [0.90341425 0.09658571] [0.01511454 0.98488545] [0.9645962  0.03540376],0 1 1 0 1 1 0 0 1 1 0 0 0 0 0 0 0 1 0 1 1 1 1 1 0 1 0 0 0 0 0 1 0 0 1 0 0 0 1 0 0 0 0 0 0 0 1 0 1 0 0 0 0 0 1 0 1 0 1 0 1 0 0 0 0 0 0 0 1 0 0 0 1 0 0 0 0 1 0 1 1 1 0 0 0 0 1 0 1 1 0 0 0 0 0 0 1 1 0 0 1 0 0 0 0 0 0 1 1 1 0 1 1 0 0 0 1 0 1 1 1 0 0 1 0 0 1 1 0 0 0 1 0 0 0 0 0 0 1 0 0 1 1 0 0 1 0 1 0 1 0 0 0
46921,4,realmlp,0.5,500,500,0.7516339869281046,0.8049056603773584,[0.7932293  0.20677073] [0.9829512  0.01704874] [0.20430411 0.7956959 ] [0.2847125  0.71528745] [0.98685837 0.01314158] [0.31115788 0.68884206] [0.62032664 0.3796734 ] [0.9718373  0.02816276] [0.9814151  0.01858494] [0.98513526 0.01486476] [0.02740033 0.9725997 ] [0.65073967 0.34926036] [0.8159105 0.1840895] [0.96255606 0.03744396] [0.83367616 0.16632389] [0.9606291  0.03937094] [0.9589912  0.04100876] [0.9627274  0.03727259] [0.7704113  0.22958869] [0.7553317 0.2446683] [0.92732716 0.07267289] [0.27624533 0.7237547 ] [0.99121267 0.00878731] [0.9644434  0.03555667] [0.79563326 0.2043668 ] [0.8143375  0.18566245] [0.30405456 0.6959455 ] [0.99284303 0.00715702] [0.86353886 0.13646118] [0.1206903 0.8793098] [0.7654742  0.23452578] [0.9940797  0.00592028] [0.7895337  0.21046634] [0.66594774 0.3340523 ] [0.22570875 0.7742913 ] [0.03806543 0.96193457] [0.9968027 0.0031973] [0.5453602 0.4546398] [0.9350859  0.06491408] [0.97955894 0.02044104] [0.38886684 0.61113316] [0.72592837 0.2740717 ] [0.9515686  0.04843138] [0.9093987  0.09060131] [0.970355   0.02964508] [0.99149674 0.00850321] [0.7082103  0.29178968] [0.01178089 0.98821914] [0.9709454 0.0290546] [0.58717966 0.41282037] [0.96129894 0.03870107] [0.8257345  0.17426549] [0.10602684 0.8939732 ] [0.37142763 0.6285724 ] [0.94729996 0.05270006] [0.5261994  0.47380054] [0.20138407 0.79861593] [0.9717078  0.02829218] [0.970809   0.02919104] [0.99623436 0.00376568] [0.7545145  0.24548551] [0.9776763  0.02232374] [0.9642033  0.03579672] [0.9821457  0.01785431] [0.94029796 0.05970198] [0.9860044  0.01399562] [0.9900517  0.00994829] [0.6702943  0.32970572] [0.96496016 0.0350398 ] [0.86663604 0.13336398] [0.92151976 0.07848025] [0.7745333  0.22546674] [0.04210453 0.9578955 ] [0.69248176 0.30751827] [0.99446565 0.0055344 ] [0.7855593  0.21444076] [0.57338935 0.42661068] [0.27796432 0.7220357 ] [0.03116678 0.96883327] [0.49656275 0.5034373 ] [0.9806481  0.01935194] [0.3439177  0.65608233] [0.9713965  0.02860347] [0.8761109  0.12388901] [0.9174512  0.08254872] [0.92162716 0.07837281] [0.42974994 0.57025003] [0.02635606 0.9736439 ] [0.9931415  0.00685856] [0.98538303 0.01461704] [0.6294163 0.3705837] [0.3135674  0.68643254] [0.02347974 0.9765203 ] [0.9711987 0.0288014] [0.87517434 0.12482564] [0.28449383 0.7155062 ] [0.9064302  0.09356985] [0.96699184 0.03300809] [0.77898693 0.22101305] [0.9440061  0.05599395] [0.9934057 0.0065943] [0.97353786 0.02646206] [0.13112698 0.86887306] [0.9092526  0.09074736] [0.96532506 0.034675  ] [0.938819   0.06118096] [0.87892437 0.12107565] [0.64636827 0.35363173] [0.96400535 0.03599462] [0.9808131 0.0191869] [0.9877628  0.01223719] [0.45874214 0.5412579 ] [0.65530515 0.34469488] [0.96857107 0.03142897] [0.00777393 0.9922261 ] [0.08474953 0.9152504 ] [0.9821116  0.01788845] [0.5238753 0.4761247] [0.98222876 0.01777122] [0.835222   0.16477801] [0.9919178  0.00808221] [0.93427026 0.0657298 ] [0.25842762 0.74157244] [0.4171553 0.5828447] [0.985748   0.01425198] [0.910014 0.089986] [0.23873317 0.7612668 ] [0.36325675 0.63674325] [0.4521614 0.5478386] [0.34629434 0.65370566] [0.99725914 0.00274086] [0.93212837 0.06787165] [0.8030654  0.19693454] [0.15067896 0.84932107] [0.12815008 0.87184995] [0.9952278  0.00477224] [0.9896193  0.01038064] [0.9983259  0.00167409] [0.3163277  0.68367225] [0.91173524 0.08826479] [0.98008347 0.01991649] [0.9504644  0.04953558] [0.6762397  0.32376024] [0.6341481  0.36585188] [0.97634965 0.02365038] [0.697028 0.302972] [0.03861318 0.96138686] [0.9973909  0.00260915] [0.015763 0.984237] [0.99569607 0.00430394] [0.9671514  0.03284857] [0.7282811  0.27171898] [0.6145854  0.38541457],1 0 1 1 0 1 0 0 0 0 1 1 0 0 0 0 0 0 1 0 0 1 0 0 0 1 1 0 0 0 0 0 1 0 1 1 0 0 1 0 1 1 0 0 0 0 1 1 0 0 0 0 1 0 0 1 1 0 1 0 1 0 1 0 1 0 0 0 1 0 1 1 1 0 0 0 1 1 1 0 0 0 0 0 0 1 1 1 0 0 1 0 1 0 0 0 0 0 1 0 0 0 1 0 0 1 0 0 0 0 1 0 0 1 0 0 0 0 0 1 0 0 0 1 0 0 1 1 1 0 0 0 0 1 0 0 0 0 1 0 0 0 1 0 0 0 1 0 1 0 0 1 0
46921,0,realmlp,0.5,2000,2000,0.6948051948051948,0.7437037037037038,[0.29156497 0.70843506] [0.1859862 0.8140138] [0.44076815 0.5592318 ] [0.9785454  0.02145454] [0.9332805  0.06671951] [0.2881653 0.7118347] [0.58642507 0.41357496] [0.95523137 0.04476858] [0.916705   0.08329496] [0.9805376  0.01946236] [0.98357564 0.01642437] [0.36844146 0.63155854] [0.95341843 0.04658155] [0.1295115 0.8704885] [0.5794677  0.42053226] [0.2631504  0.73684967] [0.8441109  0.15588911] [0.99644744 0.00355251] [0.629147   0.37085307] [0.19233623 0.8076638 ] [0.6049914  0.39500862] [0.35725677 0.64274323] [0.00183666 0.9981634 ] [0.98292094 0.01707906] [0.968352   0.03164797] [0.89447117 0.10552882] [0.9917846  0.00821549] [0.8277254  0.17227463] [0.9582897 0.0417103] [0.01176951 0.98823047] [0.8933772  0.10662286] [0.9807109  0.01928903] [3.0401535e-04 9.9969602e-01] [0.8841007  0.11589934] [0.9779137  0.02208637] [0.98843    0.01156991] [0.8184241  0.18157591] [0.99148726 0.00851271] [0.06602143 0.93397856] [0.08195349 0.91804653] [0.5158179  0.48418215] [0.9035568 0.0964432] [0.97932726 0.02067269] [0.99492896 0.00507105] [0.96563315 0.03436687] [0.9988716  0.00112831] [0.9796276  0.02037241] [0.9983217  0.00167832] [0.8982688  0.10173122] [0.78589964 0.21410038] [0.9567681  0.04323189] [0.9833872  0.01661287] [0.0685268 0.9314732] [0.9517528 0.0482472] [0.5231705 0.4768296] [0.15288818 0.8471118 ] [0.9871902  0.01280986] [0.39799282 0.60200715] [0.9314892  0.06851085] [0.9638514  0.03614856] [0.98210686 0.01789314] [0.05034034 0.9496597 ] [0.85210466 0.14789534] [0.4045851  0.59541494] [0.9515693  0.04843067] [0.96183175 0.03816827] [0.8778689  0.12213115] [0.3788498  0.62115026] [0.00990838 0.9900917 ] [0.84618634 0.15381366] [0.9954136  0.00458639] [0.26539233 0.7346077 ] [0.9663579  0.03364206] [0.17164288 0.82835716] [0.9213582  0.07864183] [0.9758127  0.02418732] [0.28963828 0.7103618 ] [0.9796449  0.02035513] [0.98798233 0.01201766] [0.9873728  0.01262723] [0.9861529  0.01384711] [0.9417702  0.05822985] [0.9852048  0.01479519] [0.990575   0.00942498] [0.9604545 0.0395455] [0.51012325 0.48987672] [0.5181226  0.48187736] [0.9752136  0.02478644] [0.7133246  0.28667542] [0.5395652  0.46043485] [0.02877625 0.9712237 ] [0.9783457  0.02165428] [0.9937913  0.00620871] [0.6158589  0.38414115] [0.97725075 0.02274926] [0.9794158  0.02058423] [0.94580007 0.05419996] [0.06172489 0.9382751 ] [0.99074566 0.00925434] [0.9724142  0.02758573] [0.940726   0.05927403] [0.9889148  0.01108522] [0.24661401 0.753386  ] [0.990288   0.00971203] [0.9892356  0.01076437] [0.74731874 0.25268123] [0.8880698  0.11193022] [0.9654897  0.03451027] [0.02382834 0.9761716 ] [0.9057401  0.09425993] [0.9226995  0.07730056] [0.74086285 0.25913718] [0.9696304  0.03036959] [0.9183752  0.08162482] [0.96253    0.03747003] [0.97153383 0.02846611] [0.99449086 0.00550914] [0.4454662 0.5545339] [0.61135685 0.38864318] [0.21424076 0.7857592 ] [0.8395201  0.16047995] [0.84530556 0.15469445] [0.95934975 0.04065026] [0.9235219  0.07647807] [0.13137177 0.86862826] [0.7725769  0.22742307] [0.9958307  0.00416932] [0.9819664  0.01803356] [0.9841278  0.01587215] [0.36764464 0.63235533] [0.9421838  0.05781618] [0.9959001  0.00409984] [0.92463195 0.07536798] [0.9819318  0.01806819] [0.88097566 0.11902431] [0.9969528  0.00304717] [0.14845328 0.8515467 ] [0.94001424 0.05998577] [0.94898736 0.05101258] [0.9870226  0.01297744] [0.9921823 0.0078176] [0.96459985 0.03540014] [0.6032359  0.39676407] [0.94355357 0.05644641] [0.9847935  0.01520644] [0.9785609  0.02143907] [0.7701716  0.22982843] [0.77305144 0.22694851] [0.96746564 0.03253433] [0.8942202  0.10577982] [0.80591375 0.19408627] [0.75515455 0.24484544] [0.9923471  0.00765288] [0.90842557 0.09157445],0 1 1 0 0 0 0 1 0 0 0 0 0 1 1 0 0 0 1 0 0 0 1 1 0 0 0 0 0 0 0 0 1 0 0 0 1 0 0 1 0 0 1 0 0 0 0 0 0 0 1 0 1 1 1 1 0 0 0 0 0 1 0 0 0 0 1 1 1 1 0 0 0 1 1 0 1 0 0 0 0 0 0 0 0 0 1 1 1 1 1 1 1 1 0 0 0 1 0 1 0 0 1 0 0 0 1 0 1 1 0 0 0 1 0 1 0 1 0 0 0 0 0 1 1 0 0 0 0 0 0 0 0 1 0 0 1 1 0 1 0 1 1 0 0 0 1 1 0 0 1 1 0 0
46921,1,realmlp,0.5,2000,2000,0.7662337662337663,0.8288888888888889,[0.5051225  0.49487755] [0.75252295 0.24747708] [0.96164477 0.03835519] [0.27792758 0.72207236] [0.90197855 0.09802142] [0.9985677  0.00143224] [0.04583867 0.95416135] [0.93891346 0.06108648] [0.33343807 0.66656196] [0.04852574 0.95147425] [0.28576258 0.71423745] [0.98914474 0.01085525] [0.8818718 0.1181282] [0.07121014 0.92878985] [0.9739831  0.02601687] [0.5418187  0.45818132] [0.68223244 0.3177676 ] [0.9894566  0.01054338] [0.04405988 0.9559401 ] [0.9697693  0.03023072] [0.8612062 0.1387938] [0.93250865 0.0674914 ] [0.93002254 0.06997744] [0.21937016 0.7806299 ] [0.921729   0.07827092] [0.06911967 0.93088037] [0.5061125  0.49388748] [0.8722617  0.12773831] [0.13258068 0.86741936] [0.19773975 0.8022602 ] [0.03103383 0.96896625] [0.01656114 0.9834389 ] [0.7806528  0.21934712] [0.98737204 0.01262803] [0.8474865  0.15251346] [0.7271234  0.27287662] [0.91719836 0.08280162] [0.80322814 0.1967718 ] [0.49951556 0.50048447] [0.9969746  0.00302536] [0.6112523  0.38874766] [0.15958112 0.8404189 ] [0.8702861  0.12971388] [0.46865025 0.5313498 ] [0.95014125 0.04985871] [0.01570058 0.9842994 ] [0.6267653  0.37323466] [9.992174e-01 7.825460e-04] [0.95492584 0.04507419] [0.96114516 0.03885478] [0.91608 0.08392] [9.9932039e-01 6.7968067e-04] [0.913205   0.08679504] [0.994585   0.00541508] [0.86348224 0.13651781] [0.01127563 0.9887243 ] [0.9380092  0.06199082] [0.11341143 0.8865885 ] [0.79241043 0.20758961] [0.94335777 0.05664226] [0.47319496 0.5268051 ] [0.63451076 0.3654892 ] [0.13732865 0.8626713 ] [0.05196352 0.9480365 ] [0.92326695 0.07673308] [0.54685473 0.45314533] [0.99590176 0.00409823] [0.4757079  0.52429205] [0.52636564 0.47363433] [0.5057865  0.49421352] [0.8505212  0.14947881] [0.78432786 0.21567215] [0.6924413 0.3075587] [0.90864235 0.09135763] [0.9075592  0.09244082] [0.9638062  0.03619372] [0.9711405  0.02885942] [0.9442359  0.05576412] [0.9594492  0.04055079] [0.82278585 0.17721416] [0.05936636 0.9406336 ] [0.8503577 0.1496423] [0.7130008  0.28699923] [0.61444    0.38555998] [0.8194256  0.18057442] [0.9642089  0.03579111] [0.9648923  0.03510771] [0.8014497 0.1985503] [0.9943066  0.00569338] [0.24708271 0.75291735] [0.68269825 0.31730172] [0.23417    0.76583004] [0.96184146 0.03815855] [0.97936213 0.02063788] [0.9863121  0.01368793] [0.7848763  0.21512367] [0.953727   0.04627296] [0.62138206 0.3786179 ] [0.97280765 0.0271924 ] [0.5763645  0.42363548] [0.5043117  0.49568823] [0.92800134 0.07199862] [0.01239572 0.98760426] [0.96511513 0.03488491] [0.38165027 0.61834973] [0.67235667 0.32764336] [0.983558   0.01644196] [0.99577206 0.00422787] [0.02054639 0.9794536 ] [0.8096972  0.19030283] [0.37846625 0.62153375] [0.8170712  0.18292879] [0.36460707 0.6353929 ] [0.50595635 0.49404362] [0.00458065 0.9954194 ] [0.81422466 0.18577537] [0.88679975 0.11320021] [0.6356029  0.36439708] [0.99558556 0.00441444] [0.9761119  0.02388817] [0.975092   0.02490801] [0.99464357 0.00535638] [0.95281404 0.04718594] [0.00877606 0.99122393] [0.76402766 0.23597239] [0.04901899 0.95098096] [0.92978853 0.07021151] [0.97496706 0.02503292] [0.96208054 0.03791952] [0.7192876  0.28071246] [0.01934488 0.9806551 ] [0.06720977 0.9327903 ] [0.01757017 0.98242986] [0.9945674  0.00543265] [0.63585633 0.36414364] [0.06191441 0.93808556] [0.95305985 0.04694008] [0.15293193 0.8470681 ] [0.7220892 0.2779109] [0.87762845 0.12237159] [0.9461235  0.05387655] [0.04184335 0.95815665] [0.26443434 0.7355656 ] [0.98516613 0.01483384] [0.15125689 0.84874314] [0.95110166 0.0488984 ] [0.99158746 0.00841256] [0.9742259  0.02577415] [0.99748164 0.00251836] [0.9681524  0.03184761] [0.49926576 0.5007342 ] [0.7780015  0.22199848] [0.75738287 0.24261717] [0.445717 0.554283],1 0 0 1 0 0 1 1 1 1 1 0 1 1 0 0 1 0 1 0 0 0 1 1 0 1 0 0 1 1 1 1 0 0 0 0 0 0 0 0 1 0 0 1 0 1 1 0 0 0 0 0 1 0 0 0 0 0 1 0 1 0 0 1 0 0 0 1 0 1 0 0 1 0 0 0 0 0 0 1 0 0 1 0 0 0 0 1 0 0 1 0 0 0 0 1 0 0 0 0 0 0 1 0 0 0 1 0 0 1 0 1 0 1 1 1 0 0 0 0 0 0 0 1 0 1 0 0 1 1 1 1 1 0 0 1 0 1 0 0 0 1 1 0 1 0 0 0 0 0 0 0 0 1
46921,2,realmlp,0.5,2000,2000,0.7792207792207793,0.7862962962962964,[0.3507661 0.649234 ] [0.8529167  0.14708328] [0.98150694 0.01849306] [0.63209856 0.36790138] [0.9589543  0.04104567] [0.69780594 0.30219403] [0.9949528  0.00504719] [0.9282607  0.07173932] [0.1551758  0.84482414] [0.9008467  0.09915327] [0.98300827 0.01699178] [0.8835381 0.1164619] [9.9963999e-01 3.5999477e-04] [0.98347133 0.0165287 ] [0.00607044 0.9939295 ] [0.03419053 0.9658095 ] [0.9862248  0.01377517] [0.31341562 0.68658435] [0.9808592  0.01914086] [0.02646926 0.97353077] [0.01172087 0.9882791 ] [0.8721398  0.12786019] [0.30732214 0.69267786] [0.98258877 0.01741127] [0.97306395 0.02693612] [0.9970559  0.00294418] [0.97244984 0.02755014] [0.00485066 0.9951493 ] [0.9764558  0.02354421] [0.97116166 0.02883838] [0.7870523  0.21294768] [0.06318942 0.9368105 ] [0.1266621 0.8733379] [0.99597    0.00402999] [0.9267376  0.07326244] [0.97756404 0.02243597] [0.6273156  0.37268442] [0.96668863 0.03331131] [0.66462636 0.3353737 ] [0.99558675 0.00441322] [0.98634064 0.01365939] [0.91308534 0.08691471] [0.03290354 0.96709645] [0.22840892 0.771591  ] [0.03253252 0.9674675 ] [0.71574336 0.28425664] [0.80634624 0.19365375] [0.8628012  0.13719882] [0.93490726 0.06509268] [0.7623516 0.2376484] [0.0965777  0.90342236] [0.9807211  0.01927882] [0.93926454 0.06073553] [0.99661833 0.00338165] [0.98236173 0.01763821] [0.9952726  0.00472745] [0.4465112  0.55348873] [0.40688804 0.593112  ] [0.8972586  0.10274144] [0.58970714 0.41029277] [0.51518834 0.4848116 ] [0.03665401 0.963346  ] [0.8929543  0.10704568] [0.9915599 0.0084401] [0.99769586 0.00230411] [0.9941361  0.00586393] [0.01026999 0.98973   ] [0.9284346  0.07156537] [0.90817 0.09183] [0.9629413  0.03705868] [0.6745479  0.32545212] [0.09265619 0.90734386] [0.02119954 0.9788005 ] [0.5441482  0.45585185] [0.01784902 0.9821509 ] [0.9913119  0.00868815] [0.9856296  0.01437034] [0.11227722 0.88772273] [0.9425964  0.05740361] [0.99448365 0.00551637] [0.9759651  0.02403491] [0.17662528 0.82337475] [0.86605555 0.13394444] [0.97363865 0.02636133] [0.08916152 0.91083854] [0.97216356 0.02783647] [0.9465459  0.05345407] [0.97330743 0.02669259] [0.9721485  0.02785156] [0.72782725 0.2721727 ] [0.94549143 0.05450861] [0.7990011 0.2009989] [0.9363991  0.06360088] [0.97739935 0.02260069] [0.02970786 0.9702921 ] [0.00761527 0.9923847 ] [0.06386998 0.93613005] [0.14548887 0.8545111 ] [0.9889733  0.01102675] [0.65449107 0.345509  ] [0.94634557 0.05365439] [0.9935993  0.00640076] [0.3290048  0.67099524] [0.02966675 0.9703333 ] [0.9864661  0.01353388] [0.83316016 0.16683984] [0.87977004 0.12022998] [0.99814    0.00186004] [0.9723226  0.02767744] [0.9908298  0.00917021] [0.9690642  0.03093584] [0.8331138  0.16688617] [0.75087667 0.24912336] [0.14352569 0.8564743 ] [0.01344855 0.9865514 ] [0.74971086 0.25028908] [0.58313185 0.4168682 ] [0.7144572  0.28554273] [0.988571   0.01142904] [0.02098428 0.9790157 ] [0.6651881  0.33481202] [0.99088717 0.00911284] [0.96318614 0.03681381] [0.9586587  0.04134129] [0.9705029  0.02949709] [0.0084728  0.99152726] [0.7504873  0.24951269] [0.9683034  0.03169665] [0.21367967 0.78632027] [0.986873   0.01312706] [0.13861552 0.86138445] [0.95634204 0.04365792] [0.98305833 0.01694161] [0.03382711 0.96617293] [0.8576008  0.14239912] [0.9958721 0.0041279] [0.32475603 0.6752439 ] [0.16669936 0.8333007 ] [0.9764573  0.02354264] [0.99040496 0.00959504] [0.14397085 0.85602915] [0.94356614 0.05643383] [0.9594787  0.04052136] [0.9711052  0.02889474] [0.8975518  0.10244817] [0.1334984  0.86650157] [0.9782412  0.02175876] [0.8765893  0.12341074] [0.987063   0.01293698] [0.4866342 0.5133658] [0.46118456 0.5388154 ] [0.9867758  0.01322412] [0.98490083 0.01509915] [0.67976797 0.32023203],1 0 1 0 0 1 1 0 0 1 0 0 0 0 1 1 0 1 0 1 1 0 1 0 0 0 1 0 0 0 0 1 0 0 1 0 1 0 0 0 0 0 1 1 1 0 0 0 0 0 1 0 0 0 0 0 0 0 0 0 1 1 0 0 0 0 1 0 1 0 0 1 1 0 0 1 0 0 1 0 0 1 1 1 1 0 0 0 0 1 0 0 1 0 1 1 1 1 0 0 0 0 0 1 0 0 0 0 0 0 0 0 0 1 0 1 0 0 0 0 0 0 0 0 0 1 0 1 1 0 1 1 1 1 0 0 1 0 0 0 1 0 1 0 0 0 0 1 0 1 1 0 0 1
46921,3,realmlp,0.5,2000,2000,0.7189542483660131,0.7664150943396226,[0.8494411 0.1505589] [0.8961096  0.10389047] [0.34353113 0.6564689 ] [0.9019546  0.09804537] [0.94077146 0.05922851] [0.03714473 0.9628553 ] [0.9629968  0.03700325] [0.65060467 0.3493953 ] [0.02771101 0.97228897] [0.11535288 0.88464713] [0.93450207 0.065498  ] [0.94883245 0.0511675 ] [0.9501644  0.04983556] [0.9445916  0.05540846] [0.96438295 0.03561703] [0.09548978 0.90451026] [0.8838524  0.11614763] [0.18527752 0.8147224 ] [0.7759272  0.22407274] [0.08746839 0.91253155] [0.6600482  0.33995178] [0.66977507 0.33022493] [0.90111923 0.09888077] [0.97086114 0.02913885] [0.9502028 0.0497972] [0.10404184 0.8959581 ] [0.90428334 0.09571661] [0.21247528 0.78752476] [0.96159446 0.03840552] [0.94063157 0.05936842] [0.9536591  0.04634091] [0.66756403 0.33243597] [0.11942401 0.88057595] [0.43431166 0.5656883 ] [0.16145065 0.8385494 ] [0.8521527  0.14784734] [0.6590206 0.3409794] [0.1073845  0.89261556] [0.61088055 0.38911945] [0.7695516  0.23044844] [0.14025025 0.8597498 ] [0.91565984 0.08434016] [0.7591642 0.2408358] [0.8253656  0.17463446] [0.95627064 0.04372934] [0.9611076 0.0388924] [0.31789786 0.68210214] [0.89444464 0.10555539] [0.9443738  0.05562615] [0.9139729  0.08602707] [0.9537653  0.04623473] [0.95151323 0.04848683] [0.96337014 0.03662983] [0.8899183  0.11008162] [0.6087865  0.39121354] [0.8972942  0.10270578] [0.8963136  0.10368634] [0.5563502 0.4436499] [0.20562679 0.7943732 ] [0.82741606 0.17258392] [0.8553264  0.14467354] [0.9604232  0.03957677] [0.9406362  0.05936372] [0.9430409  0.05695908] [0.94716454 0.05283545] [0.85322976 0.14677018] [0.52258706 0.4774129 ] [0.38401315 0.6159868 ] [0.15953161 0.84046847] [0.9465348  0.05346523] [0.94563925 0.05436073] [0.13755052 0.86244947] [0.02533517 0.97466487] [0.80434984 0.19565015] [0.9378494  0.06215056] [0.94190395 0.05809599] [0.8606864  0.13931361] [0.31586224 0.6841377 ] [0.9025375  0.09746243] [0.17443527 0.82556474] [0.5045016 0.4954984] [0.7359675  0.26403242] [0.96894956 0.03105042] [0.5023274  0.49767256] [0.7477543 0.2522457] [0.6284238  0.37157625] [0.7012328  0.29876724] [0.9397665  0.06023342] [0.10385793 0.8961421 ] [0.04850655 0.95149344] [0.9482793  0.05172062] [0.96871996 0.03128002] [0.7187412  0.28125882] [0.07088285 0.9291172 ] [0.7806578  0.21934213] [0.5039156 0.4960843] [0.5852104  0.41478962] [0.2428612 0.7571388] [0.91289943 0.0871006 ] [0.9457628  0.05423714] [0.64457595 0.3554241 ] [0.43973982 0.56026024] [0.9348203  0.06517974] [0.5676348  0.43236515] [0.9473237  0.05267634] [0.9653548  0.03464516] [0.5500419  0.44995812] [0.70720416 0.29279587] [0.1970702 0.8029299] [0.58331585 0.41668412] [0.9594702  0.04052978] [0.94442356 0.05557649] [0.05512895 0.94487107] [0.8728226  0.12717743] [0.9527132  0.04728679] [0.95975804 0.0402419 ] [0.5945425  0.40545747] [0.9435381  0.05646181] [0.04942149 0.9505785 ] [0.8929713  0.10702876] [0.02525329 0.9747467 ] [0.43196845 0.5680316 ] [0.94406855 0.0559315 ] [0.13047619 0.86952376] [0.9494011  0.05059888] [0.4674615  0.53253853] [0.8415749  0.15842515] [0.15167525 0.8483247 ] [0.8935001  0.10649987] [0.9446392 0.0553608] [0.10937136 0.8906287 ] [0.04213413 0.95786583] [0.9310163  0.06898364] [0.35009718 0.6499028 ] [0.78766924 0.21233074] [0.8757234  0.12427655] [0.9488608  0.05113918] [0.22600861 0.77399135] [0.7631123  0.23688771] [0.85035175 0.14964828] [0.4399837 0.5600163] [0.30059966 0.69940037] [0.96510214 0.03489788] [0.94707745 0.05292251] [0.95658666 0.0434133 ] [0.9632072  0.03679281] [0.9470997 0.0529003] [0.19816712 0.80183285] [0.87995905 0.12004098] [0.26961118 0.73038876] [0.8880793 0.1119207] [0.4529569  0.54704314] [0.73656815 0.26343185],0 1 1 0 1 1 0 0 1 1 0 0 0 0 0 0 0 1 0 1 1 1 1 1 0 1 0 0 0 0 0 1 0 0 1 0 0 0 1 0 0 0 0 0 0 0 1 0 1 0 0 0 0 0 1 0 1 0 1 0 1 0 0 0 0 0 0 0 1 0 0 0 1 0 0 0 0 1 0 1 1 1 0 0 0 0 1 0 1 1 0 0 0 0 0 0 1 1 0 0 1 0 0 0 0 0 0 1 1 1 0 1 1 0 0 0 1 0 1 1 1 0 0 1 0 0 1 1 0 0 0 1 0 0 0 0 0 0 1 0 0 1 1 0 0 1 0 1 0 1 0 0 0
46921,4,realmlp,0.5,2000,2000,0.7712418300653595,0.8166037735849057,[0.9872163  0.01278363] [0.98958987 0.01041007] [0.03309268 0.9669074 ] [0.25719997 0.74280006] [0.9856634  0.01433657] [0.04169314 0.95830685] [0.93088293 0.06911708] [0.97480255 0.02519737] [0.98724025 0.01275977] [0.9930768 0.0069232] [0.02408393 0.9759161 ] [0.7181432  0.28185678] [0.12162945 0.87837064] [0.9913762  0.00862378] [0.8922298  0.10777022] [0.89956933 0.10043063] [0.93322694 0.06677311] [0.9747175  0.02528244] [0.919415   0.08058498] [0.9696079  0.03039209] [0.9500075  0.04999246] [0.04986078 0.9501392 ] [0.98986745 0.01013254] [0.9860107  0.01398931] [0.98695403 0.01304598] [0.97083145 0.0291685 ] [0.5423899 0.4576101] [0.9906709  0.00932903] [0.94910175 0.05089824] [0.10766105 0.89233893] [0.9588895  0.04111048] [0.9790933  0.02090665] [0.2136227  0.78637725] [0.9488925 0.0511075] [0.78263897 0.217361  ] [0.09627119 0.90372884] [0.9581489  0.04185105] [0.7206926 0.2793074] [0.97171175 0.02828827] [0.9892874  0.01071267] [0.65516746 0.34483257] [0.96722823 0.03277176] [0.99215287 0.00784713] [0.89180154 0.10819848] [0.993277   0.00672299] [0.9858132  0.01418683] [0.07320063 0.9267993 ] [0.0068875 0.9931125] [0.99302226 0.00697781] [0.5038902 0.4961098] [0.99002576 0.00997425] [0.9576298  0.04237023] [0.00758438 0.99241555] [0.9179029  0.08209707] [0.98364705 0.01635293] [0.41648096 0.583519  ] [0.04724032 0.9527597 ] [0.93867606 0.06132402] [0.6975268  0.30247316] [0.99320257 0.00679739] [0.87647665 0.12352332] [0.97158414 0.02841588] [0.9617807  0.03821932] [0.98956114 0.01043886] [0.9711684  0.02883156] [0.9845011 0.0154989] [0.9956988  0.00430125] [0.68186396 0.31813607] [0.9320294  0.06797057] [0.95048976 0.04951029] [0.9471536  0.05284641] [0.8452232  0.15477674] [0.07689809 0.9231019 ] [0.81345326 0.18654674] [0.98961043 0.01038961] [0.9884198  0.01158017] [0.66042244 0.33957756] [0.37053034 0.62946963] [0.0431552  0.95684487] [0.9770025  0.02299749] [0.98058313 0.01941686] [0.42199913 0.57800084] [0.99435955 0.00564041] [0.56169873 0.4383012 ] [0.95117843 0.04882153] [0.7938191  0.20618092] [0.27690992 0.72309005] [0.05640899 0.943591  ] [0.9926374  0.00736257] [0.952067   0.04793303] [0.8549744 0.1450256] [0.46921024 0.53078973] [0.00432823 0.99567175] [0.9652303  0.03476969] [0.90868163 0.09131842] [0.5816535  0.41834646] [0.9624779  0.03752209] [0.9744727  0.02552727] [0.92206407 0.07793596] [0.9106847  0.08931533] [0.99201113 0.00798884] [0.9934721  0.00652789] [0.4705578 0.5294422] [0.98198986 0.01801011] [0.9430586  0.05694138] [0.993846   0.00615398] [0.9836331  0.01636693] [0.1269027 0.8730973] [0.97916734 0.0208327 ] [0.9786168 0.0213832] [0.9832608  0.01673916] [0.7269427 0.2730573] [0.895532 0.104468] [0.9594143  0.04058574] [0.02439225 0.97560775] [0.00498298 0.995017  ] [0.9910505  0.00894956] [0.1616692 0.8383308] [0.9868263  0.01317369] [0.9480983  0.05190166] [0.99075454 0.00924541] [0.9813347  0.01866526] [0.07377288 0.9262271 ] [0.01608616 0.9839138 ] [0.9487296  0.05127043] [0.66109955 0.33890048] [0.250443 0.749557] [0.8207381  0.17926195] [0.2651448 0.7348552] [0.8926668  0.10733312] [0.9887327  0.01126729] [0.95682675 0.04317331] [0.97876084 0.02123908] [0.01037371 0.9896263 ] [0.8352643  0.16473563] [0.99573493 0.00426502] [0.95779794 0.04220203] [0.984853   0.01514697] [0.3233011 0.6766989] [0.9818947  0.01810533] [0.8922827  0.10771725] [0.6658564  0.33414355] [0.35388565 0.6461143 ] [0.9589809  0.04101902] [0.98844135 0.01155865] [0.22217618 0.7778238 ] [0.03989482 0.9601052 ] [0.9898481  0.01015193] [0.09452814 0.90547186] [0.9892257  0.01077438] [0.98993546 0.01006455] [0.07776332 0.92223674] [0.9757268  0.02427319],1 0 1 1 0 1 0 0 0 0 1 1 0 0 0 0 0 0 1 0 0 1 0 0 0 1 1 0 0 0 0 0 1 0 1 1 0 0 1 0 1 1 0 0 0 0 1 1 0 0 0 0 1 0 0 1 1 0 1 0 1 0 1 0 1 0 0 0 1 0 1 1 1 0 0 0 1 1 1 0 0 0 0 0 0 1 1 1 0 0 1 0 1 0 0 0 0 0 1 0 0 0 1 0 0 1 0 0 0 0 1 0 0 1 0 0 0 0 0 1 0 0 0 1 0 0 1 1 1 0 0 0 0 1 0 0 0 0 1 0 0 0 1 0 0 0 1 0 1 0 0 1 0
46921,0,realmlp,0.5,5000,5000,0.7272727272727273,0.8175925925925926,[0.11701059 0.8829894 ] [0.06933553 0.93066454] [0.13461953 0.86538047] [0.9408305  0.05916941] [0.78501093 0.21498907] [0.10588092 0.8941191 ] [0.76106685 0.23893322] [0.6570235  0.34297654] [0.9534876  0.04651245] [0.9233004  0.07669961] [0.5379951  0.46200493] [0.82329977 0.17670025] [0.9366938  0.06330625] [0.03702848 0.96297157] [0.8268512  0.17314884] [0.08011673 0.9198833 ] [0.8892348  0.11076523] [0.9554013  0.04459865] [0.11772003 0.88228   ] [0.06355634 0.9364437 ] [0.22207958 0.7779205 ] [0.3548405  0.64515954] [0.04273407 0.95726585] [0.9447354  0.05526457] [0.9543673  0.04563271] [0.94878066 0.05121933] [0.9613005  0.03869947] [0.9446465  0.05535352] [0.95643467 0.04356541] [0.056311 0.943689] [0.4572097  0.54279023] [0.92794657 0.07205343] [0.05418898 0.94581103] [0.92453855 0.07546144] [0.9485182  0.05148173] [0.95599157 0.04400849] [0.7879788 0.2120212] [0.9252794  0.07472061] [0.694652 0.305348] [0.04421942 0.95578057] [0.14779776 0.8522023 ] [0.9378361  0.06216395] [0.29531962 0.70468044] [0.95508564 0.04491434] [0.94846624 0.05153383] [0.9453011  0.05469891] [0.9462299  0.05377008] [0.9588398  0.04116025] [0.88743913 0.11256085] [0.7829386  0.21706137] [0.73750055 0.2624994 ] [0.907297   0.09270298] [0.10789555 0.89210445] [0.9160145  0.08398551] [0.07367137 0.92632866] [0.1604566  0.83954346] [0.9317242  0.06827582] [0.19847888 0.8015211 ] [0.94890684 0.05109314] [0.86232716 0.13767286] [0.9482413  0.05175876] [0.04143029 0.95856965] [0.30468085 0.6953192 ] [0.9329133  0.06708667] [0.7908569  0.20914313] [0.93146694 0.068533  ] [0.0719098  0.92809016] [0.5784065  0.42159343] [0.11508956 0.88491046] [0.8294078  0.17059222] [0.9552685  0.04473148] [0.07582282 0.9241771 ] [0.95895755 0.0410424 ] [0.77694815 0.22305188] [0.94167507 0.05832499] [0.9444545 0.0555455] [0.32934391 0.6706561 ] [0.8505494  0.14945059] [0.9262167  0.07378329] [0.91550344 0.08449655] [0.9569997  0.04300025] [0.90324295 0.09675699] [0.955413 0.044587] [0.9543292  0.04567079] [0.95842814 0.04157185] [0.9330577  0.06694227] [0.84746194 0.15253803] [0.20352218 0.79647785] [0.11515595 0.884844  ] [0.17944402 0.820556  ] [0.12172397 0.87827605] [0.5047155  0.49528447] [0.7419538  0.25804618] [0.08477717 0.9152229 ] [0.9335759  0.06642406] [0.94705504 0.05294504] [0.74518335 0.2548166 ] [0.05768307 0.94231695] [0.92858857 0.07141149] [0.9280261  0.07197385] [0.9305969  0.06940305] [0.95400053 0.04599945] [0.11928345 0.8807165 ] [0.73882073 0.2611793 ] [0.71350867 0.28649133] [0.21684584 0.7831542 ] [0.8818823  0.11811776] [0.9492989  0.05070109] [0.09737431 0.90262574] [0.8990946  0.10090544] [0.9153902  0.08460983] [0.14412957 0.8558704 ] [0.9446984  0.05530164] [0.9353244  0.06467567] [0.8643342 0.1356658] [0.93047106 0.06952889] [0.94956183 0.05043816] [0.6371743 0.3628257] [0.9562514  0.04374861] [0.72529787 0.2747022 ] [0.9540022  0.04599787] [0.9561826  0.04381743] [0.9347182 0.0652818] [0.7884518  0.21154824] [0.05582957 0.9441705 ] [0.23421732 0.7657826 ] [0.9512907  0.04870927] [0.7766937  0.22330633] [0.95227927 0.04772072] [0.94318074 0.05681927] [0.9437309  0.05626913] [0.890899 0.109101] [0.07071374 0.9292863 ] [0.49317533 0.5068247 ] [0.5435193  0.45648062] [0.77147955 0.22852044] [0.0648508 0.9351492] [0.5342912  0.46570873] [0.9407805  0.05921947] [0.17958169 0.8204183 ] [0.90987056 0.09012939] [0.7739319  0.22606811] [0.7414429 0.2585571] [0.9398805  0.06011948] [0.71217525 0.28782475] [0.9528017  0.04719833] [0.1114033 0.8885967] [0.7178592  0.28214073] [0.9535777  0.04642232] [0.93946093 0.06053909] [0.5180065  0.48199347] [0.91375846 0.08624157] [0.9386204 0.0613796] [0.923023   0.07697707],0 1 1 0 0 0 0 1 0 0 0 0 0 1 1 0 0 0 1 0 0 0 1 1 0 0 0 0 0 0 0 0 1 0 0 0 1 0 0 1 0 0 1 0 0 0 0 0 0 0 1 0 1 1 1 1 0 0 0 0 0 1 0 0 0 0 1 1 1 1 0 0 0 1 1 0 1 0 0 0 0 0 0 0 0 0 1 1 1 1 1 1 1 1 0 0 0 1 0 1 0 0 1 0 0 0 1 0 1 1 0 0 0 1 0 1 0 1 0 0 0 0 0 1 1 0 0 0 0 0 0 0 0 1 0 0 1 1 0 1 0 1 1 0 0 0 1 1 0 0 1 1 0 0
46921,1,realmlp,0.5,5000,5000,0.7987012987012987,0.837037037037037,[0.4870002  0.51299983] [0.3822186 0.6177814] [0.9492519  0.05074818] [0.08559404 0.914406  ] [0.9260129  0.07398714] [0.9394838  0.06051621] [0.06550343 0.93449664] [0.94493103 0.05506895] [0.5645281  0.43547192] [0.1112157 0.8887842] [0.47041544 0.5295846 ] [0.9540545  0.04594547] [0.88052    0.11947999] [0.38298413 0.6170159 ] [0.9482421  0.05175786] [0.47907025 0.52092975] [0.92606133 0.07393869] [0.9507373  0.04926277] [0.06952617 0.93047386] [0.9360959  0.06390409] [0.95155543 0.04844463] [0.9413234  0.05867665] [0.48565614 0.51434386] [0.16592692 0.83407307] [0.9522005  0.04779952] [0.08600109 0.9139989 ] [0.5475166  0.45248336] [0.40948188 0.5905181 ] [0.86231244 0.13768755] [0.143736 0.856264] [0.11879358 0.88120645] [0.06654484 0.93345517] [0.88612926 0.11387075] [0.9460491  0.05395087] [0.9050962  0.09490377] [0.8075179  0.19248213] [0.86307824 0.13692172] [0.58652586 0.41347417] [0.76250696 0.2374931 ] [0.94668543 0.05331459] [0.9501081  0.04989184] [0.5431843  0.45681572] [0.95287126 0.0471287 ] [0.6509422  0.34905782] [0.93988955 0.06011043] [0.05935711 0.9406429 ] [0.18585348 0.81414646] [0.9403661  0.05963392] [0.90695155 0.0930484 ] [0.9381291 0.0618709] [0.92511684 0.07488321] [0.95617145 0.04382852] [0.73076427 0.2692358 ] [0.95349526 0.04650477] [0.9418516  0.05814838] [0.39510873 0.6048913 ] [0.8171295  0.18287049] [0.5085877  0.49141225] [0.8299435  0.17005652] [0.9021817  0.09781837] [0.43375176 0.5662482 ] [0.7442982  0.25570175] [0.6203189  0.37968108] [0.05078799 0.949212  ] [0.83550835 0.1644917 ] [0.52876914 0.47123083] [0.9538583  0.04614164] [0.1265683  0.87343174] [0.923892   0.07610798] [0.33545217 0.6645478 ] [0.58745396 0.41254595] [0.6118953 0.3881047] [0.8788078  0.12119217] [0.94052297 0.05947699] [0.83010864 0.16989142] [0.95174575 0.04825426] [0.955639   0.04436097] [0.951255   0.04874505] [0.9398984  0.06010162] [0.7259967 0.2740033] [0.49459115 0.5054088 ] [0.94364566 0.05635429] [0.84687    0.15312997] [0.64073765 0.35926232] [0.8999893  0.10001071] [0.94644064 0.05355936] [0.94216746 0.05783255] [0.7329682 0.2670318] [0.9458104  0.05418964] [0.8899275  0.11007246] [0.6924283  0.30757177] [0.43071538 0.5692846 ] [0.9387335  0.06126645] [0.9410955  0.05890447] [0.9556573  0.04434272] [0.41169977 0.5883002 ] [0.94761056 0.05238945] [0.65479934 0.34520063] [0.9555751  0.04442487] [0.7890238  0.21097615] [0.3079069  0.69209313] [0.9578476 0.0421524] [0.03732114 0.9626788 ] [0.9530723 0.0469277] [0.36452997 0.6354701 ] [0.89866835 0.10133169] [0.9573233  0.04267669] [0.94914466 0.05085534] [0.08667611 0.91332394] [0.9270595  0.07294055] [0.73050857 0.2694915 ] [0.6847045  0.31529546] [0.9171483  0.08285174] [0.48504663 0.51495343] [0.34232524 0.65767473] [0.931798   0.06820209] [0.94771785 0.05228216] [0.703703   0.29629704] [0.92974514 0.07025484] [0.95050764 0.04949239] [0.9503093  0.04969078] [0.9574543  0.04254566] [0.93960845 0.06039152] [0.12434563 0.8756544 ] [0.915431   0.08456899] [0.08876636 0.9112336 ] [0.9417867  0.05821329] [0.9485786  0.05142142] [0.9326629  0.06733706] [0.90322185 0.09677817] [0.08500424 0.9149958 ] [0.04643777 0.9535622 ] [0.07753915 0.92246085] [0.939525   0.06047505] [0.5907738  0.40922618] [0.62458473 0.3754152 ] [0.73022234 0.2697777 ] [0.21998093 0.7800191 ] [0.9456837  0.05431624] [0.94207054 0.05792943] [0.8952714  0.10472859] [0.17860319 0.8213968 ] [0.41557956 0.5844204 ] [0.9564003  0.04359969] [0.33866107 0.6613389 ] [0.9485802  0.05141973] [0.9492593  0.05074077] [0.9486243  0.05137568] [0.95233285 0.04766707] [0.9419344  0.05806552] [0.94397634 0.05602371] [0.93847024 0.06152983] [0.90590227 0.09409772] [0.91167235 0.08832766],1 0 0 1 0 0 1 1 1 1 1 0 1 1 0 0 1 0 1 0 0 0 1 1 0 1 0 0 1 1 1 1 0 0 0 0 0 0 0 0 1 0 0 1 0 1 1 0 0 0 0 0 1 0 0 0 0 0 1 0 1 0 0 1 0 0 0 1 0 1 0 0 1 0 0 0 0 0 0 1 0 0 1 0 0 0 0 1 0 0 1 0 0 0 0 1 0 0 0 0 0 0 1 0 0 0 1 0 0 1 0 1 0 1 1 1 0 0 0 0 0 0 0 1 0 1 0 0 1 1 1 1 1 0 0 1 0 1 0 0 0 1 1 0 1 0 0 0 0 0 0 0 0 1
46921,2,realmlp,0.5,5000,5000,0.7467532467532467,0.7931481481481482,[0.31177858 0.6882214 ] [0.7646682  0.23533174] [0.9261918  0.07380819] [0.8383003  0.16169973] [0.9027262  0.09727389] [0.10000442 0.8999956 ] [0.8779572  0.12204283] [0.89294904 0.10705098] [0.14049189 0.8595081 ] [0.29363778 0.70636225] [0.39075246 0.6092475 ] [0.07704315 0.9229568 ] [0.9523875  0.04761247] [0.92238873 0.07761131] [0.05006734 0.94993263] [0.01500125 0.98499876] [0.86455697 0.13544303] [0.16644567 0.8335543 ] [0.6909262  0.30907384] [0.15976518 0.8402348 ] [0.20669243 0.79330754] [0.18019094 0.8198091 ] [0.01709007 0.98290986] [0.8642225  0.13577746] [0.82907873 0.1709212 ] [0.90116113 0.09883882] [0.9234244  0.07657564] [0.03515592 0.96484405] [0.82027614 0.1797239 ] [0.9261654  0.07383453] [0.5522732  0.44772685] [0.01285511 0.9871449 ] [0.00751073 0.99248934] [0.94197524 0.05802475] [0.4879959 0.5120041] [0.91702837 0.08297165] [0.653235 0.346765] [0.80802244 0.19197752] [0.31127456 0.6887254 ] [0.9495206  0.05047937] [0.7823323  0.21766767] [0.90838426 0.09161577] [0.07534243 0.9246576 ] [0.11049848 0.8895016 ] [0.00307958 0.99692047] [0.20004562 0.79995435] [0.7608168  0.23918317] [0.30221945 0.69778055] [0.12796938 0.87203056] [0.64951205 0.35048795] [0.02474535 0.97525465] [0.7020342  0.29796576] [0.40204647 0.5979535 ] [0.93897456 0.06102544] [0.5947812 0.4052188] [0.8252182 0.1747818] [0.6935679 0.3064321] [0.02360285 0.97639716] [0.51967597 0.48032412] [0.04470611 0.95529395] [0.18185037 0.8181497 ] [0.02837416 0.9716258 ] [0.807322   0.19267796] [0.8284551  0.17154491] [0.9098218  0.09017825] [0.93433976 0.06566022] [0.04184711 0.95815295] [0.74706835 0.25293162] [0.8344602  0.16553982] [0.7897972  0.21020287] [0.25499293 0.74500704] [0.15552586 0.8444741 ] [0.02112453 0.9788754 ] [0.7143029  0.28569713] [0.03350784 0.9664922 ] [0.8601583  0.13984163] [0.85272753 0.14727253] [0.2895152 0.7104848] [0.5924502  0.40754974] [0.8143597 0.1856403] [0.8467885  0.15321146] [9.1249496e-04 9.9908745e-01] [0.6360649  0.36393508] [0.7725417 0.2274583] [0.25032753 0.7496724 ] [0.7707186  0.22928144] [0.797859   0.20214097] [0.90336555 0.09663451] [0.844313 0.155687] [0.15095681 0.8490432 ] [0.2767905 0.7232095] [0.73374856 0.26625147] [0.84936917 0.15063085] [0.8388668  0.16113323] [0.14955467 0.85044533] [0.31336164 0.6866383 ] [0.02659181 0.9734082 ] [0.5394835  0.46051645] [0.9011656  0.09883437] [0.41314074 0.5868592 ] [0.82156056 0.17843947] [0.9012715  0.09872855] [0.6555862  0.34441382] [0.00209228 0.99790776] [0.93016136 0.0698387 ] [0.87917805 0.12082197] [0.6505492  0.34945086] [0.9211237  0.07887635] [0.86413354 0.13586648] [0.931834   0.06816601] [0.65844417 0.34155586] [0.71846944 0.2815306 ] [0.50770324 0.4922968 ] [0.3128655 0.6871345] [0.10973348 0.8902665 ] [0.5916937  0.40830627] [0.72396034 0.27603966] [0.38660038 0.6133996 ] [0.8207427  0.17925729] [0.29780158 0.7021984 ] [0.91180104 0.08819892] [0.88014305 0.11985695] [0.7666308  0.23336911] [0.9331551  0.06684489] [0.86591214 0.13408782] [0.02111616 0.97888386] [0.22560315 0.77439684] [0.37320265 0.6267973 ] [0.00251591 0.9974841 ] [0.93771803 0.06228195] [0.0986229 0.9013771] [0.8848966  0.11510339] [0.27846554 0.72153455] [0.3581032  0.64189684] [0.7828929  0.21710709] [0.9339964  0.06600361] [0.09501175 0.9049883 ] [0.08122176 0.91877824] [0.9108063  0.08919369] [0.8604831  0.13951689] [0.05625475 0.94374526] [0.40136114 0.5986389 ] [0.8115967  0.18840338] [0.92759174 0.07240828] [0.5566041 0.4433959] [0.22271277 0.77728724] [0.7225118 0.2774881] [0.3831605  0.61683947] [0.9020274  0.09797258] [0.13322705 0.86677295] [0.05946594 0.94053406] [0.8901145  0.10988548] [0.83538866 0.16461128] [0.33304706 0.66695297],1 0 1 0 0 1 1 0 0 1 0 0 0 0 1 1 0 1 0 1 1 0 1 0 0 0 1 0 0 0 0 1 0 0 1 0 1 0 0 0 0 0 1 1 1 0 0 0 0 0 1 0 0 0 0 0 0 0 0 0 1 1 0 0 0 0 1 0 1 0 0 1 1 0 0 1 0 0 1 0 0 1 1 1 1 0 0 0 0 1 0 0 1 0 1 1 1 1 0 0 0 0 0 1 0 0 0 0 0 0 0 0 0 1 0 1 0 0 0 0 0 0 0 0 0 1 0 1 1 0 1 1 1 1 0 0 1 0 0 0 1 0 1 0 0 0 0 1 0 1 1 0 0 1
46921,3,realmlp,0.5,5000,5000,0.7450980392156863,0.7932075471698113,[0.616201   0.38379905] [0.8902184  0.10978162] [0.74143386 0.25856614] [0.94322807 0.056772  ] [0.9089453  0.09105471] [0.02181667 0.9781833 ] [0.9205163  0.07948366] [0.62406373 0.37593624] [0.09550296 0.9044971 ] [0.27256855 0.7274315 ] [0.86792725 0.13207278] [0.8905987  0.10940126] [0.84045196 0.15954809] [0.9654569  0.03454311] [0.92515093 0.07484904] [0.49746403 0.502536  ] [0.9630943  0.03690568] [0.02447592 0.9755241 ] [0.7620643 0.2379357] [0.5458201  0.45417985] [0.7458707  0.25412932] [0.85934997 0.1406501 ] [0.8865801  0.11341996] [0.94309413 0.05690591] [0.84631324 0.15368675] [0.2375771  0.76242286] [0.8649578  0.13504218] [0.04843471 0.9515653 ] [0.9340699  0.06593007] [0.94377804 0.05622195] [0.9724098  0.02759017] [0.8908203  0.10917971] [0.53599703 0.46400297] [0.70878655 0.29121342] [0.74734426 0.25265577] [0.7173425  0.28265753] [0.4571192 0.5428808] [0.75154907 0.24845093] [0.52449805 0.47550192] [0.97282887 0.02717113] [0.6013393 0.3986607] [0.9728229  0.02717712] [0.88404804 0.11595195] [0.760821   0.23917903] [0.68407154 0.3159284 ] [0.8815896  0.11841043] [0.76096964 0.23903042] [0.9227238 0.0772762] [0.9386542  0.06134585] [0.7136701 0.2863299] [0.9497705 0.0502294] [0.93735117 0.06264883] [0.96497035 0.03502968] [0.9198151 0.0801849] [0.6358167 0.3641833] [0.81581587 0.18418415] [0.8176942  0.18230578] [0.86919427 0.13080576] [0.20601612 0.7939839 ] [0.89135927 0.10864072] [0.0964831  0.90351695] [0.95567364 0.04432632] [0.81682867 0.18317132] [0.9453089  0.05469103] [0.9120365  0.08796346] [0.706963   0.29303706] [0.18492034 0.8150797 ] [0.55967754 0.4403224 ] [0.2303453 0.7696547] [0.8058217  0.19417831] [0.9534858  0.04651413] [0.04824723 0.9517528 ] [0.00135423 0.99864584] [0.21114247 0.7888575 ] [0.9936287 0.0063713] [0.97917217 0.0208278 ] [0.8072541  0.19274592] [0.7086546  0.29134536] [0.9876087  0.01239127] [0.8465823  0.15341763] [0.7472288 0.2527712] [0.3229186 0.6770814] [0.95698786 0.04301211] [0.49397 0.50603] [0.8795334  0.12046655] [0.77296466 0.22703537] [0.20426415 0.7957359 ] [0.98756325 0.01243674] [0.02887204 0.9711279 ] [0.00646002 0.99354   ] [0.98862326 0.01137667] [0.8979524  0.10204761] [0.8702048  0.12979521] [0.03687332 0.96312666] [0.78841454 0.21158545] [0.8307536  0.16924639] [0.15857887 0.84142107] [0.43447512 0.5655249 ] [0.8188966 0.1811034] [0.93270344 0.06729652] [0.32000956 0.6799904 ] [0.03383925 0.9661608 ] [0.92069775 0.07930224] [0.75339526 0.24660474] [0.92648834 0.07351169] [0.97304225 0.02695773] [0.47523403 0.52476597] [0.5972837  0.40271628] [0.37636048 0.6236395 ] [0.67513394 0.32486612] [0.9580884  0.04191161] [0.8752398  0.12476023] [0.00923366 0.9907664 ] [0.8426877 0.1573123] [0.9052069  0.09479307] [0.9272793  0.07272071] [0.06263194 0.93736804] [0.8631406  0.13685939] [0.24677365 0.75322634] [0.83164454 0.16835548] [0.14602594 0.8539741 ] [0.85798913 0.14201082] [0.98709166 0.01290838] [0.38182327 0.6181767 ] [0.8617674 0.1382326] [0.7209842  0.27901584] [0.9882704  0.01172967] [0.01473533 0.9852646 ] [0.94183594 0.05816403] [0.97584003 0.02415994] [0.31405842 0.6859415 ] [0.21896693 0.7810331 ] [0.9597596  0.04024041] [0.8009575  0.19904253] [0.4963239 0.5036761] [0.8655312  0.13446884] [0.91684747 0.08315255] [0.86783856 0.13216145] [0.2741219 0.725878 ] [0.83239615 0.16760382] [0.48265085 0.5173491 ] [0.03914651 0.96085346] [0.5402393  0.45976073] [0.8411455 0.1588545] [0.9746566  0.02534336] [0.7073497 0.2926503] [0.7982369  0.20176306] [0.39750087 0.6024992 ] [0.9357537  0.06424631] [0.07604523 0.9239547 ] [0.82257324 0.17742676] [0.21104623 0.7889538 ] [0.96680754 0.03319252],0 1 1 0 1 1 0 0 1 1 0 0 0 0 0 0 0 1 0 1 1 1 1 1 0 1 0 0 0 0 0 1 0 0 1 0 0 0 1 0 0 0 0 0 0 0 1 0 1 0 0 0 0 0 1 0 1 0 1 0 1 0 0 0 0 0 0 0 1 0 0 0 1 0 0 0 0 1 0 1 1 1 0 0 0 0 1 0 1 1 0 0 0 0 0 0 1 1 0 0 1 0 0 0 0 0 0 1 1 1 0 1 1 0 0 0 1 0 1 1 1 0 0 1 0 0 1 1 0 0 0 1 0 0 0 0 0 0 1 0 0 1 1 0 0 1 0 1 0 1 0 0 0
46921,4,realmlp,0.5,5000,5000,0.7843137254901961,0.8316981132075472,[0.75032073 0.2496793 ] [0.94598764 0.05401233] [0.05060069 0.94939923] [0.37028188 0.6297182 ] [0.9871531  0.01284691] [0.7415475 0.2584525] [0.8019407  0.19805938] [0.97419864 0.02580135] [0.9891906  0.01080945] [0.92042094 0.07957907] [0.01103515 0.9889649 ] [0.0637976  0.93620247] [0.8214914  0.17850855] [0.9725337  0.02746627] [0.7229306  0.27706933] [0.75518185 0.24481821] [0.894361   0.10563897] [0.9639522  0.03604783] [0.525259 0.474741] [0.74294317 0.2570568 ] [0.9202278  0.07977223] [0.07557788 0.92442214] [0.9210042  0.07899585] [0.9546221  0.04537788] [0.94323856 0.05676142] [0.9470971  0.05290281] [0.1398489 0.8601511] [0.9858846  0.01411543] [0.8408364  0.15916361] [0.01756444 0.9824356 ] [0.69489056 0.3051094 ] [0.9826164  0.01738364] [0.7796823  0.22031766] [0.8738681  0.12613192] [0.6285017 0.3714983] [0.166197   0.83380294] [0.9769474  0.02305252] [0.39107314 0.60892683] [0.95513994 0.04486008] [0.9832308  0.01676914] [0.27993023 0.72006977] [0.79472166 0.20527841] [0.9623261 0.0376739] [0.88829476 0.11170523] [0.98041725 0.01958274] [0.9799182  0.02008189] [0.3339868 0.6660132] [0.00347355 0.9965264 ] [0.90094316 0.09905681] [0.79011357 0.20988646] [0.9789578  0.02104227] [0.68758917 0.3124108 ] [0.06079567 0.93920434] [0.5859827  0.41401738] [0.9471963  0.05280374] [0.06064897 0.9393511 ] [0.01990086 0.98009914] [0.9679988  0.03200115] [0.91889095 0.08110903] [0.93822837 0.06177163] [0.7407528  0.25924715] [0.8210587  0.17894128] [0.6845131  0.31548694] [0.99127835 0.00872161] [0.89648753 0.10351243] [0.99112076 0.00887932] [0.98470795 0.01529201] [0.64070684 0.35929316] [0.76989186 0.23010813] [0.9521699  0.04783013] [0.9628563  0.03714367] [0.7775538  0.22244616] [0.058413 0.941587] [0.8941099 0.1058901] [0.9887438 0.0112562] [0.91315866 0.08684128] [0.46438667 0.5356133 ] [0.14655198 0.85344803] [0.1302599 0.8697401] [0.8386146 0.1613854] [0.9726566  0.02734339] [0.3224841  0.67751586] [0.9763847  0.02361529] [0.7717351  0.22826493] [0.8538687 0.1461312] [0.7267589 0.2732411] [0.8078755 0.1921244] [0.00961086 0.99038917] [0.99572104 0.00427897] [0.96779245 0.0322076 ] [0.84570014 0.1542999 ] [0.22458433 0.77541566] [0.01434732 0.9856527 ] [0.85635936 0.14364062] [0.6854444  0.31455556] [0.8505903  0.14940973] [0.984655   0.01534503] [0.93829304 0.06170698] [0.83100754 0.16899244] [0.71684957 0.28315046] [0.9947754 0.0052246] [0.98943466 0.01056535] [0.31291628 0.6870837 ] [0.9775999  0.02240009] [0.8396672  0.16033281] [0.9849761  0.01502387] [0.90038705 0.09961297] [0.6315825  0.36841747] [0.9631781  0.03682187] [0.98437977 0.01562019] [0.94341975 0.0565803 ] [0.7675315 0.2324685] [0.9529259  0.04707403] [0.755464   0.24453603] [0.06297582 0.9370242 ] [0.03520341 0.96479654] [0.9558498  0.04415011] [0.3748015  0.62519854] [0.9767686  0.02323136] [0.68494546 0.3150545 ] [0.98228675 0.01771329] [0.97376335 0.02623671] [0.71383446 0.28616554] [0.6289735  0.37102655] [0.9249403 0.0750597] [0.8417529  0.15824705] [0.11100007 0.88899994] [0.46502873 0.53497124] [0.17962879 0.8203712 ] [0.15410082 0.84589916] [0.98887324 0.01112677] [0.9221895  0.07781056] [0.643941   0.35605896] [0.02172973 0.9782703 ] [0.02249024 0.9775098 ] [0.9838298 0.0161702] [0.96536815 0.03463189] [0.99288756 0.00711244] [0.38033292 0.61966705] [0.9921051  0.00789486] [0.9345746  0.06542538] [0.61147493 0.38852507] [0.47023582 0.5297642 ] [0.8812809  0.11871909] [0.9651521 0.0348479] [0.5874628 0.4125372] [0.16636099 0.833639  ] [0.99562126 0.00437879] [0.06431371 0.9356863 ] [0.87630177 0.12369827] [0.9658134  0.03418657] [0.18500647 0.81499356] [0.8576328  0.14236721],1 0 1 1 0 1 0 0 0 0 1 1 0 0 0 0 0 0 1 0 0 1 0 0 0 1 1 0 0 0 0 0 1 0 1 1 0 0 1 0 1 1 0 0 0 0 1 1 0 0 0 0 1 0 0 1 1 0 1 0 1 0 1 0 1 0 0 0 1 0 1 1 1 0 0 0 1 1 1 0 0 0 0 0 0 1 1 1 0 0 1 0 1 0 0 0 0 0 1 0 0 0 1 0 0 1 0 0 0 0 1 0 0 1 0 0 0 0 0 1 0 0 0 1 0 0 1 1 1 0 0 0 0 1 0 0 0 0 1 0 0 0 1 0 0 0 1 0 1 0 0 1 0
46921,0,realmlp,0.5,10000,10000,0.7532467532467533,0.8277777777777777,[0.19510262 0.80489737] [0.01785847 0.9821415 ] [0.11994075 0.8800593 ] [0.9439428  0.05605718] [0.88936526 0.1106347 ] [0.34971148 0.6502886 ] [0.87014794 0.1298521 ] [0.8244774  0.17552263] [0.92572796 0.07427208] [0.9521231  0.04787697] [0.8652873  0.13471271] [0.9469528  0.05304722] [0.8606971  0.13930285] [0.14885983 0.8511402 ] [0.23289375 0.7671063 ] [0.19604553 0.8039545 ] [0.8849521  0.11504785] [0.96335983 0.03664011] [0.10006078 0.89993924] [0.06470994 0.93529004] [0.5739791  0.42602098] [0.6356498 0.3643502] [0.03243887 0.9675611 ] [0.92197603 0.07802403] [0.9690926  0.03090741] [0.88604873 0.11395124] [0.97108835 0.02891166] [0.7753238  0.22467627] [0.960628   0.03937198] [0.02100984 0.97899014] [0.82921034 0.17078966] [0.9564392  0.04356077] [0.01976789 0.9802321 ] [0.9481141  0.05188592] [0.9645828  0.03541716] [0.9705348  0.02946516] [0.8560419  0.14395808] [0.9739842 0.0260159] [0.7973419  0.20265813] [0.01508589 0.9849141 ] [0.06835528 0.9316447 ] [0.9716903  0.02830973] [0.6253659  0.37463418] [0.9435767  0.05642328] [0.9690561  0.03094394] [0.97351867 0.02648132] [0.9645912  0.03540878] [0.971981   0.02801901] [0.9418315  0.05816849] [0.96386325 0.03613672] [0.941179   0.05882103] [0.95120895 0.04879111] [0.01776656 0.98223346] [0.8091524 0.1908476] [0.49580377 0.50419617] [0.04060589 0.9593941 ] [0.9838214  0.01617864] [0.3196665 0.6803335] [0.78376687 0.21623315] [0.94387054 0.05612946] [0.9506874  0.04931262] [0.06636137 0.93363863] [0.91765547 0.08234452] [0.7855733  0.21442668] [0.8901407  0.10985922] [0.93982995 0.06017008] [0.21421683 0.7857832 ] [0.12007242 0.8799276 ] [0.11843307 0.8815669 ] [0.76406664 0.23593342] [0.96334004 0.03665993] [0.08838846 0.9116115 ] [0.8778387  0.12216133] [0.36950743 0.6304925 ] [0.9674154  0.03258459] [0.94062704 0.05937297] [0.25057396 0.749426  ] [0.7724394  0.22756055] [0.87371075 0.12628928] [0.9383388  0.06166119] [0.9842593  0.01574066] [0.9664075  0.03359256] [0.9768008  0.02319924] [0.9132369  0.08676305] [0.97668433 0.02331561] [0.90871304 0.09128701] [0.57454836 0.4254516 ] [0.7082981 0.2917019] [0.62333053 0.37666944] [0.06417809 0.9358219 ] [0.21267237 0.7873277 ] [0.8595701 0.1404299] [0.9402959  0.05970411] [0.22893928 0.77106065] [0.87042177 0.12957825] [0.9697804  0.03021962] [0.7179055  0.28209457] [0.03820176 0.96179825] [0.9691367  0.03086331] [0.9680287  0.03197126] [0.9537976  0.04620239] [0.9681502  0.03184977] [0.23647378 0.76352626] [0.7983676  0.20163244] [0.8121411  0.18785892] [0.39824352 0.60175645] [0.7842456  0.21575435] [0.97971296 0.02028709] [0.39801037 0.6019896 ] [0.865201   0.13479902] [0.7605048  0.23949517] [0.6682947  0.33170527] [0.94201386 0.05798612] [0.8286412  0.17135884] [0.634011   0.36598903] [0.9262958  0.07370421] [0.9332769  0.06672315] [0.7943693  0.20563073] [0.9712256  0.02877432] [0.46681756 0.53318244] [0.97578794 0.02421204] [0.9661161  0.03388396] [0.91049695 0.08950305] [0.9178137  0.08218624] [0.05432044 0.94567955] [0.36976883 0.6302311 ] [0.95139354 0.04860645] [0.8998067  0.10019333] [0.97128534 0.02871468] [0.88433665 0.11566336] [0.9525712  0.04742873] [0.98063844 0.0193615 ] [0.32538432 0.6746156 ] [0.7790227  0.22097729] [0.8716841  0.12831588] [0.9707827  0.02921736] [0.01859851 0.9814015 ] [0.29325947 0.7067406 ] [0.95556295 0.04443701] [0.3165979 0.6834021] [0.922963   0.07703695] [0.916862   0.08313797] [0.5524307 0.4475693] [0.7394688  0.26053125] [0.9395391  0.06046097] [0.9565146  0.04348544] [0.5176231 0.4823769] [0.5511389  0.44886115] [0.97526926 0.02473077] [0.97767794 0.02232208] [0.16027337 0.8397266 ] [0.9008135  0.09918649] [0.988958   0.01104192] [0.78095734 0.21904266],0 1 1 0 0 0 0 1 0 0 0 0 0 1 1 0 0 0 1 0 0 0 1 1 0 0 0 0 0 0 0 0 1 0 0 0 1 0 0 1 0 0 1 0 0 0 0 0 0 0 1 0 1 1 1 1 0 0 0 0 0 1 0 0 0 0 1 1 1 1 0 0 0 1 1 0 1 0 0 0 0 0 0 0 0 0 1 1 1 1 1 1 1 1 0 0 0 1 0 1 0 0 1 0 0 0 1 0 1 1 0 0 0 1 0 1 0 1 0 0 0 0 0 1 1 0 0 0 0 0 0 0 0 1 0 0 1 1 0 1 0 1 1 0 0 0 1 1 0 0 1 1 0 0
46921,1,realmlp,0.5,10000,10000,0.7727272727272727,0.8488888888888888,[0.25899965 0.74100035] [0.74795175 0.25204828] [0.83645535 0.16354471] [0.23714125 0.7628588 ] [0.9788249  0.02117509] [0.97296786 0.02703213] [0.10730872 0.8926913 ] [0.8033047 0.1966953] [0.5388886 0.4611115] [0.01179165 0.98820835] [0.25795513 0.74204487] [0.9817421 0.0182579] [0.7540657 0.2459344] [0.11082665 0.8891733 ] [0.9790836  0.02091645] [0.36839503 0.63160497] [0.81262    0.18738005] [0.96074265 0.03925739] [0.04924387 0.95075613] [0.86098963 0.13901035] [0.6028629  0.39713717] [0.9353007  0.06469929] [0.7814653  0.21853468] [0.13216639 0.8678336 ] [0.9192806 0.0807194] [0.10843367 0.8915663 ] [0.78826284 0.21173722] [0.912825 0.087175] [0.57782644 0.42217356] [0.07356423 0.92643577] [0.05396124 0.9460388 ] [0.03881563 0.9611844 ] [0.8353115  0.16468853] [0.9679865  0.03201347] [0.9699609  0.03003908] [0.5670353  0.43296465] [0.848233   0.15176702] [0.9329584  0.06704158] [0.4141992  0.58580077] [0.97383547 0.02616455] [0.7924201  0.20757991] [0.34826425 0.6517357 ] [0.98320675 0.01679328] [0.5133151  0.48668495] [0.76449615 0.23550391] [0.08959339 0.91040653] [0.7661371  0.23386285] [0.9569079  0.04309203] [0.9556279  0.04437205] [0.608995 0.391005] [0.9681272  0.03187281] [0.96603894 0.03396108] [0.45213044 0.54786956] [0.9620558  0.03794416] [0.9500627  0.04993727] [0.13394326 0.86605674] [0.9302845  0.06971549] [0.32703283 0.67296714] [0.52398807 0.47601196] [0.90931535 0.09068463] [0.6294872  0.37051278] [0.6208358  0.37916425] [0.5639277 0.4360723] [0.05769038 0.9423096 ] [0.91979957 0.08020041] [0.1870531 0.8129469] [0.9666805  0.03331948] [0.14396754 0.8560325 ] [0.6497112  0.35028878] [0.15304697 0.84695303] [0.7668798  0.23312019] [0.6021881 0.3978119] [0.8959195  0.10408048] [0.9432353  0.05676471] [0.61587584 0.3841242 ] [0.89347005 0.10652998] [0.96224296 0.03775707] [0.95939463 0.04060542] [0.84351677 0.1564832 ] [0.82570404 0.17429596] [0.09256122 0.90743876] [0.92234045 0.07765959] [0.90685195 0.09314808] [0.70903623 0.29096374] [0.65761334 0.34238663] [0.97535455 0.02464542] [0.9629875  0.03701255] [0.64494824 0.35505173] [0.9721425  0.02785752] [0.15485325 0.8451468 ] [0.6799352  0.32006484] [0.17044704 0.82955295] [0.9694611  0.03053891] [0.94965976 0.05034023] [0.96033514 0.03966485] [0.61159056 0.3884094 ] [0.94172674 0.05827323] [0.7796886  0.22031139] [0.9766753  0.02332477] [0.87443024 0.1255697 ] [0.5222711  0.47772893] [0.9352274  0.06477262] [0.01652773 0.9834722 ] [0.938696   0.06130405] [0.83007723 0.16992271] [0.7871641  0.21283588] [0.973431   0.02656902] [0.9341271  0.06587289] [0.04498367 0.95501626] [0.85937774 0.14062227] [0.2785393 0.7214607] [0.7582344  0.24176559] [0.3803738  0.61962616] [0.34857258 0.6514274 ] [0.06632359 0.93367636] [0.7525588  0.24744116] [0.9628775 0.0371225] [0.79598635 0.20401365] [0.94630075 0.05369921] [0.9738303  0.02616974] [0.9531451 0.0468549] [0.9572463  0.04275367] [0.96497613 0.03502382] [0.01994659 0.98005337] [0.95883197 0.041168  ] [0.10059699 0.89940304] [0.92617184 0.07382815] [0.9502242  0.04977575] [0.9754309  0.02456916] [0.6736486  0.32635137] [0.0793218  0.92067814] [0.07086468 0.9291353 ] [0.02051597 0.9794841 ] [0.97979075 0.02020925] [0.8784     0.12159994] [0.09517755 0.90482247] [0.71790904 0.2820909 ] [0.08282595 0.9171741 ] [0.97154564 0.02845432] [0.95912284 0.04087721] [0.97247744 0.0275225 ] [0.30632058 0.69367945] [0.22159466 0.7784053 ] [0.964724   0.03527599] [0.39892888 0.6010711 ] [0.9244122  0.07558785] [0.95114684 0.04885316] [0.96577203 0.03422793] [0.97330564 0.02669431] [0.9041144  0.09588557] [0.85628366 0.14371628] [0.9438557  0.05614434] [0.86124223 0.13875781] [0.44407704 0.555923  ],1 0 0 1 0 0 1 1 1 1 1 0 1 1 0 0 1 0 1 0 0 0 1 1 0 1 0 0 1 1 1 1 0 0 0 0 0 0 0 0 1 0 0 1 0 1 1 0 0 0 0 0 1 0 0 0 0 0 1 0 1 0 0 1 0 0 0 1 0 1 0 0 1 0 0 0 0 0 0 1 0 0 1 0 0 0 0 1 0 0 1 0 0 0 0 1 0 0 0 0 0 0 1 0 0 0 1 0 0 1 0 1 0 1 1 1 0 0 0 0 0 0 0 1 0 1 0 0 1 1 1 1 1 0 0 1 0 1 0 0 0 1 1 0 1 0 0 0 0 0 0 0 0 1
46921,2,realmlp,0.5,10000,10000,0.7337662337662337,0.8412962962962963,[0.02914164 0.97085834] [0.62206894 0.37793103] [0.7836006  0.21639939] [0.7498615  0.25013852] [0.7779639  0.22203614] [0.07860716 0.9213928 ] [0.8513273  0.14867276] [0.8825138  0.11748621] [0.00565094 0.99434906] [0.8868189  0.11318105] [0.8913142 0.1086858] [0.3759944  0.62400556] [0.99404126 0.00595869] [0.9909373  0.00906274] [1.4710444e-04 9.9985290e-01] [5.4750778e-04 9.9945253e-01] [0.97700363 0.02299639] [0.02044721 0.9795528 ] [0.9740967  0.02590332] [0.00979161 0.9902084 ] [6.7049975e-04 9.9932957e-01] [0.8131327  0.18686727] [0.00812407 0.9918759 ] [0.89188373 0.10811628] [0.96438664 0.03561341] [0.9914772  0.00852286] [0.92109305 0.07890701] [1.2756903e-04 9.9987245e-01] [0.9205059  0.07949409] [0.96448076 0.03551929] [0.06471644 0.9352836 ] [5.2023533e-04 9.9947983e-01] [0.02079107 0.97920895] [0.9952976  0.00470238] [0.27136108 0.7286389 ] [0.92599547 0.07400452] [0.06157127 0.93842876] [0.86296517 0.1370349 ] [0.06529169 0.9347083 ] [0.9905511  0.00944886] [0.89720446 0.10279556] [0.93123573 0.06876429] [0.00754136 0.99245864] [0.19260769 0.80739236] [9.154027e-04 9.990846e-01] [0.12528561 0.8747144 ] [0.881684   0.11831601] [0.0365094 0.9634906] [0.309465   0.69053507] [0.35179973 0.6482003 ] [0.00272285 0.9972772 ] [0.96320045 0.03679953] [0.90549356 0.09450649] [0.9518721  0.04812786] [0.90106857 0.0989314 ] [0.98723245 0.01276749] [0.09925069 0.9007493 ] [0.01380035 0.9861996 ] [0.852989   0.14701097] [0.1520347 0.8479653] [0.12919053 0.8708095 ] [0.00144335 0.9985567 ] [0.7502765  0.24972352] [0.96727085 0.03272917] [0.9939399  0.00606016] [0.9881166  0.01188341] [6.0285616e-04 9.9939716e-01] [0.8866638  0.11333624] [0.677289   0.32271093] [0.7243054  0.27569458] [0.508026   0.49197397] [0.00136926 0.9986307 ] [0.00167606 0.998324  ] [0.70812654 0.29187343] [0.00306124 0.9969388 ] [0.8407697 0.1592303] [0.96687865 0.03312141] [0.07586998 0.92413   ] [0.43921962 0.56078047] [0.9517673  0.04823264] [0.9820832  0.01791682] [0.0028499 0.9971501] [0.36496678 0.6350332 ] [0.97484905 0.02515094] [0.01477645 0.98522353] [0.94631666 0.05368337] [0.9074856  0.09251442] [0.9022794  0.09772064] [0.82869637 0.17130366] [0.12648273 0.8735173 ] [0.4867796 0.5132204] [0.7564289  0.24357112] [0.6705919  0.32940817] [0.44871113 0.55128884] [0.00721554 0.9927845 ] [6.3135836e-04 9.9936861e-01] [0.00387349 0.9961265 ] [0.08310648 0.9168935 ] [0.98072654 0.01927348] [0.09499513 0.9050049 ] [0.91249096 0.08750899] [0.9900203  0.00997974] [0.02454219 0.9754578 ] [3.7818155e-04 9.9962175e-01] [0.9572144  0.04278561] [0.7478506 0.2521494] [0.34492162 0.6550784 ] [0.98797405 0.01202594] [0.958274   0.04172602] [0.9915181  0.00848194] [0.9058739  0.09412607] [0.84344083 0.15655915] [0.3190424  0.68095756] [0.00979497 0.99020505] [0.00272258 0.99727744] [0.1173573 0.8826427] [0.6211887 0.3788113] [0.14010915 0.8598908 ] [0.96170306 0.03829694] [0.00893941 0.99106055] [0.16669239 0.8333076 ] [0.92937165 0.07062833] [0.9533925  0.04660752] [0.93387854 0.06612145] [0.9746635  0.02533656] [8.268897e-04 9.991731e-01] [0.02109508 0.9789049 ] [0.6415164  0.35848367] [0.02143209 0.9785679 ] [0.9649201  0.03507989] [0.00591119 0.9940889 ] [0.7430234  0.25697654] [0.6771111 0.3228889] [0.00229461 0.9977054 ] [0.77831984 0.2216802 ] [0.97541803 0.02458194] [0.01438532 0.9856147 ] [0.01118722 0.98881274] [0.805095   0.19490492] [0.96220016 0.03779984] [0.015316   0.98468405] [0.5108991  0.48910087] [0.7106235 0.2893765] [0.96148837 0.03851163] [0.8587445  0.14125544] [0.19860706 0.801393  ] [0.4439159 0.5560841] [0.08620456 0.9137954 ] [0.7787683  0.22123171] [0.09089437 0.90910566] [0.03352056 0.96647936] [0.9793453 0.0206547] [0.86904526 0.13095471] [0.04253076 0.9574692 ],1 0 1 0 0 1 1 0 0 1 0 0 0 0 1 1 0 1 0 1 1 0 1 0 0 0 1 0 0 0 0 1 0 0 1 0 1 0 0 0 0 0 1 1 1 0 0 0 0 0 1 0 0 0 0 0 0 0 0 0 1 1 0 0 0 0 1 0 1 0 0 1 1 0 0 1 0 0 1 0 0 1 1 1 1 0 0 0 0 1 0 0 1 0 1 1 1 1 0 0 0 0 0 1 0 0 0 0 0 0 0 0 0 1 0 1 0 0 0 0 0 0 0 0 0 1 0 1 1 0 1 1 1 1 0 0 1 0 0 0 1 0 1 0 0 0 0 1 0 1 1 0 0 1
46921,3,realmlp,0.5,10000,10000,0.7712418300653595,0.8279245283018868,[0.86196953 0.13803054] [0.9221193  0.07788071] [0.82348794 0.17651212] [0.9934968  0.00650325] [0.9971994  0.00280055] [0.02307003 0.9769299 ] [0.9943699  0.00563008] [0.8102527 0.1897473] [0.05493063 0.9450694 ] [0.17766877 0.8223312 ] [0.91630125 0.08369868] [0.99658126 0.00341874] [0.98035747 0.0196426 ] [0.997945   0.00205504] [0.9915616  0.00843847] [0.44371516 0.5562848 ] [0.9943997  0.00560029] [0.34665382 0.6533462 ] [0.9700056  0.02999446] [0.4665829 0.5334171] [0.9642557  0.03574429] [0.9485477  0.05145226] [0.8748922  0.12510784] [0.9919117  0.00808835] [0.96755445 0.03244559] [0.02262184 0.97737813] [0.85513455 0.14486547] [0.03696889 0.9630312 ] [0.9783361  0.02166391] [0.9908772 0.0091228] [0.99431854 0.00568147] [0.9233648  0.07663511] [0.41473252 0.58526754] [0.8617431  0.13825688] [0.5271265  0.47287354] [0.7405066  0.25949347] [0.9833212  0.01667877] [0.71966857 0.28033146] [0.68788016 0.31211984] [0.9909802  0.00901973] [0.75191575 0.24808432] [0.9957632  0.00423679] [0.92334616 0.07665385] [0.9848487  0.01515132] [0.99174964 0.00825036] [0.91795975 0.08204022] [0.4151062  0.58489376] [0.9078621  0.09213789] [0.99173814 0.00826189] [0.79431295 0.20568705] [0.9960603  0.00393965] [0.9960085  0.00399142] [0.992717   0.00728294] [0.9840216  0.01597842] [0.5351694  0.46483055] [0.893794   0.10620599] [0.87739116 0.12260887] [0.97206795 0.02793203] [0.20985363 0.79014635] [0.94463784 0.05536218] [0.35814497 0.64185506] [0.9909121  0.00908791] [0.97534615 0.02465379] [0.9931478  0.00685223] [0.9864509  0.01354911] [0.959754   0.04024599] [0.47162318 0.5283768 ] [0.80031914 0.19968086] [0.04561158 0.9543884 ] [0.9938544  0.00614559] [0.99611557 0.00388437] [0.13045576 0.8695442 ] [0.0013122 0.9986878] [0.7646635  0.23533651] [0.99867404 0.00132596] [9.9905175e-01 9.4820105e-04] [0.9789124  0.02108758] [0.48822594 0.51177406] [0.9981805  0.00181956] [0.6650253  0.33497465] [0.73405683 0.26594314] [0.770747   0.22925296] [0.9980117  0.00198824] [0.6520546  0.34794542] [0.9060424  0.09395762] [0.8725477  0.12745228] [0.85111195 0.14888802] [0.9988795  0.00112053] [0.08225477 0.91774523] [0.00757526 0.9924247 ] [0.99892634 0.00107369] [0.9660136  0.03398639] [0.9409814  0.05901869] [0.24014887 0.75985116] [0.9388666  0.06113343] [0.92087    0.07912996] [0.5820918  0.41790816] [0.77611774 0.22388227] [0.870014   0.12998605] [0.9297764  0.07022357] [0.20508577 0.7949143 ] [0.11425206 0.88574797] [0.99384576 0.00615422] [0.88235563 0.11764438] [0.9539378  0.04606214] [0.96803397 0.03196603] [0.65857714 0.3414229 ] [0.7483859  0.25161412] [0.3727489 0.6272511] [0.78087825 0.2191218 ] [0.9965809 0.0034191] [0.94997436 0.05002568] [0.02575186 0.9742482 ] [0.973665 0.026335] [0.99514574 0.00485425] [0.98999524 0.01000472] [0.07618408 0.9238159 ] [0.9846687  0.01533131] [0.03833109 0.9616689 ] [0.90856314 0.09143687] [0.03342239 0.9665776 ] [0.847481   0.15251893] [0.9970816  0.00291845] [0.1648255 0.8351745] [0.982786   0.01721404] [0.683695 0.316305] [0.9896151  0.01038486] [0.07980736 0.92019266] [0.9841553  0.01584472] [0.9978357  0.00216437] [0.5167959 0.4832042] [0.30531666 0.6946833 ] [0.9816195  0.01838053] [0.9428922 0.0571078] [0.6972905  0.30270955] [0.98834616 0.0116538 ] [0.9948638  0.00513621] [0.89585584 0.10414417] [0.63291556 0.3670844 ] [0.8918312 0.1081688] [0.79010594 0.20989405] [0.2367574 0.7632426] [0.8415727  0.15842731] [0.9359597  0.06404036] [0.9970952  0.00290477] [0.9260638  0.07393619] [0.9260317  0.07396829] [0.34501272 0.6549873 ] [0.92426115 0.07573881] [0.14790969 0.85209036] [0.991052   0.00894802] [0.26819637 0.73180366] [0.99337983 0.00662013],0 1 1 0 1 1 0 0 1 1 0 0 0 0 0 0 0 1 0 1 1 1 1 1 0 1 0 0 0 0 0 1 0 0 1 0 0 0 1 0 0 0 0 0 0 0 1 0 1 0 0 0 0 0 1 0 1 0 1 0 1 0 0 0 0 0 0 0 1 0 0 0 1 0 0 0 0 1 0 1 1 1 0 0 0 0 1 0 1 1 0 0 0 0 0 0 1 1 0 0 1 0 0 0 0 0 0 1 1 1 0 1 1 0 0 0 1 0 1 1 1 0 0 1 0 0 1 1 0 0 0 1 0 0 0 0 0 0 1 0 0 1 1 0 0 1 0 1 0 1 0 0 0
46921,4,realmlp,0.5,10000,10000,0.7712418300653595,0.8460377358490566,[0.7309567  0.26904336] [0.9154426  0.08455736] [0.06001852 0.93998146] [0.10615985 0.8938401 ] [0.93630713 0.06369284] [0.2764144  0.72358567] [0.78085107 0.21914892] [0.94207036 0.0579296 ] [0.9422167  0.05778332] [0.8749561  0.12504396] [0.07609711 0.9239029 ] [0.17097121 0.8290288 ] [0.86120623 0.13879377] [0.94429684 0.05570322] [0.7628891  0.23711091] [0.3198032 0.6801968] [0.9116325  0.08836753] [0.90685713 0.09314293] [0.8334679  0.16653201] [0.6838315  0.31616852] [0.858319   0.14168103] [0.16927274 0.8307272 ] [0.8751802  0.12481987] [0.9401438  0.05985617] [0.69854176 0.3014582 ] [0.8722622  0.12773788] [0.1545703 0.8454297] [0.9355335  0.06446647] [0.92009264 0.0799074 ] [0.23173176 0.7682682 ] [0.7301618 0.2698382] [0.93864757 0.06135243] [0.7874224  0.21257752] [0.86158025 0.13841976] [0.35858893 0.64141107] [0.08678797 0.91321206] [0.9072413  0.09275868] [0.7259302  0.27406976] [0.7869332  0.21306677] [0.9491103  0.05088974] [0.26068285 0.7393171 ] [0.24773958 0.75226045] [0.9345414  0.06545866] [0.4723692  0.52763087] [0.8530734  0.14692655] [0.9358129  0.06418714] [0.3415086 0.6584914] [0.02381049 0.9761895 ] [0.84172654 0.15827349] [0.7428176  0.25718242] [0.9366698  0.06333013] [0.510341   0.48965898] [0.13268194 0.86731803] [0.46338236 0.5366176 ] [0.9404251  0.05957489] [0.11238854 0.88761145] [0.08837716 0.9116229 ] [0.9228592  0.07714087] [0.8296823  0.17031772] [0.93404484 0.06595514] [0.7446301  0.25536996] [0.88879913 0.11120082] [0.48805264 0.51194733] [0.937689   0.06231105] [0.8947566  0.10524338] [0.9257245  0.07427556] [0.93529254 0.06470748] [0.3469868  0.65301317] [0.79948366 0.20051633] [0.90232843 0.09767156] [0.89523894 0.10476112] [0.6093964 0.3906036] [0.0536997 0.9463003] [0.7582307 0.2417693] [0.9466029  0.05339716] [0.8851975  0.11480247] [0.28260428 0.71739566] [0.07699126 0.92300874] [0.25578016 0.74421984] [0.8989613  0.10103872] [0.9504164  0.04958358] [0.11125401 0.888746  ] [0.9392216  0.06077844] [0.89041704 0.10958303] [0.7833596 0.2166404] [0.6174814  0.38251856] [0.6035703  0.39642978] [0.02257029 0.97742975] [0.95408934 0.04591064] [0.9392068  0.06079326] [0.75879216 0.24120782] [0.42981932 0.5701807 ] [0.02940326 0.9705968 ] [0.8998173  0.10018273] [0.5603618  0.43963823] [0.3666831  0.63331693] [0.92459446 0.07540549] [0.94658995 0.05341008] [0.649985   0.35001493] [0.93046725 0.0695327 ] [0.936141   0.06385897] [0.93591857 0.06408148] [0.46486205 0.5351379 ] [0.92869616 0.07130387] [0.6440952 0.3559048] [0.8791311  0.12086897] [0.88651675 0.11348323] [0.36294898 0.63705105] [0.9194458  0.08055419] [0.93696505 0.06303497] [0.941216   0.05878402] [0.78059703 0.21940301] [0.9044468  0.09555319] [0.8354905  0.16450945] [0.07421309 0.9257869 ] [0.06087526 0.93912476] [0.88392895 0.11607105] [0.5950319 0.4049681] [0.9017733  0.09822676] [0.48185968 0.51814026] [0.93752414 0.06247589] [0.9451976  0.05480242] [0.30727664 0.6927234 ] [0.15735196 0.8426481 ] [0.8028098  0.19719025] [0.7793735  0.22062638] [0.68469256 0.3153075 ] [0.5625678  0.43743217] [0.07073448 0.9292655 ] [0.41499585 0.58500415] [0.9403598  0.05964028] [0.9124596  0.08754035] [0.7849003  0.21509972] [0.04615735 0.95384264] [0.08203981 0.91796017] [0.93563104 0.06436891] [0.909171   0.09082896] [0.8992401  0.10075985] [0.15341718 0.84658283] [0.93939096 0.06060909] [0.9415072  0.05849278] [0.8810266  0.11897336] [0.43414816 0.56585187] [0.65274984 0.34725022] [0.8965626  0.10343743] [0.09273785 0.9072621 ] [0.11396673 0.8860333 ] [0.94263554 0.05736442] [0.05141688 0.9485831 ] [0.9171931  0.08280686] [0.9193272  0.08067278] [0.09925093 0.9007491 ] [0.7150091  0.28499097],1 0 1 1 0 1 0 0 0 0 1 1 0 0 0 0 0 0 1 0 0 1 0 0 0 1 1 0 0 0 0 0 1 0 1 1 0 0 1 0 1 1 0 0 0 0 1 1 0 0 0 0 1 0 0 1 1 0 1 0 1 0 1 0 1 0 0 0 1 0 1 1 1 0 0 0 1 1 1 0 0 0 0 0 0 1 1 1 0 0 1 0 1 0 0 0 0 0 1 0 0 0 1 0 0 1 0 0 0 0 1 0 0 1 0 0 0 0 0 1 0 0 0 1 0 0 1 1 1 0 0 0 0 1 0 0 0 0 1 0 0 0 1 0 0 0 1 0 1 0 0 1 0
46921,0,realmlp,0.5,20000,20000,0.7207792207792207,0.825925925925926,[0.06278935 0.9372107 ] [0.05590963 0.9440903 ] [0.09063048 0.90936947] [0.8164121  0.18358797] [0.7530171  0.24698284] [0.1317908  0.86820924] [0.8333916 0.1666084] [0.8480173 0.1519827] [0.9290785 0.0709215] [0.95020914 0.04979086] [0.7508276 0.2491724] [0.6295743  0.37042567] [0.79588395 0.20411609] [0.04689148 0.9531085 ] [0.20257838 0.7974216 ] [0.20147616 0.79852384] [0.88249433 0.11750565] [0.9679134  0.03208663] [0.11273362 0.88726634] [0.03361961 0.9663804 ] [0.19916175 0.8008383 ] [0.1244036  0.87559634] [0.01182348 0.9881765 ] [0.83628255 0.16371751] [0.9595179  0.04048215] [0.92482984 0.07517016] [0.9377991 0.0622009] [0.6662211 0.3337789] [0.9677633 0.0322367] [0.02971618 0.9702838 ] [0.55237025 0.44762978] [0.95548683 0.04451313] [0.00743227 0.9925678 ] [0.9187062  0.08129381] [0.9585057  0.04149424] [0.97728765 0.02271242] [0.5400613  0.45993876] [0.929632   0.07036799] [0.81622326 0.18377674] [0.02365569 0.97634435] [0.0236457  0.97635436] [0.98251027 0.01748966] [0.47022998 0.5297701 ] [0.78145874 0.21854125] [0.97170234 0.02829773] [0.9362941  0.06370588] [0.9697954  0.03020457] [0.9671405  0.03285951] [0.9284836  0.07151638] [0.84538466 0.1546154 ] [0.84127367 0.15872632] [0.85286665 0.14713335] [0.0263609  0.97363913] [0.5868284  0.41317153] [0.0960873  0.90391266] [0.1512593  0.84874064] [0.9420738  0.05792619] [0.21999364 0.78000635] [0.8775261  0.12247394] [0.93769896 0.06230108] [0.86823934 0.13176072] [0.07135639 0.92864364] [0.9561843  0.04381572] [0.85170496 0.14829509] [0.9121291 0.0878709] [0.9329363  0.06706365] [0.14311765 0.85688233] [0.22443624 0.7755638 ] [0.0411137 0.9588863] [0.8564241 0.1435759] [0.9482114  0.05178861] [0.0290045  0.97099555] [0.9458268  0.05417319] [0.4493389 0.5506611] [0.9009391  0.09906088] [0.95833564 0.04166434] [0.59492844 0.40507153] [0.71015126 0.28984874] [0.95882624 0.0411737 ] [0.8252843  0.17471568] [0.97255725 0.02744275] [0.8930812  0.10691881] [0.9698711 0.0301289] [0.94186735 0.05813267] [0.9754847  0.02451519] [0.82316566 0.17683429] [0.6637202  0.33627978] [0.72890127 0.27109882] [0.27502528 0.72497475] [0.13845986 0.86154014] [0.06624669 0.9337533 ] [0.77987784 0.22012208] [0.8879882  0.11201175] [0.04470925 0.9552908 ] [0.97938204 0.02061793] [0.97103655 0.02896345] [0.74433887 0.25566116] [0.02923303 0.97076696] [0.9776073  0.02239269] [0.94036007 0.05963997] [0.93926275 0.06073733] [0.9655993  0.03440078] [0.04099166 0.95900834] [0.836155 0.163845] [0.86845237 0.13154767] [0.45077947 0.5492205 ] [0.7465022  0.25349784] [0.93445885 0.06554121] [0.20293364 0.7970664 ] [0.8974913  0.10250874] [0.4822326  0.51776737] [0.27170613 0.72829384] [0.96083957 0.03916048] [0.90573806 0.09426194] [0.6379784  0.36202163] [0.7546664  0.24533366] [0.9567808  0.04321928] [0.50170135 0.4982987 ] [0.9588965  0.04110343] [0.24135473 0.7586453 ] [0.9578617  0.04213835] [0.8361956  0.16380438] [0.9374532  0.06254674] [0.9180837  0.08191627] [0.02728622 0.9727138 ] [0.26552907 0.7344709 ] [0.9520483  0.04795167] [0.852691   0.14730898] [0.97730404 0.02269595] [0.7904655  0.20953445] [0.94365025 0.05634974] [0.82414293 0.17585708] [0.4006804 0.5993196] [0.7984656  0.20153439] [0.6868074  0.31319255] [0.9559651 0.0440349] [0.03201787 0.9679822 ] [0.6505049  0.34949514] [0.8787613  0.12123873] [0.5267287  0.47327137] [0.86584735 0.13415267] [0.622043   0.37795708] [0.8198277  0.18017235] [0.8890797  0.11092035] [0.9702628  0.02973724] [0.9605425  0.03945744] [0.6379522  0.36204776] [0.52512103 0.47487894] [0.9713785  0.02862155] [0.91821575 0.08178423] [0.10499741 0.8950026 ] [0.5032589  0.49674115] [0.9709725  0.02902753] [0.9377476  0.06225244],0 1 1 0 0 0 0 1 0 0 0 0 0 1 1 0 0 0 1 0 0 0 1 1 0 0 0 0 0 0 0 0 1 0 0 0 1 0 0 1 0 0 1 0 0 0 0 0 0 0 1 0 1 1 1 1 0 0 0 0 0 1 0 0 0 0 1 1 1 1 0 0 0 1 1 0 1 0 0 0 0 0 0 0 0 0 1 1 1 1 1 1 1 1 0 0 0 1 0 1 0 0 1 0 0 0 1 0 1 1 0 0 0 1 0 1 0 1 0 0 0 0 0 1 1 0 0 0 0 0 0 0 0 1 0 0 1 1 0 1 0 1 1 0 0 0 1 1 0 0 1 1 0 0
46921,1,realmlp,0.5,20000,20000,0.7597402597402597,0.8272222222222222,[0.08632089 0.9136792 ] [0.40879947 0.59120053] [0.82478905 0.17521091] [0.54415333 0.45584667] [0.78568244 0.21431759] [0.95016426 0.04983575] [0.33451745 0.6654825 ] [0.575596   0.42440403] [0.45372283 0.54627717] [0.14346524 0.8565348 ] [0.36728972 0.6327103 ] [0.89529026 0.10470974] [0.6701336 0.3298664] [0.27235016 0.72764987] [0.8125718  0.18742819] [0.6555852 0.3444148] [0.46195915 0.5380409 ] [0.8566838 0.1433162] [0.2652438  0.73475623] [0.5858619  0.41413805] [0.6072628 0.3927372] [0.74049187 0.25950816] [0.3120395 0.6879605] [0.36516374 0.63483626] [0.7544287  0.24557132] [0.4992637  0.50073624] [0.5353604  0.46463954] [0.9564104  0.04358957] [0.5353592  0.46464074] [0.26218185 0.7378182 ] [0.25263515 0.7473648 ] [0.27599066 0.72400934] [0.7435062 0.2564938] [0.84325296 0.156747  ] [0.8693313  0.13066874] [0.58679056 0.4132094 ] [0.65173554 0.34826446] [0.5436618  0.45633826] [0.37721333 0.62278664] [0.95980704 0.04019291] [0.7826533  0.21734674] [0.47330832 0.5266916 ] [0.7078176  0.29218233] [0.6094034  0.39059663] [0.7015311 0.2984689] [0.352861 0.647139] [0.9227534  0.07724657] [0.9804537  0.01954625] [0.7664151  0.23358488] [0.52884793 0.47115213] [0.89987385 0.10012608] [0.97284794 0.0271521 ] [0.35817057 0.64182943] [0.8596713  0.14032875] [0.80483997 0.19516002] [0.22190562 0.77809435] [0.9342867  0.06571328] [0.39791378 0.60208625] [0.46737742 0.5326226 ] [0.88457465 0.11542536] [0.5624289  0.43757108] [0.62239844 0.3776016 ] [0.5043903  0.49560976] [0.38255182 0.6174482 ] [0.94652146 0.05347855] [0.30289006 0.69710994] [0.9191889  0.08081107] [0.64258146 0.3574185 ] [0.38415533 0.61584467] [0.21832919 0.7816708 ] [0.6525012  0.34749877] [0.6884743 0.3115256] [0.78324157 0.21675846] [0.860893   0.13910694] [0.86166036 0.13833968] [0.86775637 0.13224363] [0.95389944 0.04610055] [0.8080042  0.19199587] [0.64328736 0.35671264] [0.4935883  0.50641173] [0.24814521 0.75185484] [0.7342519 0.2657481] [0.5386548  0.46134514] [0.5600391  0.43996087] [0.40771404 0.5922859 ] [0.83818907 0.16181087] [0.8212369 0.1787631] [0.76144415 0.23855588] [0.9175813  0.08241867] [0.46460664 0.5353934 ] [0.5652     0.43480003] [0.36717552 0.6328245 ] [0.9410092  0.05899075] [0.7978497  0.20215024] [0.8818782  0.11812184] [0.5533354 0.4466646] [0.6681071  0.33189294] [0.6140642  0.38593575] [0.88333786 0.11666216] [0.6097291  0.39027092] [0.46805298 0.53194696] [0.78366834 0.21633165] [0.21686172 0.7831382 ] [0.8202355  0.17976454] [0.62944466 0.3705553 ] [0.42999268 0.57000726] [0.99018735 0.00981268] [0.8597962  0.14020373] [0.24748264 0.7525174 ] [0.65701896 0.34298098] [0.3386577  0.66134226] [0.3713709  0.62862915] [0.644172   0.35582802] [0.38241467 0.6175853 ] [0.03748287 0.9625171 ] [0.6967079  0.30329207] [0.7014969  0.29850304] [0.7827154  0.21728463] [0.88618034 0.11381964] [0.933895   0.06610503] [0.8908925  0.10910755] [0.8682271  0.13177288] [0.7178917  0.28210834] [0.08344191 0.9165581 ] [0.7829597  0.21704032] [0.48471266 0.51528734] [0.58161944 0.41838047] [0.8172739  0.18272613] [0.70058894 0.29941112] [0.635066   0.36493403] [0.32438663 0.67561334] [0.32222953 0.6777705 ] [0.01668823 0.9833118 ] [0.9371926  0.06280735] [0.9227286  0.07727141] [0.18854254 0.81145746] [0.6380211  0.36197886] [0.24806517 0.7519348 ] [0.7874147  0.21258526] [0.8891402  0.11085985] [0.9081845  0.09181549] [0.58721226 0.41278774] [0.39471117 0.60528886] [0.86683327 0.13316678] [0.5598931  0.44010696] [0.74740696 0.25259304] [0.8772547  0.12274532] [0.8090477 0.1909523] [0.94387597 0.05612401] [0.7838707 0.2161293] [0.67732394 0.3226761 ] [0.5777957  0.42220435] [0.61207134 0.38792863] [0.5677317  0.43226832],1 0 0 1 0 0 1 1 1 1 1 0 1 1 0 0 1 0 1 0 0 0 1 1 0 1 0 0 1 1 1 1 0 0 0 0 0 0 0 0 1 0 0 1 0 1 1 0 0 0 0 0 1 0 0 0 0 0 1 0 1 0 0 1 0 0 0 1 0 1 0 0 1 0 0 0 0 0 0 1 0 0 1 0 0 0 0 1 0 0 1 0 0 0 0 1 0 0 0 0 0 0 1 0 0 0 1 0 0 1 0 1 0 1 1 1 0 0 0 0 0 0 0 1 0 1 0 0 1 1 1 1 1 0 0 1 0 1 0 0 0 1 1 0 1 0 0 0 0 0 0 0 0 1
46921,2,realmlp,0.5,20000,20000,0.7207792207792207,0.8314814814814815,[0.10085077 0.8991492 ] [0.7141155 0.2858844] [0.7047588 0.2952412] [0.60192263 0.39807737] [0.58071715 0.41928288] [0.05633982 0.9436602 ] [0.90557253 0.09442746] [0.58270204 0.4172979 ] [0.04642021 0.9535798 ] [0.7636526  0.23634733] [0.75478375 0.24521619] [0.15139136 0.8486086 ] [0.9899978  0.01000213] [0.8048371 0.1951629] [0.0533715 0.9466285] [0.00866132 0.99133873] [0.8804149  0.11958512] [0.08050492 0.9194951 ] [0.8701946  0.12980539] [0.09174073 0.9082593 ] [0.04548693 0.954513  ] [0.4678405 0.5321595] [0.02064571 0.97935426] [0.7585237  0.24147624] [0.85961485 0.14038521] [0.9703513  0.02964873] [0.6191308 0.3808692] [0.04899055 0.95100945] [0.67969143 0.3203086 ] [0.8884512  0.11154876] [0.1527382  0.84726185] [0.01341597 0.986584  ] [0.06253649 0.93746346] [0.9720801  0.02791986] [0.32431915 0.67568076] [0.8041523  0.19584772] [0.25933808 0.7406619 ] [0.7775061  0.22249398] [0.28325617 0.7167438 ] [0.9825883  0.01741172] [0.65112495 0.34887508] [0.790432 0.209568] [0.0215772 0.9784228] [0.43961823 0.56038177] [0.00417209 0.99582785] [0.20768532 0.7923147 ] [0.5841685  0.41583154] [0.23799773 0.7620023 ] [0.25086454 0.7491355 ] [0.48057556 0.51942444] [0.01761146 0.98238856] [0.8044051  0.19559494] [0.59058565 0.40941438] [0.92610633 0.07389364] [0.6993248  0.30067515] [0.93096465 0.06903534] [0.21914306 0.78085685] [0.09731093 0.90268904] [0.6673826  0.33261743] [0.13707788 0.8629221 ] [0.14459251 0.8554075 ] [0.0167111  0.98328894] [0.5510816  0.44891843] [0.88956946 0.11043049] [0.9344226  0.06557738] [0.9512307  0.04876923] [0.00865568 0.99134433] [0.7769595  0.22304054] [0.42574266 0.5742574 ] [0.5339529  0.46604714] [0.38169688 0.6183032 ] [0.01665518 0.98334485] [0.01589266 0.9841074 ] [0.8034575  0.19654253] [0.02447246 0.9755275 ] [0.91089046 0.08910953] [0.86239105 0.13760899] [0.1315236 0.8684764] [0.5046572  0.49534285] [0.8687761  0.13122389] [0.85360825 0.1463917 ] [0.01290262 0.9870974 ] [0.2694976  0.73050237] [0.8500769  0.14992315] [0.08047475 0.9195252 ] [0.90331477 0.09668528] [0.82439417 0.17560586] [0.715919   0.28408092] [0.76434636 0.23565365] [0.20757699 0.79242307] [0.49444008 0.5055599 ] [0.46951768 0.53048235] [0.41927254 0.5807275 ] [0.73303425 0.26696575] [0.04015398 0.959846  ] [0.04341024 0.95658976] [0.03192383 0.9680761 ] [0.3707608 0.6292392] [0.9239284  0.07607166] [0.17450802 0.82549196] [0.78731394 0.21268603] [0.9514558  0.04854419] [0.09222861 0.90777135] [0.01330916 0.9866909 ] [0.92745286 0.07254714] [0.6522856 0.3477144] [0.36522907 0.63477093] [0.9662637  0.03373625] [0.83183783 0.16816212] [0.88217413 0.11782581] [0.69234693 0.3076531 ] [0.4620391 0.5379609] [0.36603734 0.6339627 ] [0.03792628 0.9620737 ] [0.02747293 0.9725271 ] [0.27605    0.72394997] [0.6460525  0.35394755] [0.29284915 0.7071508 ] [0.7908387  0.20916136] [0.0721311  0.92786896] [0.26902696 0.730973  ] [0.9136662  0.08633378] [0.66002667 0.33997336] [0.74047935 0.25952065] [0.6365574  0.36344257] [0.01461331 0.9853867 ] [0.11372871 0.88627124] [0.4277398 0.5722602] [0.02240695 0.97759306] [0.8746913  0.12530865] [0.05426441 0.9457355 ] [0.5238084  0.47619158] [0.57327133 0.42672876] [0.07583572 0.9241643 ] [0.51858    0.48141998] [0.9355391  0.06446084] [0.05576729 0.94423276] [0.06842757 0.9315724 ] [0.7167785  0.28322148] [0.8639128 0.1360872] [0.07824903 0.921751  ] [0.4283284 0.5716716] [0.5828853 0.4171147] [0.8444638  0.15553616] [0.38044822 0.6195518 ] [0.3025415 0.6974585] [0.58608073 0.41391927] [0.31610596 0.68389404] [0.7985406  0.20145944] [0.20699137 0.7930086 ] [0.10989405 0.89010596] [0.88751125 0.11248881] [0.58197683 0.4180232 ] [0.10437346 0.8956265 ],1 0 1 0 0 1 1 0 0 1 0 0 0 0 1 1 0 1 0 1 1 0 1 0 0 0 1 0 0 0 0 1 0 0 1 0 1 0 0 0 0 0 1 1 1 0 0 0 0 0 1 0 0 0 0 0 0 0 0 0 1 1 0 0 0 0 1 0 1 0 0 1 1 0 0 1 0 0 1 0 0 1 1 1 1 0 0 0 0 1 0 0 1 0 1 1 1 1 0 0 0 0 0 1 0 0 0 0 0 0 0 0 0 1 0 1 0 0 0 0 0 0 0 0 0 1 0 1 1 0 1 1 1 1 0 0 1 0 0 0 1 0 1 0 0 0 0 1 0 1 1 0 0 1
46921,3,realmlp,0.5,20000,20000,0.7777777777777778,0.8122641509433961,[0.48455757 0.51544243] [0.9286313  0.07136869] [0.6303926 0.3696074] [0.95663095 0.04336899] [0.9622716  0.03772844] [0.03526977 0.9647302 ] [0.953871   0.04612898] [0.75410426 0.24589577] [0.05559229 0.9444077 ] [0.12101837 0.87898165] [0.83295    0.16704993] [0.955023 0.044977] [0.9366916  0.06330842] [0.981118   0.01888198] [0.94941616 0.05058388] [0.52140534 0.47859466] [0.9728291  0.02717085] [0.2050663  0.79493374] [0.93039036 0.06960967] [0.45165792 0.5483421 ] [0.93735206 0.06264801] [0.84295726 0.1570428 ] [0.91050214 0.08949792] [0.9625066  0.03749342] [0.95755553 0.04244442] [0.10833053 0.89166945] [0.8600929  0.13990706] [0.07356618 0.9264338 ] [0.95802295 0.04197699] [0.9251372  0.07486276] [0.96252406 0.03747591] [0.92668784 0.07331219] [0.3152766 0.6847234] [0.7936688  0.20633118] [0.23010658 0.76989347] [0.73002005 0.2699799 ] [0.83378804 0.16621192] [0.39874408 0.60125595] [0.35396037 0.6460396 ] [0.9364515  0.06354854] [0.28530893 0.7146911 ] [0.96952134 0.0304787 ] [0.9375735 0.0624265] [0.9354618  0.06453823] [0.92582357 0.07417642] [0.8910996  0.10890049] [0.7724255  0.22757448] [0.9058774  0.09412254] [0.9315853 0.0684147] [0.9521383  0.04786173] [0.95215374 0.04784626] [0.9495432  0.05045689] [0.9562782  0.04372187] [0.9423739  0.05762616] [0.47791463 0.52208537] [0.5188489 0.4811511] [0.9084365  0.09156352] [0.9652893  0.03471078] [0.20526727 0.7947328 ] [0.922851   0.07714892] [0.33425307 0.6657469 ] [0.9700593  0.02994067] [0.9118854 0.0881146] [0.93217236 0.06782758] [0.95136136 0.04863862] [0.8706015  0.12939852] [0.27251884 0.7274811 ] [0.8105843  0.18941572] [0.43513504 0.56486493] [0.9352499  0.06475011] [0.899613   0.10038698] [0.01660333 0.9833967 ] [0.00301077 0.9969893 ] [0.55203074 0.44796923] [0.98042905 0.01957091] [0.97046846 0.02953156] [0.9352224  0.06477759] [0.31163973 0.68836033] [0.980029   0.01997099] [0.7359326  0.26406738] [0.8639721  0.13602781] [0.4379126 0.5620874] [0.97870046 0.02129957] [0.6677512 0.3322489] [0.7682502  0.23174977] [0.7886599  0.21134014] [0.6569209  0.34307906] [0.9754454  0.02455459] [0.05406982 0.9459302 ] [0.01146859 0.98853135] [0.9831134 0.0168866] [0.8714136  0.12858641] [0.83086294 0.16913712] [0.05776687 0.9422331 ] [0.91903704 0.0809629 ] [0.66534317 0.3346568 ] [0.44419527 0.55580467] [0.33517095 0.664829  ] [0.54560274 0.45439732] [0.9023062  0.09769379] [0.1489871  0.85101295] [0.14518858 0.85481143] [0.96859723 0.03140283] [0.6287833  0.37121668] [0.9645424  0.03545755] [0.9816544  0.01834554] [0.738426 0.261574] [0.6901947 0.3098053] [0.39832297 0.60167694] [0.61713934 0.38286063] [0.9687979 0.0312021] [0.9404768  0.05952323] [0.01876583 0.98123413] [0.8490114  0.15098853] [0.9467538  0.05324618] [0.918286   0.08171394] [0.09637999 0.90362   ] [0.94062114 0.05937887] [0.11639797 0.88360196] [0.8286596 0.1713404] [0.02902486 0.97097516] [0.9129036  0.08709643] [0.9790178  0.02098224] [0.15950122 0.84049875] [0.9585835  0.04141655] [0.6311797  0.36882028] [0.8436675  0.15633251] [0.10302132 0.8969787 ] [0.9615278  0.03847224] [0.98056626 0.01943369] [0.19306281 0.8069372 ] [0.05323998 0.94676   ] [0.93085134 0.06914868] [0.8352853 0.1647147] [0.4324418 0.5675582] [0.9537204  0.04627956] [0.944458   0.05554195] [0.8113882  0.18861188] [0.60985976 0.39014027] [0.95093364 0.04906636] [0.83477706 0.16522294] [0.07333279 0.9266673 ] [0.6511766  0.34882346] [0.85107166 0.14892834] [0.9839011  0.01609885] [0.87002164 0.12997836] [0.8453851  0.15461494] [0.3712279  0.62877214] [0.9388316  0.06116833] [0.40361646 0.5963835 ] [0.90309095 0.09690905] [0.45088646 0.5491135 ] [0.9658739  0.03412607],0 1 1 0 1 1 0 0 1 1 0 0 0 0 0 0 0 1 0 1 1 1 1 1 0 1 0 0 0 0 0 1 0 0 1 0 0 0 1 0 0 0 0 0 0 0 1 0 1 0 0 0 0 0 1 0 1 0 1 0 1 0 0 0 0 0 0 0 1 0 0 0 1 0 0 0 0 1 0 1 1 1 0 0 0 0 1 0 1 1 0 0 0 0 0 0 1 1 0 0 1 0 0 0 0 0 0 1 1 1 0 1 1 0 0 0 1 0 1 1 1 0 0 1 0 0 1 1 0 0 0 1 0 0 0 0 0 0 1 0 0 1 1 0 0 1 0 1 0 1 0 0 0
46921,4,realmlp,0.5,20000,20000,0.7843137254901961,0.8279245283018868,[0.5949877  0.40501225] [0.9206825  0.07931747] [0.04499504 0.955005  ] [0.18332869 0.8166714 ] [0.9417277  0.05827231] [0.40247792 0.5975221 ] [0.6594613 0.3405387] [0.9296511  0.07034892] [0.9671367  0.03286331] [0.91401416 0.08598586] [0.14534383 0.8546562 ] [0.2427746 0.7572254] [0.72744805 0.27255195] [0.9611971  0.03880292] [0.7081461  0.29185387] [0.8838706  0.11612939] [0.82464606 0.17535394] [0.6942535  0.30574656] [0.6736394 0.3263606] [0.5027647  0.49723527] [0.87169576 0.12830421] [0.07800315 0.9219969 ] [0.8969836  0.10301639] [0.9406603  0.05933967] [0.7558522 0.2441478] [0.8743946 0.1256054] [0.05054336 0.94945663] [0.9633199  0.03668014] [0.66643584 0.3335642 ] [0.25257805 0.7474219 ] [0.83408266 0.16591729] [0.97682583 0.02317419] [0.756965   0.24303502] [0.8211456  0.17885444] [0.44830748 0.5516925 ] [0.23159982 0.7684002 ] [0.98504055 0.01495953] [0.33133757 0.6686624 ] [0.8761863  0.12381367] [0.97711986 0.02288017] [0.09937204 0.9006279 ] [0.704143   0.29585704] [0.9459694  0.05403059] [0.79479873 0.20520122] [0.93477696 0.06522305] [0.98434293 0.015657  ] [0.14957428 0.8504257 ] [0.05334914 0.9466508 ] [0.9476899  0.05231014] [0.3928765 0.6071235] [0.961597   0.03840298] [0.8390133  0.16098678] [0.01969423 0.9803058 ] [0.541415 0.458585] [0.93236107 0.06763896] [0.15796597 0.842034  ] [0.06592184 0.9340782 ] [0.92754936 0.07245059] [0.90266454 0.09733548] [0.9584969  0.04150303] [0.82638794 0.17361206] [0.64343965 0.35656038] [0.70136577 0.29863426] [0.9745796  0.02542045] [0.73069596 0.26930407] [0.9821076  0.01789246] [0.9740107  0.02598921] [0.680219 0.319781] [0.85620415 0.14379582] [0.94510484 0.05489518] [0.9136153  0.08638475] [0.76473236 0.23526758] [0.18371975 0.8162802 ] [0.6699077  0.33009237] [0.97729295 0.02270699] [0.9271608  0.07283922] [0.48340344 0.5165965 ] [0.28901157 0.71098846] [0.219408   0.78059196] [0.75977355 0.2402265 ] [0.9788057 0.0211943] [0.21605663 0.78394336] [0.9564653  0.04353468] [0.7930036  0.20699634] [0.8934763  0.10652364] [0.7321288 0.2678712] [0.3555288 0.6444712] [0.08687881 0.9131212 ] [0.97069836 0.02930165] [0.9582198  0.04178014] [0.38702023 0.6129798 ] [0.36388522 0.6361147 ] [0.01077351 0.9892265 ] [0.8122431  0.18775691] [0.5469298  0.45307025] [0.44559377 0.5544063 ] [0.9535182  0.04648181] [0.91911376 0.08088623] [0.7500194  0.24998069] [0.7267843  0.27321568] [0.98109907 0.01890091] [0.963712   0.03628796] [0.21069221 0.7893078 ] [0.9649675  0.03503252] [0.8187683  0.18123166] [0.9494463  0.05055365] [0.69578475 0.30421525] [0.4126558  0.58734417] [0.9378433  0.06215669] [0.98354626 0.01645369] [0.9550203  0.04497969] [0.7265113  0.27348876] [0.8456395  0.15436044] [0.8427391 0.1572609] [0.101351 0.898649] [0.17711817 0.8228818 ] [0.9168012  0.08319879] [0.30827847 0.69172156] [0.96063447 0.03936556] [0.49132162 0.5086784 ] [0.98026305 0.01973692] [0.94511145 0.05488849] [0.31237468 0.6876253 ] [0.6033715 0.3966284] [0.9259744  0.07402553] [0.767634   0.23236601] [0.2894283 0.7105717] [0.49604785 0.5039521 ] [0.07467534 0.9253246 ] [0.15715443 0.8428456 ] [0.9808295  0.01917053] [0.8024576  0.19754246] [0.78606635 0.21393357] [0.02464893 0.97535104] [0.07016943 0.9298306 ] [0.96732605 0.03267396] [0.9577176  0.04228239] [0.9922592  0.00774082] [0.1193265 0.8806735] [0.97899276 0.02100722] [0.9511371  0.04886287] [0.6764604  0.32353964] [0.83109826 0.16890177] [0.5464348 0.4535652] [0.9501163  0.04988375] [0.65906274 0.34093726] [0.16261199 0.837388  ] [0.9663254  0.03367457] [0.22352965 0.7764703 ] [0.9682138  0.03178619] [0.93767095 0.06232898] [0.09080585 0.9091942 ] [0.6331906  0.36680943],1 0 1 1 0 1 0 0 0 0 1 1 0 0 0 0 0 0 1 0 0 1 0 0 0 1 1 0 0 0 0 0 1 0 1 1 0 0 1 0 1 1 0 0 0 0 1 1 0 0 0 0 1 0 0 1 1 0 1 0 1 0 1 0 1 0 0 0 1 0 1 1 1 0 0 0 1 1 1 0 0 0 0 0 0 1 1 1 0 0 1 0 1 0 0 0 0 0 1 0 0 0 1 0 0 1 0 0 0 0 1 0 0 1 0 0 0 0 0 1 0 0 0 1 0 0 1 1 1 0 0 0 0 1 0 0 0 0 1 0 0 0 1 0 0 0 1 0 1 0 0 1 0
46921,0,realmlp,0.5,30000,30000,0.7272727272727273,0.7694444444444444,[0.1600774 0.8399226] [0.01142151 0.98857844] [0.17071116 0.82928884] [0.809014 0.190986] [0.37875035 0.6212496 ] [0.00607855 0.9939215 ] [0.95483917 0.04516082] [0.93304217 0.06695779] [0.9057446  0.09425538] [0.89636755 0.10363247] [0.66990644 0.33009353] [0.8898973  0.11010268] [0.9209521  0.07904799] [0.06438284 0.9356172 ] [0.10991862 0.89008135] [0.08245018 0.9175498 ] [0.87643754 0.12356249] [0.9554586  0.04454145] [0.11846006 0.88153994] [9.8014507e-04 9.9901986e-01] [0.15192533 0.84807473] [0.17516351 0.82483643] [0.00893396 0.99106604] [0.92230153 0.07769852] [0.9598633  0.04013676] [0.96517044 0.03482957] [0.9577661  0.04223386] [0.8747848  0.12521525] [0.92268175 0.07731832] [0.00191821 0.9980818 ] [0.48792315 0.5120768 ] [0.96680796 0.03319199] [0.00133634 0.99866366] [0.86209583 0.13790421] [0.96168214 0.03831785] [0.9568236  0.04317643] [0.7979752  0.20202482] [0.89331067 0.10668932] [0.89441633 0.10558371] [0.00276051 0.9972395 ] [0.00308825 0.9969118 ] [0.880401 0.119599] [0.2739813  0.72601867] [0.94487596 0.05512398] [0.95923007 0.04076997] [0.9658867  0.03411335] [0.92155296 0.07844703] [0.9653909  0.03460907] [0.8530238 0.1469762] [0.9579373  0.04206274] [0.8528701  0.14712988] [0.7334775  0.26652253] [0.00246105 0.9975389 ] [0.8854456  0.11455444] [0.6603083  0.33969167] [0.222583 0.777417] [0.95514685 0.04485313] [0.10638951 0.89361054] [0.8429995 0.1570005] [0.9634048  0.03659521] [0.9284356  0.07156441] [0.09651172 0.90348834] [0.9171117  0.08288825] [0.82869023 0.17130978] [0.96195275 0.03804725] [0.954549   0.04545099] [0.08528949 0.9147105 ] [0.08774903 0.91225094] [0.03535059 0.96464944] [0.8289971  0.17100291] [0.95094305 0.04905697] [0.02954251 0.97045743] [0.8944804  0.10551965] [0.75816596 0.24183404] [0.90192705 0.09807295] [0.9414215  0.05857848] [0.9092708 0.0907292] [0.8266216 0.1733784] [0.9418083  0.05819179] [0.76083416 0.23916589] [0.9597963  0.04020369] [0.9561522  0.04384781] [0.96070963 0.03929042] [0.9704927  0.02950732] [0.9744227  0.02557732] [0.8537674  0.14623256] [0.927699   0.07230096] [0.317237   0.68276304] [0.07167846 0.9283216 ] [0.05375307 0.946247  ] [0.05339544 0.94660455] [0.91971576 0.08028419] [0.89718616 0.10281388] [0.01427954 0.98572046] [0.9102143  0.08978566] [0.96095556 0.03904447] [0.98615175 0.01384823] [0.00171616 0.9982838 ] [0.9526738  0.04732621] [0.9546971  0.04530297] [0.7537286  0.24627134] [0.9600037  0.03999628] [0.05312251 0.9468775 ] [0.8102237  0.18977635] [0.960553   0.03944698] [0.11416587 0.8858341 ] [0.44209126 0.5579088 ] [0.9846324  0.01536758] [0.23677881 0.76322114] [0.93832034 0.06167969] [0.50526714 0.4947328 ] [0.54249114 0.45750883] [0.93602884 0.06397112] [0.9666649  0.03333504] [0.8392829 0.1607171] [0.87276757 0.1272324 ] [0.96374553 0.03625443] [0.6875076  0.31249237] [0.97924316 0.02075685] [0.203334 0.796666] [0.9305807  0.06941935] [0.91399634 0.08600366] [0.9340958  0.06590421] [0.873862 0.126138] [8.394535e-04 9.991605e-01] [0.08190367 0.91809636] [0.8652789 0.1347211] [0.9205349  0.07946516] [0.91796565 0.08203431] [0.51696676 0.4830332 ] [0.9366673  0.06333263] [0.9697878  0.03021227] [0.11600842 0.8839916 ] [0.7032029 0.2967971] [0.4903881 0.5096119] [0.91037136 0.08962861] [0.01085178 0.9891482 ] [0.39328486 0.6067151 ] [0.95418984 0.04581024] [0.44743922 0.55256075] [0.9330171  0.06698296] [0.8277969  0.17220311] [0.76305133 0.23694861] [0.93002915 0.06997088] [0.8624953  0.13750467] [0.9090219  0.09097809] [0.8971226  0.10287736] [0.6760601  0.32393998] [0.9596511  0.04034889] [0.82076466 0.17923532] [0.03723552 0.96276444] [0.85055846 0.14944158] [0.85929006 0.14070992] [0.7827019 0.2172981],0 1 1 0 0 0 0 1 0 0 0 0 0 1 1 0 0 0 1 0 0 0 1 1 0 0 0 0 0 0 0 0 1 0 0 0 1 0 0 1 0 0 1 0 0 0 0 0 0 0 1 0 1 1 1 1 0 0 0 0 0 1 0 0 0 0 1 1 1 1 0 0 0 1 1 0 1 0 0 0 0 0 0 0 0 0 1 1 1 1 1 1 1 1 0 0 0 1 0 1 0 0 1 0 0 0 1 0 1 1 0 0 0 1 0 1 0 1 0 0 0 0 0 1 1 0 0 0 0 0 0 0 0 1 0 0 1 1 0 1 0 1 1 0 0 0 1 1 0 0 1 1 0 0
46921,1,realmlp,0.5,30000,30000,0.7597402597402597,0.8590740740740741,[0.07631066 0.92368937] [0.71258426 0.28741577] [0.966895   0.03310503] [0.01020921 0.98979086] [0.9750351  0.02496487] [0.9818572  0.01814282] [0.0013945  0.99860555] [0.9036883  0.09631163] [0.17176594 0.8282341 ] [0.00792832 0.9920717 ] [0.12616181 0.8738382 ] [0.972672   0.02732803] [0.94114894 0.0588511 ] [0.00703573 0.99296427] [0.96899766 0.03100238] [0.47117656 0.52882344] [0.83006674 0.16993329] [0.97422224 0.02577772] [0.00155115 0.99844885] [0.9480452  0.05195481] [0.63600636 0.36399367] [0.8311173  0.16888271] [0.62221223 0.37778777] [0.00840137 0.9915986 ] [0.94776356 0.05223648] [0.00288929 0.9971107 ] [0.78088796 0.21911205] [0.14973646 0.85026354] [0.11617581 0.8838242 ] [0.02560254 0.9743974 ] [0.00174589 0.9982541 ] [0.00137825 0.9986217 ] [0.9353131 0.0646869] [0.9721877  0.02781229] [0.89182514 0.10817485] [0.94982666 0.05017336] [0.8616318  0.13836816] [0.41421208 0.58578795] [0.11663999 0.88335997] [0.98720515 0.01279481] [0.941947   0.05805295] [0.10440208 0.89559793] [0.98099524 0.0190048 ] [0.23924868 0.76075125] [0.96467286 0.03532716] [0.00324767 0.9967524 ] [0.05530164 0.9446984 ] [0.9855091  0.01449094] [0.89772576 0.10227423] [0.8720831  0.12791681] [0.97386986 0.02613013] [0.98904526 0.01095474] [0.8400813  0.15991874] [0.9683205  0.03167944] [0.9593679 0.0406321] [0.00476194 0.99523807] [0.8166245 0.1833755] [0.32067868 0.6793213 ] [0.32494357 0.67505646] [0.96169823 0.03830179] [0.79062223 0.2093778 ] [0.9553396  0.04466033] [0.12406995 0.8759301 ] [0.00750468 0.9924953 ] [0.89679694 0.10320302] [0.17019938 0.8298006 ] [0.9766183  0.02338168] [0.14944074 0.85055923] [0.65005255 0.3499475 ] [0.04261491 0.95738506] [0.95291954 0.04708049] [0.8296119  0.17038815] [0.8928388  0.10716121] [0.8725427  0.12745735] [0.95199686 0.04800308] [0.9400607 0.0599393] [0.9810463  0.01895372] [0.96922845 0.03077161] [0.7907597  0.20924036] [0.39654455 0.6034555 ] [0.04593058 0.95406944] [0.93537194 0.06462806] [0.31192937 0.6880706 ] [0.95776284 0.0422371 ] [0.3137907  0.68620926] [0.9744263  0.02557372] [0.96185315 0.03814684] [0.8314659 0.1685341] [0.9769504 0.0230496] [0.4465687 0.5534313] [0.5043835  0.49561653] [0.02586599 0.974134  ] [0.9501733  0.04982665] [0.95417833 0.04582172] [0.97287536 0.02712462] [0.5765089 0.4234911] [0.8829947  0.11700527] [0.83907294 0.16092713] [0.9808288  0.01917125] [0.459397 0.540603] [0.6929505 0.3070495] [0.9432815  0.05671845] [8.2757429e-04 9.9917245e-01] [0.97526145 0.02473859] [0.16428779 0.8357122 ] [0.2263306 0.7736694] [0.98068273 0.01931733] [0.95708597 0.04291397] [0.00721302 0.99278694] [0.91794056 0.08205942] [0.15297104 0.847029  ] [0.66568834 0.33431166] [0.9588608  0.04113917] [0.07700615 0.9229938 ] [0.00566006 0.99434   ] [0.83477193 0.16522811] [0.9055245  0.09447545] [0.881789 0.118211] [0.96001226 0.03998771] [0.9835735  0.01642654] [0.97325325 0.02674669] [0.97301537 0.02698465] [0.97465295 0.02534706] [0.0029407  0.99705935] [0.94645524 0.05354476] [0.00221365 0.9977863 ] [0.9587889  0.04121106] [0.97367316 0.02632683] [0.91268307 0.0873169 ] [0.9472254  0.05277458] [0.0039956 0.9960044] [0.0071364 0.9928636] [9.674436e-04 9.990326e-01] [0.9847878  0.01521212] [0.10147713 0.8985229 ] [0.17841616 0.82158387] [0.9703462  0.02965375] [0.00863955 0.9913605 ] [0.9585308  0.04146927] [0.92277914 0.0772208 ] [0.9454595  0.05454057] [0.01861209 0.98138785] [0.06212302 0.937877  ] [0.97135687 0.02864313] [0.00702227 0.9929777 ] [0.95806473 0.04193528] [0.97364986 0.02635009] [0.9704334 0.0295666] [0.983724   0.01627599] [0.97857887 0.0214211 ] [0.9616654  0.03833468] [0.67497134 0.3250287 ] [0.8601105  0.13988943] [0.6917404  0.30825955],1 0 0 1 0 0 1 1 1 1 1 0 1 1 0 0 1 0 1 0 0 0 1 1 0 1 0 0 1 1 1 1 0 0 0 0 0 0 0 0 1 0 0 1 0 1 1 0 0 0 0 0 1 0 0 0 0 0 1 0 1 0 0 1 0 0 0 1 0 1 0 0 1 0 0 0 0 0 0 1 0 0 1 0 0 0 0 1 0 0 1 0 0 0 0 1 0 0 0 0 0 0 1 0 0 0 1 0 0 1 0 1 0 1 1 1 0 0 0 0 0 0 0 1 0 1 0 0 1 1 1 1 1 0 0 1 0 1 0 0 0 1 1 0 1 0 0 0 0 0 0 0 0 1
46921,2,realmlp,0.5,30000,30000,0.7012987012987013,0.8346296296296296,[0.00458011 0.99541986] [0.79596686 0.20403314] [0.5772591  0.42274085] [0.7103708  0.28962925] [0.7227932 0.2772068] [0.02255972 0.97744036] [0.9394743  0.06052578] [0.51514983 0.48485017] [0.00207718 0.99792284] [0.13499863 0.8650013 ] [0.7369604  0.26303965] [0.2413446  0.75865537] [0.97331774 0.02668222] [0.9119475  0.08805257] [0.0010879 0.9989121] [5.4230588e-04 9.9945766e-01] [0.95486116 0.04513889] [0.00400409 0.9959959 ] [0.95354205 0.04645795] [0.00148836 0.9985116 ] [0.00700962 0.9929904 ] [0.23039041 0.7696096 ] [6.458539e-04 9.993542e-01] [0.8114123  0.18858774] [0.9401444  0.05985555] [0.97947717 0.02052282] [0.84582216 0.15417781] [0.00242186 0.9975782 ] [0.84673816 0.15326183] [0.96090156 0.03909845] [0.02304794 0.9769521 ] [3.1688524e-04 9.9968314e-01] [0.00779676 0.99220324] [0.965502   0.03449796] [0.06479409 0.9352059 ] [0.8238558  0.17614417] [0.01873086 0.9812692 ] [0.6399205  0.36007953] [0.00947983 0.9905201 ] [0.966422   0.03357799] [0.83465147 0.16534854] [0.8964441  0.10355595] [0.00240825 0.99759173] [0.12612    0.87387997] [5.0000905e-04 9.9950004e-01] [0.01944991 0.9805501 ] [0.6883947 0.3116053] [0.03581092 0.9641891 ] [0.42391    0.57609004] [0.17961304 0.820387  ] [0.00139112 0.9986089 ] [0.8926391  0.10736085] [0.23351014 0.7664898 ] [0.95651925 0.04348076] [0.7542181  0.24578194] [0.94341975 0.05658023] [0.01238468 0.98761535] [0.00267231 0.9973277 ] [0.6466822  0.35331774] [0.00773189 0.99226815] [0.01791128 0.98208874] [0.0025514 0.9974486] [0.36380947 0.63619053] [0.9572911  0.04270892] [0.9440141  0.05598595] [0.96828073 0.03171927] [4.7651728e-04 9.9952352e-01] [0.77346605 0.22653396] [0.43686035 0.56313974] [0.56898665 0.43101332] [0.06366733 0.93633264] [3.4892527e-04 9.9965107e-01] [8.0235157e-04 9.9919766e-01] [0.8067784 0.1932216] [3.1071241e-04 9.9968934e-01] [0.9523846  0.04761544] [0.9344011  0.06559899] [0.00472856 0.9952715 ] [0.6810404  0.31895962] [0.92309994 0.07690002] [0.9285867  0.07141335] [0.00137376 0.99862623] [0.07762834 0.9223717 ] [0.9537034  0.04629665] [0.00235226 0.9976477 ] [0.8884562  0.11154386] [0.9426115  0.05738854] [0.8060902  0.19390982] [0.41740647 0.5825935 ] [0.01131265 0.9886874 ] [0.378048 0.621952] [0.28283423 0.71716577] [0.23170312 0.7682969 ] [0.4762513  0.52374876] [0.00228818 0.9977118 ] [0.00400446 0.9959955 ] [4.125412e-04 9.995875e-01] [0.06378134 0.9362186 ] [0.9744056  0.02559446] [0.03596589 0.9640341 ] [0.9091834  0.09081654] [0.97268665 0.02731338] [0.00399634 0.9960037 ] [3.498983e-04 9.996501e-01] [0.95749193 0.04250802] [0.38519967 0.6148003 ] [0.43708646 0.5629136 ] [0.97429436 0.02570566] [0.9225408  0.07745916] [0.9580085  0.04199152] [0.5714574 0.4285426] [0.5036423  0.49635762] [0.36920366 0.6307964 ] [0.0046286 0.9953714] [0.0039658 0.9960342] [0.00577485 0.9942252 ] [0.5078688  0.49213108] [0.16442657 0.8355735 ] [0.9183065  0.08169352] [0.00963412 0.99036586] [0.1220018 0.8779982] [0.9174417  0.08255833] [0.2894708 0.7105292] [0.9353062  0.06469381] [0.58607876 0.41392124] [0.00112312 0.99887687] [0.01266476 0.9873352 ] [0.4844246 0.5155754] [0.00247798 0.99752206] [0.9520657  0.04793431] [0.00255877 0.9974412 ] [0.16265601 0.83734405] [0.25611824 0.74388176] [0.02627889 0.9737211 ] [0.45415157 0.54584837] [0.959583   0.04041704] [0.01330767 0.98669237] [0.00513997 0.99486005] [0.79479843 0.2052015 ] [0.9210074  0.07899264] [8.6117879e-04 9.9913883e-01] [0.13688456 0.8631155 ] [0.50685626 0.4931437 ] [0.92862606 0.07137391] [0.22341658 0.7765834 ] [0.03408526 0.9659147 ] [0.6064983  0.39350167] [0.04468152 0.9553185 ] [0.8578203  0.14217971] [0.03412514 0.9658749 ] [0.00255777 0.99744225] [0.9366195  0.06338046] [0.69976234 0.30023766] [0.00315061 0.99684936],1 0 1 0 0 1 1 0 0 1 0 0 0 0 1 1 0 1 0 1 1 0 1 0 0 0 1 0 0 0 0 1 0 0 1 0 1 0 0 0 0 0 1 1 1 0 0 0 0 0 1 0 0 0 0 0 0 0 0 0 1 1 0 0 0 0 1 0 1 0 0 1 1 0 0 1 0 0 1 0 0 1 1 1 1 0 0 0 0 1 0 0 1 0 1 1 1 1 0 0 0 0 0 1 0 0 0 0 0 0 0 0 0 1 0 1 0 0 0 0 0 0 0 0 0 1 0 1 1 0 1 1 1 1 0 0 1 0 0 0 1 0 1 0 0 0 0 1 0 1 1 0 0 1
46921,3,realmlp,0.5,30000,30000,0.7843137254901961,0.8228301886792453,[0.8021648  0.19783515] [0.97446954 0.02553041] [0.61061627 0.3893837 ] [0.9888482  0.01115175] [0.9889874  0.01101258] [0.01874866 0.98125136] [0.9921765  0.00782352] [0.85398054 0.14601943] [0.01716834 0.98283166] [0.16175848 0.8382415 ] [0.9435914  0.05640861] [0.9868205  0.01317944] [0.9765762  0.02342378] [0.9930247  0.00697534] [0.99056834 0.0094317 ] [0.2090357  0.79096425] [0.99395376 0.00604623] [0.04874947 0.95125055] [0.9592807  0.04071923] [0.30201274 0.69798726] [0.9751238  0.02487612] [0.867043   0.13295698] [0.8614902  0.13850985] [0.99209785 0.00790219] [0.9697574  0.03024264] [0.04640877 0.9535913 ] [0.96582353 0.03417651] [0.02376918 0.9762308 ] [0.9852079  0.01479203] [0.98848444 0.01151552] [0.9896449  0.01035511] [0.8810043  0.11899579] [0.3525749 0.6474251] [0.65810966 0.34189034] [0.23265082 0.7673491 ] [0.73240876 0.2675912 ] [0.9419252  0.05807474] [0.6418206  0.35817945] [0.29450968 0.70549035] [0.9754802 0.0245198] [0.3760988 0.6239012] [0.9913244 0.0086756] [0.9879923  0.01200772] [0.97375476 0.02624526] [0.9796153  0.02038472] [0.9842443  0.01575563] [0.4494476  0.55055237] [0.89877206 0.10122795] [0.9793546  0.02064539] [0.88921124 0.11078873] [0.9924534  0.00754666] [0.99175304 0.00824704] [0.98992914 0.01007085] [0.9846266  0.01537335] [0.36428204 0.635718  ] [0.95150954 0.04849049] [0.8224615  0.17753851] [0.95628744 0.04371259] [0.28894788 0.7110521 ] [0.96973586 0.03026416] [0.60898525 0.39101475] [0.9886214  0.01137863] [0.92759407 0.07240598] [0.98429793 0.01570209] [0.98914623 0.01085379] [0.9381166  0.06188333] [0.03426102 0.965739  ] [0.8366474  0.16335262] [0.15590814 0.8440919 ] [0.9861725  0.01382753] [0.98672885 0.01327118] [0.01235051 0.9876495 ] [0.00207829 0.99792176] [0.69863415 0.3013658 ] [0.98910576 0.0108942 ] [0.99197817 0.00802181] [0.96991754 0.03008252] [0.32649425 0.6735057 ] [0.98928225 0.01071777] [0.51751834 0.48248166] [0.46618384 0.53381616] [0.43621582 0.5637842 ] [0.98900187 0.01099817] [0.51904637 0.4809537 ] [0.9367624  0.06323755] [0.95434254 0.04565743] [0.86499006 0.13500996] [0.99102986 0.00897016] [0.00630849 0.99369156] [0.00563967 0.9943604 ] [0.98951435 0.01048569] [0.9059244  0.09407556] [0.97188956 0.02811048] [0.04090864 0.95909137] [0.9131022  0.08689775] [0.9505886  0.04941136] [0.16129835 0.8387017 ] [0.8215229  0.17847714] [0.9138216  0.08617846] [0.973724   0.02627598] [0.18830244 0.8116975 ] [0.1671668 0.8328332] [0.9876346  0.01236533] [0.8700601  0.12993988] [0.98093367 0.01906639] [0.9736283  0.02637175] [0.21834841 0.78165156] [0.66884625 0.33115372] [0.37929553 0.62070453] [0.71283    0.28716996] [0.98900807 0.01099192] [0.98123103 0.018769  ] [0.00839326 0.9916067 ] [0.9842238  0.01577627] [0.9820202  0.01797976] [0.98691875 0.01308123] [0.12254307 0.87745696] [0.95198345 0.04801655] [0.08679105 0.91320896] [0.6442171  0.35578296] [0.08165063 0.9183493 ] [0.9085715  0.09142852] [0.9878812 0.0121188] [0.2107991 0.7892009] [0.9796245  0.02037548] [0.5881058  0.41189423] [0.93367183 0.06632821] [0.02328441 0.9767156 ] [0.9922168  0.00778318] [0.99284315 0.00715686] [0.12163313 0.8783668 ] [0.01302848 0.98697144] [0.98161584 0.01838421] [0.57545674 0.42454323] [0.6390008  0.36099923] [0.97096497 0.02903505] [0.9841272  0.01587282] [0.9315659  0.06843414] [0.7062257  0.29377428] [0.9051067  0.09489328] [0.84043175 0.15956832] [0.11124791 0.88875216] [0.91253865 0.08746143] [0.63587123 0.36412874] [0.9934863  0.00651371] [0.9665519  0.03344809] [0.9271367  0.07286327] [0.27341396 0.72658604] [0.766658   0.23334195] [0.4509892  0.54901075] [0.9843412  0.01565883] [0.34545153 0.65454847] [0.99259585 0.0074042 ],0 1 1 0 1 1 0 0 1 1 0 0 0 0 0 0 0 1 0 1 1 1 1 1 0 1 0 0 0 0 0 1 0 0 1 0 0 0 1 0 0 0 0 0 0 0 1 0 1 0 0 0 0 0 1 0 1 0 1 0 1 0 0 0 0 0 0 0 1 0 0 0 1 0 0 0 0 1 0 1 1 1 0 0 0 0 1 0 1 1 0 0 0 0 0 0 1 1 0 0 1 0 0 0 0 0 0 1 1 1 0 1 1 0 0 0 1 0 1 1 1 0 0 1 0 0 1 1 0 0 0 1 0 0 0 0 0 0 1 0 0 1 1 0 0 1 0 1 0 1 0 0 0
46921,4,realmlp,0.5,30000,30000,0.7777777777777778,0.819811320754717,[0.8088116  0.19118842] [0.9371602  0.06283979] [0.03719919 0.9628008 ] [0.10168768 0.8983124 ] [0.9370668  0.06293321] [0.45566854 0.5443315 ] [0.8022711  0.19772884] [0.92435527 0.07564472] [0.93310505 0.0668949 ] [0.87201536 0.12798469] [0.05806664 0.9419334 ] [0.16293405 0.83706594] [0.7845427  0.21545738] [0.9229287  0.07707125] [0.84921783 0.15078218] [0.7717913  0.22820874] [0.93168795 0.06831209] [0.91854596 0.081454  ] [0.8181146  0.18188539] [0.752753   0.24724698] [0.9294317  0.07056829] [0.21229568 0.7877043 ] [0.8637423  0.13625771] [0.9308658  0.06913415] [0.89078254 0.10921741] [0.84910303 0.15089698] [0.13606219 0.8639378 ] [0.93440086 0.06559916] [0.945065   0.05493495] [0.12046117 0.87953883] [0.9063074  0.09369266] [0.9264586  0.07354139] [0.6300361  0.36996394] [0.9062457  0.09375426] [0.45621616 0.5437838 ] [0.21642196 0.78357804] [0.9297711 0.0702289] [0.22525063 0.77474934] [0.8576694  0.14233057] [0.9371762  0.06282382] [0.63973546 0.3602645 ] [0.92670524 0.07329479] [0.93831664 0.06168338] [0.8539174  0.14608257] [0.8412621  0.15873788] [0.9250844  0.07491561] [0.18414165 0.8158583 ] [0.01003281 0.9899672 ] [0.93214464 0.06785543] [0.69543743 0.30456266] [0.9289605  0.07103949] [0.8907743  0.10922564] [0.04514549 0.95485455] [0.7054154  0.29458454] [0.92077225 0.07922775] [0.05928687 0.9407131 ] [0.09707844 0.90292156] [0.9200761  0.07992387] [0.90019447 0.09980553] [0.94126284 0.05873717] [0.8416031  0.15839694] [0.9140835  0.08591652] [0.8113858  0.18861417] [0.9308754  0.06912462] [0.8366982  0.16330178] [0.92637193 0.07362812] [0.9403794  0.05962065] [0.84608644 0.15391357] [0.91216564 0.08783441] [0.9032461  0.09675397] [0.9211617  0.07883828] [0.7476992  0.25230077] [0.09262093 0.9073791 ] [0.89700246 0.10299757] [0.9398194  0.06018063] [0.8934187 0.1065812] [0.40452713 0.5954728 ] [0.10487461 0.89512545] [0.07986406 0.920136  ] [0.65934885 0.3406511 ] [0.9235129  0.07648715] [0.12830731 0.87169266] [0.9294944  0.07050556] [0.8204994  0.17950061] [0.9039952 0.0960048] [0.7686357 0.2313643] [0.3680993  0.63190067] [0.01710595 0.9828941 ] [0.95666903 0.0433309 ] [0.91710055 0.08289944] [0.85258174 0.1474183 ] [0.5178019  0.48219815] [0.02920398 0.97079605] [0.8427575  0.15724245] [0.58368945 0.41631055] [0.6440164 0.3559837] [0.9431524  0.05684756] [0.8645393  0.13546067] [0.9063828  0.09361717] [0.82614625 0.17385371] [0.930598   0.06940202] [0.93917996 0.06082005] [0.24789989 0.7521001 ] [0.9075448  0.09245522] [0.91438866 0.08561136] [0.9234994  0.07650054] [0.8541591  0.14584081] [0.6086534 0.3913466] [0.883346   0.11665394] [0.9161863  0.08381372] [0.8806171  0.11938293] [0.7389549 0.2610451] [0.86102664 0.13897334] [0.925369   0.07463098] [0.04426672 0.9557333 ] [0.02330054 0.9766995 ] [0.92122483 0.07877512] [0.1838997  0.81610036] [0.9020285  0.09797145] [0.6784713  0.32152864] [0.92452866 0.07547132] [0.9185258  0.08147414] [0.38554585 0.61445415] [0.03524547 0.9647545 ] [0.925485   0.07451498] [0.74650896 0.25349104] [0.5462835  0.45371652] [0.5259044  0.47409552] [0.1692728 0.8307272] [0.29078445 0.7092156 ] [0.93865156 0.06134839] [0.8726779  0.12732203] [0.72988427 0.27011573] [0.07680845 0.9231916 ] [0.06221671 0.93778336] [0.9352719  0.06472805] [0.9232482  0.07675181] [0.90840375 0.09159629] [0.21012035 0.7898797 ] [0.9287903  0.07120971] [0.9282396  0.07176044] [0.7809619  0.21903813] [0.73563075 0.26436928] [0.72167414 0.2783259 ] [0.92498136 0.07501861] [0.44335717 0.55664283] [0.06911594 0.93088406] [0.9444625  0.05553751] [0.070509 0.929491] [0.91192645 0.08807351] [0.89049757 0.10950244] [0.23402041 0.7659796 ] [0.57315814 0.42684186],1 0 1 1 0 1 0 0 0 0 1 1 0 0 0 0 0 0 1 0 0 1 0 0 0 1 1 0 0 0 0 0 1 0 1 1 0 0 1 0 1 1 0 0 0 0 1 1 0 0 0 0 1 0 0 1 1 0 1 0 1 0 1 0 1 0 0 0 1 0 1 1 1 0 0 0 1 1 1 0 0 0 0 0 0 1 1 1 0 0 1 0 1 0 0 0 0 0 1 0 0 0 1 0 0 1 0 0 0 0 1 0 0 1 0 0 0 0 0 1 0 0 0 1 0 0 1 1 1 0 0 0 0 1 0 0 0 0 1 0 0 0 1 0 0 0 1 0 1 0 0 1 0
