dataset_id,fold,checkpoint,sparsity,features,features_added,accuracy,roc_auc_score,prediction_probas,ground_truth
46921,0,xgboost,0.25,8,0,0.7272727272727273,0.7605555555555557,[0.00391245 0.99608755] [3.9583445e-04 9.9960417e-01] [0.03281403 0.967186  ] [9.9975556e-01 2.4445250e-04] [0.99157405 0.00842598] [0.9984108  0.00158917] [0.993243   0.00675701] [0.5856848  0.41431522] [0.9952958  0.00470418] [9.999224e-01 7.763480e-05] [0.9736105  0.02638951] [0.9888761  0.01112389] [0.7502181  0.24978192] [5.1259995e-05 9.9994874e-01] [0.16611534 0.83388466] [0.00228691 0.9977131 ] [0.9974897  0.00251032] [9.9999660e-01 3.4077768e-06] [0.00753462 0.9924654 ] [0.0474661 0.9525339] [0.9971172  0.00288276] [0.00503647 0.9949635 ] [7.2854757e-04 9.9927145e-01] [0.14430416 0.85569584] [0.99848765 0.00151234] [0.9988542  0.00114579] [9.9998987e-01 1.0123385e-05] [9.9997884e-01 2.1153635e-05] [0.9978818  0.00211819] [0.00121599 0.998784  ] [0.7055899  0.29441014] [9.9983591e-01 1.6412049e-04] [8.4984303e-04 9.9915016e-01] [0.5893583  0.41064164] [9.9958110e-01 4.1890924e-04] [9.9997109e-01 2.8892144e-05] [9.997658e-01 2.342077e-04] [9.9985766e-01 1.4234537e-04] [0.98782665 0.01217334] [0.66391265 0.33608732] [0.00132114 0.99867886] [0.9978927 0.0021073] [0.06742066 0.93257934] [0.9259146  0.07408542] [9.996007e-01 3.992957e-04] [0.9987584  0.00124165] [0.9962895  0.00371049] [9.9998415e-01 1.5835027e-05] [0.9969803  0.00301969] [9.9990606e-01 9.3921095e-05] [0.9878043  0.01219572] [9.9999803e-01 1.9919316e-06] [0.00910485 0.99089515] [0.80397606 0.19602393] [0.47715968 0.5228403 ] [0.20012921 0.7998708 ] [9.997139e-01 2.861019e-04] [0.9844983 0.0155017] [0.0236184 0.9763816] [0.9805246  0.01947541] [0.38822204 0.61177796] [3.5762787e-04 9.9964237e-01] [9.9949503e-01 5.0497334e-04] [0.30174917 0.69825083] [0.8986968 0.1013032] [0.95866877 0.04133125] [0.00118279 0.9988172 ] [0.13478482 0.8652152 ] [1.333952e-04 9.998666e-01] [0.85332894 0.14667103] [0.992826   0.00717402] [3.4594536e-04 9.9965405e-01] [0.4636413 0.5363587] [0.98633265 0.01366737] [9.9986023e-01 1.3979475e-04] [0.99165803 0.00834198] [0.9734602  0.02653978] [0.4976859 0.5023141] [0.98639053 0.01360947] [0.9956142  0.00438584] [9.999539e-01 4.609701e-05] [0.9911604  0.00883962] [9.9998742e-01 1.2571732e-05] [0.9887018 0.0112982] [9.9976999e-01 2.3002151e-04] [9.9987936e-01 1.2062364e-04] [0.7496116 0.2503884] [0.32405078 0.6759492 ] [0.02261788 0.9773821 ] [0.01707709 0.9829229 ] [0.00233495 0.99766505] [0.99189276 0.00810722] [9.9964404e-01 3.5596438e-04] [0.19636756 0.80363244] [9.9994993e-01 5.0050232e-05] [9.9979937e-01 2.0062085e-04] [0.04560751 0.9543925 ] [0.0135268 0.9864732] [0.9981216  0.00187835] [0.99875367 0.00124632] [0.8657362  0.13426381] [9.9995631e-01 4.3666692e-05] [0.0011304 0.9988696] [0.01000965 0.98999035] [9.999092e-01 9.075946e-05] [0.0425638 0.9574362] [0.9799368  0.02006324] [9.9998683e-01 1.3180685e-05] [0.00166672 0.9983333 ] [0.15563327 0.8443667 ] [0.07819766 0.92180234] [0.04578477 0.9542152 ] [0.9976611  0.00233889] [0.7357035  0.26429647] [0.8391851 0.1608149] [0.9934949  0.00650506] [9.9995375e-01 4.6280769e-05] [0.9947358  0.00526422] [0.8925916  0.10740837] [0.5889458 0.4110542] [9.9976182e-01 2.3817061e-04] [0.9434547  0.05654534] [0.99862474 0.00137524] [0.91266    0.08733998] [0.03981704 0.96018296] [0.01635629 0.9836437 ] [0.9988443  0.00115567] [0.94682413 0.05317585] [0.9581761  0.04182393] [0.5903454  0.40965462] [0.8076252  0.19237481] [0.98030525 0.01969475] [0.01292968 0.9870703 ] [0.06407613 0.9359239 ] [0.96049017 0.03950981] [9.9961513e-01 3.8484420e-04] [0.04495144 0.95504856] [0.08928388 0.9107161 ] [0.8892889  0.11071112] [0.00562429 0.9943757 ] [0.9259619  0.07403807] [0.7694482  0.23055178] [0.96265024 0.03734975] [0.85891515 0.14108485] [0.9008466  0.09915338] [0.6718718 0.3281282] [0.99412185 0.00587815] [0.99497074 0.00502925] [9.999237e-01 7.626630e-05] [0.98325086 0.01674914] [0.03487909 0.9651209 ] [0.97702616 0.02297385] [9.999949e-01 5.103089e-06] [0.99055237 0.00944766],0 1 1 0 0 0 0 1 0 0 0 0 0 1 1 0 0 0 1 0 0 0 1 1 0 0 0 0 0 0 0 0 1 0 0 0 1 0 0 1 0 0 1 0 0 0 0 0 0 0 1 0 1 1 1 1 0 0 0 0 0 1 0 0 0 0 1 1 1 1 0 0 0 1 1 0 1 0 0 0 0 0 0 0 0 0 1 1 1 1 1 1 1 1 0 0 0 1 0 1 0 0 1 0 0 0 1 0 1 1 0 0 0 1 0 1 0 1 0 0 0 0 0 1 1 0 0 0 0 0 0 0 0 1 0 0 1 1 0 1 0 1 1 0 0 0 1 1 0 0 1 1 0 0
46921,1,xgboost,0.25,8,0,0.7272727272727273,0.767037037037037,[0.84844875 0.15155126] [0.95433015 0.04566987] [0.99884874 0.00115124] [9.620190e-05 9.999038e-01] [0.99595773 0.00404226] [9.9997389e-01 2.6100333e-05] [0.04192454 0.95807546] [0.92884845 0.07115156] [0.8310898  0.16891019] [0.01018965 0.98981035] [0.91000956 0.08999044] [0.9937404  0.00625963] [0.5414784  0.45852157] [0.05800593 0.9419941 ] [9.999485e-01 5.151025e-05] [0.04002953 0.9599705 ] [9.9905115e-01 9.4882329e-04] [9.9986160e-01 1.3839667e-04] [0.03231227 0.9676877 ] [0.993236   0.00676397] [0.11725867 0.88274133] [9.994924e-01 5.076039e-04] [9.9979162e-01 2.0837187e-04] [0.12334138 0.8766586 ] [0.9899466 0.0100534] [0.11166209 0.8883379 ] [0.9432898  0.05671017] [0.5958892 0.4041108] [0.9282774 0.0717226] [0.00974613 0.99025387] [0.02555007 0.97444993] [0.12158579 0.8784142 ] [9.9984646e-01 1.5355961e-04] [0.93679863 0.06320138] [0.98319054 0.01680944] [0.97475755 0.02524245] [0.5859679  0.41403207] [0.98770154 0.01229844] [0.2225939 0.7774061] [9.9980301e-01 1.9697417e-04] [9.998197e-01 1.802941e-04] [0.78310186 0.21689813] [0.98158556 0.01841446] [0.67804766 0.32195234] [0.50845253 0.4915475 ] [0.01469278 0.9853072 ] [0.04477602 0.955224  ] [9.9996161e-01 3.8367023e-05] [0.9914614  0.00853863] [9.9935699e-01 6.4301724e-04] [0.19203365 0.80796635] [9.9998868e-01 1.1314568e-05] [0.92723864 0.07276136] [0.9984417  0.00155831] [9.9984437e-01 1.5563739e-04] [0.00441027 0.99558973] [0.94260883 0.05739118] [0.22620165 0.77379835] [0.95215595 0.04784408] [9.9983126e-01 1.6875585e-04] [0.90463763 0.09536236] [0.9417541 0.0582459] [0.12653726 0.87346274] [0.13396877 0.8660312 ] [0.96587366 0.03412636] [0.06471121 0.9352888 ] [9.9905878e-01 9.4124116e-04] [0.14191192 0.8580881 ] [0.9745209  0.02547909] [0.82867825 0.17132176] [0.961969   0.03803097] [0.00420845 0.99579155] [0.9371917  0.06280825] [0.91520905 0.08479093] [9.9945426e-01 5.4576882e-04] [0.99486583 0.00513417] [9.9984592e-01 1.5408648e-04] [0.99286646 0.00713352] [0.99896544 0.00103458] [0.9509859  0.04901407] [1.18255615e-04 9.99881744e-01] [9.990181e-01 9.819560e-04] [0.15595502 0.844045  ] [0.37773633 0.62226367] [9.990230e-01 9.769966e-04] [9.998240e-01 1.760364e-04] [9.9997658e-01 2.3434255e-05] [0.22033685 0.77966315] [9.9999714e-01 2.8393335e-06] [0.05625159 0.9437484 ] [0.993868   0.00613201] [0.9405553  0.05944474] [9.9994767e-01 5.2362055e-05] [0.77138627 0.22861372] [9.99892533e-01 1.07478016e-04] [0.01148599 0.988514  ] [0.30219036 0.69780964] [0.40792435 0.59207565] [0.9836002  0.01639978] [0.98536146 0.01463855] [0.66867083 0.33132917] [9.9981964e-01 1.8036958e-04] [0.00428796 0.99571204] [9.9995285e-01 4.7175272e-05] [0.049909 0.950091] [0.94370306 0.05629696] [0.9731545  0.02684551] [0.8591699  0.14083011] [0.10304159 0.8969584 ] [9.992023e-01 7.976951e-04] [0.93507516 0.06492483] [0.99717283 0.0028272 ] [0.99848706 0.00151292] [0.16504717 0.83495283] [0.00258172 0.9974183 ] [9.999347e-01 6.534464e-05] [0.9941941  0.00580589] [0.51710725 0.48289275] [0.99734485 0.00265517] [0.99895614 0.00104387] [0.9986116 0.0013884] [0.99761504 0.00238499] [0.93627965 0.06372035] [0.04356796 0.95643204] [0.972545   0.02745498] [0.14295554 0.85704446] [9.9964315e-01 3.5683383e-04] [9.998520e-01 1.479798e-04] [0.9977073  0.00229267] [0.9940682  0.00593181] [0.55466866 0.4453313 ] [0.41708076 0.58291924] [1.11699104e-04 9.99888301e-01] [9.9962252e-01 3.7744932e-04] [0.00719577 0.9928042 ] [0.02006626 0.97993374] [9.998762e-01 1.237987e-04] [0.00302696 0.99697304] [9.9920136e-01 7.9866371e-04] [0.8907723  0.10922774] [9.9998474e-01 1.5242282e-05] [0.06633049 0.9336695 ] [0.4101743 0.5898257] [9.9993473e-01 6.5260938e-05] [0.00141692 0.9985831 ] [0.9983434  0.00165659] [0.99895716 0.00104284] [0.99899393 0.00100609] [9.9995434e-01 4.5684545e-05] [0.28299642 0.7170036 ] [0.9840886 0.0159114] [0.91969275 0.08030725] [0.99180627 0.00819373] [0.46955907 0.5304409 ],1 0 0 1 0 0 1 1 1 1 1 0 1 1 0 0 1 0 1 0 0 0 1 1 0 1 0 0 1 1 1 1 0 0 0 0 0 0 0 0 1 0 0 1 0 1 1 0 0 0 0 0 1 0 0 0 0 0 1 0 1 0 0 1 0 0 0 1 0 1 0 0 1 0 0 0 0 0 0 1 0 0 1 0 0 0 0 1 0 0 1 0 0 0 0 1 0 0 0 0 0 0 1 0 0 0 1 0 0 1 0 1 0 1 1 1 0 0 0 0 0 0 0 1 0 1 0 0 1 1 1 1 1 0 0 1 0 1 0 0 0 1 1 0 1 0 0 0 0 0 0 0 0 1
46921,2,xgboost,0.25,8,0,0.7207792207792207,0.7812962962962963,[0.5308627  0.46913734] [0.99744993 0.00255008] [0.9959895  0.00401049] [9.994085e-01 5.914919e-04] [9.9977416e-01 2.2584337e-04] [0.00108325 0.99891675] [0.9962514  0.00374857] [9.9971229e-01 2.8771054e-04] [6.530881e-04 9.993469e-01] [0.73191965 0.26808038] [0.9974987  0.00250131] [0.01647079 0.9835292 ] [9.9999446e-01 5.5202945e-06] [9.9999648e-01 3.4986783e-06] [0.08168203 0.918318  ] [8.190274e-04 9.991810e-01] [9.9999696e-01 3.0582307e-06] [0.846936   0.15306401] [9.9996835e-01 3.1654563e-05] [6.4617395e-04 9.9935383e-01] [0.13387203 0.86612797] [0.70675325 0.29324675] [2.1356344e-04 9.9978644e-01] [9.9997056e-01 2.9471616e-05] [9.9990946e-01 9.0534799e-05] [9.9999827e-01 1.7312328e-06] [9.9999619e-01 3.8155413e-06] [4.5007467e-04 9.9954993e-01] [0.9341234  0.06587663] [9.9955517e-01 4.4481072e-04] [0.4736094 0.5263906] [0.00917488 0.9908251 ] [0.02497691 0.9750231 ] [9.9998820e-01 1.1780105e-05] [0.98913115 0.01086886] [9.9987292e-01 1.2705817e-04] [0.19529575 0.80470425] [9.990193e-01 9.806691e-04] [9.9962598e-01 3.7404514e-04] [9.9980897e-01 1.9105602e-04] [0.98604214 0.01395786] [9.9977833e-01 2.2167346e-04] [0.28697562 0.7130244 ] [0.9985542  0.00144576] [0.00447989 0.9955201 ] [0.93579257 0.0642074 ] [9.995407e-01 4.592884e-04] [0.42495787 0.5750421 ] [0.98448914 0.01551086] [0.20796973 0.7920303 ] [0.26729017 0.7327098 ] [9.9998641e-01 1.3577918e-05] [0.92302084 0.07697917] [9.9938804e-01 6.1193726e-04] [0.6568209 0.3431791] [9.999660e-01 3.398717e-05] [0.7059635 0.2940365] [0.04683149 0.9531685 ] [9.993398e-01 6.601945e-04] [0.451375 0.548625] [0.8753022  0.12469782] [1.8030405e-04 9.9981970e-01] [0.9989915  0.00100852] [9.999594e-01 4.057983e-05] [9.9979180e-01 2.0819611e-04] [9.9999523e-01 4.7737085e-06] [0.00252134 0.99747866] [0.9623252  0.03767481] [9.9959797e-01 4.0202698e-04] [9.9987262e-01 1.2740442e-04] [0.6339171  0.36608294] [1.6355515e-04 9.9983644e-01] [0.00221902 0.997781  ] [9.9968433e-01 3.1569533e-04] [0.01308626 0.98691374] [0.97053903 0.02946098] [9.9997675e-01 2.3216175e-05] [0.66517353 0.33482647] [0.9698406  0.03015943] [9.9993652e-01 6.3487125e-05] [9.9998379e-01 1.6198654e-05] [0.00116378 0.9988362 ] [0.99844193 0.00155806] [9.9980646e-01 1.9355561e-04] [0.21789384 0.78210616] [9.9998569e-01 1.4300853e-05] [9.999159e-01 8.411170e-05] [0.9954479  0.00455212] [0.8651755  0.13482451] [0.9908465  0.00915346] [0.0013054 0.9986946] [0.96737736 0.03262264] [0.9052849  0.09471513] [0.8936269  0.10637304] [0.39309108 0.6069089 ] [0.01346868 0.9865313 ] [3.3938885e-04 9.9966061e-01] [0.51662076 0.48337924] [9.999982e-01 1.797648e-06] [0.00739127 0.9926087 ] [0.9989484  0.00105158] [9.9999756e-01 2.4523911e-06] [0.00837934 0.99162066] [0.00270963 0.9972904 ] [9.9999309e-01 6.9105927e-06] [0.9319982  0.06800182] [0.96790457 0.03209546] [9.9998331e-01 1.6694032e-05] [9.999159e-01 8.409446e-05] [9.998658e-01 1.342188e-04] [0.996885   0.00311501] [0.15554112 0.8444589 ] [0.9497861  0.05021388] [0.26455742 0.7354426 ] [0.0777055 0.9222945] [0.90730333 0.09269664] [0.9978162  0.00218379] [0.33383846 0.66616154] [0.8938084  0.10619158] [0.26350462 0.7364954 ] [0.983826   0.01617402] [0.9989648  0.00103524] [9.993380e-01 6.620372e-04] [9.9994737e-01 5.2624466e-05] [0.97065496 0.02934501] [0.00355184 0.99644816] [0.04788005 0.95211995] [0.00288117 0.99711883] [0.03042734 0.96957266] [9.9943578e-01 5.6423864e-04] [0.6773809 0.3226191] [0.00384974 0.99615026] [0.7538211  0.24617893] [0.03649986 0.96350014] [0.9138177  0.08618232] [9.9999404e-01 5.9802314e-06] [0.38553524 0.61446476] [0.05284351 0.9471565 ] [0.9941833  0.00581668] [9.9997973e-01 2.0291034e-05] [0.06906199 0.930938  ] [0.76305443 0.23694555] [9.9980384e-01 1.9615647e-04] [9.9996758e-01 3.2438875e-05] [0.2331835 0.7668165] [0.97848606 0.02151392] [0.8647679  0.13523208] [0.4717909 0.5282091] [0.9262217  0.07377824] [0.86092    0.13907999] [0.1875614 0.8124386] [9.9996126e-01 3.8770093e-05] [9.9983025e-01 1.6976990e-04] [0.9627526  0.03724744],1 0 1 0 0 1 1 0 0 1 0 0 0 0 1 1 0 1 0 1 1 0 1 0 0 0 1 0 0 0 0 1 0 0 1 0 1 0 0 0 0 0 1 1 1 0 0 0 0 0 1 0 0 0 0 0 0 0 0 0 1 1 0 0 0 0 1 0 1 0 0 1 1 0 0 1 0 0 1 0 0 1 1 1 1 0 0 0 0 1 0 0 1 0 1 1 1 1 0 0 0 0 0 1 0 0 0 0 0 0 0 0 0 1 0 1 0 0 0 0 0 0 0 0 0 1 0 1 1 0 1 1 1 1 0 0 1 0 0 0 1 0 1 0 0 0 0 1 0 1 1 0 0 1
46921,3,xgboost,0.25,8,0,0.6993464052287581,0.7835849056603774,[0.19361198 0.806388  ] [0.9782045  0.02179554] [0.08205545 0.91794455] [9.9963224e-01 3.6778918e-04] [9.999954e-01 4.595028e-06] [0.029576 0.970424] [9.9957156e-01 4.2845708e-04] [0.28195626 0.71804374] [0.00333858 0.9966614 ] [0.23968655 0.76031345] [0.9970506 0.0029494] [9.999964e-01 3.600826e-06] [0.08665061 0.9133494 ] [9.9914336e-01 8.5663173e-04] [0.9979236  0.00207637] [0.13448995 0.86551005] [9.9997997e-01 2.0015606e-05] [0.20023471 0.7997653 ] [0.47255164 0.52744836] [0.01596123 0.9840388 ] [0.18752849 0.8124715 ] [0.23828924 0.76171076] [6.482005e-04 9.993518e-01] [0.98839957 0.01160045] [0.9880694  0.01193056] [0.01215684 0.98784316] [0.99592596 0.00407406] [0.00177473 0.9982253 ] [0.97973675 0.02026324] [0.99186635 0.00813367] [9.9999297e-01 7.0555052e-06] [0.6940135  0.30598652] [0.60571563 0.39428437] [0.64361167 0.3563883 ] [0.02595073 0.97404927] [0.22594535 0.77405465] [0.9796525  0.02034749] [0.88352424 0.11647575] [0.03037477 0.96962523] [9.9994701e-01 5.3005737e-05] [0.99704605 0.00295395] [9.9996257e-01 3.7450380e-05] [0.9937263  0.00627369] [0.8855507  0.11444934] [9.9935484e-01 6.4517069e-04] [0.10030508 0.8996949 ] [0.9872655 0.0127345] [0.84595096 0.15404902] [0.9943548  0.00564524] [0.9617189  0.03828111] [9.9967897e-01 3.2105771e-04] [9.999103e-01 8.972810e-05] [9.9990386e-01 9.6114607e-05] [0.97231793 0.02768205] [0.6039243  0.39607573] [0.41749322 0.5825068 ] [0.867385   0.13261494] [9.9964654e-01 3.5346203e-04] [0.00639355 0.99360645] [0.983882 0.016118] [0.79285854 0.20714147] [0.99873316 0.00126685] [0.98900753 0.01099246] [0.9875738  0.01242619] [0.76446056 0.2355394 ] [0.11107343 0.88892657] [0.84574586 0.15425412] [0.28405154 0.71594846] [0.00216657 0.99783343] [0.9772743  0.02272569] [9.998548e-01 1.452138e-04] [0.0050596 0.9949404] [0.0486272 0.9513728] [9.9918628e-01 8.1372476e-04] [9.9986643e-01 1.3356066e-04] [9.9999696e-01 3.0507329e-06] [0.99465847 0.00534153] [0.14182353 0.85817647] [9.9998152e-01 1.8490548e-05] [0.08997715 0.91002285] [0.5478127 0.4521873] [0.8346911  0.16530891] [9.9981725e-01 1.8275373e-04] [0.01206601 0.987934  ] [0.5941721 0.4058279] [0.9471551  0.05284491] [0.9516004 0.0483996] [9.9999869e-01 1.3261644e-06] [0.01317912 0.9868209 ] [0.00871634 0.99128366] [9.999374e-01 6.259226e-05] [0.99482954 0.00517045] [9.991138e-01 8.861772e-04] [0.30611825 0.69388175] [0.12486804 0.87513196] [0.9852987  0.01470133] [0.2843483 0.7156517] [0.5032357  0.49676433] [0.00250757 0.99749243] [0.9884038  0.01159619] [0.02094066 0.97905934] [0.09362251 0.9063775 ] [0.9879314  0.01206864] [0.82910293 0.17089708] [0.990898   0.00910198] [0.9978534  0.00214659] [0.05966794 0.94033206] [0.9448346  0.05516539] [7.7986717e-04 9.9922013e-01] [0.99847794 0.00152207] [9.9997455e-01 2.5470434e-05] [0.01011348 0.9898865 ] [0.04659665 0.95340335] [0.98346996 0.01653001] [9.999251e-01 7.492771e-05] [0.93301964 0.06698033] [0.02959633 0.9704037 ] [9.9956423e-01 4.3577884e-04] [1.502037e-04 9.998498e-01] [0.98406607 0.01593394] [0.02899742 0.9710026 ] [9.994862e-01 5.137988e-04] [9.999996e-01 4.420031e-07] [0.28134155 0.71865845] [0.01696908 0.9830309 ] [0.09970266 0.90029734] [0.8640063  0.13599372] [0.87370694 0.12629303] [9.9994725e-01 5.2721811e-05] [9.999036e-01 9.637599e-05] [0.98256165 0.01743835] [0.00684375 0.99315625] [0.73386914 0.26613086] [0.9022601  0.09773987] [0.02443492 0.9755651 ] [0.99360025 0.00639973] [9.9996352e-01 3.6469217e-05] [0.00445682 0.9955432 ] [0.93472844 0.06527153] [0.99898577 0.00101424] [0.6410289  0.35897115] [0.66258985 0.33741015] [0.66561365 0.33438638] [0.9978427  0.00215725] [0.48484963 0.51515037] [0.14321262 0.8567874 ] [0.9635839 0.0364161] [0.7687662  0.23123378] [0.9920943  0.00790571] [0.4244374 0.5755626] [9.9990666e-01 9.3323026e-05] [0.0121702 0.9878298] [0.99761695 0.00238305],0 1 1 0 1 1 0 0 1 1 0 0 0 0 0 0 0 1 0 1 1 1 1 1 0 1 0 0 0 0 0 1 0 0 1 0 0 0 1 0 0 0 0 0 0 0 1 0 1 0 0 0 0 0 1 0 1 0 1 0 1 0 0 0 0 0 0 0 1 0 0 0 1 0 0 0 0 1 0 1 1 1 0 0 0 0 1 0 1 1 0 0 0 0 0 0 1 1 0 0 1 0 0 0 0 0 0 1 1 1 0 1 1 0 0 0 1 0 1 1 1 0 0 1 0 0 1 1 0 0 0 1 0 0 0 0 0 0 1 0 0 1 1 0 0 1 0 1 0 1 0 0 0
46921,4,xgboost,0.25,8,0,0.7843137254901961,0.8169811320754717,[0.9984563  0.00154368] [0.9990008  0.00099922] [4.3672323e-04 9.9956328e-01] [0.9140421  0.08595786] [9.9983227e-01 1.6772261e-04] [0.063263 0.936737] [0.78629625 0.21370372] [9.9993855e-01 6.1459301e-05] [9.996078e-01 3.921999e-04] [0.997688   0.00231202] [2.3311377e-04 9.9976689e-01] [0.00174624 0.99825376] [0.98878556 0.01121441] [0.9912418  0.00875817] [0.6942483  0.30575165] [9.9910355e-01 8.9647283e-04] [0.91205597 0.087944  ] [9.9975467e-01 2.4531380e-04] [0.02693856 0.97306144] [0.91654456 0.08345547] [0.9954449 0.0045551] [0.14306247 0.8569375 ] [0.9945805 0.0054195] [9.9996781e-01 3.2160544e-05] [0.99686325 0.00313677] [0.99096245 0.00903755] [0.04158783 0.9584122 ] [9.9993044e-01 6.9546775e-05] [0.98644745 0.01355256] [0.2375201 0.7624799] [0.9918201  0.00817988] [9.9966162e-01 3.3835467e-04] [0.88850135 0.11149864] [0.737694   0.26230597] [0.05826479 0.9417352 ] [0.01140338 0.9885966 ] [0.99895793 0.00104208] [0.8644253  0.13557473] [9.9978614e-01 2.1385838e-04] [9.9998075e-01 1.9237346e-05] [0.22343898 0.776561  ] [0.98500305 0.01499695] [0.9987249  0.00127514] [0.99621546 0.00378452] [0.94491696 0.05508307] [0.989142 0.010858] [0.00106519 0.9989348 ] [0.01062781 0.9893722 ] [0.98699725 0.01300274] [0.9086885 0.0913115] [9.9997050e-01 2.9527146e-05] [0.95073485 0.04926513] [0.02787709 0.9721229 ] [0.34005588 0.6599441 ] [0.9962143  0.00378572] [0.0458793 0.9541207] [2.939105e-04 9.997061e-01] [0.9878264 0.0121736] [0.9982881  0.00171191] [0.9979784  0.00202159] [0.99182993 0.00817008] [0.4546904 0.5453096] [0.02739042 0.9726096 ] [9.9996114e-01 3.8837297e-05] [0.47848707 0.5215129 ] [9.999949e-01 5.102544e-06] [9.9994147e-01 5.8539714e-05] [0.99675924 0.00324076] [0.62527746 0.37472254] [0.6680436  0.33195642] [0.3515675 0.6484325] [0.9781689  0.02183107] [1.9353628e-04 9.9980646e-01] [0.3665951 0.6334049] [9.9987137e-01 1.2865062e-04] [0.70588887 0.29411113] [0.98910964 0.01089035] [0.09603143 0.9039686 ] [0.00277603 0.997224  ] [0.20091343 0.7990866 ] [9.9997306e-01 2.6955444e-05] [0.00488162 0.9951184 ] [0.99813133 0.00186868] [0.7683597  0.23164028] [0.9655744  0.03442562] [0.00127321 0.9987268 ] [0.23634797 0.763652  ] [9.499192e-04 9.990501e-01] [9.999319e-01 6.812904e-05] [9.9997538e-01 2.4592866e-05] [0.86516106 0.13483897] [0.8111149  0.18888506] [0.05639893 0.9436011 ] [0.9848605  0.01513951] [0.49215442 0.5078456 ] [0.7147981  0.28520188] [0.9858012  0.01419879] [0.9897914  0.01020858] [0.33084166 0.66915834] [0.62130266 0.37869734] [9.99987364e-01 1.26653795e-05] [9.9999696e-01 3.0340698e-06] [0.02754992 0.9724501 ] [0.9799685  0.02003152] [0.9849306  0.01506942] [0.99314374 0.00685628] [0.74245024 0.25754973] [0.86398494 0.13601506] [9.9938476e-01 6.1524665e-04] [0.9565902  0.04340981] [0.9954502  0.00454983] [0.22588503 0.77411497] [0.98494375 0.01505626] [0.9946365  0.00536354] [0.38478917 0.61521083] [0.00104582 0.9989542 ] [0.9981818  0.00181821] [0.6648886 0.3351114] [0.9123192  0.08768079] [0.15416503 0.845835  ] [9.9967122e-01 3.2875314e-04] [0.7406925 0.2593075] [0.00437576 0.99562424] [0.0085966 0.9914034] [0.9716542  0.02834585] [0.9447085  0.05529147] [0.3156364 0.6843636] [0.57835424 0.42164573] [0.03054619 0.9694538 ] [0.18147343 0.81852657] [9.9993527e-01 6.4758235e-05] [0.9938763  0.00612371] [0.12713146 0.87286854] [0.33337063 0.6666294 ] [0.00374329 0.9962567 ] [9.999946e-01 5.444531e-06] [9.99891222e-01 1.08752356e-04] [9.9998468e-01 1.5304768e-05] [0.34028882 0.6597112 ] [9.9996322e-01 3.6789534e-05] [0.9962936 0.0037064] [0.08255893 0.91744107] [0.98673123 0.01326879] [0.9984138  0.00158617] [0.98954934 0.01045065] [0.36563993 0.6343601 ] [0.00124979 0.9987502 ] [0.9987385  0.00126149] [0.06582379 0.9341762 ] [9.9977762e-01 2.2239982e-04] [0.9223939  0.07760607] [0.02390558 0.9760944 ] [0.99593425 0.00406576],1 0 1 1 0 1 0 0 0 0 1 1 0 0 0 0 0 0 1 0 0 1 0 0 0 1 1 0 0 0 0 0 1 0 1 1 0 0 1 0 1 1 0 0 0 0 1 1 0 0 0 0 1 0 0 1 1 0 1 0 1 0 1 0 1 0 0 0 1 0 1 1 1 0 0 0 1 1 1 0 0 0 0 0 0 1 1 1 0 0 1 0 1 0 0 0 0 0 1 0 0 0 1 0 0 1 0 0 0 0 1 0 0 1 0 0 0 0 0 1 0 0 0 1 0 0 1 1 1 0 0 0 0 1 0 0 0 0 1 0 0 0 1 0 0 0 1 0 1 0 0 1 0
46921,0,xgboost,0.25,50,50,0.7077922077922078,0.7218518518518519,[0.06609714 0.93390286] [0.00319242 0.9968076 ] [0.11908346 0.88091654] [0.6717608  0.32823917] [0.705349   0.29465097] [0.6884131  0.31158692] [0.63202727 0.36797276] [0.9706943  0.02930567] [0.96750224 0.03249775] [9.99989390e-01 1.06170755e-05] [0.03354877 0.9664512 ] [0.99502367 0.00497631] [0.9949867  0.00501326] [0.0180068 0.9819932] [0.27792954 0.72207046] [0.00557989 0.9944201 ] [0.9941727  0.00582729] [0.9963197  0.00368027] [0.8088083  0.19119164] [0.03308427 0.9669157 ] [0.11200839 0.8879916 ] [0.6552372  0.34476277] [0.03909481 0.9609052 ] [9.999547e-01 4.528078e-05] [9.9983692e-01 1.6309369e-04] [0.9763651  0.02363493] [0.9977697  0.00223029] [1.3113022e-04 9.9986887e-01] [0.99796134 0.00203863] [0.00488824 0.99511176] [9.9912375e-01 8.7623839e-04] [0.59359473 0.40640527] [0.00763196 0.99236804] [0.830406   0.16959399] [9.999425e-01 5.749243e-05] [0.9987265  0.00127351] [0.9985022  0.00149783] [9.9968004e-01 3.1994577e-04] [0.99499154 0.00500844] [0.01548922 0.9845108 ] [0.01907086 0.98092914] [9.9978399e-01 2.1600151e-04] [0.8560114  0.14398864] [0.3786375 0.6213625] [9.9986058e-01 1.3939435e-04] [0.991796   0.00820396] [0.9926741  0.00732591] [9.9956489e-01 4.3510928e-04] [0.98154914 0.01845085] [0.92241 0.07759] [0.99174976 0.00825026] [9.9908024e-01 9.1974641e-04] [0.6506379  0.34936208] [0.6398671  0.36013287] [0.00809371 0.9919063 ] [0.05543053 0.94456947] [0.9970374 0.0029626] [0.9464573 0.0535427] [0.800796   0.19920403] [0.99170136 0.00829861] [0.6978158  0.30218425] [0.00168586 0.99831414] [0.9849426  0.01505736] [0.07528341 0.9247166 ] [0.8508517  0.14914829] [0.78644335 0.21355666] [0.00203681 0.9979632 ] [0.43373424 0.56626576] [0.03250426 0.96749574] [0.9365993  0.06340071] [0.9904035  0.00959652] [0.00112337 0.99887663] [9.995253e-01 4.746653e-04] [0.9945101  0.00548991] [0.82475376 0.17524624] [0.9199132  0.08008683] [0.02156532 0.9784347 ] [9.9987823e-01 1.2175638e-04] [9.9990267e-01 9.7329015e-05] [0.84773684 0.1522632 ] [0.966628   0.03337197] [0.99518937 0.00481065] [0.9357812  0.06421881] [0.5825401 0.4174599] [9.993405e-01 6.595546e-04] [0.9361355  0.06386453] [0.65025246 0.34974754] [0.9891864  0.01081359] [0.81274635 0.18725367] [9.415746e-04 9.990584e-01] [0.00205582 0.9979442 ] [0.63512975 0.36487025] [9.9929124e-01 7.0872961e-04] [8.3494186e-04 9.9916506e-01] [0.9966716  0.00332838] [9.9993634e-01 6.3656873e-05] [0.01509595 0.98490405] [0.00125146 0.99874854] [9.9999499e-01 4.9979003e-06] [0.99763405 0.00236595] [9.995902e-01 4.098096e-04] [9.999639e-01 3.614538e-05] [0.00172639 0.9982736 ] [0.97140485 0.02859512] [0.97453654 0.02546349] [0.7818342  0.21816581] [0.9853133  0.01468671] [0.99315315 0.00684683] [0.01342762 0.9865724 ] [0.992194   0.00780601] [0.24394834 0.75605166] [0.6258688  0.37413117] [0.9610672  0.03893277] [0.05745053 0.94254947] [0.42944378 0.5705562 ] [0.9934581 0.0065419] [0.9988487  0.00115132] [0.4342147 0.5657853] [9.9974442e-01 2.5556088e-04] [9.9918163e-01 8.1838033e-04] [0.97189784 0.02810215] [0.981535   0.01846499] [0.96542275 0.03457725] [0.9981557 0.0018443] [0.02909595 0.97090405] [0.03480446 0.96519554] [0.693125   0.30687496] [0.9409913  0.05900871] [9.999106e-01 8.938496e-05] [0.9975927  0.00240732] [0.9973245  0.00267545] [0.99644804 0.00355199] [0.51061493 0.48938507] [0.9755873  0.02441272] [0.08721632 0.9127837 ] [9.99880135e-01 1.19877746e-04] [0.75217605 0.24782392] [0.96909213 0.03090784] [9.9991894e-01 8.1039783e-05] [0.04480177 0.9551982 ] [0.9988502  0.00114979] [0.98268515 0.01731482] [0.7376325  0.26236752] [0.99785465 0.00214535] [9.9996835e-01 3.1668238e-05] [0.997994   0.00200599] [0.0500012 0.9499988] [0.99420977 0.00579025] [0.98542565 0.01457435] [0.9974471  0.00255295] [0.58661383 0.41338617] [0.9965287  0.00347133] [0.99694365 0.00305633] [0.9672396 0.0327604],0 1 1 0 0 0 0 1 0 0 0 0 0 1 1 0 0 0 1 0 0 0 1 1 0 0 0 0 0 0 0 0 1 0 0 0 1 0 0 1 0 0 1 0 0 0 0 0 0 0 1 0 1 1 1 1 0 0 0 0 0 1 0 0 0 0 1 1 1 1 0 0 0 1 1 0 1 0 0 0 0 0 0 0 0 0 1 1 1 1 1 1 1 1 0 0 0 1 0 1 0 0 1 0 0 0 1 0 1 1 0 0 0 1 0 1 0 1 0 0 0 0 0 1 1 0 0 0 0 0 0 0 0 1 0 0 1 1 0 1 0 1 1 0 0 0 1 1 0 0 1 1 0 0
46921,1,xgboost,0.25,50,50,0.7272727272727273,0.7657407407407407,[0.18310851 0.8168915 ] [0.99754083 0.00245918] [0.99798316 0.00201683] [0.0152176 0.9847824] [0.9667865  0.03321351] [0.99801284 0.00198715] [0.00928122 0.9907188 ] [9.9914080e-01 8.5919286e-04] [0.47002262 0.5299774 ] [0.01178879 0.9882112 ] [0.90343153 0.09656849] [0.9730043  0.02699569] [0.635479   0.36452106] [0.05390728 0.9460927 ] [9.9919903e-01 8.0094062e-04] [0.7581085  0.24189149] [0.984602   0.01539803] [0.99819434 0.00180566] [0.0097689 0.9902311] [0.95159036 0.04840964] [0.89216685 0.10783312] [9.9954873e-01 4.5127320e-04] [0.9975589  0.00244111] [0.00168788 0.9983121 ] [0.99883735 0.00116264] [0.327604 0.672396] [0.9360626  0.06393743] [0.17399383 0.8260062 ] [0.3934732 0.6065268] [0.00212812 0.9978719 ] [0.00377762 0.9962224 ] [0.01569343 0.9843066 ] [0.98794156 0.01205844] [9.9995345e-01 4.6579109e-05] [0.98284495 0.01715504] [0.9971203  0.00287966] [0.9541074  0.04589259] [0.84873307 0.15126695] [0.4920745 0.5079255] [0.97212607 0.02787391] [0.48079944 0.51920056] [0.13140923 0.8685908 ] [0.95242745 0.04757253] [0.00353432 0.9964657 ] [0.99066854 0.00933145] [0.92390746 0.07609253] [0.94867593 0.0513241 ] [9.9982935e-01 1.7063213e-04] [0.97700447 0.02299552] [0.99469703 0.00530299] [0.9762461  0.02375388] [9.9959260e-01 4.0741052e-04] [0.99646246 0.00353753] [0.9973786 0.0026214] [9.9953347e-01 4.6654174e-04] [0.0015893 0.9984107] [0.91152227 0.08847772] [0.9263891  0.07361087] [0.95322436 0.04677566] [0.9917147  0.00828529] [0.15169108 0.8483089 ] [0.8384642 0.1615358] [0.96505004 0.03494998] [0.05593526 0.94406474] [0.67976767 0.32023233] [0.10990572 0.8900943 ] [0.9846716  0.01532842] [9.9946523e-01 5.3479325e-04] [0.9547816 0.0452184] [0.01523536 0.98476464] [9.9978775e-01 2.1223655e-04] [0.7006965  0.29930347] [0.90132403 0.09867597] [0.9836231  0.01637693] [0.03706205 0.96293795] [0.99513656 0.00486346] [0.9842868  0.01571322] [0.9984137  0.00158634] [9.9973029e-01 2.6969507e-04] [0.96293265 0.03706735] [0.0742982 0.9257018] [0.49100465 0.50899535] [0.963392   0.03660795] [0.8323887 0.1676113] [0.43823195 0.56176805] [0.53633773 0.4636623 ] [0.95231646 0.04768355] [0.45470315 0.54529685] [0.9933729  0.00662708] [0.7480227  0.25197732] [0.9659537  0.03404632] [0.12799156 0.87200844] [0.9942049 0.0057951] [0.9735421  0.02645793] [9.9982655e-01 1.7347730e-04] [0.7520125  0.24798751] [0.9370719  0.06292808] [0.9819511  0.01804889] [0.98667604 0.01332398] [0.9790448 0.0209552] [0.34091806 0.65908194] [0.9962216  0.00377841] [0.00913531 0.9908647 ] [0.35853755 0.64146245] [0.9486539  0.05134613] [0.8921869  0.10781315] [0.99580973 0.00419024] [0.99841905 0.00158096] [4.7528744e-04 9.9952471e-01] [0.99718463 0.00281536] [0.04264051 0.9573595 ] [0.9262041  0.07379592] [0.93256974 0.06743027] [0.9045136  0.09548642] [0.00781769 0.9921823 ] [0.9932299  0.00677006] [0.96267754 0.03732244] [0.27246982 0.7275302 ] [0.9422806  0.05771942] [9.999324e-01 6.760050e-05] [9.9925905e-01 7.4092101e-04] [0.98927504 0.01072495] [0.9164284  0.08357162] [0.27901322 0.7209868 ] [0.97730666 0.02269335] [0.07380104 0.92619896] [9.9947447e-01 5.2555406e-04] [9.9992710e-01 7.2923496e-05] [0.96688133 0.03311865] [0.98975205 0.01024797] [0.01158988 0.9884101 ] [0.7823816 0.2176184] [0.07063729 0.9293627 ] [9.990311e-01 9.688691e-04] [0.32756078 0.6724392 ] [0.6754099 0.3245901] [0.99655366 0.00344632] [0.95110166 0.04889831] [0.99827933 0.00172068] [9.994917e-01 5.083319e-04] [0.96032006 0.03967992] [0.04503143 0.9549686 ] [0.00580686 0.99419314] [9.9954015e-01 4.5982943e-04] [0.04222745 0.95777255] [9.9988079e-01 1.1920827e-04] [0.9950006 0.0049994] [9.9981135e-01 1.8862095e-04] [9.995000e-01 5.000069e-04] [9.9929875e-01 7.0124184e-04] [0.9573536  0.04264638] [0.9662849  0.03371513] [9.995076e-01 4.924041e-04] [0.6749798  0.32502016],1 0 0 1 0 0 1 1 1 1 1 0 1 1 0 0 1 0 1 0 0 0 1 1 0 1 0 0 1 1 1 1 0 0 0 0 0 0 0 0 1 0 0 1 0 1 1 0 0 0 0 0 1 0 0 0 0 0 1 0 1 0 0 1 0 0 0 1 0 1 0 0 1 0 0 0 0 0 0 1 0 0 1 0 0 0 0 1 0 0 1 0 0 0 0 1 0 0 0 0 0 0 1 0 0 0 1 0 0 1 0 1 0 1 1 1 0 0 0 0 0 0 0 1 0 1 0 0 1 1 1 1 1 0 0 1 0 1 0 0 0 1 1 0 1 0 0 0 0 0 0 0 0 1
46921,2,xgboost,0.25,50,50,0.7272727272727273,0.7687037037037038,[0.67148674 0.32851326] [0.138367 0.861633] [0.9938921  0.00610794] [0.8840929 0.1159071] [9.9979019e-01 2.0978367e-04] [0.02733052 0.9726695 ] [0.8050268  0.19497316] [0.9973744 0.0026256] [0.0013386 0.9986614] [0.60718524 0.39281473] [0.6665119 0.3334881] [0.36887187 0.63112813] [9.9906719e-01 9.3281816e-04] [9.9906963e-01 9.3039719e-04] [0.01341635 0.98658365] [0.37616825 0.62383175] [9.9974924e-01 2.5074987e-04] [0.985703   0.01429699] [0.9950794  0.00492061] [0.2588147 0.7411853] [0.02647579 0.9735242 ] [0.8724425 0.1275575] [0.00959504 0.99040496] [0.9972692 0.0027308] [0.7289422  0.27105778] [9.9996454e-01 3.5478723e-05] [0.9978539  0.00214611] [0.01597887 0.9840211 ] [9.9975836e-01 2.4163102e-04] [9.9985313e-01 1.4683690e-04] [0.01488799 0.985112  ] [8.059144e-04 9.991941e-01] [0.68386406 0.31613594] [0.9854819  0.01451806] [0.96302927 0.0369707 ] [9.9984694e-01 1.5307075e-04] [0.9590153  0.04098472] [0.3943768 0.6056232] [0.9177176 0.0822824] [9.9996030e-01 3.9700062e-05] [9.9995375e-01 4.6249977e-05] [9.999301e-01 6.991082e-05] [0.42177445 0.57822555] [0.93380165 0.06619837] [0.01643831 0.9835617 ] [0.8418449  0.15815511] [0.92050713 0.07949287] [0.9821395  0.01786045] [0.96315163 0.03684835] [0.4488684 0.5511316] [0.05539387 0.9446061 ] [0.9614308  0.03856922] [0.08089668 0.9191033 ] [9.994739e-01 5.260958e-04] [0.97391045 0.02608954] [9.9988228e-01 1.1771439e-04] [0.1537469 0.8462531] [0.93286836 0.06713162] [9.990317e-01 9.682887e-04] [0.52999204 0.47000796] [0.41596133 0.5840387 ] [0.04122841 0.9587716 ] [0.8389157 0.1610843] [0.97900975 0.02099026] [0.8877083  0.11229167] [9.9978471e-01 2.1527367e-04] [0.00770545 0.99229455] [0.9554087  0.04459132] [0.9951688 0.0048312] [0.16318178 0.8368182 ] [0.88709456 0.11290544] [0.00686419 0.9931358 ] [0.00636882 0.9936312 ] [0.9807329  0.01926709] [0.01159841 0.9884016 ] [0.96397656 0.03602341] [0.99895614 0.00104385] [0.7826872  0.21731284] [0.64789593 0.3521041 ] [0.99272424 0.00727576] [9.9955261e-01 4.4737745e-04] [0.00135988 0.9986401 ] [0.72110033 0.27889964] [9.9985129e-01 1.4873633e-04] [0.04232091 0.9576791 ] [0.98520166 0.01479832] [0.9979177  0.00208229] [0.99769074 0.00230925] [9.9972183e-01 2.7819083e-04] [0.36858398 0.631416  ] [0.99233836 0.00766162] [0.9254787  0.07452127] [0.03752518 0.9624748 ] [0.99089515 0.00910487] [0.27660686 0.72339314] [0.07649213 0.92350787] [0.00497973 0.9950203 ] [0.45717365 0.54282635] [9.9985075e-01 1.4927283e-04] [0.08667958 0.9133204 ] [0.9637354  0.03626462] [0.9542392 0.0457608] [0.10962838 0.8903716 ] [0.01473641 0.9852636 ] [0.99108285 0.00891715] [0.556352   0.44364798] [0.97299224 0.02700777] [9.9960738e-01 3.9263442e-04] [0.96334374 0.03665625] [9.9992782e-01 7.2188705e-05] [0.7464851  0.25351492] [0.22918677 0.7708132 ] [0.9598468  0.04015321] [0.98496425 0.01503573] [0.02755469 0.9724453 ] [0.7360397 0.2639603] [0.92262    0.07737998] [0.98569566 0.01430435] [9.9960619e-01 3.9380227e-04] [0.03848231 0.9615177 ] [0.99063736 0.00936263] [0.9964061  0.00359394] [0.8180076  0.18199238] [0.9876947  0.01230532] [0.91452795 0.08547205] [0.00202054 0.99797946] [0.41592634 0.58407366] [0.8978147 0.1021853] [0.01553231 0.9844677 ] [0.9983119  0.00168815] [0.6202564  0.37974355] [0.8512473  0.14875267] [0.9636662  0.03633381] [0.0360561 0.9639439] [0.9972914  0.00270861] [9.9981993e-01 1.8006218e-04] [0.3875811 0.6124189] [0.05117065 0.94882935] [0.960174   0.03982598] [0.99893415 0.00106584] [0.06746089 0.9325391 ] [0.96508276 0.03491725] [0.98781645 0.01218356] [0.99303275 0.00696726] [0.931853 0.068147] [0.7256341  0.27436593] [0.9762831  0.02371695] [0.93301845 0.06698154] [0.98842645 0.01157354] [0.42455888 0.5754411 ] [0.38473862 0.6152614 ] [0.86776125 0.13223872] [0.2931115 0.7068885] [0.8986937  0.10130633],1 0 1 0 0 1 1 0 0 1 0 0 0 0 1 1 0 1 0 1 1 0 1 0 0 0 1 0 0 0 0 1 0 0 1 0 1 0 0 0 0 0 1 1 1 0 0 0 0 0 1 0 0 0 0 0 0 0 0 0 1 1 0 0 0 0 1 0 1 0 0 1 1 0 0 1 0 0 1 0 0 1 1 1 1 0 0 0 0 1 0 0 1 0 1 1 1 1 0 0 0 0 0 1 0 0 0 0 0 0 0 0 0 1 0 1 0 0 0 0 0 0 0 0 0 1 0 1 1 0 1 1 1 1 0 0 1 0 0 0 1 0 1 0 0 0 0 1 0 1 1 0 0 1
46921,3,xgboost,0.25,50,50,0.738562091503268,0.7441509433962264,[0.357126 0.642874] [9.9929875e-01 7.0122379e-04] [0.9892266  0.01077341] [0.9982238  0.00177624] [0.99808294 0.00191704] [0.04156184 0.95843816] [0.954305   0.04569502] [0.9925816  0.00741837] [0.27931064 0.72068936] [0.28880787 0.71119213] [0.98881924 0.01118076] [9.9919134e-01 8.0863014e-04] [0.94346416 0.05653587] [9.9950838e-01 4.9159065e-04] [0.9960003  0.00399969] [0.9928452  0.00715483] [0.9963069  0.00369312] [0.42711395 0.57288605] [0.03151661 0.9684834 ] [0.78275895 0.21724102] [9.9916673e-01 8.3326444e-04] [0.99888223 0.00111777] [0.36269456 0.63730544] [0.645694   0.35430595] [0.99299985 0.00700016] [0.00196439 0.9980356 ] [0.8599086  0.14009145] [0.00153023 0.99846977] [0.988788   0.01121199] [9.990814e-01 9.186136e-04] [0.9969308  0.00306921] [0.9660275  0.03397253] [0.9352214  0.06477865] [0.90328467 0.09671534] [0.0517422 0.9482578] [0.9464147  0.05358529] [9.994233e-01 5.766706e-04] [0.07937205 0.92062795] [0.01292306 0.98707694] [0.9811086 0.0188914] [0.95483303 0.045167  ] [0.78479564 0.21520433] [0.967558   0.03244198] [9.9948174e-01 5.1823282e-04] [0.99532485 0.00467515] [0.7486285  0.25137153] [0.21069384 0.78930616] [0.89511865 0.10488135] [0.99777627 0.00222376] [9.991117e-01 8.882957e-04] [0.9971154  0.00288461] [0.9967624  0.00323759] [0.9972457  0.00275427] [0.9935209  0.00647911] [0.8041964  0.19580358] [0.7328312  0.26716882] [0.6408793  0.35912073] [0.6444738 0.3555262] [0.08151561 0.9184844 ] [0.8571766  0.14282338] [0.4072461 0.5927539] [0.9974752  0.00252481] [9.9983960e-01 1.6039526e-04] [9.9975538e-01 2.4463597e-04] [9.9901175e-01 9.8821823e-04] [0.9761641  0.02383588] [0.33456427 0.66543573] [0.9260764  0.07392357] [0.18851191 0.8114881 ] [0.9944885  0.00551153] [9.9909633e-01 9.0364390e-04] [0.0545854 0.9454146] [7.4630976e-04 9.9925369e-01] [0.87516636 0.12483366] [0.98160547 0.01839454] [9.9995393e-01 4.6080266e-05] [0.93666124 0.06333873] [0.13985568 0.8601443 ] [9.9998963e-01 1.0398943e-05] [0.01056558 0.9894344 ] [0.24557424 0.75442576] [0.9670368  0.03296322] [0.9988571  0.00114291] [0.9924375  0.00756249] [0.85990536 0.14009465] [0.02767676 0.97232324] [0.9081074  0.09189261] [9.99884069e-01 1.15928735e-04] [0.00155824 0.99844176] [0.06322777 0.9367722 ] [9.9931711e-01 6.8287406e-04] [0.5405464  0.45945358] [0.7381534 0.2618466] [0.62711245 0.37288755] [0.8725866  0.12741339] [0.99151313 0.00848688] [0.9383044  0.06169556] [0.96071154 0.03928848] [0.97154516 0.02845484] [0.98749465 0.01250532] [0.7410397 0.2589603] [0.01955938 0.9804406 ] [0.98865235 0.01134766] [0.364689 0.635311] [0.64074343 0.35925657] [0.08746278 0.9125372 ] [0.780644   0.21935599] [0.22100961 0.7789904 ] [0.5064378  0.49356222] [0.632573 0.367427] [0.99768096 0.00231905] [0.91234106 0.08765894] [0.00772339 0.9922766 ] [0.9904658 0.0095342] [0.82188225 0.17811777] [0.98808014 0.01191988] [0.7217058 0.2782942] [0.9971298  0.00287022] [0.03803039 0.9619696 ] [0.2718562 0.7281438] [0.04311508 0.9568849 ] [0.76430064 0.23569936] [0.9712472  0.02875283] [0.8879127  0.11208732] [0.90928435 0.09071564] [0.8779224 0.1220776] [0.9847049  0.01529508] [0.1448096 0.8551904] [0.9929936  0.00700638] [9.9916577e-01 8.3421223e-04] [0.5409392  0.45906076] [0.02329463 0.9767054 ] [0.94635725 0.05364274] [0.3748213 0.6251787] [0.990474   0.00952601] [0.99637693 0.00362306] [0.99776524 0.00223478] [0.9423248 0.0576752] [0.8172903 0.1827097] [0.8870075 0.1129925] [0.61658335 0.38341668] [0.9712243 0.0287757] [0.9453775  0.05462246] [0.76342016 0.23657984] [0.9852297  0.01477032] [0.9146411  0.08535891] [0.8039711  0.19602887] [0.71458304 0.28541696] [0.98715216 0.01284783] [0.9943111  0.00568891] [0.9723785  0.02762153] [0.06685859 0.9331414 ] [9.9980438e-01 1.9563925e-04],0 1 1 0 1 1 0 0 1 1 0 0 0 0 0 0 0 1 0 1 1 1 1 1 0 1 0 0 0 0 0 1 0 0 1 0 0 0 1 0 0 0 0 0 0 0 1 0 1 0 0 0 0 0 1 0 1 0 1 0 1 0 0 0 0 0 0 0 1 0 0 0 1 0 0 0 0 1 0 1 1 1 0 0 0 0 1 0 1 1 0 0 0 0 0 0 1 1 0 0 1 0 0 0 0 0 0 1 1 1 0 1 1 0 0 0 1 0 1 1 1 0 0 1 0 0 1 1 0 0 0 1 0 0 0 0 0 0 1 0 0 1 1 0 0 1 0 1 0 1 0 0 0
46921,4,xgboost,0.25,50,50,0.6862745098039216,0.7464150943396226,[0.863407   0.13659298] [0.9967178  0.00328219] [0.00402611 0.9959739 ] [0.01082343 0.9891766 ] [0.9895849 0.0104151] [0.29643196 0.70356804] [9.9908340e-01 9.1661664e-04] [0.8922374  0.10776257] [9.9962467e-01 3.7533516e-04] [0.9935283  0.00647169] [0.00684857 0.9931514 ] [0.896818 0.103182] [0.9899662  0.01003377] [0.99291945 0.00708055] [0.99147725 0.00852278] [0.9668809 0.0331191] [0.9085535 0.0914465] [0.06291163 0.9370884 ] [0.6235268  0.37647322] [0.97155833 0.02844167] [9.9973488e-01 2.6510362e-04] [0.02194595 0.97805405] [0.9942512  0.00574882] [0.08253193 0.9174681 ] [0.87699395 0.12300605] [0.04374981 0.9562502 ] [0.07886952 0.9211305 ] [0.99745685 0.00254314] [0.9762552  0.02374482] [0.01026767 0.9897323 ] [0.9925727  0.00742726] [0.99447274 0.00552728] [0.04546374 0.95453626] [0.9977785  0.00222152] [0.89984804 0.10015193] [0.6826334  0.31736657] [9.9988836e-01 1.1166554e-04] [0.99801177 0.00198822] [0.99805456 0.00194541] [0.9969633  0.00303666] [0.96543014 0.03456985] [0.9305824  0.06941757] [0.9723218  0.02767821] [0.97440076 0.02559926] [9.9906307e-01 9.3692885e-04] [0.9976607  0.00233931] [0.90364134 0.09635863] [0.25407052 0.7459295 ] [0.9885654 0.0114346] [0.9302317  0.06976831] [0.92462283 0.07537717] [0.11746722 0.8825328 ] [0.0061965 0.9938035] [0.02147537 0.9785246 ] [0.00184977 0.9981502 ] [0.46416813 0.53583187] [0.00186723 0.99813277] [0.9766676  0.02333244] [0.9965401  0.00345987] [9.9975085e-01 2.4915248e-04] [0.9847846  0.01521539] [0.8145683  0.18543172] [0.93460274 0.06539728] [9.9975902e-01 2.4100726e-04] [0.6776861  0.32231387] [0.98225033 0.01774964] [9.9929607e-01 7.0390134e-04] [0.35982054 0.64017946] [0.73508316 0.26491684] [9.9946177e-01 5.3820672e-04] [0.995704 0.004296] [0.18381733 0.8161827 ] [0.0011524 0.9988476] [0.05172902 0.948271  ] [9.9957216e-01 4.2781839e-04] [0.9603459  0.03965409] [0.75992453 0.24007548] [0.00448412 0.9955159 ] [0.2370174 0.7629826] [0.3759184 0.6240816] [0.39584237 0.6041576 ] [0.00932169 0.9906783 ] [0.9989039  0.00109612] [0.95872474 0.04127527] [0.8164255 0.1835745] [9.9917889e-01 8.2113926e-04] [0.01387435 0.98612565] [0.12296844 0.87703156] [0.99590665 0.00409332] [0.9689914  0.03100863] [0.925193   0.07480701] [0.9027489  0.09725112] [0.08172506 0.91827494] [0.5922759  0.40772408] [0.06390935 0.93609065] [0.06796807 0.9320319 ] [0.975879   0.02412096] [0.709815 0.290185] [0.8787948  0.12120519] [0.98989546 0.01010456] [9.9957019e-01 4.2981442e-04] [9.9968165e-01 3.1834655e-04] [0.14838076 0.85161924] [0.9958388  0.00416115] [0.75511146 0.24488857] [0.9987106  0.00128945] [0.5144546  0.48554537] [0.90165687 0.09834312] [0.9964657  0.00353431] [0.9948723  0.00512775] [0.7967416 0.2032584] [0.9922484  0.00775157] [0.9393621  0.06063788] [0.10109562 0.8989044 ] [0.1251893 0.8748107] [0.23396474 0.76603526] [9.9907994e-01 9.2005631e-04] [0.9346944  0.06530557] [0.61678493 0.38321504] [0.9980704  0.00192959] [9.9993455e-01 6.5446911e-05] [0.99181235 0.00818766] [0.067303 0.932697] [0.871583   0.12841702] [0.97808444 0.02191554] [0.9957459  0.00425411] [0.5393883  0.46061167] [0.6467375  0.35326248] [0.06128615 0.93871385] [0.25727183 0.7427282 ] [9.9999344e-01 6.5434633e-06] [0.6779412  0.32205877] [0.7447758  0.25522426] [0.5587419 0.4412581] [0.35714948 0.6428505 ] [9.991696e-01 8.303943e-04] [0.9986328  0.00136723] [0.9962759 0.0037241] [0.00597429 0.9940257 ] [0.8872807  0.11271932] [9.9911678e-01 8.8320917e-04] [0.89693177 0.10306824] [0.9801851  0.01981489] [0.9346117  0.06538829] [9.9919355e-01 8.0642320e-04] [0.10428494 0.89571506] [0.01676559 0.9832344 ] [9.995063e-01 4.937029e-04] [0.7452868 0.2547132] [0.9924558  0.00754423] [0.99554914 0.00445086] [0.934297 0.065703] [0.75255936 0.24744062],1 0 1 1 0 1 0 0 0 0 1 1 0 0 0 0 0 0 1 0 0 1 0 0 0 1 1 0 0 0 0 0 1 0 1 1 0 0 1 0 1 1 0 0 0 0 1 1 0 0 0 0 1 0 0 1 1 0 1 0 1 0 1 0 1 0 0 0 1 0 1 1 1 0 0 0 1 1 1 0 0 0 0 0 0 1 1 1 0 0 1 0 1 0 0 0 0 0 1 0 0 0 1 0 0 1 0 0 0 0 1 0 0 1 0 0 0 0 0 1 0 0 0 1 0 0 1 1 1 0 0 0 0 1 0 0 0 0 1 0 0 0 1 0 0 0 1 0 1 0 0 1 0
46921,0,xgboost,0.25,500,500,0.7337662337662337,0.7922222222222222,[0.4626974 0.5373026] [0.00254363 0.9974564 ] [0.00278294 0.99721706] [0.9943731  0.00562691] [0.5464163  0.45358375] [0.30912614 0.69087386] [0.9643875  0.03561253] [0.9584666  0.04153342] [0.99105686 0.00894317] [0.9943507  0.00564934] [0.82122034 0.17877968] [0.2567674 0.7432326] [0.36474156 0.63525844] [0.00153446 0.99846554] [0.18492633 0.81507367] [0.00259995 0.99740005] [0.99813116 0.00186884] [9.9992967e-01 7.0332499e-05] [0.78423935 0.21576063] [0.03036028 0.9696397 ] [0.9276505  0.07234947] [0.73030293 0.2696971 ] [0.00328684 0.99671316] [0.9561112 0.0438888] [9.991349e-01 8.650849e-04] [0.9826135  0.01738651] [0.9862882  0.01371181] [0.9538159  0.04618415] [9.9906087e-01 9.3916059e-04] [0.00790977 0.9920902 ] [0.27840376 0.72159624] [0.9964168  0.00358318] [9.3454123e-04 9.9906546e-01] [0.9199245  0.08007549] [9.9960840e-01 3.9161168e-04] [9.9998754e-01 1.2467371e-05] [0.8207445  0.17925547] [0.98998004 0.01001998] [0.8159729  0.18402706] [0.00229084 0.99770916] [0.03243709 0.9675629 ] [9.9926865e-01 7.3137373e-04] [0.19862586 0.80137414] [0.9943268  0.00567322] [9.9966121e-01 3.3880028e-04] [0.97901475 0.02098522] [9.9929315e-01 7.0685975e-04] [9.9955308e-01 4.4689223e-04] [0.9981351  0.00186492] [0.96119547 0.03880452] [0.99822515 0.00177482] [9.9991035e-01 8.9630004e-05] [0.05814308 0.9418569 ] [0.82373786 0.17626213] [0.92465323 0.07534675] [0.08603865 0.91396135] [9.9961245e-01 3.8754815e-04] [0.7219465  0.27805355] [0.9711315  0.02886849] [9.9945277e-01 5.4723379e-04] [0.99833554 0.00166443] [8.8924170e-04 9.9911076e-01] [0.9910298  0.00897017] [0.6375076  0.36249238] [0.99888057 0.00111944] [0.96802074 0.03197929] [0.06361604 0.93638396] [0.23549265 0.76450735] [0.80628645 0.19371355] [0.995792   0.00420805] [0.9894963  0.01050368] [7.6353550e-04 9.9923646e-01] [0.9805337  0.01946629] [0.29677135 0.70322865] [0.9167007  0.08329928] [0.98771083 0.01228918] [0.5055162  0.49448386] [0.76934355 0.23065646] [0.99235946 0.00764057] [0.9457387  0.05426135] [0.982258 0.017742] [0.9942747  0.00572531] [9.9944085e-01 5.5917801e-04] [9.9948925e-01 5.1072991e-04] [9.9957740e-01 4.2258538e-04] [0.98804533 0.01195468] [0.6710164 0.3289836] [0.9400787  0.05992133] [0.14468116 0.85531884] [0.19052517 0.8094748 ] [0.31002694 0.68997306] [0.9530306  0.04696941] [0.9664337  0.03356628] [0.07848424 0.92151576] [9.990232e-01 9.768165e-04] [0.99896616 0.00103387] [0.7671639  0.23283616] [0.01725537 0.98274463] [9.997352e-01 2.648366e-04] [0.997557   0.00244304] [0.9989302  0.00106978] [0.9928764  0.00712357] [0.01343328 0.9865667 ] [0.68709064 0.31290936] [0.97500026 0.02499971] [0.5015937  0.49840632] [0.9412745  0.05872548] [9.997125e-01 2.874531e-04] [0.14361525 0.85638475] [0.9951637 0.0048363] [0.1580283 0.8419717] [0.6338029  0.36619714] [0.99849457 0.00150543] [0.8935352  0.10646478] [0.66174424 0.3382558 ] [0.44435346 0.55564654] [9.991694e-01 8.305981e-04] [0.27155083 0.72844917] [9.991041e-01 8.959225e-04] [0.23720258 0.7627974 ] [0.9981916  0.00180843] [0.58841    0.41158995] [0.96065325 0.03934673] [0.99719834 0.00280167] [0.00412345 0.99587655] [0.1768446 0.8231554] [9.9980527e-01 1.9470153e-04] [0.8845564  0.11544359] [9.9942642e-01 5.7356525e-04] [0.3217988 0.6782012] [0.99839956 0.00160044] [0.91895115 0.08104885] [0.15110648 0.8488935 ] [0.8876966  0.11230335] [0.57311296 0.42688704] [0.99893826 0.00106171] [0.00528884 0.99471116] [0.07789773 0.9221023 ] [0.99433386 0.00566612] [0.04481399 0.955186  ] [0.97319305 0.02680696] [0.9982305 0.0017695] [0.51213    0.48786998] [0.9922162  0.00778375] [9.9974179e-01 2.5822027e-04] [0.99770814 0.00229188] [0.5253501  0.47464994] [0.96637213 0.03362789] [9.9918360e-01 8.1642333e-04] [0.9981746 0.0018254] [0.05758905 0.94241095] [0.9812523  0.01874766] [9.9995321e-01 4.6774923e-05] [0.9892287  0.01077126],0 1 1 0 0 0 0 1 0 0 0 0 0 1 1 0 0 0 1 0 0 0 1 1 0 0 0 0 0 0 0 0 1 0 0 0 1 0 0 1 0 0 1 0 0 0 0 0 0 0 1 0 1 1 1 1 0 0 0 0 0 1 0 0 0 0 1 1 1 1 0 0 0 1 1 0 1 0 0 0 0 0 0 0 0 0 1 1 1 1 1 1 1 1 0 0 0 1 0 1 0 0 1 0 0 0 1 0 1 1 0 0 0 1 0 1 0 1 0 0 0 0 0 1 1 0 0 0 0 0 0 0 0 1 0 0 1 1 0 1 0 1 1 0 0 0 1 1 0 0 1 1 0 0
46921,1,xgboost,0.25,500,500,0.7662337662337663,0.8038888888888889,[0.91009593 0.08990409] [0.51425576 0.4857442 ] [0.97000694 0.02999306] [0.29572868 0.7042713 ] [0.98525333 0.01474664] [0.99815106 0.00184896] [0.03915209 0.9608479 ] [0.99137115 0.00862884] [0.48094565 0.51905435] [0.01206994 0.98793006] [0.47978097 0.520219  ] [0.99431294 0.00568707] [0.9969142  0.00308581] [0.05731434 0.94268566] [9.99889255e-01 1.10716384e-04] [0.12594074 0.87405926] [0.96392244 0.03607759] [0.99899083 0.00100916] [0.08475125 0.91524875] [9.9989212e-01 1.0787002e-04] [0.74318385 0.25681612] [0.97923106 0.02076891] [0.7388728  0.26112717] [0.01202315 0.98797685] [0.9975649  0.00243509] [3.2043457e-04 9.9967957e-01] [0.81567425 0.18432577] [0.9189571  0.08104288] [0.85181415 0.14818588] [0.11891365 0.88108635] [0.01099229 0.9890077 ] [5.5009127e-04 9.9944991e-01] [0.88775885 0.11224113] [0.9986371 0.0013629] [0.9776292 0.0223708] [0.88808346 0.11191651] [0.99167466 0.00832535] [0.9602035  0.03979646] [0.36511862 0.6348814 ] [9.9949223e-01 5.0776213e-04] [0.9973348  0.00266524] [0.31096965 0.68903035] [0.9200152  0.07998481] [0.9797542  0.02024581] [0.9980971  0.00190287] [0.01490891 0.9850911 ] [0.53623664 0.4637634 ] [9.9994725e-01 5.2775027e-05] [0.91368955 0.08631047] [0.9988482  0.00115183] [0.645386 0.354614] [9.9994183e-01 5.8198344e-05] [0.9732731  0.02672688] [0.9987918  0.00120817] [9.9956357e-01 4.3642384e-04] [0.00730717 0.9926928 ] [0.95761365 0.04238635] [0.6403023 0.3596977] [0.89968705 0.10031298] [0.9841605  0.01583953] [0.96932524 0.03067477] [0.9608269  0.03917314] [0.2809062 0.7190938] [0.82127166 0.17872833] [0.97043324 0.02956679] [0.37349284 0.62650716] [9.9997187e-01 2.8151751e-05] [0.40838623 0.59161377] [0.9974061  0.00259386] [0.21410352 0.7858965 ] [0.97894084 0.02105918] [0.9834428  0.01655725] [0.9824028  0.01759719] [0.96831363 0.03168638] [0.6520685 0.3479315] [0.98287654 0.01712346] [9.9966305e-01 3.3697271e-04] [0.99787694 0.00212308] [0.99550146 0.00449855] [0.7452338  0.25476623] [0.00832659 0.9916734 ] [0.9930506  0.00694942] [0.996354   0.00364603] [0.7186287 0.2813713] [0.98242    0.01757998] [0.99753886 0.00246111] [0.9207174  0.07928259] [0.99613947 0.00386055] [9.9946517e-01 5.3481368e-04] [0.12578195 0.87421805] [0.4166401 0.5833599] [0.0227176 0.9772824] [0.9864636 0.0135364] [9.994697e-01 5.302990e-04] [0.9985153  0.00148467] [0.45078605 0.54921395] [0.98464143 0.01535854] [0.49597013 0.50402987] [0.99354935 0.00645063] [0.92786604 0.07213394] [0.81962824 0.18037175] [0.9909988  0.00900117] [0.00475556 0.99524444] [9.99202e-01 7.97995e-04] [0.67192864 0.32807133] [0.9224432 0.0775568] [0.9904971 0.0095029] [0.99802405 0.00197597] [0.02709657 0.97290343] [0.9793192 0.0206808] [0.9340234 0.0659766] [0.92582947 0.07417053] [0.979108   0.02089203] [0.16924411 0.8307559 ] [0.00643909 0.9935609 ] [0.9961086  0.00389142] [0.99414974 0.00585025] [0.97869486 0.02130513] [9.999111e-01 8.887220e-05] [0.9972816  0.00271841] [0.9899704  0.01002959] [0.99881476 0.00118524] [0.99813217 0.00186784] [0.00806582 0.9919342 ] [0.9971276  0.00287241] [0.01666427 0.98333573] [9.993819e-01 6.181296e-04] [9.9961263e-01 3.8735147e-04] [9.990932e-01 9.068306e-04] [0.24385524 0.75614476] [0.00332487 0.99667513] [8.7696314e-04 9.9912304e-01] [0.02801776 0.97198224] [9.9991816e-01 8.1864266e-05] [0.02583385 0.97416615] [0.5807376  0.41926244] [0.9981525  0.00184749] [0.04746568 0.9525343 ] [0.993478   0.00652197] [0.99713385 0.00286618] [0.9986982  0.00130184] [0.084068 0.915932] [0.7261265 0.2738735] [0.9980415 0.0019585] [0.25838828 0.7416117 ] [0.99600214 0.00399788] [9.9998635e-01 1.3627030e-05] [0.9902816  0.00971843] [9.999527e-01 4.734757e-05] [9.9974835e-01 2.5162401e-04] [9.9937218e-01 6.2780315e-04] [9.9960572e-01 3.9427596e-04] [0.97935766 0.02064237] [0.39911276 0.60088724],1 0 0 1 0 0 1 1 1 1 1 0 1 1 0 0 1 0 1 0 0 0 1 1 0 1 0 0 1 1 1 1 0 0 0 0 0 0 0 0 1 0 0 1 0 1 1 0 0 0 0 0 1 0 0 0 0 0 1 0 1 0 0 1 0 0 0 1 0 1 0 0 1 0 0 0 0 0 0 1 0 0 1 0 0 0 0 1 0 0 1 0 0 0 0 1 0 0 0 0 0 0 1 0 0 0 1 0 0 1 0 1 0 1 1 1 0 0 0 0 0 0 0 1 0 1 0 0 1 1 1 1 1 0 0 1 0 1 0 0 0 1 1 0 1 0 0 0 0 0 0 0 0 1
46921,2,xgboost,0.25,500,500,0.7402597402597403,0.7987037037037037,[0.03816849 0.9618315 ] [0.9912326  0.00876745] [0.99636006 0.00363991] [0.89544827 0.10455175] [0.98804206 0.01195794] [0.23556775 0.76443225] [0.9950104 0.0049896] [0.9205229  0.07947709] [0.08271551 0.9172845 ] [0.41154915 0.58845085] [0.99400395 0.00599606] [0.02856821 0.9714318 ] [9.9994719e-01 5.2779964e-05] [0.9985654  0.00143464] [0.05355531 0.9464447 ] [0.00243878 0.9975612 ] [9.9922723e-01 7.7275693e-04] [0.23362797 0.766372  ] [0.99875116 0.00124883] [0.24113613 0.75886387] [0.00826961 0.9917304 ] [0.876889   0.12311102] [0.0210765 0.9789235] [0.9546329 0.0453671] [0.9964353  0.00356474] [9.9991739e-01 8.2593506e-05] [0.99811864 0.00188135] [0.00358766 0.99641234] [0.94461584 0.05538416] [9.9922246e-01 7.7756011e-04] [0.31249714 0.68750286] [9.8109245e-05 9.9990189e-01] [0.2782898 0.7217102] [9.999273e-01 7.269285e-05] [0.99417925 0.00582074] [9.9978465e-01 2.1533261e-04] [0.21696985 0.78303015] [0.99894863 0.00105134] [0.28575033 0.7142497 ] [9.9990630e-01 9.3688526e-05] [0.99631953 0.00368045] [0.98757553 0.01242448] [0.00230604 0.99769396] [0.07256836 0.92743164] [0.00150037 0.99849963] [0.9959272  0.00407278] [0.96636796 0.03363202] [0.99515736 0.00484264] [0.95343965 0.04656035] [0.8085834  0.19141662] [0.01451266 0.98548734] [0.9826532  0.01734678] [0.89633477 0.10366523] [0.9989809  0.00101911] [0.98071325 0.01928673] [0.99800557 0.00199443] [0.82677585 0.17322415] [0.17853719 0.8214628 ] [0.6981759  0.30182412] [0.2440514 0.7559486] [0.81308824 0.18691178] [0.21158403 0.78841597] [0.90499705 0.09500293] [9.9916726e-01 8.3272276e-04] [9.9994045e-01 5.9549315e-05] [9.9982303e-01 1.7693888e-04] [0.02937645 0.97062355] [0.90971345 0.09028654] [0.996482   0.00351799] [0.9956952  0.00430482] [0.18461138 0.8153886 ] [0.02428699 0.975713  ] [0.00119781 0.9988022 ] [0.9031854  0.09681457] [0.00125289 0.9987471 ] [0.5760795  0.42392048] [0.9986567  0.00134332] [0.5888102  0.41118982] [0.7073153 0.2926847] [0.99615914 0.00384086] [9.9976879e-01 2.3118906e-04] [0.00518352 0.9948165 ] [0.96518725 0.03481274] [9.9990934e-01 9.0678048e-05] [0.1674968 0.8325032] [0.9966795  0.00332054] [0.97895336 0.02104661] [0.69164044 0.30835956] [0.89766586 0.10233412] [0.7966901  0.20330991] [0.8681241  0.13187587] [0.731835   0.26816502] [0.9722201  0.02777989] [0.9965015  0.00349849] [0.20913863 0.79086137] [0.15550584 0.84449416] [0.00173008 0.9982699 ] [0.874037   0.12596297] [9.9945635e-01 5.4362509e-04] [0.30535096 0.69464904] [9.9998444e-01 1.5533271e-05] [9.9989003e-01 1.0999838e-04] [0.3218376 0.6781624] [1.9294024e-04 9.9980706e-01] [0.99811965 0.00188032] [0.7041539  0.29584607] [0.41279346 0.58720654] [9.994670e-01 5.329723e-04] [0.993749   0.00625097] [9.9983180e-01 1.6820178e-04] [0.99576354 0.00423646] [0.87725943 0.12274058] [0.9043274  0.09567261] [0.7275749  0.27242512] [0.01140422 0.9885958 ] [0.08935714 0.91064286] [0.9891164  0.01088362] [0.4948815 0.5051185] [0.99652994 0.00347008] [0.3412289 0.6587711] [0.28063238 0.7193676 ] [0.9961891  0.00381087] [0.99644285 0.00355714] [0.9959853  0.00401467] [0.99255055 0.00744944] [5.4246187e-04 9.9945754e-01] [0.09273446 0.90726554] [0.9981592  0.00184076] [0.04747856 0.95252144] [9.999446e-01 5.538911e-05] [0.039042 0.960958] [0.9586756 0.0413244] [0.93177724 0.06822278] [0.43690997 0.56309   ] [0.94543356 0.05456646] [9.9985558e-01 1.4444914e-04] [0.72894883 0.2710512 ] [0.5139756  0.48602438] [9.995611e-01 4.389365e-04] [0.99176437 0.00823566] [0.07516927 0.92483073] [0.88239324 0.11760676] [0.9810965  0.01890348] [9.9914145e-01 8.5852947e-04] [0.41892195 0.58107805] [0.95256436 0.04743565] [0.99242014 0.00757986] [0.51869816 0.48130184] [0.95862687 0.04137312] [0.70766526 0.29233474] [0.03485602 0.965144  ] [0.9986131  0.00138687] [0.9639208  0.03607923] [0.02347678 0.9765232 ],1 0 1 0 0 1 1 0 0 1 0 0 0 0 1 1 0 1 0 1 1 0 1 0 0 0 1 0 0 0 0 1 0 0 1 0 1 0 0 0 0 0 1 1 1 0 0 0 0 0 1 0 0 0 0 0 0 0 0 0 1 1 0 0 0 0 1 0 1 0 0 1 1 0 0 1 0 0 1 0 0 1 1 1 1 0 0 0 0 1 0 0 1 0 1 1 1 1 0 0 0 0 0 1 0 0 0 0 0 0 0 0 0 1 0 1 0 0 0 0 0 0 0 0 0 1 0 1 1 0 1 1 1 1 0 0 1 0 0 0 1 0 1 0 0 0 0 1 0 1 1 0 0 1
46921,3,xgboost,0.25,500,500,0.7516339869281046,0.7839622641509434,[0.9315208  0.06847916] [0.95642304 0.04357697] [0.78394175 0.21605828] [0.9967853  0.00321474] [0.99711204 0.00288795] [0.17006302 0.829937  ] [9.9903524e-01 9.6473331e-04] [0.30452967 0.69547033] [0.02986699 0.970133  ] [0.01808488 0.9819151 ] [0.84070593 0.15929407] [0.9961843  0.00381572] [0.9855074  0.01449258] [9.9974459e-01 2.5542497e-04] [0.99662983 0.00337015] [0.992418   0.00758201] [0.9910403  0.00895968] [0.18965173 0.8103483 ] [0.860646 0.139354] [0.00711799 0.992882  ] [0.9652555  0.03474448] [0.9409942  0.05900582] [0.6453955 0.3546045] [9.9964690e-01 3.5308144e-04] [0.99879616 0.00120381] [0.01694465 0.98305535] [0.99605376 0.00394627] [0.00262296 0.99737704] [0.9974378  0.00256222] [9.9956316e-01 4.3684940e-04] [9.991461e-01 8.539024e-04] [0.74240375 0.25759625] [0.46643245 0.53356755] [0.10209376 0.89790624] [0.17525756 0.82474244] [0.86405754 0.13594247] [0.9962116  0.00378842] [0.38472122 0.6152788 ] [0.31522393 0.68477607] [0.98047054 0.01952944] [0.5589967  0.44100332] [0.9988958  0.00110419] [0.9968636  0.00313642] [0.9916142 0.0083858] [0.98789626 0.01210372] [0.9731943  0.02680571] [0.06241602 0.937584  ] [0.980174 0.019826] [0.9285502  0.07144979] [0.9031676  0.09683236] [0.9987665  0.00123352] [9.9916583e-01 8.3419558e-04] [0.99824375 0.00175626] [0.998446   0.00155399] [0.29415035 0.70584965] [0.7645962  0.23540375] [0.7773287  0.22267124] [0.91209203 0.08790798] [0.0478794 0.9521206] [9.997356e-01 2.644077e-04] [0.9395516 0.0604484] [9.9988711e-01 1.1288314e-04] [9.9917185e-01 8.2816667e-04] [0.86724657 0.13275343] [0.9943953  0.00560469] [0.9764742  0.02352577] [0.3643756 0.6356244] [0.8638898  0.13611016] [0.00517255 0.99482745] [0.99030286 0.00969714] [9.9903315e-01 9.6686149e-04] [0.00260472 0.9973953 ] [0.00406504 0.99593496] [0.7623512 0.2376488] [9.9977160e-01 2.2839363e-04] [0.9690975  0.03090248] [0.98473424 0.01526578] [0.00299901 0.997001  ] [9.9959522e-01 4.0476848e-04] [0.49702895 0.50297105] [0.38983357 0.61016643] [0.84161466 0.15838532] [9.9939007e-01 6.0991914e-04] [0.05531579 0.9446842 ] [0.654956   0.34504402] [0.6355695 0.3644305] [0.96079576 0.03920422] [9.9993938e-01 6.0623068e-05] [0.00572616 0.99427384] [0.03487563 0.96512437] [9.9985605e-01 1.4396221e-04] [0.9844626 0.0155374] [0.8111544  0.18884556] [0.0306468 0.9693532] [0.9697992  0.03020076] [0.6312307  0.36876932] [0.06508857 0.93491143] [0.6776644  0.32233563] [0.11730129 0.8826987 ] [0.9324287 0.0675713] [0.73291314 0.2670869 ] [0.64960396 0.35039607] [0.9989503 0.0010497] [0.2362079 0.7637921] [0.9968673  0.00313272] [0.5698375 0.4301625] [0.6972966 0.3027034] [0.9520987  0.04790128] [0.00621778 0.9937822 ] [0.99788797 0.00211204] [0.9939784  0.00602164] [0.9962838  0.00371616] [0.02624708 0.9737529 ] [0.95491755 0.04508247] [0.9954291  0.00457092] [0.96464896 0.03535107] [0.3442191 0.6557809] [0.7863102  0.21368979] [3.849268e-04 9.996151e-01] [0.47743553 0.5225645 ] [0.01588893 0.9841111 ] [0.70230246 0.29769754] [9.9945915e-01 5.4083654e-04] [0.2414158 0.7585842] [0.8431438  0.15685616] [0.07211542 0.9278846 ] [0.98148423 0.01851575] [0.01952362 0.9804764 ] [9.9941397e-01 5.8601343e-04] [9.9975425e-01 2.4574500e-04] [0.54418707 0.45581293] [0.00341463 0.99658537] [9.9940103e-01 5.9897645e-04] [0.49254304 0.50745696] [0.19345796 0.80654204] [0.971607   0.02839294] [9.9915946e-01 8.4053160e-04] [0.7219484 0.2780516] [0.4508003 0.5491997] [0.473001 0.526999] [0.9851727  0.01482731] [0.04678667 0.95321333] [0.8223927  0.17760728] [0.9409717  0.05902835] [9.998263e-01 1.737009e-04] [0.78920966 0.21079032] [0.59270614 0.40729386] [0.12017608 0.8798239 ] [0.9758381 0.0241619] [0.97899204 0.02100798] [0.99763596 0.00236401] [0.00195801 0.998042  ] [0.9915262  0.00847381],0 1 1 0 1 1 0 0 1 1 0 0 0 0 0 0 0 1 0 1 1 1 1 1 0 1 0 0 0 0 0 1 0 0 1 0 0 0 1 0 0 0 0 0 0 0 1 0 1 0 0 0 0 0 1 0 1 0 1 0 1 0 0 0 0 0 0 0 1 0 0 0 1 0 0 0 0 1 0 1 1 1 0 0 0 0 1 0 1 1 0 0 0 0 0 0 1 1 0 0 1 0 0 0 0 0 0 1 1 1 0 1 1 0 0 0 1 0 1 1 1 0 0 1 0 0 1 1 0 0 0 1 0 0 0 0 0 0 1 0 0 1 1 0 0 1 0 1 0 1 0 0 0
46921,4,xgboost,0.25,500,500,0.7581699346405228,0.7981132075471699,[0.9723007  0.02769932] [0.99664617 0.00335384] [0.15722686 0.84277314] [0.01262438 0.9873756 ] [9.9982226e-01 1.7776157e-04] [0.46312487 0.5368751 ] [0.8781947  0.12180533] [9.9900556e-01 9.9441689e-04] [0.9975462 0.0024538] [0.98801446 0.01198555] [2.0796061e-04 9.9979204e-01] [0.34737957 0.65262043] [0.98331136 0.01668865] [9.9982274e-01 1.7726295e-04] [0.7542782 0.2457218] [0.38535416 0.61464584] [0.9734373 0.0265627] [0.99119985 0.00880013] [0.8288806  0.17111939] [0.74451804 0.25548196] [0.99522454 0.00477544] [0.6801368  0.31986323] [0.5689529 0.4310471] [9.992141e-01 7.858632e-04] [0.49771613 0.5022839 ] [0.6790596 0.3209404] [0.12260568 0.8773943 ] [9.9977404e-01 2.2594459e-04] [0.99571866 0.00428136] [0.06850833 0.9314917 ] [0.9390443  0.06095571] [9.996951e-01 3.048803e-04] [0.89822876 0.10177123] [0.9881224 0.0118776] [0.4797302 0.5202698] [0.02484816 0.97515184] [0.9976137  0.00238627] [0.09070683 0.9092932 ] [0.97230715 0.02769285] [9.9942732e-01 5.7266286e-04] [0.34972525 0.65027475] [0.92955893 0.07044107] [0.9956939  0.00430606] [0.7438562 0.2561438] [0.9684151  0.03158492] [9.9964005e-01 3.5997076e-04] [0.10060292 0.8993971 ] [0.07614768 0.9238523 ] [0.976652   0.02334797] [0.6335107  0.36648932] [9.9958789e-01 4.1212927e-04] [0.99796754 0.00203246] [0.00222355 0.99777645] [0.74723935 0.25276062] [0.96274704 0.03725299] [0.3052206 0.6947794] [0.12417501 0.875825  ] [0.97618055 0.02381946] [0.9865323  0.01346776] [0.99742144 0.00257857] [0.38805366 0.61194634] [0.9095105  0.09048954] [0.66738236 0.33261767] [9.993674e-01 6.325612e-04] [0.8542515  0.14574848] [9.999029e-01 9.709920e-05] [0.98345    0.01654998] [0.61960185 0.38039818] [0.96334565 0.03665438] [0.9275711 0.0724289] [0.98488945 0.01511055] [0.9823437  0.01765635] [0.05864555 0.94135445] [0.98166454 0.01833545] [0.93405086 0.06594916] [0.9715508  0.02844917] [0.8353881  0.16461186] [0.8501339  0.14986609] [0.3617136 0.6382864] [0.97088194 0.02911804] [0.9973486  0.00265141] [0.00537741 0.9946226 ] [0.9945613  0.00543869] [0.9043058  0.09569415] [0.6179538 0.3820462] [0.3222558 0.6777442] [0.22309858 0.7769014 ] [0.05047768 0.9495223 ] [0.99733037 0.00266964] [0.9976676  0.00233237] [0.57810456 0.42189544] [0.05403537 0.94596463] [0.00641364 0.99358636] [0.99362355 0.00637644] [0.96257544 0.03742459] [0.92056245 0.07943756] [0.9233227  0.07667735] [0.99752975 0.00247023] [0.952985   0.04701501] [0.92556155 0.07443844] [9.9973077e-01 2.6923901e-04] [9.9979550e-01 2.0452036e-04] [0.9480563 0.0519437] [0.99732196 0.00267805] [0.9073682  0.09263179] [9.996992e-01 3.008285e-04] [0.98452204 0.01547793] [0.19632685 0.80367315] [0.99824035 0.00175966] [9.996829e-01 3.170898e-04] [0.97413605 0.02586396] [0.565634 0.434366] [9.9948227e-01 5.1771937e-04] [0.99060994 0.00939006] [0.00182045 0.99817955] [2.0760298e-04 9.9979240e-01] [0.9894977  0.01050227] [0.18021846 0.81978154] [0.9921211  0.00787889] [0.84293556 0.15706441] [9.9985754e-01 1.4244734e-04] [0.9927255  0.00727448] [0.08378518 0.9162148 ] [0.20988709 0.7901129 ] [0.9988124  0.00118762] [0.98547024 0.01452976] [0.29278904 0.70721096] [0.2073667 0.7926333] [0.03079093 0.9692091 ] [0.04575318 0.9542468 ] [9.9977934e-01 2.2066296e-04] [0.99702144 0.00297857] [0.9778469  0.02215309] [0.02678287 0.9732171 ] [0.06547296 0.93452704] [9.9967027e-01 3.2971959e-04] [9.9969029e-01 3.0971304e-04] [9.9945194e-01 5.4803921e-04] [0.04909998 0.9509    ] [0.98118484 0.01881518] [0.99046123 0.00953879] [0.56555986 0.43444017] [0.9823316  0.01766841] [0.7449647  0.25503528] [0.9948642 0.0051358] [0.44559383 0.55440617] [0.00832719 0.9916728 ] [9.9933457e-01 6.6541816e-04] [0.01155657 0.98844343] [0.9985324  0.00146759] [0.92472935 0.07527067] [0.03241932 0.9675807 ] [0.9094772  0.09052284],1 0 1 1 0 1 0 0 0 0 1 1 0 0 0 0 0 0 1 0 0 1 0 0 0 1 1 0 0 0 0 0 1 0 1 1 0 0 1 0 1 1 0 0 0 0 1 1 0 0 0 0 1 0 0 1 1 0 1 0 1 0 1 0 1 0 0 0 1 0 1 1 1 0 0 0 1 1 1 0 0 0 0 0 0 1 1 1 0 0 1 0 1 0 0 0 0 0 1 0 0 0 1 0 0 1 0 0 0 0 1 0 0 1 0 0 0 0 0 1 0 0 0 1 0 0 1 1 1 0 0 0 0 1 0 0 0 0 1 0 0 0 1 0 0 0 1 0 1 0 0 1 0
46921,0,xgboost,0.25,2000,2000,0.7337662337662337,0.8031481481481482,[0.00747639 0.9925236 ] [0.00264466 0.99735534] [0.77310556 0.22689444] [0.9648289  0.03517111] [0.78378445 0.21621555] [0.22868252 0.7713175 ] [0.9972885  0.00271148] [0.9879231  0.01207694] [0.99819225 0.00180777] [0.96931374 0.03068626] [0.7430562 0.2569438] [0.9542965  0.04570346] [0.6168972  0.38310274] [8.3315372e-04 9.9916685e-01] [0.38274664 0.61725336] [0.04220831 0.9577917 ] [0.6588846  0.34111542] [9.9993813e-01 6.1879902e-05] [0.0603618 0.9396382] [0.39317888 0.6068211 ] [0.06737465 0.93262535] [0.5781319 0.4218681] [0.01577288 0.9842271 ] [0.9642094  0.03579064] [9.9961329e-01 3.8670102e-04] [0.99656254 0.00343743] [0.9935649  0.00643508] [0.85648876 0.14351122] [9.996697e-01 3.303542e-04] [0.00232381 0.9976762 ] [0.9478056  0.05219444] [9.9959761e-01 4.0240044e-04] [0.01353413 0.9864659 ] [0.77272373 0.22727625] [0.99898195 0.00101804] [9.9984348e-01 1.5650738e-04] [0.9362675  0.06373253] [9.9988997e-01 1.1002334e-04] [0.96964437 0.03035561] [0.0058952 0.9941048] [4.6825409e-04 9.9953175e-01] [0.9899965  0.01000354] [0.50735116 0.49264887] [0.9678677 0.0321323] [9.9953753e-01 4.6249374e-04] [0.99869764 0.00130236] [0.99684453 0.00315548] [0.9983699  0.00163011] [0.90530837 0.0946916 ] [0.97652954 0.02347048] [0.9502313  0.04976869] [9.9979532e-01 2.0470317e-04] [0.08740938 0.9125906 ] [0.99597603 0.00402399] [0.04818535 0.95181465] [0.06180584 0.93819416] [0.97020316 0.02979686] [0.9761126  0.02388737] [0.9536245  0.04637549] [0.98630625 0.01369372] [0.99750674 0.00249324] [4.3731928e-04 9.9956268e-01] [0.96823514 0.03176489] [0.79116714 0.20883285] [0.94821495 0.05178507] [0.92310953 0.07689045] [0.01128733 0.98871267] [0.59709287 0.4029071 ] [0.00600147 0.9939985 ] [0.9897333  0.01026675] [0.91617703 0.083823  ] [0.00429314 0.99570686] [0.99712646 0.00287354] [0.9318552  0.06814483] [0.9945739 0.0054261] [0.9978531 0.0021469] [0.10075152 0.8992485 ] [0.96491283 0.03508717] [0.98226064 0.01773933] [0.98180044 0.01819959] [0.9979908  0.00200923] [0.9082885  0.09171155] [0.9973715  0.00262852] [0.9891797  0.01082032] [9.993625e-01 6.374986e-04] [0.45673996 0.54326004] [0.87090254 0.12909746] [0.77577716 0.22422282] [0.3958704 0.6041296] [0.12672853 0.87327147] [0.00424129 0.9957587 ] [0.85587394 0.14412606] [0.928005   0.07199501] [0.02906597 0.97093403] [9.9912626e-01 8.7375182e-04] [9.9950343e-01 4.9656298e-04] [0.7166519  0.28334808] [0.05542397 0.944576  ] [9.997552e-01 2.448245e-04] [0.9962431  0.00375685] [0.9917888  0.00821121] [9.9994367e-01 5.6328045e-05] [0.05381697 0.946183  ] [0.922592   0.07740803] [0.9696744  0.03032559] [0.9627644  0.03723561] [0.8944872  0.10551281] [9.9931085e-01 6.8917003e-04] [0.00876004 0.99123996] [0.92874056 0.07125945] [0.03924274 0.96075726] [0.56749773 0.43250227] [0.9979597 0.0020403] [0.9568846  0.04311538] [0.9238757  0.07612431] [0.93758774 0.06241227] [9.9992222e-01 7.7784425e-05] [0.7634079  0.23659211] [0.9845599  0.01544013] [0.41139638 0.5886036 ] [0.9978293  0.00217068] [0.9456266 0.0543734] [0.95388144 0.04611858] [0.8289787 0.1710213] [0.00174338 0.9982566 ] [0.71603894 0.28396106] [9.9981552e-01 1.8449179e-04] [0.51416266 0.4858373 ] [0.99871635 0.00128366] [0.84337837 0.15662165] [0.99050313 0.00949688] [9.9957299e-01 4.2697988e-04] [0.2684399 0.7315601] [0.6637491  0.33625087] [0.9917401  0.00825988] [0.9979283  0.00207165] [0.0717724 0.9282276] [0.994758   0.00524199] [0.99127936 0.00872064] [0.5517885 0.4482115] [0.9972414  0.00275861] [0.9750069  0.02499315] [0.75768316 0.24231683] [0.99304414 0.00695586] [0.9927644  0.00723558] [0.99793077 0.00206921] [0.5134281  0.48657188] [0.89148515 0.10851485] [9.999027e-01 9.727853e-05] [0.99741197 0.00258803] [0.14547944 0.85452056] [0.44775248 0.5522475 ] [9.9906087e-01 9.3914411e-04] [0.9902662  0.00973381],0 1 1 0 0 0 0 1 0 0 0 0 0 1 1 0 0 0 1 0 0 0 1 1 0 0 0 0 0 0 0 0 1 0 0 0 1 0 0 1 0 0 1 0 0 0 0 0 0 0 1 0 1 1 1 1 0 0 0 0 0 1 0 0 0 0 1 1 1 1 0 0 0 1 1 0 1 0 0 0 0 0 0 0 0 0 1 1 1 1 1 1 1 1 0 0 0 1 0 1 0 0 1 0 0 0 1 0 1 1 0 0 0 1 0 1 0 1 0 0 0 0 0 1 1 0 0 0 0 0 0 0 0 1 0 0 1 1 0 1 0 1 1 0 0 0 1 1 0 0 1 1 0 0
46921,1,xgboost,0.25,2000,2000,0.7987012987012987,0.8172222222222222,[0.9799291  0.02007088] [0.8173017  0.18269831] [0.98686886 0.01313112] [0.6866341  0.31336588] [0.9908523  0.00914769] [0.99346805 0.00653193] [0.00801736 0.99198264] [0.97420037 0.02579964] [0.91529095 0.08470904] [0.00610501 0.993895  ] [0.2386269 0.7613731] [9.993122e-01 6.877912e-04] [0.9821744 0.0178256] [0.03202856 0.96797144] [0.96713066 0.03286932] [0.93373483 0.06626515] [0.9546428  0.04535723] [9.999185e-01 8.149787e-05] [0.21396697 0.78603303] [0.9756458  0.02435424] [0.9767377  0.02326233] [0.9949933  0.00500664] [0.9895993  0.01040072] [0.00827712 0.9917229 ] [0.99148947 0.00851053] [0.00153828 0.9984617 ] [0.7367629 0.2632371] [0.8983491  0.10165087] [0.6370984  0.36290163] [0.06752861 0.9324714 ] [0.01156986 0.98843014] [0.00481731 0.9951827 ] [0.99799824 0.00200177] [9.9942100e-01 5.7897955e-04] [0.9817414  0.01825855] [0.99586993 0.00413008] [0.9902378  0.00976226] [0.5929941 0.4070059] [0.10717952 0.8928205 ] [0.99857914 0.00142086] [0.9974607 0.0025393] [0.8760538  0.12394617] [0.97975147 0.02024853] [0.06752783 0.93247217] [0.99210835 0.00789167] [0.00211543 0.9978846 ] [0.50014293 0.49985704] [9.9991703e-01 8.2995924e-05] [0.99074346 0.00925657] [0.5703695  0.42963052] [0.91562617 0.08437386] [9.9979520e-01 2.0482071e-04] [0.9905124 0.0094876] [9.9942064e-01 5.7936541e-04] [0.99031967 0.00968031] [0.31614947 0.6838505 ] [0.64680576 0.3531942 ] [0.4726271 0.5273729] [0.92450047 0.07549956] [0.99710256 0.00289744] [0.47051775 0.52948225] [0.9300197  0.06998033] [0.7765937  0.22340634] [0.00560737 0.99439263] [0.8705179  0.12948209] [0.6325463 0.3674537] [9.995671e-01 4.328996e-04] [0.12504911 0.8749509 ] [0.8602819  0.13971812] [0.05962193 0.94037807] [0.98802465 0.01197537] [0.7164449 0.2835551] [0.9732818  0.02671817] [0.97104144 0.02895856] [0.36638832 0.6336117 ] [0.99583805 0.00416194] [9.9904925e-01 9.5073448e-04] [0.9988958  0.00110416] [0.9951315  0.00486848] [0.989934   0.01006599] [0.28886992 0.7111301 ] [0.89045084 0.10954915] [0.9801891 0.0198109] [0.7062131  0.29378685] [0.9187136  0.08128635] [9.9991602e-01 8.4011815e-05] [0.9973979  0.00260208] [0.96871334 0.03128663] [9.996543e-01 3.457326e-04] [0.7017397  0.29826027] [0.9454919  0.05450806] [0.60182595 0.39817408] [9.9966884e-01 3.3113619e-04] [0.59725714 0.40274283] [9.9975908e-01 2.4092916e-04] [0.78260076 0.21739927] [0.9720338  0.02796618] [0.9898226  0.01017735] [9.9909890e-01 9.0111344e-04] [0.99275726 0.00724275] [0.61260664 0.38739336] [0.99796605 0.00203394] [0.00172436 0.99827564] [9.9979770e-01 2.0227152e-04] [0.6346614  0.36533862] [0.96889937 0.0311006 ] [0.98422486 0.01577512] [0.9988151 0.0011849] [0.09019613 0.90980387] [0.9812831 0.0187169] [0.6318165  0.36818346] [0.8885949  0.11140509] [0.80680484 0.19319518] [0.26368666 0.73631334] [0.0022499 0.9977501] [0.46244162 0.5375584 ] [0.9096116  0.09038839] [0.77479815 0.22520183] [0.9921092  0.00789084] [0.99815565 0.00184433] [0.93937534 0.06062467] [9.9994344e-01 5.6538414e-05] [0.99629813 0.00370187] [0.02756447 0.97243553] [0.88667595 0.11332406] [0.0388599 0.9611401] [0.9716035  0.02839648] [0.9912428  0.00875717] [0.99805    0.00195002] [0.96093345 0.03906658] [0.02321196 0.97678804] [0.00454724 0.99545276] [0.00792128 0.9920787 ] [9.994124e-01 5.875707e-04] [0.01059687 0.9894031 ] [0.4834907 0.5165093] [0.9889141  0.01108593] [0.00575358 0.9942464 ] [0.9803924  0.01960763] [0.9861062  0.01389381] [9.9951094e-01 4.8905163e-04] [0.04186052 0.9581395 ] [0.3802681 0.6197319] [9.9994415e-01 5.5867764e-05] [0.00901204 0.99098796] [0.9960056  0.00399443] [9.9903482e-01 9.6515985e-04] [0.99696976 0.00303023] [9.9994862e-01 5.1364514e-05] [0.9948373  0.00516274] [0.96500015 0.03499985] [0.99660265 0.00339734] [0.99355036 0.00644961] [0.791488   0.20851201],1 0 0 1 0 0 1 1 1 1 1 0 1 1 0 0 1 0 1 0 0 0 1 1 0 1 0 0 1 1 1 1 0 0 0 0 0 0 0 0 1 0 0 1 0 1 1 0 0 0 0 0 1 0 0 0 0 0 1 0 1 0 0 1 0 0 0 1 0 1 0 0 1 0 0 0 0 0 0 1 0 0 1 0 0 0 0 1 0 0 1 0 0 0 0 1 0 0 0 0 0 0 1 0 0 0 1 0 0 1 0 1 0 1 1 1 0 0 0 0 0 0 0 1 0 1 0 0 1 1 1 1 1 0 0 1 0 1 0 0 0 1 1 0 1 0 0 0 0 0 0 0 0 1
46921,2,xgboost,0.25,2000,2000,0.7467532467532467,0.8027777777777777,[0.568419   0.43158105] [0.99821967 0.00178034] [0.99429137 0.00570863] [9.9908006e-01 9.1991649e-04] [0.90957284 0.09042715] [0.7933163  0.20668368] [0.9962582  0.00374178] [0.9940893  0.00591071] [0.00791788 0.9920821 ] [0.87411267 0.12588733] [0.98660916 0.01339086] [0.26294726 0.73705274] [9.9955666e-01 4.4334057e-04] [0.9980491  0.00195093] [0.08958536 0.91041464] [0.00470585 0.99529415] [0.9986912  0.00130881] [0.04807258 0.9519274 ] [0.9901842  0.00981581] [0.01012075 0.98987925] [0.00788164 0.99211836] [0.92455757 0.07544246] [0.01557714 0.98442286] [0.9935687  0.00643131] [9.9966615e-01 3.3385659e-04] [9.9988496e-01 1.1504829e-04] [0.9986449  0.00135511] [0.00335979 0.9966402 ] [0.89190537 0.10809463] [9.9903685e-01 9.6313073e-04] [0.61459243 0.3854076 ] [0.00342989 0.9965701 ] [0.1492436 0.8507564] [9.9995971e-01 4.0299157e-05] [0.43458307 0.56541693] [0.9823284  0.01767161] [0.15402538 0.8459746 ] [0.99337554 0.00662445] [0.11108857 0.8889114 ] [9.9981087e-01 1.8912734e-04] [0.9853121 0.0146879] [0.998799   0.00120096] [0.08705014 0.91294986] [0.96929616 0.03070382] [0.00185406 0.99814594] [0.5134047  0.48659524] [0.8745059  0.12549412] [0.8716774  0.12832259] [0.6164849  0.38351512] [0.4580878 0.5419122] [0.6967787 0.3032213] [9.9973863e-01 2.6135048e-04] [0.9600521  0.03994794] [9.9961638e-01 3.8358822e-04] [0.9507663  0.04923365] [9.9936610e-01 6.3387526e-04] [0.8599198  0.14008018] [0.38895416 0.61104584] [0.8590182  0.14098181] [0.03484476 0.96515524] [0.17857766 0.82142234] [0.10030013 0.89969987] [0.99459106 0.00540897] [0.9928333  0.00716667] [9.9949151e-01 5.0845864e-04] [9.9987549e-01 1.2452398e-04] [0.03200811 0.9679919 ] [0.80641854 0.19358145] [0.89173055 0.10826943] [0.9595153  0.04048472] [0.9865793 0.0134207] [0.0138064 0.9861936] [4.0346384e-04 9.9959654e-01] [0.995715   0.00428498] [0.01989341 0.9801066 ] [9.9919200e-01 8.0801285e-04] [9.9985403e-01 1.4595733e-04] [0.29540682 0.7045932 ] [0.96172327 0.03827673] [9.990850e-01 9.149654e-04] [0.9989301  0.00106989] [0.00295228 0.9970477 ] [0.9771362  0.02286382] [0.99482405 0.00517596] [0.04040068 0.9595993 ] [0.99834543 0.00165458] [0.99257153 0.00742846] [0.98978794 0.01021209] [0.98147887 0.01852112] [0.83563405 0.16436595] [0.95989066 0.04010936] [0.9957022  0.00429778] [0.92001384 0.07998616] [0.9877359  0.01226405] [0.05058646 0.94941354] [0.16318595 0.83681405] [0.00786567 0.99213433] [0.87158567 0.12841433] [0.99805546 0.00194452] [0.8996331  0.10036688] [0.9934713  0.00652869] [9.9978364e-01 2.1637873e-04] [0.01981062 0.9801894 ] [3.2532215e-04 9.9967468e-01] [9.9971640e-01 2.8362582e-04] [0.93439466 0.06560533] [0.97371644 0.02628357] [9.9992645e-01 7.3555137e-05] [0.96945894 0.03054107] [9.9958020e-01 4.1979091e-04] [0.9987699  0.00123011] [0.84684074 0.15315923] [0.9897892 0.0102108] [0.05275118 0.9472488 ] [0.08609796 0.91390204] [0.2552259 0.7447741] [0.9956781  0.00432187] [0.7676809  0.23231913] [0.99826896 0.00173102] [0.13668966 0.86331034] [0.97971517 0.02028481] [0.99656445 0.00343557] [0.92890346 0.07109656] [0.99821544 0.00178458] [0.98063076 0.01936924] [0.00734448 0.9926555 ] [0.4326641 0.5673359] [0.9867553  0.01324471] [0.00720096 0.99279904] [9.9904472e-01 9.5525896e-04] [0.02158445 0.97841555] [0.98672426 0.01327572] [0.9587815  0.04121849] [0.03937608 0.9606239 ] [0.6068389  0.39316112] [0.998439   0.00156097] [0.4573552 0.5426448] [0.08727968 0.9127203 ] [0.99667513 0.00332487] [0.99742043 0.00257957] [0.00247055 0.99752945] [0.76979375 0.23020622] [0.9973361  0.00266391] [0.99762136 0.00237863] [0.92899734 0.07100266] [0.39146018 0.6085398 ] [9.9942625e-01 5.7378283e-04] [0.6177392 0.3822608] [9.9958247e-01 4.1751112e-04] [0.78727376 0.2127262 ] [0.42849702 0.571503  ] [9.9996793e-01 3.2064265e-05] [0.9630996 0.0369004] [0.8044472  0.19555284],1 0 1 0 0 1 1 0 0 1 0 0 0 0 1 1 0 1 0 1 1 0 1 0 0 0 1 0 0 0 0 1 0 0 1 0 1 0 0 0 0 0 1 1 1 0 0 0 0 0 1 0 0 0 0 0 0 0 0 0 1 1 0 0 0 0 1 0 1 0 0 1 1 0 0 1 0 0 1 0 0 1 1 1 1 0 0 0 0 1 0 0 1 0 1 1 1 1 0 0 0 0 0 1 0 0 0 0 0 0 0 0 0 1 0 1 0 0 0 0 0 0 0 0 0 1 0 1 1 0 1 1 1 1 0 0 1 0 0 0 1 0 1 0 0 0 0 1 0 1 1 0 0 1
46921,3,xgboost,0.25,2000,2000,0.7712418300653595,0.8081132075471699,[0.88754094 0.11245904] [0.9342587  0.06574132] [0.27175277 0.7282472 ] [0.9961566  0.00384341] [0.99328166 0.00671833] [0.06220061 0.9377994 ] [9.993596e-01 6.403813e-04] [0.31648773 0.6835123 ] [0.01223987 0.9877601 ] [0.01528847 0.9847115 ] [0.8366683 0.1633317] [0.9978895  0.00211046] [0.8925401  0.10745993] [9.9992520e-01 7.4823256e-05] [0.99741673 0.00258325] [0.9256608  0.07433922] [9.991973e-01 8.026941e-04] [0.02120167 0.97879833] [0.9576741  0.04232589] [0.00135273 0.9986473 ] [0.982669   0.01733101] [0.7704385  0.22956151] [0.9703573  0.02964272] [9.994163e-01 5.836867e-04] [0.9796502  0.02034982] [0.03967291 0.9603271 ] [0.8898189  0.11018111] [0.0971961 0.9028039] [0.96914285 0.03085715] [0.9721483  0.02785168] [0.974156   0.02584401] [0.9799287  0.02007135] [0.80765367 0.19234636] [0.37571442 0.6242856 ] [0.13476634 0.86523366] [0.95944196 0.04055807] [0.70474136 0.29525867] [0.815888   0.18411203] [0.04067671 0.9593233 ] [0.9973349  0.00266509] [0.74017096 0.25982904] [0.9989348  0.00106518] [0.9886782  0.01132181] [0.9656479  0.03435214] [0.99842215 0.00157786] [0.46402937 0.5359706 ] [0.6439063 0.3560937] [0.6201572  0.37984282] [0.98202014 0.01797986] [0.9213058  0.07869422] [9.992751e-01 7.249335e-04] [9.9955773e-01 4.4225491e-04] [0.9982353  0.00176474] [0.96503216 0.03496784] [0.8686026  0.13139743] [0.97703797 0.02296204] [0.92542344 0.07457656] [0.9961543  0.00384567] [0.00177497 0.99822503] [0.99546987 0.00453015] [0.9038616  0.09613843] [0.99610996 0.00389007] [0.97775733 0.02224264] [0.99531627 0.00468372] [0.98592526 0.01407475] [0.9885074  0.01149262] [0.8984851  0.10151488] [0.32175195 0.67824805] [0.00640672 0.9935933 ] [0.9967285  0.00327152] [9.9963063e-01 3.6936474e-04] [0.0015201 0.9984799] [0.00492817 0.9950718 ] [0.9045792  0.09542077] [0.99174505 0.00825495] [9.99894559e-01 1.05461244e-04] [0.95264435 0.04735566] [0.01890576 0.98109424] [9.9984723e-01 1.5275479e-04] [0.9782462  0.02175381] [0.24311137 0.7568886 ] [0.9516607  0.04833933] [9.9939960e-01 6.0038926e-04] [0.59907186 0.40092814] [0.8941805  0.10581955] [0.9657657  0.03423426] [0.90259874 0.09740127] [9.9987280e-01 1.2719685e-04] [0.11870426 0.88129574] [0.01370811 0.9862919 ] [9.9966538e-01 3.3464943e-04] [0.9227171  0.07728291] [0.9862249  0.01377514] [0.09727776 0.90272224] [0.6462658 0.3537342] [0.8598208 0.1401792] [0.6927224  0.30727762] [0.99099624 0.00900374] [0.91184545 0.08815458] [0.96107817 0.03892183] [0.46758884 0.53241116] [0.05322897 0.946771  ] [0.9902018  0.00979824] [0.7959018  0.20409824] [0.9920342 0.0079658] [0.82127756 0.17872244] [0.329179 0.670821] [0.7638763 0.2361237] [0.18883032 0.8111697 ] [0.39852464 0.60147536] [9.9970102e-01 2.9894896e-04] [0.79360616 0.20639382] [0.01941645 0.98058355] [0.9854222 0.0145778] [0.98936176 0.01063826] [0.9969499  0.00305009] [0.38773 0.61227] [9.9928302e-01 7.1701227e-04] [0.00357252 0.9964275 ] [0.5533978  0.44660223] [0.00189883 0.9981012 ] [0.9946377  0.00536225] [0.99758345 0.00241656] [0.03450006 0.96549994] [0.9979101  0.00208991] [0.05617321 0.9438268 ] [0.98072547 0.01927452] [0.30887353 0.69112647] [0.9727792  0.02722076] [0.99891627 0.00108373] [0.87904483 0.12095518] [0.03502119 0.9649788 ] [9.9924570e-01 7.5431366e-04] [0.84319985 0.15680018] [0.6255683  0.37443173] [9.9984920e-01 1.5081484e-04] [0.98787206 0.01212794] [0.9593822  0.04061781] [0.08048785 0.91951215] [0.89250934 0.10749065] [0.25697476 0.74302524] [0.2964517 0.7035483] [0.88220274 0.11779723] [0.9793928  0.02060717] [9.992063e-01 7.937053e-04] [0.9472926  0.05270735] [0.8500893 0.1499107] [0.25629735 0.74370265] [0.98385644 0.01614353] [0.25835478 0.7416452 ] [0.9930499  0.00695007] [0.04592001 0.95408   ] [0.9961168  0.00388319],0 1 1 0 1 1 0 0 1 1 0 0 0 0 0 0 0 1 0 1 1 1 1 1 0 1 0 0 0 0 0 1 0 0 1 0 0 0 1 0 0 0 0 0 0 0 1 0 1 0 0 0 0 0 1 0 1 0 1 0 1 0 0 0 0 0 0 0 1 0 0 0 1 0 0 0 0 1 0 1 1 1 0 0 0 0 1 0 1 1 0 0 0 0 0 0 1 1 0 0 1 0 0 0 0 0 0 1 1 1 0 1 1 0 0 0 1 0 1 1 1 0 0 1 0 0 1 1 0 0 0 1 0 0 0 0 0 0 1 0 0 1 1 0 0 1 0 1 0 1 0 0 0
46921,4,xgboost,0.25,2000,2000,0.7516339869281046,0.819622641509434,[0.5209332 0.4790668] [0.99532324 0.00467677] [0.0570538 0.9429462] [0.22109073 0.77890927] [9.9969071e-01 3.0928134e-04] [0.13731307 0.86268693] [0.4012496 0.5987504] [0.9965593  0.00344066] [9.990132e-01 9.868165e-04] [0.97829425 0.02170575] [0.05164015 0.94835985] [0.23319548 0.7668045 ] [0.8820387  0.11796128] [0.9860308  0.01396921] [0.95316786 0.04683215] [0.4920749 0.5079251] [0.96622455 0.03377546] [0.98262036 0.01737965] [0.8975379  0.10246212] [0.6138735  0.38612652] [0.9618374 0.0381626] [0.8108144  0.18918559] [0.96171093 0.03828907] [9.9952084e-01 4.7919009e-04] [9.9951303e-01 4.8694469e-04] [0.8847458  0.11525425] [0.2568661 0.7431339] [0.9831473 0.0168527] [0.49022377 0.50977623] [0.14674675 0.85325325] [0.9417827  0.05821729] [9.993270e-01 6.729744e-04] [0.9722146  0.02778543] [0.95803833 0.04196164] [0.46589082 0.5341092 ] [0.12316334 0.87683666] [0.9958233  0.00417667] [0.05777019 0.9422298 ] [0.8788153  0.12118471] [9.9930626e-01 6.9376774e-04] [0.70789397 0.29210603] [0.9824046  0.01759539] [0.9904808  0.00951925] [0.97891223 0.02108777] [0.99602205 0.00397794] [0.99846375 0.00153627] [0.48943996 0.51056004] [0.13036907 0.86963093] [0.99650633 0.00349368] [0.13687903 0.863121  ] [0.9966332 0.0033668] [0.6691526  0.33084735] [0.02908975 0.97091025] [0.6034119  0.39658812] [0.99241    0.00758997] [0.52791655 0.47208348] [0.00885302 0.991147  ] [0.9446152  0.05538483] [0.83897007 0.16102995] [0.9914635  0.00853652] [0.8664165  0.13358347] [0.9102525 0.0897475] [0.21048385 0.78951615] [0.9935275  0.00647254] [0.9592417  0.04075831] [0.99823874 0.00176127] [9.9980944e-01 1.9057281e-04] [0.92620903 0.07379099] [0.88186747 0.11813255] [0.99517095 0.00482903] [0.9972743  0.00272573] [0.9765166 0.0234834] [0.09904253 0.90095747] [0.96631336 0.03368662] [0.9975811  0.00241889] [0.9367411 0.0632589] [0.4388185 0.5611815] [0.02785105 0.97214895] [0.04861271 0.9513873 ] [0.9087516  0.09124837] [0.9892168  0.01078321] [0.27672595 0.72327405] [9.999676e-01 3.241902e-05] [0.89951456 0.10048547] [0.9887429  0.01125709] [0.6667763  0.33322373] [0.19578636 0.80421364] [0.42459434 0.57540566] [0.9977729  0.00222711] [0.99210244 0.00789757] [0.43235135 0.56764865] [0.7202449  0.27975512] [0.02908349 0.9709165 ] [0.97921795 0.02078208] [0.87550175 0.12449824] [0.3288501 0.6711499] [9.9956310e-01 4.3689314e-04] [0.97711116 0.02288885] [0.9685711  0.03142885] [0.94857657 0.05142344] [9.9967438e-01 3.2563164e-04] [9.9967706e-01 3.2292286e-04] [0.84324366 0.15675633] [9.995241e-01 4.759067e-04] [0.970462   0.02953795] [0.96896935 0.03103064] [0.90902597 0.09097406] [0.6379451  0.36205488] [0.9988096 0.0011904] [0.9979393  0.00206071] [0.98403585 0.01596413] [0.32788956 0.67211044] [0.99297667 0.00702334] [0.9946341 0.0053659] [0.06839514 0.93160486] [0.00237912 0.9976209 ] [0.99618876 0.00381126] [0.6677977  0.33220232] [0.9792945  0.02070552] [0.85302216 0.14697783] [9.991572e-01 8.427836e-04] [9.9978399e-01 2.1602254e-04] [0.8425106  0.15748942] [0.93702257 0.06297746] [0.9665483  0.03345165] [0.87781185 0.12218813] [0.41582787 0.5841721 ] [0.25786608 0.7421339 ] [0.01843297 0.981567  ] [0.13645405 0.86354595] [9.9913454e-01 8.6547452e-04] [0.99565506 0.00434497] [0.9495982  0.05040178] [0.00592917 0.9940708 ] [0.00955027 0.9904497 ] [9.9966931e-01 3.3067027e-04] [0.9971852  0.00281482] [9.9944419e-01 5.5583403e-04] [0.10552335 0.89447665] [9.9995035e-01 4.9632825e-05] [0.9983991  0.00160094] [0.52774274 0.4722573 ] [0.69703454 0.30296546] [0.95909977 0.04090023] [9.9964321e-01 3.5677638e-04] [0.6294888  0.37051114] [0.23459941 0.7654006 ] [9.9952984e-01 4.7017209e-04] [0.6625341  0.33746588] [0.98744917 0.01255082] [0.9970389  0.00296109] [0.05219799 0.947802  ] [0.85273516 0.14726484],1 0 1 1 0 1 0 0 0 0 1 1 0 0 0 0 0 0 1 0 0 1 0 0 0 1 1 0 0 0 0 0 1 0 1 1 0 0 1 0 1 1 0 0 0 0 1 1 0 0 0 0 1 0 0 1 1 0 1 0 1 0 1 0 1 0 0 0 1 0 1 1 1 0 0 0 1 1 1 0 0 0 0 0 0 1 1 1 0 0 1 0 1 0 0 0 0 0 1 0 0 0 1 0 0 1 0 0 0 0 1 0 0 1 0 0 0 0 0 1 0 0 0 1 0 0 1 1 1 0 0 0 0 1 0 0 0 0 1 0 0 0 1 0 0 0 1 0 1 0 0 1 0
46921,0,xgboost,0.25,5000,5000,0.7597402597402597,0.7901851851851852,[0.09506255 0.90493745] [0.01778787 0.9822121 ] [0.02415508 0.9758449 ] [0.3442214 0.6557786] [0.7156235  0.28437647] [0.23534179 0.7646582 ] [0.98836106 0.01163893] [0.9928835  0.00711647] [0.9986248  0.00137523] [0.96794504 0.03205496] [0.98371726 0.01628274] [0.98268855 0.01731146] [0.26982528 0.7301747 ] [7.5519085e-04 9.9924481e-01] [0.2875455 0.7124545] [0.01955926 0.98044074] [0.80634606 0.19365394] [9.993914e-01 6.086384e-04] [0.09137183 0.90862817] [0.01401299 0.985987  ] [0.1800791 0.8199209] [0.72183764 0.27816233] [0.0062052 0.9937948] [0.9988412  0.00115877] [9.9914986e-01 8.5014105e-04] [0.88825566 0.11174432] [0.9933192 0.0066808] [0.9944688  0.00553118] [9.9915653e-01 8.4348937e-04] [0.00201166 0.99798834] [0.5459374  0.45406258] [0.99471337 0.00528661] [0.0027324 0.9972676] [0.982759   0.01724101] [9.999606e-01 3.942668e-05] [9.9970406e-01 2.9594410e-04] [0.9943654  0.00563462] [0.9988867  0.00111328] [0.943583   0.05641698] [0.00224262 0.9977574 ] [0.02653134 0.97346866] [0.99254394 0.00745609] [0.08048201 0.919518  ] [0.9891216  0.01087841] [0.9968172  0.00318285] [0.9965948  0.00340521] [0.98942524 0.01057478] [9.9984205e-01 1.5796979e-04] [0.94995207 0.05004792] [0.99677294 0.00322704] [0.9982923  0.00170764] [9.9947011e-01 5.2989856e-04] [0.01741421 0.9825858 ] [0.96866894 0.03133108] [0.06246948 0.9375305 ] [0.08176494 0.91823506] [0.977803 0.022197] [0.6918207  0.30817932] [0.9661335  0.03386654] [0.98343873 0.01656125] [0.94432896 0.05567103] [0.00328261 0.9967174 ] [0.9917701  0.00822991] [0.9150559 0.0849441] [0.98949754 0.01050245] [0.8230698 0.1769302] [0.10628396 0.89371604] [0.04336816 0.95663184] [0.03355348 0.9664465 ] [0.9958062  0.00419375] [0.85855645 0.14144357] [0.00576597 0.994234  ] [0.9957889  0.00421115] [0.8139574 0.1860426] [0.9884396  0.01156037] [0.9978271  0.00217291] [0.41687763 0.5831224 ] [0.9509296  0.04907043] [0.9874912 0.0125088] [0.78822124 0.21177873] [0.99678195 0.00321806] [0.9595947  0.04040525] [0.99818933 0.00181069] [9.999247e-01 7.530449e-05] [9.991371e-01 8.629119e-04] [0.72293943 0.27706057] [0.8540919  0.14590815] [0.9600346  0.03996539] [0.07997292 0.9200271 ] [0.12208384 0.87791616] [0.02137351 0.9786265 ] [0.28555447 0.71444553] [0.9954783  0.00452172] [0.08706999 0.91293   ] [9.9950963e-01 4.9038505e-04] [0.9987632  0.00123681] [0.31930095 0.68069905] [0.00373006 0.99626994] [9.9948055e-01 5.1944546e-04] [0.9829264 0.0170736] [0.9950274  0.00497258] [9.997552e-01 2.447713e-04] [0.01814729 0.9818527 ] [0.99353    0.00647004] [0.9691646  0.03083537] [0.95819247 0.0418075 ] [0.94877046 0.05122956] [9.9940330e-01 5.9669465e-04] [0.08993185 0.91006815] [0.40869582 0.5913042 ] [0.5303962 0.4696038] [0.18119198 0.818808  ] [0.9946434  0.00535658] [0.99359703 0.00640298] [0.3399039 0.6600961] [0.9467668  0.05323318] [0.9988517  0.00114827] [0.968734   0.03126595] [9.9970418e-01 2.9580196e-04] [0.9073054  0.09269458] [9.994097e-01 5.903238e-04] [0.99257344 0.00742659] [0.99247336 0.00752661] [0.9806238  0.01937624] [0.02280992 0.9771901 ] [0.4471197 0.5528803] [0.9912586  0.00874135] [0.6939847 0.3060153] [9.9925566e-01 7.4435945e-04] [0.95296293 0.04703707] [0.947156   0.05284397] [0.99366915 0.00633085] [0.27653587 0.72346413] [0.51098484 0.48901516] [0.90213287 0.09786712] [0.9917483  0.00825172] [0.00598025 0.99401975] [0.5666326 0.4333674] [9.994555e-01 5.445062e-04] [0.18950814 0.81049186] [0.85000545 0.14999457] [0.8024219  0.19757807] [0.77513456 0.22486547] [0.9947261  0.00527386] [0.9968021  0.00319789] [0.99740964 0.00259038] [0.40940487 0.5905951 ] [0.45223987 0.5477601 ] [9.9961650e-01 3.8348677e-04] [0.94579774 0.05420227] [0.14381242 0.8561876 ] [0.73288774 0.26711223] [9.9968994e-01 3.1004837e-04] [0.99869895 0.00130105],0 1 1 0 0 0 0 1 0 0 0 0 0 1 1 0 0 0 1 0 0 0 1 1 0 0 0 0 0 0 0 0 1 0 0 0 1 0 0 1 0 0 1 0 0 0 0 0 0 0 1 0 1 1 1 1 0 0 0 0 0 1 0 0 0 0 1 1 1 1 0 0 0 1 1 0 1 0 0 0 0 0 0 0 0 0 1 1 1 1 1 1 1 1 0 0 0 1 0 1 0 0 1 0 0 0 1 0 1 1 0 0 0 1 0 1 0 1 0 0 0 0 0 1 1 0 0 0 0 0 0 0 0 1 0 0 1 1 0 1 0 1 1 0 0 0 1 1 0 0 1 1 0 0
46921,1,xgboost,0.25,5000,5000,0.7402597402597403,0.8353703703703703,[0.9737709  0.02622908] [0.9499408 0.0500592] [0.99723834 0.00276166] [0.08377397 0.916226  ] [0.9724592  0.02754082] [9.9936754e-01 6.3244277e-04] [0.00581324 0.99418676] [0.563499 0.436501] [0.3879645 0.6120355] [0.0159508 0.9840492] [0.46536845 0.53463155] [9.9980944e-01 1.9055736e-04] [0.98188    0.01811999] [0.10677272 0.8932273 ] [0.99439365 0.00560636] [0.8459097  0.15409032] [0.982164 0.017836] [9.9942434e-01 5.7566364e-04] [0.05378562 0.9462144 ] [0.98627996 0.01372004] [0.93509626 0.06490374] [0.98732424 0.01267575] [0.9359959  0.06400415] [0.10922348 0.8907765 ] [0.9924831  0.00751692] [0.00588191 0.9941181 ] [0.8441352  0.15586478] [0.04699516 0.95300484] [0.1494931 0.8505069] [0.00828624 0.99171376] [0.02349246 0.97650754] [0.02189976 0.97810024] [0.8742387  0.12576126] [0.99275    0.00724999] [0.99408084 0.00591916] [0.996948   0.00305198] [0.9831069  0.01689308] [0.9654903 0.0345097] [0.4534951 0.5465049] [9.999251e-01 7.489342e-05] [0.9843399  0.01566008] [0.37713397 0.62286603] [0.9896758  0.01032417] [0.4906749 0.5093251] [0.99029875 0.00970127] [0.00339603 0.99660397] [0.6128466  0.38715336] [9.9970567e-01 2.9431356e-04] [0.99864703 0.00135294] [0.9090164  0.09098361] [0.97937256 0.02062746] [9.9966753e-01 3.3248946e-04] [0.8021445  0.19785547] [9.998403e-01 1.596922e-04] [0.995551   0.00444902] [0.01032257 0.9896774 ] [0.8979176  0.10208235] [0.19904172 0.8009583 ] [0.7332699  0.26673013] [0.99624515 0.00375485] [0.937458   0.06254203] [0.9929881  0.00701188] [0.42752075 0.57247925] [0.83779216 0.16220784] [0.9870864 0.0129136] [0.07259756 0.92740244] [9.99930e-01 6.99487e-05] [0.36279213 0.63720787] [0.8298137  0.17018627] [0.25163907 0.74836093] [0.7650004  0.23499961] [0.96251655 0.03748347] [0.7857228  0.21427722] [0.99518895 0.00481104] [0.9772735 0.0227265] [0.9940464  0.00595359] [9.9980628e-01 1.9369386e-04] [0.9882088  0.01179125] [0.99128777 0.00871223] [0.81047577 0.18952422] [0.04413205 0.95586795] [0.9959363 0.0040637] [0.60590863 0.3940914 ] [0.9039132  0.09608679] [0.95189816 0.04810182] [0.9986028  0.00139717] [0.9989118  0.00108818] [0.7506643  0.24933569] [9.993068e-01 6.931954e-04] [0.21489787 0.7851021 ] [0.9526532  0.04734679] [0.34880513 0.6511949 ] [0.96152014 0.03847989] [0.997597   0.00240303] [0.99838686 0.00161311] [0.8746678  0.12533218] [0.9973832  0.00261682] [0.9722329  0.02776713] [0.9967676  0.00323243] [0.8921101 0.1078899] [0.61237776 0.3876222 ] [0.9919114  0.00808859] [0.02888137 0.9711186 ] [9.9987578e-01 1.2420557e-04] [0.48673242 0.5132676 ] [0.99690866 0.00309132] [0.9987719 0.0012281] [0.99568665 0.00431337] [0.03422195 0.96577805] [0.9972908  0.00270923] [0.19719881 0.8028012 ] [0.9967222  0.00327776] [0.90485144 0.09514858] [0.79767454 0.20232546] [0.01735413 0.98264587] [0.8910819  0.10891806] [0.9926487  0.00735129] [0.49805117 0.50194883] [9.9962115e-01 3.7883103e-04] [9.9916279e-01 8.3722715e-04] [0.99428153 0.00571849] [9.9953568e-01 4.6429402e-04] [0.95050323 0.04949677] [0.00170618 0.9982938 ] [0.94842285 0.05157716] [0.04741418 0.9525858 ] [9.993439e-01 6.561211e-04] [0.99293375 0.00706627] [0.9733218  0.02667819] [0.7509763  0.24902369] [0.0115186 0.9884814] [0.03218013 0.96781987] [0.00725818 0.9927418 ] [9.9950624e-01 4.9374503e-04] [0.08932924 0.91067076] [0.41564232 0.5843577 ] [0.9134361  0.08656387] [0.15499026 0.84500974] [0.9981802  0.00181979] [0.9913034  0.00869664] [0.9909643  0.00903568] [0.22622997 0.77377003] [0.49436003 0.50564   ] [9.9978888e-01 2.1114318e-04] [0.4144621 0.5855379] [0.9988824 0.0011176] [9.9935824e-01 6.4177229e-04] [0.9933046  0.00669538] [9.9992144e-01 7.8576013e-05] [0.9179237  0.08207633] [0.99846095 0.00153903] [0.9962982  0.00370178] [0.9987644 0.0012356] [0.67720616 0.32279387],1 0 0 1 0 0 1 1 1 1 1 0 1 1 0 0 1 0 1 0 0 0 1 1 0 1 0 0 1 1 1 1 0 0 0 0 0 0 0 0 1 0 0 1 0 1 1 0 0 0 0 0 1 0 0 0 0 0 1 0 1 0 0 1 0 0 0 1 0 1 0 0 1 0 0 0 0 0 0 1 0 0 1 0 0 0 0 1 0 0 1 0 0 0 0 1 0 0 0 0 0 0 1 0 0 0 1 0 0 1 0 1 0 1 1 1 0 0 0 0 0 0 0 1 0 1 0 0 1 1 1 1 1 0 0 1 0 1 0 0 0 1 1 0 1 0 0 0 0 0 0 0 0 1
46921,2,xgboost,0.25,5000,5000,0.7662337662337663,0.8268518518518518,[0.7741668 0.2258332] [0.8808753  0.11912472] [0.96673036 0.03326966] [0.99000466 0.00999535] [0.9933393 0.0066607] [0.17856663 0.82143337] [9.9958700e-01 4.1298586e-04] [0.9552694  0.04473063] [0.14361316 0.85638684] [0.9858842  0.01411579] [0.99576294 0.00423705] [0.44891107 0.5510889 ] [9.9975240e-01 2.4756993e-04] [0.99013877 0.00986125] [0.14771909 0.8522809 ] [0.03302729 0.9669727 ] [0.9981509  0.00184913] [0.00985426 0.99014574] [0.99806553 0.00193447] [0.08715302 0.912847  ] [0.0107742 0.9892258] [0.7416734 0.2583266] [0.00449145 0.99550855] [0.9983327  0.00166731] [0.99891454 0.00108546] [9.994612e-01 5.388016e-04] [0.9932194 0.0067806] [0.01371181 0.9862882 ] [0.96110815 0.03889187] [0.99779963 0.00220036] [0.85757625 0.14242375] [0.0013662 0.9986338] [0.10451043 0.8954896 ] [9.9987173e-01 1.2825035e-04] [0.70907724 0.29092276] [9.9964958e-01 3.5044426e-04] [0.7931513  0.20684867] [9.9970263e-01 2.9734435e-04] [0.22188008 0.7781199 ] [0.99824584 0.00175419] [9.9977052e-01 2.2947804e-04] [0.9972868 0.0027132] [0.06558615 0.93441385] [0.6166096  0.38339046] [0.0070706 0.9929294] [0.61102533 0.38897467] [0.87266254 0.12733743] [0.7343214  0.26567858] [0.88274556 0.11725443] [0.96109164 0.03890838] [0.27775204 0.72224796] [0.9984512  0.00154886] [0.519805 0.480195] [0.99890816 0.00109181] [0.9807066  0.01929343] [9.992674e-01 7.325941e-04] [0.87344265 0.12655735] [0.0461604 0.9538396] [0.99847007 0.00152993] [0.37181026 0.62818974] [0.28769535 0.71230465] [0.00492942 0.9950706 ] [0.9969583  0.00304166] [0.9852305 0.0147695] [0.99583095 0.00416906] [9.9986398e-01 1.3601274e-04] [0.0074051 0.9925949] [0.98959714 0.01040285] [0.86968225 0.13031776] [0.9984327 0.0015673] [0.97511274 0.02488724] [0.00195849 0.9980415 ] [0.03043705 0.96956295] [0.99178946 0.00821054] [0.00785065 0.99214935] [0.9887369  0.01126306] [0.99868447 0.00131556] [0.30276513 0.69723487] [0.99570453 0.00429546] [0.9945428 0.0054572] [9.995833e-01 4.167254e-04] [7.5685978e-04 9.9924314e-01] [0.77446854 0.22553144] [0.99845386 0.00154614] [0.43470895 0.56529105] [0.99852985 0.00147015] [9.994797e-01 5.203181e-04] [0.98526293 0.01473706] [0.9907993 0.0092007] [0.9184848 0.0815152] [0.7957205  0.20427947] [0.98882216 0.01117786] [0.7068712 0.2931288] [0.9931264  0.00687363] [0.30549443 0.6945056 ] [0.18980318 0.8101968 ] [0.00563598 0.994364  ] [0.87960374 0.12039624] [9.9956363e-01 4.3637515e-04] [0.2374568 0.7625432] [0.99499273 0.00500728] [9.9985892e-01 1.4110035e-04] [0.28532296 0.71467704] [1.8197298e-04 9.9981803e-01] [9.9991304e-01 8.6952103e-05] [0.8451158  0.15488425] [0.968424   0.03157599] [9.9984753e-01 1.5249311e-04] [9.9909264e-01 9.0735388e-04] [0.99775237 0.00224765] [0.98959225 0.01040775] [0.57930255 0.42069745] [0.97622937 0.02377062] [0.33215803 0.667842  ] [0.03682023 0.96317977] [0.05809021 0.9419098 ] [0.99678    0.00322003] [0.959939   0.04006101] [0.9773094  0.02269061] [0.5568636 0.4431364] [0.5180041  0.48199588] [0.9982765  0.00172353] [0.6191485  0.38085148] [0.9975202  0.00247977] [0.97249955 0.02750045] [0.02255261 0.9774474 ] [0.2542745 0.7457255] [0.956926   0.04307402] [0.01357263 0.98642737] [0.99826074 0.00173927] [0.03678399 0.963216  ] [0.9811339  0.01886611] [0.909101   0.09089898] [0.22150308 0.7784969 ] [0.9896399 0.0103601] [9.9966466e-01 3.3535954e-04] [0.05213833 0.9478617 ] [0.04552311 0.9544769 ] [0.9953321  0.00466786] [0.99813205 0.00186796] [0.12674439 0.8732556 ] [0.8873247  0.11267528] [0.61921006 0.38078994] [0.9988672  0.00113281] [0.97746444 0.02253554] [0.48924035 0.51075965] [0.9569817  0.04301826] [0.39944834 0.60055166] [0.9978039  0.00219605] [0.62546337 0.37453663] [0.34908444 0.65091556] [0.9959148  0.00408516] [0.90791875 0.09208124] [0.23314965 0.76685035],1 0 1 0 0 1 1 0 0 1 0 0 0 0 1 1 0 1 0 1 1 0 1 0 0 0 1 0 0 0 0 1 0 0 1 0 1 0 0 0 0 0 1 1 1 0 0 0 0 0 1 0 0 0 0 0 0 0 0 0 1 1 0 0 0 0 1 0 1 0 0 1 1 0 0 1 0 0 1 0 0 1 1 1 1 0 0 0 0 1 0 0 1 0 1 1 1 1 0 0 0 0 0 1 0 0 0 0 0 0 0 0 0 1 0 1 0 0 0 0 0 0 0 0 0 1 0 1 1 0 1 1 1 1 0 0 1 0 0 0 1 0 1 0 0 0 0 1 0 1 1 0 0 1
46921,3,xgboost,0.25,5000,5000,0.7124183006535948,0.7703773584905661,[0.65208197 0.347918  ] [0.975717   0.02428298] [0.6650437  0.33495626] [0.9964157  0.00358434] [0.9210798 0.0789202] [0.02492636 0.97507364] [0.9957637  0.00423625] [0.97027475 0.02972525] [0.00535548 0.9946445 ] [0.0244391 0.9755609] [0.9485061 0.0514939] [9.9975550e-01 2.4450003e-04] [0.98834956 0.01165045] [9.9969465e-01 3.0537861e-04] [0.9927945  0.00720551] [0.26489967 0.7351003 ] [0.9989482  0.00105176] [0.83842164 0.16157836] [0.31132346 0.68867654] [0.01209134 0.98790866] [0.9545546  0.04544541] [0.9129035 0.0870965] [0.5959945  0.40400556] [9.992533e-01 7.467402e-04] [0.9490417  0.05095826] [0.10042858 0.8995714 ] [0.9670522  0.03294778] [0.08130538 0.9186946 ] [0.9970643 0.0029357] [0.9839032  0.01609676] [0.99704885 0.00295115] [0.97482    0.02517995] [0.8926821  0.10731792] [0.25295585 0.74704415] [0.16570586 0.83429414] [0.8319421  0.16805792] [0.9339244  0.06607562] [0.76820683 0.23179318] [0.00513089 0.9948691 ] [0.994424 0.005576] [0.45640725 0.54359275] [9.9979973e-01 2.0029228e-04] [0.8324762 0.1675238] [0.98396677 0.01603321] [0.9892238 0.0107762] [0.7389544 0.2610456] [0.7137741  0.28622594] [0.90130985 0.09869014] [0.99875087 0.00124914] [0.92847365 0.07152636] [0.9972041  0.00279585] [9.991585e-01 8.414788e-04] [0.9726399  0.02736006] [0.98237294 0.01762703] [0.9209273  0.07907269] [0.9591219  0.04087812] [0.87137645 0.12862356] [0.96978563 0.03021439] [0.0132094 0.9867906] [0.9591605  0.04083947] [0.79768616 0.20231386] [9.9903071e-01 9.6931134e-04] [0.9984405  0.00155951] [0.99111104 0.00888896] [0.9980175  0.00198253] [0.992647   0.00735302] [0.33546883 0.6645312 ] [0.66359925 0.33640078] [0.02268392 0.9773161 ] [0.98915434 0.01084568] [0.9917489  0.00825104] [0.01187968 0.9881203 ] [3.4308434e-04 9.9965692e-01] [0.5486457  0.45135432] [0.9892215  0.01077846] [0.9943535  0.00564653] [0.95500875 0.04499128] [0.02306348 0.9769365 ] [9.999156e-01 8.441221e-05] [0.74858034 0.2514197 ] [0.9972444  0.00275559] [0.9609502  0.03904982] [0.9984068  0.00159317] [0.47382766 0.52617234] [0.7745287  0.22547132] [0.6073853  0.39261472] [0.98485297 0.01514702] [9.9958622e-01 4.1379294e-04] [0.02456313 0.97543687] [0.01348722 0.9865128 ] [9.9978489e-01 2.1509641e-04] [0.9958712  0.00412882] [0.9971517  0.00284832] [0.06984341 0.9301566 ] [0.8207543  0.17924571] [0.98768526 0.01231475] [0.01733595 0.98266405] [0.9945989  0.00540109] [0.94073427 0.05926575] [0.9859724  0.01402757] [0.61416984 0.3858302 ] [0.02765435 0.97234565] [0.9984564  0.00154358] [0.10301328 0.8969867 ] [0.9979623 0.0020377] [0.9542369  0.04576306] [0.14953399 0.850466  ] [0.8882422  0.11175781] [0.23755729 0.7624427 ] [0.845859   0.15414101] [0.9979598  0.00204019] [0.9593243 0.0406757] [0.00314766 0.99685234] [0.7372346  0.26276544] [9.994209e-01 5.790968e-04] [0.82436913 0.17563088] [0.3880428 0.6119572] [0.9920714  0.00792858] [7.954240e-04 9.992046e-01] [0.99725187 0.00274812] [0.01069313 0.98930687] [0.93393904 0.06606096] [9.9961221e-01 3.8778805e-04] [0.04946846 0.95053154] [0.9895165 0.0104835] [0.25018972 0.7498103 ] [0.86292493 0.1370751 ] [0.01970077 0.98029923] [0.9971864  0.00281358] [9.9965203e-01 3.4795815e-04] [0.31591982 0.6840802 ] [0.01157123 0.9884288 ] [9.9946523e-01 5.3474895e-04] [0.9434929 0.0565071] [0.97919697 0.02080306] [9.994200e-01 5.800171e-04] [9.9925232e-01 7.4769085e-04] [0.8479546  0.15204544] [0.29419905 0.70580095] [0.9933355  0.00666449] [0.6304335 0.3695665] [0.05040288 0.9495971 ] [0.7148198 0.2851802] [0.8843389  0.11566108] [9.9961287e-01 3.8712795e-04] [0.9684327  0.03156728] [0.45453584 0.54546416] [0.04669124 0.95330876] [0.98337257 0.01662744] [0.9580029  0.04199709] [0.9986934  0.00130661] [0.0137955 0.9862045] [9.9981529e-01 1.8469508e-04],0 1 1 0 1 1 0 0 1 1 0 0 0 0 0 0 0 1 0 1 1 1 1 1 0 1 0 0 0 0 0 1 0 0 1 0 0 0 1 0 0 0 0 0 0 0 1 0 1 0 0 0 0 0 1 0 1 0 1 0 1 0 0 0 0 0 0 0 1 0 0 0 1 0 0 0 0 1 0 1 1 1 0 0 0 0 1 0 1 1 0 0 0 0 0 0 1 1 0 0 1 0 0 0 0 0 0 1 1 1 0 1 1 0 0 0 1 0 1 1 1 0 0 1 0 0 1 1 0 0 0 1 0 0 0 0 0 0 1 0 0 1 1 0 0 1 0 1 0 1 0 0 0
46921,4,xgboost,0.25,5000,5000,0.7450980392156863,0.8413207547169811,[0.90709966 0.09290034] [0.998903   0.00109702] [0.06218749 0.9378125 ] [0.5931761 0.4068239] [0.9964991  0.00350089] [0.07931066 0.92068934] [0.77892613 0.22107387] [0.99817467 0.0018253 ] [9.9987298e-01 1.2704133e-04] [0.9937558  0.00624419] [0.04514515 0.95485485] [0.5840984 0.4159016] [0.7285415 0.2714585] [0.9980177 0.0019823] [0.9336207  0.06637934] [0.68071735 0.31928265] [0.8809192  0.11908081] [0.9988695  0.00113049] [0.3137762 0.6862238] [0.7473133  0.25268668] [9.9974132e-01 2.5866553e-04] [0.28495872 0.7150413 ] [0.9730962  0.02690383] [0.997901   0.00209898] [0.8809679  0.11903211] [0.85401684 0.14598316] [0.1905877 0.8094123] [0.99725735 0.00274264] [0.55443907 0.44556093] [0.50442314 0.49557683] [0.92252696 0.07747307] [9.993593e-01 6.406750e-04] [0.41052204 0.58947796] [0.99248856 0.00751143] [0.5180352 0.4819648] [0.08753461 0.9124654 ] [0.9971301  0.00286989] [0.46880513 0.53119487] [0.98160315 0.01839688] [9.9984318e-01 1.5680732e-04] [0.31298018 0.6870198 ] [0.63316965 0.36683038] [0.99709    0.00291001] [0.9835343  0.01646573] [0.82896847 0.17103153] [9.9931073e-01 6.8929023e-04] [0.15101093 0.84898907] [0.01074713 0.98925287] [0.9839653 0.0160347] [0.31127214 0.68872786] [0.998735   0.00126499] [0.8149159  0.18508412] [0.09570605 0.90429395] [0.8782092  0.12179081] [0.9975512  0.00244877] [0.00591218 0.9940878 ] [0.03543472 0.9645653 ] [0.99249476 0.00750521] [0.64074063 0.35925934] [0.9987295  0.00127046] [0.9923566  0.00764337] [0.21271914 0.78728086] [0.6856379 0.3143621] [0.9989481  0.00105193] [0.40327162 0.5967284 ] [9.9991590e-01 8.4098625e-05] [9.9948305e-01 5.1696098e-04] [0.5046935 0.4953065] [0.9244715 0.0755285] [0.9939087  0.00609127] [0.8695719 0.1304281] [0.5279616  0.47203842] [0.00375301 0.996247  ] [0.93194157 0.06805842] [9.9960738e-01 3.9260768e-04] [0.9766261  0.02337389] [0.66272616 0.33727387] [0.12084305 0.87915695] [0.05764854 0.94235146] [0.43464923 0.5653508 ] [0.9968479  0.00315205] [0.02280843 0.97719157] [9.9954218e-01 4.5782689e-04] [0.6384931  0.36150688] [0.91612077 0.08387925] [0.77498174 0.22501823] [0.2153464 0.7846536] [0.00520086 0.99479914] [9.9960899e-01 3.9101727e-04] [0.99799067 0.00200934] [0.6472931  0.35270688] [0.09094495 0.90905505] [0.16784775 0.83215225] [0.9733338  0.02666623] [0.10134387 0.89865613] [0.26993185 0.73006815] [0.99755645 0.00244355] [0.99459296 0.00540702] [0.7345075 0.2654925] [0.85406715 0.14593284] [9.9977070e-01 2.2928536e-04] [0.9989545  0.00104551] [0.11100167 0.8889983 ] [0.992641   0.00735904] [0.81242263 0.18757735] [0.99018395 0.00981608] [0.8782159  0.12178411] [0.25436264 0.74563736] [0.9707062  0.02929379] [0.99422395 0.00577604] [9.990156e-01 9.843891e-04] [0.8602607  0.13973926] [0.9807228  0.01927724] [0.64863527 0.35136473] [0.01008326 0.98991674] [0.00882012 0.9911799 ] [0.9965994  0.00340064] [0.3129211 0.6870789] [0.9967993  0.00320071] [0.8079702  0.19202977] [0.9986378  0.00136219] [0.9982786  0.00172138] [0.10766798 0.892332  ] [0.6680231 0.3319769] [0.99358535 0.00641468] [0.97368073 0.02631929] [0.2332182 0.7667818] [0.5008774  0.49912262] [0.01434523 0.9856548 ] [0.24100119 0.7589988 ] [9.9962044e-01 3.7958482e-04] [0.99407095 0.00592907] [0.9392464  0.06075361] [0.01136893 0.98863107] [0.00795716 0.99204284] [9.9953139e-01 4.6858774e-04] [0.9972795  0.00272047] [9.9962103e-01 3.7894267e-04] [0.22266293 0.7773371 ] [0.99827415 0.00172588] [9.993552e-01 6.448185e-04] [0.93274033 0.06725964] [0.69789803 0.302102  ] [0.69012237 0.3098776 ] [0.9891007  0.01089933] [0.825119 0.174881] [0.00475305 0.99524695] [9.996091e-01 3.908782e-04] [0.02131897 0.978681  ] [0.9960774  0.00392258] [0.96229595 0.03770404] [0.2242735 0.7757265] [0.9719167  0.02808331],1 0 1 1 0 1 0 0 0 0 1 1 0 0 0 0 0 0 1 0 0 1 0 0 0 1 1 0 0 0 0 0 1 0 1 1 0 0 1 0 1 1 0 0 0 0 1 1 0 0 0 0 1 0 0 1 1 0 1 0 1 0 1 0 1 0 0 0 1 0 1 1 1 0 0 0 1 1 1 0 0 0 0 0 0 1 1 1 0 0 1 0 1 0 0 0 0 0 1 0 0 0 1 0 0 1 0 0 0 0 1 0 0 1 0 0 0 0 0 1 0 0 0 1 0 0 1 1 1 0 0 0 0 1 0 0 0 0 1 0 0 0 1 0 0 0 1 0 1 0 0 1 0
46921,0,xgboost,0.25,10000,10000,0.7727272727272727,0.8033333333333332,[0.46858376 0.53141624] [8.3482265e-04 9.9916518e-01] [0.3591895 0.6408105] [0.9940913  0.00590875] [0.90270185 0.09729813] [0.01804692 0.9819531 ] [0.98891836 0.01108166] [0.99157965 0.00842036] [0.99482745 0.00517254] [9.9929988e-01 7.0009637e-04] [0.9281236  0.07187644] [0.8323362 0.1676638] [0.95859313 0.04140689] [9.726286e-04 9.990274e-01] [0.37893766 0.62106234] [0.04272842 0.9572716 ] [0.8985821  0.10141791] [9.9928051e-01 7.1951654e-04] [0.01216602 0.987834  ] [0.0181213 0.9818787] [0.78412074 0.21587925] [0.25923383 0.74076617] [0.00921792 0.9907821 ] [0.9944917  0.00550829] [9.9929845e-01 7.0155971e-04] [0.97826844 0.02173158] [0.9987183  0.00128165] [0.87060356 0.12939647] [9.9954903e-01 4.5097046e-04] [9.7143650e-04 9.9902856e-01] [0.7121035  0.28789654] [9.9959886e-01 4.0113388e-04] [0.00831735 0.99168265] [0.99137825 0.00862175] [0.998932   0.00106801] [0.9959077  0.00409229] [0.9958266 0.0041734] [9.9983311e-01 1.6688924e-04] [0.9489408  0.05105919] [0.05847019 0.9415298 ] [0.48157746 0.51842254] [0.99627215 0.00372785] [0.17989385 0.82010615] [0.67309123 0.32690877] [9.9945337e-01 5.4662547e-04] [9.9985403e-01 1.4597666e-04] [0.9984498  0.00155018] [9.9985325e-01 1.4676049e-04] [0.9925179  0.00748211] [0.9659197  0.03408031] [0.9934737 0.0065263] [9.9947137e-01 5.2861666e-04] [0.00979966 0.99020034] [0.5732768  0.42672318] [0.01684189 0.9831581 ] [0.16608721 0.8339128 ] [9.9969798e-01 3.0204214e-04] [0.8580016  0.14199841] [0.98657894 0.01342105] [0.9925741  0.00742593] [0.90974474 0.09025525] [0.00720143 0.99279857] [0.97326237 0.02673763] [0.9576656  0.04233437] [0.9967215  0.00327847] [0.86689126 0.13310876] [0.13704693 0.86295307] [0.17457473 0.82542527] [0.02674156 0.97325844] [0.940719   0.05928102] [0.9682613  0.03173872] [0.00678974 0.99321026] [0.9935816 0.0064184] [0.71289384 0.28710613] [0.99144405 0.00855592] [0.9893506  0.01064936] [0.32049406 0.67950594] [0.9672755 0.0327245] [0.99183476 0.00816525] [0.9712082  0.02879179] [0.9876079  0.01239211] [0.8851377  0.11486232] [9.994779e-01 5.221029e-04] [0.9909012  0.00909884] [9.9978799e-01 2.1198638e-04] [0.87536234 0.12463769] [0.6028153  0.39718476] [0.644931   0.35506898] [0.47411972 0.5258803 ] [0.27597386 0.72402614] [0.07523233 0.9247677 ] [0.11154586 0.88845414] [0.99072015 0.00927982] [0.0104059 0.9895941] [0.9916249  0.00837511] [9.9984258e-01 1.5742215e-04] [0.59147537 0.40852466] [0.02054876 0.97945124] [9.9915415e-01 8.4582996e-04] [0.9959137  0.00408631] [9.9932170e-01 6.7831395e-04] [9.9991477e-01 8.5247426e-05] [0.04893494 0.95106506] [0.960994   0.03900602] [0.91219604 0.08780396] [0.51572406 0.48427597] [0.5378512  0.46214876] [0.99763465 0.00236536] [0.00268167 0.9973183 ] [0.97664267 0.02335735] [0.24627435 0.75372565] [0.46807867 0.5319213 ] [0.9958092  0.00419079] [0.98152816 0.01847182] [0.9770746 0.0229254] [0.9939325  0.00606752] [9.9957222e-01 4.2778268e-04] [0.87599933 0.12400069] [0.9976179 0.0023821] [0.7447897 0.2552103] [0.99866015 0.00133986] [0.8395872  0.16041282] [0.9386403  0.06135971] [0.9700281  0.02997187] [0.11362875 0.88637125] [0.2170282 0.7829718] [0.998843   0.00115699] [0.92971224 0.07028779] [0.9980265 0.0019735] [0.2483092 0.7516908] [0.953173 0.046827] [0.9899751  0.01002493] [0.08117557 0.91882443] [0.310884 0.689116] [0.6870642 0.3129358] [0.88601243 0.11398755] [0.02702874 0.97297126] [0.35796672 0.6420333 ] [0.99873173 0.00126829] [0.03917408 0.9608259 ] [0.4286782 0.5713218] [0.98845947 0.01154056] [0.45317543 0.5468246 ] [0.9963275  0.00367247] [0.9779762  0.02202378] [0.9965268  0.00347324] [0.48761976 0.51238024] [0.7520753  0.24792472] [0.9986228 0.0013772] [0.99211144 0.00788854] [0.09249735 0.90750265] [0.8981323  0.10186768] [9.9996340e-01 3.6625777e-05] [0.9864913 0.0135087],0 1 1 0 0 0 0 1 0 0 0 0 0 1 1 0 0 0 1 0 0 0 1 1 0 0 0 0 0 0 0 0 1 0 0 0 1 0 0 1 0 0 1 0 0 0 0 0 0 0 1 0 1 1 1 1 0 0 0 0 0 1 0 0 0 0 1 1 1 1 0 0 0 1 1 0 1 0 0 0 0 0 0 0 0 0 1 1 1 1 1 1 1 1 0 0 0 1 0 1 0 0 1 0 0 0 1 0 1 1 0 0 0 1 0 1 0 1 0 0 0 0 0 1 1 0 0 0 0 0 0 0 0 1 0 0 1 1 0 1 0 1 1 0 0 0 1 1 0 0 1 1 0 0
46921,1,xgboost,0.25,10000,10000,0.7402597402597403,0.8079629629629629,[0.6236583  0.37634173] [0.73954296 0.26045704] [0.9976382  0.00236178] [0.05075705 0.94924295] [0.99691576 0.00308425] [9.991456e-01 8.543790e-04] [0.01228106 0.98771894] [0.89114165 0.10885833] [0.16496134 0.83503866] [0.01316541 0.9868346 ] [0.00752664 0.99247336] [0.997305   0.00269505] [0.9361064  0.06389361] [0.02747262 0.9725274 ] [0.9827438  0.01725621] [0.36817044 0.63182956] [0.87950575 0.12049423] [0.9987494  0.00125061] [0.05908978 0.9409102 ] [0.93501586 0.06498413] [0.7571966  0.24280338] [0.9988226  0.00117736] [0.90770406 0.09229594] [0.10281545 0.89718455] [0.9977815 0.0022185] [0.00835824 0.99164176] [0.74028337 0.2597166 ] [0.8177551  0.18224488] [0.4969269 0.5030731] [0.0047133 0.9952867] [0.05057895 0.94942105] [0.00294733 0.99705267] [0.95535815 0.04464183] [0.99613017 0.00386984] [0.9567597  0.04324033] [0.8021053  0.19789469] [0.9440939  0.05590614] [0.40944636 0.59055364] [0.10468829 0.8953117 ] [9.9979323e-01 2.0677132e-04] [9.9930000e-01 6.9999264e-04] [0.76790994 0.23209006] [0.5350236  0.46497637] [0.9390234  0.06097661] [0.97707224 0.02292777] [0.02015233 0.97984767] [0.6194848 0.3805152] [9.996052e-01 3.948033e-04] [0.9984726  0.00152744] [0.97649515 0.02350485] [0.9984823 0.0015177] [9.9903172e-01 9.6828217e-04] [0.8618411  0.13815892] [0.99831784 0.00168217] [0.99612993 0.00387008] [0.07164872 0.9283513 ] [0.96791244 0.03208755] [0.51510775 0.48489222] [0.9278015  0.07219848] [0.99862456 0.00137541] [0.8286344  0.17136565] [0.7911977  0.20880227] [0.7467799 0.2532201] [0.14339751 0.8566025 ] [0.9498999  0.05010012] [0.28876543 0.71123457] [9.996635e-01 3.365491e-04] [0.329157 0.670843] [0.83957285 0.16042717] [0.03387392 0.9661261 ] [0.98681355 0.01318645] [0.47181553 0.5281845 ] [0.616051   0.38394898] [0.9971891 0.0028109] [0.98882306 0.01117697] [0.9894625  0.01053748] [9.9966872e-01 3.3125366e-04] [0.99103034 0.00896967] [0.99715203 0.00284795] [0.99675333 0.00324664] [0.01446819 0.9855318 ] [0.99312574 0.00687428] [0.9431654  0.05683455] [0.4723825 0.5276175] [0.940563   0.05943698] [0.9978575  0.00214251] [0.995455   0.00454495] [0.94624937 0.05375062] [9.994213e-01 5.787252e-04] [0.8591448  0.14085518] [0.6342724 0.3657276] [0.06739247 0.93260753] [0.9971965  0.00280348] [9.993727e-01 6.272730e-04] [0.9978916  0.00210838] [0.6633411 0.3366589] [0.99843174 0.00156824] [0.7629198  0.23708023] [9.9904925e-01 9.5075578e-04] [0.2747038 0.7252962] [0.8550972  0.14490286] [0.9917144 0.0082856] [0.00188625 0.99811375] [0.99598    0.00401996] [0.46081424 0.53918576] [0.65382224 0.34617776] [0.9985351 0.0014649] [0.997789   0.00221097] [0.01330274 0.98669726] [9.991616e-01 8.384287e-04] [0.35418165 0.64581835] [0.803399   0.19660097] [0.8349948  0.16500519] [0.9137934  0.08620661] [0.00418335 0.99581665] [0.99190134 0.00809867] [0.9736037  0.02639625] [0.68901813 0.31098184] [9.9981272e-01 1.8730422e-04] [0.9977608  0.00223924] [9.9964166e-01 3.5832968e-04] [0.9985269  0.00147315] [0.9961447  0.00385527] [0.0094313 0.9905687] [0.99253976 0.00746022] [0.04663491 0.9533651 ] [0.9964482  0.00355177] [0.9668055  0.03319446] [0.96305376 0.03694623] [0.9803231  0.01967691] [0.04638672 0.9536133 ] [0.14074123 0.8592588 ] [0.00213891 0.9978611 ] [9.9986857e-01 1.3140203e-04] [0.07324541 0.9267546 ] [0.30280042 0.6971996 ] [0.97307086 0.02692917] [0.16279083 0.83720917] [0.9939291  0.00607089] [0.9949701  0.00502994] [0.9688023  0.03119774] [0.00151891 0.9984811 ] [0.052984 0.947016] [9.9975705e-01 2.4294545e-04] [0.74859047 0.25140953] [0.97371095 0.02628904] [9.9986476e-01 1.3521744e-04] [0.9943663  0.00563373] [9.9980545e-01 1.9452766e-04] [0.99751616 0.00248384] [0.9877259  0.01227407] [0.99233764 0.00766233] [0.9922718 0.0077282] [0.9261497  0.07385029],1 0 0 1 0 0 1 1 1 1 1 0 1 1 0 0 1 0 1 0 0 0 1 1 0 1 0 0 1 1 1 1 0 0 0 0 0 0 0 0 1 0 0 1 0 1 1 0 0 0 0 0 1 0 0 0 0 0 1 0 1 0 0 1 0 0 0 1 0 1 0 0 1 0 0 0 0 0 0 1 0 0 1 0 0 0 0 1 0 0 1 0 0 0 0 1 0 0 0 0 0 0 1 0 0 0 1 0 0 1 0 1 0 1 1 1 0 0 0 0 0 0 0 1 0 1 0 0 1 1 1 1 1 0 0 1 0 1 0 0 0 1 1 0 1 0 0 0 0 0 0 0 0 1
46921,2,xgboost,0.25,10000,10000,0.7597402597402597,0.8175925925925925,[0.544669   0.45533103] [9.9902844e-01 9.7153767e-04] [0.906037   0.09396302] [0.5315677 0.4684323] [0.99555534 0.00444465] [0.5162277  0.48377225] [0.99683267 0.00316735] [0.98530734 0.01469267] [0.31281608 0.6871839 ] [0.92305535 0.07694466] [0.99703825 0.00296173] [0.8848245  0.11517549] [9.9969274e-01 3.0726139e-04] [0.99342644 0.00657358] [0.02838105 0.97161895] [0.00421292 0.9957871 ] [9.992149e-01 7.851129e-04] [0.10224074 0.89775926] [0.9986473  0.00135271] [0.14227754 0.85772246] [0.03396571 0.9660343 ] [0.9419622  0.05803781] [0.01133138 0.9886686 ] [9.991832e-01 8.168482e-04] [9.9928802e-01 7.1197835e-04] [9.9983251e-01 1.6746356e-04] [9.9964982e-01 3.5019033e-04] [0.00197995 0.99802005] [0.9920782  0.00792181] [9.9914575e-01 8.5424463e-04] [0.5093998 0.4906002] [0.00502646 0.99497354] [0.06166434 0.93833566] [9.9980181e-01 1.9821066e-04] [0.7511471 0.2488529] [0.9972481  0.00275187] [0.13091105 0.86908895] [0.98125875 0.01874122] [0.58662784 0.4133722 ] [9.9928474e-01 7.1524398e-04] [0.9933837  0.00661631] [0.9937676  0.00623238] [0.09869498 0.901305  ] [0.5595541  0.44044593] [0.00317043 0.99682957] [0.5603461  0.43965387] [0.8682883  0.13171172] [0.8339419  0.16605814] [0.9537     0.04629998] [0.82087207 0.17912796] [0.12036347 0.8796365 ] [0.99824286 0.00175715] [0.46161944 0.53838056] [9.9923766e-01 7.6233060e-04] [0.9544725  0.04552754] [0.9988637 0.0011363] [0.779603   0.22039703] [0.502441 0.497559] [0.9971239  0.00287612] [0.84359777 0.15640225] [0.2050739 0.7949261] [0.15604931 0.8439507 ] [0.9619554  0.03804456] [0.99814576 0.00185425] [0.99805295 0.00194703] [9.9989790e-01 1.0210066e-04] [0.00107139 0.9989286 ] [0.9949737  0.00502628] [0.9644855  0.03551448] [0.99407816 0.00592187] [0.9842451  0.01575487] [0.00530279 0.9946972 ] [0.00117439 0.9988256 ] [0.99827665 0.00172335] [0.01294547 0.9870545 ] [0.99443436 0.00556565] [0.9988718  0.00112817] [0.29853004 0.70146996] [0.9958878  0.00411221] [9.9915379e-01 8.4618456e-04] [0.98427576 0.01572423] [0.00192595 0.99807405] [0.8876636  0.11233638] [0.9981557 0.0018443] [0.61167336 0.38832662] [0.9824469  0.01755312] [0.9831968  0.01680321] [0.89422035 0.10577964] [0.97987026 0.02012972] [0.8705518  0.12944816] [0.9547236  0.04527641] [0.9966805  0.00331948] [0.9740367  0.02596329] [0.95863277 0.04136726] [0.11166537 0.88833463] [0.03850305 0.96149695] [0.1813119 0.8186881] [0.98266274 0.01733725] [0.99898386 0.00101613] [0.19894099 0.801059  ] [0.9924291  0.00757089] [9.9939966e-01 6.0031866e-04] [0.07581311 0.9241869 ] [0.00258029 0.9974197 ] [9.994167e-01 5.833077e-04] [9.9960113e-01 3.9887434e-04] [0.9433884  0.05661161] [9.9979639e-01 2.0359152e-04] [9.9967456e-01 3.2545289e-04] [0.9857006  0.01429939] [0.9531985 0.0468015] [0.6899395  0.31006053] [0.9778188  0.02218124] [0.65858066 0.3414193 ] [0.02924716 0.97075284] [0.30613482 0.6938652 ] [0.9321623  0.06783774] [0.9102646  0.08973537] [9.990824e-01 9.175914e-04] [0.07575649 0.9242435 ] [0.9558952  0.04410481] [9.9905998e-01 9.4003836e-04] [0.9700401  0.02995992] [0.99818975 0.00181024] [0.98999554 0.01000444] [0.0150491 0.9849509] [0.40193254 0.59806746] [0.52186537 0.47813463] [0.00374788 0.9962521 ] [9.9917233e-01 8.2764053e-04] [0.38324142 0.6167586 ] [0.95421296 0.04578701] [0.8947959  0.10520414] [0.00529122 0.9947088 ] [0.97575855 0.02424144] [9.9986815e-01 1.3187449e-04] [0.06773472 0.9322653 ] [0.20332628 0.7966737 ] [0.9964946 0.0035054] [9.995996e-01 4.004179e-04] [0.04557365 0.95442635] [0.44390208 0.5560979 ] [0.9906407 0.0093593] [9.992308e-01 7.691933e-04] [0.96760744 0.03239257] [0.00910395 0.99089605] [0.9743481  0.02565188] [0.24395448 0.7560455 ] [0.94284236 0.05715762] [0.92988783 0.07011216] [0.05685192 0.9431481 ] [9.9958873e-01 4.1126608e-04] [0.9935656  0.00643439] [0.0931626 0.9068374],1 0 1 0 0 1 1 0 0 1 0 0 0 0 1 1 0 1 0 1 1 0 1 0 0 0 1 0 0 0 0 1 0 0 1 0 1 0 0 0 0 0 1 1 1 0 0 0 0 0 1 0 0 0 0 0 0 0 0 0 1 1 0 0 0 0 1 0 1 0 0 1 1 0 0 1 0 0 1 0 0 1 1 1 1 0 0 0 0 1 0 0 1 0 1 1 1 1 0 0 0 0 0 1 0 0 0 0 0 0 0 0 0 1 0 1 0 0 0 0 0 0 0 0 0 1 0 1 1 0 1 1 1 1 0 0 1 0 0 0 1 0 1 0 0 0 0 1 0 1 1 0 0 1
46921,3,xgboost,0.25,10000,10000,0.7516339869281046,0.8169811320754716,[0.9842083  0.01579172] [0.9927831  0.00721685] [0.70470107 0.29529893] [9.9966669e-01 3.3333627e-04] [0.9978166  0.00218339] [0.0024184 0.9975816] [0.99569976 0.00430022] [0.8424371 0.1575629] [0.30285585 0.69714415] [0.09361929 0.9063807 ] [0.984362   0.01563797] [9.9917150e-01 8.2852814e-04] [0.9937595 0.0062405] [0.99686575 0.00313425] [0.9972721  0.00272792] [0.47867918 0.5213208 ] [9.9950260e-01 4.9740524e-04] [0.09122473 0.90877527] [0.97676253 0.02323747] [0.00846618 0.9915338 ] [0.99789816 0.00210182] [0.9943539 0.0056461] [0.1678406 0.8321594] [0.97126067 0.02873934] [0.99438447 0.00561555] [0.01428765 0.98571235] [0.9826348  0.01736523] [0.05860871 0.9413913 ] [0.9961454  0.00385455] [0.95381546 0.04618455] [0.99833596 0.00166402] [0.7911102 0.2088898] [0.4200731 0.5799269] [0.76105535 0.23894468] [0.04676634 0.95323366] [0.9287172 0.0712828] [0.9892056  0.01079439] [0.9740335  0.02596652] [0.03511888 0.9648811 ] [0.9933759  0.00662408] [0.45256406 0.54743594] [0.99714243 0.00285757] [0.772177 0.227823] [0.98270273 0.0172973 ] [9.9932545e-01 6.7452947e-04] [0.98082066 0.01917935] [0.31335026 0.68664974] [0.71833843 0.28166157] [0.994576   0.00542405] [0.98108566 0.01891434] [0.99888945 0.00111057] [0.9791067  0.02089327] [0.9989577 0.0010423] [0.9939883  0.00601174] [0.6890419 0.3109581] [0.432557 0.567443] [0.92633617 0.07366382] [0.98286784 0.01713218] [0.00689226 0.99310774] [0.9943444  0.00565558] [0.88454497 0.11545503] [0.9984589  0.00154107] [0.97722113 0.02277885] [0.9980361  0.00196389] [0.99722403 0.00277596] [0.99776727 0.00223276] [0.53235996 0.46764   ] [0.943889   0.05611095] [0.3803017 0.6196983] [9.9956393e-01 4.3609343e-04] [0.99234015 0.00765986] [0.00749284 0.99250716] [6.390214e-04 9.993610e-01] [0.7308569 0.2691431] [0.9960537  0.00394628] [9.9918586e-01 8.1414281e-04] [0.9934457 0.0065543] [0.04314053 0.95685947] [9.9983710e-01 1.6290377e-04] [0.94351697 0.05648303] [0.9763774  0.02362255] [0.4654764 0.5345236] [9.9981540e-01 1.8461408e-04] [0.70697784 0.29302216] [0.9498284  0.05017161] [0.98459417 0.01540582] [0.5259664  0.47403356] [0.99828833 0.00171168] [0.37587905 0.62412095] [0.03548187 0.96451813] [0.99813086 0.00186911] [0.9725916  0.02740843] [0.9481262  0.05187379] [0.01478422 0.9852158 ] [0.9880936  0.01190637] [0.6051527  0.39484727] [0.02593577 0.97406423] [0.58331776 0.4166822 ] [0.55268824 0.4473118 ] [0.9620547  0.03794525] [0.20370293 0.7962971 ] [0.55352247 0.44647756] [9.9918437e-01 8.1565621e-04] [0.08264208 0.9173579 ] [0.9967823  0.00321767] [0.9714047  0.02859532] [0.19820827 0.8017917 ] [0.46159238 0.5384076 ] [0.1466558 0.8533442] [0.7473116  0.25268838] [9.9928564e-01 7.1435433e-04] [0.3942697 0.6057303] [0.02754915 0.97245085] [0.99750894 0.00249104] [0.9898836  0.01011639] [0.9855946  0.01440545] [0.69789726 0.30210274] [0.9886435  0.01135647] [0.00289446 0.99710554] [0.87341225 0.12658773] [0.03329253 0.96670747] [0.38543135 0.61456865] [0.99784833 0.00215165] [0.5941298  0.40587023] [0.8348321  0.16516793] [0.10831326 0.89168674] [0.8525795  0.14742051] [0.29140592 0.7085941 ] [0.9802291 0.0197709] [9.999256e-01 7.436118e-05] [0.43897718 0.5610228 ] [0.05209225 0.94790775] [9.9953169e-01 4.6830418e-04] [0.53253174 0.4674683 ] [0.92540103 0.07459898] [0.9957799  0.00422015] [9.9951512e-01 4.8490704e-04] [0.9967742  0.00322582] [0.09193552 0.9080645 ] [0.6300875 0.3699125] [0.45774877 0.5422512 ] [0.02261049 0.9773895 ] [0.7250011  0.27499893] [0.59188247 0.40811753] [0.9936333  0.00636671] [0.952094   0.04790599] [0.84747946 0.15252051] [0.60377663 0.39622337] [0.9826685  0.01733148] [0.84125066 0.15874937] [0.9923969  0.00760309] [0.00993758 0.9900624 ] [9.9906504e-01 9.3492866e-04],0 1 1 0 1 1 0 0 1 1 0 0 0 0 0 0 0 1 0 1 1 1 1 1 0 1 0 0 0 0 0 1 0 0 1 0 0 0 1 0 0 0 0 0 0 0 1 0 1 0 0 0 0 0 1 0 1 0 1 0 1 0 0 0 0 0 0 0 1 0 0 0 1 0 0 0 0 1 0 1 1 1 0 0 0 0 1 0 1 1 0 0 0 0 0 0 1 1 0 0 1 0 0 0 0 0 0 1 1 1 0 1 1 0 0 0 1 0 1 1 1 0 0 1 0 0 1 1 0 0 0 1 0 0 0 0 0 0 1 0 0 1 1 0 0 1 0 1 0 1 0 0 0
46921,4,xgboost,0.25,10000,10000,0.7581699346405228,0.8349056603773586,[0.9764587  0.02354125] [0.9962172  0.00378278] [0.03252077 0.9674792 ] [0.1615938 0.8384062] [9.9936944e-01 6.3055678e-04] [0.13008517 0.8699148 ] [0.7706541  0.22934595] [0.99611735 0.00388264] [0.9979378  0.00206218] [0.9934763  0.00652374] [0.01752168 0.9824783 ] [0.8818334  0.11816664] [0.94732344 0.05267655] [9.9930894e-01 6.9103326e-04] [0.8279835  0.17201653] [0.9655655 0.0344345] [0.9782545  0.02174551] [0.87531644 0.12468357] [0.27579546 0.72420454] [0.7952393  0.20476064] [0.9966424  0.00335759] [0.22458369 0.7754163 ] [0.9845911 0.0154089] [9.9961197e-01 3.8800878e-04] [0.94675815 0.05324183] [0.9837357  0.01626433] [0.06160188 0.9383981 ] [9.996965e-01 3.035123e-04] [0.7751046  0.22489542] [0.36079168 0.6392083 ] [0.97718686 0.02281315] [9.9985200e-01 1.4802297e-04] [0.8239312  0.17606877] [0.9828074  0.01719261] [0.94084597 0.05915402] [0.03659856 0.96340144] [9.9937952e-01 6.2050245e-04] [0.12986517 0.87013483] [0.98370504 0.01629499] [9.9961394e-01 3.8608717e-04] [0.6721586  0.32784137] [0.8093222 0.1906778] [0.9973796  0.00262042] [0.9794154  0.02058458] [0.96450365 0.03549637] [9.991076e-01 8.923975e-04] [0.53407407 0.4659259 ] [0.1372168 0.8627832] [0.9985074 0.0014926] [0.9479329  0.05206712] [0.99854326 0.00145672] [0.73688734 0.2631127 ] [0.0078665 0.9921335] [0.13269764 0.86730236] [0.99077576 0.00922424] [0.10655242 0.8934476 ] [0.13555562 0.8644444 ] [0.9975508  0.00244919] [0.9329535  0.06704655] [9.994133e-01 5.866605e-04] [0.3521837 0.6478163] [0.8626677  0.13733232] [0.9298879  0.07011212] [0.99876714 0.00123285] [0.97781754 0.02218246] [9.990356e-01 9.644171e-04] [9.995534e-01 4.466373e-04] [0.2716481 0.7283519] [0.7683732  0.23162682] [9.990029e-01 9.971168e-04] [0.90516645 0.09483355] [0.91933703 0.08066298] [0.02475023 0.97524977] [0.9669825  0.03301751] [9.9987984e-01 1.2018804e-04] [0.9917737  0.00822629] [0.8971051  0.10289491] [0.1351459 0.8648541] [0.04324549 0.9567545 ] [0.91970617 0.08029383] [0.9988604  0.00113957] [0.04438883 0.95561117] [0.99818957 0.00181043] [0.7986696  0.20133044] [0.9045579  0.09544211] [0.9559932  0.04400682] [0.09328997 0.90671   ] [0.01061076 0.98938924] [0.9981885  0.00181153] [0.9987619 0.0012381] [0.10750699 0.892493  ] [0.71798104 0.28201896] [0.07699692 0.9230031 ] [0.98365116 0.01634887] [0.7586266  0.24137345] [0.30751294 0.69248706] [0.9975353  0.00246473] [0.98966116 0.01033882] [0.9851725  0.01482752] [0.8856957 0.1143043] [9.991448e-01 8.551833e-04] [0.99840236 0.00159763] [0.6405427 0.3594573] [9.9934024e-01 6.5975578e-04] [0.90645057 0.09354943] [0.96612734 0.03387268] [0.48185247 0.5181475 ] [0.1733107 0.8266893] [0.98420644 0.01579357] [0.98859686 0.01140312] [0.9922634  0.00773663] [0.8254894 0.1745106] [0.9960494  0.00395058] [0.8804209  0.11957911] [0.01537955 0.98462045] [0.00114071 0.9988593 ] [0.9972305  0.00276949] [0.56114006 0.43885997] [0.9940624  0.00593756] [0.8185997  0.18140028] [9.993770e-01 6.230121e-04] [9.9945408e-01 5.4589025e-04] [0.38480872 0.6151913 ] [0.30206823 0.69793177] [0.99177 0.00823] [0.9680282  0.03197181] [0.12983537 0.87016463] [0.21102536 0.78897464] [0.06979454 0.93020546] [0.18703222 0.8129678 ] [9.9981683e-01 1.8317837e-04] [0.99613667 0.0038633 ] [0.95912814 0.04087185] [0.06257623 0.93742377] [0.04863411 0.9513659 ] [0.9980697  0.00193031] [0.9989948  0.00100516] [9.9994516e-01 5.4852801e-05] [0.07811093 0.92188907] [9.9983001e-01 1.6996637e-04] [0.9981684  0.00183156] [0.76312363 0.2368764 ] [0.2556514 0.7443486] [0.89689845 0.10310157] [0.99773765 0.00226233] [0.31679583 0.6832042 ] [0.05021483 0.9497852 ] [9.9928474e-01 7.1527809e-04] [0.01630574 0.98369426] [0.98390096 0.01609901] [0.95287377 0.04712622] [0.0870052 0.9129948] [0.9301923  0.06980769],1 0 1 1 0 1 0 0 0 0 1 1 0 0 0 0 0 0 1 0 0 1 0 0 0 1 1 0 0 0 0 0 1 0 1 1 0 0 1 0 1 1 0 0 0 0 1 1 0 0 0 0 1 0 0 1 1 0 1 0 1 0 1 0 1 0 0 0 1 0 1 1 1 0 0 0 1 1 1 0 0 0 0 0 0 1 1 1 0 0 1 0 1 0 0 0 0 0 1 0 0 0 1 0 0 1 0 0 0 0 1 0 0 1 0 0 0 0 0 1 0 0 0 1 0 0 1 1 1 0 0 0 0 1 0 0 0 0 1 0 0 0 1 0 0 0 1 0 1 0 0 1 0
46921,0,xgboost,0.25,20000,20000,0.7662337662337663,0.8112962962962963,[0.06058621 0.9394138 ] [0.00201863 0.99798137] [0.20548236 0.79451764] [0.930007   0.06999299] [0.92794776 0.07205226] [0.02530366 0.97469634] [0.9502812  0.04971878] [0.4733194 0.5266806] [0.99879605 0.00120393] [0.9751358  0.02486418] [0.98381245 0.01618753] [0.9959467  0.00405328] [0.88132536 0.11867465] [0.02288747 0.97711253] [0.43627036 0.56372964] [0.04078275 0.95921725] [0.79442686 0.20557314] [0.9988125  0.00118753] [0.22094381 0.7790562 ] [0.02661204 0.97338796] [0.42369592 0.5763041 ] [0.3443085 0.6556915] [0.00339878 0.9966012 ] [0.9979891 0.0020109] [0.9989024  0.00109761] [0.9690494  0.03095062] [0.963673 0.036327] [0.91257477 0.08742522] [0.9977686  0.00223139] [0.0018037 0.9981963] [0.26718748 0.7328125 ] [9.994568e-01 5.431965e-04] [0.00607228 0.9939277 ] [0.95857394 0.04142604] [0.99877    0.00123002] [0.99899316 0.00100684] [0.92242265 0.07757735] [9.9977118e-01 2.2880036e-04] [0.8649889  0.13501109] [0.04416585 0.95583415] [0.04632396 0.95367604] [0.99778426 0.00221573] [0.18167704 0.81832296] [0.9745893  0.02541072] [9.9918014e-01 8.1986719e-04] [0.9937558  0.00624419] [0.9986844  0.00131562] [0.9956568  0.00434319] [9.991387e-01 8.612781e-04] [0.9897232  0.01027678] [0.9978889  0.00211111] [9.9994326e-01 5.6762710e-05] [0.01848179 0.9815182 ] [0.88014007 0.1198599 ] [0.11893994 0.88106006] [0.17754835 0.82245165] [0.99733144 0.00266858] [0.26980978 0.7301902 ] [0.9477078  0.05229224] [0.9976958  0.00230418] [0.98732376 0.01267625] [1.9747019e-04 9.9980253e-01] [0.95340985 0.04659014] [0.8939281  0.10607188] [0.96930903 0.03069098] [0.8848255  0.11517449] [0.21305567 0.7869443 ] [0.39873755 0.60126245] [0.01648778 0.9835122 ] [0.99325025 0.00674974] [0.9952982  0.00470177] [4.9173832e-04 9.9950826e-01] [0.99339396 0.00660604] [0.4160064 0.5839936] [0.9451784  0.05482164] [0.99239963 0.00760034] [0.06027591 0.9397241 ] [0.53484833 0.4651517 ] [0.9887952  0.01120479] [0.79777956 0.20222047] [9.993997e-01 6.002517e-04] [0.99114865 0.00885135] [0.99776995 0.00223004] [0.99161094 0.00838905] [9.9953526e-01 4.6476314e-04] [0.95223886 0.04776116] [0.33715504 0.66284496] [0.71155196 0.28844804] [0.04957294 0.95042706] [0.07079637 0.9292036 ] [0.03078324 0.96921676] [0.93545896 0.06454103] [0.98968995 0.01031008] [0.22986752 0.7701325 ] [0.9970527  0.00294725] [0.9972702  0.00272978] [0.84185433 0.1581457 ] [0.01050967 0.98949033] [9.9949342e-01 5.0658017e-04] [0.9818221  0.01817794] [0.9862347  0.01376529] [9.9935025e-01 6.4972241e-04] [0.04268247 0.95731753] [0.9862725  0.01372748] [0.9502975  0.04970251] [0.22991359 0.7700864 ] [0.9936135  0.00638655] [0.9958192  0.00418079] [0.02312869 0.9768713 ] [0.8792386  0.12076138] [0.92078704 0.07921297] [0.78890747 0.21109253] [0.98833025 0.01166976] [0.9697345  0.03026552] [0.82943285 0.17056713] [0.95817536 0.04182462] [9.9978906e-01 2.1094517e-04] [0.41329294 0.58670706] [0.99601144 0.00398857] [0.6623534  0.33764657] [0.9987278  0.00127219] [0.891878   0.10812198] [0.9977628 0.0022372] [0.4260099 0.5739901] [0.6895168 0.3104832] [0.33921695 0.66078305] [0.99778324 0.00221673] [0.3982364 0.6017636] [9.9957222e-01 4.2776394e-04] [0.861638   0.13836198] [0.9986425  0.00135752] [0.9909611  0.00903894] [0.5279839 0.4720161] [0.6951957  0.30480433] [0.70082724 0.29917276] [0.9981637  0.00183631] [0.04542029 0.9545797 ] [0.87763846 0.12236157] [9.9915516e-01 8.4482506e-04] [0.01256114 0.98743886] [0.99725413 0.00274588] [0.9866137  0.01338629] [0.7876841 0.2123159] [0.97386426 0.02613572] [0.99559325 0.00440672] [0.9989739 0.0010261] [0.90282077 0.09717924] [0.70217127 0.29782873] [0.9963695  0.00363053] [0.9756791  0.02432088] [0.02402759 0.9759724 ] [0.9466115  0.05338848] [9.9983865e-01 1.6134707e-04] [0.9888082  0.01119178],0 1 1 0 0 0 0 1 0 0 0 0 0 1 1 0 0 0 1 0 0 0 1 1 0 0 0 0 0 0 0 0 1 0 0 0 1 0 0 1 0 0 1 0 0 0 0 0 0 0 1 0 1 1 1 1 0 0 0 0 0 1 0 0 0 0 1 1 1 1 0 0 0 1 1 0 1 0 0 0 0 0 0 0 0 0 1 1 1 1 1 1 1 1 0 0 0 1 0 1 0 0 1 0 0 0 1 0 1 1 0 0 0 1 0 1 0 1 0 0 0 0 0 1 1 0 0 0 0 0 0 0 0 1 0 0 1 1 0 1 0 1 1 0 0 0 1 1 0 0 1 1 0 0
46921,1,xgboost,0.25,20000,20000,0.7532467532467533,0.82,[0.21834576 0.78165424] [0.89477664 0.10522337] [0.9628754  0.03712456] [0.03878772 0.9612123 ] [0.996743   0.00325699] [9.996016e-01 3.984183e-04] [0.00273716 0.99726284] [0.9860241  0.01397589] [0.79792345 0.20207654] [0.01547199 0.984528  ] [0.2968958 0.7031042] [0.998555   0.00144498] [0.9660086  0.03399142] [0.01538748 0.9846125 ] [0.9844186  0.01558144] [0.3832093 0.6167907] [0.93726367 0.06273633] [0.99781924 0.00218073] [0.03466231 0.9653377 ] [0.9578286 0.0421714] [0.95952326 0.04047672] [0.99789894 0.00210109] [0.59833884 0.40166116] [0.00956267 0.9904373 ] [0.9961025  0.00389747] [0.02629936 0.97370064] [0.45628697 0.54371303] [0.5583823  0.44161776] [0.6285854 0.3714146] [0.09672719 0.9032728 ] [0.08960015 0.91039985] [0.0018605 0.9981395] [0.98617446 0.01382553] [9.9939740e-01 6.0262025e-04] [0.95946467 0.04053531] [0.47683454 0.52316546] [0.92017066 0.07982936] [0.9394833  0.06051673] [0.33981436 0.66018564] [9.9937028e-01 6.2975136e-04] [0.97876495 0.02123503] [0.38038063 0.61961937] [0.99889696 0.00110307] [0.5330101 0.4669899] [0.7449589  0.25504112] [0.00533569 0.9946643 ] [0.6738025  0.32619753] [9.9994844e-01 5.1549512e-05] [0.99639124 0.00360877] [0.98462045 0.01537955] [0.9930315  0.00696847] [9.9958354e-01 4.1647343e-04] [0.9423623  0.05763768] [0.97379756 0.02620247] [0.9918675  0.00813251] [0.00503105 0.99496895] [0.94297576 0.05702424] [0.5231255 0.4768745] [0.88410974 0.11589029] [0.9950359  0.00496413] [0.9220626  0.07793742] [0.95718455 0.04281543] [0.75379896 0.24620107] [0.00607556 0.99392444] [0.97298175 0.02701823] [0.9432401  0.05675988] [9.996861e-01 3.138698e-04] [0.97089285 0.02910714] [0.76987255 0.23012745] [0.11980671 0.8801933 ] [9.9954194e-01 4.5804580e-04] [0.8935654  0.10643461] [0.75696045 0.24303956] [0.9976675  0.00233251] [0.82068163 0.17931838] [0.9446811  0.05531889] [0.9983837 0.0016163] [0.9968012  0.00319882] [0.98660684 0.01339318] [0.9320543  0.06794572] [0.02702874 0.97297126] [0.82158875 0.17841128] [0.95960325 0.04039676] [0.43034846 0.56965154] [0.680279   0.31972098] [0.9975853  0.00241472] [0.99814135 0.00185863] [0.9103734  0.08962663] [9.9987662e-01 1.2339964e-04] [0.580529 0.419471] [0.9650283  0.03497174] [0.32208985 0.67791015] [0.9980077 0.0019923] [0.99174726 0.00825275] [0.99619645 0.00380357] [0.7969625  0.20303749] [0.9620365  0.03796354] [0.88609374 0.11390629] [0.9889971  0.01100292] [0.9274245  0.07257551] [0.29242647 0.70757353] [0.99673414 0.00326586] [0.00266474 0.99733526] [9.994404e-01 5.596365e-04] [0.98837787 0.01162214] [0.95283365 0.04716636] [0.9759184  0.02408156] [0.9983757 0.0016243] [0.01375598 0.986244  ] [0.9965224  0.00347754] [0.88920677 0.11079326] [0.65107477 0.34892523] [0.8784163 0.1215837] [0.14080226 0.85919774] [0.00458181 0.9954182 ] [0.89598405 0.10401592] [0.9857246  0.01427534] [0.8893255  0.11067449] [0.9978043  0.00219569] [9.9926376e-01 7.3622394e-04] [0.9967892  0.00321077] [0.99575603 0.00424399] [0.989631   0.01036902] [0.06451327 0.93548673] [0.9679865  0.03201349] [0.06708658 0.9329134 ] [0.98955894 0.01044104] [0.95745844 0.04254156] [0.9982752  0.00172477] [0.39671516 0.60328484] [0.03294694 0.96705306] [0.07604516 0.92395484] [0.0085277 0.9914723] [9.9988306e-01 1.1693427e-04] [0.01702023 0.9829798 ] [0.83922744 0.16077255] [0.9924172  0.00758276] [0.41602576 0.58397424] [9.9945188e-01 5.4814084e-04] [0.97165906 0.02834096] [0.99225235 0.00774767] [0.10155439 0.8984456 ] [0.4879567 0.5120433] [9.9983293e-01 1.6704334e-04] [0.2718734 0.7281266] [0.99824095 0.00175906] [9.992808e-01 7.191778e-04] [0.9977876  0.00221243] [9.9977487e-01 2.2511778e-04] [0.9924015  0.00759853] [0.8974223  0.10257771] [0.9763913  0.02360866] [0.86995816 0.13004185] [0.9886756  0.01132442],1 0 0 1 0 0 1 1 1 1 1 0 1 1 0 0 1 0 1 0 0 0 1 1 0 1 0 0 1 1 1 1 0 0 0 0 0 0 0 0 1 0 0 1 0 1 1 0 0 0 0 0 1 0 0 0 0 0 1 0 1 0 0 1 0 0 0 1 0 1 0 0 1 0 0 0 0 0 0 1 0 0 1 0 0 0 0 1 0 0 1 0 0 0 0 1 0 0 0 0 0 0 1 0 0 0 1 0 0 1 0 1 0 1 1 1 0 0 0 0 0 0 0 1 0 1 0 0 1 1 1 1 1 0 0 1 0 1 0 0 0 1 1 0 1 0 0 0 0 0 0 0 0 1
46921,2,xgboost,0.25,20000,20000,0.8051948051948052,0.8344444444444445,[0.1589629 0.8410371] [0.99729073 0.00270926] [0.98704284 0.01295718] [0.9955493  0.00445068] [0.96930575 0.03069424] [0.3759008 0.6240992] [0.98692894 0.01307106] [0.9238716  0.07612843] [0.5516293  0.44837067] [0.80521476 0.19478524] [0.936075   0.06392504] [0.47180307 0.52819693] [9.9976712e-01 2.3288548e-04] [0.9953197  0.00468025] [0.0766331 0.9233669] [0.00280595 0.99719405] [0.9925081  0.00749186] [0.22595966 0.77404034] [9.996838e-01 3.162059e-04] [0.1272716 0.8727284] [0.00875968 0.9912403 ] [0.872136   0.12786402] [0.003088 0.996912] [9.9981356e-01 1.8641638e-04] [0.99534065 0.00465936] [9.9990815e-01 9.1833062e-05] [9.993457e-01 6.542865e-04] [0.00169975 0.99830025] [0.84250927 0.15749073] [0.9968628  0.00313716] [0.4663205 0.5336795] [0.00901777 0.99098223] [0.6455021 0.3544979] [9.9972683e-01 2.7315569e-04] [0.3763312 0.6236688] [0.99708956 0.00291045] [0.07094413 0.92905587] [9.995668e-01 4.331900e-04] [0.88285875 0.11714122] [9.9993783e-01 6.2175241e-05] [0.98038083 0.01961917] [9.9902439e-01 9.7558653e-04] [0.099316 0.900684] [0.48900217 0.51099783] [0.00508678 0.9949132 ] [9.993780e-01 6.219848e-04] [0.99406976 0.00593025] [0.90701383 0.09298615] [0.7773353  0.22266473] [0.69706726 0.30293274] [0.01539141 0.9846086 ] [0.99619114 0.00380886] [0.764939   0.23506097] [9.9923688e-01 7.6314464e-04] [0.9691308 0.0308692] [9.996205e-01 3.794927e-04] [0.9748344  0.02516562] [0.00769651 0.9923035 ] [0.98211384 0.01788616] [0.5216092  0.47839078] [0.40208352 0.5979165 ] [0.02359533 0.97640467] [0.99657315 0.00342686] [9.9981081e-01 1.8919625e-04] [9.992051e-01 7.949129e-04] [9.9986851e-01 1.3150419e-04] [0.00714821 0.9928518 ] [0.9935725  0.00642751] [0.95130384 0.04869618] [0.99294394 0.00705606] [0.86516297 0.134837  ] [0.00182998 0.99817   ] [0.00532591 0.9946741 ] [0.9722942  0.02770581] [0.00269186 0.99730814] [0.9918107  0.00818932] [9.9974722e-01 2.5280254e-04] [0.53880274 0.46119726] [0.9884659  0.01153407] [9.9916679e-01 8.3323626e-04] [0.9900058  0.00999421] [0.0028007 0.9971993] [0.9789562  0.02104379] [0.985497   0.01450299] [0.39691645 0.60308355] [9.996137e-01 3.863156e-04] [0.9927137  0.00728629] [0.99883294 0.00116707] [0.9734289  0.02657111] [0.9114034 0.0885966] [0.9090409  0.09095909] [0.9831783 0.0168217] [0.9733465  0.02665353] [0.972078   0.02792197] [0.02093047 0.97906953] [0.22003406 0.77996594] [0.00436491 0.9956351 ] [0.9846829  0.01531707] [9.9976492e-01 2.3509325e-04] [0.8976069  0.10239311] [0.99289006 0.00710994] [9.9904561e-01 9.5439114e-04] [0.2994408 0.7005592] [0.00130105 0.99869895] [9.9976605e-01 2.3395196e-04] [0.98553437 0.01446565] [0.9963855  0.00361449] [9.9975413e-01 2.4586407e-04] [0.9589583  0.04104168] [0.9972841  0.00271589] [0.99139875 0.00860122] [0.9845451  0.01545489] [0.8919363  0.10806372] [0.12943912 0.8705609 ] [0.09869236 0.90130764] [0.29339933 0.70660067] [0.98681974 0.01318024] [0.99063057 0.00936942] [9.9952686e-01 4.7316423e-04] [0.4167909 0.5832091] [0.4678548 0.5321452] [0.9987764  0.00122364] [0.968719 0.031281] [0.9758106  0.02418944] [0.9881715  0.01182848] [0.00888091 0.9911191 ] [0.15781242 0.8421876 ] [0.97054905 0.02945093] [0.01354259 0.9864574 ] [9.992568e-01 7.432398e-04] [0.42480457 0.57519543] [0.94012785 0.05987216] [0.9248018  0.07519815] [0.49745023 0.50254977] [0.76811934 0.23188068] [9.9983817e-01 1.6182345e-04] [0.06099457 0.93900543] [0.40091705 0.59908295] [0.99842757 0.00157244] [0.9977985  0.00220152] [0.02687591 0.9731241 ] [0.8962894  0.10371057] [0.9948465  0.00515348] [0.99870425 0.00129576] [0.72048026 0.27951974] [0.2761668 0.7238332] [0.99550766 0.00449234] [0.947      0.05299999] [0.995299   0.00470103] [0.9084094  0.09159059] [0.15862137 0.8413786 ] [9.996620e-01 3.380118e-04] [0.99675584 0.00324415] [0.02464634 0.97535366],1 0 1 0 0 1 1 0 0 1 0 0 0 0 1 1 0 1 0 1 1 0 1 0 0 0 1 0 0 0 0 1 0 0 1 0 1 0 0 0 0 0 1 1 1 0 0 0 0 0 1 0 0 0 0 0 0 0 0 0 1 1 0 0 0 0 1 0 1 0 0 1 1 0 0 1 0 0 1 0 0 1 1 1 1 0 0 0 0 1 0 0 1 0 1 1 1 1 0 0 0 0 0 1 0 0 0 0 0 0 0 0 0 1 0 1 0 0 0 0 0 0 0 0 0 1 0 1 1 0 1 1 1 1 0 0 1 0 0 0 1 0 1 0 0 0 0 1 0 1 1 0 0 1
46921,3,xgboost,0.25,20000,20000,0.7908496732026143,0.8279245283018868,[0.6345953  0.36540473] [0.99874    0.00126001] [0.82761866 0.17238133] [0.98050904 0.01949099] [0.9928017  0.00719826] [0.01082718 0.9891728 ] [9.9962157e-01 3.7844558e-04] [0.8451996  0.15480039] [0.20805633 0.79194367] [0.04096788 0.9590321 ] [0.9812498  0.01875018] [9.990239e-01 9.760633e-04] [0.9964069  0.00359309] [9.9954969e-01 4.5031213e-04] [0.9850915  0.01490852] [0.95252097 0.04747903] [0.99599075 0.00400925] [0.15455633 0.84544367] [0.7760384  0.22396158] [0.01262879 0.9873712 ] [0.9648604  0.03513964] [0.96019065 0.03980934] [0.41472936 0.58527064] [0.9969673  0.00303266] [0.678904 0.321096] [0.00824368 0.9917563 ] [0.8435091 0.1564909] [0.03318465 0.96681535] [0.9919559  0.00804415] [0.99835366 0.00164637] [0.9977094  0.00229064] [0.9813877 0.0186123] [0.94229215 0.05770787] [0.8825922  0.11740779] [0.21777838 0.7822216 ] [0.9938046  0.00619544] [0.99595517 0.00404483] [0.7090366  0.29096344] [0.0481593 0.9518407] [0.99012065 0.00987938] [0.9437629  0.05623708] [9.9913245e-01 8.6757087e-04] [0.8174372  0.18256286] [0.9809851  0.01901491] [9.9918479e-01 8.1519235e-04] [0.9350529  0.06494711] [0.30799443 0.6920056 ] [0.7625847  0.23741533] [0.92649734 0.07350265] [0.9155672  0.08443278] [0.99835867 0.00164134] [0.9982412 0.0017588] [0.9988546  0.00114543] [0.9962276 0.0037724] [0.4582728 0.5417272] [0.98651326 0.01348674] [0.8539     0.14609998] [0.9870006  0.01299944] [0.02552491 0.9744751 ] [0.9951673  0.00483268] [0.50538063 0.49461937] [9.991483e-01 8.517149e-04] [0.94010866 0.05989133] [0.9953154  0.00468462] [9.991202e-01 8.798417e-04] [0.9664965  0.03350345] [0.61340845 0.38659152] [0.96888494 0.03111504] [0.06127965 0.93872035] [0.99873537 0.00126461] [0.9903216  0.00967845] [0.00402313 0.99597687] [0.00320005 0.99679995] [0.27139622 0.7286038 ] [0.98444057 0.01555945] [0.99604356 0.00395646] [0.9873131  0.01268692] [0.02089369 0.9791063 ] [0.99888223 0.00111777] [0.65687275 0.34312722] [0.90416574 0.09583423] [0.65750444 0.34249556] [0.9985458  0.00145419] [0.89919984 0.10080015] [0.3165667 0.6834333] [0.760276 0.239724] [0.98445606 0.01554395] [9.9987239e-01 1.2762622e-04] [0.15187514 0.84812486] [0.00448281 0.9955172 ] [0.99894947 0.00105052] [0.9212613  0.07873866] [0.9539068 0.0460932] [0.6135609  0.38643906] [0.9740799  0.02592009] [0.17614383 0.8238562 ] [0.26465 0.73535] [0.95075595 0.04924403] [0.32468724 0.67531276] [0.9444062  0.05559377] [0.16534209 0.8346579 ] [0.2085883 0.7914117] [0.9959756  0.00402439] [0.19099885 0.80900115] [0.95447147 0.04552855] [0.95940804 0.04059195] [0.579551 0.420449] [0.41554296 0.58445704] [0.00971723 0.9902828 ] [0.20339614 0.79660386] [0.9979228  0.00207724] [0.9103291 0.0896709] [0.00558627 0.99441373] [0.99279267 0.00720733] [0.9746702  0.02532984] [0.9944956  0.00550443] [0.56721747 0.43278253] [0.9171084  0.08289158] [0.00880539 0.9911946 ] [0.95308375 0.04691623] [0.00320548 0.9967945 ] [0.9218013  0.07819869] [9.9956584e-01 4.3418448e-04] [0.4866705 0.5133295] [0.99450684 0.00549314] [0.01373905 0.98626095] [0.958202   0.04179797] [0.11796629 0.8820337 ] [9.990948e-01 9.052391e-04] [9.9961007e-01 3.8995891e-04] [0.60841286 0.39158714] [0.00391448 0.9960855 ] [0.99131435 0.00868564] [0.97744805 0.02255195] [0.9107165  0.08928354] [0.99711186 0.00288814] [0.9979495  0.00205053] [0.8900289 0.1099711] [0.12619632 0.8738037 ] [0.8619498 0.1380502] [0.98598844 0.01401156] [0.17158431 0.8284157 ] [0.5944282  0.40557182] [0.96757555 0.03242444] [9.9968702e-01 3.1297846e-04] [0.9523237  0.04767632] [0.61214113 0.38785887] [0.15453082 0.8454692 ] [0.9785247  0.02147531] [0.7455139  0.25448605] [0.9884059  0.01159414] [0.01202106 0.98797894] [9.9921244e-01 7.8753720e-04],0 1 1 0 1 1 0 0 1 1 0 0 0 0 0 0 0 1 0 1 1 1 1 1 0 1 0 0 0 0 0 1 0 0 1 0 0 0 1 0 0 0 0 0 0 0 1 0 1 0 0 0 0 0 1 0 1 0 1 0 1 0 0 0 0 0 0 0 1 0 0 0 1 0 0 0 0 1 0 1 1 1 0 0 0 0 1 0 1 1 0 0 0 0 0 0 1 1 0 0 1 0 0 0 0 0 0 1 1 1 0 1 1 0 0 0 1 0 1 1 1 0 0 1 0 0 1 1 0 0 0 1 0 0 0 0 0 0 1 0 0 1 1 0 0 1 0 1 0 1 0 0 0
46921,4,xgboost,0.25,20000,20000,0.7712418300653595,0.8184905660377358,[0.9087825 0.0912175] [0.996554 0.003446] [0.01390612 0.9860939 ] [0.14156938 0.8584306 ] [9.9925387e-01 7.4615126e-04] [0.49999046 0.50000954] [0.31485224 0.68514776] [0.9883549 0.0116451] [0.9989453 0.0010547] [0.9972009  0.00279909] [0.02123708 0.9787629 ] [0.41385543 0.58614457] [0.8717238  0.12827621] [0.9976432  0.00235684] [0.8007393  0.19926073] [0.97420144 0.02579855] [0.9835872  0.01641279] [0.9500887  0.04991135] [0.8010257 0.1989743] [0.93428934 0.06571067] [0.9002426  0.09975736] [0.06494403 0.935056  ] [0.9987976  0.00120242] [0.99830925 0.00169074] [0.98577166 0.01422834] [0.93072426 0.06927571] [0.00931424 0.99068576] [9.9965084e-01 3.4914241e-04] [0.97295904 0.02704098] [0.02689576 0.97310424] [0.96286213 0.03713786] [9.9919832e-01 8.0170424e-04] [0.98515743 0.01484254] [0.996014   0.00398599] [0.6752312  0.32476878] [0.41352028 0.5864797 ] [0.99799234 0.00200768] [0.5804931  0.41950688] [0.98882556 0.01117442] [9.9983412e-01 1.6590094e-04] [0.40879375 0.59120625] [0.9753953  0.02460466] [0.9980071  0.00199291] [0.8995675  0.10043249] [0.9987018  0.00129822] [9.9975944e-01 2.4054149e-04] [0.24348229 0.7565177 ] [0.35889596 0.64110404] [0.98135245 0.01864756] [0.89436376 0.10563627] [0.9898654 0.0101346] [0.95256275 0.04743724] [0.04006344 0.95993656] [0.66958714 0.33041286] [0.99636704 0.00363296] [0.09252185 0.90747815] [0.01834559 0.9816544 ] [0.99745554 0.00254447] [0.9450329  0.05496709] [9.994775e-01 5.225099e-04] [0.4283849 0.5716151] [0.45512575 0.54487425] [0.90700406 0.09299596] [9.992505e-01 7.495214e-04] [0.8905298 0.1094702] [0.9973459  0.00265408] [9.9941784e-01 5.8215880e-04] [0.84543866 0.15456133] [0.44399458 0.5560054 ] [0.99877375 0.00122626] [0.99586594 0.00413409] [0.93493885 0.06506114] [0.06449121 0.9355088 ] [0.9491854 0.0508146] [0.99686384 0.00313615] [0.99363786 0.00636214] [0.9273146 0.0726854] [0.465303 0.534697] [0.05289561 0.9471044 ] [0.78695947 0.21304055] [0.99800944 0.00199055] [0.3902037 0.6097963] [9.9963868e-01 3.6132746e-04] [0.89821047 0.10178951] [0.9931079  0.00689208] [0.90468836 0.09531165] [0.40644503 0.593555  ] [0.04532152 0.9546785 ] [9.9988240e-01 1.1762519e-04] [0.99763054 0.00236947] [0.46138453 0.53861547] [0.40288675 0.59711325] [0.01549345 0.98450655] [0.8375026 0.1624974] [0.5952678  0.40473226] [0.97875285 0.02124715] [0.9989743  0.00102569] [0.9920232  0.00797678] [0.98588336 0.01411666] [0.9040051  0.09599488] [0.99786377 0.00213625] [0.9989729  0.00102712] [0.52881885 0.47118118] [0.976016   0.02398399] [0.8999487 0.1000513] [0.98923534 0.01076467] [0.9718602  0.02813984] [0.7098831  0.29011694] [0.982779   0.01722099] [0.9963088  0.00369118] [0.99826    0.00173999] [0.5388635  0.46113652] [0.99583215 0.00416783] [0.95704484 0.04295518] [0.01739383 0.9826062 ] [0.00485837 0.9951416 ] [0.99833155 0.00166846] [0.3775198 0.6224802] [0.9914583  0.00854169] [0.71841776 0.28158227] [9.993065e-01 6.935139e-04] [0.9936138  0.00638623] [0.13549674 0.86450326] [0.6796998 0.3203002] [0.9652773  0.03472267] [0.8878555 0.1121445] [0.6178602  0.38213983] [0.4439174 0.5560826] [0.11798 0.88202] [0.47412652 0.5258735 ] [9.995330e-01 4.670034e-04] [0.9754453  0.02455476] [0.4420612 0.5579388] [0.00869411 0.9913059 ] [0.06376475 0.93623525] [0.9973483  0.00265169] [0.99637985 0.00362013] [9.9966973e-01 3.3024559e-04] [0.08395368 0.9160463 ] [9.996945e-01 3.054753e-04] [0.9894094  0.01059059] [0.58095455 0.41904548] [0.19986087 0.8001391 ] [0.6430634  0.35693657] [9.9949324e-01 5.0677964e-04] [0.95981073 0.04018924] [0.02076018 0.9792398 ] [9.9969763e-01 3.0234727e-04] [0.21539068 0.7846093 ] [0.9958461  0.00415389] [0.9315518  0.06844821] [0.05656767 0.94343233] [0.19402808 0.8059719 ],1 0 1 1 0 1 0 0 0 0 1 1 0 0 0 0 0 0 1 0 0 1 0 0 0 1 1 0 0 0 0 0 1 0 1 1 0 0 1 0 1 1 0 0 0 0 1 1 0 0 0 0 1 0 0 1 1 0 1 0 1 0 1 0 1 0 0 0 1 0 1 1 1 0 0 0 1 1 1 0 0 0 0 0 0 1 1 1 0 0 1 0 1 0 0 0 0 0 1 0 0 0 1 0 0 1 0 0 0 0 1 0 0 1 0 0 0 0 0 1 0 0 0 1 0 0 1 1 1 0 0 0 0 1 0 0 0 0 1 0 0 0 1 0 0 0 1 0 1 0 0 1 0
46921,0,xgboost,0.25,30000,30000,0.7662337662337663,0.8037037037037038,[0.55848646 0.44151354] [0.00613749 0.9938625 ] [0.22511113 0.7748889 ] [0.9984985  0.00150147] [0.8867537  0.11324634] [0.39421755 0.60578245] [0.98833287 0.01166713] [0.913855 0.086145] [0.9970583  0.00294173] [0.77305114 0.22694889] [0.7696214  0.23037864] [0.9749184  0.02508159] [0.98235357 0.01764645] [0.01416999 0.98583   ] [0.09464091 0.9053591 ] [0.06048512 0.9395149 ] [0.7664975  0.23350248] [9.9967051e-01 3.2950655e-04] [0.00300598 0.996994  ] [0.04119051 0.9588095 ] [0.3056422 0.6943578] [0.0484395 0.9515605] [0.00484985 0.99515015] [0.96501315 0.03498688] [0.99434394 0.00565608] [0.9907036  0.00929642] [0.9442559  0.05574414] [0.9230131  0.07698691] [0.9976166 0.0023834] [0.00361693 0.9963831 ] [0.97541225 0.02458776] [0.99445623 0.00554377] [0.00643015 0.99356985] [0.94939715 0.05060287] [0.99821126 0.00178872] [9.9986643e-01 1.3355352e-04] [0.9648287  0.03517129] [0.9949574 0.0050426] [0.9625686  0.03743141] [0.00608766 0.99391234] [0.06280619 0.9371938 ] [0.99134785 0.00865215] [0.09025043 0.90974957] [0.9087048  0.09129516] [0.99877673 0.00122326] [0.97469646 0.02530355] [9.993637e-01 6.362521e-04] [0.9987964  0.00120363] [0.9397674  0.06023259] [0.98212457 0.01787544] [0.9892611  0.01073891] [9.9948198e-01 5.1802816e-04] [0.03668839 0.9633116 ] [0.9953727  0.00462731] [0.0209685 0.9790315] [0.09805655 0.90194345] [0.9974932  0.00250681] [0.60920334 0.39079666] [0.8700773  0.12992267] [0.990718   0.00928196] [0.9975958 0.0024042] [0.00122696 0.99877304] [0.9370413  0.06295874] [0.87235564 0.12764435] [0.85596174 0.14403826] [0.8239306  0.17606938] [0.13113081 0.8688692 ] [0.11813378 0.8818662 ] [0.02397227 0.9760277 ] [0.858614   0.14138599] [9.9926543e-01 7.3458685e-04] [0.00389212 0.9961079 ] [0.9875734  0.01242663] [0.51848835 0.48151165] [0.99852693 0.00147308] [0.99250376 0.00749625] [0.1740259 0.8259741] [0.96125585 0.03874415] [0.9314509 0.0685491] [0.72517437 0.27482563] [9.994639e-01 5.361116e-04] [0.99384904 0.00615099] [9.9932164e-01 6.7834527e-04] [0.9926714  0.00732866] [9.990196e-01 9.803968e-04] [0.69568145 0.30431858] [0.6199745 0.3800255] [0.8702219 0.1297781] [0.0641163 0.9358837] [0.00570267 0.9942973 ] [0.00865859 0.9913414 ] [0.4387356 0.5612644] [0.998759 0.001241] [0.02945364 0.97054636] [0.9930009 0.0069991] [9.9931073e-01 6.8928831e-04] [0.94389206 0.05610793] [0.00125241 0.9987476 ] [9.9977493e-01 2.2508687e-04] [0.99770004 0.00229997] [0.998861   0.00113901] [0.99895924 0.00104078] [0.01443845 0.98556155] [0.9419027  0.05809729] [0.8388916  0.16110839] [0.95505124 0.04494878] [0.97503334 0.02496664] [9.9913269e-01 8.6731085e-04] [0.00493062 0.9950694 ] [0.993718   0.00628196] [0.96886975 0.03113023] [0.0463388 0.9536612] [0.9943509  0.00564907] [0.69847536 0.30152467] [0.6828175  0.31718248] [0.9841055  0.01589446] [0.9983956  0.00160437] [0.6088809  0.39111915] [0.99489003 0.00510999] [0.2412427 0.7587573] [9.9972343e-01 2.7656709e-04] [0.99401784 0.00598218] [0.97467875 0.02532126] [0.309492 0.690508] [0.03101867 0.9689813 ] [0.42542726 0.57457274] [0.99884826 0.00115176] [0.7368163 0.2631837] [9.9956864e-01 4.3137235e-04] [0.7749269  0.22507311] [0.9701264  0.02987358] [0.9843624  0.01563756] [0.05404979 0.9459502 ] [0.937749   0.06225095] [0.9719835  0.02801649] [9.9979359e-01 2.0641934e-04] [0.06275177 0.93724823] [0.8588352 0.1411648] [0.9945138  0.00548621] [0.11898911 0.8810109 ] [0.9953024 0.0046976] [0.9656681  0.03433194] [0.89033884 0.10966118] [0.96217096 0.03782906] [0.9909023  0.00909771] [0.9985319  0.00146813] [0.66125506 0.33874494] [0.7996229 0.2003771] [0.9953659  0.00463409] [0.97829986 0.02170014] [0.00751621 0.9924838 ] [0.9052949  0.09470509] [9.995859e-01 4.140993e-04] [0.9874664  0.01253358],0 1 1 0 0 0 0 1 0 0 0 0 0 1 1 0 0 0 1 0 0 0 1 1 0 0 0 0 0 0 0 0 1 0 0 0 1 0 0 1 0 0 1 0 0 0 0 0 0 0 1 0 1 1 1 1 0 0 0 0 0 1 0 0 0 0 1 1 1 1 0 0 0 1 1 0 1 0 0 0 0 0 0 0 0 0 1 1 1 1 1 1 1 1 0 0 0 1 0 1 0 0 1 0 0 0 1 0 1 1 0 0 0 1 0 1 0 1 0 0 0 0 0 1 1 0 0 0 0 0 0 0 0 1 0 0 1 1 0 1 0 1 1 0 0 0 1 1 0 0 1 1 0 0
46921,1,xgboost,0.25,30000,30000,0.7402597402597403,0.815,[0.62446284 0.37553716] [0.9168357  0.08316429] [0.9976893  0.00231067] [0.01853889 0.9814611 ] [0.98074764 0.01925235] [9.9942464e-01 5.7536719e-04] [0.00261337 0.99738663] [0.9925522  0.00744777] [0.18420339 0.8157966 ] [0.00703639 0.9929636 ] [0.03266734 0.96733266] [0.98609143 0.01390857] [0.97190017 0.02809982] [0.12728512 0.8727149 ] [0.9965748  0.00342519] [0.27420652 0.7257935 ] [0.9883633  0.01163667] [0.9979641  0.00203591] [0.24230814 0.75769186] [0.89801025 0.10198977] [0.967399   0.03260101] [0.99321145 0.00678858] [0.79821134 0.20178863] [0.07068408 0.9293159 ] [0.9980161  0.00198386] [0.02451897 0.97548103] [0.8881266  0.11187338] [0.6827501  0.31724992] [0.3760432 0.6239568] [0.06847405 0.93152595] [0.1730113 0.8269887] [0.00129437 0.9987056 ] [0.9712968  0.02870324] [0.9395794  0.06042055] [0.9190868  0.08091319] [0.41868913 0.58131087] [0.92149746 0.07850254] [0.5651547  0.43484533] [0.1143316 0.8856684] [0.9961902  0.00380981] [0.9963416  0.00365839] [0.23972738 0.7602726 ] [0.9970565  0.00294351] [0.88409007 0.11590996] [0.9797995  0.02020049] [0.03228986 0.96771014] [0.31506485 0.68493515] [9.992756e-01 7.243634e-04] [0.99875844 0.00124156] [0.99121964 0.00878038] [0.9946972  0.00530276] [9.9982315e-01 1.7683700e-04] [0.87434137 0.12565865] [9.995374e-01 4.625767e-04] [0.9865154  0.01348463] [0.09997678 0.9000232 ] [0.8369063 0.1630937] [0.8151884  0.18481156] [0.84690356 0.15309644] [0.9984946 0.0015054] [0.69201696 0.30798304] [0.98112637 0.01887366] [0.09849876 0.90150124] [0.11790323 0.88209677] [0.990282   0.00971799] [0.63703245 0.36296755] [9.997999e-01 2.000934e-04] [0.03648549 0.9635145 ] [0.39334196 0.60665804] [0.04387563 0.95612437] [0.9624585  0.03754154] [0.1647098 0.8352902] [0.829018   0.17098202] [0.9399335  0.06006652] [0.9789823 0.0210177] [0.99447024 0.00552978] [9.9917263e-01 8.2734437e-04] [9.9929714e-01 7.0284127e-04] [0.99870944 0.00129059] [0.959185   0.04081498] [0.07234204 0.92765796] [0.98209184 0.01790814] [0.38996327 0.61003673] [0.4089473 0.5910527] [0.90632534 0.09367464] [0.99726665 0.00273335] [9.992546e-01 7.453958e-04] [0.7615761  0.23842387] [9.9970394e-01 2.9607225e-04] [0.5250444  0.47495562] [0.98013914 0.01986086] [0.16231245 0.83768755] [0.99672604 0.00327399] [0.99412614 0.00587385] [9.9968463e-01 3.1536713e-04] [0.5457032  0.45429686] [0.92860895 0.07139103] [0.2935161 0.7064839] [0.9964243  0.00357569] [0.7950078  0.20499216] [0.11349607 0.88650393] [0.98590326 0.01409672] [0.00408006 0.99591994] [0.99842715 0.00157286] [0.90465975 0.09534025] [0.62147486 0.37852517] [0.95060176 0.04939823] [9.9935037e-01 6.4960599e-04] [0.03060961 0.9693904 ] [0.9951111 0.0048889] [0.93957496 0.06042502] [0.7698629  0.23013711] [0.62421024 0.3757898 ] [0.67560637 0.32439366] [0.03271532 0.9672847 ] [0.9588964  0.04110358] [0.9501573  0.04984271] [0.37118703 0.62881297] [9.9916780e-01 8.3217106e-04] [0.99890083 0.00109919] [0.9969897  0.00301027] [0.99864316 0.00135682] [0.9947286  0.00527135] [0.03462011 0.9653799 ] [0.9654487 0.0345513] [0.04424936 0.95575064] [0.9959732  0.00402677] [9.990497e-01 9.502844e-04] [0.99694973 0.00305028] [0.9938039 0.0061961] [0.17860395 0.82139605] [0.0207597 0.9792403] [0.01590705 0.98409295] [9.9974686e-01 2.5314090e-04] [0.15866828 0.8413317 ] [0.26839054 0.73160946] [0.9771378 0.0228622] [0.1570363 0.8429637] [0.9981478 0.0018522] [0.977053   0.02294699] [0.9925727  0.00742726] [0.02279413 0.9772059 ] [0.7342408  0.26575926] [0.99888265 0.00111737] [0.13342744 0.86657256] [9.9936020e-01 6.3981063e-04] [9.9964738e-01 3.5259436e-04] [9.994178e-01 5.822004e-04] [9.9987739e-01 1.2262663e-04] [0.997081   0.00291904] [0.918821   0.08117905] [0.99145365 0.00854635] [0.97679967 0.02320035] [0.9847603  0.01523971],1 0 0 1 0 0 1 1 1 1 1 0 1 1 0 0 1 0 1 0 0 0 1 1 0 1 0 0 1 1 1 1 0 0 0 0 0 0 0 0 1 0 0 1 0 1 1 0 0 0 0 0 1 0 0 0 0 0 1 0 1 0 0 1 0 0 0 1 0 1 0 0 1 0 0 0 0 0 0 1 0 0 1 0 0 0 0 1 0 0 1 0 0 0 0 1 0 0 0 0 0 0 1 0 0 0 1 0 0 1 0 1 0 1 1 1 0 0 0 0 0 0 0 1 0 1 0 0 1 1 1 1 1 0 0 1 0 1 0 0 0 1 1 0 1 0 0 0 0 0 0 0 0 1
46921,2,xgboost,0.25,30000,30000,0.7792207792207793,0.8290740740740742,[0.13531023 0.86468977] [0.96289957 0.03710042] [0.9966316  0.00336839] [0.98063767 0.01936231] [9.993031e-01 6.969038e-04] [0.17787802 0.822122  ] [0.9776257  0.02237429] [0.99590915 0.00409087] [0.18964553 0.8103545 ] [0.6491504  0.35084963] [0.9835692  0.01643078] [0.7380612  0.26193878] [9.9979055e-01 2.0947245e-04] [0.9939713 0.0060287] [0.01686746 0.98313254] [0.02046573 0.97953427] [9.993657e-01 6.343370e-04] [0.06925833 0.93074167] [0.99863255 0.00136745] [0.05575055 0.94424945] [0.01813346 0.98186654] [0.78384376 0.21615627] [0.03843397 0.96156603] [9.990197e-01 9.803467e-04] [9.994525e-01 5.475189e-04] [9.992675e-01 7.324985e-04] [0.9848592  0.01514078] [0.00120163 0.9987984 ] [0.93838423 0.06161579] [0.98932695 0.01067307] [0.86461806 0.13538195] [0.00595164 0.99404836] [0.11374712 0.8862529 ] [0.9985351  0.00146491] [0.98014474 0.01985523] [0.9936082  0.00639184] [0.02311993 0.9768801 ] [0.9984842  0.00151582] [0.42608035 0.57391965] [9.9924159e-01 7.5839605e-04] [0.9916073  0.00839268] [0.9400166  0.05998334] [0.00226784 0.99773216] [0.06929016 0.93070984] [0.00411612 0.9958839 ] [0.39847368 0.6015263 ] [0.9952402  0.00475981] [0.5965302  0.40346977] [0.8581587  0.14184129] [0.1766519 0.8233481] [0.01465482 0.9853452 ] [9.9926645e-01 7.3357706e-04] [0.9662134  0.03378661] [0.99893755 0.00106243] [0.9563626  0.04363739] [9.992558e-01 7.442173e-04] [0.97329146 0.02670856] [0.0127542 0.9872458] [0.9954324  0.00456763] [0.51188636 0.48811364] [0.35589367 0.6441063 ] [0.04003853 0.9599615 ] [0.971432   0.02856805] [9.991994e-01 8.006178e-04] [0.9981014  0.00189861] [9.9957138e-01 4.2862073e-04] [0.00256652 0.9974335 ] [0.9957289  0.00427111] [0.95878744 0.04121255] [0.9622347  0.03776534] [0.48068994 0.51931006] [0.00248957 0.99751043] [0.03301716 0.96698284] [0.99249154 0.00750848] [0.08241963 0.91758037] [0.9649561 0.0350439] [9.9931765e-01 6.8238226e-04] [0.827355   0.17264497] [0.99833614 0.00166389] [0.98195916 0.01804082] [0.99338955 0.00661048] [0.00202924 0.99797076] [0.9321431  0.06785688] [9.9941224e-01 5.8774208e-04] [0.4773863 0.5226137] [0.99448985 0.00551013] [0.9989987  0.00100132] [0.989103   0.01089698] [0.9365703  0.06342971] [0.7387635 0.2612365] [0.9204726  0.07952735] [0.95119625 0.04880377] [0.86792654 0.13207348] [0.9673747  0.03262529] [0.00249451 0.9975055 ] [0.08912247 0.9108775 ] [0.1042639 0.8957361] [0.4723583 0.5276417] [9.9974799e-01 2.5202206e-04] [0.2686605 0.7313395] [0.96603006 0.03396996] [9.9945599e-01 5.4404006e-04] [0.79658836 0.20341164] [0.02042365 0.97957635] [9.9996287e-01 3.7152320e-05] [0.8003461  0.19965392] [0.9888623  0.01113774] [9.9966294e-01 3.3705946e-04] [9.9951506e-01 4.8493734e-04] [0.9961812 0.0038188] [0.9956377  0.00436228] [0.92983717 0.07016281] [0.9917373  0.00826269] [0.18533134 0.81466866] [0.28849566 0.71150434] [0.5431157  0.45688432] [0.9988986  0.00110139] [0.63253796 0.367462  ] [0.99576294 0.00423707] [0.47229236 0.52770764] [0.5514684  0.44853163] [9.9959373e-01 4.0627012e-04] [0.98097056 0.01902942] [9.9954265e-01 4.5735447e-04] [0.8654337  0.13456632] [0.05157644 0.94842356] [0.18833935 0.81166065] [0.98743033 0.01256964] [0.16121125 0.83878875] [0.99504703 0.00495299] [0.04378438 0.9562156 ] [0.98164845 0.01835154] [0.91351366 0.08648636] [0.01357079 0.9864292 ] [0.9940401 0.0059599] [9.9979061e-01 2.0936262e-04] [0.4837132 0.5162868] [0.1692267 0.8307733] [0.99729794 0.00270209] [9.9926347e-01 7.3651836e-04] [0.19480395 0.80519605] [0.977332 0.022668] [0.99791956 0.00208044] [9.9980730e-01 1.9270519e-04] [0.9474547  0.05254529] [0.66779244 0.33220753] [0.9509695 0.0490305] [0.6996048 0.3003952] [0.99301344 0.00698657] [0.6944723  0.30552766] [0.584061 0.415939] [9.9966115e-01 3.3885019e-04] [0.92063296 0.07936707] [0.10143232 0.8985677 ],1 0 1 0 0 1 1 0 0 1 0 0 0 0 1 1 0 1 0 1 1 0 1 0 0 0 1 0 0 0 0 1 0 0 1 0 1 0 0 0 0 0 1 1 1 0 0 0 0 0 1 0 0 0 0 0 0 0 0 0 1 1 0 0 0 0 1 0 1 0 0 1 1 0 0 1 0 0 1 0 0 1 1 1 1 0 0 0 0 1 0 0 1 0 1 1 1 1 0 0 0 0 0 1 0 0 0 0 0 0 0 0 0 1 0 1 0 0 0 0 0 0 0 0 0 1 0 1 1 0 1 1 1 1 0 0 1 0 0 0 1 0 1 0 0 0 0 1 0 1 1 0 0 1
46921,3,xgboost,0.25,30000,30000,0.7254901960784313,0.7977358490566038,[0.766905 0.233095] [0.97469497 0.02530502] [0.10323334 0.89676666] [0.9981835  0.00181651] [0.9980218  0.00197821] [0.0099436 0.9900564] [0.997832   0.00216801] [0.69592476 0.30407527] [0.0428099 0.9571901] [0.09289086 0.90710914] [0.990295   0.00970501] [9.9941081e-01 5.8921584e-04] [0.9536433  0.04635666] [9.990923e-01 9.077352e-04] [0.99630857 0.00369143] [0.29758114 0.70241886] [0.9988027  0.00119726] [0.03339112 0.9666089 ] [0.95676404 0.04323596] [0.05439603 0.94560397] [0.9863203  0.01367966] [0.37469655 0.62530345] [0.47530907 0.5246909 ] [0.996612   0.00338796] [0.98538524 0.01461476] [0.07257044 0.92742956] [0.757403   0.24259698] [0.05876905 0.94123095] [0.99067235 0.00932768] [0.9885209  0.01147908] [0.9985345  0.00146548] [0.80702364 0.19297633] [0.29550433 0.70449567] [0.24981606 0.75018394] [0.23221534 0.76778466] [0.7497473 0.2502527] [0.94005334 0.05994668] [0.75060093 0.24939908] [0.09578878 0.9042112 ] [0.99797106 0.00202893] [0.19743305 0.80256695] [9.997322e-01 2.677916e-04] [0.9961843  0.00381572] [0.99716276 0.00283725] [0.9985495  0.00145046] [0.9707783  0.02922172] [0.50536186 0.49463814] [0.9867414  0.01325859] [0.99306864 0.00693135] [0.92474985 0.07525016] [0.99597764 0.00402234] [0.9978687  0.00213128] [0.998846   0.00115399] [0.97293663 0.02706336] [0.69260097 0.30739903] [0.77030754 0.22969247] [0.9455641  0.05443591] [0.9918292  0.00817079] [0.00338799 0.996612  ] [0.94251096 0.05748902] [0.8652495  0.13475047] [9.993520e-01 6.480177e-04] [0.9603614  0.03963856] [0.99612075 0.00387923] [0.9975095  0.00249053] [0.7329625  0.26703754] [0.02625686 0.97374314] [0.32520062 0.6747994 ] [0.07378542 0.9262146 ] [0.990824   0.00917603] [9.994117e-01 5.883011e-04] [0.00619566 0.99380434] [0.00246984 0.99753016] [0.93832046 0.06167955] [0.99832946 0.00167057] [9.9911904e-01 8.8098517e-04] [0.9908604 0.0091396] [0.6107875  0.38921252] [0.99846107 0.00153894] [0.5222517  0.47774827] [0.09121048 0.9087895 ] [0.8090764  0.19092356] [9.9904060e-01 9.5938303e-04] [0.6611179  0.33888212] [0.7255798 0.2744202] [0.47274905 0.52725095] [0.99421906 0.00578095] [0.99392354 0.00607643] [0.05715203 0.94284797] [0.01299417 0.98700583] [9.9943852e-01 5.6148035e-04] [0.9945567 0.0054433] [0.88719064 0.11280934] [0.06662303 0.93337697] [0.9357819  0.06421809] [0.9654541  0.03454591] [0.57696193 0.42303807] [0.96954995 0.03045006] [0.7109946  0.28900537] [0.99604225 0.00395775] [0.09376097 0.90623903] [0.08494425 0.91505575] [0.98956937 0.01043062] [0.54885656 0.45114344] [0.9929686  0.00703138] [0.90506417 0.09493583] [0.30593985 0.69406015] [0.5787207 0.4212793] [0.03027356 0.96972644] [0.6970487  0.30295128] [0.99259186 0.00740815] [0.93105555 0.06894445] [0.00482661 0.9951734 ] [0.9921073  0.00789275] [0.99627167 0.00372836] [0.9864457  0.01355429] [0.38537443 0.6146256 ] [0.95527977 0.04472025] [0.04218632 0.9578137 ] [0.9304633  0.06953669] [0.00170857 0.99829143] [0.9181121  0.08188789] [0.9967373  0.00326269] [0.22136724 0.77863276] [0.9989824  0.00101757] [0.31315088 0.6868491 ] [0.9752548  0.02474523] [0.02027208 0.9797279 ] [9.9920613e-01 7.9390046e-04] [9.9959069e-01 4.0929893e-04] [0.7821064  0.21789357] [0.0013454 0.9986546] [0.99747837 0.00252162] [0.9936776 0.0063224] [0.0904119 0.9095881] [0.9791583  0.02084173] [0.9907522  0.00924779] [0.9890199  0.01098013] [0.7567774  0.24322256] [0.49838132 0.5016187 ] [0.9858611  0.01413887] [0.30709672 0.6929033 ] [0.9854386  0.01456143] [0.8883345 0.1116655] [0.9983504 0.0016496] [0.7915029  0.20849709] [0.47983134 0.52016866] [0.18661922 0.8133808 ] [0.9734476  0.02655239] [0.950667   0.04933297] [9.991001e-01 8.998900e-04] [0.01681435 0.98318565] [0.9888629  0.01113715],0 1 1 0 1 1 0 0 1 1 0 0 0 0 0 0 0 1 0 1 1 1 1 1 0 1 0 0 0 0 0 1 0 0 1 0 0 0 1 0 0 0 0 0 0 0 1 0 1 0 0 0 0 0 1 0 1 0 1 0 1 0 0 0 0 0 0 0 1 0 0 0 1 0 0 0 0 1 0 1 1 1 0 0 0 0 1 0 1 1 0 0 0 0 0 0 1 1 0 0 1 0 0 0 0 0 0 1 1 1 0 1 1 0 0 0 1 0 1 1 1 0 0 1 0 0 1 1 0 0 0 1 0 0 0 0 0 0 1 0 0 1 1 0 0 1 0 1 0 1 0 0 0
46921,4,xgboost,0.25,30000,30000,0.7254901960784313,0.8075471698113208,[0.89217436 0.10782563] [0.9877617  0.01223833] [0.03505564 0.96494436] [0.08609021 0.9139098 ] [9.9953663e-01 4.6336418e-04] [0.16170186 0.83829814] [0.53979254 0.46020746] [0.99337304 0.00662695] [0.99882895 0.00117106] [0.93934005 0.06065994] [0.01233256 0.98766744] [0.16837716 0.83162284] [0.5012767  0.49872333] [0.99530077 0.00469923] [0.58674663 0.41325337] [0.604527   0.39547297] [0.9506411  0.04935891] [0.8592755  0.14072448] [0.82846844 0.17153156] [0.9560248  0.04397519] [0.9949656  0.00503436] [0.82745147 0.17254855] [0.98987854 0.01012146] [9.990881e-01 9.119022e-04] [0.9961121  0.00388791] [0.8476119  0.15238813] [0.5427567  0.45724332] [0.9971133  0.00288672] [0.9934508  0.00654917] [0.31611335 0.68388665] [0.9909299 0.0090701] [9.9904275e-01 9.5727842e-04] [0.96868414 0.03131587] [0.83409506 0.16590495] [0.6050083 0.3949917] [0.35422784 0.64577216] [0.998061   0.00193901] [0.65394205 0.34605795] [0.9533906  0.04660941] [9.9943167e-01 5.6831609e-04] [0.8029778  0.19702221] [0.98970574 0.01029428] [9.9920678e-01 7.9322065e-04] [0.99321246 0.00678753] [0.99611    0.00388995] [9.9922764e-01 7.7237631e-04] [0.07515794 0.92484206] [0.07207006 0.92792994] [0.9946163  0.00538369] [0.09005296 0.90994704] [0.98973906 0.01026095] [0.97275865 0.02724133] [0.01333839 0.9866616 ] [0.713857 0.286143] [0.9966439 0.0033561] [0.03748232 0.9625177 ] [0.03903747 0.96096253] [0.9975626  0.00243743] [0.9668927  0.03310727] [0.9907697  0.00923029] [0.92498183 0.07501817] [0.5684519  0.43154815] [0.58695894 0.41304106] [0.9961127  0.00388729] [0.964012   0.03598797] [9.999234e-01 7.658778e-05] [0.99718195 0.00281807] [0.85966134 0.14033867] [0.75246584 0.24753419] [0.97926915 0.02073086] [0.997161   0.00283901] [0.9734349  0.02656505] [0.01366717 0.98633283] [0.97945106 0.02054895] [0.99832594 0.00167404] [0.9628693  0.03713069] [0.7357304  0.26426962] [0.24052274 0.75947726] [0.14936805 0.85063195] [0.9405282  0.05947178] [0.9902104  0.00978956] [0.04643428 0.9535657 ] [0.9954584 0.0045416] [0.9881402  0.01185977] [0.9971859  0.00281411] [0.90046054 0.09953944] [0.86758906 0.13241093] [0.02378011 0.9762199 ] [9.9931586e-01 6.8413449e-04] [0.99482244 0.00517758] [0.8439116  0.15608841] [0.82642347 0.17357653] [0.00631219 0.9936878 ] [0.95161176 0.04838822] [0.96994585 0.03005418] [0.72976613 0.2702339 ] [0.9972157  0.00278429] [0.9798859  0.02011413] [0.8698489  0.13015108] [0.67055905 0.32944092] [9.997003e-01 2.996649e-04] [9.9931854e-01 6.8147888e-04] [0.45582038 0.5441796 ] [0.98892117 0.01107884] [0.22647011 0.7735299 ] [0.8950622  0.10493782] [0.8470534  0.15294662] [0.37489694 0.62510306] [0.9929482  0.00705184] [9.99390e-01 6.09965e-04] [0.96339804 0.03660194] [0.84754324 0.15245675] [0.9713795 0.0286205] [0.6374668 0.3625332] [0.01159883 0.9884012 ] [0.04334229 0.9566577 ] [0.98963016 0.01036985] [0.5568516 0.4431484] [0.994741   0.00525897] [0.76584923 0.2341508 ] [0.99820995 0.00179007] [0.99858665 0.00141332] [0.06715733 0.9328427 ] [0.47146022 0.5285398 ] [0.9925573  0.00744271] [0.9956305  0.00436947] [0.22668678 0.7733132 ] [0.83931684 0.16068313] [0.66911566 0.33088437] [0.35090244 0.64909756] [9.9972969e-01 2.7027808e-04] [0.9875633  0.01243667] [0.11005622 0.8899438 ] [0.03300923 0.96699077] [0.00999993 0.99000007] [9.9936324e-01 6.3672866e-04] [0.9724366  0.02756341] [9.996635e-01 3.365444e-04] [0.04045165 0.95954835] [9.9940002e-01 5.9997285e-04] [0.996988 0.003012] [0.152448 0.847552] [0.60185325 0.39814675] [0.62997186 0.3700281 ] [0.9987436  0.00125639] [0.08487087 0.9151291 ] [0.07530904 0.92469096] [0.9986299  0.00137006] [0.03931493 0.9606851 ] [0.9928104  0.00718956] [0.8623413  0.13765875] [0.04300475 0.95699525] [0.65779376 0.34220624],1 0 1 1 0 1 0 0 0 0 1 1 0 0 0 0 0 0 1 0 0 1 0 0 0 1 1 0 0 0 0 0 1 0 1 1 0 0 1 0 1 1 0 0 0 0 1 1 0 0 0 0 1 0 0 1 1 0 1 0 1 0 1 0 1 0 0 0 1 0 1 1 1 0 0 0 1 1 1 0 0 0 0 0 0 1 1 1 0 0 1 0 1 0 0 0 0 0 1 0 0 0 1 0 0 1 0 0 0 0 1 0 0 1 0 0 0 0 0 1 0 0 0 1 0 0 1 1 1 0 0 0 0 1 0 0 0 0 1 0 0 0 1 0 0 0 1 0 1 0 0 1 0
