dataset_id,fold,checkpoint,sparsity,features,features_added,accuracy,roc_auc_score,prediction_probas,ground_truth
1468,0,xgboost,0.5,856,0,0.8935185185185185,0.9890769675925927,"[2.1850952e-05 2.6995192e-05 1.3562803e-05 2.0422303e-04 4.8895501e-05
 9.9694139e-01 4.7134454e-04 1.0651239e-04 2.1652156e-03] [3.8370803e-01 5.9572530e-01 6.2993448e-04 8.8873421e-05 3.2153272e-04
 1.6286386e-02 1.9102526e-03 5.5852387e-04 7.7122322e-04] [3.3730117e-07 3.5851809e-07 6.0121332e-05 9.9990928e-01 1.8577505e-06
 1.7463199e-05 2.6878295e-06 4.1928906e-06 3.6905672e-06] [1.1406813e-03 5.3870566e-02 9.3710649e-01 2.1980070e-04 6.7659939e-04
 1.1160389e-03 3.9081532e-03 7.2859839e-04 1.2330273e-03] [1.0030278e-05 5.4056956e-05 6.4604392e-06 2.3705758e-04 7.5407363e-05
 1.2535712e-04 9.9826258e-01 2.9145445e-05 1.1999565e-03] [2.0003377e-05 9.4469229e-04 9.9826318e-01 6.3775177e-04 1.1865066e-05
 1.9571218e-05 6.8534675e-05 1.2776950e-05 2.1622787e-05] [1.9971762e-05 1.7201614e-04 1.6165670e-05 9.9070130e-06 1.4574383e-05
 1.2470003e-04 1.6350900e-04 3.3409171e-05 9.9944574e-01] [3.8968702e-04 9.9537647e-01 7.2030700e-04 6.9819434e-06 2.3114409e-04
 5.3071376e-04 1.8894285e-03 2.4890853e-04 6.0634449e-04] [1.7611185e-04 4.9875211e-04 1.4989445e-04 7.0587185e-04 1.0446131e-04
 4.4383341e-03 6.6237897e-04 9.9134290e-01 1.9212679e-03] [6.4183027e-05 1.4011310e-04 5.2042673e-05 7.4495765e-06 9.9882060e-01
 1.4146583e-04 1.7773699e-04 4.0996241e-05 5.5539084e-04] [3.0407835e-05 2.8115890e-05 2.1627977e-05 3.4424003e-05 9.9949074e-01
 2.0314202e-04 6.6665059e-05 3.8777544e-05 8.6041924e-05] [0.01883112 0.04110878 0.01526916 0.6411048  0.01505465 0.04150567
 0.05214753 0.01202818 0.1629501 ] [8.0874413e-01 1.3992450e-01 1.5018617e-02 3.1032704e-04 3.1014970e-03
 4.7739139e-03 1.6490072e-02 4.0921122e-03 7.5448113e-03] [0.00162826 0.00461127 0.00138587 0.00652623 0.00096581 0.04103515
 0.00612411 0.00104004 0.9366833 ] [9.9971932e-01 6.8536603e-05 3.1363743e-05 3.0901350e-07 1.0230195e-05
 2.3488834e-05 8.3624116e-05 1.1016431e-05 5.2039446e-05] [0.00766512 0.00655174 0.00475771 0.07163961 0.0171521  0.38618857
 0.08069526 0.0373636  0.38798627] [1.1182108e-04 3.9019380e-04 7.2198418e-05 9.8185182e-01 6.2373164e-04
 2.0171446e-03 5.6395668e-04 1.0996167e-02 3.3730287e-03] [8.7617683e-01 1.1641912e-01 6.7029084e-04 2.1124047e-03 2.4747298e-04
 2.7695140e-03 9.8998158e-04 4.3246264e-04 1.8191979e-04] [8.0620499e-05 7.4543932e-05 4.8058777e-05 9.1268616e-05 7.9295241e-05
 4.5417270e-04 3.2487520e-04 9.7894716e-01 1.9900061e-02] [2.4440240e-03 9.7120609e-03 5.3471024e-03 4.3789129e-05 1.4496814e-03
 3.3285099e-03 1.1850051e-02 9.6202195e-01 3.8028494e-03] [1.00269235e-05 9.99089718e-01 8.37392290e-04 5.95090910e-07
 5.94750736e-06 7.69547296e-06 2.77373420e-05 6.36629011e-06
 1.44681153e-05] [5.8927992e-04 9.9300838e-01 1.0892394e-03 1.0558009e-05 3.4953325e-04
 8.0253882e-04 2.8571705e-03 3.7639641e-04 9.1690657e-04] [9.0036856e-06 7.6958795e-06 5.5885489e-06 8.4150110e-05 2.0147394e-05
 3.0883568e-04 9.9622250e-01 4.3888438e-05 3.2981578e-03] [4.3201796e-04 1.3667461e-03 2.6815169e-04 1.1737706e-02 9.3055138e-04
 1.5534660e-02 3.1077745e-03 1.2366401e-03 9.6538568e-01] [9.9963617e-01 1.1990703e-04 2.1659653e-05 2.1340327e-07 7.0649244e-06
 1.9129073e-05 5.7750422e-05 7.6078873e-06 1.3043532e-04] [1.7287033e-05 1.8374438e-05 8.5045185e-06 6.6476983e-05 9.9758101e-01
 1.6778810e-03 1.3775403e-04 2.1488994e-04 2.7783745e-04] [5.1577476e-06 4.3023738e-05 9.9891162e-01 9.9152408e-04 3.0593346e-06
 6.4755118e-06 2.7771965e-05 3.2944547e-06 8.0253430e-06] [4.2554093e-05 9.2896626e-05 4.2397813e-05 2.0984136e-05 9.9913162e-01
 9.6115778e-05 1.4472428e-04 2.7180960e-05 4.0159846e-04] [2.7403588e-04 2.3423150e-04 1.7009286e-04 2.5611899e-03 6.1320537e-04
 5.8209770e-03 2.8849391e-03 8.9989471e-01 8.7546647e-02] [8.7496761e-04 9.8932183e-01 1.9142770e-03 1.5676618e-05 5.1898981e-04
 1.1916161e-03 4.2423499e-03 5.5887643e-04 1.3614304e-03] [1.2586539e-05 1.0758315e-05 7.8124103e-06 1.1763612e-04 2.8164683e-05
 6.3414220e-04 1.3250601e-04 9.9851722e-01 5.3921674e-04] [2.9336576e-05 5.3699077e-05 2.8760922e-05 5.9130904e-04 6.5645952e-05
 3.4583849e-03 2.3440438e-04 1.3168510e-04 9.9540675e-01] [1.4342724e-04 2.1072873e-04 1.0744438e-04 8.2138853e-05 9.9531811e-01
 1.0968037e-03 6.5057439e-04 1.8290558e-04 2.2078231e-03] [7.5580741e-05 1.6499456e-04 6.1284474e-05 8.7724829e-06 6.0423485e-05
 1.2992077e-04 4.0814982e-04 1.0386066e-03 9.9805224e-01] [9.9980623e-01 4.7339101e-05 2.1663338e-05 2.1343956e-07 7.0661258e-06
 1.6224021e-05 5.7760240e-05 7.6091815e-06 3.5944307e-05] [0.00163638 0.00173931 0.00089198 0.6426014  0.00518538 0.08378727
 0.01229384 0.02034137 0.23152313] [1.3039132e-04 4.5765698e-04 4.0124455e-03 9.8139691e-01 1.5404270e-04
 1.6267422e-04 6.8579055e-04 7.3562827e-05 1.2926518e-02] [9.9390548e-01 1.8087809e-03 2.4194190e-04 2.5293516e-04 1.7880693e-04
 2.1139039e-03 7.1529252e-04 3.1246789e-04 4.7037704e-04] [0.00188106 0.1190413  0.8665836  0.00134036 0.00111576 0.00144368
 0.00468564 0.00119433 0.00271424] [3.63218828e-06 1.06051311e-05 1.10272405e-04 9.99730647e-01
 8.53957954e-06 3.25584951e-05 1.83185366e-05 1.05542304e-05
 7.48014936e-05] [5.4820430e-05 5.8268790e-05 2.6969425e-05 2.1081099e-04 1.3389678e-04
 5.3208759e-03 4.3684384e-04 6.8145635e-04 9.9307609e-01] [7.1101473e-05 6.0773815e-05 4.4132379e-05 6.6452753e-04 1.5910239e-04
 3.5822750e-03 7.4852729e-04 9.9162346e-01 3.0460402e-03] [2.14663160e-05 1.88312595e-04 9.86041844e-01 1.35484785e-02
 1.56650476e-05 9.54836214e-05 4.94969136e-05 2.73749156e-05
 1.18374155e-05] [4.82977484e-05 1.91925530e-04 1.05667066e-04 6.39052314e-06
 9.99234438e-01 6.57765777e-05 2.34175692e-04 3.08496819e-05
 8.24379749e-05] [1.4061712e-04 9.9593687e-01 2.5991999e-04 2.4866131e-06 8.3407496e-05
 1.9150591e-04 6.8179332e-04 8.9817637e-05 2.6136232e-03] [9.00923169e-06 1.11302215e-05 5.59199088e-06 8.42019363e-05
 2.01598032e-05 2.41478905e-03 9.96836066e-01 4.39154683e-05
 5.75067475e-04] [1.28350061e-04 1.96602399e-04 6.31430084e-05 4.93567612e-04
 3.13489756e-04 1.05050355e-02 2.14762404e-03 9.43542719e-01
 4.26095277e-02] [9.9974781e-01 9.9365861e-05 2.1662072e-05 2.1342710e-07 7.0657134e-06
 1.6223074e-05 6.4140986e-05 7.6087367e-06 3.5942208e-05] [9.9338467e-05 9.9703217e-01 7.1940001e-04 4.8635600e-05 7.2492265e-05
 6.1582879e-04 2.2905410e-04 1.2668136e-04 1.0563358e-03] [3.3974156e-05 2.9039329e-05 2.1087611e-05 3.1752876e-04 7.6023316e-05
 9.9727803e-01 7.3285255e-04 1.6560689e-04 1.3458644e-03] [0.00432857 0.00369984 0.00268673 0.04045562 0.00968597 0.48352075
 0.09337111 0.02109961 0.34115177] [6.4803967e-06 9.5212336e-06 9.9794108e-01 1.9577094e-03 4.7290664e-06
 3.4666544e-05 2.6819645e-05 8.2641172e-06 1.0721164e-05] [7.0894154e-04 9.9216789e-01 2.4498424e-03 5.7894718e-05 4.2051129e-04
 3.1747852e-04 2.2357791e-03 4.5012124e-04 1.1915293e-03] [0.00223779 0.00707955 0.00138899 0.06079968 0.00482013 0.05229072
 0.01609784 0.13780926 0.71747607] [1.7962035e-05 5.2444844e-05 8.8365914e-06 1.1106319e-03 9.9775440e-01
 3.0972029e-04 3.5190955e-04 5.2193176e-05 3.4191975e-04] [1.39935495e-04 1.48737818e-04 6.88426371e-05 5.84073830e-04
 8.10888829e-04 1.07668815e-02 1.11509557e-03 9.83754575e-01
 2.61102151e-03] [2.4055969e-04 2.0561782e-04 2.1388580e-04 9.7665441e-01 5.3829630e-04
 1.0169322e-02 2.5325154e-03 1.1726074e-03 8.2727671e-03] [3.7221871e-05 3.2652778e-04 9.9893254e-01 2.9201704e-04 2.7162645e-05
 2.3074927e-04 8.5825908e-05 4.7467140e-05 2.0525664e-05] [2.2658294e-03 2.8072472e-03 4.2515369e-03 6.3702214e-04 1.7177543e-03
 7.6487291e-01 9.0735452e-03 1.7698763e-01 3.7386537e-02] [0.9233762  0.00622084 0.00418079 0.00437075 0.00308981 0.03885293
 0.01236034 0.00539948 0.00214884] [6.4525423e-03 1.4086064e-02 5.3880271e-03 7.4893219e-04 5.1585226e-03
 8.4735298e-01 2.1944769e-02 4.1214945e-03 9.4746701e-02] [6.8249833e-04 5.6608920e-03 6.2966077e-03 5.3453195e-04 9.8330623e-01
 4.0273275e-04 2.1523854e-03 4.3333194e-04 5.3078402e-04] [8.2243627e-05 7.6044715e-05 4.9026337e-05 9.3106115e-05 8.0891681e-05
 5.4943532e-04 1.8030802e-04 9.9865615e-01 2.3271656e-04] [3.7345755e-05 4.2523960e-05 8.1706094e-05 1.6732944e-06 2.3012706e-05
 3.5960422e-04 9.9921465e-01 4.0621249e-05 1.9884776e-04] [1.0698366e-04 9.3851105e-04 9.3575090e-01 6.2104560e-02 7.8071353e-05
 4.7587059e-04 3.4971672e-04 1.3643090e-04 5.8995225e-05] [2.0379125e-04 9.9758208e-01 3.7669289e-04 3.6512899e-06 1.2087953e-04
 2.7754274e-04 9.8809844e-04 1.3016953e-04 3.1709467e-04] [5.8857753e-04 9.9182481e-01 1.0879411e-03 1.0545425e-05 3.4911663e-04
 8.0158224e-04 4.0457281e-03 3.7594777e-04 9.1581367e-04] [0.00157603 0.00167517 0.00077534 0.0060606  0.0038494  0.28236118
 0.01255883 0.3906208  0.3005227 ] [3.0429293e-05 1.8180205e-04 2.9832176e-05 1.4783809e-03 6.5543623e-05
 1.2581093e-04 1.6613730e-04 9.9676728e-01 1.1548282e-03] [7.3418543e-03 2.9175045e-02 1.0944422e-02 1.3154265e-04 4.3548462e-03
 1.0600355e-02 4.3718249e-02 4.6895333e-03 8.8904417e-01] [1.6720955e-04 6.6445721e-04 9.7606933e-01 2.1612206e-02 9.9180972e-05
 2.0993070e-04 8.1072969e-04 1.0680348e-04 2.6017468e-04] [0.00676172 0.00718704 0.00332649 0.02600205 0.01651522 0.65629274
 0.05388164 0.08405288 0.14598018] [0.28098983 0.18824756 0.10364218 0.00084876 0.02809898 0.06451607
 0.22968796 0.0302585  0.07371012] [4.8298371e-05 1.9192800e-04 1.0566843e-04 8.6535294e-07 9.9924731e-01
 6.5777422e-05 2.3417870e-04 3.0850078e-05 7.5151205e-05] [3.0738433e-04 2.6965213e-03 9.9118441e-01 2.4115257e-03 2.2431379e-04
 1.9055674e-03 7.0876518e-04 3.9199184e-04 1.6950448e-04] [3.0579773e-05 2.8274899e-05 1.8228940e-05 3.4618657e-05 3.0077095e-05
 1.2475739e-03 9.9848515e-01 3.8996852e-05 8.6528526e-05] [2.2673123e-05 3.4729946e-05 1.1154265e-05 8.7189088e-05 5.5378230e-05
 1.8557224e-03 3.7937961e-04 9.9118316e-01 6.3706255e-03] [1.2652123e-05 1.3447964e-05 7.6018187e-04 9.7152048e-01 7.3315678e-05
 5.2917673e-04 1.0082011e-04 1.9385770e-04 2.6796138e-02] [1.4181937e-05 5.6356170e-05 9.9947220e-01 3.3122077e-04 8.4120693e-06
 1.7805345e-05 6.8762318e-05 9.0585736e-06 2.2066804e-05] [8.9316476e-05 3.5492575e-04 1.8085027e-04 1.6153634e-05 1.2569051e-04
 3.0032379e-04 4.3305851e-04 9.9801993e-01 4.7980715e-04] [5.3121196e-04 1.4557546e-03 2.6133467e-04 2.0427653e-03 1.2974634e-03
 1.6567045e-01 8.8885324e-03 6.9051082e-03 8.1294739e-01] [3.6162641e-04 3.0909936e-04 2.2445996e-04 3.3798260e-03 8.0920453e-04
 9.7701514e-01 3.8070537e-03 1.7627468e-03 1.2330855e-02] [9.9980623e-01 4.7339101e-05 2.1663338e-05 2.1343956e-07 7.0661258e-06
 1.6224021e-05 5.7760240e-05 7.6091815e-06 3.5944307e-05] [9.00923169e-06 1.11302215e-05 5.59199088e-06 8.42019363e-05
 2.01598032e-05 2.41478905e-03 9.96836066e-01 4.39154683e-05
 5.75067475e-04] [5.4787123e-04 9.9349976e-01 1.0126986e-03 9.8160990e-06 3.2497157e-04
 7.4614451e-04 2.6563972e-03 3.4994708e-04 8.5247564e-04] [9.1813940e-01 2.1966873e-02 1.0052486e-02 9.9042845e-05 3.2789102e-03
 7.5284727e-03 2.6802616e-02 3.5309072e-03 8.6013405e-03] [7.9977940e-07 1.4639550e-06 1.9500254e-05 9.9975318e-01 1.7896530e-06
 7.4190059e-05 6.3903849e-06 3.5900282e-06 1.3910358e-04] [5.5766493e-05 1.6282483e-04 5.0786743e-03 9.9087977e-01 1.3111159e-04
 8.5744454e-04 2.8125156e-04 1.6204330e-04 2.3910704e-03] [1.7280167e-05 1.8367138e-05 8.5011397e-06 6.6450579e-05 9.9718469e-01
 1.6772144e-03 5.3491502e-04 2.1480458e-04 2.7772709e-04] [3.9252915e-05 7.3446710e-05 6.1199928e-05 2.6686750e-05 9.9912494e-01
 1.6068113e-04 4.4514178e-04 5.0057275e-05 1.8628754e-05] [6.4920785e-04 9.8617494e-01 9.2926724e-03 8.6244043e-05 4.7375952e-04
 9.2052668e-04 1.2996267e-03 8.2295190e-04 2.8010199e-04] [3.4015375e-05 4.2427497e-04 2.1113196e-05 1.2784282e-03 7.3267984e-05
 8.3305180e-04 9.9628592e-01 9.7368218e-05 9.5252210e-04] [0.0137259  0.03887203 0.01168256 0.05886039 0.00814157 0.531817
 0.08296864 0.00876728 0.24516459] [3.0409056e-04 6.5512653e-03 6.6529796e-04 5.4483353e-06 1.8037244e-04
 3.5393398e-04 1.3190549e-03 9.9029189e-01 3.2870873e-04] [1.9903151e-04 4.2878920e-03 4.3544656e-04 3.5660075e-06 1.1805617e-04
 9.9313015e-01 1.4502404e-03 1.2712930e-04 2.4853161e-04] [8.7061169e-05 8.0499150e-05 5.1898081e-05 9.8559947e-05 8.5630047e-05
 5.8161939e-04 1.9086985e-04 9.9857748e-01 2.4634833e-04] [9.0192416e-06 7.7091754e-06 5.5982046e-06 8.4295498e-05 2.0182204e-05
 1.6633155e-03 9.9794370e-01 4.3964264e-05 2.2225644e-04] [9.9947339e-01 1.7358579e-04 3.1356027e-05 3.0893747e-07 1.0227678e-05
 2.7692582e-05 8.3603547e-05 1.1013720e-05 1.8882728e-04] [1.0975069e-04 6.3687115e-04 1.4158059e-04 3.8683062e-05 9.9392724e-01
 1.9076714e-04 2.5772717e-04 4.2789797e-03 4.1835522e-04] [0.00203608 0.11917425 0.06090568 0.09044446 0.00148583 0.02379173
 0.5226569  0.11581349 0.06369156] [0.00151812 0.00129761 0.00094229 0.01418866 0.01089716 0.87093085
 0.01598218 0.00740009 0.07684302] [2.2507105e-05 1.9237876e-05 1.3970048e-05 4.5012066e-04 5.0363717e-05
 9.8949426e-01 4.8549785e-04 1.0971080e-04 9.3542729e-03] [9.9950409e-01 1.6346273e-04 2.9527424e-05 2.9092104e-07 9.6312260e-06
 2.6077623e-05 7.8728008e-05 1.0371428e-05 1.7781537e-04] [6.4338441e-04 5.6440737e-03 4.3592057e-01 5.5180186e-01 4.6950992e-04
 2.8618174e-03 1.4835123e-03 8.2047592e-04 3.5478882e-04] [9.0304093e-06 1.1436330e-05 6.7456845e-06 1.5963793e-04 2.0207193e-05
 1.4534616e-04 9.9917930e-01 4.0535411e-05 4.2771915e-04] [2.3967609e-02 4.2682488e-02 1.3963214e-02 2.3981312e-04 2.3967607e-03
 1.8095117e-03 9.0950793e-01 2.5655266e-03 2.8671424e-03] [5.2147857e-06 1.1835085e-05 4.0521022e-06 9.4959842e-06 1.2736900e-05
 9.1055571e-04 9.8857808e-01 5.5593195e-05 1.0412458e-02] [9.99105155e-01 8.17106629e-04 1.14951054e-05 1.13256455e-07
 3.74946580e-06 8.60887667e-06 3.06490547e-05 4.03762533e-06
 1.90729643e-05] [2.4362080e-05 5.3183016e-05 1.9753923e-05 2.8276534e-06 1.9476398e-05
 9.9943036e-01 1.0842424e-04 1.5561025e-05 3.2607047e-04] [0.00258893 0.00614562 0.01126258 0.68485785 0.00206974 0.05746137
 0.00556137 0.00165365 0.2283989 ] [2.9390096e-04 1.1679035e-03 9.6358204e-01 3.2342818e-02 1.7432845e-04
 3.6899067e-04 1.4250028e-03 1.8772620e-04 4.5730348e-04] [9.99102213e-06 1.57341929e-05 7.76343495e-06 1.81933992e-05
 2.44026887e-05 2.06880365e-03 9.97186720e-01 1.01856356e-04
 5.66577888e-04] [1.3777162e-03 1.7532517e-03 7.6008349e-04 4.2646090e-03 1.0312719e-02
 1.4411406e-02 3.0204563e-03 7.8365281e-02 8.8573450e-01] [9.9457246e-01 1.2962036e-03 7.1364193e-04 5.8442388e-06 1.9347925e-04
 4.4423415e-04 1.5815466e-03 2.0834897e-04 9.8419993e-04] [1.1679525e-04 9.9830468e-05 7.2494302e-05 1.0915895e-03 8.3836145e-04
 5.8844448e-03 1.2295722e-03 5.6931801e-04 9.9009764e-01] [1.4901039e-05 2.8335895e-05 7.3307133e-06 1.6657027e-04 3.6395184e-05
 9.9692720e-01 1.1874091e-04 1.8578633e-03 8.4261899e-04] [1.6141355e-02 8.3076644e-05 2.1840397e-05 3.2886383e-04 7.8737270e-05
 1.6811299e-03 9.6536547e-01 1.7151890e-04 1.6128037e-02] [8.5745829e-05 9.9033970e-01 7.4471729e-03 1.5162927e-06 5.0860410e-05
 9.8164928e-05 3.2837869e-04 5.4769200e-05 1.5937410e-03] [2.8499882e-04 2.2699295e-03 8.3971387e-01 1.5518168e-01 2.8031413e-04
 7.2034990e-04 5.3091691e-04 3.6127161e-04 6.5666053e-04] [0.00300633 0.00319544 0.00147899 0.01906052 0.00734285 0.79189366
 0.04975576 0.03737081 0.0868956 ] [1.2792362e-03 5.0834250e-03 2.7987475e-03 2.2919829e-05 7.5878325e-04
 1.7421885e-03 2.4094511e-02 9.6222973e-01 1.9904643e-03] [0.00676172 0.00718704 0.00332649 0.02600205 0.01651522 0.65629274
 0.05388164 0.08405288 0.14598018] [9.0191888e-06 1.3501279e-05 5.5981718e-06 8.4295003e-05 2.0182086e-05
 1.6633057e-03 9.9793786e-01 4.3964006e-05 2.2225514e-04] [7.3308864e-04 1.1229211e-03 3.6064998e-04 2.8190783e-03 1.7905398e-03
 6.0000923e-02 1.2266445e-02 9.5292581e-03 9.1137707e-01] [1.6829941e-05 5.9292088e-05 1.4298132e-03 9.9609607e-01 4.1106476e-05
 1.3118288e-03 1.3411173e-04 2.0920814e-04 7.0178712e-04] [6.4739174e-06 9.5117139e-06 9.9694330e-01 2.9634966e-03 4.7243379e-06
 3.4631881e-05 1.8899063e-05 8.2558545e-06 1.0710444e-05] [3.6700007e-05 6.3298641e-05 1.9096342e-05 8.6351408e-04 2.9340054e-05
 8.1455742e-04 9.9804568e-01 2.3441773e-05 1.0438641e-04] [6.3200307e-01 3.5245749e-01 1.6741822e-03 1.3710400e-05 4.5389644e-04
 1.0421592e-03 3.7102604e-03 7.4546104e-03 1.1906748e-03] [0.01536745 0.06106713 0.7424084  0.03545205 0.00911526 0.02092889
 0.07451034 0.0098158  0.03133474] [2.9345771e-04 9.9552166e-01 6.5281085e-04 1.6586235e-05 1.7406537e-04
 1.2814027e-03 1.4873678e-03 1.8632202e-04 3.8637134e-04] [1.9393687e-05 4.3725613e-05 1.2037565e-05 2.5475473e-04 4.1773314e-05
 9.9748176e-01 2.7147998e-04 5.5513927e-05 1.8195885e-03] [8.1151078e-04 8.6255680e-04 3.9923054e-04 6.0553890e-01 1.9820828e-03
 2.8064234e-02 6.4666313e-03 2.0113350e-01 1.5474135e-01] [0.00672283 0.00714571 0.00330736 0.03160393 0.01642024 0.65251815
 0.05357175 0.08356945 0.14514059] [0.00262622 0.00133398 0.00156552 0.00147636 0.00828589 0.02799887
 0.00909716 0.01432728 0.9332887 ] [1.1233013e-03 1.1939597e-03 5.5261893e-04 8.3819300e-01 2.7436188e-03
 1.0902771e-01 8.9511760e-03 1.3963422e-02 2.4251200e-02] [4.4468934e-06 6.5335435e-06 9.9925667e-01 6.8415143e-04 3.2451212e-06
 2.3788447e-05 1.2981661e-05 5.6708950e-06 2.4521989e-06] [1.6843276e-04 2.0747400e-04 1.0454539e-04 1.5742022e-03 3.7689877e-04
 4.0654905e-02 3.9077662e-03 8.5854525e-04 9.5214731e-01] [6.4183027e-05 1.4011310e-04 5.2042673e-05 7.4495765e-06 9.9882060e-01
 1.4146583e-04 1.7773699e-04 4.0996241e-05 5.5539084e-04] [1.2350229e-04 9.9793327e-01 2.2828479e-04 2.2127679e-06 7.3255855e-05
 1.9834841e-04 5.9881096e-04 7.8885809e-05 7.6347677e-04] [1.6824789e-04 1.0052094e-03 1.6494632e-04 9.8982108e-01 3.6240017e-04
 6.9562654e-04 9.1859663e-04 4.7872556e-04 6.3852090e-03] [2.3344500e-04 3.4298620e-04 7.4485892e-01 2.5178006e-01 1.7035654e-04
 1.2488030e-03 6.8148784e-04 2.9770055e-04 3.8621126e-04] [0.00251353 0.00376259 0.00449191 0.4492751  0.00586529 0.48801416
 0.0087068  0.01371249 0.02365815] [2.0379125e-04 9.9758208e-01 3.7669289e-04 3.6512899e-06 1.2087953e-04
 2.7754274e-04 9.8809844e-04 1.3016953e-04 3.1709467e-04] [4.3959757e-05 3.2451240e-04 6.4499029e-03 9.9249250e-01 7.2338589e-05
 3.4319379e-04 1.2833020e-04 5.6059671e-05 8.9201429e-05] [0.00672766 0.00715085 0.00330974 0.0258711  0.01643205 0.6529874
 0.05864672 0.08362956 0.14524497] [1.0752801e-03 9.1909320e-04 6.6742173e-04 1.0049767e-02 2.4061350e-03
 9.1389316e-01 1.1320110e-02 5.2414490e-03 5.4427575e-02] [6.9216330e-06 2.6090975e-05 5.2602054e-04 9.9740040e-01 1.5488420e-05
 5.8547786e-04 5.5305118e-05 3.1069634e-05 1.3532754e-03] [6.0685870e-05 2.7700796e-04 6.5506096e-03 4.7221027e-02 9.4439763e-01
 1.2761282e-04 1.6805259e-04 3.8762468e-05 1.1586763e-03] [9.2731039e-05 3.5563513e-04 1.7399776e-04 1.6950569e-05 6.7670495e-05
 1.6821956e-04 2.3502439e-04 9.9875844e-01 1.3129758e-04] [1.9424333e-05 8.5782514e-05 1.3658745e-03 9.9402481e-01 1.8822751e-04
 2.7953496e-03 1.3596908e-04 1.9802694e-04 1.1865221e-03] [9.0303283e-06 7.7186523e-06 5.6050858e-06 8.4399115e-05 2.0207011e-05
 3.2830969e-04 9.9917042e-01 4.4018307e-05 3.3033287e-04] [1.6478244e-04 1.3745464e-03 9.8931307e-01 7.5940327e-03 9.7741322e-05
 2.0688344e-04 8.8727416e-04 1.0525318e-04 2.5639811e-04] [4.6532929e-05 5.8930378e-05 3.4759938e-05 8.2260062e-04 1.0412583e-04
 1.0379024e-03 3.7180627e-04 9.9494213e-01 2.5811915e-03] [5.5582682e-03 8.3750570e-01 1.2160531e-02 9.8290053e-05 3.2969061e-03
 7.5697917e-03 2.6949717e-02 3.5502862e-03 1.0331053e-01] [1.1329961e-04 9.9720132e-01 2.0942568e-04 2.0299663e-06 6.7204026e-05
 1.1530239e-03 8.8287203e-04 7.2368886e-05 2.9845125e-04] [2.2254835e-03 2.5340600e-03 4.8689740e-03 9.9713900e-05 1.3713586e-03
 3.5659510e-03 1.5791385e-02 2.4206750e-03 9.6712244e-01] [4.1332448e-04 3.5328811e-04 2.5654869e-04 3.8630068e-03 9.2488871e-04
 9.5034546e-01 4.3513114e-03 2.0147488e-03 3.7477493e-02] [1.8827216e-04 7.4815570e-04 2.8065525e-04 3.3732376e-06 1.1167433e-04
 9.5630872e-01 1.8017609e-03 1.2025700e-04 4.0437106e-02] [0.00663554 0.00974918 0.0078828  0.02239971 0.00484229 0.05932133
 0.0193709  0.00846197 0.86133623] [0.01613553 0.02053373 0.01089064 0.15059131 0.03765205 0.61053294
 0.05015039 0.02057683 0.0829366 ] [1.2866457e-03 9.8429769e-01 2.8149572e-03 2.3052575e-05 7.6317805e-04
 1.7522797e-03 6.2384042e-03 8.2183164e-04 2.0019927e-03] [6.5014546e-04 5.3925458e-03 1.7118430e-03 3.6746234e-05 3.8563617e-04
 3.3919161e-04 4.1116877e-03 9.8448008e-01 2.8921585e-03] [1.02020385e-05 8.72017608e-06 5.24726638e-05 9.96111572e-01
 5.14786589e-05 4.31276974e-04 1.07402942e-04 4.97297988e-05
 3.17719067e-03] [0.00292517 0.00460665 0.00191417 0.29962423 0.0092693  0.44390976
 0.02047599 0.02982148 0.18745324] [9.9980623e-01 4.7339101e-05 2.1663338e-05 2.1343956e-07 7.0661258e-06
 1.6224021e-05 5.7760240e-05 7.6091815e-06 3.5944307e-05] [2.0379125e-04 9.9758208e-01 3.7669289e-04 3.6512899e-06 1.2087953e-04
 2.7754274e-04 9.8809844e-04 1.3016953e-04 3.1709467e-04] [3.9246806e-05 5.7662885e-05 4.6623893e-05 1.9468436e-05 9.9896944e-01
 3.5086408e-04 4.4507251e-04 5.0049483e-05 2.1642316e-05] [0.00466891 0.00399074 0.00289797 0.07194443 0.01044754 0.23523189
 0.0491524  0.37214613 0.24951994] [2.4949433e-04 2.6518822e-04 1.2274120e-04 7.3621362e-03 6.0938031e-04
 2.8044449e-02 1.9881306e-03 3.1013922e-03 9.5825702e-01] [5.6137767e-04 1.2255011e-03 4.5519145e-04 6.5157816e-05 9.8968458e-01
 1.2373328e-03 1.5545790e-03 3.5857418e-04 4.8577329e-03] [6.2859312e-05 5.8121444e-05 3.7471131e-05 7.1161572e-05 6.1826009e-05
 4.1993678e-04 1.3781054e-04 9.9897301e-01 1.7786671e-04] [0.00349045 0.00298345 0.00216651 0.03262239 0.02505462 0.17585796
 0.03674605 0.01701419 0.70406437] [0.04018227 0.02041046 0.02395308 0.02258887 0.03952174 0.42839435
 0.13919033 0.21921335 0.06654552] [4.25574908e-05 9.29040398e-05 4.11735418e-05 4.93955031e-06
 9.99211311e-01 9.38009907e-05 1.17851116e-04 2.71831304e-05
 3.68259993e-04] [2.6171672e-04 3.8452368e-04 3.1091075e-04 8.8348147e-04 1.9098766e-04
 1.9729969e-03 1.3802102e-03 9.8602170e-01 8.5935267e-03] [9.9979807e-06 1.0626882e-05 4.9186006e-06 3.8447062e-05 2.4419685e-05
 1.7863208e-03 9.9788123e-01 1.2428191e-04 1.1971559e-04] [0.00107809 0.00099683 0.00807549 0.97222656 0.00106037 0.00673993
 0.00236357 0.00137484 0.00608433] [9.1262299e-01 2.3447167e-02 1.0729899e-02 1.0571709e-04 3.4998676e-03
 8.0357976e-03 2.8608778e-02 3.7688464e-03 9.1809584e-03] [4.8298371e-05 1.9192800e-04 1.0566843e-04 8.6535294e-07 9.9924731e-01
 6.5777422e-05 2.3417870e-04 3.0850078e-05 7.5151205e-05] [3.0550676e-05 5.7898797e-05 1.8502373e-05 1.9351048e-05 3.0048475e-05
 1.7054494e-04 9.9753499e-01 1.8616696e-03 2.7648982e-04] [2.0354435e-05 2.1634787e-05 1.2229626e-03 9.9641210e-01 4.9714927e-05
 1.3690523e-03 1.6219702e-04 2.5301988e-04 4.8892497e-04] [1.6467407e-04 1.7503255e-04 8.1013030e-05 6.3325121e-04 9.7695690e-01
 1.5983282e-02 1.3122279e-03 2.0470151e-03 2.6466444e-03] [9.00923169e-06 1.11302215e-05 5.59199088e-06 8.42019363e-05
 2.01598032e-05 2.41478905e-03 9.96836066e-01 4.39154683e-05
 5.75067475e-04] [9.9719101e-01 6.6710630e-04 1.9828586e-03 3.0823199e-07 1.0204322e-05
 1.9695230e-05 6.5883905e-05 1.0988570e-05 5.1907835e-05] [0.0018109  0.0051285  0.00142456 0.00725825 0.00107414 0.04179757
 0.91467243 0.00115669 0.02567698] [9.9640191e-01 2.4917151e-03 5.2130649e-06 2.5664759e-04 2.4913299e-05
 1.7621677e-04 5.3442349e-05 3.0790819e-05 5.5911363e-04] [0.00875696 0.07682015 0.7503233  0.0521532  0.00639039 0.05428697
 0.02019173 0.0111673  0.01990997] [5.5660459e-04 1.0584421e-03 2.7382682e-04 2.1404121e-03 1.3594840e-03
 9.5396072e-01 4.4353777e-03 6.9189845e-03 2.9296156e-02] [8.7485387e-04 9.8919326e-01 1.9140282e-03 1.5674581e-05 5.1892234e-04
 1.1914612e-03 4.2417985e-03 6.8878476e-04 1.3612534e-03] [3.9236973e-05 5.7648442e-05 2.9393246e-05 2.2470484e-05 9.9871922e-01
 3.0004935e-04 1.7797573e-04 5.0036946e-05 6.0398778e-04] [7.3514809e-07 7.8139021e-07 2.6097625e-05 9.9990070e-01 1.7955693e-06
 4.0471281e-05 5.8581254e-06 9.1384054e-06 1.4418376e-05] [8.3095324e-04 9.3955499e-01 1.8179811e-03 2.0485346e-05 4.9288251e-04
 2.7940504e-03 4.4742790e-03 4.5945182e-02 4.0692510e-03] [0.01183147 0.03454507 0.0058206  0.2865577  0.02781676 0.19675352
 0.05967063 0.03437926 0.342625  ] [5.5002014e-04 2.1856695e-03 1.2033497e-03 9.8546107e-06 3.2624649e-04
 7.4907101e-04 2.6668191e-03 9.9145317e-01 8.5581973e-04] [9.4552459e-05 3.1648265e-04 5.6363770e-05 1.0704066e-04 9.2998176e-05
 4.3949368e-04 3.8101643e-04 9.6688062e-01 3.1631470e-02] [1.1314283e-03 4.6893689e-03 9.7365981e-01 2.2524645e-04 8.2566001e-04
 5.1861405e-03 2.8675764e-03 1.4342265e-03 9.9805063e-03] [3.6162641e-04 3.0909936e-04 2.2445996e-04 3.3798260e-03 8.0920453e-04
 9.7701514e-01 3.8070537e-03 1.7627468e-03 1.2330855e-02] [1.5164848e-04 1.8309552e-03 8.1458050e-01 1.8190263e-01 2.6255264e-04
 6.1388011e-04 3.4967027e-04 1.9338951e-04 1.1478763e-04] [5.5985840e-04 6.7931167e-03 6.0529937e-04 1.9732922e-04 9.8700619e-01
 7.2599255e-04 1.3147122e-03 3.5546502e-04 2.4420717e-03] [0.04574944 0.09987217 0.10764962 0.0575246  0.03657466 0.10083637
 0.12669036 0.02922198 0.3958808 ] [1.2477521e-05 4.5300592e-05 1.2232683e-05 8.9533433e-02 2.7920734e-05
 1.2995900e-03 2.3491614e-04 5.8568279e-05 9.0877551e-01] [0.00226728 0.00193796 0.00140729 0.02119044 0.00507346 0.04816085
 0.02386904 0.17176141 0.7243323 ] [5.3488708e-04 4.5719350e-04 3.3200212e-04 4.9991542e-03 1.1969077e-03
 1.1361893e-02 5.6310762e-03 4.0521171e-02 9.3496573e-01] [2.5401889e-05 7.4167510e-05 1.2496709e-05 6.1523274e-04 5.9721915e-05
 3.7268543e-04 9.9823487e-01 7.3811461e-05 5.3161441e-04] [2.8741347e-02 1.1421229e-01 6.2881097e-02 5.1495316e-04 1.7048027e-02
 5.7416838e-01 1.3935475e-01 1.8358236e-02 4.4720903e-02] [9.7329235e-01 2.5088184e-02 1.9358736e-04 9.0289330e-05 5.3330128e-05
 9.3868241e-04 2.1333985e-04 9.3195144e-05 3.7088961e-05] [8.1618084e-05 7.5466320e-05 4.8653441e-05 1.9228060e-04 8.0276433e-05
 4.3959063e-04 1.7893661e-04 9.9814212e-01 7.6105411e-04] [5.7488238e-03 9.9396968e-01 8.3763498e-06 4.9641681e-06 1.5612279e-05
 5.0712413e-05 2.6538572e-05 1.4364989e-04 3.1669777e-05] [2.4339573e-04 9.6720579e-04 9.9654692e-01 5.2356205e-05 1.4437109e-04
 3.3148006e-04 1.1801241e-03 1.5546651e-04 3.7871845e-04] [6.8665511e-04 2.7286294e-03 1.5022834e-03 1.5850834e-05 9.8929507e-01
 9.3515380e-04 3.3293047e-03 4.3859382e-04 1.0684208e-03] [9.17129637e-06 1.66260812e-04 9.99556720e-01 1.94077045e-04
 5.43998885e-06 1.04996425e-05 3.51230956e-05 5.85807038e-06
 1.67939397e-05] [0.00080326 0.001265   0.00318258 0.4025005  0.00254538 0.13160788
 0.00562278 0.00818908 0.44428357] [3.7345755e-05 4.2523960e-05 8.1706094e-05 1.6732944e-06 2.3012706e-05
 3.5960422e-04 9.9921465e-01 4.0621249e-05 1.9884776e-04] [9.0272933e-06 1.6523991e-05 6.7433566e-06 1.5958284e-04 2.0200219e-05
 2.0357654e-04 9.9883455e-01 4.0521423e-05 7.0926588e-04] [6.3636345e-01 3.5488921e-01 1.6857330e-03 1.3804993e-05 4.5702804e-04
 1.0493494e-03 3.7358589e-03 6.0663011e-04 1.1988897e-03] [1.00795405e-05 1.07135611e-05 4.95872428e-06 3.87606560e-05
 9.98589575e-01 9.78320604e-04 8.03201474e-05 1.25295745e-04
 1.61998367e-04]",5 0 3 2 6 2 8 1 7 4 4 3 0 8 0 5 3 0 7 7 1 1 6 8 0 4 2 4 7 1 7 8 4 8 0 3 3 0 2 3 8 7 2 4 1 6 7 0 1 5 8 2 1 8 4 7 3 2 5 0 5 4 7 6 2 1 1 5 7 1 2 5 0 4 2 6 7 8 2 7 8 5 0 6 1 0 3 3 4 4 1 6 5 7 5 7 6 0 4 0 5 5 0 2 6 0 6 0 5 3 2 6 8 0 8 5 6 1 3 8 7 6 6 6 2 2 6 1 2 1 5 3 4 8 3 2 3 4 1 3 2 5 1 3 8 5 3 4 7 3 6 2 7 1 1 8 5 5 8 5 1 7 3 8 0 1 4 7 8 4 7 8 8 4 7 6 3 0 4 6 3 4 6 0 6 0 2 5 1 4 3 1 5 7 7 2 5 2 4 3 8 8 8 6 5 0 7 1 2 4 2 3 6 6 0 4
1468,1,xgboost,0.5,856,0,0.8981481481481481,0.9898003472222222,"[9.9604380e-01 1.0630886e-04 6.2875784e-05 1.1961667e-06 2.7020884e-05
 9.1118374e-05 1.1628096e-03 2.3534154e-03 1.5147724e-04] [2.1581448e-04 1.7159332e-04 2.7340016e-05 8.4566290e-04 9.8922670e-01
 6.8539535e-03 8.7049330e-04 2.0994038e-04 1.5784770e-03] [9.5634347e-01 1.1249029e-03 5.8394042e-04 1.2799133e-02 2.8592037e-04
 6.1885681e-04 1.0784452e-03 1.6628897e-02 1.0536394e-02] [6.4059353e-04 1.1516244e-03 5.1707309e-03 4.4015025e-05 9.8811460e-01
 1.2857317e-04 2.0279018e-03 2.5250646e-03 1.9683657e-04] [0.08580636 0.08934813 0.06232707 0.00117813 0.5454962  0.04915418
 0.0856581  0.02960201 0.05142979] [2.1257547e-03 9.9039102e-01 1.5440820e-03 2.9186833e-05 5.6261261e-04
 1.2177388e-03 2.1220814e-03 7.3335640e-04 1.2741145e-03] [9.9970019e-01 1.2279903e-04 1.0166669e-04 8.4687423e-07 1.1042967e-05
 6.5854538e-06 2.9530116e-05 1.4394328e-05 1.2919098e-05] [4.5687873e-05 2.1458041e-05 8.2788542e-03 9.9136996e-01 6.7592264e-05
 8.0274163e-05 4.3625168e-05 2.2292797e-05 7.0245107e-05] [1.0675455e-04 6.6987115e-05 2.5796886e-05 1.9605555e-05 9.0698064e-05
 1.1944614e-04 1.9442719e-04 9.9321508e-01 6.1612017e-03] [9.9880004e-01 4.8659476e-05 1.8924045e-05 3.1282756e-04 6.0655373e-05
 2.3299994e-04 6.4971835e-05 2.7638451e-05 4.3331229e-04] [1.1506685e-03 2.0686092e-03 9.6673614e-01 2.9110055e-02 1.3980830e-04
 3.1975284e-04 2.4995647e-04 1.0515158e-04 1.1989370e-04] [1.4153881e-03 4.8875939e-03 9.9190837e-01 7.9146863e-05 1.5392716e-04
 3.2426638e-04 4.0030136e-04 1.8447530e-04 6.4648909e-04] [3.8431990e-06 2.6735397e-06 2.1860290e-06 7.6021759e-05 8.6366481e-06
 9.8951379e-05 4.2762280e-05 4.5674149e-04 9.9930823e-01] [9.9970019e-01 1.2279903e-04 1.0166669e-04 8.4687423e-07 1.1042967e-05
 6.5854538e-06 2.9530116e-05 1.4394328e-05 1.2919098e-05] [3.0533047e-04 2.8232497e-04 1.1366792e-04 1.8150420e-03 3.5192570e-04
 9.9408025e-01 3.7697004e-04 1.6035969e-04 2.5141009e-03] [0.05362198 0.06562992 0.02754648 0.00616638 0.01419185 0.22935371
 0.05352934 0.01849885 0.5314615 ] [2.5744867e-02 5.9076952e-05 4.9677194e-05 1.6132429e-06 1.5786138e-05
 1.9750527e-04 9.7286421e-01 9.2696300e-04 1.4033445e-04] [1.0493618e-03 2.1504065e-04 6.3061394e-04 9.9314344e-01 7.1329955e-04
 8.8173646e-04 1.1862301e-03 2.1898291e-04 1.9613099e-03] [2.4484707e-05 1.8314115e-05 3.0535114e-06 1.3749872e-04 9.9923956e-01
 1.1409550e-04 2.8040938e-04 2.9563107e-05 1.5308621e-04] [3.11781839e-03 9.67735589e-01 7.53409811e-04 5.72589168e-04
 2.64887838e-03 1.26866065e-02 4.73580090e-03 1.99225475e-03
 5.75708319e-03] [1.0080368e-03 9.9544346e-01 7.3220656e-04 1.3840457e-05 2.6679182e-04
 5.7745428e-04 1.0062954e-03 3.4775879e-04 6.0418766e-04] [1.7304896e-01 9.3474868e-05 5.5542077e-05 2.1782371e-03 2.1943785e-04
 4.9289372e-03 4.3995772e-03 5.9570424e-04 8.1448013e-01] [1.5143311e-05 8.9224886e-06 4.0078667e-06 4.5900117e-05 6.1609164e-05
 2.2966722e-04 9.9819189e-01 6.0038907e-05 1.3828623e-03] [7.3045587e-05 6.0099817e-05 2.1294303e-05 1.0824185e-03 9.9812835e-01
 2.9878967e-04 3.9716808e-05 2.5635374e-05 2.7068876e-04] [0.00103732 0.00190168 0.01892059 0.88048834 0.00226475 0.0253733
 0.01225006 0.00250302 0.05526095] [9.9893218e-01 1.4308508e-04 8.4626881e-05 1.8866959e-06 3.6368423e-05
 7.8717101e-05 1.3717578e-04 4.7405647e-05 5.3853821e-04] [4.2719707e-06 2.9718199e-06 2.4299184e-06 9.5296011e-05 9.6002086e-06
 1.4908363e-04 9.9956089e-01 2.6061527e-05 1.4939602e-04] [1.7162804e-03 2.5999907e-03 8.8168104e-04 1.9736754e-04 4.5423914e-04
 7.4918196e-03 1.7133146e-03 9.7575706e-01 9.1882385e-03] [9.2705601e-01 1.7064655e-02 1.0092795e-02 2.2501187e-04 4.3373834e-03
 9.3879905e-03 1.6359897e-02 5.6537078e-03 9.8226098e-03] [5.6780083e-04 9.9157262e-01 4.1243280e-04 7.7959667e-06 1.5027687e-04
 5.1305317e-03 5.6681962e-04 1.9588345e-04 1.3958332e-03] [1.4967488e-03 6.5505138e-04 1.9841874e-04 2.2818081e-03 4.2159539e-03
 7.3486003e-03 2.7593151e-01 2.3398972e-03 7.0553195e-01] [2.1257094e-05 1.9655457e-05 2.3703084e-03 9.9660373e-01 2.4501067e-05
 8.8379529e-05 2.6244628e-05 1.1164237e-05 8.3478627e-04] [9.9954396e-01 1.0668244e-04 6.3096741e-05 1.4066968e-06 2.7115839e-05
 5.8690486e-05 1.0227654e-04 3.5345052e-05 6.1407583e-05] [0.00614421 0.00427425 0.00349486 0.13706054 0.01380761 0.4112762
 0.06836511 0.03748331 0.31809387] [1.4302560e-05 2.5712370e-05 9.9977332e-01 1.7609815e-04 1.7377853e-06
 3.5747983e-06 3.1069019e-06 1.3070102e-06 8.2594050e-07] [8.0885970e-05 5.4927685e-05 9.9967480e-01 8.7238132e-06 3.0997726e-05
 7.0832742e-05 4.7113463e-05 2.3313760e-05 8.4594494e-06] [0.0021944  0.0040229  0.00124818 0.8326227  0.00479095 0.05367581
 0.02591432 0.005295   0.07023574] [4.2770605e-04 3.9398932e-04 1.0577032e-04 1.5461685e-03 3.5406885e-04
 8.8703819e-03 6.9024018e-03 9.0957253e-04 9.8048991e-01] [1.98002017e-04 2.06174809e-04 1.43822486e-04 2.71858676e-06
 5.24041570e-05 1.13425405e-04 9.97935295e-01 6.83079561e-05
 1.27987552e-03] [1.9688745e-05 1.5963375e-05 5.2108817e-06 7.0511340e-04 8.0102000e-05
 7.8682613e-04 4.1168062e-03 9.9398440e-01 2.8586495e-04] [4.2681240e-06 2.9691439e-06 2.4277304e-06 9.5210198e-05 9.5915639e-06
 8.1520673e-04 9.9866080e-01 2.6038058e-05 3.8347216e-04] [0.00585615 0.00592685 0.00333101 0.13063473 0.01316027 0.39199436
 0.06515996 0.08075596 0.3031807 ] [9.3115494e-05 7.4035786e-05 1.2343994e-05 3.3436820e-04 2.7464380e-04
 1.2144278e-03 1.7725980e-04 9.9706084e-01 7.5890124e-04] [4.9801442e-06 3.6560718e-06 1.7944874e-06 4.7526519e-05 7.0897240e-06
 2.9904005e-04 2.3898470e-05 3.3565800e-04 9.9927634e-01] [1.7594580e-04 1.2239766e-04 1.0007885e-04 3.9248709e-03 3.9539507e-04
 9.7396028e-01 1.9577052e-03 1.0733735e-03 1.8289965e-02] [7.8229881e-05 4.9088248e-05 1.8903993e-05 1.6798396e-05 6.6463668e-05
 4.9593922e-04 9.9848986e-01 4.9988117e-05 7.3475321e-04] [8.4503606e-04 8.7991601e-04 9.9574667e-01 1.7904918e-04 2.2365146e-04
 4.8407918e-04 8.4357621e-04 2.9152574e-04 5.0648977e-04] [9.9980706e-01 3.6696121e-05 4.0862183e-06 3.5017604e-06 1.6944528e-05
 7.3110474e-05 2.1166043e-05 1.3028075e-05 2.4440320e-05] [1.06970496e-04 7.44146164e-05 6.08453593e-05 2.38622003e-03
 2.40389985e-04 9.92401719e-01 1.19023421e-03 6.52583374e-04
 2.88666715e-03] [1.1040289e-04 8.7780943e-05 1.4635711e-05 3.9644513e-04 3.2563266e-04
 1.4398916e-03 2.1016867e-04 9.9651527e-01 8.9979451e-04] [3.2461400e-04 3.3801293e-04 2.0694932e-04 1.8461804e-05 8.5913889e-05
 9.8379850e-01 3.2405325e-04 1.3176484e-04 1.4771755e-02] [1.80551200e-04 1.06003805e-04 9.14501429e-01 8.51504728e-02
 7.16433442e-06 1.87209571e-05 1.28087668e-05 5.38838140e-06
 1.74829820e-05] [5.8559462e-04 2.9235828e-04 4.9128756e-04 9.7960556e-01 1.0755501e-02
 4.0721525e-03 5.9437752e-04 3.0373179e-04 3.2994563e-03] [8.3967061e-06 2.3366307e-05 4.0346645e-03 9.9580848e-01 3.2724227e-05
 2.4174016e-05 3.5466910e-05 3.6560361e-06 2.9051762e-05] [5.1874068e-04 5.4015237e-04 9.9742508e-01 7.3839554e-05 1.3729237e-04
 2.9716047e-04 5.1784428e-04 1.7895836e-04 3.1091762e-04] [2.0594837e-04 4.2444479e-04 9.9909961e-01 3.9731727e-05 2.4358731e-05
 1.1666429e-04 4.3549797e-05 1.8320492e-05 2.7417416e-05] [7.3006697e-04 4.7405035e-04 5.5223773e-05 4.5236698e-05 2.1889406e-04
 9.9672204e-01 2.7342871e-04 1.6830025e-04 1.3127172e-03] [9.9952447e-01 4.4689499e-04 8.5324746e-07 6.4846620e-07 2.9998957e-06
 1.4367772e-05 5.3633635e-06 2.2562574e-06 2.2111744e-06] [6.3605822e-04 9.6356426e-04 4.6201289e-04 6.1482860e-05 1.6834220e-04
 3.6436616e-04 6.3495943e-04 9.9632794e-01 3.8123460e-04] [1.1589284e-05 8.6148566e-06 9.6076801e-06 4.1895564e-05 9.5939831e-06
 5.8730942e-04 9.9891269e-01 2.4646120e-05 3.9405577e-04] [0.11259655 0.11724414 0.08178662 0.00154596 0.02980035 0.06450095
 0.11240201 0.03884427 0.44127914] [9.9955709e-05 7.4765056e-05 1.2465572e-05 6.2396406e-04 9.9782759e-01
 4.6578067e-04 1.7900567e-04 9.1473281e-05 6.2495505e-04] [7.3461138e-06 4.6598871e-06 2.8677455e-06 5.6804198e-05 9.5998521e-06
 7.1975483e-05 9.9952376e-01 2.6060559e-05 2.9694600e-04] [1.06970496e-04 7.44146164e-05 6.08453593e-05 2.38622003e-03
 2.40389985e-04 9.92401719e-01 1.19023421e-03 6.52583374e-04
 2.88666715e-03] [4.7676970e-04 3.3166746e-04 2.7118888e-04 1.0635427e-02 1.0714232e-03
 3.1913623e-02 9.2770833e-01 2.9085763e-03 2.4683001e-02] [9.9834836e-01 1.6229282e-03 5.9369477e-06 1.1222252e-07 2.1632293e-06
 4.6821701e-06 8.1593425e-06 2.8197310e-06 4.8989327e-06] [3.3596304e-04 6.1590731e-04 1.9109747e-04 1.2795684e-02 7.3349586e-04
 8.2177818e-03 3.9674905e-03 8.1066572e-04 9.7233194e-01] [6.0002461e-05 1.1000006e-04 3.4129669e-05 2.2852875e-03 1.3100119e-04
 1.4676827e-03 7.0858700e-04 1.4478347e-04 9.9505854e-01] [0.01649662 0.01717754 0.010517   0.00093821 0.00436608 0.7664469
 0.01646812 0.00669618 0.1608933 ] [9.99782741e-01 1.56374863e-05 5.10581731e-06 4.57672513e-06
 2.11725728e-05 1.01404425e-04 3.78534205e-05 1.59241463e-05
 1.56059778e-05] [2.2922545e-06 1.3734882e-06 5.0594736e-05 9.9975544e-01 4.4369349e-06
 9.9089171e-05 2.1968435e-05 1.2044886e-05 5.2767580e-05] [1.4442218e-02 9.4276768e-01 9.9141360e-04 8.8098680e-04 3.4856664e-03
 2.6009388e-02 6.2318542e-03 2.6216127e-03 2.5692307e-03] [6.6464701e-05 5.2845851e-05 8.3788527e-06 1.9892538e-03 1.9603742e-04
 3.3144772e-04 1.5447538e-04 9.9478817e-01 2.4129234e-03] [1.1925336e-04 1.2417571e-04 7.2656934e-05 1.6373617e-06 9.9941802e-01
 4.5282897e-05 1.0967407e-04 4.1140764e-05 6.8139103e-05] [9.9954396e-01 1.0668244e-04 6.3096741e-05 1.4066968e-06 2.7115839e-05
 5.8690486e-05 1.0227654e-04 3.5345052e-05 6.1407583e-05] [1.1924744e-04 1.2416954e-04 8.6617627e-05 1.6372803e-06 9.9936837e-01
 6.8310932e-05 1.1904132e-04 4.1138719e-05 7.1473405e-05] [8.8709436e-04 5.5663980e-04 1.7892636e-04 1.1276220e-03 7.5366959e-04
 5.8126327e-02 1.3474494e-03 9.3414664e-01 2.8756224e-03] [6.7246074e-06 4.9367331e-06 2.4230667e-06 6.4174208e-05 9.5731384e-06
 2.8082172e-03 9.9674243e-01 2.4592573e-05 3.3692966e-04] [3.2639851e-05 2.2706092e-05 1.8565710e-05 7.2810566e-04 7.3350064e-05
 1.7741326e-03 3.6317552e-04 9.9529749e-01 1.6898084e-03] [4.1025528e-04 2.5742970e-04 9.9136734e-05 7.5343625e-05 3.4855021e-04
 1.6693554e-03 6.2315608e-04 9.9625993e-01 2.5691098e-04] [1.06474574e-04 6.68113644e-05 2.14758547e-05 1.35344191e-04
 9.04601984e-05 9.99004543e-01 1.61729229e-04 6.80361845e-05
 3.45150242e-04] [9.9725455e-01 6.2672386e-04 4.3718718e-04 8.2638835e-06 1.5929667e-04
 3.4478740e-04 6.0084061e-04 2.0764041e-04 3.6074943e-04] [2.1072235e-03 1.3222545e-03 9.7997302e-01 3.6596585e-04 1.7902836e-03
 8.5744308e-03 3.2007613e-03 1.3464950e-03 1.3195903e-03] [5.57238054e-05 1.09299996e-04 9.08829825e-05 9.98465776e-01
 6.09352974e-05 1.52955705e-04 2.46774987e-04 6.73462491e-05
 7.50298263e-04] [9.7655907e-04 9.9104601e-01 2.3598214e-04 2.1919147e-04 8.2967867e-04
 3.9736824e-03 1.4833423e-03 6.2401150e-04 6.1154325e-04] [1.6024418e-05 9.4416400e-06 4.2410666e-06 4.8570841e-05 6.5193926e-05
 3.6899108e-04 3.0284375e-04 9.9909091e-01 9.3820992e-05] [2.5199365e-03 1.5812264e-03 7.9775724e-04 3.2031946e-03 2.1409227e-03
 9.7615039e-01 3.8276501e-03 1.6102141e-03 8.1686797e-03] [2.2647555e-05 1.8006989e-05 4.9682485e-04 1.6184261e-02 9.8248243e-01
 2.6146261e-04 2.7570696e-04 2.9067338e-05 2.2960333e-04] [3.2837194e-01 3.3466011e-02 2.2517610e-05 1.9503859e-05 7.9168691e-05
 6.3728964e-01 1.4154172e-04 5.9543720e-05 5.5009336e-04] [0.00874421 0.01603041 0.00497375 0.33303705 0.01909092 0.21388668
 0.10326306 0.02109944 0.2798745 ] [6.4059353e-04 1.1516244e-03 5.1707309e-03 4.4015025e-05 9.8811460e-01
 1.2857317e-04 2.0279018e-03 2.5250646e-03 1.9683657e-04] [0.15886408 0.06366715 0.04441265 0.5630687  0.0161825  0.03502601
 0.06103775 0.02109363 0.03664755] [9.5818806e-01 1.0543023e-03 1.6979971e-04 4.7615492e-03 3.9110477e-03
 1.7293980e-02 2.5242555e-03 1.2899148e-03 1.0807083e-02] [1.8286899e-05 1.6909053e-05 1.4677327e-03 9.9821717e-01 2.1077578e-05
 7.6030490e-05 2.2577560e-05 9.6042877e-06 1.5057485e-04] [3.30911542e-04 3.44570406e-04 9.84266460e-01 1.37476083e-02
 4.80231887e-04 1.87376121e-04 3.30339884e-04 1.14159906e-04
 1.98338661e-04] [9.8671651e-01 1.3181708e-02 2.0991061e-05 3.9678125e-07 7.6484475e-06
 1.6554588e-05 2.8848703e-05 9.9696363e-06 1.7320988e-05] [6.7180791e-04 9.8118412e-01 1.7709186e-02 2.5564282e-06 4.1970903e-05
 9.0843401e-05 1.5830727e-04 5.4708384e-05 8.6557309e-05] [2.7172829e-04 2.8294424e-04 1.9737495e-04 3.7308589e-06 9.9856073e-01
 1.5565964e-04 2.7125888e-04 9.3742601e-05 1.6286595e-04] [3.5999897e-01 6.3917071e-01 2.4686397e-05 1.8761590e-05 8.6793756e-05
 4.1569199e-04 1.5517433e-04 6.5278611e-05 6.3974330e-05] [2.0611024e-04 1.9058064e-04 7.6730306e-05 1.2252259e-03 2.3756402e-04
 9.1257214e-04 2.5446972e-04 9.9519956e-01 1.6971184e-03] [4.1875340e-02 8.1071329e-01 3.0416939e-02 5.7495281e-04 1.1082929e-02
 2.3988292e-02 4.1802984e-02 1.4446415e-02 2.5098840e-02] [8.0828869e-04 6.9721019e-01 4.6479280e-04 1.5278672e-01 1.6935512e-04
 3.6655855e-04 6.3878001e-04 2.2075161e-04 1.4733458e-01] [2.91548731e-05 1.82942913e-05 9.88660455e-01 1.10794641e-02
 2.47698135e-05 1.06703694e-04 4.42847086e-05 1.86296729e-05
 1.82574277e-05] [9.2705601e-01 1.7064655e-02 1.0092795e-02 2.2501187e-04 4.3373834e-03
 9.3879905e-03 1.6359897e-02 5.6537078e-03 9.8226098e-03] [1.1924744e-04 1.2416954e-04 8.6617627e-05 1.6372803e-06 9.9936837e-01
 6.8310932e-05 1.1904132e-04 4.1138719e-05 7.1473405e-05] [9.9949795e-04 9.9034053e-01 7.2836974e-03 3.2279331e-05 1.4932873e-04
 7.1519922e-04 2.6697761e-04 1.1231202e-04 1.0023468e-04] [3.67843604e-05 3.40128063e-05 1.36940225e-05 2.21571929e-04
 4.23978563e-05 2.03684391e-03 9.96992946e-01 1.93191645e-05
 6.02449174e-04] [6.3591369e-04 4.4237686e-04 5.3300511e-04 9.1051614e-01 1.4290604e-03
 4.2566273e-02 7.0756534e-03 3.8794486e-03 3.2922097e-02] [0.00192292 0.00133769 0.00109376 0.042895   0.00432128 0.1287146
 0.02139581 0.01173092 0.786588  ] [0.3784068  0.160363   0.0951705  0.00179895 0.03467699 0.07505614
 0.13079591 0.04520088 0.07853089] [1.2749310e-02 8.7443717e-02 8.9826131e-01 2.2554239e-04 2.3277401e-04
 2.0428532e-04 4.2917364e-04 2.7897023e-04 1.7492991e-04] [5.0652485e-05 2.7973090e-05 9.9740148e-01 2.4376099e-03 1.5786254e-05
 2.7589196e-05 2.3993534e-05 1.1873040e-05 3.0504825e-06] [6.2069966e-04 3.8948073e-04 9.9310911e-01 1.0996190e-03 5.2734296e-04
 2.5256686e-03 9.4281038e-04 3.9662089e-04 3.8869629e-04] [1.0496512e-04 7.2694733e-05 2.7780328e-05 3.1815440e-04 4.2704106e-04
 9.9621528e-01 1.9837231e-03 4.1615669e-04 4.3423020e-04] [9.8941836e-04 6.8829430e-04 5.6278589e-04 2.2071216e-02 2.2234756e-03
 3.0230933e-01 1.1009012e-02 6.0360353e-03 6.5411037e-01] [0.00630048 0.00468344 0.00522319 0.0227764  0.00521574 0.6124209
 0.01283942 0.0133988  0.3171416 ] [6.5879995e-06 3.8816706e-06 1.7435997e-06 1.9968567e-05 2.6802718e-05
 9.9915320e-05 9.9921334e-01 2.6119558e-05 6.0160586e-04] [9.9797326e-01 3.7312292e-04 3.6331799e-04 6.2665626e-05 2.1056709e-04
 4.8116577e-04 3.2004106e-04 1.5837017e-04 5.7464917e-05] [1.7196363e-04 1.2112927e-04 2.2504173e-04 1.3297170e-03 2.2472090e-04
 4.0696589e-03 8.1254629e-04 9.5044184e-01 4.2603411e-02] [1.6053754e-03 2.3730290e-03 4.2488301e-04 2.8477032e-02 6.3453903e-03
 9.4564192e-02 4.6670873e-02 3.9605605e-03 8.1557864e-01] [3.2040803e-05 5.9979473e-05 9.9441868e-06 8.3995439e-02 3.8169142e-05
 3.8886123e-04 1.4676842e-04 3.4821846e-03 9.1184664e-01] [2.0606477e-04 9.9622858e-01 3.4319276e-03 7.8413740e-07 1.2873791e-05
 2.7864518e-05 4.8557853e-05 1.6780792e-05 2.6549869e-05] [1.8278262e-05 8.3279710e-06 1.2301829e-05 1.6923341e-05 2.6430014e-05
 1.4493307e-02 9.8531890e-01 2.6330090e-05 7.9175305e-05] [4.2081690e-05 3.3459000e-05 5.3050098e-06 1.2594829e-03 1.2411980e-04
 9.9833375e-01 8.0108963e-05 4.0936298e-05 8.0740574e-05] [8.8398027e-01 1.1529930e-01 1.4864218e-04 2.8096931e-06 5.4160344e-05
 1.1722658e-04 2.0428383e-04 7.0597052e-05 1.2265361e-04] [0.00922904 0.00960998 0.00474111 0.00106131 0.0024426  0.04028611
 0.00921309 0.8740084  0.04940833] [2.3275593e-04 1.6218114e-04 2.4282759e-04 6.1084094e-05 1.9774796e-04
 1.3060174e-03 3.5354396e-04 9.9718815e-01 2.5571286e-04] [3.1076153e-04 4.5936028e-04 8.2246988e-05 5.5124578e-03 1.2283123e-03
 1.8305317e-02 9.0343412e-03 7.6666760e-04 9.6430057e-01] [3.1839980e-05 5.9702805e-05 1.8523981e-05 9.3742888e-03 2.0339424e-04
 9.8690856e-01 3.2213840e-04 7.8581659e-05 3.0029651e-03] [0.00444834 0.00279127 0.00094345 0.00400273 0.00377928 0.01810059
 0.0067568  0.9180766  0.04110092] [0.00639853 0.00377004 0.00169345 0.01939428 0.02603188 0.36040094
 0.12092521 0.02536838 0.43601727] [1.0783181e-02 1.6054396e-02 9.4213820e-01 4.5186738e-03 7.9164002e-03
 8.6096348e-04 3.8606832e-03 1.8818743e-03 1.1985673e-02] [1.5597804e-03 1.6241625e-03 9.9245822e-01 2.1415954e-05 4.1281889e-04
 8.9352072e-04 1.5570859e-03 5.3810264e-04 9.3488657e-04] [1.5747914e-03 9.2787220e-04 4.1678859e-04 1.9000530e-02 6.4068981e-03
 9.0550506e-01 2.9761812e-02 6.2436005e-03 3.0162603e-02] [8.4846246e-04 9.8101062e-01 1.7706055e-02 2.5559762e-06 4.1963482e-05
 9.0827336e-05 1.5827929e-04 5.4698710e-05 8.6542008e-05] [6.2706363e-03 2.0468703e-02 9.6895045e-01 2.7432901e-04 3.9175519e-04
 8.4792922e-04 1.4776363e-03 5.1064650e-04 8.0792350e-04] [0.0131454  0.00824856 0.00265142 0.03246287 0.01116825 0.8613442
 0.01996716 0.00839978 0.04261238] [6.2539228e-05 2.1164768e-05 9.5069408e-06 6.9061387e-03 3.0920291e-04
 1.2970893e-03 4.7607024e-04 9.9023235e-01 6.8589387e-04] [1.3487176e-05 1.9936442e-05 3.5695559e-06 2.3924312e-04 5.3309304e-05
 9.9807405e-01 3.9209440e-04 3.3273715e-05 1.1709953e-03] [6.5891059e-06 3.8823227e-06 1.7438925e-06 1.9971922e-05 2.6807220e-05
 5.0672673e-04 9.9938118e-01 2.6123947e-05 2.6992080e-05] [1.2150837e-04 1.8370905e-04 3.2892523e-05 1.3630205e-02 1.1202126e-03
 4.2416439e-03 2.9743845e-03 3.0660853e-04 9.7738886e-01] [0.43102878 0.12988137 0.09060203 0.0017126  0.03301239 0.07145323
 0.12451732 0.04303112 0.07476117] [1.69934428e-05 7.90686863e-06 2.74888953e-06 2.69245720e-05
 9.97707248e-01 1.80695287e-03 1.19525204e-04 4.20963734e-05
 2.69638986e-04] [8.4463572e-05 6.8557361e-05 8.3784898e-06 1.4871098e-04 9.9898988e-01
 3.8797667e-04 1.1096876e-04 3.8821818e-05 1.6223728e-04] [1.5802708e-04 9.3110066e-05 4.1823838e-05 4.7898779e-04 6.4291887e-04
 4.5970134e-03 2.9865347e-03 6.2653219e-04 9.9037498e-01] [1.9713942e-05 4.3579366e-05 9.9890780e-01 1.0038378e-03 2.9453392e-06
 1.2687968e-05 5.2658243e-06 2.2152246e-06 1.9770112e-06] [2.6884786e-04 9.6168788e-04 9.9854302e-01 1.1350980e-05 7.2910188e-05
 2.8779983e-05 5.0153132e-05 1.7332095e-05 4.5983175e-05] [3.2228238e-06 2.2419729e-06 1.8331566e-06 6.3750209e-05 7.2425073e-06
 8.2978484e-05 3.5859528e-05 3.8301354e-04 9.9941993e-01] [1.8238816e-02 1.8991647e-02 1.1112282e-02 2.5042080e-04 4.8271716e-03
 6.9256420e-03 1.6773740e-02 6.2921392e-03 9.1658813e-01] [9.0836565e-04 1.3524079e-03 1.3205906e-03 9.3267781e-06 9.9571073e-01
 7.2526789e-05 3.2522049e-04 1.5852733e-04 1.4228035e-04] [0.17980698 0.18722877 0.13060617 0.00246877 0.04758858 0.10300246
 0.17949632 0.06203094 0.107771  ] [1.09755101e-05 2.39055535e-05 1.28301850e-04 9.99400854e-01
 1.20019795e-05 2.77319850e-05 4.86054669e-05 1.32646983e-05
 3.34304466e-04] [1.9688409e-06 1.1797030e-06 4.3456301e-05 9.9979001e-01 3.8109256e-06
 8.5108615e-05 1.8868914e-05 1.0345466e-05 4.5322569e-05] [2.4429083e-04 2.2588446e-04 9.0944195e-05 1.4521909e-03 2.8157097e-04
 1.0816201e-03 3.0160884e-04 9.9431038e-01 2.0114987e-03] [9.5313501e-01 1.4898751e-03 8.8117830e-04 1.9645262e-05 3.7868661e-04
 4.8325313e-04 1.5076083e-03 4.9361173e-04 4.1611142e-02] [7.8833812e-01 2.1034773e-01 2.7117724e-04 5.1258980e-06 9.8808094e-05
 2.1386374e-04 3.7268776e-04 1.2879462e-04 2.2376464e-04] [6.5917338e-06 3.8838707e-06 1.7445880e-06 1.9979885e-05 2.6817910e-05
 9.7453383e-05 9.9977976e-01 2.6134365e-05 3.7587648e-05] [4.5738412e-05 2.8700268e-05 1.1052535e-05 8.3998948e-06 9.9905509e-01
 1.8611268e-04 5.9149164e-04 4.4782115e-05 2.8642438e-05] [2.9893781e-04 2.4595772e-04 1.3985455e-05 3.6217767e-04 3.1116503e-04
 1.3813822e-03 1.6254021e-04 9.9611604e-01 1.1077892e-03] [1.3048179e-05 7.6880306e-06 3.4533703e-06 3.9549705e-05 9.9915779e-01
 3.7001001e-04 2.4659632e-04 5.1732353e-05 1.1014721e-04] [0.17768493 0.18501912 0.12906478 0.01424147 0.04702695 0.10178684
 0.17737794 0.06129886 0.10649911] [7.1110850e-04 4.1898745e-04 1.8820382e-04 2.1554055e-03 2.8930816e-03
 2.0165047e-02 1.3439161e-02 2.8193432e-03 9.5720965e-01] [3.7243008e-05 4.5583067e-05 9.9938440e-01 3.8203652e-04 9.8569108e-06
 3.3511402e-05 3.7178670e-05 1.2848321e-05 5.7285375e-05] [3.5782250e-05 7.7767669e-05 1.2893347e-05 5.8302475e-04 4.9489016e-05
 9.9495018e-01 1.9029572e-04 5.1758601e-05 4.0488024e-03] [1.8030181e-04 8.7468594e-04 9.9864846e-01 5.4119078e-05 2.6937789e-05
 1.2901648e-04 4.8160720e-05 2.0260233e-05 1.8081555e-05] [1.8888843e-04 1.3140115e-04 1.0744059e-04 4.2135818e-03 9.2107290e-01
 1.2643658e-02 2.1017138e-03 1.1523303e-03 5.8388069e-02] [9.9894506e-01 2.1697491e-04 1.7963612e-04 1.4963524e-06 1.9511956e-05
 1.1635909e-05 5.7745643e-04 2.5433492e-05 2.2826911e-05] [1.2398277e-05 8.6249293e-06 5.9377833e-04 9.9728155e-01 2.7862094e-05
 8.2990603e-04 1.3795256e-04 7.5636839e-05 1.0323222e-03] [8.3419647e-05 5.3410469e-05 8.7773908e-05 9.4544435e-01 5.9480863e-05
 5.2105311e-02 1.4642208e-04 1.5280124e-04 1.8670739e-03] [8.4463572e-05 6.8557361e-05 8.3784898e-06 1.4871098e-04 9.9898988e-01
 3.8797667e-04 1.1096876e-04 3.8821818e-05 1.6223728e-04] [9.9336267e-01 1.5527562e-03 9.1836898e-04 2.0474403e-05 3.9466933e-04
 8.5423706e-04 1.4886286e-03 5.1444495e-04 8.9378422e-04] [1.8981619e-04 9.9652594e-01 3.1613144e-03 7.2230608e-07 1.1858682e-05
 2.5667354e-05 4.4728986e-05 1.5457583e-05 2.4456343e-05] [2.6845469e-06 4.2389934e-06 5.9253431e-05 9.9976593e-01 5.0482990e-06
 5.5906625e-05 2.7306334e-05 5.5794212e-06 7.4008545e-05] [0.04200651 0.04374038 0.6128598  0.02777762 0.01111764 0.14151962
 0.03863224 0.01449166 0.0678545 ] [4.5361594e-05 1.8179340e-05 2.6628895e-02 9.7325248e-01 1.1320214e-05
 9.8858582e-06 1.7428547e-05 6.0230132e-06 1.0464236e-05] [1.3748147e-04 2.0322205e-04 3.6386260e-05 6.4148228e-03 5.4340821e-04
 1.0896113e-02 9.7005051e-03 3.9907458e-04 9.7166902e-01] [5.1998137e-04 3.8652643e-04 4.3107191e-04 1.8726606e-02 4.3045732e-04
 2.3624104e-02 1.0596426e-03 1.6842265e-02 9.3797934e-01] [4.6451177e-04 4.2951261e-04 1.6525284e-04 2.7612995e-03 9.9108559e-01
 4.0188050e-03 4.9125188e-04 2.4396204e-04 3.3984115e-04] [4.7849744e-04 2.8193230e-04 1.2664046e-04 1.4503506e-03 1.9467245e-03
 9.1198045e-01 9.0430705e-03 1.8971076e-03 7.2795168e-02] [5.31491023e-05 3.33503449e-05 1.07727155e-05 9.76087449e-06
 9.99353349e-01 1.36747229e-04 1.83970886e-04 3.39617436e-05
 1.84969962e-04] [1.0192933e-03 9.9764097e-01 8.6400966e-04 1.1106580e-05 5.3743188e-05
 2.3188544e-04 6.7132620e-05 4.1321320e-05 7.0592228e-05] [4.2373904e-05 3.1107942e-05 1.5268522e-05 4.0438230e-04 6.0323415e-05
 9.9656183e-01 2.0334162e-04 1.5496569e-04 2.5263519e-03] [2.3672097e-05 1.9356363e-05 1.3464807e-05 5.2805967e-04 5.3197236e-05
 1.2866921e-03 2.6339354e-04 7.2184086e-01 2.7597129e-01] [1.6511866e-03 9.9253631e-01 1.1993705e-03 2.2670971e-05 4.3701089e-04
 9.4588241e-04 1.6483334e-03 5.6963653e-04 9.8967226e-04] [3.6795493e-05 3.4023098e-05 1.3698166e-05 2.1873135e-04 4.2410687e-05
 2.0374602e-03 9.9729460e-01 1.9325011e-05 3.0297515e-04] [4.0285845e-06 7.3854317e-06 2.2914767e-06 1.5343486e-04 8.7954531e-06
 9.8540630e-05 9.9958688e-01 9.7208076e-06 1.2894218e-04] [4.2719707e-06 2.9718199e-06 2.4299184e-06 9.5296011e-05 9.6002086e-06
 1.4908363e-04 9.9956089e-01 2.6061527e-05 1.4939602e-04] [6.61074009e-05 1.08510525e-04 7.55371439e-05 9.66902182e-04
 2.61295616e-04 4.08862205e-03 1.92184933e-03 9.91433501e-01
 1.07768469e-03] [0.0075122  0.0047138  0.0018153  0.00137962 0.00638232 0.9587103
 0.01141064 0.00480022 0.00327559] [6.1235740e-05 4.2598938e-05 3.4831170e-05 1.3660011e-03 1.3761234e-04
 4.0989472e-03 6.8135461e-04 3.7357392e-04 9.9320388e-01] [3.1255115e-06 4.9352916e-06 6.8986352e-05 9.9972755e-01 5.8775286e-06
 6.5089873e-05 3.1791657e-05 6.4958931e-06 8.6165128e-05] [6.0989748e-04 4.8492724e-04 7.6886463e-05 1.8253911e-02 1.7988905e-03
 5.3779031e-03 1.1610335e-03 5.9329742e-04 9.7164321e-01] [1.5596190e-03 1.6239944e-03 9.9235547e-01 1.2500360e-04 4.1277616e-04
 8.9342822e-04 1.5569247e-03 5.3804694e-04 9.3478977e-04] [0.21686572 0.17876922 0.12470501 0.00235722 0.04543839 0.09834851
 0.17138615 0.0592282  0.10290158] [1.99035072e-04 1.38459713e-04 1.13212045e-04 5.05589647e-03
 9.70550776e-01 1.33228451e-02 2.21461290e-03 1.21423067e-03
 7.19096139e-03] [1.4276750e-03 9.9354655e-01 1.0370186e-03 1.9602134e-05 3.7785523e-04
 8.1784400e-04 1.4252088e-03 4.9252808e-04 8.5570640e-04] [1.06731942e-03 8.48621828e-04 1.41490731e-04 3.83263314e-03
 3.14805354e-03 1.02013424e-01 2.48063356e-03 3.78168635e-02
 8.48650992e-01] [1.7370035e-06 1.0645363e-06 3.9213977e-05 9.9980587e-01 9.1270958e-06
 2.2856453e-05 1.3350183e-05 9.3355147e-06 9.7518030e-05] [0.13721919 0.14288309 0.09967174 0.00188403 0.0363171  0.07860604
 0.1369821  0.28419158 0.08224513] [2.6845469e-06 4.2389934e-06 5.9253431e-05 9.9976593e-01 5.0482990e-06
 5.5906625e-05 2.7306334e-05 5.5794212e-06 7.4008545e-05] [0.03406372 0.03546975 0.31026772 0.09723041 0.0494346  0.1434611
 0.03400487 0.01175152 0.28431636] [2.3846852e-03 1.2390328e-03 6.0822640e-04 3.8651580e-03 5.6417054e-03
 1.5185557e-01 1.3437093e-02 5.4979101e-03 8.1547058e-01] [1.1489695e-05 1.6983793e-05 3.0408910e-06 5.2969786e-04 4.5414032e-05
 5.8029144e-04 3.3402402e-04 1.0985711e-03 9.9738044e-01] [9.8551717e-04 1.8067083e-03 5.6056684e-04 1.1206604e-01 2.1516427e-03
 1.5855256e-02 1.1638267e-02 6.5278667e-01 2.0214933e-01] [6.4943401e-05 4.5745404e-05 8.4988766e-05 4.1750871e-02 8.4867592e-05
 1.5369389e-03 3.0686439e-04 2.3038864e-04 9.5589441e-01] [1.8648469e-03 9.7723114e-01 2.0346424e-02 7.4608638e-06 8.2860621e-05
 4.9413782e-05 2.2157848e-04 1.0800757e-04 8.8277724e-05] [3.2639851e-05 2.2706092e-05 1.8565710e-05 7.2810566e-04 7.3350064e-05
 1.7741326e-03 3.6317552e-04 9.9529749e-01 1.6898084e-03] [7.7735727e-05 6.0168702e-05 3.4212692e-06 1.4728622e-04 9.9927241e-01
 1.6122247e-04 3.9762333e-05 2.5664758e-05 2.1232471e-04] [1.6411244e-04 1.5174720e-04 6.1095503e-05 7.6031795e-04 1.8915706e-04
 9.3060295e-04 2.0261816e-04 9.9618906e-01 1.3513076e-03] [7.9394697e-04 6.4372143e-04 2.1012817e-04 2.4064928e-03 3.2301024e-03
 7.7253520e-03 1.6600977e-01 3.1477744e-03 8.1583267e-01] [1.2238064e-03 7.2107074e-04 3.2389592e-04 3.7094166e-03 4.9789483e-03
 3.4703720e-02 2.3128577e-02 4.8520425e-03 9.2635852e-01] [1.09007371e-04 1.00794095e-04 3.87800283e-05 6.47996436e-04
 9.98016357e-01 8.34825914e-04 1.15282506e-04 5.72507270e-05
 7.97508110e-05] [0.0104405  0.00615158 0.00276321 0.31526303 0.04247627 0.29606348
 0.19731392 0.04139364 0.08813433] [3.1703904e-03 9.8931807e-01 4.6091443e-03 3.9784718e-05 4.2447352e-04
 2.5313380e-04 1.1350886e-03 5.5329432e-04 4.9658911e-04] [1.0109310e-04 1.0526586e-04 6.1592575e-05 1.3880193e-06 2.6755784e-05
 3.8387087e-05 9.9953568e-01 3.4875757e-05 9.4988747e-05] [0.01452545 0.01343101 0.0043571  0.8585152  0.01674212 0.01710786
 0.01793355 0.00762877 0.04975896]",0 4 0 4 4 1 0 3 7 0 2 2 8 0 5 6 6 3 4 1 1 8 6 4 3 0 6 7 0 1 6 3 0 5 2 2 3 6 6 7 6 7 7 8 5 6 2 0 5 7 5 2 2 3 2 2 5 0 7 6 1 4 6 5 6 0 8 8 5 0 3 1 7 4 0 4 7 6 7 7 5 0 2 3 1 7 5 4 5 3 4 0 0 3 2 0 1 4 1 7 1 1 2 0 4 1 6 3 8 1 2 2 2 5 6 8 6 0 7 8 5 1 6 5 0 7 7 8 5 7 5 2 2 5 1 2 5 7 5 6 8 0 4 4 8 2 2 8 8 4 6 3 3 7 0 1 6 4 7 4 2 8 2 5 2 4 0 3 3 4 0 1 3 3 3 8 3 4 5 4 1 5 8 1 6 6 6 7 5 8 3 8 2 1 4 1 8 3 1 3 3 8 8 7 8 1 7 4 7 8 8 4 3 1 6 5
1468,2,xgboost,0.5,856,0,0.8981481481481481,0.992163387345679,"[1.3586993e-06 1.5190698e-06 6.5213762e-06 9.9960035e-01 5.3187464e-06
 1.0053066e-04 1.7498623e-05 6.4241058e-06 2.6054119e-04] [1.47758055e-05 1.76794001e-05 9.89102591e-06 5.36807820e-05
 9.42322949e-05 1.75366251e-04 5.52137662e-03 9.92480159e-01
 1.63285446e-03] [0.0031722  0.00354662 0.00276607 0.09375945 0.01118179 0.44241604
 0.03913911 0.0149986  0.38902014] [1.2270217e-04 1.5233354e-04 5.9982409e-05 4.4365803e-05 3.7193557e-05
 1.7306735e-03 2.1782474e-04 9.9719930e-01 4.3558568e-04] [9.9896765e-01 5.3688575e-04 1.3014091e-04 6.8942099e-06 2.9949966e-05
 1.2133925e-04 1.1688920e-04 2.2951570e-05 6.7325505e-05] [8.4784551e-06 3.1828327e-05 9.9980563e-01 1.2268801e-04 5.1877510e-06
 1.1859930e-05 4.7773024e-06 5.0042022e-06 4.5741199e-06] [1.7028559e-03 6.4189975e-05 5.2634068e-04 9.6407272e-03 1.0502982e-04
 6.2727835e-04 9.7815698e-01 1.4088092e-04 9.0357335e-03] [6.4483575e-05 5.9407030e-05 5.1961120e-05 5.1978466e-05 9.9935192e-01
 1.9538631e-04 3.7825921e-05 4.2284679e-05 1.4472226e-04] [1.8204173e-05 2.0352854e-05 1.5873509e-05 5.3805282e-04 6.4168402e-05
 6.2727844e-03 9.9213529e-01 8.6071697e-05 8.4918452e-04] [1.8758098e-04 1.5286599e-04 5.0719202e-05 4.7705453e-04 2.1682217e-04
 6.3048089e-03 2.6494794e-04 9.9171549e-01 6.2967895e-04] [1.0661076e-02 7.3866241e-02 8.7259817e-01 6.8069797e-04 2.8079960e-03
 7.1033323e-03 1.4550939e-02 2.5624528e-03 1.5169102e-02] [9.98427510e-01 1.92816951e-04 1.30806453e-04 2.12055857e-05
 1.07317661e-04 8.23439506e-04 9.88269239e-05 1.03520644e-04
 9.46237269e-05] [1.9021067e-03 5.5529266e-03 9.4675726e-01 4.0460479e-02 5.0099142e-04
 8.4001996e-04 2.5961194e-03 4.5718244e-04 9.3297858e-04] [3.2057113e-03 3.3161377e-03 8.5514365e-04 2.7716255e-02 1.8575124e-03
 3.7700828e-02 8.7521958e-01 2.6906044e-03 4.7438215e-02] [5.5189270e-05 3.7357997e-05 2.8636896e-05 3.6691558e-01 2.7282489e-04
 6.3189734e-03 1.1320260e-03 1.6108617e-04 6.2507832e-01] [9.9882621e-01 4.3623440e-04 2.1053675e-04 1.1745394e-05 4.8451770e-05
 8.1239850e-05 2.5107540e-04 4.4214939e-05 9.0230053e-05] [0.12612838 0.36821353 0.14435309 0.00805315 0.03322066 0.05570158
 0.17214827 0.03031569 0.06186565] [0.07490648 0.21867862 0.4513651  0.04525681 0.01972944 0.03308065
 0.10223728 0.01800421 0.03674144] [2.0770148e-04 2.9097332e-04 9.0877576e-05 3.4776522e-04 7.7679986e-05
 3.4776456e-03 9.9507082e-01 6.3830819e-05 3.7275726e-04] [0.05966322 0.17417814 0.06204502 0.00463282 0.01571456 0.34645632
 0.26375234 0.0143404  0.05921717] [1.2492107e-03 8.2864153e-04 7.0870599e-05 1.3403484e-01 2.4374145e-04
 1.2811030e-02 1.0432252e-03 3.5155416e-04 8.4936690e-01] [1.0553353e-04 1.3194990e-04 4.6175115e-05 1.7670018e-04 3.9469389e-05
 1.7721002e-03 1.8354315e-04 9.9735510e-01 1.8939868e-04] [8.0896734e-04 2.6321989e-03 6.9948024e-04 1.6127684e-05 9.8047584e-01
 1.0796487e-03 6.8743993e-04 1.2193162e-02 1.4071829e-03] [1.2203093e-04 3.0187913e-04 9.9877065e-01 4.6842944e-04 3.2141474e-05
 4.9136626e-05 1.6655585e-04 2.9330859e-05 5.9855895e-05] [2.3152622e-04 1.8458818e-03 9.9234927e-01 4.9248873e-03 6.0981147e-05
 1.0224796e-04 3.1600223e-04 5.5648645e-05 1.1356308e-04] [1.0175417e-03 2.9705667e-03 9.9309701e-01 6.4968895e-05 2.6800783e-04
 4.4937304e-04 1.3888075e-03 2.4457212e-04 4.9910170e-04] [2.7949817e-04 8.1595423e-04 2.9065594e-04 2.9419025e-05 9.9763513e-01
 1.2343361e-04 3.8147712e-04 7.2719929e-05 3.7172766e-04] [2.7948059e-04 8.1590289e-04 2.9063766e-04 2.1701499e-05 9.9757236e-01
 3.5816748e-04 3.8145314e-04 6.7174755e-05 2.1312454e-04] [1.84086704e-04 6.91066263e-04 9.90757704e-01 7.31330412e-03
 4.45077952e-04 2.97066203e-04 1.03726394e-04 1.08652806e-04
 9.93147260e-05] [1.7714776e-05 4.5465924e-05 7.7924442e-01 2.2059436e-01 1.3373702e-05
 4.3505035e-05 1.0391450e-05 1.1616348e-05 1.9133155e-05] [5.7831593e-04 9.7634900e-01 2.1417577e-02 3.5423454e-05 1.5232133e-04
 2.5539938e-04 7.8932324e-04 1.3900158e-04 2.8366252e-04] [2.3719952e-04 1.3613404e-04 1.4080921e-03 9.9176401e-01 1.5609036e-04
 4.9916987e-04 3.6950692e-04 6.3041800e-05 5.3666965e-03] [9.9842525e-01 4.3605926e-04 2.1045221e-04 1.1740678e-05 4.8432317e-05
 7.2727009e-05 6.6094182e-04 4.4197190e-05 9.0193826e-05] [8.0343755e-04 1.4658758e-04 4.4312165e-04 9.9646157e-01 6.7431931e-05
 1.6653941e-03 2.0960849e-04 3.2660952e-05 1.7015601e-04] [4.2314014e-06 3.2978960e-06 2.0994943e-05 9.9958318e-01 2.6985617e-05
 1.6290729e-04 1.1197084e-04 1.5933330e-05 7.0476024e-05] [1.2758563e-03 9.8272550e-01 1.4602091e-03 8.1462014e-05 3.3604479e-04
 7.4087288e-03 5.6401594e-03 3.0665964e-04 7.6532294e-04] [1.7703992e-04 9.9526584e-01 4.0504737e-03 1.0844183e-05 4.6630088e-05
 7.8185411e-05 2.4163551e-04 4.2552558e-05 8.6837601e-05] [6.1155442e-04 9.5629549e-01 4.0835161e-02 3.7459387e-05 1.6107588e-04
 2.4187478e-04 1.3704043e-03 1.4699058e-04 2.9996579e-04] [9.97054935e-01 1.24094542e-03 4.86495846e-04 2.71405625e-05
 1.11959569e-04 1.87724232e-04 5.80170657e-04 1.02169266e-04
 2.08498459e-04] [6.2757143e-05 7.0164504e-05 9.8993121e-05 9.8202723e-01 2.2121459e-04
 8.7525202e-03 7.7430706e-04 2.9672417e-04 7.6961638e-03] [0.0254968  0.02330594 0.09958159 0.03998349 0.01297158 0.10749192
 0.01194529 0.6499357  0.02928766] [1.17857435e-05 9.18564547e-06 7.88946363e-06 3.39756953e-05
 7.51632469e-05 9.94131625e-01 1.04383891e-03 4.43792305e-05
 4.64211218e-03] [6.6263463e-05 6.1046863e-05 5.4115477e-05 5.3413241e-05 9.9936897e-01
 2.0077941e-04 3.8870043e-05 4.3451833e-05 1.1307282e-04] [4.6406287e-05 5.1583520e-05 3.7194597e-05 2.3245669e-04 1.6357884e-04
 3.3280646e-04 1.0018336e-03 9.9484384e-01 3.2902970e-03] [5.4073913e-05 1.3376762e-04 9.9870992e-01 9.5295196e-04 1.4242387e-05
 2.1773227e-05 7.3803567e-05 1.2996972e-05 2.6523106e-05] [3.8091297e-05 5.0239581e-05 1.9022986e-05 5.4509618e-04 8.3661631e-05
 9.9143571e-01 6.9973920e-04 1.2475942e-04 7.0036775e-03] [1.1598108e-05 9.0394069e-06 7.7638515e-06 3.5579033e-05 9.9874508e-01
 4.5551130e-04 3.0690778e-04 4.3672695e-05 3.8477869e-04] [2.8198704e-04 1.7447226e-05 1.3374241e-05 1.7893667e-04 1.2741693e-04
 1.7055679e-03 9.9480212e-01 2.2668226e-03 6.0635729e-04] [0.11094224 0.2200123  0.09189232 0.09212723 0.03605341 0.1330538
 0.1483472  0.02962561 0.1379459 ] [7.0328009e-05 5.4812688e-05 4.7078098e-05 2.1574232e-04 4.4851494e-04
 3.4793932e-03 9.9272281e-01 2.6482047e-04 2.6965255e-03] [3.6464247e-04 7.4262870e-04 1.9811600e-04 5.8151591e-03 8.0088066e-04
 1.5683316e-02 4.2243533e-02 1.1943042e-03 9.3295741e-01] [4.8573245e-05 5.3992226e-05 3.8931405e-05 1.5256843e-03 1.7121719e-04
 1.8505446e-03 8.8969892e-04 9.6392751e-01 3.1493839e-02] [0.05620946 0.06179395 0.04136294 0.2549532  0.03439315 0.4490042
 0.03167202 0.03317628 0.03743475] [4.5546327e-05 3.6098965e-05 2.9254978e-05 4.1258032e-04 9.4176526e-04
 7.4015693e-03 9.0850523e-04 1.7150475e-04 9.9005324e-01] [0.00298158 0.0033335  0.00259985 0.08812527 0.01050986 0.41583043
 0.09687903 0.0140973  0.3656432 ] [7.6033277e-03 2.2068404e-02 7.9986975e-03 5.6303036e-04 2.0026227e-03
 5.0955440e-04 8.1180781e-03 9.4891900e-01 2.2172909e-03] [9.5173810e-04 9.9255800e-01 8.1505673e-04 5.7372083e-05 2.0406483e-04
 1.7673094e-03 2.9485708e-03 1.8622036e-04 5.1167037e-04] [2.1997144e-05 2.4593495e-05 1.9180850e-05 9.9495065e-01 7.7538280e-05
 3.0678627e-03 2.7140381e-04 1.0400535e-04 1.4627568e-03] [1.38328411e-04 1.07811255e-04 9.25980567e-05 4.24344442e-04
 8.82185530e-04 6.84362976e-03 3.66043160e-03 5.20876027e-04
 9.87329841e-01] [2.7955690e-04 8.1612560e-04 3.1995101e-04 3.0345105e-05 9.9784470e-01
 1.2345954e-04 3.8155727e-04 6.7193090e-05 1.3712188e-04] [1.6110826e-04 3.1764916e-04 1.1700246e-04 1.9510652e-04 9.9885678e-01
 1.6753300e-05 1.6686943e-04 4.3021788e-05 1.2565803e-04] [7.5476719e-03 2.2034340e-02 8.6382600e-03 4.8191033e-04 1.9879637e-03
 3.3332484e-03 1.0301559e-02 9.4197291e-01 3.7021143e-03] [2.2028160e-05 3.2734803e-05 1.1968236e-05 2.9662790e-04 4.8381444e-05
 1.3352548e-03 9.9454039e-01 7.2148250e-05 3.6404522e-03] [0.30549157 0.03494262 0.25836444 0.11666998 0.00315257 0.01656632
 0.01633648 0.23487103 0.01360498] [9.6379602e-01 4.7429409e-03 2.9590286e-02 4.0036539e-05 1.7215750e-04
 2.8865924e-04 8.9211436e-04 1.5710335e-04 3.2060267e-04] [8.8598573e-04 9.7400963e-04 9.8829007e-01 2.0480806e-03 2.1421020e-03
 4.1595805e-03 4.9922126e-04 5.2293210e-04 4.7798897e-04] [0.00568644 0.01127693 0.6247519  0.33669126 0.00184795 0.00355278
 0.00760367 0.00151849 0.00707054] [3.1716205e-04 9.9271977e-01 1.4848196e-03 1.6561176e-05 5.6542642e-05
 5.5480085e-04 8.1699551e-04 3.8915428e-03 1.4177452e-04] [6.3553307e-05 6.9867376e-05 9.9071819e-01 8.7701017e-03 3.8886647e-05
 2.3177103e-04 3.5810019e-05 3.7510796e-05 3.4286986e-05] [5.3813226e-05 4.9576774e-05 3.6479589e-05 4.3377429e-05 4.0626088e-05
 1.6305498e-04 3.1566720e-05 9.9944991e-01 1.3156113e-04] [9.9820864e-01 9.1217150e-04 3.0363369e-04 6.5996528e-06 7.6020347e-05
 1.8987839e-05 2.3075630e-04 6.9372814e-05 1.7387098e-04] [1.6412344e-04 2.3261887e-04 4.3780969e-05 1.4189952e-03 9.5099480e-05
 1.7583084e-03 9.9182129e-01 1.3775143e-04 4.3280558e-03] [1.51473605e-05 1.69352243e-05 1.32080477e-05 4.47703729e-04
 5.33933089e-05 9.98357832e-01 1.86890276e-04 7.16186842e-05
 8.37234664e-04] [8.2040337e-05 1.3527636e-04 5.6500747e-05 5.6645229e-05 2.2167746e-05
 7.3563278e-05 9.1212496e-05 9.9937743e-01 1.0525120e-04] [5.5969827e-04 7.3819992e-04 2.7951624e-04 8.0094207e-03 1.2292905e-03
 7.8380954e-01 1.0281687e-02 1.8331656e-03 1.9325946e-01] [2.20623551e-05 7.18180818e-05 1.19868155e-05 2.97088351e-04
 4.84565462e-05 2.25236034e-03 9.96084213e-01 7.22602490e-05
 1.13979040e-03] [9.9387288e-01 5.9770411e-03 1.4231513e-05 2.3071304e-06 1.1675996e-05
 8.9588852e-05 1.0752205e-05 1.1262886e-05 1.0294894e-05] [2.6883784e-04 3.3613128e-04 1.1762725e-04 4.5012895e-04 1.0054496e-04
 4.9500968e-03 4.6756084e-04 9.9282658e-01 4.8247731e-04] [1.1728682e-04 1.4561041e-04 5.7335135e-05 4.2407795e-05 3.5552046e-05
 1.2940773e-03 2.0821123e-04 9.9768317e-01 4.1636146e-04] [3.9381700e-04 9.9087065e-01 7.9497248e-03 9.3813169e-06 1.0372654e-04
 2.5908079e-05 3.1485717e-04 9.4656163e-05 2.3723955e-04] [2.0694459e-04 1.6499007e-03 9.9745256e-01 1.1095998e-04 5.4506650e-05
 9.1392161e-05 2.8245160e-04 4.9740356e-05 1.0150575e-04] [1.6927958e-04 9.9581367e-01 1.4806904e-04 5.3055655e-06 3.7071841e-05
 3.6329855e-04 4.0110492e-04 2.7619102e-03 3.0022909e-04] [1.48958163e-04 1.37231269e-04 1.00977639e-04 1.20071156e-04
 1.12455491e-04 4.51345724e-04 8.73785393e-05 9.98587370e-01
 2.54183862e-04] [9.9885821e-01 5.8139378e-04 1.9352791e-04 4.2064403e-06 4.8453319e-05
 1.2102337e-05 1.4707784e-04 4.4216358e-05 1.1082066e-04] [0.06163172 0.17992488 0.0705371  0.00393512 0.01623303 0.5385754
 0.084119   0.01481354 0.0302302 ] [0.09795433 0.10768621 0.0720818  0.01440291 0.05993579 0.459882
 0.05519377 0.05781519 0.07504795] [7.1234548e-01 2.4826985e-03 1.1982075e-03 1.1019655e-04 2.7574913e-04
 4.6235256e-04 1.4289219e-03 2.7239128e-04 2.8142399e-01] [0.02924352 0.0321489  0.02151948 0.00429988 0.01789337 0.83875185
 0.01647768 0.01726029 0.022405  ] [5.0639177e-05 9.9175151e-05 8.2660699e-05 5.5779801e-05 6.0355786e-05
 1.0794044e-03 9.9471360e-01 4.5926641e-05 3.8124211e-03] [5.8480148e-04 3.2837866e-04 2.1565171e-04 2.9680177e-04 2.4016402e-04
 2.2197387e-03 9.8556179e-01 1.0009861e-02 5.4284499e-04] [1.3515282e-04 3.9455900e-04 1.5468152e-04 8.6293494e-06 3.5597583e-05
 5.9686983e-05 1.8446546e-04 9.9896097e-01 6.6292159e-05] [9.9274206e-01 6.4868643e-04 3.1307098e-04 1.7465562e-05 7.2048439e-05
 1.3046872e-04 9.8322425e-04 4.9587302e-03 1.3417330e-04] [4.7041749e-04 4.3338357e-04 3.1464882e-04 4.3548559e-04 9.9614799e-01
 5.5784191e-04 2.7594587e-04 3.0847322e-04 1.0557714e-03] [9.0912254e-05 8.3755091e-05 6.1628751e-05 9.7412187e-05 9.9929035e-01
 1.0780777e-04 5.3328931e-05 5.9615119e-05 1.5513368e-04] [4.0708465e-04 9.9315006e-01 3.2366400e-03 3.8437367e-05 2.0276957e-04
 2.2671637e-03 1.8672671e-04 1.9559536e-04 3.1555709e-04] [9.9661887e-01 1.2566374e-03 6.0648180e-04 3.3834338e-05 1.3957258e-04
 2.3402335e-04 7.2325970e-04 1.2736765e-04 2.5992095e-04] [4.5806398e-03 1.3372518e-02 5.2425121e-03 2.9246882e-04 1.2064840e-03
 2.0229309e-03 6.2519591e-03 9.6478367e-01 2.2467934e-03] [0.03444076 0.16505519 0.6581615  0.00195186 0.01084341 0.10067553
 0.00814688 0.00878371 0.01194113] [7.8152290e-05 2.0379145e-04 1.7627300e-04 8.1025437e-06 7.5495955e-05
 4.7365162e-03 4.0840489e-04 1.3186732e-01 8.6244595e-01] [6.2757143e-05 7.0164504e-05 9.8993121e-05 9.8202723e-01 2.2121459e-04
 8.7525202e-03 7.7430706e-04 2.9672417e-04 7.6961638e-03] [1.2898950e-03 9.9353880e-01 1.4762763e-03 8.2358369e-05 3.3974240e-04
 5.6965154e-04 1.7605338e-03 3.1003391e-04 6.3269056e-04] [1.4027951e-05 1.8501820e-05 7.0056285e-06 2.0074355e-04 3.0810217e-05
 2.9194760e-03 9.9492103e-01 4.5945373e-05 1.8424690e-03] [9.2776766e-04 9.8857224e-01 8.6488752e-03 2.2100814e-05 2.4436243e-04
 6.1035164e-05 7.4175099e-04 2.2299435e-04 5.5889710e-04] [3.75274976e-04 4.19569173e-04 3.27228627e-04 1.10918395e-02
 1.32281741e-03 9.34037209e-01 4.63019591e-03 1.77434878e-03
 4.60214801e-02] [3.64320440e-05 4.80511044e-05 5.47588279e-04 9.82998550e-01
 8.00173439e-05 2.92103575e-03 6.69258530e-04 1.19324905e-04
 1.25796990e-02] [9.4983226e-01 3.2707313e-03 4.5451574e-02 3.0934854e-05 1.3302029e-04
 2.2303703e-04 6.8930601e-04 1.2138833e-04 2.4771885e-04] [6.6263463e-05 6.1046863e-05 5.4115477e-05 5.3413241e-05 9.9936897e-01
 2.0077941e-04 3.8870043e-05 4.3451833e-05 1.1307282e-04] [3.15117541e-05 2.45598312e-05 2.10941816e-05 9.08414440e-05
 2.00965340e-04 9.73792195e-01 2.41152081e-03 1.18657554e-04
 2.33086925e-02] [4.8992649e-04 9.0464082e-04 9.9628252e-01 3.6409543e-05 2.9977350e-04
 9.5908862e-04 2.4115750e-04 2.8916719e-04 4.9738382e-04] [2.7954622e-04 8.1609446e-04 2.9070591e-04 2.1706594e-05 9.9780661e-01
 1.2345483e-04 3.8154269e-04 6.7190522e-05 2.1317459e-04] [0.01184846 0.00901517 0.00456788 0.00407073 0.00774442 0.91795844
 0.00837549 0.00747041 0.02894902] [0.02771697 0.05496621 0.02295768 0.02301637 0.00900731 0.77795756
 0.03706194 0.00740144 0.03991458] [1.16314395e-05 1.29290911e-05 9.32258808e-06 3.65343352e-04
 4.10000284e-05 2.89253978e-04 9.95826304e-01 5.49950091e-05
 3.38919624e-03] [1.76002810e-04 3.49035545e-04 1.75626396e-04 1.69165040e-04
 9.98455644e-01 1.20605335e-04 2.35343337e-04 4.69991428e-05
 2.71565485e-04] [0.12612838 0.36821353 0.14435309 0.00805315 0.03322066 0.05570158
 0.17214827 0.03031569 0.06186565] [4.6004364e-04 9.3149993e-04 2.2974810e-04 7.7966242e-03 1.0104144e-03
 9.7603230e-03 8.8113494e-02 1.5067686e-03 8.9019108e-01] [5.7401554e-05 5.9378857e-05 1.5312213e-05 4.3042502e-04 3.3260651e-05
 9.9737203e-01 9.1530156e-04 4.8177990e-05 1.0686670e-03] [2.5890852e-04 2.8946809e-04 2.2576073e-04 7.6524457e-03 2.9589408e-03
 3.6109056e-02 3.1944511e-03 1.2241537e-03 9.4808686e-01] [0.01871452 0.0219079  0.00296668 0.06290715 0.00644412 0.3827407
 0.02758114 0.00929451 0.46744323] [2.26181204e-04 1.74369907e-03 9.87242341e-01 1.03512285e-02
 5.95733945e-05 1.51580525e-05 2.41493952e-04 5.43639981e-05
 6.59592260e-05] [4.5665562e-05 4.0929892e-05 1.8209739e-05 2.2720566e-03 1.7348510e-04
 1.2777700e-02 9.8339409e-01 1.1387927e-04 1.1640537e-03] [4.8177826e-04 9.8029697e-01 1.7842364e-02 2.9510244e-05 1.2689445e-04
 2.1276575e-04 6.5756263e-04 1.1579815e-04 2.3631114e-04] [6.6263463e-05 6.1046863e-05 5.4115477e-05 5.3413241e-05 9.9936897e-01
 2.0077941e-04 3.8870043e-05 4.3451833e-05 1.1307282e-04] [5.7401554e-05 5.9378857e-05 1.5312213e-05 4.3042502e-04 3.3260651e-05
 9.9737203e-01 9.1530156e-04 4.8177990e-05 1.0686670e-03] [0.00929447 0.01162099 0.0040667  0.01556221 0.00347611 0.92027766
 0.01616487 0.00285637 0.01668057] [0.0050662  0.00524072 0.00815787 0.82128966 0.01159963 0.0595812
 0.00984276 0.00425215 0.07496987] [4.82960495e-05 1.03980274e-04 9.05396417e-03 9.69650328e-01
 3.08006711e-04 7.84842111e-03 9.63354367e-04 1.81859024e-04
 1.18417917e-02] [1.6117081e-03 9.2284942e-01 1.8445894e-03 1.0290573e-04 4.2450402e-04
 7.1177230e-04 2.1997641e-03 6.9464751e-02 7.9053873e-04] [9.9049044e-01 9.3979267e-03 3.1862786e-05 1.7775567e-06 7.3327255e-06
 1.2294899e-05 3.7997936e-05 6.6915213e-06 1.3655483e-05] [1.7929708e-06 2.2455288e-06 1.4557884e-06 9.9935681e-01 6.3200873e-06
 1.6937828e-04 2.2121927e-05 8.4773992e-06 4.3146376e-04] [9.9835443e-01 4.1420435e-04 1.3079689e-04 2.1204034e-05 1.0730981e-04
 5.9474027e-04 1.7921993e-04 1.0351307e-04 9.4616800e-05] [0.1020105  0.20229954 0.08449426 0.08471023 0.03315082 0.20285003
 0.13640405 0.0272405  0.12684013] [1.8204173e-05 2.0352854e-05 1.5873509e-05 5.3805282e-04 6.4168402e-05
 6.2727844e-03 9.9213529e-01 8.6071697e-05 8.4918452e-04] [7.0921087e-06 9.4083935e-06 3.8532548e-06 8.2827231e-05 1.5576717e-05
 9.9722338e-01 3.7141092e-04 2.3228593e-05 2.2632999e-03] [0.01444561 0.04217186 0.01653291 0.00105665 0.00380479 0.00281098
 0.01971631 0.74895185 0.15050909] [8.7173219e-04 9.5028096e-05 1.5863905e-03 9.9677736e-01 7.7871628e-05
 2.8496294e-04 6.0506740e-05 6.7638954e-05 1.7852672e-04] [1.25600403e-04 1.40425182e-04 1.09519795e-04 3.71231581e-03
 4.42732387e-04 1.47664743e-02 1.54967525e-03 9.63750422e-01
 1.54028842e-02] [0.4178687  0.24528614 0.09616109 0.00536462 0.02213001 0.03710572
 0.11467689 0.02019485 0.04121193] [2.0882697e-04 2.2957410e-04 9.9355233e-01 4.8677637e-03 1.2777603e-04
 6.6014926e-04 1.1766654e-04 1.2325516e-04 1.1266197e-04] [0.00756979 0.01501185 0.00626998 0.00628601 0.00245999 0.00518718
 0.010122   0.00202141 0.94507176] [1.9135825e-04 1.3774136e-04 5.5270710e-05 8.4602984e-04 2.3627968e-04
 9.9645859e-01 3.4599815e-04 2.2946965e-04 1.4992497e-03] [1.7654539e-04 1.8262683e-04 4.7094600e-05 1.5263940e-03 1.0229714e-04
 2.0762661e-03 3.4299714e-04 1.4817737e-04 9.9539763e-01] [0.02366295 0.03901786 0.01480754 0.02440131 0.321824   0.04991852
 0.02630848 0.4289335  0.0711258 ] [9.8412146e-04 9.9456859e-01 3.7765855e-04 5.8136837e-05 3.0984305e-04
 2.8767353e-03 2.3279163e-04 2.5098844e-04 3.4120982e-04] [0.00574114 0.00631153 0.8664212  0.07369336 0.00351286 0.03222954
 0.00323493 0.00338857 0.00546683] [6.3066727e-05 8.3180319e-05 3.1495871e-05 1.0763290e-03 1.3851631e-04
 9.6529693e-04 1.1585397e-03 2.7174079e-03 9.9376619e-01] [1.3843726e-04 1.1281703e-04 3.7431411e-05 3.5207230e-04 9.9321997e-01
 4.6530315e-03 1.9553491e-04 1.5540567e-04 1.1353154e-03] [2.0949002e-03 3.8681999e-03 9.8410392e-01 1.5568550e-04 1.2818173e-03
 4.1010133e-03 1.0311771e-03 1.2364652e-03 2.1267887e-03] [0.8473854  0.06430551 0.02521009 0.00140642 0.00580172 0.00972783
 0.0300643  0.00529439 0.01080433] [6.44857719e-05 5.94090561e-05 5.26636832e-05 5.19802379e-05
 9.99385953e-01 1.95392960e-04 3.78272125e-05 4.22861194e-05
 1.10039226e-04] [9.9899775e-01 1.2288666e-04 8.3365885e-05 1.3514793e-05 6.8396010e-05
 5.2479643e-04 6.2984604e-05 6.5976084e-05 6.0305811e-05] [6.9810572e-04 7.6746341e-04 5.2064471e-04 8.4403910e-05 4.2715346e-04
 3.2775095e-03 3.9335762e-04 9.9345475e-01 3.7662775e-04] [1.26633400e-04 1.41580254e-04 1.10420646e-04 4.26965905e-03
 4.46373859e-04 2.91503035e-03 1.56242226e-03 8.03008020e-01
 1.87419847e-01] [1.73951965e-04 9.99398589e-01 1.12283975e-04 5.94823405e-06
 2.58404398e-05 1.04689920e-04 1.00850470e-04 1.98023154e-05
 5.80876222e-05] [2.7954622e-04 8.1609446e-04 2.9070591e-04 2.1706594e-05 9.9780661e-01
 1.2345483e-04 3.8154269e-04 6.7190522e-05 2.1317459e-04] [3.78812774e-06 2.95241466e-06 1.87955702e-05 9.99703467e-01
 2.41586768e-05 5.34817991e-05 1.16012416e-04 1.42641993e-05
 6.30930881e-05] [9.9882621e-01 4.3623440e-04 2.1053675e-04 1.1745394e-05 4.8451770e-05
 8.1239850e-05 2.5107540e-04 4.4214939e-05 9.0230053e-05] [2.2420696e-04 2.4648235e-04 9.9675876e-01 1.2011033e-03 1.3718665e-04
 1.0526208e-03 1.2633276e-04 1.3233285e-04 1.2095959e-04] [1.1320497e-05 2.1650070e-05 7.5780181e-06 3.2634500e-05 7.2196155e-05
 9.9439621e-01 9.5698610e-04 4.2627347e-05 4.4588633e-03] [1.22008685e-04 3.01824126e-04 9.98588622e-01 6.50596339e-04
 3.21356129e-05 4.91276696e-05 1.66525497e-04 2.93255125e-05
 5.98449842e-05] [2.6907225e-04 1.2802383e-03 4.8832081e-02 8.1405276e-03 9.4086993e-01
 2.0508099e-04 1.5283057e-04 3.4030742e-05 2.1627574e-04] [1.10720738e-03 3.64606385e-04 1.88983930e-03 9.95873034e-01
 1.12568145e-04 1.25985738e-04 2.45842355e-04 4.90958446e-05
 2.31868908e-04] [2.2014401e-05 1.7940267e-05 1.1322552e-04 9.9469852e-01 2.5446132e-05
 5.7137862e-04 3.1094169e-05 2.4712748e-05 4.4956747e-03] [5.8687685e-05 4.9480255e-05 2.3402506e-05 8.7326720e-05 2.2295660e-04
 7.4208635e-03 6.5087579e-04 9.8935843e-01 2.1279408e-03] [0.0200763  0.02492453 0.00981421 0.00485876 0.00608554 0.28316957
 0.03564009 0.00555339 0.6098776 ] [7.3245683e-05 1.4008001e-04 4.9031201e-05 2.6493988e-04 4.6712227e-04
 2.1677343e-03 2.1410403e-03 1.4249911e-02 9.8044693e-01] [8.1237499e-04 9.7102171e-01 2.2385079e-02 9.4225914e-05 4.9707177e-04
 3.8139871e-03 4.5774432e-04 4.7948479e-04 4.3827583e-04] [1.3076209e-03 2.6476812e-03 6.5303274e-04 2.2161016e-02 2.8719867e-03
 2.7742608e-02 2.5045252e-01 4.2828182e-03 6.8788075e-01] [9.9899775e-01 1.2288666e-04 8.3365885e-05 1.3514793e-05 6.8396010e-05
 5.2479643e-04 6.2984604e-05 6.5976084e-05 6.0305811e-05] [9.9910307e-01 1.2289961e-04 8.3374674e-05 1.3516217e-05 6.8403220e-05
 3.7910914e-04 1.0341933e-04 6.5983033e-05 6.0312166e-05] [9.5507456e-04 9.4919205e-01 2.1881837e-02 9.2107606e-05 4.8589704e-04
 4.0264982e-03 4.4745370e-04 2.2490654e-02 4.2842288e-04] [1.7934519e-06 2.0051357e-06 1.4561791e-06 9.9962497e-01 6.3217835e-06
 2.2134668e-04 2.2127862e-05 8.4796739e-06 1.1147762e-04] [7.6342886e-04 9.9617589e-01 8.7373937e-04 4.8744070e-05 2.0107765e-04
 3.3715012e-04 1.0419775e-03 1.8349457e-04 3.7445998e-04] [1.8243692e-05 2.2848546e-05 1.5907968e-05 5.3922081e-04 6.4307707e-05
 1.0716224e-03 9.9428904e-01 8.6258544e-05 3.8925312e-03] [2.1928859e-05 2.9090830e-05 1.1914285e-05 2.9529072e-04 4.8163343e-05
 8.5057635e-03 9.9005705e-01 7.1823015e-05 9.5890276e-04] [5.3381136e-05 4.3502067e-05 1.4433490e-05 1.3575850e-04 9.9768484e-01
 1.7942004e-03 7.5397948e-05 5.9924110e-05 1.3855300e-04] [0.00583198 0.00603287 0.00155572 0.04292921 0.00337927 0.82409304
 0.01133052 0.00489487 0.09995254] [1.0024165e-03 1.9764134e-03 6.6147291e-04 1.2139541e-03 9.9255717e-01
 1.0423915e-04 1.0382618e-03 2.6768161e-04 1.1783581e-03] [4.4037381e-05 4.8412538e-05 9.9870491e-01 8.9192082e-04 2.6945378e-05
 2.0925795e-04 2.4813493e-05 2.5992020e-05 2.3758132e-05] [5.7831593e-04 9.7634900e-01 2.1417577e-02 3.5423454e-05 1.5232133e-04
 2.5539938e-04 7.8932324e-04 1.3900158e-04 2.8366252e-04] [2.7975601e-03 2.2304019e-02 9.6066409e-01 6.3991765e-03 7.3684275e-04
 1.2354754e-03 3.8182919e-03 6.7240983e-04 1.3721960e-03] [0.00769603 0.00599818 0.00515177 0.02360878 0.04908119 0.38075134
 0.20365135 0.02897939 0.29508197] [2.0059856e-06 2.9809819e-06 1.0898838e-06 2.3427481e-05 4.4058370e-06
 9.9947685e-01 1.0505268e-04 6.5701520e-06 3.7763192e-04] [6.1186496e-04 9.5678109e-01 4.0855896e-02 3.7478410e-05 1.6115766e-04
 2.7021539e-04 8.3511323e-04 1.4706522e-04 3.0011809e-04] [3.8138664e-05 3.5730776e-05 2.2243137e-05 7.9032230e-05 2.8792665e-05
 6.6016772e-05 1.8843042e-05 9.9965012e-01 6.1035156e-05] [9.7658247e-01 1.9526266e-03 1.5871985e-02 1.6482672e-05 7.0875649e-05
 1.2834497e-04 3.6727521e-04 4.8780129e-03 1.3198926e-04] [3.3144874e-04 3.6437844e-04 2.4390368e-04 4.8735215e-05 2.0280523e-04
 1.5561063e-03 9.9662101e-01 1.9562973e-04 4.3602573e-04] [1.47758055e-05 1.76794001e-05 9.89102591e-06 5.36807820e-05
 9.42322949e-05 1.75366251e-04 5.52137662e-03 9.92480159e-01
 1.63285446e-03] [5.1071565e-05 3.9804472e-05 3.4187684e-05 1.8473300e-04 3.2570749e-04
 9.7758114e-01 1.3514499e-03 9.9359471e-03 1.0495952e-02] [1.5805244e-04 1.0887444e-03 9.9764037e-01 6.2920887e-04 4.1629100e-05
 2.0371519e-05 1.2636310e-04 3.7988841e-05 2.5730892e-04] [5.5870443e-04 9.9523407e-01 3.6011557e-03 7.1278300e-06 8.2995190e-05
 7.3011732e-05 1.8974031e-04 6.3601736e-05 1.8957030e-04] [2.1898342e-04 6.9718540e-04 4.9391872e-04 1.0947886e-05 2.1154036e-04
 8.1410035e-03 9.7093004e-04 1.7876179e-04 9.8907673e-01] [2.7857808e-04 2.9083365e-05 1.1911227e-05 2.9521494e-04 4.8150985e-05
 8.5035805e-03 9.8980296e-01 7.1804585e-05 9.5865666e-04] [2.1035261e-03 2.6115070e-03 1.0282993e-03 5.0908420e-04 6.3762208e-04
 9.8539585e-01 3.7342457e-03 5.8186555e-04 3.3979621e-03] [0.01871081 0.00203968 0.01268758 0.739497   0.00167143 0.21839249
 0.00129871 0.0014518  0.0042505 ] [1.6190106e-04 1.6747804e-04 4.3188134e-05 1.3997807e-03 9.3811752e-05
 1.8530138e-02 9.7839111e-01 1.3588615e-04 1.0766875e-03] [0.09996003 0.29181883 0.10395052 0.00776184 0.02632824 0.04414496
 0.136432   0.02402598 0.2655776 ] [8.0690980e-03 6.4332247e-02 9.0450495e-01 4.9425469e-04 2.1253009e-03
 3.5635245e-03 1.1013237e-02 1.9394548e-03 3.9578727e-03] [1.1316896e-03 1.2336623e-04 6.1943341e-02 9.3593246e-01 1.0109356e-04
 3.6994115e-04 7.8550322e-05 8.7809414e-05 2.3176479e-04] [1.0305439e-06 1.1521814e-06 6.5996305e-06 9.9982965e-01 3.6325930e-06
 7.6250333e-05 1.2714994e-05 4.8725451e-06 6.4056738e-05] [5.1912075e-06 4.3767664e-06 2.0700641e-06 7.2589442e-06 1.9721585e-05
 9.9847203e-01 1.3041358e-04 1.2945664e-05 1.3460052e-03] [1.2206983e-04 1.1245985e-04 9.9690937e-05 9.8397286e-05 9.9883753e-01
 3.6987360e-04 7.1605893e-05 8.0046484e-05 2.0830147e-04] [1.4134234e-05 1.5711094e-05 1.1328575e-05 5.2946497e-04 4.9822160e-05
 7.7322387e-05 2.5889176e-04 2.1993702e-03 9.9684393e-01] [1.4806930e-04 4.8759634e-05 2.3508966e-03 9.9735141e-01 1.5053990e-05
 1.5361638e-05 3.2877051e-05 6.5656973e-06 3.1008349e-05] [1.7044801e-02 9.7915453e-01 1.0850015e-03 6.0529910e-05 2.4969652e-04
 4.1866975e-04 1.2939182e-03 2.2786179e-04 4.6500075e-04] [1.3515266e-04 5.2583293e-04 1.4218052e-04 3.0903725e-06 3.5597539e-05
 8.8913002e-06 1.0805471e-04 9.9895978e-01 8.1417405e-05] [9.93831992e-01 1.82903328e-04 1.24080980e-04 2.01152907e-05
 1.01799975e-04 8.43588903e-04 9.37456862e-05 4.71200282e-03
 8.97585996e-05] [0.02922005 0.00191831 0.00133559 0.04527164 0.00539911 0.16350974
 0.01889827 0.00724206 0.7272052 ] [2.7956039e-04 8.1613584e-04 3.1995500e-04 1.7849605e-05 9.9785715e-01
 1.2346108e-04 3.8156201e-04 6.7193927e-05 1.3712360e-04] [1.8290537e-05 2.0449412e-05 1.5948815e-05 5.4060540e-04 6.4472828e-05
 1.4036359e-03 9.9684215e-01 8.6480039e-05 1.0080276e-03] [8.7962035e-05 6.8556401e-05 1.8098829e-03 9.8398072e-01 5.6097534e-04
 7.6490473e-03 2.3276422e-03 3.5854039e-04 3.1566171e-03] [9.9918348e-01 2.0644018e-04 8.0006583e-05 8.3087079e-06 6.8408728e-05
 2.1886511e-04 5.5032469e-05 6.5988352e-05 1.1350361e-04] [5.0763728e-04 9.9821401e-01 3.2767403e-04 1.7358503e-05 7.5409160e-05
 3.0551257e-04 3.2510483e-04 5.7788329e-05 1.6951487e-04] [2.0324635e-05 1.5840740e-05 1.2814785e-05 1.6001862e-04 1.4394913e-04
 5.4588256e-04 4.6266287e-04 9.9643648e-01 2.2020824e-03] [9.0894842e-05 8.3739047e-05 6.0796960e-05 7.3267882e-05 9.9909902e-01
 2.7541289e-04 5.3318719e-05 5.9603703e-05 2.0399778e-04] [1.8302899e-05 2.0463234e-05 1.5959597e-05 5.4097082e-04 6.4516411e-05
 7.2863087e-04 9.9751592e-01 8.6538486e-05 1.0087088e-03]",3 7 5 7 0 2 8 4 6 7 2 0 2 6 8 0 6 2 6 8 8 7 4 2 2 2 4 4 2 3 1 3 0 3 3 1 1 1 0 3 3 5 4 7 2 5 4 6 5 6 8 7 8 8 6 7 1 8 8 4 4 7 6 2 0 2 3 1 2 7 0 6 5 7 5 6 0 7 7 1 2 1 7 0 5 6 8 5 6 6 7 0 4 4 1 0 7 1 8 3 1 6 1 5 3 0 4 5 2 4 5 5 6 4 5 8 5 8 8 2 6 1 4 5 3 3 3 1 0 3 0 8 6 5 7 3 7 0 2 8 5 8 4 1 3 8 4 2 0 4 0 7 7 1 4 3 0 2 5 2 4 3 3 7 8 8 1 8 0 0 1 3 1 6 6 4 5 4 2 1 2 5 5 1 7 0 6 7 5 2 1 8 6 5 3 6 8 2 2 3 5 4 8 3 1 7 0 0 4 6 3 0 1 7 4 6
1468,3,xgboost,0.5,856,0,0.9444444444444444,0.996045524691358,"[1.2827989e-03 6.3612015e-04 7.0894655e-04 1.2067088e-03 3.1552443e-03
 2.3492349e-03 6.7328528e-04 4.9067783e-04 9.8949695e-01] [8.8866575e-05 1.8700782e-03 9.9694568e-01 5.3285377e-04 2.4905605e-05
 8.7221415e-05 2.2257966e-04 2.6546844e-05 2.0123820e-04] [1.3213817e-05 3.9529596e-06 2.4820947e-06 1.6131150e-04 1.6272070e-05
 2.8614845e-04 9.9913412e-01 1.7805418e-05 3.6470380e-04] [2.1797715e-04 1.3373945e-04 6.3937199e-03 8.9800936e-01 9.8646921e-04
 3.6766570e-02 1.8950101e-03 1.1106986e-03 5.4486435e-02] [8.6860973e-03 1.5596671e-03 2.3138274e-03 9.7967041e-01 1.9043412e-03
 3.0303609e-03 1.9078130e-03 4.7431330e-04 4.5324082e-04] [3.9658530e-06 2.8116744e-06 2.1540800e-06 3.8870352e-05 4.1393610e-05
 9.9799770e-01 8.5597386e-04 2.0737438e-05 1.0363939e-03] [3.8098959e-05 1.4559225e-04 2.5002832e-05 1.6249372e-03 1.6391324e-04
 9.8499781e-01 4.2116987e-03 1.7935909e-04 8.6136181e-03] [2.8555512e-05 1.8541563e-05 2.0456808e-05 1.0278740e-05 9.9966693e-01
 8.0837905e-05 2.5528956e-05 1.2232234e-05 1.3665090e-04] [2.2967950e-04 2.3840095e-03 9.9651414e-01 1.2494431e-05 1.4732327e-04
 3.8888911e-04 2.1207085e-04 6.9214962e-05 4.2171439e-05] [1.4656464e-03 9.5166871e-04 8.6396065e-04 9.7926188e-01 4.3558124e-03
 4.1491021e-03 1.3103046e-03 6.2783423e-04 7.0137754e-03] [1.6285985e-05 5.4662585e-05 1.4864417e-02 9.8213887e-01 1.1585298e-04
 1.7019227e-03 5.7235145e-04 5.8040157e-05 4.7759924e-04] [9.9925214e-01 2.9905964e-04 5.3397122e-05 2.0142868e-06 2.0666839e-05
 7.2376912e-05 2.1920960e-04 2.2028751e-05 5.9118640e-05] [1.0528924e-04 6.8366033e-05 6.2065286e-05 7.8363431e-05 3.1291312e-04
 4.4931870e-04 9.4129784e-05 9.9832565e-01 5.0385605e-04] [4.4070731e-04 5.3420750e-04 2.0181965e-02 9.2658657e-01 9.6009235e-04
 8.3229486e-03 5.9323935e-03 2.7287044e-03 3.4312345e-02] [6.7832111e-04 9.9545288e-01 2.2124921e-03 3.7414018e-05 2.5806171e-04
 1.0745586e-03 1.0159831e-04 1.2124177e-04 6.3382220e-05] [0.00130053 0.0015874  0.00099674 0.06477818 0.00653441 0.20682606
 0.02937126 0.00715016 0.68145525] [3.7383328e-05 2.6503720e-05 2.0305009e-05 3.6640398e-04 9.9035335e-01
 4.7021662e-03 2.1997767e-03 1.9547735e-04 2.0986611e-03] [8.2406506e-05 1.0653419e-04 6.6937959e-05 2.0040295e-03 4.1404579e-04
 8.5948008e-01 6.1023091e-03 4.5306212e-04 1.3129057e-01] [2.3311655e-04 2.8453724e-04 1.7866321e-04 1.1611340e-02 1.1712769e-03
 3.7073083e-02 5.2647302e-03 1.2816485e-03 9.4290161e-01] [3.2372845e-05 2.1636697e-05 1.4074997e-05 6.1045220e-04 1.4650532e-04
 6.8994629e-04 2.9658589e-03 9.9412692e-01 1.3922539e-03] [2.1912637e-03 5.8421767e-03 1.5867082e-03 5.9855014e-05 9.7981298e-01
 2.1506972e-03 5.9449882e-03 6.5458892e-04 1.7567247e-03] [0.00205788 0.00249447 0.00126248 0.10357027 0.00448314 0.68546784
 0.02770123 0.01274165 0.16022103] [2.4369185e-05 2.9744522e-05 1.8676823e-05 1.2138085e-03 1.2244115e-04
 9.8813313e-01 3.5808617e-03 1.3397902e-04 6.7430306e-03] [2.6116073e-05 3.1876738e-05 2.0015677e-05 1.3008201e-03 1.3121840e-04
 9.8206937e-01 3.8375554e-03 1.4358335e-04 1.2439467e-02] [4.6857076e-06 4.9494997e-06 2.8746103e-06 1.4769101e-04 1.0207935e-05
 4.1580389e-04 9.9881113e-01 2.9012277e-05 5.7372265e-04] [9.9690717e-01 9.7092654e-04 2.6369916e-04 9.9474501e-06 1.0206219e-04
 3.5742979e-04 9.8801253e-04 1.0878783e-04 2.9195461e-04] [0.00268641 0.01026591 0.00176298 0.11457648 0.01155774 0.36582378
 0.04569272 0.01264685 0.43498716] [3.9417646e-05 6.8829955e-05 2.1481357e-05 1.2314055e-05 9.9841177e-01
 4.3674550e-04 7.9437124e-04 1.6455728e-05 1.9861411e-04] [2.3665988e-04 3.2487616e-04 9.9809819e-01 1.8552762e-05 2.1029181e-04
 5.5510714e-04 3.9739418e-04 9.8798664e-05 6.0196257e-05] [7.9339634e-06 5.2694313e-06 1.4747237e-04 9.9355894e-01 7.1114737e-05
 4.2036944e-03 1.4332333e-04 3.5627210e-05 1.8267052e-03] [5.0624408e-06 3.3835297e-06 2.7067515e-06 1.4810926e-04 9.9931633e-01
 2.7574878e-04 2.9385392e-05 2.5795545e-05 1.9348027e-04] [9.5208031e-01 6.5520311e-05 4.2621912e-05 3.6840852e-02 4.4364794e-04
 6.3547115e-03 1.0182016e-03 4.9951777e-04 2.6546221e-03] [3.6928215e-04 8.2537264e-04 9.9471694e-01 2.2142553e-03 1.0349437e-04
 3.6244554e-04 1.0018776e-03 1.1031448e-04 2.9605141e-04] [5.1052564e-05 4.0575960e-05 3.4289096e-05 2.3226934e-05 9.9942833e-01
 6.0540624e-05 2.2375800e-05 1.8099559e-05 3.2146950e-04] [5.2995154e-05 7.2749324e-05 9.5253378e-01 4.7029011e-02 4.7090474e-05
 1.2430480e-04 8.8988243e-05 2.2123924e-05 2.8945879e-05] [3.2386251e-06 3.9529987e-06 2.4821197e-06 1.6131312e-04 1.6272234e-05
 2.8615131e-04 9.9914408e-01 1.7805596e-05 3.6470743e-04] [7.0757361e-04 7.3444112e-03 9.8667693e-01 2.6226868e-03 4.5385837e-04
 1.1980501e-03 6.5332605e-04 2.1323035e-04 1.2991745e-04] [9.99802768e-01 3.01453474e-05 1.46702205e-05 2.11032580e-06
 2.39200945e-05 6.31419098e-05 4.52025015e-05 1.12380758e-05
 6.84715860e-06] [2.6517888e-04 3.6402541e-04 1.4451389e-04 2.0788486e-05 2.3563282e-04
 6.2200043e-04 4.4528226e-04 9.9783510e-01 6.7450215e-05] [5.3667514e-05 5.7641941e-05 2.0462823e-05 6.5144683e-05 9.9599769e-05
 2.0285591e-03 9.9710208e-01 1.7364222e-05 5.5546092e-04] [5.6905243e-05 6.8978188e-05 3.8025901e-05 9.9285513e-01 1.2396954e-04
 1.3081157e-03 7.6600560e-04 3.5233720e-04 4.4304938e-03] [5.9620172e-05 3.2887507e-05 2.5767904e-05 1.9363803e-04 1.7718745e-04
 2.5373187e-03 9.9686688e-01 2.5539302e-05 8.1201513e-05] [5.7278760e-04 9.8489153e-01 4.1475918e-04 1.5645848e-05 1.6052839e-04
 7.2984602e-03 5.1458441e-03 2.0019810e-04 1.3002354e-03] [5.2706251e-05 2.3851970e-04 7.7757885e-04 3.4470861e-05 9.9794799e-01
 1.7275089e-04 2.7403867e-05 1.0933520e-05 7.3764811e-04] [2.0654396e-04 1.0268171e-03 9.9765909e-01 5.6418098e-06 5.7885623e-05
 2.0272007e-04 6.1398314e-04 6.1700193e-05 1.6558505e-04] [3.9204292e-06 2.7794727e-06 2.1294074e-06 3.8425169e-05 9.9937063e-01
 1.7018939e-04 1.7134160e-04 2.0499914e-05 2.2008883e-04] [3.2386251e-06 3.9529987e-06 2.4821197e-06 1.6131312e-04 1.6272234e-05
 2.8615131e-04 9.9914408e-01 1.7805596e-05 3.6470743e-04] [3.3841636e-05 3.6347828e-05 1.2903438e-05 3.2500458e-05 9.9940968e-01
 6.6167653e-05 4.7391546e-05 1.0949534e-05 3.5026245e-04] [0.08668874 0.23112273 0.06277188 0.09810929 0.10563935 0.08508385
 0.23519008 0.02589624 0.06949788] [1.4693206e-03 9.8203367e-04 6.3882745e-04 2.7706852e-02 6.6494984e-03
 3.2267842e-02 1.3461268e-01 7.4868877e-03 7.8818601e-01] [4.7396633e-04 9.9676442e-01 3.4320206e-04 1.2946530e-05 1.3283291e-04
 4.6519164e-04 1.2858895e-03 1.4158638e-04 3.7997609e-04] [5.0576014e-04 7.3647097e-04 3.4432887e-04 3.9835384e-05 1.0364880e-03
 7.2922069e-04 1.7485423e-02 9.6430659e-01 1.4815851e-02] [0.00099476 0.00121418 0.00076239 0.04954802 0.00499808 0.6267586
 0.0224657  0.00546906 0.2877893 ] [1.3434511e-02 1.4880714e-01 7.8452849e-01 2.6529652e-04 1.1050044e-02
 9.9163475e-03 2.0880161e-02 3.0181536e-03 8.0998344e-03] [9.9896586e-01 2.8607805e-05 1.3921976e-05 2.0026919e-06 2.2700086e-05
 5.9921458e-05 8.8896428e-04 1.0664885e-05 7.3336651e-06] [1.0230114e-03 9.6322012e-01 7.4076926e-04 2.7943861e-05 2.8670754e-04
 1.3035220e-02 9.1905976e-03 3.0560081e-04 1.2170026e-02] [4.0937546e-03 9.7996199e-01 1.9814803e-03 7.4746844e-05 7.6691218e-04
 2.6857872e-03 7.4240947e-03 8.1745035e-04 2.1937948e-03] [9.1007481e-05 5.9092701e-05 5.3646556e-05 3.2758726e-05 2.7046859e-04
 2.5763339e-04 8.1361723e-05 9.9871850e-01 4.3551147e-04] [0.00902882 0.00498045 0.00390227 0.03255553 0.02683311 0.13241352
 0.03151577 0.00386765 0.7549029 ] [0.05776139 0.07929222 0.34550354 0.00452816 0.05132571 0.13548453
 0.09699169 0.0241137  0.20499906] [9.9922645e-01 3.0127972e-05 1.4661764e-05 2.1091093e-06 2.3906307e-05
 6.3105515e-05 4.5176446e-05 5.8786746e-04 6.5998584e-06] [1.1708807e-05 4.4744309e-05 7.6840242e-06 4.9938570e-04 5.0374831e-05
 8.3804224e-03 9.8960787e-01 5.5121742e-05 1.3426902e-03] [4.7294513e-04 9.9677140e-01 3.4246262e-04 1.2918624e-05 1.3254672e-04
 4.6418916e-04 1.2831190e-03 1.4128133e-04 3.7915728e-04] [6.6810200e-05 1.8443490e-04 2.9081341e-03 1.1154962e-05 9.9584037e-01
 9.1260903e-05 2.6205274e-05 7.2279258e-04 1.4878433e-04] [5.0576014e-04 7.3647097e-04 3.4432887e-04 3.9835384e-05 1.0364880e-03
 7.2922069e-04 1.7485423e-02 9.6430659e-01 1.4815851e-02] [4.10916618e-06 2.50181324e-06 1.01370366e-04 9.99071479e-01
 3.68318179e-05 3.42303043e-04 2.07647681e-04 1.84520613e-05
 2.15251028e-04] [5.1551932e-03 9.6480745e-01 3.7329083e-03 1.4081548e-04 1.4447854e-03
 5.0597535e-03 1.3986244e-02 1.5399937e-03 4.1328887e-03] [4.0126441e-04 2.4430480e-04 4.0792312e-02 8.3871979e-01 3.5966672e-03
 7.6457210e-02 2.0277020e-02 1.8018641e-03 1.7709574e-02] [2.3311655e-04 2.8453724e-04 1.7866321e-04 1.1611340e-02 1.1712769e-03
 3.7073083e-02 5.2647302e-03 1.2816485e-03 9.4290161e-01] [3.1255207e-05 6.9857648e-05 9.9915040e-01 5.8989995e-04 8.7595254e-06
 3.0676558e-05 8.4796615e-05 9.3367553e-06 2.5057110e-05] [0.00244336 0.00298232 0.00187262 0.1217017  0.01227649 0.38857344
 0.0551811  0.01343332 0.4015357 ] [3.7977657e-05 3.3226741e-05 3.7001304e-05 2.7570534e-01 5.9716025e-05
 8.3282322e-04 3.6898427e-04 1.8311395e-04 7.2274184e-01] [2.1394428e-03 9.8952788e-01 1.0355442e-03 3.9063591e-05 4.0079738e-04
 1.4036242e-03 3.8799185e-03 4.2720884e-04 1.1465031e-03] [1.62904020e-04 9.97098207e-01 1.88154134e-03 2.52533096e-06
 2.92714412e-05 2.90100288e-04 1.08989276e-04 3.12003503e-05
 3.95233044e-04] [9.8859358e-01 2.9288821e-03 7.1640420e-03 1.8816891e-05 2.2187209e-04
 5.8567611e-04 3.1938372e-04 1.0423938e-04 6.3511194e-05] [4.9215008e-04 5.1083793e-03 9.9178606e-01 7.7129330e-04 3.1567927e-04
 8.3329907e-04 4.5441865e-04 1.4831162e-04 9.0363617e-05] [1.2418471e-03 9.6557736e-01 2.9632067e-02 2.4523244e-05 2.6174122e-04
 9.1663806e-04 1.2217343e-03 2.7898926e-04 8.4502267e-04] [9.9914479e-01 3.0125510e-05 1.4660566e-05 2.1089370e-06 2.3904353e-05
 5.3398770e-05 4.5172754e-05 6.1669952e-04 6.9093519e-05] [4.3983327e-06 3.1182899e-06 2.3889843e-06 4.3109190e-05 4.5907622e-05
 3.0736692e-04 9.9933147e-01 2.2998871e-05 2.3926025e-04] [5.7786576e-05 3.7521768e-05 3.4063694e-05 2.0800648e-05 1.7173814e-04
 1.6358825e-04 9.9921322e-01 2.4753852e-05 2.7653461e-04] [3.44923465e-05 3.96941978e-05 9.97198701e-01 2.45374581e-03
 1.33267837e-04 5.90628479e-05 5.79188127e-05 1.43995585e-05
 8.77339335e-06] [5.7775369e-03 5.7351515e-02 3.5665929e-03 1.2388681e-04 1.3804147e-03
 1.3680862e-02 7.2546862e-03 8.9956731e-01 1.1297185e-02] [1.7068823e-04 1.5905128e-04 4.4952314e-02 8.7796845e-02 8.6553246e-01
 3.4381184e-05 1.4919501e-04 4.9802362e-05 1.1552842e-03] [0.0052576  0.0208964  0.00427069 0.10502433 0.02641641 0.21342942
 0.03745444 0.06028591 0.52696484] [2.8739205e-06 3.5078476e-06 2.2026059e-06 1.4314748e-04 1.4439800e-05
 2.5352489e-04 6.4904940e-05 4.2722273e-05 9.9947268e-01] [2.69896328e-03 2.63213471e-04 8.81542146e-01 1.09751865e-01
 2.27248971e-03 1.24939263e-03 3.62405524e-04 1.73647102e-04
 1.68580946e-03] [1.2444022e-05 1.3144584e-05 7.6342194e-06 3.9222895e-04 2.7109623e-05
 1.1042671e-03 1.5238543e-04 7.7049073e-05 9.9821377e-01] [1.4517804e-03 1.6707260e-03 7.4975646e-01 2.3092063e-01 1.2900253e-03
 3.2856546e-03 2.4377974e-03 6.5390457e-04 8.5330345e-03] [5.2831968e-04 9.9810189e-01 3.5401341e-04 1.9678715e-05 1.2927821e-04
 9.0120775e-05 4.3046605e-04 1.3779729e-04 2.0846991e-04] [3.2309702e-06 3.9436554e-06 2.4762526e-06 1.6093183e-04 1.6233771e-05
 2.7006725e-03 9.9678242e-01 2.0783635e-05 3.0932561e-04] [1.10586705e-04 1.34979840e-04 8.47550036e-05 5.50823333e-03
 5.55635255e-04 1.75868776e-02 2.49750237e-03 6.07993745e-04
 9.72913504e-01] [1.1101779e-04 1.4352254e-04 9.0178532e-05 2.6998199e-03 9.3752068e-01
 4.9758689e-03 1.2808969e-03 6.1036326e-04 5.2567665e-02] [0.00135196 0.00165018 0.00103616 0.06734002 0.00679283 0.07423073
 0.0390079  0.00743293 0.8011573 ] [1.5426697e-03 1.0310571e-03 6.7071791e-04 2.9089989e-02 6.9814436e-03
 1.0000066e-01 1.6022883e-02 7.8606401e-03 8.3679992e-01] [4.4229197e-05 1.7578980e-04 3.5926885e-05 8.8351063e-04 2.2222631e-04
 9.5356756e-01 1.9018368e-03 2.4316713e-04 4.2925723e-02] [0.0287666  0.04433674 0.50709575 0.3256259  0.01940474 0.04537167
 0.01474222 0.00911668 0.00553973] [9.9808216e-01 1.4250304e-03 5.0391314e-05 1.9008977e-06 1.9503450e-05
 6.8302637e-05 1.7430099e-04 2.0788677e-05 1.5758861e-04] [9.1673636e-01 7.0339896e-02 1.6061038e-03 6.0586615e-05 6.2162633e-04
 2.1769847e-03 6.0176561e-03 6.6259049e-04 1.7781967e-03] [5.8721585e-06 7.1674349e-06 4.5004899e-06 2.9248715e-04 2.9504228e-05
 9.3386351e-04 1.3261748e-04 9.9762899e-01 9.6501561e-04] [6.0380797e-04 1.3495552e-03 9.8056948e-01 1.3336005e-02 1.6922226e-04
 1.6693104e-03 1.6381560e-03 1.8037356e-04 4.8406966e-04] [9.9940622e-01 1.6138976e-04 5.3732412e-05 2.0269351e-06 2.0796611e-05
 7.2831383e-05 2.0132166e-04 2.2167074e-05 5.9489856e-05] [1.15456605e-04 4.35905094e-04 7.73644933e-05 4.30049749e-06
 9.99177516e-01 1.96945693e-05 9.40721147e-05 3.01136297e-05
 4.55580339e-05] [0.05824338 0.07995387 0.03174077 0.00456594 0.051754   0.0516083
 0.5041965  0.02431492 0.19362232] [1.6427313e-05 6.2775718e-05 1.0780592e-05 7.0063211e-04 7.0675269e-05
 5.4452656e-04 9.9630105e-01 7.7335135e-05 2.2157996e-03] [2.31784688e-05 1.30219205e-05 8.23440612e-04 9.92594779e-01
 2.07756297e-04 4.71034832e-03 8.02781258e-04 1.04082166e-04
 7.20653392e-04] [8.4873418e-06 6.0172788e-06 4.6099576e-06 1.0667682e-04 8.8586676e-05
 9.9530041e-01 1.8318740e-03 4.4380289e-05 2.6089209e-03] [9.9178559e-01 2.2327832e-03 7.4337324e-04 2.8042094e-05 2.8771543e-04
 1.0076023e-03 2.7852291e-03 3.0667512e-04 8.2302594e-04] [5.3664840e-05 1.0747733e-04 2.0461805e-05 6.5141445e-05 9.9594807e-05
 2.0284581e-03 9.9705243e-01 1.7363358e-05 5.5543322e-04] [3.91356571e-06 1.21370504e-05 2.12567943e-06 3.28769056e-05
 9.97621000e-01 1.48433447e-03 1.05095685e-04 2.04640255e-05
 7.17990217e-04] [1.3300366e-04 3.8052021e-04 6.1255560e-05 1.3920398e-04 3.0883102e-04
 5.1859097e-04 5.8493737e-05 7.8349745e-05 9.9832171e-01] [9.9940622e-01 1.6138976e-04 5.3732412e-05 2.0269351e-06 2.0796611e-05
 7.2831383e-05 2.0132166e-04 2.2167074e-05 5.9489856e-05] [9.0805523e-05 5.8961567e-05 5.3527507e-05 8.7915170e-05 2.6986838e-04
 1.5113477e-04 3.5958213e-04 9.9650216e-01 2.4260455e-03] [9.0805523e-05 5.8961567e-05 5.3527507e-05 8.7915170e-05 2.6986838e-04
 1.5113477e-04 3.5958213e-04 9.9650216e-01 2.4260455e-03] [3.7738769e-06 4.6063155e-06 2.8923428e-06 1.8797352e-04 1.8961564e-05
 6.0016871e-04 8.5229658e-05 9.9847621e-01 6.2018941e-04] [7.3332543e-04 1.9551355e-03 5.3100573e-04 2.0031002e-05 2.0552061e-04
 7.1974954e-04 1.9895420e-03 9.9325776e-01 5.8790314e-04] [1.1485706e-04 8.1430393e-05 6.2385392e-05 1.1257448e-03 1.1988224e-03
 1.4447001e-02 9.7325134e-01 6.0058793e-04 9.1178594e-03] [1.4837926e-04 1.5936756e-04 5.6575300e-05 1.8011118e-04 2.7537189e-04
 2.9011327e-04 2.0778907e-04 9.9714655e-01 1.5357313e-03] [1.68438123e-06 1.76554636e-06 1.08297274e-04 9.99457419e-01
 7.26774351e-06 2.30037345e-04 3.26674854e-05 7.95259621e-06
 1.52926223e-04] [5.7622639e-04 9.9080443e-01 4.1724922e-04 1.5739779e-05 1.6149213e-04
 2.5227782e-04 4.0220926e-03 1.7213420e-04 3.5783658e-03] [1.3900017e-04 1.6966072e-04 1.0653132e-04 6.9234776e-03 6.9839606e-04
 9.6863937e-01 3.1391936e-03 7.6420722e-04 1.9420085e-02] [2.7178245e-04 1.7647297e-04 1.6020874e-04 9.7829841e-05 9.9686426e-01
 7.6939003e-04 2.4297665e-04 1.1642259e-04 1.3006006e-03] [5.5394835e-06 2.5038575e-05 4.2587565e-03 9.9474370e-01 7.2019270e-06
 1.4524264e-04 3.0250974e-05 2.0468795e-05 7.6373940e-04] [0.02336937 0.01158852 0.01291523 0.01555895 0.05748063 0.7943534
 0.01226557 0.0082851  0.06418326] [3.86878761e-04 9.97258425e-01 2.80141277e-04 1.05677045e-05
 1.08425978e-04 3.79716395e-04 1.15005567e-03 1.15571071e-04
 3.10158532e-04] [4.4229197e-05 1.7578980e-04 3.5926885e-05 8.8351063e-04 2.2222631e-04
 9.5356756e-01 1.9018368e-03 2.4316713e-04 4.2925723e-02] [9.9954623e-01 1.2331840e-04 4.1057141e-05 1.5487874e-06 1.5890753e-05
 5.5650689e-05 1.5383049e-04 1.6937913e-05 4.5456389e-05] [3.2471526e-06 4.6854611e-06 1.9196207e-06 1.4160464e-03 6.5016793e-05
 2.9744741e-03 4.4538017e-05 1.7852493e-05 9.9547219e-01] [9.0465590e-05 6.8345683e-04 4.2074898e-05 6.5075338e-04 8.0852752e-04
 9.8415953e-01 1.8901520e-03 4.0505736e-04 1.1269938e-02] [9.6951371e-01 4.6369797e-03 2.4446687e-02 8.2669039e-06 8.8234228e-05
 3.0900331e-04 6.5064651e-04 9.4048635e-05 2.5239892e-04] [1.5371420e-03 2.1101183e-03 9.7500473e-01 1.2762833e-02 1.3658761e-03
 3.6055036e-03 2.5811347e-03 6.4171175e-04 3.9098348e-04] [1.1170981e-05 1.3635069e-05 8.5615611e-06 5.5641693e-04 9.9602169e-01
 1.7765473e-03 2.5228647e-04 6.1416795e-05 1.2982464e-03] [2.03812360e-05 2.48769156e-05 1.56204296e-05 1.01517269e-03
 1.02404112e-04 9.95928347e-01 4.60292154e-04 1.12053836e-04
 2.32087099e-03] [4.1147164e-04 2.3921761e-04 3.3876282e-04 9.6921545e-01 1.3440397e-03
 1.5566478e-02 1.4135831e-03 1.5132983e-03 9.9576907e-03] [9.9971765e-01 2.0417648e-04 3.5804367e-06 2.1863573e-06 1.8051420e-05
 1.7194769e-05 5.4301863e-06 2.6018811e-06 2.9066594e-05] [2.2909815e-04 6.1080372e-04 1.6589144e-04 6.2578774e-06 6.4206681e-05
 2.2485689e-04 6.2155240e-04 9.9789363e-01 1.8366678e-04] [1.9662764e-05 2.7889288e-05 1.2784888e-05 4.9211673e-04 4.2835840e-05
 9.0865098e-05 1.3157701e-04 9.9625766e-01 2.9246723e-03] [0.0344852  0.04733973 0.01879333 0.00270344 0.03064292 0.78496045
 0.05790681 0.01439657 0.00877157] [9.9683183e-01 2.9818465e-03 1.6359219e-05 2.3532925e-06 2.6674043e-05
 7.0411515e-05 5.0406721e-05 1.2531929e-05 7.6354809e-06] [5.1113842e-05 3.4162415e-05 4.8907405e-05 9.9414563e-01 2.3131864e-04
 3.3133589e-03 5.3089223e-04 2.6044936e-04 1.3841250e-03] [3.2309702e-06 3.9436554e-06 2.4762526e-06 1.6093183e-04 1.6233771e-05
 2.7006725e-03 9.9678242e-01 2.0783635e-05 3.0932561e-04] [2.6116073e-05 3.1876738e-05 2.0015677e-05 1.3008201e-03 1.3121840e-04
 9.8206937e-01 3.8375554e-03 1.4358335e-04 1.2439467e-02] [0.43189427 0.10399903 0.00065074 0.02822361 0.00677352 0.03189893
 0.13712333 0.00762653 0.25181007] [1.1890432e-03 3.1701333e-03 9.8616624e-01 3.4399382e-03 3.3323921e-04
 1.1670302e-03 3.2259233e-03 3.5519895e-04 9.5324923e-04] [6.0730922e-04 2.3207879e-03 3.9855330e-04 2.5902014e-02 2.6128292e-03
 4.5874406e-02 1.0329640e-02 7.7304393e-03 9.0422398e-01] [8.1098199e-01 5.9338253e-02 1.6115997e-02 6.0793984e-04 6.2375395e-03
 2.1844354e-02 6.0382500e-02 6.6485805e-03 1.7842824e-02] [4.0780412e-04 1.0872558e-03 2.9529358e-04 1.1139291e-05 1.1429042e-04
 4.0025433e-04 1.1063889e-03 9.9625069e-01 3.2693413e-04] [9.9820042e-01 4.8914942e-04 1.6285533e-04 6.1433529e-06 6.3031519e-05
 2.2074139e-04 6.1017688e-04 6.7185196e-05 1.8030516e-04] [4.83525044e-04 5.90180687e-04 5.35950181e-04 8.26025128e-01
 2.42943713e-03 7.68961534e-02 1.09199835e-02 2.65836739e-03
 7.94612989e-02] [3.2383930e-05 3.9527153e-05 2.4819392e-05 1.6130154e-03 1.6271065e-04
 9.7777116e-01 4.7533708e-03 1.7804319e-04 1.5424924e-02] [0.01327536 0.14704429 0.7752345  0.0108617  0.0121662  0.00979887
 0.0206328  0.0029824  0.00800388] [4.72114079e-05 5.38966087e-05 2.57287138e-05 3.70110092e-06
 9.99647737e-01 1.10738634e-04 7.92763967e-05 1.97093996e-05
 1.20085851e-05] [0.00456531 0.00431738 0.0020447  0.01413951 0.00127947 0.09436915
 0.00848433 0.83378315 0.03701704] [9.9967134e-01 8.9346613e-05 2.9746678e-05 1.1221269e-06 1.1513164e-05
 4.0320017e-05 1.1145323e-04 1.2271863e-05 3.2934047e-05] [1.3922617e-03 9.6334690e-01 1.0081457e-03 3.8030041e-05 3.9019305e-04
 1.7740209e-02 1.2507892e-02 4.1590570e-04 3.1604536e-03] [1.1397280e-04 9.9794310e-01 1.5440974e-03 2.2506649e-06 2.4021774e-05
 8.4126157e-05 1.9408885e-04 2.5604768e-05 6.8715613e-05] [3.2309797e-06 3.9436668e-06 2.4762601e-06 1.6093229e-04 1.6233818e-05
 2.7006806e-03 9.9678540e-01 1.7763561e-05 3.0932654e-04] [1.7380398e-05 1.8040356e-04 9.9180299e-01 7.9304818e-03 1.1148284e-05
 2.9428144e-05 1.6047896e-05 5.2376577e-06 6.8526997e-06] [5.7280425e-04 9.8492026e-01 4.1477126e-04 1.5646303e-05 1.6053306e-04
 7.2986726e-03 5.1459940e-03 1.7111193e-04 1.3002732e-03] [5.7181935e-03 1.5245405e-02 4.1405805e-03 1.5619416e-04 1.6025719e-03
 5.6123338e-03 1.5513696e-02 1.7081770e-03 9.5030284e-01] [4.0858399e-04 5.6088570e-04 2.2266523e-04 3.2030617e-05 3.6306022e-04
 9.5837074e-04 6.8608555e-04 9.9666435e-01 1.0392648e-04] [4.7288701e-04 9.9664897e-01 3.4242054e-04 1.2917037e-05 1.3253043e-04
 4.6413214e-04 1.4057275e-03 1.4126397e-04 3.7911069e-04] [3.2268804e-06 3.9386632e-06 1.9076342e-06 6.1484578e-04 6.4610831e-05
 3.4360546e-03 9.9552071e-01 1.7741024e-05 3.3692259e-04] [5.4597145e-05 6.2831103e-05 9.9092799e-01 8.6842403e-03 4.8514023e-05
 9.3489230e-05 9.1678368e-05 2.2792710e-05 1.3887191e-05] [0.01040572 0.06218424 0.00466049 0.03793371 0.00333314 0.81269336
 0.03332766 0.00310847 0.03235323] [4.8326416e-05 8.6335558e-04 3.4993474e-05 1.5537435e-06 1.5479820e-05
 6.0423063e-05 9.9793857e-01 1.4436378e-05 1.0228385e-03] [6.9659919e-04 1.1299651e-02 6.3014979e-04 3.4770437e-05 5.1462167e-04
 8.4961746e-03 4.7642314e-03 1.8477706e-04 9.7337908e-01] [1.42842560e-04 7.04252673e-03 1.03433216e-04 4.59253351e-06
 4.57550414e-05 2.36050590e-04 9.75935400e-01 4.60382325e-05
 1.64432973e-02] [8.7360459e-06 7.0366877e-06 4.5960837e-06 6.9223133e-05 3.9535513e-05
 4.5789458e-04 3.2685339e-04 9.9873835e-01 3.4783874e-04] [7.4212335e-04 3.5289250e-04 4.9295671e-02 9.4772899e-01 5.1553029e-04
 7.3433819e-04 2.1197481e-04 3.4466462e-05 3.8396163e-04] [3.2386251e-06 3.9529987e-06 2.4821197e-06 1.6131312e-04 1.6272234e-05
 2.8615131e-04 9.9914408e-01 1.7805596e-05 3.6470743e-04] [2.0459403e-05 2.4972325e-05 1.2094983e-05 3.8983072e-03 4.0965236e-04
 4.3524154e-03 3.4578532e-04 1.1248349e-04 9.9082386e-01] [3.6742063e-06 4.7499716e-06 2.9845171e-06 8.9352296e-05 1.8460774e-05
 1.1397948e-03 9.9728763e-01 2.0200368e-05 1.4332010e-03] [7.3575859e-05 5.5585691e-04 3.4219607e-05 5.2925915e-04 6.5757713e-04
 9.8286897e-01 1.5372647e-03 3.2943420e-04 1.3413813e-02] [5.2010369e-06 1.5623413e-05 3.4183870e-06 2.0971116e-05 5.4285851e-05
 2.2139526e-03 9.9645495e-01 5.3597300e-04 6.9558818e-04] [3.4499919e-06 3.0020350e-05 9.9986672e-01 8.8500688e-05 2.2129277e-06
 4.2644310e-06 3.1854945e-06 1.0396709e-06 6.3345294e-07] [1.0422912e-03 2.3342276e-03 6.9841219e-04 2.9979350e-05 2.5504519e-04
 1.3028050e-04 1.6232630e-03 9.9369049e-01 1.9601580e-04] [0.01058372 0.01000893 0.00474021 0.03277949 0.00296617 0.1711482
 0.01966913 0.00316164 0.74494255] [4.1198669e-05 1.3828000e-04 7.0143426e-03 9.8324525e-01 2.9307313e-04
 6.2300880e-03 1.4478780e-03 1.4682423e-04 1.4430581e-03] [1.2976996e-04 2.8772384e-04 9.3967261e-05 3.5447047e-06 9.9886274e-01
 1.2736744e-04 3.5207107e-04 3.8765749e-05 1.0403579e-04] [2.4973287e-04 6.7044370e-04 2.2591068e-04 1.0590437e-05 1.6142044e-04
 9.8497689e-01 4.2708656e-03 6.6243156e-05 9.3679400e-03] [2.85533733e-05 1.85401732e-05 2.04552744e-05 1.02779695e-05
 9.99592006e-01 8.08318437e-05 1.00506622e-04 1.22313177e-05
 1.36640650e-04] [9.2130584e-05 9.5628994e-04 9.9826533e-01 3.4149081e-04 5.9095302e-05
 1.5599382e-04 8.5067288e-05 2.7763977e-05 1.6916094e-05] [1.0080038e-04 2.2349299e-04 7.2990202e-05 2.7533922e-06 9.9911660e-01
 9.8934273e-05 2.7347571e-04 3.0111793e-05 8.0811129e-05] [2.5759565e-04 1.8262782e-04 1.3991482e-04 2.5247638e-03 2.6886568e-03
 4.9302909e-03 9.4251111e-02 2.2442397e-03 8.9278084e-01] [3.7043681e-04 3.9787006e-04 1.4124342e-04 4.4965753e-04 9.9344385e-01
 7.2428340e-04 5.1875663e-04 1.1985562e-04 3.8340376e-03] [1.9549909e-04 2.7729216e-04 1.2711508e-04 4.8929248e-03 4.2589978e-04
 9.0343610e-04 1.3082195e-03 1.2104615e-03 9.9065912e-01] [4.8326416e-05 8.6335558e-04 3.4993474e-05 1.5537435e-06 1.5479820e-05
 6.0423063e-05 9.9793857e-01 1.4436378e-05 1.0228385e-03] [9.1695628e-04 9.7585994e-01 6.6397391e-04 2.5046909e-05 2.5698444e-04
 1.1683858e-02 8.2378080e-03 2.7391932e-04 2.0815027e-03] [2.9830367e-04 4.4318545e-03 2.1600359e-04 9.5907753e-06 9.8497784e-01
 4.9295410e-04 1.3538996e-03 9.6143434e-05 8.1234202e-03] [1.0956539e-05 6.6707480e-06 5.5815028e-03 9.9194872e-01 1.8524795e-04
 1.1834941e-03 5.5366463e-04 4.9199989e-05 4.8052275e-04] [1.0161964e-05 6.2348527e-06 5.4333300e-06 1.2959038e-04 1.4011127e-04
 6.9717120e-04 9.9858934e-01 5.1780047e-05 3.7019068e-04] [0.030173   0.13698405 0.6290197  0.14300258 0.00738324 0.00907732
 0.02458444 0.00786977 0.01190597] [0.10527803 0.28068405 0.0762325  0.00349768 0.02950504 0.10332899
 0.28562355 0.03144936 0.0844008 ] [1.81929317e-05 2.22059170e-05 1.39432595e-05 9.06174188e-04
 9.14090415e-05 2.89326441e-03 4.10870794e-04 1.00022684e-04
 9.95543897e-01] [9.9941015e-01 1.6033338e-04 5.3380718e-05 2.0136661e-06 2.0660487e-05
 7.2354684e-05 2.0000375e-04 2.2021961e-05 5.9100479e-05] [1.8087405e-03 6.8013781e-01 3.0882433e-01 4.9406237e-05 5.0691451e-04
 1.7752551e-03 4.9071857e-03 5.4031913e-04 1.4500573e-03] [9.1387039e-05 1.6326389e-03 6.6173947e-05 2.9381920e-06 2.9272911e-05
 9.4395417e-01 9.0123166e-04 2.7299775e-05 5.3294946e-02] [9.99802768e-01 3.01453474e-05 1.46702205e-05 2.11032580e-06
 2.39200945e-05 6.31419098e-05 4.52025015e-05 1.12380758e-05
 6.84715860e-06] [2.3739699e-04 2.0030237e-04 1.0260323e-04 9.0753182e-04 9.9520481e-01
 2.5475186e-03 5.6722929e-04 1.0169298e-04 1.3094975e-04] [1.3963602e-04 9.9750072e-01 1.8917811e-03 2.7574463e-06 2.9430747e-05
 1.0306881e-04 2.1702476e-04 3.1370153e-05 8.4188279e-05] [1.6811661e-03 9.8788118e-01 9.1618148e-04 1.3179368e-04 1.4938534e-03
 3.9433273e-03 2.8229782e-03 7.0183794e-04 4.2761728e-04] [5.1666226e-05 2.1835137e-04 3.9597624e-05 2.1138603e-03 2.5959333e-04
 9.7426558e-01 7.2045205e-04 2.8405534e-04 2.2046821e-02] [3.6803847e-06 4.0247328e-06 2.9895359e-06 3.9106064e-05 1.8491819e-05
 3.3201344e-04 9.9896467e-01 2.1831142e-05 6.1314250e-04] [9.7431064e-01 2.2628576e-02 8.6127582e-04 4.4084638e-05 3.1451968e-04
 5.0078146e-04 5.6855346e-04 3.3524600e-04 4.3634349e-04] [4.1110496e-04 1.1761613e-03 1.8933663e-04 1.0107183e-04 9.5457461e-04
 1.8968320e-03 1.8080004e-04 9.9184835e-01 3.2417686e-03] [9.8479351e-05 9.9909484e-01 5.9674465e-04 2.1520391e-06 1.5449972e-05
 2.4116538e-05 2.5783436e-05 3.7987815e-05 1.0442531e-04] [8.98578219e-05 1.09678585e-04 6.88680011e-05 4.47573978e-03
 4.51483938e-04 6.26101391e-03 2.02714419e-03 4.94028092e-04
 9.86022115e-01] [5.5707651e-03 1.4852335e-02 9.5115203e-01 1.5216696e-04 1.5612522e-03
 5.4676295e-03 1.5113709e-02 1.6641363e-03 4.4660484e-03] [9.9967134e-01 8.9346613e-05 2.9746678e-05 1.1221269e-06 1.1513164e-05
 4.0320017e-05 1.1145323e-04 1.2271863e-05 3.2934047e-05] [2.6116073e-05 3.1876738e-05 2.0015677e-05 1.3008201e-03 1.3121840e-04
 9.8206937e-01 3.8375554e-03 1.4358335e-04 1.2439467e-02] [1.3889393e-04 3.7030785e-04 1.0057399e-04 3.7939253e-06 3.8926155e-05
 1.8017595e-04 3.7682476e-04 9.9741662e-01 1.3738715e-03] [9.3865587e-04 6.6547969e-04 5.0983729e-04 9.2000170e-03 9.7972257e-03
 6.8399437e-02 5.5234071e-02 8.1778085e-03 8.4707743e-01] [0.00083786 0.00102268 0.01033764 0.6891242  0.00420977 0.13324705
 0.01892235 0.00460647 0.13769197] [9.9967134e-01 8.9346613e-05 2.9746678e-05 1.1221269e-06 1.1513164e-05
 4.0320017e-05 1.1145323e-04 1.2271863e-05 3.2934047e-05] [9.33748743e-05 1.28180778e-04 5.08862759e-05 7.32004946e-06
 8.29711207e-05 8.27375407e-05 8.08319601e-04 9.98633802e-01
 1.12353206e-04] [2.6230697e-04 3.7205097e-04 1.7055412e-04 6.5649804e-03 9.6044725e-01
 1.2121667e-03 1.7552754e-03 1.6241124e-03 2.7591271e-02]",8 2 6 3 3 5 5 4 2 3 3 0 7 3 1 8 4 5 8 7 4 5 5 5 6 0 8 4 2 3 4 0 2 4 2 6 2 0 7 6 3 6 1 4 2 4 6 4 2 8 1 7 5 2 0 1 1 7 8 3 0 6 1 4 7 3 1 3 8 2 5 8 1 1 0 2 1 0 6 6 2 7 4 8 8 3 8 3 1 6 3 4 8 3 5 2 0 1 7 2 0 4 8 6 3 5 0 6 4 8 0 7 7 7 7 6 7 3 1 5 4 3 5 1 5 0 8 5 0 2 4 5 3 0 7 7 5 0 3 6 5 1 2 8 0 7 0 3 5 2 4 7 0 1 1 6 2 1 8 7 1 6 2 5 6 8 6 7 3 6 8 6 5 6 2 7 8 3 4 5 4 2 4 8 4 8 6 1 4 3 6 2 2 8 0 1 5 0 4 1 1 5 6 0 7 1 8 2 0 5 7 7 3 0 7 4
1468,4,xgboost,0.5,856,0,0.8935185185185185,0.9941888503086419,"[9.0635922e-03 7.9942757e-01 1.8538631e-01 3.5449590e-05 8.3476817e-04
 2.1299443e-03 1.9523250e-03 6.1446615e-04 5.5558252e-04] [5.0482600e-07 1.1893958e-06 2.2023614e-05 9.9993896e-01 1.0714598e-06
 1.9718582e-05 5.2000146e-06 1.2323702e-06 1.0037256e-05] [0.00110546 0.00074505 0.00056217 0.2876611  0.01098032 0.14668041
 0.02168464 0.43934342 0.09123743] [3.5820437e-06 9.4041679e-06 2.9873263e-06 1.3034120e-04 8.4716858e-06
 9.9806446e-01 6.7698391e-05 9.7439342e-06 1.7032583e-03] [3.0363922e-03 1.6465684e-02 8.8602817e-03 5.9230628e-05 1.5053122e-03
 2.5861934e-03 9.0734549e-03 9.5824009e-01 1.7342152e-04] [5.8122419e-05 4.2396081e-05 2.1934698e-05 1.6424485e-04 9.9296486e-01
 3.1779993e-03 1.8768579e-03 2.7756908e-04 1.4160499e-03] [3.5501085e-05 3.6622245e-05 3.2868567e-05 6.3926424e-04 1.3433320e-04
 9.9780470e-01 4.1818575e-04 1.4992798e-04 7.4857759e-04] [1.6805200e-03 1.2258179e-03 6.3420803e-04 8.1481971e-03 1.8065702e-02
 8.7310791e-01 5.4266494e-02 8.0254907e-03 3.4845665e-02] [1.2396604e-03 3.2537419e-03 1.1997623e-03 9.5590943e-01 6.1457016e-04
 2.8164269e-02 4.1318364e-03 4.5238028e-04 5.0343974e-03] [7.8245088e-05 9.9597317e-01 2.3822042e-03 1.2831851e-03 6.0159942e-05
 1.2860265e-04 3.7525791e-05 5.1905045e-05 5.0183576e-06] [9.9352670e-01 1.4458580e-03 6.9530541e-04 3.7988785e-03 9.6254938e-05
 2.7759533e-04 6.0040726e-05 8.3047249e-05 1.6398575e-05] [1.1735533e-04 6.1364233e-05 2.0236182e-03 9.9447191e-01 3.2694693e-04
 2.6754171e-03 3.6567060e-05 8.9113273e-05 1.9773848e-04] [4.9839140e-04 7.4925204e-04 1.8808692e-04 5.0133863e-03 5.3577404e-03
 8.0878362e-03 2.2584043e-01 2.3801166e-03 7.5188476e-01] [7.5511438e-05 1.1695172e-04 3.0600055e-05 3.2527139e-04 9.9825984e-01
 2.5171103e-04 1.1968873e-04 2.8800097e-05 7.9158141e-04] [0.00270046 0.00257396 0.00231014 0.07773612 0.0094415  0.09521017
 0.02581839 0.01053756 0.7736717 ] [1.0473349e-03 1.4645487e-04 5.4309676e-05 1.2779199e-04 9.9632484e-01
 4.3112875e-04 3.4709534e-05 1.1502151e-04 1.7183447e-03] [0.00704747 0.00514062 0.00265963 0.01991506 0.07576074 0.38533947
 0.2275732  0.03365587 0.242908  ] [5.1601404e-05 5.3231088e-05 4.7775047e-05 6.0552580e-04 1.9525569e-04
 9.1459543e-01 9.9043241e-03 2.1792299e-04 7.4328959e-02] [1.6181816e-04 9.5449308e-05 7.3484116e-05 1.3385349e-03 3.0032813e-04
 8.5104499e-03 5.1844015e-04 3.9031922e-03 9.8509836e-01] [1.8096696e-04 9.9565226e-01 5.2806723e-04 4.2803335e-06 8.9715613e-05
 2.8271088e-03 3.0670906e-04 6.6039007e-05 3.4488848e-04] [9.9979287e-01 7.8885074e-05 3.4124008e-05 4.1985095e-07 8.8000588e-06
 2.3657103e-05 4.8195136e-05 6.4776532e-06 6.5344875e-06] [8.4038137e-04 8.5346287e-01 1.4086486e-01 3.5212007e-03 9.1746399e-05
 3.8638504e-04 1.8161318e-04 6.7533772e-05 5.8341422e-04] [0.06705001 0.36359748 0.1956539  0.0015859  0.0332405  0.08936016
 0.20036118 0.02446808 0.02468274] [9.95383322e-01 2.16405117e-03 6.65356754e-04 6.82446398e-06
 1.43040495e-04 3.84534564e-04 1.04140572e-03 1.05290950e-04
 1.06214764e-04] [9.6010619e-05 7.0032838e-05 7.1026487e-05 9.7503144e-01 1.5827151e-03
 4.5268252e-03 1.5624049e-03 4.5850829e-04 1.6601004e-02] [2.5722192e-04 1.3520868e-03 9.6228250e-05 5.6282448e-04 9.9487877e-01
 7.7814650e-04 5.1787257e-04 9.0646172e-05 1.4662291e-03] [1.0724602e-01 7.1552044e-01 8.3544642e-02 5.0299912e-04 1.4193767e-02
 3.0081866e-02 3.5854425e-02 1.0447919e-02 2.6078767e-03] [7.9844467e-05 9.9623871e-01 3.3462967e-03 1.4223679e-06 2.9812772e-05
 8.0145357e-05 1.7970010e-04 2.1944941e-05 2.2137485e-05] [7.8354624e-06 5.7154007e-06 3.9745546e-06 8.1397746e-05 1.2916590e-04
 9.5665455e-01 3.2969893e-04 4.0127034e-05 4.2747602e-02] [7.5727155e-05 4.1065185e-04 2.2097408e-04 1.7911415e-06 3.7542257e-05
 1.0092454e-04 2.2629047e-04 9.9889815e-01 2.7877015e-05] [8.2983385e-04 3.8591803e-03 7.9216278e-01 1.3794953e-02 1.8532024e-01
 9.4497093e-04 2.4797381e-03 3.0282515e-04 3.0548210e-04] [0.00346521 0.00422323 0.00320825 0.03521708 0.01311206 0.14940962
 0.03008962 0.17040981 0.5908651 ] [0.00512282 0.0052846  0.00474295 0.09224606 0.01938433 0.5868225
 0.06034436 0.02163466 0.20441766] [1.0795410e-05 9.2342016e-06 3.5599727e-04 9.9693918e-01 3.3871755e-05
 4.2299923e-04 5.1362043e-05 3.7803900e-05 2.1387835e-03] [2.6213123e-05 1.6616377e-05 6.9248399e-06 3.0055718e-04 8.8531589e-05
 5.4625660e-04 2.1262822e-05 9.9740016e-01 1.5935185e-03] [1.1590618e-05 8.4545218e-06 4.3741597e-06 3.2753338e-05 9.9859709e-01
 6.3374883e-04 3.7427840e-04 5.5352153e-05 2.8238521e-04] [5.6356243e-06 5.8136084e-06 5.2177302e-06 1.0148018e-04 2.1324759e-05
 3.3420807e-04 9.9937671e-01 2.3800358e-05 1.2579419e-04] [0.00323525 0.00235988 0.03941298 0.5553456  0.03477914 0.13343528
 0.10447099 0.01545025 0.11151066] [4.5579618e-05 2.9688090e-05 1.5708423e-05 1.0986328e-04 9.9929070e-01
 2.5793721e-04 2.0598040e-05 4.1958050e-05 1.8790668e-04] [1.5352024e-03 9.8542875e-01 4.4797659e-03 3.6311474e-05 7.6108711e-04
 2.0460242e-03 4.5875469e-03 5.6023058e-04 5.6514546e-04] [4.47733881e-04 4.43565706e-03 9.93391812e-01 1.04149956e-04
 3.44247092e-04 7.35889946e-04 2.14730011e-04 2.97010993e-04
 2.87160401e-05] [9.9826670e-01 2.4129583e-04 9.8096396e-05 8.3375293e-05 2.3877571e-04
 6.8861840e-04 1.3532719e-04 2.0601191e-04 4.1830557e-05] [0.07849119 0.39328143 0.21162699 0.0016953  0.03595424 0.06268689
 0.17850491 0.02646564 0.01129336] [5.8655609e-05 2.8604243e-05 1.2113236e-04 9.9709022e-01 3.1228352e-05
 2.5676342e-03 1.9479219e-05 2.6943329e-05 5.6060282e-05] [9.99681592e-01 1.17055984e-04 5.06359866e-05 5.61104798e-07
 1.30582321e-05 6.01333813e-05 3.61433777e-05 9.61206842e-06
 3.12692282e-05] [0.00125171 0.00091303 0.00634569 0.24956152 0.013456   0.06870734
 0.04041969 0.5384003  0.08094472] [5.1740033e-04 3.7740608e-04 3.4046767e-04 9.2790037e-01 5.5620866e-03
 2.8290268e-02 1.6707622e-02 2.4708954e-03 1.7833449e-02] [5.2523916e-04 8.3351909e-04 1.7854893e-04 1.1471747e-02 2.6468742e-03
 1.3287504e-01 1.4413028e-03 1.3170472e-03 8.4871066e-01] [0.01340539 0.0726945  0.75894105 0.01396651 0.07324138 0.01786589
 0.04005846 0.00489193 0.00493485] [4.9786748e-05 2.8323664e-04 2.0157988e-05 2.1446007e-04 9.9867600e-01
 3.1666955e-04 1.1429388e-04 1.8988652e-05 3.0633158e-04] [3.5194223e-04 2.1517635e-04 3.9538634e-05 3.8564168e-03 5.8613473e-04
 8.5341018e-01 1.3403791e-01 3.3412673e-04 7.1685784e-03] [1.3674733e-04 1.3547414e-03 9.9789220e-01 3.3227068e-05 1.0514020e-04
 3.0321974e-04 6.5583066e-05 9.0713300e-05 1.8419265e-05] [1.1378113e-05 9.3612016e-06 9.9531955e-01 3.7398380e-03 1.4158894e-04
 7.6106109e-04 4.5157394e-06 8.2666538e-06 4.4574499e-06] [8.9278692e-05 8.9046131e-05 9.9226040e-01 7.0941038e-03 9.1140413e-05
 2.2458557e-04 5.6850389e-05 7.8634504e-05 1.5966674e-05] [1.47646095e-03 9.96442616e-01 7.56509893e-04 6.30871637e-06
 1.61188553e-04 6.08501374e-04 2.13531181e-04 1.18649696e-04
 2.16255590e-04] [1.8509553e-04 1.0037328e-03 4.5388134e-04 1.6786707e-05 9.9555570e-01
 2.4668404e-04 5.5310881e-04 7.2433941e-05 1.9126172e-03] [1.7303739e-04 5.7716161e-04 2.9560864e-01 7.0304298e-01 5.2764768e-05
 1.4184708e-04 3.1804602e-04 3.8839717e-05 4.6661873e-05] [1.1581166e-05 8.4476278e-06 4.3705927e-06 3.2726628e-05 9.9778277e-01
 6.3323200e-04 1.1894526e-03 5.5307013e-05 2.8215491e-04] [9.9973732e-01 1.1706251e-04 5.0638810e-05 5.5456690e-07 1.3058960e-05
 3.3320459e-05 2.9771943e-05 9.6126041e-06 8.6914397e-06] [0.00153335 0.00146152 0.00131172 0.03136028 0.00536096 0.22364138
 0.0081292  0.00598332 0.7212183 ] [9.9983001e-01 7.8888006e-05 3.4125274e-05 4.1495124e-07 8.8003862e-06
 1.2801899e-05 2.6009020e-05 6.4778937e-06 2.4924443e-06] [4.4290928e-04 1.1627980e-03 3.6937417e-04 2.6642844e-02 1.0474991e-03
 3.2507238e-01 5.6261509e-03 1.6815564e-02 6.2282044e-01] [2.4543984e-05 2.0193258e-05 9.9393576e-01 5.9107696e-03 2.0668185e-05
 5.0929939e-05 9.7409929e-06 1.7832182e-05 9.6152662e-06] [3.6456531e-03 1.9054940e-02 9.7426528e-01 5.8578042e-04 3.3576906e-04
 8.5672812e-04 7.8528433e-04 2.4715700e-04 2.2347223e-04] [2.7446836e-04 2.6161145e-04 2.3479701e-04 9.9968184e-03 9.5961080e-04
 2.7655160e-01 2.6241168e-03 1.0710123e-03 7.0802593e-01] [5.8262935e-04 6.0105638e-04 3.0920291e-04 2.0768386e-04 5.9477839e-04
 1.7153147e-03 3.7100349e-04 9.9551409e-01 1.0419792e-04] [9.9979287e-01 7.8885074e-05 3.4124008e-05 4.1985095e-07 8.8000588e-06
 2.3657103e-05 4.8195136e-05 6.4776532e-06 6.5344875e-06] [3.6715518e-04 9.8294777e-01 1.5933810e-02 3.1881477e-06 6.6823450e-05
 1.7964091e-04 4.0278642e-04 4.9188246e-05 4.9619775e-05] [1.2435490e-03 9.0707914e-04 4.6930043e-04 6.2868134e-03 1.3368240e-02
 3.2226345e-01 4.0156063e-02 5.3488874e-01 8.0416776e-02] [7.7103148e-05 7.4335554e-04 6.3182146e-05 2.1873671e-04 3.8224414e-05
 1.1545058e-03 9.9713838e-01 2.8136710e-05 5.3837994e-04] [2.2622578e-06 2.0943125e-06 6.6172470e-05 9.9971026e-01 7.6820979e-06
 1.3754054e-04 2.3914732e-05 8.5739157e-06 4.1486830e-05] [7.9037556e-05 1.2241295e-04 3.2028973e-05 3.4046025e-04 1.8041514e-04
 2.9583001e-03 9.9542868e-01 3.0144931e-05 8.2854502e-04] [1.6354177e-06 1.0705496e-06 6.6305933e-05 9.9978632e-01 1.5777407e-05
 3.9430070e-05 4.7392816e-05 7.0089377e-06 3.5069235e-05] [1.33921185e-05 9.76857791e-06 5.05402386e-06 3.78440309e-05
 1.43966085e-04 3.79086006e-04 9.99088764e-01 6.39553327e-05
 2.58204702e-04] [1.6223353e-04 1.3798324e-03 3.6699153e-03 3.9419818e-05 9.8972028e-01
 6.9935503e-04 2.1947089e-03 1.0762006e-04 2.0266075e-03] [5.9157468e-05 7.2671588e-05 3.1395026e-05 2.3453073e-05 6.0391074e-05
 4.3492811e-04 3.7669968e-05 9.9916589e-01 1.1449703e-04] [4.47968378e-05 8.14055384e-04 9.94927287e-01 4.03319951e-03
 1.67264916e-05 3.84205741e-05 1.00821046e-04 1.23122472e-05
 1.24202625e-05] [1.48694584e-04 1.53390676e-04 1.37668554e-04 2.67752865e-03
 5.62648638e-04 1.08885635e-02 8.36035877e-04 9.37603891e-01
 4.69915606e-02] [2.8895610e-04 9.7840780e-01 2.0090330e-02 5.1475308e-06 1.0789203e-04
 2.9004551e-04 6.5033289e-04 7.9418525e-05 8.0115264e-05] [0.26858285 0.28505436 0.15338938 0.00124332 0.02606    0.07005687
 0.15707982 0.01918256 0.01935086] [1.6223353e-04 1.3798324e-03 3.6699153e-03 3.9419818e-05 9.8972028e-01
 6.9935503e-04 2.1947089e-03 1.0762006e-04 2.0266075e-03] [1.82297881e-04 1.01094796e-04 5.34907522e-05 3.30345385e-04
 5.24199684e-04 5.99694205e-04 9.97748554e-01 1.42876714e-04
 3.17470491e-04] [2.24322284e-05 1.04322084e-04 9.99487400e-01 2.65714247e-04
 1.11209301e-05 2.55446339e-05 6.70327427e-05 8.18603439e-06
 8.25785082e-06] [7.9844467e-05 9.9623871e-01 3.3462967e-03 1.4223679e-06 2.9812772e-05
 8.0145357e-05 1.7970010e-04 2.1944941e-05 2.2137485e-05] [3.2229043e-05 3.1929006e-04 9.9937588e-01 1.3521810e-04 2.4779802e-05
 7.1463859e-05 1.5456822e-05 2.1379617e-05 4.3411187e-06] [3.25352215e-04 9.97104347e-01 7.57012283e-04 7.69541475e-06
 1.61295597e-04 4.33609821e-04 9.72229638e-04 1.18728494e-04
 1.19770091e-04] [3.3953397e-03 9.7437030e-01 1.8019156e-03 1.2103016e-03 3.4661423e-03
 9.9962028e-03 2.1620656e-03 2.9905329e-03 6.0722535e-04] [4.6592456e-04 3.3985812e-04 1.7583431e-04 1.3166312e-03 5.0087194e-03
 9.6338797e-01 1.5045395e-02 2.2250679e-03 1.2034646e-02] [5.6356243e-06 5.8136084e-06 5.2177302e-06 1.0148018e-04 2.1324759e-05
 3.3420807e-04 9.9937671e-01 2.3800358e-05 1.2579419e-04] [2.5291196e-05 6.6398592e-05 2.1092163e-05 1.4712947e-03 5.9814749e-05
 1.1524092e-03 2.9029328e-04 6.8797519e-05 9.9684465e-01] [3.2526435e-04 3.1004043e-04 1.5949472e-04 7.7271201e-05 3.0680205e-04
 7.3079311e-04 1.7222941e-04 9.9786037e-01 5.7710869e-05] [0.00328908 0.00239915 0.00124126 0.19626056 0.03535784 0.12538643
 0.11768349 0.01570733 0.5026749 ] [0.06705001 0.36359748 0.1956539  0.0015859  0.0332405  0.08936016
 0.20036118 0.02446808 0.02468274] [7.5672338e-05 4.1035461e-04 1.8555972e-04 6.8628856e-06 3.7515085e-05
 1.0085149e-04 2.2612668e-04 9.9817514e-01 7.8193261e-04] [8.4968371e-05 8.7651846e-05 7.8667770e-05 9.9707581e-04 3.2151365e-04
 1.7519640e-02 5.5501133e-04 3.5883827e-04 9.7999668e-01] [2.2360211e-05 1.6310163e-05 8.4384737e-06 6.3186511e-05 2.4037380e-04
 1.2226052e-03 7.2204461e-04 9.9712938e-01 5.7536666e-04] [5.8619957e-04 2.7261504e-03 9.8380327e-01 9.7448416e-03 2.9061246e-04
 6.6753337e-04 1.7517025e-03 2.1391769e-04 2.1579438e-04] [9.6335787e-01 3.9020251e-03 3.1796936e-02 4.0029199e-06 8.3901046e-05
 2.2555047e-04 5.0572364e-04 6.1758932e-05 6.2300744e-05] [1.3273029e-06 1.3692206e-06 1.2288793e-06 2.3900604e-05 5.0224057e-06
 9.1683835e-04 9.9826533e-01 5.6054637e-06 7.7936496e-04] [1.1572901e-05 8.4415988e-06 4.3674736e-06 2.8621853e-05 9.9707067e-01
 2.2055064e-03 1.8772147e-04 5.5267545e-05 4.2778783e-04] [3.7232374e-03 7.4162811e-02 6.0869837e-03 2.7252972e-04 1.8458206e-03
 5.5756769e-03 3.7448015e-02 1.3586944e-03 8.6952621e-01] [7.7202349e-06 7.3585975e-06 6.6043617e-06 1.5789577e-04 2.6991898e-05
 1.9502946e-03 9.9594551e-01 3.0125369e-05 1.8674894e-03] [2.4414810e-04 8.1434951e-04 5.1805127e-02 9.4630450e-01 7.4448755e-05
 2.0013997e-04 4.4874885e-04 5.4801123e-05 5.3760399e-05] [1.3906643e-03 2.9467741e-02 9.2302853e-01 4.0891767e-02 5.1925401e-04
 1.1160478e-03 3.1298678e-03 3.8221889e-04 7.3900534e-05] [1.8404852e-04 8.5543012e-05 2.2382068e-05 2.1427595e-04 9.9767393e-01
 3.4058397e-04 6.2325395e-05 2.1065505e-05 1.3958863e-03] [4.0046975e-06 3.4784657e-06 1.5113247e-06 2.0245903e-05 4.3050779e-05
 2.1982034e-04 1.2931769e-04 9.9937832e-01 2.0019528e-04] [0.00087882 0.00083765 0.00075179 0.01797373 0.00307256 0.5234105
 0.1145351  0.00342926 0.33511063] [7.4266587e-05 1.9492791e-04 7.1876420e-05 2.1068956e-04 3.6818168e-05
 1.6872889e-03 9.9739540e-01 2.7101583e-05 3.0160494e-04] [6.8658577e-05 1.0633805e-04 2.7823024e-05 2.9575214e-04 1.5672369e-04
 9.9822026e-01 6.1723062e-05 2.6186412e-05 1.0364846e-03] [2.2622578e-06 2.0943125e-06 6.6172470e-05 9.9971026e-01 7.6820979e-06
 1.3754054e-04 2.3914732e-05 8.5739157e-06 4.1486830e-05] [2.8347699e-06 2.4224964e-05 9.9968743e-01 2.7424435e-04 2.1795565e-06
 5.3708050e-06 1.3595356e-06 1.8804869e-06 4.6761144e-07] [7.8693830e-04 4.2673950e-03 9.9055964e-01 1.8613111e-05 3.9013001e-04
 1.0487833e-03 2.3515560e-03 2.8717183e-04 2.8969118e-04] [1.0180871e-03 4.7346610e-03 9.7187018e-01 1.6924430e-02 5.0472369e-04
 1.1593439e-03 3.0422832e-03 3.7152303e-04 3.7478274e-04] [9.9100912e-01 8.8937832e-03 2.9498035e-05 2.8681549e-07 6.0116422e-06
 1.6161046e-05 3.6235899e-05 4.4251210e-06 4.4639464e-06] [4.5668021e-05 8.2988595e-04 9.9836844e-01 5.7178119e-04 1.7051781e-05
 3.9167717e-05 1.0278167e-04 1.2551677e-05 1.2661805e-05] [1.9303638e-04 2.3713420e-04 1.0244491e-04 6.8809684e-05 1.9706176e-04
 5.6831725e-04 1.2292065e-04 9.9847573e-01 3.4522785e-05] [9.9964392e-01 1.3565199e-04 5.8680234e-05 7.2198225e-07 1.5132718e-05
 4.0681200e-05 8.2877181e-05 1.1139082e-05 1.1236805e-05] [1.5101291e-03 1.0177874e-03 5.2657811e-04 2.3719585e-02 1.4999816e-02
 7.3381221e-01 2.9622614e-02 6.6635003e-03 1.8812779e-01] [4.5474331e-05 4.6910460e-05 1.4695514e-04 9.8607409e-01 1.7207113e-04
 7.9208529e-03 2.9703707e-04 1.9204694e-04 5.1045539e-03] [2.3826335e-04 1.2920504e-03 9.9714166e-01 5.6355393e-06 1.1812069e-04
 3.1754316e-04 7.1198738e-04 8.6947766e-05 8.7710563e-05] [4.9676610e-06 5.1245443e-06 4.5992933e-06 6.6954468e-05 1.8797222e-05
 4.2587289e-04 3.2448625e-05 2.8251862e-02 9.7118932e-01] [4.8078486e-04 8.2081492e-04 5.8417561e-05 5.5974716e-04 9.9442357e-01
 1.7259968e-03 2.1440476e-04 5.5028839e-05 1.6612161e-03] [2.0440810e-05 2.1086355e-05 1.8925060e-05 3.6807553e-04 7.7346354e-05
 9.7726679e-01 9.8084463e-03 8.6325606e-05 1.2332550e-02] [0.03179229 0.08344536 0.03076907 0.09019265 0.01576125 0.63661826
 0.06485323 0.01160173 0.03496614] [6.9719572e-05 9.9666399e-01 2.9219629e-03 1.2420004e-06 2.6032279e-05
 6.9982430e-05 2.0859408e-04 1.9162169e-05 1.9330279e-05] [5.6644636e-05 8.7730848e-05 2.2954528e-05 2.4400096e-04 1.2929994e-04
 1.8881996e-04 8.9784000e-05 2.1604250e-05 9.9915922e-01] [5.0242466e-04 9.8792911e-01 1.4660901e-03 1.1883633e-05 2.4908048e-04
 7.8489939e-03 8.5152622e-04 1.8334630e-04 9.5752493e-04] [1.6331822e-05 7.9644451e-06 1.4485354e-03 9.9802506e-01 8.6950913e-06
 4.6495182e-04 5.4237121e-06 7.5019875e-06 1.5609190e-05] [0.00509073 0.10787103 0.8641258  0.00163375 0.00190081 0.00510992
 0.01145735 0.00139917 0.00141144] [4.3626653e-05 4.5004432e-05 4.0391602e-05 7.8558055e-04 1.6507968e-04
 9.9730217e-01 5.1390129e-04 1.8424400e-04 9.1991422e-04] [0.00512282 0.0052846  0.00474295 0.09224606 0.01938433 0.5868225
 0.06034436 0.02163466 0.20441766] [4.1899874e-04 2.7291305e-04 1.4440245e-04 1.0099377e-03 1.4151172e-03
 9.9443614e-01 1.8935114e-04 3.8570681e-04 1.7273640e-03] [2.69899210e-05 2.78422904e-05 2.49885361e-05 4.86004632e-04
 1.02127655e-04 1.02318393e-03 9.90479410e-01 1.13983690e-04
 7.71548692e-03] [4.0407793e-04 2.1912269e-03 1.1791114e-03 7.8823168e-06 9.9449545e-01
 3.4416647e-04 1.2074796e-03 1.4745732e-04 2.3078637e-05] [9.9932230e-01 2.4192651e-04 1.3242631e-04 1.2876085e-06 2.6988222e-05
 7.2552219e-05 1.6267477e-04 1.9865811e-05 2.0040112e-05] [0.00105978 0.00109325 0.00098119 0.6327052  0.00401012 0.12139841
 0.01248369 0.00447565 0.22179271] [1.2196764e-04 7.9840480e-05 7.6292657e-05 9.8786366e-01 1.1766626e-03
 4.6923850e-03 3.5345072e-03 5.2271935e-04 1.9320126e-03] [1.4583991e-03 9.8897713e-01 3.5104437e-03 2.5917774e-05 5.9640472e-04
 1.6033099e-03 2.2133600e-03 4.3900893e-04 1.1760542e-03] [1.8620405e-03 9.8592627e-01 4.4820281e-03 3.3091037e-05 7.6147140e-04
 2.0470573e-03 2.8259505e-03 5.6051346e-04 1.5015503e-03] [5.3752004e-04 5.5449555e-04 4.9766124e-04 9.0475249e-01 2.0339319e-03
 6.1573304e-02 6.3317320e-03 2.2700517e-03 2.1448856e-02] [1.0290524e-04 2.1805284e-03 9.9741095e-01 1.8331779e-06 3.8423332e-05
 7.5934600e-05 1.5173697e-04 2.8283106e-05 9.3769895e-06] [2.8895610e-04 9.7840780e-01 2.0090330e-02 5.1475308e-06 1.0789203e-04
 2.9004551e-04 6.5033289e-04 7.9418525e-05 8.0115264e-05] [9.9959439e-01 3.7763134e-04 1.9141730e-06 1.5422733e-06 4.4168651e-06
 1.2738045e-05 2.7550952e-06 3.8108017e-06 7.7378093e-07] [6.1338913e-05 4.1340834e-05 3.1193325e-05 1.5961526e-02 6.0926756e-04
 1.2532610e-03 1.2032212e-03 1.8729385e-02 9.6210945e-01] [0.00251271 0.00183284 0.00094827 0.00669175 0.02701183 0.648639
 0.08113922 0.0119997  0.21922463] [1.09854511e-04 7.15532587e-05 3.78598852e-05 7.48169201e-04
 3.71019967e-04 4.13688249e-04 8.91086820e-05 1.01125814e-04
 9.98057544e-01] [3.5136897e-04 5.4419844e-04 1.4238786e-04 1.5135484e-03 8.0205267e-04
 1.1712589e-03 5.5693428e-04 9.9123490e-01 3.6833757e-03] [1.2025429e-03 9.8858613e-01 3.5090558e-03 2.8443215e-05 5.9616892e-04
 1.6026759e-03 3.5934818e-03 4.3883533e-04 4.4268544e-04] [7.9963612e-04 5.3893373e-04 2.7883094e-04 1.2559880e-02 7.9426281e-03
 8.8401401e-01 1.5685616e-02 3.5284243e-03 7.4652016e-02] [6.3936975e-05 1.9983326e-04 6.1879131e-05 1.8138494e-04 3.1697193e-05
 1.4526052e-03 2.1310436e-04 9.9753594e-01 2.5965497e-04] [1.2025429e-03 9.8858613e-01 3.5090558e-03 2.8443215e-05 5.9616892e-04
 1.6026759e-03 3.5934818e-03 4.3883533e-04 4.4268544e-04] [3.3165863e-01 6.6687119e-01 4.9437728e-04 3.6090853e-06 8.3991938e-05
 3.8678426e-04 2.3848980e-04 6.1825784e-05 2.0112679e-04] [9.9961025e-01 1.3564741e-04 4.8796246e-05 4.4616227e-05 1.5132207e-05
 4.0679828e-05 8.2874387e-05 1.1138706e-05 1.0927172e-05] [4.9425749e-04 1.0473159e-02 9.8441511e-01 8.8048155e-06 2.7271877e-03
 4.9612048e-04 1.1123890e-03 1.3584472e-04 1.3703664e-04] [2.4716277e-04 6.4889184e-04 4.9332972e-04 9.7643387e-01 5.8455014e-04
 1.1262128e-02 2.8369422e-03 6.7233649e-04 6.8207490e-03] [9.9960369e-01 3.6903404e-04 1.8705942e-06 1.5071613e-06 4.3163086e-06
 1.2448045e-05 2.6923713e-06 3.7240429e-06 7.5616470e-07] [7.2008063e-04 2.0597775e-03 3.5159999e-01 6.4325255e-01 2.1957594e-04
 5.0436339e-04 1.3235213e-03 1.6162824e-04 1.5855860e-04] [5.63765707e-06 5.81570566e-06 5.21961238e-06 6.73026225e-05
 2.13324511e-05 1.12486996e-04 9.99737203e-01 2.38089433e-05
 2.12334835e-05] [2.0065196e-03 9.9341351e-01 1.2463505e-03 1.1410888e-05 2.6555828e-04
 1.2229002e-03 1.0023871e-03 1.9547548e-04 6.3590548e-04] [1.12319729e-04 1.09555986e-04 3.86760221e-05 2.21852490e-04
 9.94642377e-01 1.80234201e-03 4.32518340e-04 1.03395265e-04
 2.53697648e-03] [4.7954647e-03 9.7149104e-06 5.0262579e-06 2.2640648e-04 1.4317514e-04
 1.5224137e-04 9.9359989e-01 6.3603969e-05 1.0044811e-03] [3.9179333e-05 2.5519290e-05 1.3502632e-05 9.4436196e-05 9.9939036e-01
 2.2171745e-04 1.7705646e-05 3.6066267e-05 1.6152053e-04] [8.2288605e-01 1.7609353e-01 2.6264309e-04 1.5820721e-04 5.3658157e-05
 1.4424880e-04 3.2343104e-04 3.9497336e-05 3.8747243e-05] [1.0628098e-03 5.7633831e-03 3.1013102e-03 2.0732128e-05 5.2689522e-04
 9.0522959e-04 3.1759250e-03 9.8538303e-01 6.0701663e-05] [5.62606374e-06 5.80374581e-06 5.20887852e-06 1.01308025e-04
 2.12885825e-05 2.04021623e-03 9.97681260e-01 2.37599816e-05
 1.15456009e-04] [5.5290224e-05 8.5633204e-05 2.2405666e-05 2.3816693e-04 9.9872583e-01
 1.8430530e-04 8.7637280e-05 2.1087717e-05 5.7960371e-04] [4.0598992e-05 6.4427892e-05 1.3801155e-05 6.6366169e-04 2.0459332e-04
 2.1517440e-03 9.9646950e-01 1.0180280e-04 2.8983777e-04] [2.2360211e-05 1.6310163e-05 8.4384737e-06 6.3186511e-05 2.4037380e-04
 1.2226052e-03 7.2204461e-04 9.9712938e-01 5.7536666e-04] [4.1535092e-04 1.9316092e-03 9.9084610e-01 4.5823790e-03 2.0591296e-04
 4.7297988e-04 1.2411666e-03 1.5157102e-04 1.5290076e-04] [1.5416785e-04 1.5903679e-04 1.4273595e-04 2.7760852e-03 5.8335904e-04
 1.7660048e-02 1.8160242e-03 9.7211593e-01 4.5926748e-03] [7.9037556e-05 1.2241295e-04 3.2028973e-05 3.4046025e-04 1.8041514e-04
 2.9583001e-03 9.9542868e-01 3.0144931e-05 8.2854502e-04] [9.9300778e-05 2.3625489e-05 9.9802268e-01 1.6951723e-03 2.4181139e-05
 9.4272415e-05 6.7513965e-06 2.0863106e-05 1.3209708e-05] [1.8234574e-04 3.8768025e-04 1.6882441e-04 1.3194352e-02 6.8998209e-04
 4.3194140e-03 9.2503393e-01 7.7008235e-04 5.5253368e-02] [4.0394801e-04 2.1905224e-03 1.1787323e-03 9.5544074e-06 9.9417567e-01
 5.3835730e-04 1.2070914e-03 1.4740991e-04 1.4870313e-04] [2.27930218e-06 1.66258565e-06 8.60181217e-07 6.44095144e-06
 2.45026367e-05 9.99358237e-01 2.06030760e-04 1.08850245e-05
 3.89142660e-04] [0.06705001 0.36359748 0.1956539  0.0015859  0.0332405  0.08936016
 0.20036118 0.02446808 0.02468274] [6.7617148e-06 4.9321802e-06 2.5517895e-06 3.4184111e-05 7.2688839e-05
 3.7115475e-04 2.1834570e-04 9.9896288e-01 3.2643866e-04] [2.0384627e-05 2.1028416e-05 1.8873061e-05 3.6706383e-04 7.7133831e-05
 9.8346257e-01 4.6688141e-03 8.6088250e-05 1.1278067e-02] [3.9115763e-05 4.0351078e-05 3.6215213e-05 4.6696590e-04 1.4801085e-04
 9.9850661e-01 4.6076518e-04 1.6519363e-04 1.3671831e-04] [8.2856299e-05 1.2832742e-04 3.3576478e-05 3.5691002e-04 1.8913220e-04
 2.7619454e-04 1.3133066e-04 9.9793315e-01 8.6857722e-04] [3.9992072e-05 4.1255102e-05 3.7026570e-05 7.2013371e-04 1.5132687e-04
 3.6626956e-03 4.7108787e-04 1.6889445e-04 9.9470758e-01] [1.3594103e-05 9.9159197e-06 6.8956433e-06 1.3309046e-04 2.2409584e-04
 3.1871375e-04 9.9692911e-01 6.4919986e-05 2.2996410e-03] [5.6356243e-06 5.8136084e-06 5.2177302e-06 1.0148018e-04 2.1324759e-05
 3.3420807e-04 9.9937671e-01 2.3800358e-05 1.2579419e-04] [9.9977893e-01 7.8883975e-05 3.4123532e-05 4.1984509e-07 8.7999360e-06
 1.8613056e-05 6.7227033e-05 6.4775627e-06 6.5343961e-06] [3.3762783e-01 6.5893304e-01 1.1818288e-03 9.5795076e-06 2.0078610e-04
 5.3977163e-04 1.2102625e-03 1.4779717e-04 1.4909379e-04] [1.1899806e-05 5.5340584e-05 9.9824095e-01 1.6280542e-03 5.8994106e-06
 1.3550869e-05 3.5559413e-05 4.3425125e-06 4.3806094e-06] [4.4209683e-05 4.2138770e-05 3.7819667e-05 9.0418558e-04 1.5456825e-04
 2.4619552e-03 2.3438255e-04 1.7251211e-04 9.9594826e-01] [2.8744780e-05 1.8816425e-05 2.6222464e-05 9.9641752e-01 2.7731049e-04
 1.9043321e-03 8.3299662e-04 1.2319212e-04 3.7081219e-04] [6.6048713e-05 4.1867970e-05 1.7448405e-05 7.5730897e-04 2.2307159e-04
 1.3763930e-03 5.3575590e-05 9.9344915e-01 4.0151607e-03] [0.64615446 0.08207827 0.23479114 0.00201309 0.00637002 0.01837085
 0.00361023 0.00549595 0.00111595] [3.0192471e-04 8.7219378e-04 9.7808486e-04 3.8203874e-05 9.8611775e-04
 4.5149331e-04 6.9831922e-03 9.7453994e-01 1.4848782e-02] [2.3888102e-04 3.8565340e-04 3.8685907e-02 9.5088851e-01 7.2842646e-05
 2.4207830e-03 4.8973062e-04 5.7499325e-05 6.7602191e-03] [8.1914113e-06 8.4501135e-06 5.5982388e-04 9.9822682e-01 3.0995663e-05
 7.0779811e-04 9.6491050e-05 3.4593962e-05 3.2686518e-04] [7.5478158e-05 4.2939544e-04 3.0560157e-05 2.0561319e-04 9.9781990e-01
 6.1537739e-04 1.7327300e-04 2.8787405e-05 6.2166038e-04] [1.0424556e-03 1.0754255e-03 5.5323390e-04 4.1554967e-04 1.0641926e-03
 3.0690855e-03 6.6380913e-04 9.9171501e-01 4.0126860e-04] [0.01347391 0.03536504 0.01304026 0.03822462 0.00667978 0.7886713
 0.0449091  0.00491694 0.05471905] [1.93027139e-04 2.37122847e-04 1.02440004e-04 7.69456019e-05
 1.97052330e-04 5.68290066e-04 1.22914775e-04 9.98427987e-01
 7.43012279e-05] [0.0089045  0.00832634 0.00248328 0.02573305 0.00909019 0.9191324
 0.00567016 0.00784287 0.01281721] [9.9979764e-01 7.7088938e-05 3.3347074e-05 4.1029139e-07 8.5996908e-06
 2.3118500e-05 4.7097823e-05 6.3301691e-06 6.3857042e-06] [7.8231395e-05 7.0505179e-05 2.4890103e-05 1.0553098e-04 9.9765247e-01
 5.5021426e-04 2.6420096e-04 6.6540422e-05 1.1874030e-03] [1.6339953e-04 1.0504488e-04 9.6269658e-05 9.5922136e-05 3.5583362e-04
 3.0426367e-04 6.7160861e-03 2.7409347e-04 9.9188906e-01] [8.0530837e-05 7.6758464e-05 6.8890928e-05 1.6470324e-03 9.6612686e-01
 4.4846111e-03 4.2694277e-04 3.1424183e-04 2.6774181e-02] [2.0384627e-05 2.1028416e-05 1.8873061e-05 3.6706383e-04 7.7133831e-05
 9.8346257e-01 4.6688141e-03 8.6088250e-05 1.1278067e-02] [7.2332436e-01 2.6130557e-04 6.8369809e-05 7.2675495e-04 3.8511879e-04
 5.5538854e-03 2.6925758e-01 6.4348154e-05 3.5831521e-04] [7.33344932e-05 1.02445905e-04 1.85790177e-05 2.20090034e-03
 1.67397026e-04 8.44602659e-03 9.88705695e-01 2.79697833e-05
 2.57725129e-04] [1.3720992e-04 7.4405951e-04 9.9821585e-01 1.4131994e-04 6.8022760e-05
 1.8286500e-04 4.1001537e-04 5.0071052e-05 5.0510320e-05] [1.3282113e-06 1.3701577e-06 1.2297204e-06 2.3916962e-05 5.0258432e-06
 1.6473299e-04 9.9894851e-01 5.6092999e-06 8.4829028e-04] [3.1409779e-04 2.9939655e-04 1.5401916e-04 7.4618431e-05 2.9626934e-04
 7.0570444e-04 1.6631666e-04 9.9793386e-01 5.5729612e-05] [3.0784843e-06 2.0151854e-06 1.5807300e-04 9.9956447e-01 2.9699138e-05
 7.4222538e-05 8.9211477e-05 1.3193512e-05 6.6013767e-05] [1.6861661e-05 7.8415913e-05 9.9967003e-01 1.4435238e-04 8.3592840e-06
 1.9201167e-05 5.0386596e-05 6.1532073e-06 6.2071890e-06] [9.9830604e-01 2.3581015e-04 9.5866162e-05 8.1479819e-05 2.3334712e-04
 6.7296316e-04 1.3225051e-04 2.0132821e-04 4.0879571e-05] [3.2691739e-03 9.8915732e-01 2.5466874e-03 1.8591492e-05 4.3266790e-04
 1.9924422e-03 1.2285326e-03 3.1848336e-04 1.0360649e-03] [1.2332066e-04 1.2722096e-04 6.5446657e-05 4.3958840e-05 9.9889648e-01
 3.6306778e-04 2.4976497e-04 1.0861785e-04 2.2054790e-05] [0.06705001 0.36359748 0.1956539  0.0015859  0.0332405  0.08936016
 0.20036118 0.02446808 0.02468274] [7.1528211e-06 7.3787223e-06 6.6224238e-06 8.3935964e-05 2.7065716e-05
 7.6352264e-04 9.9866927e-01 3.0207757e-05 4.0480561e-04] [9.9990129e-01 1.3875311e-05 4.7024541e-06 4.7943558e-06 1.3730395e-05
 3.9597860e-05 7.7817622e-06 1.1846369e-05 2.4053982e-06]",1 3 5 5 7 4 5 5 3 1 0 3 8 4 8 4 3 5 8 1 0 1 6 0 3 4 1 1 5 7 2 8 8 3 7 4 6 3 4 1 2 0 1 3 0 8 3 8 4 4 6 2 2 2 1 4 3 4 0 5 0 8 2 2 5 7 0 1 8 6 3 6 3 6 4 7 2 7 1 0 4 6 2 1 2 1 1 5 6 8 7 5 0 7 8 7 2 0 6 4 8 6 3 3 4 7 8 6 5 3 2 2 2 0 2 7 0 5 3 2 8 4 5 8 1 8 1 3 2 5 8 5 6 4 0 8 3 1 1 3 2 1 0 8 5 8 7 1 5 7 1 1 0 2 3 0 3 6 1 4 6 4 0 7 6 4 6 7 2 7 6 2 6 4 5 8 7 5 5 7 8 6 6 0 0 2 8 5 7 0 7 3 3 4 7 5 7 5 0 4 8 4 5 6 6 2 6 7 3 2 0 1 4 7 6 0
1468,0,xgboost,0.5,2000,2000,0.8101851851851852,0.9741271219135802,"[1.3882809e-03 5.2938994e-04 2.1048481e-04 1.0027975e-03 6.9151964e-04
 9.8756939e-01 2.9562027e-03 7.6777383e-04 4.8842044e-03] [0.18712923 0.09835272 0.10611425 0.12577169 0.02785342 0.16428956
 0.09073173 0.16655697 0.03320042] [1.0341098e-04 4.5826724e-05 4.2134881e-04 9.9742681e-01 1.9901988e-04
 9.8771858e-04 2.7486595e-04 2.1213456e-04 3.2880652e-04] [0.01211031 0.42844847 0.4878083  0.01059811 0.00740372 0.0094061
 0.01081047 0.01233207 0.02108245] [0.06257256 0.02643088 0.01089845 0.06796559 0.00710447 0.01186384
 0.6972806  0.08174647 0.03413714] [1.1671570e-03 6.3497270e-03 8.9953142e-01 8.5316919e-02 2.4766289e-03
 3.1417035e-03 8.2309765e-04 7.4472168e-04 4.4861203e-04] [0.03497423 0.03299448 0.02108357 0.02075869 0.17069994 0.02439375
 0.33299854 0.02156995 0.34052682] [0.02505184 0.9185031  0.00805052 0.00595614 0.00708943 0.00157608
 0.00290217 0.01261779 0.01825288] [1.2887582e-03 3.9645792e-03 1.1232850e-03 1.1831635e-03 1.2787619e-03
 5.1317282e-04 8.8614598e-04 9.8914587e-01 6.1620830e-04] [0.01234649 0.00785101 0.03176855 0.00294555 0.87212306 0.0191246
 0.00649267 0.04346018 0.00388785] [0.01108687 0.00867734 0.00573917 0.00219265 0.9524423  0.00462434
 0.0067684  0.00682908 0.00163984] [0.06667956 0.04958152 0.05516536 0.35904607 0.02685128 0.03457308
 0.13517149 0.17954345 0.09338821] [0.17014824 0.4312617  0.07390508 0.10887142 0.04635534 0.06368018
 0.01626944 0.05572267 0.03378595] [0.04628984 0.06450114 0.02328868 0.01696729 0.41689044 0.02475571
 0.05531674 0.09840503 0.2535851 ] [9.7154880e-01 2.8083299e-03 1.2717843e-03 2.4175022e-03 5.6314492e-04
 1.7422972e-03 8.7064033e-04 1.7199462e-02 1.5779638e-03] [0.03356798 0.06670922 0.03191299 0.18804334 0.30695403 0.04021238
 0.06432635 0.03684258 0.2314311 ] [0.0220188  0.02247459 0.01950885 0.68875486 0.07755393 0.06321069
 0.02626142 0.01555789 0.06465895] [0.6599506  0.01886109 0.0084179  0.0556335  0.00764618 0.01354937
 0.01968313 0.20427431 0.01198387] [1.4662994e-04 2.2356499e-04 7.5420205e-05 1.3157682e-04 9.0904745e-05
 1.2382100e-04 1.8169102e-04 9.9867344e-01 3.5292789e-04] [0.04451378 0.02725788 0.03001543 0.03798623 0.00680566 0.00945988
 0.00438741 0.79194045 0.04763323] [0.02159703 0.8950687  0.01092548 0.0080048  0.01369669 0.0023149
 0.01310728 0.00235544 0.0329297 ] [0.06066225 0.48175848 0.13206391 0.01629626 0.02503388 0.04105766
 0.04260886 0.18778446 0.01273419] [1.6202481e-04 1.2098466e-04 6.1344923e-05 2.3914222e-04 2.2501548e-04
 3.5060302e-04 9.9825746e-01 2.8496695e-04 2.9851415e-04] [0.05736174 0.16051157 0.00872803 0.14858218 0.00644969 0.08816793
 0.05030633 0.02820112 0.45169142] [9.9384004e-01 2.8622630e-03 3.4141148e-04 7.3956989e-04 3.7562894e-04
 4.2342028e-04 2.4185100e-04 6.9865014e-04 4.7718876e-04] [0.02886849 0.00582474 0.00539655 0.04506166 0.12044426 0.72173285
 0.02691557 0.01596933 0.02978656] [0.00271466 0.01125615 0.8970499  0.06361021 0.00137346 0.00166341
 0.00582516 0.01424051 0.0022665 ] [7.77183159e-05 8.12859071e-05 1.00509664e-04 1.32813148e-04
 9.99237180e-01 4.68541148e-05 3.30463154e-05 2.19197740e-04
 7.14385387e-05] [0.06311664 0.00450333 0.01698105 0.04154419 0.00960286 0.01498795
 0.03086685 0.14886338 0.6695337 ] [0.01275583 0.3089755  0.02944891 0.09755827 0.01561488 0.28376013
 0.03640027 0.17393243 0.04155375] [1.1787402e-03 8.5172337e-04 1.5945433e-03 1.7435575e-03 1.3934392e-03
 1.7155355e-02 1.7360613e-02 9.5398003e-01 4.7420263e-03] [0.00899963 0.00786738 0.00654323 0.02162582 0.00617715 0.17782624
 0.02301766 0.02126651 0.72667634] [0.01335888 0.02879843 0.00969763 0.07472451 0.5969403  0.01835913
 0.03006351 0.05233519 0.17572244] [0.01545699 0.00747255 0.03749982 0.0058956  0.00765663 0.02363171
 0.01793538 0.24233313 0.6421182 ] [9.9711275e-01 1.0668630e-03 2.0259437e-04 1.0396837e-04 8.2219765e-04
 9.7530938e-05 1.1358143e-04 1.8074672e-04 2.9978220e-04] [0.01255556 0.01078777 0.01861572 0.16771434 0.05344526 0.266553
 0.09140052 0.09012669 0.28880113] [0.02791217 0.04740623 0.10890025 0.20602064 0.41032296 0.0371939
 0.05614072 0.06170179 0.04440138] [0.92516154 0.01476044 0.00890501 0.00680279 0.01493675 0.01023052
 0.00462304 0.01025652 0.00432343] [0.01338732 0.7282789  0.03115508 0.05132358 0.00969229 0.00897945
 0.00657588 0.10492948 0.04567803] [4.3280769e-04 2.9879453e-04 4.0222676e-03 9.9148363e-01 4.3823346e-04
 1.3827772e-03 4.0509718e-04 8.4603607e-04 6.9034798e-04] [0.02098265 0.00448037 0.00294422 0.0168525  0.00642898 0.04573555
 0.03663758 0.01006792 0.8558703 ] [5.1053618e-03 9.2234800e-04 9.3386846e-04 1.2032003e-03 2.0471716e-03
 3.4502357e-02 7.4358666e-03 9.4561005e-01 2.2398133e-03] [2.7523164e-04 5.8553246e-04 9.9618065e-01 7.5545057e-04 4.1837018e-04
 3.1772276e-04 6.4827560e-04 2.2462937e-04 5.9416710e-04] [7.2707731e-04 8.1201695e-04 3.6032396e-04 1.7730608e-04 9.9675167e-01
 2.9292636e-04 2.7856385e-04 2.8769573e-04 3.1239149e-04] [2.8130545e-03 9.9065620e-01 5.4474600e-04 1.8292390e-04 3.0469542e-04
 2.4986418e-03 1.3733607e-03 3.1303053e-04 1.3133995e-03] [0.00369472 0.00822183 0.0033895  0.00595134 0.00494968 0.03183063
 0.9112682  0.00962918 0.02106501] [8.3346781e-04 5.8667711e-04 6.0701341e-04 2.6013204e-03 1.4917753e-03
 2.6636971e-03 2.9169379e-03 9.8706228e-01 1.2368473e-03] [9.6438593e-01 3.1813961e-03 2.1421587e-02 1.0233484e-03 3.6895112e-03
 7.9696707e-04 2.0035531e-03 1.0732330e-03 2.4244392e-03] [0.03475891 0.7371482  0.01673302 0.03108793 0.01882389 0.03082058
 0.06452328 0.03049079 0.03561341] [0.00179814 0.00353117 0.00342553 0.00391798 0.0031506  0.9561759
 0.00978449 0.00178317 0.01643294] [0.01124101 0.01946777 0.00458152 0.01605438 0.01810721 0.69418776
 0.01395987 0.01481408 0.20758636] [5.5599017e-03 2.8848557e-03 9.5463592e-01 1.1734632e-02 8.1448967e-04
 4.4686976e-03 1.4359142e-02 1.8967402e-03 3.6456275e-03] [0.03306454 0.51663154 0.23269555 0.0158169  0.03341551 0.04157609
 0.04206162 0.04261496 0.04212326] [0.0307184  0.10950506 0.07058627 0.06213866 0.06597152 0.09547634
 0.04922063 0.10157567 0.4148075 ] [1.1379442e-03 5.9429382e-04 8.6256338e-04 2.2061330e-03 9.8583347e-01
 4.8714546e-03 1.8988224e-03 1.2532198e-03 1.3420292e-03] [0.0196326  0.006479   0.00575449 0.00707458 0.12637053 0.02284951
 0.06270534 0.7324806  0.01665334] [0.00462141 0.00473789 0.00453815 0.88894963 0.01001811 0.05203357
 0.01243006 0.00954655 0.01312463] [8.7829614e-03 5.2076862e-03 9.7259969e-01 1.1687597e-03 1.8920865e-03
 8.5376925e-04 8.5218996e-04 1.0670015e-03 7.5759133e-03] [0.02440848 0.01949264 0.03507251 0.12299678 0.07500915 0.46373805
 0.02813257 0.12495079 0.10619897] [0.13844249 0.05205905 0.2244685  0.01365792 0.01952654 0.3465435
 0.10566115 0.04390566 0.05573522] [0.1389458  0.09940974 0.1358319  0.07810829 0.0281683  0.32811162
 0.0242927  0.02074652 0.1463851 ] [0.01961599 0.33698472 0.12320864 0.26722592 0.08144797 0.08684804
 0.02634607 0.01959082 0.0387318 ] [0.04496071 0.0172266  0.02535494 0.0147305  0.01010657 0.02133365
 0.03007332 0.82948077 0.00673288] [1.7860992e-02 2.5840258e-02 1.0206999e-03 4.9440033e-04 2.0384884e-03
 4.4283094e-03 9.1714972e-01 2.6301643e-02 4.8654987e-03] [0.01719905 0.03768722 0.71406996 0.15591481 0.0159846  0.0102403
 0.01008804 0.00771146 0.0311046 ] [0.03239565 0.32413104 0.37706405 0.00903574 0.03515192 0.13689277
 0.00784394 0.05082695 0.02665797] [2.0917065e-03 9.6502233e-01 6.0361684e-03 1.5704625e-03 6.4981403e-04
 2.8360349e-03 5.9244102e-03 5.0869714e-03 1.0782123e-02] [0.06682122 0.02754457 0.02563871 0.2939874  0.04713907 0.13266985
 0.11337174 0.19625227 0.0965752 ] [1.9750590e-03 8.5512325e-03 2.7674208e-03 8.5544086e-04 4.4234563e-03
 1.8250997e-03 4.9173380e-03 9.6932912e-01 5.3558955e-03] [0.02262742 0.20828943 0.5066412  0.02616307 0.01483805 0.09913267
 0.09189529 0.01760209 0.0128108 ] [0.02917487 0.23009157 0.29311693 0.34883714 0.04110498 0.02382118
 0.0073427  0.01822814 0.00828247] [0.04893644 0.0162997  0.0378073  0.29104888 0.05158918 0.0702306
 0.31086913 0.03800378 0.13521498] [0.78406596 0.0100152  0.02475008 0.00390132 0.00891193 0.07446764
 0.07302812 0.01266474 0.00819503] [0.02657539 0.03909756 0.07259583 0.00526295 0.82037336 0.00471971
 0.00850009 0.0201618  0.00271329] [0.00275426 0.00299196 0.88565254 0.07862171 0.00233367 0.00325259
 0.02170125 0.00171326 0.00097871] [0.03664386 0.05837512 0.04887839 0.01301781 0.03591233 0.16820413
 0.3594092  0.23022619 0.04933298] [0.01359294 0.00397189 0.00566697 0.1237767  0.00908696 0.23016727
 0.02466382 0.5046349  0.08443853] [0.0125571  0.02130736 0.0297009  0.23206417 0.04071891 0.0210303
 0.09729441 0.06303994 0.48228696] [0.03681285 0.02141157 0.86161774 0.02726394 0.00668865 0.00928323
 0.00664232 0.02575823 0.00452145] [0.00792943 0.02106623 0.01116092 0.02906982 0.00734048 0.00325407
 0.02988828 0.88220775 0.00808301] [0.02597025 0.01947922 0.00608315 0.01579545 0.01642515 0.22171265
 0.09525526 0.20978914 0.38948974] [0.02633614 0.00973318 0.01440041 0.0417993  0.01755677 0.7357621
 0.06480793 0.02212615 0.067478  ] [0.97446895 0.00331878 0.00818036 0.00248192 0.00406399 0.00185488
 0.00230692 0.00224684 0.00107737] [2.2725787e-03 3.4940797e-03 4.5605065e-04 5.1456029e-03 2.1951348e-03
 8.0934754e-03 9.6925229e-01 6.2741274e-03 2.8166580e-03] [0.00619388 0.7564128  0.05037609 0.00763475 0.00502846 0.0078422
 0.00511233 0.15483405 0.00656546] [0.18646759 0.19025181 0.28584996 0.04456815 0.10736108 0.06998663
 0.0499851  0.03988782 0.02564185] [0.00109024 0.00124617 0.00341849 0.9788534  0.00156264 0.00272952
 0.00539869 0.00239806 0.00330279] [0.00649187 0.00226302 0.0611357  0.9035753  0.00364526 0.00510598
 0.00231222 0.00569599 0.00977461] [0.026456   0.00413695 0.01236213 0.09673966 0.6672919  0.02733017
 0.07463425 0.03551474 0.05553425] [0.00559239 0.00948427 0.01597966 0.00279166 0.88528675 0.00413891
 0.00266871 0.071932   0.00212567] [0.07474674 0.67046386 0.04131433 0.02261965 0.08332805 0.02683339
 0.03951366 0.01350957 0.02767072] [1.4046590e-03 1.0144485e-03 3.4975300e-03 4.9937307e-03 2.3670595e-03
 9.6514891e-04 9.8218715e-01 2.6450907e-03 9.2520291e-04] [0.4486437  0.22478826 0.05082932 0.03162377 0.02375399 0.05560865
 0.0565403  0.03778999 0.07042196] [0.2506283  0.2647085  0.19958685 0.01271011 0.04675055 0.02062237
 0.06441088 0.11499193 0.02559051] [4.1674930e-03 7.5798039e-03 4.1171885e-03 7.3269510e-04 1.1032178e-03
 9.7844660e-01 1.0989954e-03 1.2180117e-03 1.5360093e-03] [0.0724289  0.0385425  0.02553561 0.01081204 0.03350316 0.02419582
 0.04093913 0.7383894  0.01565354] [0.01440764 0.01210268 0.01251344 0.15784304 0.01367792 0.07858834
 0.6701251  0.0177152  0.02302661] [0.7123764  0.16297095 0.0205323  0.03274681 0.01539206 0.00845659
 0.00512688 0.00636454 0.03603344] [0.00676821 0.02299387 0.00512504 0.01184144 0.9080098  0.00621865
 0.00654721 0.03069599 0.00179973] [0.50712764 0.09072573 0.04938897 0.08452598 0.0135703  0.07199213
 0.03021147 0.01368164 0.13877614] [0.02100649 0.01500389 0.02712702 0.01131891 0.02063847 0.24222067
 0.2468062  0.10031471 0.31556365] [5.4139283e-04 1.7878570e-03 7.5356482e-04 4.2515290e-03 2.2504574e-03
 9.7458762e-01 1.4015616e-02 5.7484955e-04 1.2370914e-03] [0.56528616 0.01745219 0.01610293 0.06238157 0.02610299 0.16331376
 0.03188793 0.02819952 0.08927295] [0.03133468 0.03352668 0.6469939  0.09121493 0.05101063 0.01988145
 0.04399547 0.03909484 0.04294747] [7.0302997e-04 3.1983270e-04 4.6247084e-04 3.0163541e-03 2.2407712e-03
 2.0568760e-03 9.8894346e-01 2.3914006e-04 2.0180321e-03] [0.6996805  0.03512904 0.11122324 0.00466923 0.03918755 0.00500727
 0.05957391 0.03319589 0.01233335] [0.02762432 0.00756523 0.00506968 0.09367166 0.02837954 0.14661258
 0.6087416  0.06208056 0.02025485] [9.9721932e-01 1.4157653e-03 2.7375072e-04 1.3624392e-04 1.6361312e-04
 1.0584269e-04 1.8316078e-04 1.8999084e-04 3.1228509e-04] [0.01232007 0.0492315  0.08424503 0.0088566  0.0197091  0.74664587
 0.03185511 0.02380354 0.0233332 ] [0.18956882 0.03310435 0.1605606  0.45575163 0.03119459 0.04058305
 0.0444631  0.0182914  0.02648248] [0.05447945 0.05464882 0.680649   0.06498638 0.01531721 0.01635236
 0.02557671 0.07822452 0.00976555] [0.00787226 0.00738807 0.0026417  0.18913174 0.02245528 0.01251788
 0.6944537  0.01361662 0.04992276] [0.13026236 0.13321654 0.06448629 0.0412798  0.20641406 0.04087634
 0.05024116 0.02234383 0.3108796 ] [0.1632787  0.1489786  0.3932564  0.03531633 0.04286668 0.10268589
 0.06622045 0.00659815 0.04079876] [0.00226549 0.00230128 0.00866791 0.00789863 0.00146761 0.00608914
 0.00517532 0.00367236 0.96246225] [0.00470781 0.00911021 0.00447618 0.02435654 0.00647873 0.7884528
 0.00581411 0.06732428 0.08927938] [8.5146585e-03 7.8633418e-03 7.7048159e-04 1.6783650e-03 5.4256720e-03
 1.0810746e-02 9.5148450e-01 3.7267844e-03 9.7254412e-03] [0.01127803 0.93393564 0.00822994 0.00472446 0.00340715 0.00980448
 0.01302928 0.00459523 0.01099584] [0.15557423 0.06601479 0.07102164 0.20654722 0.08026623 0.05523606
 0.08376042 0.27161515 0.00996429] [0.01724692 0.00433593 0.00671476 0.01669216 0.01046264 0.51158047
 0.0170675  0.01270148 0.40319818] [0.01339709 0.0127955  0.02822528 0.03330762 0.01495852 0.01797131
 0.05729267 0.81600696 0.00604502] [0.01037635 0.00429737 0.0023727  0.73894197 0.02557092 0.07892732
 0.01522852 0.01467095 0.10961395] [0.00122094 0.00097033 0.00096967 0.00510587 0.01671942 0.00638676
 0.9523561  0.00372559 0.01254528] [0.02735711 0.00705773 0.00881942 0.01557413 0.03749148 0.3657635
 0.10566349 0.0660474  0.36622575] [0.02350371 0.02563738 0.0575708  0.78340495 0.01292182 0.01475888
 0.03688965 0.02536143 0.01995137] [2.5178255e-03 9.2181691e-04 9.7638422e-01 1.4593418e-02 9.1274380e-04
 8.2216848e-04 1.1843959e-03 2.2776395e-03 3.8576766e-04] [0.03639745 0.00963682 0.00806181 0.01039477 0.00918556 0.06612022
 0.8432405  0.00686546 0.01009745] [0.12669638 0.37554333 0.10132705 0.05085634 0.03098004 0.0603263
 0.15618797 0.07233988 0.02574269] [0.03832085 0.04596808 0.46231088 0.05845977 0.03188213 0.01288678
 0.2540129  0.06070312 0.03545545] [0.05435802 0.814233   0.00287425 0.00603337 0.00711362 0.00837429
 0.00481209 0.01263712 0.08956423] [1.0244981e-03 1.8269421e-03 2.2274577e-03 1.0443160e-02 1.7425414e-03
 9.7216427e-01 8.0710888e-04 1.9099329e-03 7.8540547e-03] [0.02020452 0.06551579 0.0236879  0.143156   0.02689619 0.29070982
 0.28015858 0.04173058 0.10794059] [0.06951557 0.01430493 0.09632087 0.2442613  0.10724489 0.07412371
 0.15623306 0.07928993 0.15870576] [0.01297314 0.00636165 0.01498749 0.02458677 0.00789096 0.05696401
 0.02033623 0.03164174 0.82425797] [0.00252749 0.00950508 0.0031081  0.3981545  0.00804939 0.00975493
 0.01369209 0.00957717 0.5456313 ] [0.00605934 0.00306583 0.9683631  0.01272321 0.00181153 0.00183293
 0.00238772 0.00141029 0.00234603] [0.03077635 0.05987163 0.00911609 0.21146058 0.15503955 0.12887736
 0.11406377 0.09115575 0.19963899] [2.4010858e-03 1.3115306e-03 3.6505847e-03 9.6615765e-04 9.8774511e-01
 4.9320015e-04 2.0556564e-03 5.4130104e-04 8.3543075e-04] [1.5396635e-03 9.7997689e-01 3.0081065e-03 3.7621381e-04 4.8511121e-03
 4.4633908e-04 3.6762891e-04 5.0551509e-03 4.3788943e-03] [0.02381843 0.11290222 0.11870931 0.62389666 0.01275869 0.01585941
 0.02463615 0.01794629 0.04947284] [0.02661067 0.19394642 0.37799534 0.2320402  0.0721923  0.04965228
 0.01218199 0.02855815 0.00682263] [0.02013151 0.03152492 0.00808173 0.58630395 0.01651203 0.13182333
 0.04857124 0.04683765 0.11021367] [0.04591214 0.6482199  0.05307212 0.00696943 0.01689178 0.01013013
 0.09502818 0.05301566 0.07076065] [0.18238594 0.04281721 0.09787715 0.36747643 0.09103429 0.10275304
 0.03023782 0.02585245 0.05956567] [0.09410875 0.0702381  0.01126881 0.06751305 0.00598715 0.01444258
 0.05038534 0.02206691 0.66398925] [0.01063034 0.01376225 0.02972029 0.03468471 0.03988102 0.69765556
 0.07003232 0.04346441 0.06016903] [0.01637561 0.01588833 0.0559301  0.82769734 0.0259076  0.01520388
 0.02374613 0.00810635 0.01114467] [4.9797967e-03 1.8906684e-03 9.9388091e-03 1.4851615e-03 9.6071118e-01
 4.1010235e-03 1.5278347e-02 1.2722857e-03 3.4269909e-04] [0.00734353 0.02305387 0.04145034 0.00250519 0.00285863 0.00808456
 0.00636151 0.9039281  0.00441429] [0.0080136  0.00113548 0.81708837 0.15267985 0.00893441 0.0039758
 0.00325727 0.00195675 0.00295848] [0.0336637  0.04887767 0.00798327 0.03085669 0.0527524  0.04129226
 0.56198585 0.09909172 0.1234964 ] [0.02983032 0.02723741 0.8054943  0.05386841 0.02283209 0.00831311
 0.04066749 0.00540955 0.00634729] [9.7501487e-04 1.5275038e-03 4.5499558e-04 1.0725113e-03 8.9648011e-04
 2.8281983e-03 5.9623099e-03 9.8468614e-01 1.5969099e-03] [0.29530987 0.43233716 0.06522079 0.0085662  0.05702243 0.02063721
 0.01718214 0.08173858 0.02198564] [0.10671559 0.55232114 0.1145848  0.00986929 0.00680959 0.00792853
 0.04352466 0.0080281  0.15021834] [0.01412496 0.06946407 0.07464582 0.05453195 0.0130549  0.0862938
 0.20521298 0.08013336 0.40253818] [0.00423592 0.00490051 0.00425534 0.00273527 0.00392999 0.96352947
 0.00222764 0.00944714 0.00473871] [0.00529622 0.0094864  0.0090237  0.00656233 0.00420205 0.9440478
 0.00994167 0.00802562 0.00341418] [0.04309252 0.03038482 0.27487323 0.20392011 0.08683474 0.01713239
 0.01755874 0.1093088  0.21689461] [0.08279885 0.12194914 0.06993082 0.1555052  0.2654829  0.01687186
 0.02750031 0.2482286  0.01173232] [0.00271246 0.7000512  0.1615577  0.00369748 0.00818394 0.00291766
 0.01935436 0.00819525 0.09332988] [1.2281872e-02 7.8309476e-03 4.0585375e-03 4.3454033e-04 1.2531225e-02
 6.7591731e-04 2.0544524e-03 9.5719486e-01 2.9376475e-03] [0.04179281 0.01238405 0.0103214  0.6801383  0.03874354 0.00946474
 0.10412549 0.08570217 0.01732752] [0.02431584 0.00413655 0.03060679 0.26435614 0.0420018  0.09783541
 0.02725376 0.13683683 0.37265688] [9.9253321e-01 1.7275453e-03 2.4127286e-04 2.3205252e-03 2.1491632e-04
 6.4991141e-04 1.7008992e-03 3.1492530e-04 2.9678683e-04] [0.00814366 0.9256939  0.00547138 0.01236344 0.00185915 0.00686448
 0.01655534 0.01538788 0.00766077] [0.00231782 0.00190681 0.00953042 0.00458085 0.9693979  0.00586064
 0.00194641 0.00331295 0.00114622] [0.04412631 0.01033502 0.00989607 0.0151672  0.00507891 0.0146501
 0.09689406 0.79280967 0.01104264] [0.00498976 0.00304139 0.00370526 0.03057066 0.01014275 0.2910354
 0.01113694 0.01413801 0.63123983] [0.03280324 0.08650404 0.04484836 0.04020894 0.6178344  0.02372358
 0.01219132 0.0463427  0.0955434 ] [5.61696710e-04 6.13951852e-05 1.19646655e-04 1.46133258e-04
 2.62351678e-04 1.09678411e-04 1.07974920e-04 9.98568654e-01
 6.24384920e-05] [0.01870297 0.02247873 0.02263378 0.08959506 0.01925644 0.04072363
 0.02802814 0.04244619 0.716135  ] [0.01924765 0.01645948 0.04635514 0.22965756 0.04960607 0.40197012
 0.02579838 0.06908776 0.14181784] [3.6638649e-04 1.3489473e-03 1.3884089e-04 1.1915555e-04 9.9685502e-01
 3.7703666e-04 1.4363475e-04 3.4068921e-04 3.1023359e-04] [0.00582298 0.00227577 0.00623565 0.01207589 0.0126804  0.00296026
 0.00715134 0.94853455 0.00226322] [0.02055236 0.00548399 0.01922347 0.05988269 0.01176777 0.14526665
 0.6418918  0.04551025 0.05042104] [0.02490673 0.03369325 0.04125581 0.33580926 0.04645431 0.1212226
 0.09733046 0.1980985  0.10122909] [0.07342055 0.03544129 0.8139184  0.00892747 0.01552781 0.00948497
 0.01826273 0.00838898 0.01662775] [0.01239767 0.01501878 0.01179911 0.00318282 0.9146862  0.00730977
 0.00875973 0.01892763 0.00791831] [0.01742659 0.0402483  0.01637595 0.00862832 0.01088101 0.01358956
 0.863302   0.00991613 0.01963216] [5.0939259e-04 2.2012497e-04 7.9290080e-04 9.8500174e-01 5.7196408e-04
 7.0450441e-03 3.4818933e-03 4.7306239e-04 1.9038724e-03] [0.02450472 0.01073934 0.01054371 0.12059484 0.36879736 0.15295872
 0.19464217 0.02146253 0.09575664] [0.00217333 0.0051781  0.00101168 0.002433   0.00154816 0.12105553
 0.79490954 0.00836061 0.06333007] [0.9544763  0.00519494 0.013849   0.00198802 0.00414698 0.00201048
 0.01295552 0.00315075 0.00222798] [0.09464572 0.05899176 0.21920975 0.04911379 0.3844444  0.01076972
 0.07658565 0.07075926 0.03547994] [9.5863438e-01 1.0060453e-03 1.1556194e-03 9.0082334e-03 8.1981753e-04
 4.0969206e-03 3.9945976e-03 5.1802900e-03 1.6104063e-02] [0.12185814 0.01505714 0.25161046 0.01743961 0.02462588 0.048497
 0.01094581 0.2755455  0.23442043] [0.0172783  0.05297878 0.01845084 0.37576804 0.01535413 0.3634186
 0.0193909  0.04336241 0.09399799] [0.11190821 0.31548288 0.12571533 0.10902613 0.02798519 0.05221991
 0.0213312  0.03440768 0.20192344] [0.0306537  0.02068744 0.03986256 0.02096368 0.7726727  0.02723851
 0.01896748 0.04374795 0.02520594] [6.7558116e-04 2.2822664e-04 7.4667524e-04 9.8821348e-01 6.2608306e-04
 5.9005260e-03 1.3036700e-03 7.5741170e-04 1.5484196e-03] [0.00625829 0.9351742  0.00837179 0.01021266 0.00157701 0.01159043
 0.01196562 0.00628718 0.00856283] [0.09967901 0.07980552 0.03951779 0.06574559 0.02308393 0.28874308
 0.1970125  0.06183799 0.14457455] [0.08051514 0.2748067  0.1635827  0.02932579 0.02492078 0.06203704
 0.05817301 0.27963585 0.02700295] [0.00565881 0.0079366  0.02616173 0.00110985 0.0114899  0.00281621
 0.00181605 0.9327309  0.01027993] [0.02489315 0.00911706 0.89119923 0.01087472 0.00440471 0.00765717
 0.03864439 0.00669991 0.00650966] [0.01495468 0.00617599 0.00327996 0.01535045 0.0076056  0.17091516
 0.6436416  0.05809978 0.07997679] [0.02655013 0.01848906 0.758627   0.11837286 0.00679734 0.01049011
 0.03126954 0.02075092 0.00865311] [0.25023493 0.03356204 0.0453546  0.04636502 0.48052922 0.03062805
 0.0322652  0.06470243 0.01635854] [0.05338776 0.18321882 0.11439463 0.02804166 0.02702904 0.02703103
 0.36790565 0.04012407 0.15886731] [0.02110342 0.00520159 0.00907312 0.13180964 0.00177383 0.00673795
 0.02621078 0.2614642  0.53662544] [0.00778678 0.00551087 0.04586689 0.01591781 0.0043289  0.13529362
 0.0535385  0.0109758  0.72078085] [0.03718244 0.01976234 0.02599618 0.02283062 0.01402201 0.0555648
 0.02932343 0.0726599  0.7226583 ] [0.00255046 0.00296513 0.00097338 0.05912146 0.00649916 0.01262599
 0.9039502  0.00219503 0.00911921] [0.09183662 0.38877    0.0275993  0.2922285  0.02038695 0.06574848
 0.017894   0.04176727 0.05376884] [0.8227507  0.0512296  0.01912845 0.01028575 0.01020847 0.01599099
 0.04696744 0.01385701 0.00958161] [1.6695526e-04 9.1161084e-05 2.7027578e-04 2.0398863e-04 1.8612351e-04
 1.6224693e-04 1.6044786e-04 9.9856263e-01 1.9619246e-04] [0.0575598  0.5200829  0.06806916 0.00950852 0.01267772 0.22334145
 0.01977435 0.03010563 0.05888046] [0.00724745 0.0612734  0.8394358  0.02098375 0.00804324 0.0038367
 0.00564074 0.00764832 0.0458906 ] [0.02084495 0.02044685 0.03086776 0.00917811 0.718822   0.13859542
 0.03013473 0.01163242 0.01947778] [0.0013901  0.00601231 0.97496855 0.00759319 0.00173556 0.00267408
 0.00146745 0.00196555 0.00219317] [0.01129801 0.00315737 0.0067046  0.5796424  0.04723194 0.1006733
 0.05505442 0.04101715 0.15522076] [7.4098083e-05 2.2337667e-04 2.5677346e-04 8.0143662e-05 1.3518563e-04
 6.8417728e-05 9.9870908e-01 1.2552566e-04 3.2744597e-04] [2.8881434e-04 4.9180823e-04 2.5214153e-04 6.8663210e-03 9.4496540e-04
 2.2646720e-02 9.5558220e-01 2.5046952e-03 1.0422301e-02] [0.44185832 0.15000445 0.20510522 0.05222985 0.02743366 0.03397602
 0.0213224  0.03875583 0.02931431] [1.4236294e-04 1.4834000e-04 1.9288249e-04 1.7875688e-04 9.9517101e-01
 5.4161565e-04 6.5961527e-04 2.6213999e-03 3.4406126e-04]",5 0 3 2 6 2 8 1 7 4 4 3 0 8 0 5 3 0 7 7 1 1 6 8 0 4 2 4 7 1 7 8 4 8 0 3 3 0 2 3 8 7 2 4 1 6 7 0 1 5 8 2 1 8 4 7 3 2 5 0 5 4 7 6 2 1 1 5 7 1 2 5 0 4 2 6 7 8 2 7 8 5 0 6 1 0 3 3 4 4 1 6 5 7 5 7 6 0 4 0 5 5 0 2 6 0 6 0 5 3 2 6 8 0 8 5 6 1 3 8 7 6 6 6 2 2 6 1 2 1 5 3 4 8 3 2 3 4 1 3 2 5 1 3 8 5 3 4 7 3 6 2 7 1 1 8 5 5 8 5 1 7 3 8 0 1 4 7 8 4 7 8 8 4 7 6 3 0 4 6 3 4 6 0 6 0 2 5 1 4 3 1 5 7 7 2 5 2 4 3 8 8 8 6 5 0 7 1 2 4 2 3 6 6 0 4
1468,1,xgboost,0.5,2000,2000,0.7777777777777778,0.9625530478395061,"[0.9069292  0.00323856 0.02288273 0.00289792 0.01250025 0.00958772
 0.0111352  0.0037523  0.02707613] [0.00927949 0.00664801 0.01123016 0.01710984 0.8030613  0.07166585
 0.02523273 0.04738251 0.00839015] [0.5135253  0.0658432  0.01355383 0.29901463 0.03251833 0.01184134
 0.01509531 0.02108524 0.02752286] [2.3361169e-04 2.5892982e-04 9.0479379e-04 8.9001481e-04 9.9578649e-01
 1.2242484e-04 8.6598669e-04 8.9472736e-04 4.2989221e-05] [0.0428111  0.4140878  0.26085287 0.02345133 0.02168697 0.02695651
 0.04142329 0.01351925 0.1552109 ] [0.06641333 0.40991127 0.04142295 0.01932738 0.05877145 0.23479769
 0.05037662 0.03071003 0.08826931] [9.9207336e-01 2.8805921e-04 6.8812427e-04 5.1566568e-04 2.1001932e-03
 1.3267320e-03 1.8285360e-04 2.6849622e-03 1.4010636e-04] [3.0950506e-03 9.1836607e-04 1.9915221e-02 9.5145577e-01 3.5480582e-03
 1.0573430e-02 3.0381971e-03 2.5831754e-03 4.8726611e-03] [0.06518912 0.01098814 0.05082723 0.06903991 0.00870875 0.00368417
 0.00650766 0.6754723  0.10958269] [9.8275465e-01 5.3173333e-04 1.9705992e-03 3.6691159e-03 6.1174561e-03
 5.6021148e-04 2.3649221e-03 1.0641221e-03 9.6723199e-04] [3.8408446e-03 4.8507052e-03 9.8184502e-01 1.0088957e-03 3.4207569e-03
 1.1995385e-03 5.3209299e-04 1.8387993e-03 1.4632969e-03] [0.11007203 0.18029165 0.36858904 0.0197046  0.03784702 0.04545337
 0.07840928 0.00920449 0.15042855] [0.00370201 0.0025162  0.00867116 0.01060649 0.00324392 0.13911851
 0.03115828 0.00545886 0.7955246 ] [9.9645728e-01 6.9451932e-04 4.8501958e-04 1.7642752e-04 7.3503022e-04
 2.0983820e-04 3.6644659e-04 5.9053535e-04 2.8485403e-04] [0.02230209 0.04449027 0.01843133 0.02258807 0.02577195 0.8234231
 0.01063387 0.00980582 0.02255354] [0.04361612 0.5692911  0.03482717 0.06880815 0.03503854 0.08324966
 0.10063197 0.02534289 0.03919433] [2.4321694e-03 1.7895582e-03 4.9577036e-04 2.7782666e-03 2.1583992e-03
 7.6321285e-04 9.8546785e-01 3.7198314e-03 3.9492064e-04] [0.01380953 0.0568055  0.06993454 0.43698782 0.11260111 0.12539533
 0.04783598 0.04407217 0.09255803] [1.7910199e-03 5.6216383e-04 6.8562425e-04 4.6787071e-03 9.8737854e-01
 6.0526852e-04 1.2634104e-03 1.9993566e-03 1.0359249e-03] [0.01178603 0.5191262  0.01412293 0.00721649 0.02029936 0.01155618
 0.00891212 0.18352063 0.22346006] [0.01034004 0.7828109  0.01087406 0.00664068 0.01159661 0.01398079
 0.00390456 0.01430237 0.14554997] [0.06764787 0.01591887 0.00550829 0.00411991 0.05289952 0.18159077
 0.62504417 0.01026949 0.03700106] [0.00786059 0.00324381 0.00135334 0.00513709 0.00406677 0.0051244
 0.9615125  0.00303526 0.00866624] [5.1561958e-04 1.2062227e-03 1.4627692e-03 1.1260400e-03 9.9314618e-01
 1.1996703e-03 6.8494212e-04 3.9579719e-04 2.6276169e-04] [0.05817295 0.1395456  0.09242218 0.28526667 0.02791099 0.02589325
 0.03656193 0.03963994 0.2945865 ] [9.9729055e-01 1.7543034e-04 4.6550398e-04 7.9521810e-04 2.3369784e-04
 2.7138432e-05 3.0510887e-04 3.9762611e-04 3.0964834e-04] [0.00314816 0.00283183 0.00560696 0.01460087 0.00141769 0.0252002
 0.9314919  0.00768791 0.00801447] [0.00777694 0.02779527 0.02760237 0.00589353 0.00726308 0.0198242
 0.02344629 0.87379843 0.00659988] [0.41213304 0.20625946 0.05425011 0.01257872 0.03293467 0.0262046
 0.02074736 0.17607994 0.05881208] [0.09390044 0.6871951  0.03982257 0.00532597 0.02295948 0.01326626
 0.00933833 0.0279547  0.10023715] [0.02070886 0.0197248  0.10572483 0.26227093 0.04985148 0.4172882
 0.04908272 0.04174215 0.03360606] [0.02220629 0.02102429 0.2124358  0.6370993  0.02798588 0.01308536
 0.01119323 0.04332259 0.01164728] [0.8684206  0.0165584  0.01327751 0.00641697 0.01781113 0.0086172
 0.02273013 0.01013502 0.03603304] [0.06995223 0.06710419 0.02641453 0.22881807 0.05205044 0.19161578
 0.1590421  0.11424233 0.09076035] [3.4810137e-04 1.2284443e-03 9.9471313e-01 1.4206253e-03 3.3922429e-04
 5.3941895e-04 3.4573351e-04 5.8635953e-04 4.7889189e-04] [0.00317997 0.01778231 0.92198807 0.00786655 0.00989144 0.01149877
 0.01527268 0.00804992 0.00447024] [0.20896903 0.19212106 0.08292923 0.02868698 0.03145029 0.08166572
 0.03093193 0.05528003 0.28796574] [0.01543246 0.02296871 0.01226992 0.14864412 0.01333368 0.06738931
 0.07473607 0.02527174 0.619954  ] [0.00962369 0.03335896 0.01265113 0.01684562 0.01615707 0.009475
 0.8142101  0.03852863 0.04914979] [2.6723850e-04 2.4393239e-04 3.7814255e-04 3.8831000e-04 2.8010333e-04
 1.0258356e-03 7.6518574e-04 9.9101430e-01 5.6369710e-03] [4.9059914e-04 3.9498834e-03 1.0780805e-04 2.1752068e-04 4.8497485e-04
 1.4419833e-03 9.9261767e-01 2.5109833e-04 4.3839822e-04] [0.03098064 0.06066661 0.01806316 0.3993565  0.01772601 0.03432632
 0.12534487 0.28255332 0.0309826 ] [0.07346357 0.0393153  0.15882145 0.06819648 0.02958133 0.01516093
 0.00795498 0.5888343  0.0186717 ] [0.00146333 0.00321514 0.00234902 0.00238262 0.00181355 0.00724296
 0.01648159 0.00299413 0.96205765] [0.02713361 0.05164778 0.02544185 0.0432052  0.03099945 0.61093825
 0.09974172 0.02789207 0.08300005] [0.00672917 0.03099806 0.00715789 0.00326891 0.00201266 0.00463795
 0.93369013 0.00567082 0.00583439] [3.77631513e-04 1.08297309e-03 9.91597593e-01 2.02329573e-03
 2.95313599e-04 1.05536885e-04 3.25400935e-04 1.48382026e-03
 2.70843203e-03] [9.9862552e-01 2.2497417e-04 8.1519502e-05 7.8050762e-05 7.0051850e-05
 1.4127642e-04 4.9420738e-05 6.2029535e-04 1.0885287e-04] [0.00177182 0.00344849 0.00107824 0.01117471 0.0018678  0.958195
 0.00384178 0.00339843 0.01522372] [9.7518950e-04 2.0657051e-03 4.4108406e-03 2.3488032e-03 1.8989904e-03
 1.0074523e-03 6.7600579e-04 9.8578805e-01 8.2894159e-04] [0.1285463  0.09222396 0.01823791 0.01946784 0.04723775 0.5197147
 0.02420801 0.12591082 0.02445274] [1.0352014e-03 1.3028443e-03 4.7470239e-01 5.1730365e-01 1.3217542e-03
 1.8525460e-03 5.0892698e-04 9.1446243e-04 1.0582133e-03] [0.15507205 0.02182232 0.10305513 0.33535165 0.20793645 0.01281886
 0.03337291 0.10345383 0.02711679] [1.0301274e-04 9.0885369e-05 7.9616735e-04 9.9839383e-01 2.3963608e-04
 1.2578438e-04 7.6610559e-05 7.0449518e-05 1.0362334e-04] [0.05071655 0.03589594 0.7653486  0.02673214 0.01292162 0.0411343
 0.029781   0.02140586 0.01606398] [0.00802242 0.01860169 0.94036347 0.00597082 0.00381105 0.00442089
 0.00586425 0.00655731 0.00638816] [1.6581140e-02 1.3505652e-02 3.9844750e-03 6.2285719e-04 5.0077755e-03
 9.4637465e-01 1.2906780e-03 1.1080449e-02 1.5523835e-03] [9.9380201e-01 2.7804190e-04 2.0199834e-04 3.6635684e-04 2.0521253e-03
 3.8539397e-04 5.0719170e-04 2.2590521e-03 1.4784900e-04] [0.01384775 0.18758677 0.03165962 0.0359206  0.04072642 0.49986282
 0.00735241 0.17399064 0.00905298] [1.4364501e-03 1.4947640e-03 5.9689971e-04 2.8573063e-03 2.4945792e-03
 8.0266120e-03 9.8041224e-01 7.5017154e-04 1.9309871e-03] [0.10236214 0.17017548 0.25066137 0.0849438  0.09443736 0.0330506
 0.06450669 0.05176315 0.1480994 ] [2.2559452e-03 1.2352788e-03 1.8614418e-03 4.5902412e-03 9.8507279e-01
 5.9292925e-04 1.5815805e-03 2.1430815e-03 6.6666416e-04] [0.00171843 0.00522415 0.00130256 0.00380879 0.00611885 0.00658929
 0.86322486 0.00190994 0.11010313] [0.01247487 0.00901249 0.00694611 0.04159784 0.01157347 0.8081555
 0.0691016  0.01207502 0.02906309] [0.00837326 0.03368811 0.01505221 0.07673619 0.03571853 0.65054566
 0.01405666 0.02139606 0.14443335] [9.9374098e-01 1.1887727e-03 1.4042918e-03 2.7315354e-04 8.9703791e-04
 1.6465751e-04 7.8949425e-04 1.2544602e-03 2.8715603e-04] [0.08036048 0.06688818 0.02857356 0.11655155 0.03884186 0.12475999
 0.08091596 0.02799234 0.43511608] [0.0327429  0.05009261 0.01036693 0.01844815 0.01432249 0.07782786
 0.03962585 0.00888751 0.7476857 ] [0.03627908 0.07602194 0.27300733 0.10212405 0.09703954 0.12333428
 0.20941982 0.05404173 0.0287322 ] [9.9559575e-01 5.5328093e-04 7.2440103e-05 3.8526201e-04 5.5014499e-04
 1.8955512e-04 1.5639290e-03 6.3608075e-04 4.5357764e-04] [0.03944421 0.01793306 0.04650823 0.41346553 0.06325009 0.1537465
 0.09947948 0.07628766 0.08988521] [0.02537073 0.03027643 0.0084859  0.02191379 0.03576785 0.70616156
 0.07822722 0.04627113 0.04752543] [5.6224864e-04 1.8723337e-04 3.6394139e-04 6.7995378e-04 8.3041331e-04
 2.4094927e-04 2.6889730e-04 9.9661726e-01 2.4915108e-04] [1.8098106e-04 1.4886131e-04 7.7651326e-05 2.2872073e-05 9.9908936e-01
 1.2981761e-04 1.8945971e-04 9.0605507e-05 7.0360904e-05] [0.9229938  0.02468954 0.02494485 0.00449357 0.0130451  0.00141398
 0.00185911 0.00553692 0.00102311] [1.0987743e-03 1.1333954e-03 4.3223731e-04 3.5608726e-04 9.9642015e-01
 1.9745513e-04 1.2692796e-04 2.0532885e-04 2.9662435e-05] [0.01916729 0.04045257 0.0808778  0.02812315 0.03832835 0.02253892
 0.0653769  0.66719013 0.03794489] [1.6494296e-03 1.5244388e-03 4.3872552e-04 1.0451468e-03 1.4497355e-03
 2.3524540e-03 9.9036497e-01 4.4552289e-04 7.2963664e-04] [0.02496575 0.03158356 0.01676683 0.02542998 0.02612566 0.05277615
 0.06284045 0.3563572  0.40315446] [0.00131157 0.00616645 0.00247336 0.00142956 0.01122837 0.0023836
 0.00114841 0.97149414 0.00236448] [0.01650124 0.02202041 0.0209636  0.02889381 0.02237881 0.6711565
 0.04594667 0.16080458 0.01133433] [0.8258813  0.02736336 0.0801637  0.00704852 0.01184325 0.01104359
 0.02563682 0.00517095 0.00584846] [0.06103192 0.28961816 0.44789508 0.02893739 0.02883567 0.02015003
 0.02369463 0.06112642 0.03871065] [0.09727309 0.05708875 0.34725344 0.18101762 0.04641516 0.09394029
 0.02932581 0.01779579 0.12989007] [0.00910461 0.9337846  0.0425308  0.00187103 0.00160814 0.0054074
 0.00295344 0.00134283 0.00139717] [8.6478313e-04 1.8810916e-03 7.0078985e-04 2.5546358e-03 2.3584850e-03
 7.1929460e-03 9.5718849e-04 9.7741950e-01 6.0705966e-03] [0.07910414 0.11953989 0.16908176 0.03324932 0.07228799 0.24051969
 0.03645486 0.18944976 0.06031254] [2.08174926e-04 1.08767716e-04 3.38067766e-03 8.21804802e-04
 9.94406223e-01 7.82971038e-05 6.35920907e-04 3.02720640e-04
 5.74397309e-05] [0.00494212 0.00388196 0.00716208 0.00828456 0.00583939 0.9195069
 0.00216942 0.04598112 0.00223249] [0.08848441 0.09617315 0.09003164 0.3501059  0.08469222 0.09072605
 0.10133217 0.04313555 0.05531888] [2.6670788e-04 1.4933161e-04 1.5588547e-03 2.1457330e-04 9.9386978e-01
 1.2090786e-03 5.5695616e-04 2.0793718e-03 9.5284362e-05] [0.11161889 0.18576059 0.13296196 0.15781702 0.04806558 0.03500376
 0.0396592  0.0373457  0.2517673 ] [0.361279   0.07327795 0.03805444 0.02989705 0.09761839 0.31190646
 0.04322325 0.02654546 0.01819794] [0.01729364 0.01748539 0.72827494 0.13894242 0.02701207 0.01559539
 0.03285558 0.01115864 0.01138192] [0.15138836 0.03651994 0.31179535 0.25688908 0.09458692 0.09389284
 0.02151889 0.02419767 0.00921091] [0.9078956  0.01406787 0.01825242 0.01248867 0.01178324 0.01497362
 0.00641346 0.00626455 0.00786054] [0.04242548 0.5531994  0.0422378  0.02029261 0.04472069 0.04222556
 0.0337047  0.04893816 0.17225558] [3.05826194e-03 1.37782665e-02 2.11003376e-03 1.33614312e-03
 9.61652458e-01 9.16502264e-04 2.46046390e-03 3.88178253e-03
 1.08060371e-02] [0.76064235 0.07425203 0.04091233 0.00288477 0.05145227 0.00720217
 0.01386364 0.03174528 0.01704513] [0.00411305 0.0089099  0.01224334 0.0060325  0.00288732 0.00155231
 0.00367663 0.95727175 0.00331311] [0.50314206 0.05968688 0.12308124 0.02911727 0.17514287 0.0464022
 0.02167637 0.03144649 0.01030461] [0.12195127 0.37955877 0.10686775 0.02622676 0.02203901 0.05186782
 0.06046185 0.03356917 0.19745758] [0.03016279 0.05130643 0.6925313  0.13622351 0.02124043 0.00919179
 0.01399499 0.01595144 0.02939735] [9.8615205e-01 1.2990129e-03 1.8413513e-03 2.5009536e-03 1.2196541e-03
 3.3634373e-03 5.5819249e-04 2.5992796e-03 4.6599316e-04] [2.9219741e-03 5.7632285e-03 2.5482313e-03 1.8645881e-02 9.6479100e-01
 8.3477818e-04 1.4076940e-03 2.5716093e-03 5.1555224e-04] [1.5813077e-03 8.7914008e-01 1.0742816e-01 2.9374030e-03 3.9157565e-03
 2.4207777e-03 5.6855485e-04 1.3916544e-03 6.1629445e-04] [0.00117577 0.00471106 0.00297052 0.00268936 0.00404419 0.00160476
 0.978357   0.00321982 0.00122756] [0.03309555 0.01414021 0.04111139 0.48874983 0.14480326 0.07442149
 0.05213688 0.07081867 0.08072271] [0.02419022 0.00832982 0.01071318 0.01309676 0.01547798 0.22189271
 0.02598359 0.01533701 0.6649787 ] [0.0363546  0.18965022 0.09757107 0.02268089 0.01703264 0.1372219
 0.04218744 0.31958157 0.13771965] [0.0252883  0.25439674 0.3817912  0.22042365 0.02829272 0.0266904
 0.01739137 0.03284599 0.01287961] [0.00510566 0.0065827  0.23483229 0.6004105  0.03828267 0.07426275
 0.0060837  0.02302638 0.01141334] [0.00227275 0.00190111 0.9429553  0.01765252 0.00277808 0.00105369
 0.00308947 0.00629722 0.02199985] [1.2507471e-02 1.1503679e-03 3.3090054e-03 1.1315848e-03 6.5475988e-04
 9.7375870e-01 1.5372228e-03 1.6021733e-03 4.3486864e-03] [0.01071256 0.03264333 0.01310432 0.10440993 0.00787371 0.02141725
 0.6496883  0.12632786 0.03382273] [0.0013346  0.00627332 0.00217972 0.00913716 0.01912005 0.08772844
 0.00546722 0.01601923 0.8527402 ] [0.00696303 0.01833919 0.01288725 0.01156176 0.01522867 0.12750931
 0.74876225 0.0115862  0.04716232] [0.23596995 0.04808013 0.09685469 0.02933367 0.10376829 0.03554293
 0.17552927 0.04345386 0.23146722] [0.01328474 0.01422958 0.0177904  0.05251573 0.10016406 0.02842942
 0.09330743 0.64027894 0.03999975] [0.03861111 0.08542522 0.02310539 0.03489568 0.03332119 0.2671725
 0.02422345 0.0461754  0.44707006] [0.07397767 0.07751224 0.0567034  0.08888271 0.3418141  0.04550313
 0.04726313 0.09920939 0.16913423] [1.6144745e-02 9.6388233e-01 1.0891044e-02 4.3182596e-04 1.0730218e-03
 1.2199782e-03 4.8646112e-03 1.0216748e-03 4.7081598e-04] [1.9557078e-03 3.6869469e-04 5.5947149e-04 5.0664470e-03 7.4086688e-04
 1.7494367e-03 9.8436189e-01 1.3114607e-03 3.8860026e-03] [0.01756874 0.00438392 0.0032276  0.00373393 0.01220795 0.74547154
 0.1300019  0.07296472 0.01043966] [0.26388004 0.03847786 0.04652256 0.03380561 0.05392566 0.09103523
 0.08071399 0.21870781 0.17293121] [0.03018366 0.06170773 0.21584786 0.03424738 0.04186917 0.07326642
 0.02483391 0.2669847  0.25105914] [2.9699069e-03 2.5279645e-03 1.4893593e-02 4.4577461e-04 2.1014060e-03
 1.4499724e-03 1.1016075e-03 9.7099632e-01 3.5134354e-03] [0.01528947 0.0393669  0.01071623 0.0056608  0.02091669 0.01169595
 0.00940522 0.00548759 0.8814611 ] [0.03572709 0.04469891 0.03071044 0.08207215 0.03642261 0.66230786
 0.02651446 0.03643532 0.04511116] [0.14796011 0.06959957 0.3230892  0.01799197 0.13061994 0.06408253
 0.03658377 0.13545924 0.07461368] [0.00996858 0.0059952  0.01073374 0.0153025  0.01234414 0.13888611
 0.01982007 0.01018816 0.77676153] [0.06254892 0.06970406 0.18469463 0.16824241 0.0911221  0.04297295
 0.29458874 0.0304525  0.05567369] [0.05495057 0.5082349  0.22760853 0.0279216  0.01216367 0.03123356
 0.02608766 0.090682   0.02111753] [0.0386466  0.01405509 0.08461352 0.17806704 0.04496358 0.3328765
 0.10520396 0.01473746 0.1868362 ] [0.09379433 0.6434218  0.09717272 0.04142163 0.03709983 0.02778801
 0.01863456 0.01428693 0.02638018] [0.08140808 0.36328733 0.3919557  0.02463397 0.04127911 0.02249777
 0.01603321 0.03814016 0.02076466] [0.12064264 0.06941776 0.14151883 0.03935028 0.08754633 0.07374536
 0.04129653 0.17798261 0.24849969] [3.5501839e-04 6.7669974e-04 1.4203031e-03 1.6376746e-03 1.3275642e-03
 1.0814951e-03 4.4720984e-04 9.9208999e-01 9.6404110e-04] [0.00512135 0.00247788 0.0021146  0.00098451 0.00351332 0.96085244
 0.0031644  0.00450613 0.01726531] [8.3765462e-03 1.0324632e-02 9.5686375e-04 2.0256226e-03 2.5017394e-03
 3.6694012e-03 9.5698380e-01 1.0261665e-03 1.4135200e-02] [0.02100112 0.01181137 0.02254348 0.04738379 0.00961623 0.0126695
 0.01055697 0.00772788 0.85668963] [0.04779302 0.12884793 0.12632358 0.01612971 0.21252264 0.04054258
 0.0421866  0.3493052  0.03634871] [0.00307281 0.00269804 0.00277308 0.00402611 0.9355912  0.02297527
 0.01142025 0.00490682 0.01253644] [1.1226912e-03 6.1403483e-04 4.7182053e-04 1.3073009e-03 9.9350363e-01
 1.3842459e-03 7.1596715e-04 4.4577487e-04 4.3460095e-04] [0.08052289 0.00476685 0.00696726 0.03512141 0.00919613 0.02643535
 0.0093735  0.06242201 0.7651946 ] [0.00735171 0.03797548 0.9070968  0.00581158 0.00290227 0.00300291
 0.03154872 0.00214418 0.00216631] [0.01643216 0.07169055 0.84489626 0.01248311 0.01508236 0.00537173
 0.00321697 0.00456591 0.02626099] [0.0054265  0.00453849 0.00314613 0.0170351  0.00628602 0.0182207
 0.00960754 0.00373017 0.93200934] [0.28629425 0.03119154 0.14768723 0.02295743 0.02626985 0.06180445
 0.04696029 0.07960309 0.29723188] [0.09174611 0.13495444 0.22471258 0.11372229 0.15575743 0.03202715
 0.1663302  0.05006309 0.03068671] [0.01852845 0.05014732 0.11206605 0.19469716 0.0286468  0.00949788
 0.03931412 0.07359356 0.47350863] [0.00861986 0.04171564 0.09470475 0.6145751  0.04757528 0.11486225
 0.02193242 0.01095736 0.04505739] [0.05434597 0.00940875 0.00304424 0.8639831  0.00379082 0.02097693
 0.0072676  0.00526829 0.03191435] [3.0207736e-02 4.0444392e-03 6.7467702e-04 3.3701828e-03 2.5662787e-03
 4.2423373e-03 6.9784105e-04 9.5261896e-01 1.5775225e-03] [0.9453886  0.01369992 0.00742482 0.00913546 0.00181091 0.00621091
 0.00301896 0.00498612 0.00832433] [0.54860216 0.05906635 0.09422687 0.04429911 0.04535082 0.05533818
 0.03444556 0.03892359 0.07974738] [0.00313051 0.00617492 0.00454373 0.00213462 0.00886181 0.5495579
 0.41496605 0.00484746 0.005783  ] [2.2371477e-04 1.7400808e-04 6.1321672e-04 2.1522587e-04 9.9798918e-01
 8.9596455e-05 1.3916026e-04 5.1149516e-04 4.4380966e-05] [2.1012909e-04 2.0937357e-04 2.7412796e-04 3.7987425e-04 4.5707801e-04
 2.2977681e-03 1.4806735e-04 9.9565899e-01 3.6463997e-04] [0.02301449 0.0089794  0.0043359  0.08456338 0.67936796 0.01271793
 0.05505912 0.02956751 0.10239434] [0.09242801 0.2403784  0.14342783 0.18830204 0.0703632  0.02342686
 0.03417171 0.07898441 0.12851751] [0.02009996 0.01146041 0.00519848 0.04230796 0.00859435 0.064945
 0.02142812 0.04060983 0.78535587] [0.03663207 0.00426497 0.91006297 0.01610202 0.00305197 0.00316445
 0.00524474 0.00504832 0.01642851] [0.01199344 0.16140316 0.01955965 0.02012179 0.00932189 0.50188166
 0.14107579 0.02699209 0.10765054] [8.0861372e-04 7.3476625e-04 9.9372500e-01 3.0718823e-03 4.3901388e-04
 1.7649715e-04 1.7768529e-04 7.2621903e-04 1.4036479e-04] [0.00319387 0.00361865 0.0025303  0.02678853 0.01070306 0.01640646
 0.0988989  0.01779921 0.82006097] [9.5392799e-01 3.8940005e-03 1.9662810e-02 3.9617005e-03 5.9544384e-03
 4.1454937e-03 1.6282580e-03 5.9245760e-03 9.0071064e-04] [0.00306297 0.13866456 0.00846454 0.14023001 0.00606336 0.0148371
 0.06049819 0.02269564 0.6054836 ] [0.01051056 0.01924477 0.0037937  0.8364335  0.01424717 0.02143614
 0.01992323 0.06022236 0.01418864] [2.3977302e-03 8.6838222e-04 2.8649466e-03 3.5665315e-03 9.8337609e-01
 6.5157085e-04 2.1846080e-03 2.8884469e-03 1.2016897e-03] [0.90898806 0.01506205 0.01423421 0.00798659 0.01000115 0.01212806
 0.00903939 0.01001906 0.01254145] [2.6817303e-02 9.4932032e-01 2.6463459e-03 2.3681684e-03 3.2077071e-03
 1.3247501e-03 1.3763554e-03 1.2203069e-02 7.3599158e-04] [0.00677645 0.00701501 0.01103873 0.93226314 0.00601258 0.00908402
 0.00690441 0.00480074 0.016105  ] [0.0571691  0.06046953 0.16260263 0.2754457  0.16314976 0.03150459
 0.10477662 0.11946862 0.02541344] [0.0496401  0.15936211 0.5402069  0.16169511 0.01658574 0.01220641
 0.00621677 0.00624275 0.04784407] [0.01126022 0.00487356 0.01106247 0.5152533  0.13781318 0.03823451
 0.1290785  0.00610156 0.1463227 ] [0.02350581 0.00586151 0.01589767 0.34332925 0.01471568 0.11657786
 0.01684363 0.02030411 0.4429645 ] [0.05115465 0.01608946 0.00773026 0.00621834 0.7682354  0.00636598
 0.02244985 0.11626545 0.00549066] [0.01680802 0.03714341 0.01049468 0.13324012 0.03989674 0.5045683
 0.12260132 0.09327232 0.04197512] [1.19430217e-04 5.99117011e-05 4.20087541e-04 1.09136716e-04
 9.98876631e-01 5.63542380e-05 1.00154924e-04 2.22241142e-04
 3.59836704e-05] [0.00197789 0.9791638  0.00712948 0.00149668 0.00212892 0.00137471
 0.00181196 0.00123286 0.00368363] [0.03797682 0.05738106 0.0172419  0.11750332 0.07864073 0.3018213
 0.08617326 0.03599423 0.2672674 ] [0.01192917 0.01059899 0.00706431 0.02323334 0.00946449 0.15765186
 0.06436501 0.0259646  0.68972826] [0.01259377 0.824201   0.0150049  0.00717469 0.02324791 0.00382251
 0.01207345 0.07652643 0.02535532] [0.00575913 0.07392517 0.12236004 0.00435759 0.00789338 0.00361203
 0.76644444 0.00983353 0.00581473] [0.03854129 0.21482863 0.03196458 0.05148347 0.10838582 0.01929869
 0.45363566 0.05031974 0.0315421 ] [0.01457225 0.02119219 0.01136963 0.02982616 0.00958278 0.0180736
 0.8654083  0.00742887 0.0225462 ] [0.0183208  0.00905026 0.01318609 0.14174238 0.03279847 0.02482579
 0.01901653 0.6966086  0.04445111] [0.0770507  0.07712341 0.17377824 0.2951842  0.05923669 0.0232802
 0.01448935 0.18077157 0.09908566] [0.01090997 0.0235728  0.01049965 0.02153138 0.01639379 0.08924235
 0.09315425 0.0178482  0.7168476 ] [0.00230537 0.00538471 0.01017163 0.9521011  0.00155533 0.0047414
 0.01172271 0.00404502 0.00797263] [0.05726421 0.16735898 0.03002442 0.05976787 0.04493909 0.20843185
 0.13095717 0.07311992 0.22813654] [0.05167668 0.2321063  0.47035584 0.05247377 0.02862883 0.03030293
 0.01502415 0.09223074 0.02720075] [0.14463708 0.20192172 0.06825154 0.05197379 0.03123359 0.08662442
 0.12929933 0.23837389 0.04768465] [0.01083147 0.01000557 0.00799659 0.02588896 0.29101497 0.02304877
 0.46274224 0.1516184  0.01685297] [0.01552075 0.6934796  0.01137786 0.00512377 0.0045476  0.24546136
 0.00836688 0.01309279 0.00302942] [0.0570487  0.01173985 0.02212085 0.09239063 0.1430983  0.48940092
 0.01617572 0.10442615 0.06359885] [0.00419079 0.00249271 0.00616101 0.74435073 0.0247937  0.04339504
 0.01943542 0.00294869 0.15223195] [0.09764018 0.39822367 0.07904623 0.02839883 0.02744748 0.02731213
 0.01915714 0.20553857 0.11723581] [0.00408853 0.03725316 0.01482556 0.86822456 0.0093302  0.00549774
 0.02311907 0.0039685  0.03369267] [0.03933587 0.09887688 0.02019529 0.41993162 0.13542257 0.07293835
 0.10156573 0.07841466 0.03331897] [0.00208202 0.00245171 0.00896709 0.01369701 0.0076332  0.02340938
 0.01032014 0.01823601 0.9132034 ] [3.1629117e-04 1.4651736e-03 5.1473844e-04 5.9793158e-03 1.0508713e-02
 3.7681470e-03 1.5815441e-03 5.6135934e-04 9.7530478e-01] [0.03488898 0.04964169 0.03528785 0.06724694 0.01792174 0.04109014
 0.05507455 0.59648335 0.10236475] [0.03381224 0.0633444  0.004729   0.02357287 0.03995704 0.05514905
 0.49661207 0.03794146 0.24488193] [0.00730758 0.89892507 0.0202137  0.00090241 0.00264564 0.00656813
 0.00288842 0.00593067 0.05461832] [0.02389157 0.02022887 0.01766939 0.08310281 0.20459713 0.17356966
 0.1320675  0.24718708 0.09768602] [1.3392504e-03 5.3896068e-04 2.3451196e-03 2.7771129e-03 9.9059463e-01
 7.5162039e-04 4.9460295e-04 8.9135993e-04 2.6738810e-04] [0.00127303 0.00543473 0.00213784 0.00132616 0.00246561 0.00116406
 0.00150215 0.98325735 0.00143902] [0.00372604 0.00514085 0.00774214 0.02318498 0.00830039 0.31440103
 0.02887816 0.02738794 0.58123845] [0.01547854 0.0114057  0.01181034 0.03878653 0.03421207 0.14895329
 0.485216   0.0548096  0.19932796] [8.9295645e-04 4.7053865e-04 1.5608856e-04 7.1418057e-05 9.9714881e-01
 1.1869451e-04 1.8756365e-04 1.9440547e-04 7.5956981e-04] [0.00747885 0.00477846 0.01328102 0.81736827 0.00490551 0.08812643
 0.04038877 0.01538319 0.00828947] [0.15584347 0.47448865 0.13853103 0.02183062 0.02278762 0.01631504
 0.11597531 0.03699697 0.01723127] [0.00451488 0.02001622 0.00252351 0.00122513 0.00295412 0.00610037
 0.94508857 0.00502023 0.01255703] [0.08278009 0.08339665 0.01786859 0.1281487  0.12115244 0.08316395
 0.08476672 0.05079613 0.34792674]",0 4 0 4 4 1 0 3 7 0 2 2 8 0 5 6 6 3 4 1 1 8 6 4 3 0 6 7 0 1 6 3 0 5 2 2 3 6 6 7 6 7 7 8 5 6 2 0 5 7 5 2 2 3 2 2 5 0 7 6 1 4 6 5 6 0 8 8 5 0 3 1 7 4 0 4 7 6 7 7 5 0 2 3 1 7 5 4 5 3 4 0 0 3 2 0 1 4 1 7 1 1 2 0 4 1 6 3 8 1 2 2 2 5 6 8 6 0 7 8 5 1 6 5 0 7 7 8 5 7 5 2 2 5 1 2 5 7 5 6 8 0 4 4 8 2 2 8 8 4 6 3 3 7 0 1 6 4 7 4 2 8 2 5 2 4 0 3 3 4 0 1 3 3 3 8 3 4 5 4 1 5 8 1 6 6 6 7 5 8 3 8 2 1 4 1 8 3 1 3 3 8 8 7 8 1 7 4 7 8 8 4 3 1 6 5
1468,2,xgboost,0.5,2000,2000,0.8009259259259259,0.9695939429012346,"[1.8566708e-03 1.7580693e-04 2.5159825e-04 9.8585188e-01 4.6625957e-03
 3.4666574e-03 1.4469961e-03 4.5187722e-04 1.8358293e-03] [0.01151753 0.02578464 0.01826151 0.01467259 0.04527926 0.09459709
 0.01387481 0.64973897 0.1262736 ] [0.09770891 0.07178794 0.03534385 0.01355508 0.03757593 0.09733532
 0.04124949 0.01734616 0.5880973 ] [7.4337213e-04 7.7183977e-02 1.5452788e-03 1.0373873e-03 1.5773550e-03
 1.6578722e-03 4.6797164e-04 9.1523367e-01 5.5308308e-04] [9.9460381e-01 2.9336363e-03 1.8933647e-04 5.4042978e-04 3.5867866e-04
 6.0182053e-04 5.2846514e-04 7.2623952e-05 1.7114490e-04] [1.4613528e-04 9.8590812e-05 9.9856156e-01 3.6387049e-04 2.2680481e-04
 1.5245363e-04 1.0677617e-04 1.7120517e-04 1.7258943e-04] [0.09866958 0.0087551  0.01847599 0.03067777 0.03717807 0.00768591
 0.30416492 0.00949466 0.48489803] [1.3610325e-04 1.0255336e-04 1.1338195e-04 8.0839236e-05 9.9713635e-01
 2.5702885e-04 2.4690822e-04 1.8314127e-03 9.5365969e-05] [1.0371527e-03 2.5826849e-03 8.2156097e-04 1.4622823e-03 2.3020203e-03
 1.2786765e-02 9.6642023e-01 9.6276952e-03 2.9595464e-03] [0.04100816 0.07241747 0.03240472 0.11261902 0.02547926 0.10957257
 0.03836583 0.5294861  0.03864687] [0.02874431 0.13384165 0.18691173 0.05823365 0.2793165  0.08919336
 0.14267527 0.04583548 0.03524803] [0.8539021  0.01947311 0.01276316 0.00768506 0.01200031 0.00348819
 0.03636117 0.04931131 0.00501558] [0.01946736 0.21122058 0.41890216 0.02325185 0.03393602 0.09207925
 0.07842443 0.02873637 0.09398197] [0.03408253 0.04169033 0.0156713  0.6392769  0.02437236 0.10604251
 0.05774905 0.04256892 0.03854607] [0.01822174 0.0143045  0.04540505 0.1085486  0.17439036 0.13505374
 0.02982159 0.07549558 0.39875886] [9.9000049e-01 4.7947774e-03 2.3910340e-03 3.7956313e-04 6.5567181e-04
 2.8679468e-04 4.6673263e-04 5.4414052e-04 4.8075311e-04] [0.04904411 0.5908296  0.05840884 0.07248577 0.05236915 0.03369818
 0.02379389 0.02345317 0.09591726] [0.06734113 0.20803769 0.49611259 0.01763885 0.0180741  0.01273714
 0.0444042  0.01369103 0.12196323] [4.6607686e-04 1.0104344e-03 2.1373216e-04 2.4399578e-04 4.1632568e-03
 2.6863502e-04 9.9219489e-01 4.8795828e-04 9.5102930e-04] [0.03373006 0.12402365 0.22933328 0.022541   0.0385368  0.02475099
 0.14378588 0.08385579 0.29944256] [0.12098639 0.05808362 0.013662   0.46108085 0.0400107  0.12147492
 0.01615422 0.02493778 0.14360948] [3.26112786e-04 2.29487749e-04 6.89413631e-04 9.92827045e-05
 2.26389267e-04 8.23745679e-04 2.60686298e-04 9.97233093e-01
 1.11763424e-04] [0.00165839 0.01210002 0.00437544 0.00550695 0.94537175 0.00530738
 0.00429701 0.01887007 0.00251301] [3.3430560e-03 1.4528417e-02 9.5598340e-01 8.0694342e-03 3.3008263e-03
 3.1339072e-03 7.6999296e-03 3.2550832e-03 6.8590773e-04] [0.04027695 0.09476206 0.73942095 0.03516075 0.0081939  0.04259606
 0.01727846 0.01007666 0.01223419] [2.9991202e-03 2.7507131e-03 9.6483183e-01 4.0167430e-03 1.7771859e-03
 4.0610359e-04 2.2437728e-03 1.1606449e-02 9.3680825e-03] [1.2078617e-03 2.9341765e-03 8.2269707e-04 3.5267498e-04 9.8438740e-01
 1.7372802e-03 5.0607733e-03 6.9928676e-04 2.7978008e-03] [0.02093081 0.00498894 0.00403668 0.06247999 0.81886005 0.01134166
 0.06599378 0.01004268 0.00132542] [3.0339303e-04 1.6086811e-04 9.9728715e-01 9.3091116e-04 7.9062913e-04
 3.5124831e-04 7.3686264e-05 4.5844303e-05 5.6313143e-05] [0.0027616  0.00271439 0.8638363  0.03738897 0.05162967 0.01941049
 0.00286401 0.00154185 0.01785269] [0.00287096 0.9393024  0.00633583 0.00639286 0.00234155 0.01251267
 0.00251755 0.02539334 0.00233291] [0.01553731 0.01579426 0.00832347 0.58164287 0.0668361  0.06047215
 0.01469317 0.22395103 0.01274966] [9.8205018e-01 1.3998365e-03 7.1870972e-04 3.8791710e-04 2.4165401e-04
 6.8394042e-04 1.3598873e-02 3.2934910e-04 5.8956363e-04] [0.03063265 0.0246964  0.01365922 0.7257452  0.02054336 0.02342968
 0.06208434 0.07668133 0.02252781] [1.4514467e-04 1.0841575e-04 2.7389938e-04 9.9577028e-01 1.3285922e-04
 9.1795612e-04 1.8355619e-03 6.6353922e-04 1.5230599e-04] [7.1926625e-03 9.6688688e-01 5.7806685e-03 2.1893205e-03 2.5558039e-03
 4.9380972e-03 2.9939022e-03 6.6160918e-03 8.4659155e-04] [1.2398942e-03 9.9060285e-01 3.6530728e-03 1.4993273e-04 2.7155035e-04
 2.5043814e-04 1.7219448e-03 6.8406557e-04 1.4263231e-03] [0.05912507 0.66589856 0.18080099 0.00628126 0.01053752 0.00676068
 0.02584797 0.01402785 0.03072009] [0.8450513  0.05119258 0.01040138 0.0465477  0.01219854 0.00630571
 0.01647067 0.00896693 0.00286523] [0.01831471 0.01650149 0.0097177  0.6811328  0.04990112 0.03982636
 0.05309476 0.01839301 0.11311802] [0.18246037 0.29178098 0.13020623 0.07356036 0.0585648  0.02802504
 0.03692126 0.08218336 0.11629762] [1.0274956e-03 8.3788123e-04 1.2390701e-03 6.0690679e-03 9.7213715e-04
 9.7472692e-01 1.4394303e-03 1.8086070e-03 1.1879360e-02] [1.6202095e-04 1.2764191e-04 2.2360873e-04 1.7465545e-04 9.9763978e-01
 6.5238582e-04 2.5245131e-04 4.1996790e-04 3.4745710e-04] [0.0141588  0.0559366  0.01623195 0.09264519 0.0267212  0.09970758
 0.03865401 0.58946514 0.06647947] [2.1533584e-03 3.4736976e-04 9.9027669e-01 4.6994733e-03 2.3356578e-04
 4.7370407e-04 2.9098685e-04 5.2115100e-04 1.0037032e-03] [3.4170391e-03 1.0732838e-03 1.9630743e-03 2.4864797e-03 8.1736746e-04
 9.7199810e-01 1.0083654e-02 2.8884965e-03 5.2724537e-03] [0.00880743 0.00237201 0.00407402 0.07434384 0.7225575  0.05588345
 0.03858178 0.07049084 0.02288915] [0.05465626 0.00628172 0.0173417  0.01229331 0.03948349 0.03010766
 0.77877367 0.03783041 0.02323178] [0.16439486 0.41331923 0.07838762 0.02395291 0.06452797 0.1004146
 0.01502669 0.03819991 0.1017762 ] [0.01507536 0.00366484 0.01237056 0.07036667 0.00585994 0.3696949
 0.0221898  0.01757476 0.4832031 ] [0.01813413 0.04532886 0.00243488 0.06250357 0.01430305 0.17697458
 0.00983697 0.0093165  0.6611675 ] [0.00307313 0.01759003 0.00203766 0.01486856 0.00214644 0.00130448
 0.00275936 0.9440186  0.01220175] [0.06515834 0.04778134 0.15656497 0.40095207 0.03660033 0.11287946
 0.10534861 0.02582819 0.04888667] [0.00745488 0.06565342 0.00987349 0.01545408 0.00892152 0.02856074
 0.01919837 0.00709283 0.83779067] [0.13211957 0.03575952 0.02128999 0.11975411 0.23932952 0.2774951
 0.09988865 0.03429382 0.0400697 ] [0.04732954 0.15852892 0.4376175  0.12154328 0.10742866 0.04458171
 0.02439395 0.04296954 0.0156069 ] [2.0150424e-03 9.8778898e-01 2.7102300e-03 1.0906868e-03 8.0049020e-04
 1.7897440e-03 3.6751138e-04 1.9754309e-03 1.4618872e-03] [0.00647783 0.01733605 0.00886321 0.1660151  0.02463327 0.24739239
 0.11522833 0.0241525  0.3899013 ] [0.00354695 0.00184218 0.00595392 0.06953607 0.00657727 0.04234289
 0.0104182  0.00984685 0.84993565] [0.0031839  0.00275722 0.05271996 0.00390041 0.8997833  0.00130446
 0.02573274 0.00954391 0.00107412] [1.9024301e-03 5.4827379e-04 2.7798550e-04 3.7854983e-04 9.9459767e-01
 1.1903275e-04 7.9744466e-04 1.2595586e-03 1.1909179e-04] [0.07528871 0.5254435  0.0716548  0.00946693 0.04612443 0.03454608
 0.03962728 0.16219965 0.03564861] [0.01176849 0.03437574 0.00216343 0.00457903 0.01073747 0.01001928
 0.673612   0.24013494 0.01260961] [0.07762567 0.0349998  0.29156786 0.04436978 0.26818454 0.0376635
 0.04861493 0.02434069 0.17263323] [0.7129504  0.05530845 0.08431435 0.01820361 0.03998301 0.04515961
 0.02478568 0.0163641  0.0029308 ] [0.00778502 0.04190316 0.90523684 0.01013036 0.00374894 0.00462307
 0.00432808 0.01028647 0.01195808] [0.01228562 0.00796659 0.19929677 0.7441715  0.00491454 0.00365828
 0.01018374 0.00577112 0.01175182] [0.01239863 0.8599749  0.00972876 0.00746248 0.00616594 0.06816112
 0.01748633 0.01352637 0.00509552] [3.4764013e-03 9.5010432e-04 9.5065141e-01 3.8482953e-02 2.8595170e-03
 8.6197682e-04 7.3515583e-04 1.2095654e-03 7.7288732e-04] [0.01184651 0.03094536 0.0243056  0.03457035 0.03962241 0.02128214
 0.01362991 0.7424182  0.08137951] [9.8261398e-01 2.7246159e-03 1.3599098e-03 1.2743052e-03 1.8178107e-03
 5.6657422e-04 1.6236828e-03 6.5131215e-03 1.5060267e-03] [0.00237688 0.00151398 0.00181196 0.03994218 0.00301291 0.00154813
 0.9358018  0.00249618 0.01149591] [0.00324156 0.00837998 0.00216824 0.00815898 0.0173819  0.9356652
 0.01025999 0.00504174 0.00970245] [0.00329258 0.00611216 0.00363625 0.01912824 0.00305135 0.00270715
 0.0174476  0.9427324  0.0018923 ] [0.21055421 0.00731948 0.006666   0.14421327 0.02207862 0.22090444
 0.03953629 0.02325145 0.32547626] [0.00169103 0.00648069 0.00101703 0.00636737 0.00135628 0.00138345
 0.96792936 0.00232434 0.01145048] [0.9424192  0.01133107 0.0020997  0.00359761 0.01457638 0.00435172
 0.00740537 0.00667953 0.00753947] [0.01838936 0.38363087 0.01160844 0.03460794 0.24949428 0.0204222
 0.01665643 0.22740817 0.0377823 ] [0.12284397 0.10228648 0.02173856 0.01151609 0.02142983 0.02792487
 0.01525868 0.6585926  0.01840893] [0.00342573 0.8572068  0.06453513 0.01317254 0.01044714 0.00670621
 0.03066985 0.00895845 0.00487812] [0.02062977 0.01189699 0.92925274 0.01748182 0.0074866  0.00237318
 0.00400874 0.00446704 0.00240306] [0.00709728 0.8969916  0.00875829 0.00183878 0.00929976 0.05332471
 0.00492851 0.00868269 0.00907839] [0.00516807 0.00263476 0.01090152 0.00185623 0.00559255 0.01250775
 0.00449318 0.9522841  0.00456182] [0.96325064 0.00147557 0.0023155  0.00796675 0.00257494 0.00714133
 0.00459903 0.0044753  0.00620088] [0.05404699 0.21148932 0.229502   0.06581711 0.05195513 0.08019016
 0.01257997 0.03265416 0.26176512] [0.4905026  0.2982949  0.01287473 0.01488693 0.0215169  0.10371862
 0.01817104 0.03506248 0.00497179] [0.5095482  0.01397308 0.008389   0.00386288 0.02101616 0.03982423
 0.01364016 0.26149607 0.12825024] [0.21321338 0.12692866 0.07798843 0.02659944 0.02921283 0.15443099
 0.08116166 0.05714009 0.23332451] [0.00514913 0.02616482 0.00461553 0.00534456 0.01155008 0.05558333
 0.77312595 0.02905547 0.08941117] [0.00874549 0.0419195  0.05036424 0.03763958 0.02374996 0.04746754
 0.74494153 0.03272712 0.01244497] [0.00685076 0.007566   0.00256183 0.00106276 0.00217649 0.00695848
 0.0023994  0.9593208  0.01110348] [9.9933738e-01 5.2985950e-05 8.3527855e-05 6.0131886e-05 8.2958104e-05
 8.2458420e-05 8.8102010e-05 4.9824277e-05 1.6260509e-04] [4.4117944e-04 7.9890928e-04 8.8134542e-04 2.1327240e-03 9.8801696e-01
 1.6907378e-03 4.6268445e-03 8.5987471e-04 5.5135618e-04] [2.1973108e-03 7.1942783e-04 1.8066616e-03 5.5549172e-04 9.8345113e-01
 5.4644560e-03 2.5094268e-03 1.1834543e-03 2.1126445e-03] [3.4434407e-03 9.7013026e-01 6.8632937e-03 1.3811586e-03 9.5251732e-04
 2.4397038e-03 9.5995911e-04 1.2918815e-02 9.1080170e-04] [0.22002152 0.30089888 0.07861568 0.04767504 0.05781012 0.0596383
 0.14102115 0.08315138 0.01116796] [0.29243696 0.11339445 0.17681254 0.03243128 0.01394548 0.24195063
 0.05246074 0.06198624 0.01458167] [0.00443996 0.9246559  0.02483937 0.0045876  0.00139143 0.00171039
 0.00235886 0.01061095 0.0254055 ] [0.01718387 0.22388639 0.00886866 0.07920109 0.00816975 0.00786523
 0.0118299  0.01489753 0.6280976 ] [0.02188114 0.12068136 0.01310341 0.33442828 0.06104152 0.11243163
 0.0552068  0.03400562 0.2472202 ] [0.09443038 0.55808747 0.09803487 0.03264624 0.02493062 0.07887699
 0.02904948 0.02009286 0.06385108] [9.6602016e-04 7.1803143e-04 4.3287661e-04 1.0790366e-03 6.2607747e-04
 9.9000921e-03 9.8150992e-01 6.1963330e-04 4.1482570e-03] [0.45677093 0.04655195 0.26324463 0.02321903 0.01077748 0.01343737
 0.12424251 0.02180033 0.03995578] [0.01598786 0.11028748 0.0128262  0.24519247 0.01646366 0.32086173
 0.02982592 0.12172101 0.12683366] [0.10019404 0.02890423 0.01871424 0.17744541 0.01921575 0.06822037
 0.04497372 0.05991173 0.48242047] [0.7784569  0.06986795 0.0619902  0.04386656 0.00773636 0.00641728
 0.00815048 0.01190471 0.01160958] [4.2088126e-04 1.3504592e-04 2.7317749e-04 2.2873569e-03 9.9480188e-01
 3.7046839e-04 7.6008873e-04 2.1348330e-04 7.3761755e-04] [0.02390107 0.01776244 0.01526539 0.08072618 0.09571646 0.5168883
 0.10491186 0.0695505  0.07527778] [0.00251517 0.01769181 0.9643383  0.00553221 0.00244656 0.00138288
 0.00298002 0.00158348 0.00152957] [0.03372658 0.06247641 0.02594182 0.09091161 0.7022419  0.04140652
 0.0180948  0.01885062 0.00634975] [0.05736959 0.03241463 0.15676899 0.44393876 0.02712457 0.16453782
 0.03923439 0.04852984 0.03008141] [0.02636281 0.12652099 0.2029581  0.02318513 0.0322972  0.0779565
 0.04216873 0.13428532 0.33426523] [0.03046634 0.00849392 0.00874735 0.01902115 0.01036    0.07704177
 0.7730075  0.00521296 0.06764896] [8.3300845e-05 2.9682476e-04 3.1061703e-04 6.9317481e-05 9.9902892e-01
 2.7346696e-05 5.5101464e-05 6.9503090e-05 5.9055175e-05] [0.04376577 0.05977285 0.57816225 0.03071871 0.01743332 0.01615896
 0.07138538 0.07427408 0.10832866] [0.24953353 0.05477055 0.00403834 0.02537656 0.03306523 0.03009483
 0.29000154 0.03510801 0.27801138] [0.00968768 0.01637654 0.01033832 0.01958725 0.0137039  0.880519
 0.03350268 0.00344112 0.01284355] [0.02488067 0.16914257 0.02031118 0.03244681 0.0641641  0.04752217
 0.04514229 0.02860361 0.5677866 ] [0.11314349 0.06190722 0.10180406 0.08058088 0.19771592 0.18643688
 0.02926748 0.01827781 0.21086626] [3.9329827e-03 5.4858271e-03 9.6012872e-01 1.2236755e-02 9.1474678e-04
 1.0427536e-03 5.8920491e-03 9.1438312e-03 1.2223079e-03] [3.0005511e-04 2.1074200e-03 3.3820761e-04 1.8854623e-03 6.9214567e-04
 2.5052738e-03 9.8965997e-01 1.1318908e-03 1.3796178e-03] [0.0762981  0.6328848  0.02775068 0.02216734 0.03563816 0.05031696
 0.0829221  0.0233651  0.04865674] [5.60270928e-05 3.47356545e-04 9.57142795e-04 1.81373267e-04
 9.98173118e-01 6.38254569e-05 6.69543660e-05 1.05899475e-04
 4.82838223e-05] [0.00808066 0.02425562 0.0083397  0.00922825 0.00895204 0.8445264
 0.01221539 0.01124507 0.07315691] [0.03767742 0.44926947 0.06216393 0.08690488 0.05146141 0.07604507
 0.08403291 0.04043635 0.1120085 ] [0.21422982 0.10355454 0.09552631 0.36337984 0.01425836 0.0214322
 0.05928446 0.05339571 0.07493879] [0.02173167 0.0124992  0.5177161  0.15709896 0.01474091 0.10470624
 0.02119639 0.03043176 0.11987875] [0.04813237 0.7135861  0.0437474  0.04737046 0.05738296 0.0263631
 0.03459151 0.01130536 0.0175207 ] [9.8617446e-01 1.1715428e-03 2.5370070e-03 3.7531008e-03 6.8414718e-04
 1.2312435e-03 8.5718522e-04 3.2474897e-03 3.4379298e-04] [0.00473662 0.02691288 0.02913924 0.34561193 0.01630148 0.16400284
 0.09511521 0.05199344 0.26618636] [0.9058133  0.01598805 0.0066787  0.02799882 0.00689188 0.01069002
 0.01140781 0.00595883 0.00857261] [0.08678517 0.39123347 0.17093875 0.08295622 0.03938898 0.0279703
 0.07151209 0.06059701 0.06861804] [0.00561292 0.00840108 0.00293668 0.00498083 0.00590397 0.07042503
 0.8901114  0.0071049  0.00452319] [5.0209202e-03 6.3032866e-04 4.2983552e-04 1.0649703e-03 3.0703141e-04
 9.8856050e-01 1.4501776e-03 2.3069287e-04 2.3056015e-03] [0.11820644 0.04655187 0.07292284 0.050632   0.02289958 0.07276989
 0.03099745 0.52565366 0.05936631] [0.02938604 0.01801525 0.03772703 0.5785625  0.28061128 0.00986382
 0.00775958 0.00707303 0.03100148] [0.02297029 0.07482602 0.0243981  0.04777459 0.0336639  0.2722497
 0.16548912 0.19470313 0.16392517] [0.13905083 0.04201405 0.12905547 0.01891218 0.07913116 0.11917879
 0.2729387  0.07708582 0.12263303] [0.22510561 0.01786818 0.4484952  0.22262323 0.01403053 0.01016963
 0.02711132 0.02173311 0.01286314] [0.10608034 0.32364026 0.06225131 0.02700052 0.08072598 0.02594517
 0.08221374 0.06730389 0.22483875] [0.0074906  0.00444456 0.01965997 0.02006041 0.02351247 0.896909
 0.00638285 0.00646621 0.01507394] [0.0294481  0.02392094 0.03707676 0.27524975 0.08068735 0.134922
 0.08358409 0.01514946 0.31996158] [7.0415845e-04 1.7428121e-03 7.1128667e-04 9.5012400e-04 9.8138475e-01
 5.4950248e-03 2.2714422e-03 1.0053322e-03 5.7350900e-03] [0.04704884 0.8500135  0.00967689 0.00618771 0.01639741 0.04066211
 0.01448312 0.00710313 0.00842731] [0.01824175 0.07854117 0.67819244 0.09684078 0.01086827 0.07826023
 0.01633462 0.01767698 0.00504376] [0.00916793 0.00756284 0.00707454 0.15200475 0.0132217  0.03403236
 0.19610833 0.06004752 0.5207801 ] [1.4690068e-03 1.3175200e-03 9.6471753e-04 2.4095075e-03 9.8444647e-01
 1.5547413e-03 1.6346996e-03 4.6970886e-03 1.5062215e-03] [0.02412398 0.01842019 0.8661716  0.00895121 0.03694171 0.00619632
 0.00986134 0.01879358 0.01054008] [0.28667498 0.22739823 0.13763136 0.07112224 0.15470394 0.02057481
 0.03938094 0.04282174 0.01969178] [4.9959589e-04 2.9427555e-04 6.9408445e-04 1.8406425e-04 9.9677688e-01
 6.5241987e-04 2.6885167e-04 3.1486305e-04 3.1502376e-04] [0.9140465  0.00242558 0.0013298  0.01147094 0.01122603 0.0058248
 0.01533327 0.00962436 0.02871866] [0.00160833 0.00369764 0.00751824 0.00241208 0.00479792 0.00278617
 0.00360775 0.96734846 0.00622341] [0.08548415 0.02851186 0.01399475 0.46655586 0.0294379  0.04762994
 0.04005912 0.16861708 0.11970937] [2.9299019e-03 9.6576148e-01 1.0421499e-02 9.2907593e-04 2.5722035e-03
 2.5596255e-03 6.6830623e-03 4.5734514e-03 3.5696698e-03] [0.02561193 0.01894966 0.00675058 0.01623173 0.7861422  0.07690461
 0.04523118 0.01514954 0.00902855] [7.7576144e-05 1.4177585e-04 1.7080928e-04 9.9506456e-01 1.6205027e-04
 2.5384852e-03 2.9757270e-04 1.8924198e-04 1.3579798e-03] [0.3311394  0.21375991 0.22637232 0.03899527 0.02151034 0.05639365
 0.02501833 0.0673794  0.01943137] [0.18724696 0.01232976 0.66944253 0.01669755 0.03044791 0.01751211
 0.01996418 0.02611854 0.02024047] [0.00176721 0.0166922  0.0017347  0.00108209 0.00307823 0.9565651
 0.00336013 0.01296366 0.00275672] [1.2205697e-03 1.7930925e-03 9.9162227e-01 2.9392873e-03 9.5364335e-04
 5.2105181e-04 1.5464071e-04 2.7681707e-04 5.1864807e-04] [1.2673110e-03 9.6044864e-04 2.0372031e-02 6.9946423e-03 9.6742278e-01
 3.7676361e-04 6.7593437e-04 1.2737457e-03 6.5634400e-04] [1.1145386e-02 1.2823789e-03 3.7530269e-03 9.6365267e-01 7.8061889e-03
 3.4509280e-03 7.0875059e-03 1.2792007e-03 5.4270297e-04] [0.04428619 0.01612602 0.08612304 0.38173482 0.0676306  0.06785405
 0.15442172 0.04388523 0.13793834] [7.4337120e-05 3.1265058e-04 3.5577414e-05 3.9164341e-04 1.2537364e-04
 2.2128276e-03 8.4307941e-04 9.9575824e-01 2.4624387e-04] [0.0219865  0.22327879 0.20525151 0.05908878 0.03611257 0.0613606
 0.08707929 0.04452408 0.2613179 ] [0.00165274 0.00151721 0.00838714 0.09790173 0.00416102 0.01742547
 0.02848325 0.00668141 0.83379   ] [0.01807962 0.8261857  0.0402023  0.06059703 0.01773346 0.00865962
 0.01025919 0.00587329 0.01240975] [0.02549706 0.0206546  0.01175192 0.07495085 0.02666365 0.18228932
 0.30048501 0.03174578 0.3259618 ] [0.9680894  0.00373829 0.00103646 0.00275509 0.00244055 0.00299328
 0.01187197 0.00437237 0.00270261] [9.8776054e-01 6.1423954e-04 5.2236184e-04 1.3418273e-03 2.0138980e-03
 2.6092960e-03 2.0406581e-03 1.1228186e-03 1.9742958e-03] [0.25861216 0.13117388 0.17790307 0.01909702 0.14794578 0.05356484
 0.03152376 0.06865367 0.1115258 ] [1.5610761e-03 5.9786864e-04 9.4269548e-04 9.2787164e-01 1.8242226e-03
 6.9909589e-03 2.3821397e-02 5.3201045e-04 3.5858188e-02] [0.00417182 0.96637046 0.00431481 0.00151396 0.00335594 0.00208589
 0.00268359 0.00099977 0.01450374] [2.3389312e-03 6.6520390e-04 5.6362461e-04 1.1647779e-03 7.1358000e-04
 4.0400154e-03 9.8762453e-01 1.9996439e-03 8.8969013e-04] [6.2547531e-04 5.7026529e-04 1.0249540e-04 1.4079089e-03 9.2904043e-04
 2.3594727e-03 9.9175268e-01 2.7697839e-04 1.9756989e-03] [6.9054944e-04 8.9245650e-04 6.5053126e-04 8.2210905e-04 9.8325664e-01
 5.2638995e-03 8.8268513e-04 5.6726527e-03 1.8684394e-03] [0.04199316 0.05523527 0.02952201 0.20043732 0.02982161 0.27031082
 0.022213   0.02226557 0.32820126] [0.01205758 0.02364184 0.00235099 0.00502795 0.87645596 0.0083289
 0.05074872 0.01042919 0.01095892] [2.7921403e-04 1.7737554e-04 9.9802113e-01 8.5250183e-04 1.2794964e-04
 1.5500373e-04 5.8175861e-05 1.1540317e-04 2.1330400e-04] [0.05979902 0.46288088 0.18693705 0.01366742 0.01047606 0.01006157
 0.02835496 0.21325463 0.01456843] [0.07523243 0.11269727 0.7119185  0.0207758  0.01182335 0.01180979
 0.00978972 0.01930733 0.0266458 ] [0.01417648 0.01563902 0.01481984 0.05208489 0.03442653 0.38695586
 0.22149412 0.04321842 0.2171848 ] [3.2216395e-04 1.7980776e-03 1.5484671e-03 2.0744852e-03 3.2244888e-04
 9.8980612e-01 9.4596017e-04 2.1506804e-04 2.9671791e-03] [0.04048623 0.25201854 0.5004398  0.08545386 0.03871358 0.01721688
 0.03866038 0.00892773 0.01808298] [1.3210428e-03 2.3378311e-04 4.2318847e-04 9.4890932e-04 5.9188291e-04
 7.4566924e-04 3.2775404e-04 9.9512684e-01 2.8092766e-04] [9.4751930e-01 1.1644754e-02 7.7223573e-03 8.8429619e-03 4.5962958e-03
 1.4462514e-02 3.0815797e-03 1.6906948e-03 4.3958865e-04] [0.0185075  0.29914352 0.01003147 0.0110827  0.05521217 0.02496687
 0.36671197 0.05761421 0.1567296 ] [8.7082712e-04 7.1343157e-04 9.0899691e-04 3.1077005e-03 3.5197919e-04
 3.0185694e-03 9.3511015e-04 9.8549139e-01 4.6019792e-03] [0.00834037 0.00452659 0.02855969 0.06553235 0.01070841 0.7665794
 0.02753463 0.01934095 0.06887763] [3.8055165e-03 1.4302719e-02 9.6690881e-01 5.0505828e-03 1.5196045e-03
 7.2782551e-04 3.9393706e-03 2.6786174e-03 1.0668871e-03] [0.02624269 0.6702909  0.20598884 0.00754378 0.0097298  0.06163874
 0.00923938 0.00545875 0.00386713] [0.02330033 0.01194225 0.03091663 0.09189248 0.08841765 0.40305716
 0.04989422 0.16242126 0.13815804] [0.1090019  0.03826639 0.01030706 0.11508717 0.03436817 0.11287735
 0.5059293  0.0353434  0.03881925] [0.061701   0.44610947 0.04749429 0.06221102 0.06356721 0.10110664
 0.08779187 0.10309177 0.02692669] [0.04219186 0.00482493 0.04459844 0.16438043 0.28093952 0.4007624
 0.03654581 0.00762611 0.01813045] [0.09557889 0.04417983 0.0280896  0.01159075 0.01368607 0.10769284
 0.58056587 0.11312298 0.00549317] [0.11270914 0.07048599 0.15017739 0.05288522 0.13260493 0.09075269
 0.05335264 0.01869363 0.31833836] [0.01803995 0.03520954 0.9050305  0.01426607 0.00589036 0.00506591
 0.00902216 0.0055604  0.00191517] [0.02667281 0.07182364 0.12938039 0.16352399 0.03046296 0.5262705
 0.0182031  0.02009605 0.01356659] [8.5187709e-04 4.6010272e-04 1.0155159e-03 9.8401421e-01 3.3383174e-03
 4.0518069e-03 2.5330833e-03 1.8644506e-03 1.8706878e-03] [2.0197490e-03 1.3049324e-03 9.4560417e-04 1.2866165e-03 2.3089962e-03
 9.6936953e-01 9.6048147e-04 1.0543038e-02 1.1261062e-02] [8.9734630e-04 7.2995073e-04 7.0644543e-04 1.2676993e-03 9.9369299e-01
 6.5327075e-04 2.6122510e-04 1.6866998e-03 1.0434788e-04] [0.00507449 0.02115053 0.114232   0.3068253  0.00680155 0.01079737
 0.02643015 0.03298583 0.47570276] [3.5397959e-04 1.1359791e-03 2.5919222e-03 9.7662973e-01 1.7983479e-02
 2.4219671e-04 4.7940004e-04 2.5576266e-04 3.2755060e-04] [0.03164247 0.73910576 0.01061914 0.00450318 0.03639949 0.00809519
 0.03399027 0.10339858 0.03224593] [0.02958802 0.12167617 0.17960258 0.01852407 0.01551579 0.00788459
 0.00486991 0.6159673  0.00637155] [9.9129850e-01 6.5668701e-04 5.4797583e-04 4.9959333e-04 1.1144251e-03
 1.6772331e-03 9.3695731e-04 2.9005455e-03 3.6811820e-04] [0.02579519 0.00457996 0.00499426 0.02416175 0.01343142 0.00789114
 0.01705371 0.8538717  0.04822089] [0.03764224 0.04231803 0.11073993 0.01795276 0.56921107 0.02930539
 0.01784276 0.14693087 0.028057  ] [8.1209664e-04 1.2440569e-03 4.2669353e-04 3.0223043e-03 1.4127049e-03
 5.0537046e-03 9.8488164e-01 9.8325196e-04 2.1635536e-03] [1.7757858e-03 1.2326166e-04 3.3293618e-04 9.7435135e-01 1.9280771e-04
 1.9609326e-02 1.5218413e-03 2.7065806e-04 1.8219884e-03] [9.96792734e-01 1.54549183e-04 9.86638945e-04 1.01711776e-04
 2.38949186e-04 2.48091150e-04 3.99823941e-04 7.86088058e-04
 2.91413744e-04] [2.6666708e-04 9.9727219e-01 4.1359279e-04 4.8536229e-05 4.7970444e-04
 6.2457024e-04 8.1972597e-05 2.4629815e-04 5.6640280e-04] [0.00376754 0.00501347 0.00606765 0.19267258 0.0268298  0.14564323
 0.07038291 0.5272971  0.02232574] [1.0099094e-03 5.6562846e-04 2.1652244e-04 2.2372903e-04 9.9226356e-01
 2.1908058e-04 2.5731134e-03 1.5195406e-03 1.4088692e-03] [3.6156678e-04 9.8206557e-04 3.1161366e-04 5.9800642e-04 4.9307925e-04
 1.0963499e-03 9.9426526e-01 7.5521099e-04 1.1368549e-03]",3 7 5 7 0 2 8 4 6 7 2 0 2 6 8 0 6 2 6 8 8 7 4 2 2 2 4 4 2 3 1 3 0 3 3 1 1 1 0 3 3 5 4 7 2 5 4 6 5 6 8 7 8 8 6 7 1 8 8 4 4 7 6 2 0 2 3 1 2 7 0 6 5 7 5 6 0 7 7 1 2 1 7 0 5 6 8 5 6 6 7 0 4 4 1 0 7 1 8 3 1 6 1 5 3 0 4 5 2 4 5 5 6 4 5 8 5 8 8 2 6 1 4 5 3 3 3 1 0 3 0 8 6 5 7 3 7 0 2 8 5 8 4 1 3 8 4 2 0 4 0 7 7 1 4 3 0 2 5 2 4 3 3 7 8 8 1 8 0 0 1 3 1 6 6 4 5 4 2 1 2 5 5 1 7 0 6 7 5 2 1 8 6 5 3 6 8 2 2 3 5 4 8 3 1 7 0 0 4 6 3 0 1 7 4 6
1468,3,xgboost,0.5,2000,2000,0.7870370370370371,0.9754774305555556,"[0.03821581 0.02803011 0.06962283 0.03618491 0.04606138 0.7026716
 0.01015054 0.04203339 0.02702947] [9.5859192e-05 1.0601942e-03 9.9728000e-01 7.8489998e-04 5.0562155e-04
 3.9221741e-05 1.3236758e-04 7.2284995e-05 2.9569865e-05] [0.05224473 0.05766214 0.02078031 0.0839164  0.03337172 0.05165142
 0.12650195 0.12386476 0.45000654] [5.4077234e-04 7.4237841e-04 1.7673008e-02 9.5961070e-01 1.2497768e-02
 4.8299124e-03 1.8356440e-03 6.7650748e-04 1.5932685e-03] [0.00264055 0.01107728 0.00207249 0.9731949  0.00257216 0.00436704
 0.00113611 0.00126755 0.00167192] [0.00295774 0.00259835 0.00127672 0.00799242 0.00172843 0.9118175
 0.03995259 0.00354914 0.0281271 ] [0.01495344 0.01522003 0.00814428 0.02037831 0.01314159 0.8296218
 0.02987997 0.03269248 0.03596808] [4.9870991e-04 3.7352997e-04 1.5668175e-04 2.9596413e-04 9.9697626e-01
 8.7222748e-04 2.5562927e-04 5.0636544e-04 6.4636100e-05] [0.00277763 0.09479389 0.8671651  0.00220472 0.01644908 0.00269504
 0.01013479 0.00246526 0.00131457] [0.08606471 0.05959501 0.19082102 0.07557631 0.06661316 0.19003335
 0.13322754 0.01533007 0.1827388 ] [1.5543476e-03 6.1268173e-04 3.8556654e-02 9.1450918e-01 1.7876308e-03
 2.0049367e-02 2.4450005e-03 1.0453274e-03 1.9439802e-02] [9.9369389e-01 1.5748887e-03 7.0092571e-04 1.4719382e-04 1.3769199e-03
 4.9132569e-04 6.0237566e-04 1.9570248e-04 1.2167254e-03] [1.6996418e-03 4.3029161e-03 1.4436976e-03 1.0316303e-03 9.8025997e-04
 3.2568593e-03 5.4882251e-04 9.8651683e-01 2.1936855e-04] [0.0533445  0.01703732 0.05047723 0.6640142  0.01041091 0.01714626
 0.15063083 0.00431147 0.03262722] [0.02195544 0.13697809 0.1929437  0.00572767 0.03896007 0.03216169
 0.04472199 0.17705302 0.3494983 ] [0.01935548 0.01503083 0.10678297 0.0521304  0.03208269 0.12227475
 0.07928724 0.02315682 0.5498988 ] [1.4998398e-03 6.0529233e-04 9.8319317e-04 1.2640908e-03 9.6013784e-01
 1.7968895e-02 1.5255343e-03 8.0643361e-04 1.5208856e-02] [0.03155506 0.02030151 0.00503069 0.05341304 0.00482436 0.04771013
 0.47810814 0.01176017 0.34729686] [0.03819788 0.02111548 0.01181052 0.22099319 0.01645477 0.1552293
 0.27490515 0.1142785  0.14701523] [0.00926289 0.01032908 0.0253414  0.00431217 0.00324655 0.01121065
 0.00982824 0.916584   0.00988495] [0.06770585 0.18874392 0.10386541 0.0343822  0.12804388 0.09498547
 0.16880642 0.1304973  0.08296953] [0.1932328  0.17192668 0.03731974 0.11333153 0.06336568 0.19189093
 0.04644023 0.0526797  0.12981275] [2.3794812e-03 4.0743584e-03 8.6377439e-04 1.1481646e-02 2.1909282e-03
 9.1520029e-01 2.9479174e-02 1.7453631e-03 3.2584924e-02] [9.9300093e-04 7.7585713e-04 3.3760260e-04 1.9155532e-03 3.6388133e-03
 9.8820996e-01 2.5058114e-03 7.5977942e-04 8.6358091e-04] [0.01099997 0.04250553 0.01559095 0.05037358 0.01237245 0.10052846
 0.34045628 0.02096717 0.4062056 ] [0.8463125  0.01072854 0.01363766 0.00908594 0.00667512 0.00682611
 0.00748281 0.00807102 0.09118032] [0.00543219 0.01192094 0.01170363 0.01291276 0.02174737 0.07761104
 0.3634102  0.37305415 0.12220775] [1.6532080e-04 1.8592908e-04 1.5168388e-04 1.0386830e-03 9.9694318e-01
 2.5388176e-04 4.3203466e-04 6.5207359e-04 1.7717466e-04] [0.08933374 0.05705827 0.56994754 0.02895615 0.01209627 0.19158955
 0.0050429  0.03617407 0.00980152] [0.00135283 0.00098576 0.00571145 0.94909203 0.00117471 0.01628179
 0.00243756 0.00218284 0.02078104] [0.00283719 0.0024061  0.01177595 0.03263237 0.6168147  0.2036586
 0.02252544 0.06984791 0.03750179] [0.89538443 0.00621503 0.00562877 0.0090996  0.01312753 0.01153708
 0.00316818 0.019026   0.03681337] [0.05372216 0.09820765 0.46701574 0.02190742 0.06198895 0.2164917
 0.02264631 0.03154845 0.02647165] [0.00181895 0.00210882 0.01261655 0.00110198 0.97020096 0.00521684
 0.00265294 0.00262083 0.00166211] [0.31072646 0.06568787 0.2864987  0.02668336 0.07001481 0.05447935
 0.09396996 0.06385924 0.02808022] [0.01241917 0.0298884  0.01638509 0.01818194 0.02615048 0.07052942
 0.71104455 0.06689645 0.04850448] [0.01730834 0.10548776 0.7182698  0.02482551 0.04258809 0.02192433
 0.03191704 0.01726592 0.02041322] [9.9131596e-01 3.8241310e-04 2.4865317e-04 6.9332629e-04 2.4128902e-04
 3.5142619e-04 1.0108196e-04 6.4795320e-03 1.8629641e-04] [3.06854519e-04 8.93729797e-04 6.94271759e-04 3.42702813e-04
 2.90925178e-04 3.17647267e-04 1.21858124e-04 9.96960700e-01
 7.13303962e-05] [1.0124868e-03 1.4345079e-03 8.9331148e-03 3.8595783e-04 1.0403589e-03
 2.0028721e-03 9.7961581e-01 1.3607909e-03 4.2141024e-03] [0.19868834 0.00363269 0.05365562 0.15584095 0.0049774  0.50835764
 0.05360496 0.01358484 0.00765758] [5.3505471e-04 3.5659716e-04 3.5380558e-04 4.6028239e-03 6.8910106e-04
 5.6610379e-04 9.8601681e-01 1.5152035e-03 5.3645060e-03] [0.07013575 0.57218385 0.02333963 0.05629271 0.01528877 0.06021206
 0.01711673 0.01767527 0.16775523] [1.5472897e-03 1.3291526e-02 1.9855434e-03 9.5946761e-04 9.6369570e-01
 2.3276841e-03 1.4636729e-02 7.0192164e-04 8.5406512e-04] [7.0457608e-03 4.7388612e-03 9.7120899e-01 4.2430451e-04 1.0812226e-03
 2.7368069e-03 2.6083132e-03 9.6725598e-03 4.8315895e-04] [0.00546464 0.00240858 0.00488931 0.00440481 0.9252081  0.02231715
 0.01999936 0.00691881 0.0083893 ] [0.0148235  0.01878011 0.00655769 0.02833212 0.04541786 0.33698082
 0.49811178 0.01374439 0.03725172] [7.6716015e-04 6.8435504e-04 9.3532476e-04 2.8479125e-03 9.8977226e-01
 1.3407802e-03 7.4180833e-04 2.0704337e-03 8.3993265e-04] [0.05768482 0.42861634 0.08272959 0.14383662 0.07231539 0.05381728
 0.07570506 0.02247621 0.06281872] [0.02397805 0.02766498 0.01021013 0.01381762 0.0188637  0.0894199
 0.02583932 0.23854509 0.5516612 ] [4.8367353e-03 9.5454669e-01 3.0918982e-02 1.3799408e-03 6.6562672e-04
 6.4907706e-04 5.8331707e-04 1.9123077e-03 4.5073465e-03] [0.00762826 0.00338471 0.01055459 0.00530429 0.00374352 0.01609331
 0.00451675 0.92705274 0.02172186] [0.00997519 0.01809984 0.01528244 0.13704081 0.01293391 0.12150636
 0.07618011 0.01503703 0.5939444 ] [0.01521506 0.8606134  0.07146812 0.00299568 0.01576945 0.00862968
 0.00592161 0.01121005 0.00817695] [9.8954433e-01 4.1333569e-04 3.6149644e-04 2.3947188e-04 7.0892982e-03
 3.9719034e-04 6.2814407e-04 5.1228947e-04 8.1445329e-04] [7.3496782e-04 9.9289483e-01 8.8233576e-04 6.4190530e-04 7.6070579e-04
 1.7071737e-03 1.5635830e-03 4.0621829e-04 4.0825043e-04] [0.16155045 0.58253485 0.06928965 0.04187921 0.04558995 0.04944398
 0.0062825  0.02655904 0.01687041] [1.2286144e-04 3.4826697e-04 2.4123331e-04 1.8053538e-04 4.5938877e-04
 2.3946197e-04 2.1795236e-04 9.9807572e-01 1.1454589e-04] [0.02401068 0.03750836 0.22733468 0.03441217 0.04370232 0.043884
 0.28146333 0.04626374 0.26142076] [0.07415608 0.05172012 0.12645505 0.05954261 0.03408256 0.10501228
 0.04588978 0.11798979 0.38515177] [0.9221401  0.0050945  0.00497895 0.0138295  0.00282182 0.02761338
 0.00686094 0.01115682 0.00550395] [5.7541695e-04 1.9595518e-03 4.0494715e-04 2.1238100e-02 6.7923008e-03
 2.0970281e-03 9.5234501e-01 1.1792635e-03 1.3408435e-02] [2.4737651e-02 9.4196349e-01 1.1421850e-02 1.2894497e-03 5.0128237e-03
 7.3923817e-04 1.8679079e-03 7.8683197e-03 5.0992477e-03] [2.5269366e-04 3.7214116e-04 4.4105723e-04 1.0356985e-04 9.9585068e-01
 1.5363713e-04 1.5640237e-04 2.6111710e-03 5.8695765e-05] [0.00459321 0.00883344 0.01742803 0.0037905  0.00487537 0.11818604
 0.00349705 0.8348355  0.0039608 ] [2.6394511e-03 7.9552672e-04 7.6457760e-03 9.3504232e-01 9.1452254e-03
 2.2105314e-02 1.8853736e-03 1.5463699e-03 1.9194588e-02] [0.08093583 0.33760008 0.20775203 0.01553362 0.02780872 0.22574846
 0.02172854 0.04637707 0.03651561] [0.0056671  0.00726582 0.01781269 0.7220572  0.0052725  0.12688799
 0.01021175 0.06833071 0.0364942 ] [0.0070157  0.0072554  0.01089649 0.01578403 0.01555946 0.48228434
 0.01699698 0.04109266 0.40311497] [8.6682597e-03 4.3158934e-02 9.3402505e-01 5.7776575e-03 1.4444976e-03
 6.7618198e-04 4.5572040e-03 9.8310690e-04 7.0906896e-04] [0.00315355 0.00481395 0.00699747 0.0034837  0.0025776  0.01737521
 0.03456053 0.00188251 0.9251555 ] [0.17312558 0.0388485  0.0639275  0.44581565 0.01815944 0.06245109
 0.02586125 0.0367188  0.13509223] [0.03340937 0.8412526  0.00410895 0.00247792 0.01006538 0.01428344
 0.02716744 0.03727025 0.02996462] [0.00575414 0.886829   0.0443372  0.00408995 0.0021336  0.00988362
 0.00884303 0.02848615 0.0096433 ] [0.41572833 0.05458672 0.10632367 0.05626646 0.16790664 0.05673772
 0.04840039 0.06911837 0.02493167] [0.01195328 0.02346659 0.80495566 0.05283072 0.01416528 0.00489096
 0.00682254 0.03430817 0.04660684] [7.5193535e-04 9.8019493e-01 4.5821266e-03 4.4509463e-04 4.1050189e-03
 1.1446516e-03 2.6451470e-03 4.0173517e-03 2.1137325e-03] [0.8646272  0.00449513 0.00809856 0.03051203 0.00386235 0.00650544
 0.03954263 0.01556369 0.02679298] [0.00447781 0.00269053 0.00283852 0.02365031 0.00734084 0.04984144
 0.8521088  0.00155791 0.05549383] [0.01417107 0.01704278 0.24806488 0.01123069 0.02649152 0.01743625
 0.63272905 0.02631154 0.00652218] [9.0833224e-04 1.0407622e-03 9.8008579e-01 6.2993625e-03 2.0713124e-03
 6.3476795e-03 1.1899511e-03 1.3278060e-03 7.2902965e-04] [0.05322292 0.38965082 0.01779027 0.01371552 0.01999659 0.07605512
 0.01072423 0.40762684 0.01121767] [0.01436834 0.04679006 0.05226143 0.1121635  0.36897254 0.05712657
 0.26776737 0.04046572 0.04008443] [0.00639199 0.00348496 0.0130237  0.03666036 0.02715776 0.08890851
 0.02120887 0.01162518 0.79153866] [0.00556821 0.00642447 0.00481931 0.00423045 0.00719783 0.00653956
 0.02140673 0.00578636 0.938027  ] [0.00408654 0.00245409 0.03227738 0.89628506 0.04640306 0.00548985
 0.0012893  0.00710743 0.00460723] [0.0317134  0.01933384 0.02009919 0.12307793 0.021479   0.26942825
 0.10411558 0.01755729 0.39319548] [0.02684807 0.11658685 0.13716939 0.09073251 0.5058405  0.03856466
 0.03065942 0.03252122 0.02107739] [0.00713597 0.9546403  0.00249694 0.00684581 0.00273529 0.01338032
 0.00279572 0.00255236 0.00741729] [0.02594567 0.01675308 0.00258959 0.05270168 0.01411754 0.03031096
 0.67238206 0.00685656 0.1783429 ] [0.0674051  0.02565543 0.0095134  0.16083041 0.02003925 0.15215145
 0.16053165 0.17530282 0.2285705 ] [0.03544645 0.03151308 0.01592732 0.16318198 0.24072023 0.11114602
 0.27181587 0.02964235 0.10060669] [0.01169708 0.01622877 0.00953491 0.03006382 0.01401271 0.11013812
 0.02694971 0.02936249 0.7520124 ] [0.08905797 0.04278241 0.10299186 0.12498929 0.12100142 0.09097947
 0.09289991 0.02397047 0.3113272 ] [0.00498077 0.00251301 0.00705939 0.01686443 0.0021835  0.38720328
 0.00937667 0.00971945 0.5600995 ] [0.02711461 0.07294303 0.7534064  0.04788627 0.02183541 0.02629372
 0.01443181 0.02643744 0.0096513 ] [9.9096030e-01 3.3899939e-03 8.0878660e-04 3.1165074e-04 6.8435754e-04
 8.8685926e-04 9.7401935e-04 5.9767254e-04 1.3862874e-03] [0.44208756 0.13478015 0.24873342 0.01185687 0.02051907 0.05469985
 0.05316246 0.02400836 0.01015227] [0.00929199 0.01901175 0.01579234 0.01964393 0.0093882  0.08775153
 0.02522773 0.67640126 0.1374913 ] [0.03693041 0.0797996  0.71683556 0.0165663  0.10221086 0.01469238
 0.01061504 0.01716233 0.00518754] [0.9569183  0.00265542 0.00223555 0.00663716 0.00313706 0.00274161
 0.00396926 0.01767708 0.00402854] [3.0047428e-03 2.7802901e-03 4.6772137e-03 4.4832422e-04 9.8361474e-01
 2.0457159e-03 9.2591217e-04 2.0590646e-03 4.4398283e-04] [0.06488637 0.04157757 0.6425971  0.00946845 0.01890595 0.03047236
 0.02980646 0.11768588 0.04459985] [0.00126385 0.0020378  0.00134171 0.0074347  0.00246987 0.00114566
 0.97173655 0.00371099 0.00885893] [0.00193136 0.001015   0.00907899 0.93741685 0.00508189 0.00584526
 0.01424801 0.00219916 0.02318343] [5.9777667e-04 5.1911717e-04 5.2881904e-04 2.5461949e-03 4.8864685e-04
 9.9260533e-01 8.5166964e-04 6.7563739e-04 1.1868436e-03] [0.5215962  0.17774521 0.0229283  0.06959376 0.02807128 0.01325093
 0.01133    0.04644551 0.10903882] [0.00992366 0.01873147 0.04254911 0.00222855 0.00526356 0.00731138
 0.81855524 0.00516009 0.09027696] [0.00742533 0.00679067 0.00571889 0.01689685 0.8525334  0.07427923
 0.01920448 0.00466244 0.01248869] [0.04717276 0.06399545 0.06603089 0.10329209 0.06088893 0.0217454
 0.08724692 0.06274873 0.48687884] [0.9001409  0.0691601  0.00154362 0.01155422 0.00463285 0.00371028
 0.00145911 0.00316806 0.00463085] [8.3186972e-04 1.0774289e-03 3.7568301e-04 2.0358304e-04 5.2528118e-04
 4.1746240e-04 6.1316637e-04 9.9556643e-01 3.8914039e-04] [4.5785020e-04 4.1557694e-04 7.0169586e-04 5.4845330e-04 7.2328688e-04
 5.0039549e-04 3.6712244e-04 9.9535513e-01 9.3046925e-04] [0.00381523 0.00453507 0.00193611 0.01664874 0.00555445 0.00984481
 0.00414745 0.94369644 0.00982173] [0.00310843 0.4073309  0.03101229 0.01198014 0.00730958 0.00578878
 0.00436228 0.5254778  0.00362979] [0.01674111 0.03017194 0.03014887 0.05694089 0.02247636 0.19231552
 0.3002222  0.30816668 0.04281645] [0.01261287 0.3217264  0.21793732 0.0186073  0.02394992 0.01336111
 0.0128002  0.36995506 0.0090498 ] [5.5163843e-04 4.1436771e-04 5.6957561e-03 9.8740619e-01 1.3856350e-03
 2.1475405e-03 7.6793990e-04 4.8204482e-04 1.1488709e-03] [0.0022677  0.959448   0.00288267 0.00122618 0.00348626 0.00520981
 0.00556145 0.00593834 0.01397957] [0.0300034  0.04291376 0.02256813 0.13033251 0.0171725  0.41702422
 0.09821059 0.06123227 0.18054257] [0.00782651 0.01772574 0.01066851 0.0235061  0.91405815 0.0034865
 0.01606444 0.00491175 0.00175229] [7.2833290e-04 7.5018103e-04 1.2178680e-02 9.8366976e-01 5.9247110e-04
 4.8989587e-04 9.4061490e-04 4.1623777e-04 2.3375804e-04] [0.17341624 0.083436   0.19902697 0.02008666 0.05905464 0.09851503
 0.33067876 0.02605021 0.00973546] [0.01803301 0.9213945  0.01896718 0.00211235 0.00387978 0.00521536
 0.01425812 0.00637444 0.00976522] [0.0086924  0.01820828 0.00268779 0.00510152 0.00470091 0.7457962
 0.03722585 0.00485836 0.17272875] [0.9461864  0.01230488 0.00427631 0.00572464 0.00412587 0.00137907
 0.00511289 0.00454196 0.01634793] [0.01324351 0.00298324 0.00557263 0.01236741 0.00354364 0.0355305
 0.01485317 0.00433835 0.90756756] [0.011729   0.0094994  0.00364212 0.02052953 0.01321606 0.36597562
 0.010788   0.0037719  0.56084836] [0.912516   0.00616889 0.00424681 0.00691314 0.01267426 0.00400239
 0.00471666 0.03308028 0.01568157] [1.3373571e-03 1.0843296e-03 9.8909712e-01 2.0769055e-03 1.2354285e-03
 3.2990456e-03 6.0339941e-04 7.5074472e-04 5.1563786e-04] [1.2252757e-03 7.1031082e-04 1.1153538e-03 3.2212443e-03 9.7392434e-01
 1.9797818e-03 6.4035975e-03 9.5105581e-03 1.9095253e-03] [0.00375664 0.00987783 0.00795569 0.02707308 0.00655721 0.47924107
 0.43160275 0.00748015 0.02645557] [0.04041372 0.1517172  0.03395467 0.4084548  0.14368539 0.02559718
 0.04976523 0.05686417 0.08954757] [0.9353151  0.01093591 0.01177934 0.00947695 0.00930739 0.00398146
 0.00747542 0.00960699 0.00212145] [0.00211286 0.0095232  0.00414059 0.00251939 0.00138626 0.0014973
 0.00162254 0.974466   0.00273182] [0.02467624 0.07519319 0.0138022  0.05427102 0.00876325 0.15257183
 0.04311601 0.6116021  0.01600415] [0.21381167 0.08202329 0.04457032 0.01087822 0.08493917 0.2185777
 0.20362625 0.06667731 0.07489612] [0.25043672 0.08088855 0.04443637 0.3633826  0.02280953 0.02655505
 0.11901183 0.05465734 0.03782205] [0.04703821 0.03126104 0.0735646  0.27397788 0.02674964 0.09075687
 0.15428825 0.2459189  0.05644459] [0.01680232 0.01634428 0.00452064 0.02577532 0.01196818 0.04291702
 0.6344774  0.01171014 0.23548475] [1.8294979e-03 2.1912013e-03 9.0346305e-04 9.4472356e-03 2.5140655e-03
 9.6149254e-01 6.6533815e-03 2.5611669e-03 1.2407504e-02] [0.13466491 0.11204534 0.02169987 0.07700702 0.02760784 0.03447591
 0.43698925 0.04503429 0.11047563] [0.02223944 0.01994836 0.836138   0.0186832  0.01057973 0.00669494
 0.02410977 0.05632261 0.00528389] [0.02494913 0.02555752 0.06034232 0.3065635  0.03561617 0.27184045
 0.04511845 0.1750636  0.05494888] [0.18751016 0.16868101 0.06843551 0.04348304 0.03616009 0.06403859
 0.3476557  0.07194236 0.01209355] [0.00488997 0.04734375 0.05699992 0.00857412 0.00736614 0.00981645
 0.00812833 0.84763396 0.00924733] [0.3480927  0.14809833 0.01714487 0.02266138 0.2268161  0.04411898
 0.02409323 0.0679658  0.10100859] [0.0214969  0.06768703 0.02034472 0.19832735 0.09793711 0.31692263
 0.02093509 0.02674794 0.22960126] [0.0024144  0.00150496 0.00143391 0.0067445  0.00107945 0.9654449
 0.01024861 0.00631962 0.00480968] [0.13822609 0.33894    0.24999249 0.12324652 0.03532194 0.03923713
 0.03515246 0.02436413 0.01551929] [3.0353406e-04 2.3472143e-04 5.5869678e-03 1.7142855e-04 9.9238998e-01
 6.4771774e-04 1.5428121e-04 4.1335859e-04 9.7982025e-05] [0.01482435 0.01493552 0.00247644 0.00262233 0.00110502 0.00381884
 0.00155132 0.9561768  0.00248937] [9.9123245e-01 7.4659736e-04 1.1375677e-03 2.0660742e-03 1.4493886e-03
 1.1580189e-03 1.1299008e-03 7.5488020e-04 3.2513068e-04] [0.02249451 0.7884668  0.02083665 0.00835268 0.00645048 0.01036008
 0.07710133 0.00617754 0.05975988] [4.0311301e-03 9.9325514e-01 1.3711371e-03 1.1926451e-04 2.7717667e-04
 1.8169267e-04 1.5539634e-04 2.7804403e-04 3.3096160e-04] [0.00203678 0.0014001  0.00292706 0.00394769 0.00353327 0.02850926
 0.92145646 0.01025838 0.025931  ] [0.01699035 0.0099713  0.8919269  0.01881347 0.00369143 0.005478
 0.00426599 0.01042259 0.03843994] [0.01322564 0.9199197  0.01163965 0.00720992 0.00865764 0.00893987
 0.00279785 0.01834537 0.00926436] [0.02456151 0.1114072  0.15528649 0.00680552 0.01432758 0.01609658
 0.01939479 0.04159342 0.6105269 ] [2.4352174e-03 1.7556446e-02 5.2819643e-03 6.3955237e-04 2.6898701e-03
 4.6700630e-03 1.2547912e-03 9.6316558e-01 2.3064443e-03] [1.7028445e-03 9.6372396e-01 6.3568000e-03 8.5941085e-04 1.6260119e-03
 1.1740751e-03 3.4621062e-03 9.9455053e-04 2.0100242e-02] [1.0251804e-04 8.1135418e-05 4.3693421e-05 8.5975596e-04 1.2351057e-04
 1.3455401e-04 9.9755657e-01 8.7828601e-05 1.0104600e-03] [0.01708467 0.03582703 0.81951964 0.01812551 0.02996508 0.01639687
 0.01895523 0.03346124 0.01066477] [0.02607328 0.05813444 0.02323079 0.01900046 0.32252926 0.09884115
 0.36437744 0.05036427 0.03744886] [0.04850537 0.04439841 0.06352977 0.1014566  0.00539958 0.00553868
 0.6971451  0.01013642 0.02389005] [0.00965189 0.04547159 0.02257214 0.13139258 0.01038482 0.02020828
 0.19339147 0.10522796 0.4616993 ] [0.0105264  0.02405211 0.0090804  0.09160867 0.01939506 0.01214062
 0.7935911  0.03076214 0.00884345] [4.5201340e-04 2.5646039e-04 3.6022792e-04 2.5765414e-03 8.2133326e-04
 8.2401495e-04 2.4032136e-03 9.9159473e-01 7.1139133e-04] [4.0338183e-04 1.4144661e-04 1.9493664e-03 9.9421579e-01 1.1506946e-03
 3.5954249e-04 1.1875017e-03 1.7732685e-04 4.1500645e-04] [0.00509068 0.02080587 0.00991066 0.05468391 0.04804705 0.12180023
 0.2818784  0.02946835 0.42831483] [0.00694661 0.00513495 0.00322299 0.07441043 0.0054892  0.02913873
 0.01154341 0.00161513 0.8624985 ] [0.00856622 0.01874515 0.00366575 0.06428094 0.00962154 0.04239039
 0.64450073 0.01540577 0.19282351] [5.9575553e-04 8.6653652e-04 6.7002716e-04 2.3202959e-03 9.4675338e-03
 9.2751008e-01 1.4925861e-02 2.3160731e-02 2.0483200e-02] [5.0710136e-04 2.0223962e-04 4.8885128e-04 2.0018115e-03 8.8146009e-04
 1.6109801e-03 9.9191755e-01 6.6276541e-04 1.7272765e-03] [6.0378043e-05 7.8978410e-05 9.9962115e-01 4.0706043e-05 5.1979332e-05
 4.5644636e-05 3.4028493e-05 3.0218100e-05 3.6947305e-05] [0.04567686 0.08792602 0.2436042  0.04566071 0.06359466 0.01645724
 0.0139367  0.46660703 0.01653664] [0.12958206 0.05014994 0.14817391 0.04507834 0.0309201  0.06428868
 0.09627615 0.14037646 0.2951544 ] [3.0330385e-04 2.9103452e-04 3.9936425e-03 9.7062004e-01 8.3824864e-04
 1.4705655e-02 3.8564177e-03 2.2258123e-03 3.1658546e-03] [1.10308974e-04 4.40166681e-04 4.06315405e-04 1.18283431e-04
 9.97867227e-01 1.75006760e-04 2.43727278e-04 5.94937534e-04
 4.39875657e-05] [0.02885391 0.04130267 0.05453776 0.01716316 0.01417873 0.6580546
 0.02017197 0.04959285 0.11614437] [3.8529728e-03 2.9820325e-03 2.6075367e-03 9.6268859e-04 9.8452848e-01
 3.7515580e-04 2.0646758e-03 2.3272426e-03 2.9924663e-04] [0.0100759  0.44484264 0.46438265 0.01602552 0.01694964 0.00423586
 0.00300054 0.03464465 0.00584264] [8.3524460e-04 2.6406616e-03 4.2004143e-03 8.3019311e-04 9.8580116e-01
 4.6591222e-04 4.2757791e-04 4.6683531e-03 1.3044642e-04] [0.00428026 0.00357398 0.00208822 0.00558618 0.005372   0.05040668
 0.09656276 0.05856987 0.77356005] [0.01198315 0.00642665 0.24886128 0.2639151  0.33961114 0.01871682
 0.00575781 0.05844457 0.04628344] [0.02546647 0.00425695 0.04963982 0.67453253 0.01970612 0.0111543
 0.13182081 0.01403524 0.06938778] [0.00558056 0.02543377 0.01309028 0.00768335 0.0179786  0.00570427
 0.9085807  0.00531056 0.01063791] [0.0073979  0.5867025  0.01540339 0.01583681 0.00718526 0.28187758
 0.07276024 0.00779515 0.00504112] [0.00437605 0.00559125 0.0054927  0.00113912 0.96513265 0.00180772
 0.00976578 0.00482355 0.0018712 ] [0.00659006 0.00370462 0.03211318 0.7742115  0.0104866  0.04270097
 0.04097944 0.03052682 0.05868685] [0.01159621 0.00242743 0.01367984 0.11117361 0.00472786 0.00310432
 0.7969385  0.04225803 0.01409423] [0.08315217 0.47440326 0.2249647  0.06715544 0.02598909 0.02584779
 0.03416137 0.05065169 0.01367448] [0.0346276  0.12457665 0.15757075 0.02038683 0.2776988  0.06443609
 0.03001545 0.27150178 0.01918603] [0.02097748 0.01125761 0.00564149 0.02270584 0.01394411 0.11311624
 0.00966255 0.01020897 0.7924857 ] [9.9312085e-01 1.1105360e-03 1.1165941e-03 1.3502211e-03 5.0804665e-04
 5.0462066e-04 4.2699234e-04 1.4540768e-03 4.0808236e-04] [0.02786341 0.7998991  0.01516062 0.00814558 0.01844434 0.03245914
 0.08471952 0.0096786  0.0036297 ] [0.02310437 0.1071396  0.08407753 0.05142541 0.03735769 0.485765
 0.03436318 0.07141081 0.10535635] [9.6443540e-01 2.6272270e-03 8.3983719e-04 1.1839955e-03 2.1060070e-03
 2.5321664e-03 2.3298217e-03 1.9846952e-02 4.0986193e-03] [0.00564395 0.01658799 0.00367212 0.01519301 0.8934916  0.03369019
 0.01829458 0.00697537 0.00645116] [4.6384414e-03 9.6488482e-01 1.0303236e-02 2.4440060e-03 1.7707403e-03
 8.5492979e-04 7.6274383e-03 1.5640706e-03 5.9123770e-03] [0.0026543  0.92745787 0.00829182 0.00742388 0.00989563 0.00866202
 0.01297549 0.01137425 0.01126477] [0.02099524 0.01740828 0.01183885 0.0143641  0.01048337 0.2813506
 0.45601502 0.00949199 0.17805248] [2.0025806e-04 3.4124780e-04 1.2878218e-04 1.7095413e-03 3.7047747e-04
 1.0113866e-02 9.8589337e-01 8.6576567e-04 3.7669548e-04] [9.7381431e-01 6.1619957e-03 7.0793545e-03 8.6455495e-04 1.6873832e-03
 2.5224290e-03 2.0957878e-03 2.6538479e-03 3.1203139e-03] [0.01154361 0.00613632 0.00670185 0.01067006 0.05512591 0.0248186
 0.07662253 0.80409    0.00429108] [0.01842367 0.18380201 0.02530311 0.00904588 0.23454356 0.00444729
 0.10814169 0.00581048 0.4104823 ] [0.03091149 0.01758796 0.03476894 0.02665346 0.00728866 0.0541984
 0.29412368 0.03523891 0.49922854] [0.1590564  0.14554717 0.5189201  0.01391828 0.01392506 0.01357436
 0.01649984 0.02698334 0.09157547] [9.9330306e-01 2.4382537e-04 4.5401408e-04 4.8853862e-03 1.2038317e-04
 3.2615307e-04 1.0081237e-04 5.2271376e-04 4.3708063e-05] [0.00493765 0.01300191 0.00397255 0.00677339 0.01116735 0.77216417
 0.02067493 0.00332445 0.16398361] [0.00519998 0.05873982 0.02323137 0.00124089 0.0073811  0.01102167
 0.00489197 0.88469815 0.00359502] [0.0163459  0.02895159 0.00443173 0.02056235 0.01858266 0.05588484
 0.02299276 0.02688072 0.8053674 ] [0.03739534 0.06838276 0.05477508 0.05677757 0.12467706 0.15395817
 0.1341621  0.08589473 0.28397715] [0.959114   0.00196967 0.00118698 0.00472285 0.00309791 0.00733536
 0.00203666 0.00968625 0.01085033] [1.5972485e-04 1.4950697e-04 4.1573818e-04 6.2619394e-05 5.5257107e-05
 8.7923647e-05 2.6246184e-05 9.9899238e-01 5.0648534e-05] [0.0400796  0.0238435  0.07392842 0.04637286 0.19214582 0.03327192
 0.2790691  0.03596319 0.2753256 ]",8 2 6 3 3 5 5 4 2 3 3 0 7 3 1 8 4 5 8 7 4 5 5 5 6 0 8 4 2 3 4 0 2 4 2 6 2 0 7 6 3 6 1 4 2 4 6 4 2 8 1 7 5 2 0 1 1 7 8 3 0 6 1 4 7 3 1 3 8 2 5 8 1 1 0 2 1 0 6 6 2 7 4 8 8 3 8 3 1 6 3 4 8 3 5 2 0 1 7 2 0 4 8 6 3 5 0 6 4 8 0 7 7 7 7 6 7 3 1 5 4 3 5 1 5 0 8 5 0 2 4 5 3 0 7 7 5 0 3 6 5 1 2 8 0 7 0 3 5 2 4 7 0 1 1 6 2 1 8 7 1 6 2 5 6 8 6 7 3 6 8 6 5 6 2 7 8 3 4 5 4 2 4 8 4 8 6 1 4 3 6 2 2 8 0 1 5 0 4 1 1 5 6 0 7 1 8 2 0 5 7 7 3 0 7 4
1468,4,xgboost,0.5,2000,2000,0.7870370370370371,0.9708236882716049,"[0.10487149 0.05805856 0.1319947  0.09447154 0.11784558 0.08828915
 0.05015041 0.11832482 0.23599371] [8.7404135e-04 4.6014419e-04 2.6415545e-03 9.9228066e-01 6.6201860e-04
 1.3719164e-03 1.0635084e-03 2.7374996e-04 3.7240755e-04] [0.03472953 0.01597132 0.02737734 0.07960337 0.3573829  0.02010946
 0.07690477 0.06558282 0.32233846] [0.00583084 0.02512594 0.01011815 0.00724966 0.00335121 0.9011337
 0.01972573 0.01380101 0.01366373] [0.14172222 0.09549771 0.19233274 0.01271837 0.03375986 0.07318676
 0.03082627 0.36824757 0.0517085 ] [0.02088071 0.00859676 0.00689972 0.02766971 0.11439599 0.01845907
 0.02790766 0.00809167 0.7670987 ] [0.01050914 0.00407027 0.00498009 0.02582373 0.04117182 0.7359313
 0.03133252 0.09076666 0.05541455] [0.01710314 0.00507282 0.00461536 0.29943997 0.01226512 0.52414125
 0.04643431 0.03329735 0.05763069] [0.01940916 0.01841703 0.11416996 0.03438033 0.0255917  0.0174338
 0.66067743 0.0894376  0.02048299] [2.7375515e-03 9.5822608e-01 2.6801886e-02 2.7099075e-03 3.7986664e-03
 1.5457892e-03 9.2298526e-04 2.0098020e-03 1.2473599e-03] [0.78338736 0.0024958  0.1510603  0.04030955 0.00249462 0.00528935
 0.00219777 0.00105033 0.01171498] [0.00418616 0.00282015 0.16495536 0.74681896 0.01205189 0.03289536
 0.01686116 0.00955951 0.00985146] [0.04178903 0.01371673 0.01362611 0.00942892 0.00435534 0.00961282
 0.03936699 0.07555031 0.7925538 ] [5.8640708e-04 5.8784694e-03 1.8557995e-03 5.5362663e-04 9.8789215e-01
 7.0775428e-04 6.7924021e-04 9.2835783e-04 9.1823144e-04] [0.05107835 0.02056765 0.01554453 0.647025   0.00862515 0.08382115
 0.02770726 0.01135095 0.13427992] [9.4621535e-04 5.5134331e-04 2.6707842e-03 3.2449534e-04 9.9404305e-01
 6.4360956e-04 2.3463127e-04 5.1732705e-04 6.8548710e-05] [0.01566619 0.07104127 0.0163669  0.24633601 0.02919842 0.41484356
 0.12384637 0.02828803 0.05441324] [0.05374502 0.05615452 0.00414816 0.03902191 0.00622285 0.16132286
 0.25454816 0.38012198 0.04471452] [0.02613282 0.03272432 0.04644572 0.32489422 0.02969603 0.09024823
 0.07366612 0.0563116  0.319881  ] [0.03017111 0.76621956 0.02268013 0.00574361 0.01908052 0.06976781
 0.01804875 0.03567801 0.03261045] [9.9845159e-01 8.3585241e-05 1.5003320e-04 5.3262276e-05 6.4574029e-05
 5.8552363e-05 9.5119292e-05 9.9828735e-04 4.5033099e-05] [0.01019355 0.87022346 0.0547567  0.01038048 0.01463013 0.01290568
 0.01227393 0.00873231 0.00590369] [0.07972982 0.3431839  0.03577753 0.17761122 0.06254342 0.07949477
 0.04790621 0.07193159 0.10182153] [0.78978735 0.03001767 0.09184992 0.00709848 0.00915485 0.0163326
 0.0101314  0.02536181 0.02026589] [0.01508871 0.01400594 0.19441184 0.30386114 0.01952621 0.12540618
 0.02616431 0.01327957 0.28825608] [0.02805717 0.04874858 0.05546796 0.02470511 0.6068156  0.05076337
 0.06598449 0.03722902 0.08222874] [0.01756186 0.8398741  0.03306854 0.00311689 0.02842138 0.00545038
 0.02659859 0.00489381 0.04101449] [8.6576049e-04 9.8674345e-01 3.9914791e-03 4.3345158e-04 1.1863842e-03
 2.5986554e-03 5.9141027e-04 4.6470622e-04 3.1246799e-03] [0.00442229 0.00109863 0.00406796 0.55946654 0.00518716 0.36753866
 0.04565227 0.00501375 0.00755271] [4.2354520e-03 1.0794996e-02 1.2527802e-02 5.1619899e-03 2.5023485e-03
 2.5710554e-03 4.8301378e-03 9.5657891e-01 7.9732691e-04] [0.10809954 0.09831676 0.49876258 0.05764203 0.03462008 0.10207178
 0.06699917 0.01506868 0.01841942] [0.04266221 0.07870747 0.05694734 0.09438915 0.1160722  0.07352236
 0.1181321  0.04455458 0.3750126 ] [0.01211435 0.0076955  0.01987069 0.03044554 0.01206178 0.34486347
 0.2627769  0.01511669 0.29505512] [0.06948467 0.08195361 0.0108786  0.39693487 0.02612291 0.07119532
 0.06345763 0.04264544 0.23732696] [2.7200472e-04 2.3740697e-04 4.0879362e-04 3.8811270e-04 7.5485028e-04
 9.2207140e-04 2.7886120e-04 9.9489176e-01 1.8461163e-03] [7.5458025e-04 1.0112018e-03 5.4976618e-04 1.6625616e-03 9.7451925e-01
 1.0931837e-02 6.0164342e-03 2.4906397e-03 2.0637645e-03] [8.9585653e-04 1.9274602e-03 6.3887989e-04 2.9923718e-03 1.6131347e-02
 3.7927095e-02 9.2580223e-01 9.7886454e-03 3.8960909e-03] [5.1240728e-04 3.4639810e-04 1.4102776e-03 9.7641629e-01 1.2527005e-03
 7.5831977e-03 4.1268687e-03 4.1363155e-03 4.2156004e-03] [1.7120237e-04 2.4205327e-04 3.5000368e-04 2.2546423e-04 9.9762470e-01
 5.7266612e-04 1.9247037e-04 4.8650929e-04 1.3491142e-04] [0.18556638 0.27103627 0.30290967 0.02674368 0.03647706 0.0344434
 0.07249874 0.03688059 0.03344419] [0.00177966 0.00624685 0.96315557 0.00290452 0.00430102 0.00430496
 0.0047675  0.00471137 0.00782858] [9.9823856e-01 1.4385673e-04 1.2056555e-04 3.1541139e-04 1.0858928e-04
 2.0371152e-04 1.8653926e-04 9.3105089e-05 5.8967981e-04] [0.0831645  0.3775446  0.10619821 0.09351907 0.02803639 0.05775896
 0.03368507 0.10521284 0.11488033] [0.00980497 0.00513176 0.02357437 0.70601296 0.15219805 0.05241729
 0.02171319 0.0033117  0.02583571] [9.6109366e-01 6.4175273e-03 5.0771417e-04 2.3873905e-03 7.5401212e-03
 4.4651609e-04 4.3386655e-04 2.7681778e-03 1.8404994e-02] [0.04575298 0.01953151 0.07728115 0.10377718 0.04451491 0.15671384
 0.08518724 0.03062092 0.43662032] [0.03889056 0.01567205 0.01726693 0.44891876 0.01226368 0.2544991
 0.11818015 0.04349833 0.05081048] [0.03329286 0.03719836 0.02461689 0.0194022  0.00756838 0.14736974
 0.14056122 0.1497008  0.4402895 ] [0.07050958 0.15363261 0.16626692 0.06843566 0.06921671 0.24862337
 0.02238558 0.18281946 0.01811009] [0.00176126 0.00323853 0.00259724 0.00218591 0.9802644  0.00275917
 0.00291793 0.00226289 0.00201266] [0.03246318 0.04108009 0.07067891 0.17147125 0.01164893 0.30081013
 0.10586401 0.23831421 0.02766931] [0.00813723 0.02845441 0.917159   0.01538971 0.00518176 0.00334995
 0.00165775 0.00983863 0.01083151] [0.06494851 0.00474948 0.64819527 0.24858066 0.00266067 0.00915426
 0.00227683 0.00205454 0.01737977] [0.0058262  0.00890275 0.8320841  0.03067852 0.07586497 0.02074457
 0.01229652 0.00807677 0.00552552] [2.5926743e-04 9.9837708e-01 1.1907532e-04 1.3349368e-04 3.2671742e-04
 3.6438872e-04 2.8464830e-04 5.1965315e-05 8.3297637e-05] [6.27731279e-05 8.54255632e-04 1.21883710e-03 1.15793984e-04
 9.97513890e-01 9.69965331e-05 4.32341585e-05 4.02528422e-05
 5.39707435e-05] [0.02284604 0.00899423 0.00852553 0.9159781  0.01373122 0.0086056
 0.00396163 0.00587153 0.01148611] [0.00403244 0.01528223 0.00865818 0.02774578 0.7704159  0.09779041
 0.00972465 0.06132978 0.0050206 ] [0.9690545  0.00173624 0.00629889 0.00467348 0.00123571 0.0014992
 0.00100147 0.01282253 0.00167799] [0.0651627  0.02187362 0.00475421 0.03235764 0.01188697 0.21851763
 0.02811017 0.10345463 0.5138824 ] [0.9404285  0.01009194 0.00625144 0.00302329 0.00342389 0.00276408
 0.01882319 0.00352653 0.01166712] [0.01543193 0.00825662 0.02944767 0.00789963 0.01415057 0.01407599
 0.01116047 0.02270263 0.87687445] [9.3397452e-04 1.5717442e-04 9.9702650e-01 2.6841296e-04 1.9083092e-04
 2.9136866e-04 3.2394353e-04 2.7343401e-04 5.3432799e-04] [0.12319223 0.24712823 0.3772003  0.03904084 0.01425848 0.03190711
 0.02910307 0.02846721 0.10970253] [0.00425833 0.0063797  0.00592645 0.3710697  0.01265498 0.13711347
 0.15061003 0.03327383 0.2787135 ] [0.03163816 0.31835297 0.36300164 0.00837195 0.01663522 0.02982346
 0.02233096 0.19107348 0.01877219] [9.9538714e-01 4.4608151e-04 5.4344913e-04 6.2445144e-04 5.7029369e-04
 7.0256490e-04 3.0815118e-04 1.2177322e-03 2.0020689e-04] [2.3864886e-02 9.6538383e-01 1.5035369e-03 3.9685536e-03 1.3645777e-03
 5.4148445e-04 1.3749221e-03 1.2594773e-03 7.3875277e-04] [0.12109078 0.04248781 0.07203829 0.03727236 0.03798348 0.06617482
 0.10318194 0.08697879 0.4327917 ] [0.00291629 0.00753995 0.00340433 0.0025882  0.00238442 0.02203574
 0.946796   0.00446132 0.00787376] [0.00513921 0.00743094 0.00275209 0.9494929  0.00384931 0.00769275
 0.00981245 0.00396419 0.00986621] [2.1515720e-04 4.9301689e-05 5.4888187e-05 1.1468344e-04 5.4085431e-05
 1.3802640e-04 9.9930096e-01 4.5623488e-05 2.7317648e-05] [7.0425180e-05 3.8695951e-05 4.4880001e-04 9.9668026e-01 9.3016664e-05
 2.3978256e-04 3.1014817e-04 1.7757557e-03 3.4308928e-04] [0.00248829 0.00143972 0.00326691 0.03980807 0.00372145 0.01557881
 0.8810061  0.00499013 0.04770051] [3.0014210e-03 5.1567648e-03 5.8209924e-03 2.6913469e-03 9.7741246e-01
 1.8240652e-03 1.4093402e-03 1.7362959e-03 9.4739610e-04] [0.0184451  0.08764771 0.38523996 0.01657584 0.02522453 0.0187376
 0.01664492 0.19664185 0.2348425 ] [0.01613593 0.0770682  0.8250959  0.0357112  0.00495374 0.01519274
 0.0145553  0.00252093 0.00876606] [0.00541694 0.00204207 0.00280083 0.00623992 0.0023028  0.01159227
 0.02125641 0.92050874 0.02783999] [0.04182054 0.15493792 0.05293745 0.02354839 0.45030937 0.14888647
 0.05122865 0.03081279 0.04551839] [0.04020405 0.44850904 0.06583612 0.02104279 0.02531998 0.14890724
 0.1256101  0.1051963  0.01937443] [2.2786933e-04 7.8045134e-04 3.3275987e-04 3.1169131e-04 9.9337739e-01
 2.2593222e-04 1.3028776e-04 4.5401384e-03 7.3463205e-05] [0.04032151 0.02088879 0.00739385 0.00971972 0.01623364 0.00687541
 0.8469323  0.01335182 0.03828298] [0.00603263 0.00621422 0.9574885  0.00521142 0.00458425 0.0049479
 0.00329238 0.00392976 0.00829902] [1.0749280e-03 9.9231744e-01 1.6250972e-03 6.5246510e-04 1.0414656e-03
 4.4737317e-04 1.1635431e-03 8.0161414e-04 8.7606150e-04] [0.00448696 0.00260858 0.9476393  0.01907358 0.00559136 0.00721377
 0.00691579 0.00247444 0.00399624] [0.00148277 0.97276163 0.00455825 0.00306662 0.00384611 0.00642179
 0.00119429 0.00426922 0.00239927] [0.03248755 0.6878799  0.02739089 0.05422135 0.12373114 0.01408623
 0.03104524 0.01234363 0.01681409] [0.0018557  0.00261242 0.01127099 0.03938929 0.00694651 0.1738444
 0.01386398 0.0118203  0.7383964 ] [0.06504152 0.01719095 0.00848832 0.06567131 0.0110675  0.11487217
 0.6530343  0.00789464 0.05673928] [0.03808894 0.08188277 0.13562283 0.38378492 0.02439485 0.02670203
 0.12293913 0.01297716 0.17360735] [0.02016908 0.1611506  0.02064668 0.00772465 0.02558005 0.00641078
 0.00877429 0.72643197 0.02311194] [0.03807931 0.07198758 0.04324269 0.06261412 0.02999625 0.22250283
 0.13016923 0.14961521 0.25179276] [0.09496855 0.22500603 0.18302535 0.01624982 0.03593782 0.06468238
 0.1093097  0.06001669 0.21080369] [0.03948645 0.06519104 0.077486   0.01318439 0.05495192 0.04804187
 0.04463717 0.64023495 0.0167862 ] [0.01351906 0.00760194 0.0124648  0.01801236 0.00683393 0.04255915
 0.02414705 0.04808405 0.82677764] [0.00604208 0.00490133 0.00252331 0.01891276 0.0073201  0.01090245
 0.00404288 0.74350065 0.20185444] [0.06314698 0.47747782 0.05076571 0.15078819 0.03179443 0.03579215
 0.02279838 0.13423991 0.03319639] [0.535404   0.15355387 0.02364076 0.18108843 0.01452714 0.03614305
 0.00912144 0.02543453 0.02108675] [0.005517   0.00133843 0.0014973  0.0015076  0.00371853 0.1570635
 0.7665956  0.00732785 0.05543424] [2.3351317e-04 1.9412259e-04 4.4758868e-04 2.0113650e-03 9.8652959e-01
 4.4901707e-04 1.2775196e-03 3.2094656e-04 8.5363947e-03] [0.05437243 0.17677006 0.06013203 0.20163727 0.04480552 0.16762984
 0.03952006 0.04496223 0.21017058] [2.3334040e-04 3.9483118e-04 2.5369233e-04 7.3305157e-04 2.4407430e-04
 3.0653612e-03 9.7107083e-01 1.0476988e-03 2.2957094e-02] [0.07291074 0.09013052 0.3945816  0.2748068  0.09848267 0.01657686
 0.02159949 0.02355715 0.00735424] [0.03373414 0.07419702 0.22529274 0.5732212  0.01613615 0.01976677
 0.00580383 0.02840333 0.02344481] [0.03010074 0.03391018 0.06665101 0.02704544 0.6930197  0.04934324
 0.02570686 0.04745326 0.02676957] [0.00635131 0.01057846 0.00442905 0.00798247 0.01260895 0.04807102
 0.00692313 0.78077036 0.12228525] [0.00987872 0.01286952 0.05703937 0.00461374 0.00778506 0.4234477
 0.00742269 0.00498681 0.47195637] [0.0085092  0.04618698 0.00348376 0.00353493 0.0118924  0.10935807
 0.7925847  0.0211336  0.00331635] [0.00463842 0.00341032 0.00855432 0.00444503 0.00319326 0.9492584
 0.01914002 0.00472458 0.00263563] [0.06448205 0.01174768 0.04058921 0.69072175 0.00993181 0.05955906
 0.01708867 0.03488781 0.0709919 ] [0.00485    0.00256114 0.9638542  0.01098938 0.00561666 0.00642524
 0.00208458 0.00189549 0.0017233 ] [0.03311537 0.06307047 0.75106    0.07412729 0.00962518 0.02375099
 0.01216394 0.01745175 0.01563499] [0.00634897 0.08244123 0.7236906  0.06791818 0.07757325 0.00794052
 0.0025108  0.01732027 0.01425617] [0.7380032  0.01763179 0.00945804 0.07319026 0.02358013 0.06641983
 0.01356628 0.0533521  0.00479838] [0.04481068 0.0639588  0.7293678  0.03825723 0.00819281 0.07958796
 0.01887015 0.00617657 0.01077801] [0.03349991 0.02525444 0.05705843 0.02555977 0.00959151 0.0217868
 0.02273096 0.7902485  0.01426972] [0.9381432  0.00953799 0.01804837 0.00647384 0.00514996 0.00261197
 0.00259376 0.01394105 0.0034999 ] [0.07609353 0.03888052 0.09488484 0.11311389 0.041822   0.09404121
 0.20699753 0.22287956 0.11128697] [0.0127276  0.01511415 0.03300185 0.57542545 0.03693519 0.05246907
 0.19961303 0.02128959 0.05342409] [4.4284065e-04 1.1038061e-03 9.8678386e-01 1.4483212e-03 3.3341930e-04
 1.6683338e-03 8.6785766e-04 4.3855547e-03 2.9660047e-03] [0.02044205 0.00814319 0.00373318 0.00457682 0.00426304 0.10290762
 0.03048577 0.37572598 0.44972235] [3.0412563e-04 8.8093994e-04 6.9454538e-05 9.5063646e-05 9.9771047e-01
 2.7940230e-04 2.5810860e-04 2.7461420e-04 1.2782980e-04] [0.00296545 0.00615702 0.00438614 0.02293764 0.0088814  0.91307616
 0.01125447 0.00214264 0.02819907] [0.1674776  0.07157107 0.06343686 0.03307234 0.03138337 0.07955062
 0.08073144 0.19202623 0.28075045] [1.5296583e-03 9.8009539e-01 4.1378089e-03 7.4795242e-03 1.6241270e-03
 2.9855024e-04 1.0691014e-03 1.8512451e-03 1.9145765e-03] [0.05728154 0.15226984 0.07566774 0.16043445 0.08564733 0.06426755
 0.04852745 0.07518972 0.28071436] [0.07035902 0.09104153 0.09036094 0.00461859 0.04824907 0.5668827
 0.0588854  0.04340613 0.02619663] [6.8015396e-04 8.6665503e-04 2.3213567e-02 9.5474142e-01 9.7441943e-03
 3.0924019e-03 7.2684372e-04 4.2643412e-03 2.6704988e-03] [0.0623398  0.4343592  0.21441598 0.06699941 0.04944208 0.04575189
 0.02534493 0.0218403  0.07950646] [0.01350787 0.01458016 0.00205979 0.01806926 0.0067866  0.8008412
 0.04625805 0.05072368 0.04717337] [0.0045064  0.0076402  0.00562222 0.00662155 0.01080878 0.8118403
 0.10209388 0.00421758 0.04664911] [0.02166505 0.02762646 0.15521652 0.04109742 0.28525326 0.34320053
 0.03784964 0.06858259 0.0195085 ] [0.00263    0.0052332  0.00386309 0.01691705 0.01870391 0.02028733
 0.9224584  0.00316377 0.00674322] [0.02402688 0.11394908 0.01450907 0.00670921 0.69040936 0.01976671
 0.08657104 0.03585115 0.00820749] [0.6799892  0.02190944 0.02368752 0.05261289 0.08566824 0.07915241
 0.03186129 0.01693923 0.00817974] [0.00843046 0.01824837 0.00778356 0.49585247 0.02466957 0.17012873
 0.04474718 0.00623793 0.22390167] [0.04548484 0.01228238 0.02515515 0.5493334  0.04263654 0.14092521
 0.06053627 0.06476902 0.05887718] [0.06772895 0.20224264 0.13814409 0.02771327 0.01968963 0.19911902
 0.02277489 0.30001575 0.02257176] [0.08495272 0.3401321  0.12882625 0.0139222  0.01885171 0.29500416
 0.02304068 0.08822761 0.0070426 ] [0.00448049 0.01307754 0.00359594 0.03012391 0.00585915 0.08575986
 0.02428117 0.8095924  0.02322951] [0.04450703 0.00661077 0.9173814  0.003971   0.01436459 0.00270222
 0.00210542 0.00510768 0.00324989] [0.01941347 0.7657749  0.04355954 0.01206664 0.02258994 0.02910336
 0.04652008 0.01894025 0.04203177] [0.9547396  0.00507817 0.00215839 0.01509053 0.00528367 0.00311078
 0.00174957 0.0110637  0.00172567] [1.4633444e-04 2.9156695e-04 2.8935395e-04 1.4540581e-03 1.1631532e-03
 4.0112641e-03 2.7851324e-04 3.5629319e-03 9.8880285e-01] [0.01720289 0.01479165 0.01335086 0.04169675 0.06476256 0.18764949
 0.23967928 0.22793129 0.19293524] [0.08600619 0.0546055  0.08973695 0.01181181 0.15703419 0.2582897
 0.05491131 0.06688711 0.22071724] [9.2795800e-04 5.9927846e-03 1.6338348e-03 2.8829384e-03 1.0538232e-03
 5.3402917e-03 2.9175321e-03 9.7670913e-01 2.5417043e-03] [0.159173   0.4591341  0.01949927 0.01657042 0.15679719 0.02924862
 0.07605396 0.02305637 0.06046707] [0.00985829 0.02180478 0.03163469 0.03245176 0.03101318 0.09857126
 0.5551868  0.05005587 0.16942336] [3.0467150e-04 1.1932303e-03 4.5891013e-04 2.1962209e-04 2.3885470e-04
 3.6711234e-03 3.0652064e-04 9.9337947e-01 2.2763437e-04] [0.33313784 0.11353802 0.25149015 0.01992582 0.04703861 0.02623
 0.04350331 0.05034185 0.11479444] [6.2591559e-03 9.1158038e-01 5.7709687e-03 5.9930433e-04 9.2416639e-03
 5.6268729e-02 5.1819114e-03 2.8748505e-03 2.2230744e-03] [0.9482263  0.00313659 0.00389342 0.02885676 0.00276781 0.00299161
 0.00401285 0.00186744 0.00424721] [0.09917846 0.16230959 0.20588072 0.44472864 0.00693625 0.01909084
 0.01274152 0.03738136 0.01175258] [0.0326595  0.00722339 0.02295702 0.65157545 0.05525286 0.04804304
 0.01919187 0.15107955 0.01201731] [9.8150450e-01 2.0205698e-03 4.2999801e-03 1.3218266e-03 1.5624193e-03
 1.3932289e-03 3.8087394e-03 3.7447927e-03 3.4391918e-04] [0.01643734 0.15705904 0.01781074 0.71810395 0.03795401 0.02348209
 0.01213854 0.01121811 0.00579618] [0.00224368 0.00322116 0.0039431  0.00174995 0.00505472 0.00745375
 0.9641957  0.00883343 0.00330453] [8.0523046e-04 9.9367768e-01 5.1068520e-04 5.8939878e-04 7.6665275e-04
 8.0872176e-04 2.7323095e-04 3.0436154e-04 2.2640640e-03] [0.00954812 0.00294256 0.00396274 0.00711317 0.86919093 0.02076863
 0.01364054 0.06376535 0.00906793] [0.12218706 0.00689278 0.01188686 0.0229106  0.01174688 0.0577074
 0.6152403  0.1336964  0.01773172] [1.7927639e-04 5.7386456e-04 1.8995101e-04 1.5009048e-04 9.9827182e-01
 1.3336992e-04 8.8091299e-05 3.8023060e-04 3.3328237e-05] [0.15408956 0.02936909 0.04855443 0.391748   0.08676248 0.2360791
 0.00973849 0.02678327 0.01687561] [0.00610128 0.01387414 0.00595466 0.00838879 0.00161486 0.00469199
 0.0052868  0.94903934 0.00504814] [7.1216200e-04 1.0479620e-03 7.2869525e-04 1.7953550e-03 7.0599216e-04
 6.6202176e-03 9.6165270e-01 1.2160887e-03 2.5520777e-02] [0.00549942 0.00382749 0.00463985 0.00257463 0.95273286 0.00595934
 0.00643337 0.01545104 0.00288201] [0.07842796 0.03783345 0.00599135 0.04668788 0.02077072 0.02069723
 0.6900084  0.04378968 0.05579336] [0.01471632 0.0101746  0.01023524 0.02319348 0.01374649 0.0280743
 0.20661388 0.63769394 0.05555172] [0.02702071 0.084797   0.5935043  0.17530605 0.01548099 0.01716615
 0.00635992 0.06702278 0.01334209] [0.0078187  0.01084656 0.0025137  0.00870973 0.00493594 0.16401611
 0.0076236  0.76158696 0.03194867] [0.00507883 0.01114791 0.00759942 0.01221538 0.00781876 0.08063302
 0.8650673  0.00648078 0.00395862] [0.00796706 0.0031949  0.94268185 0.0122605  0.0028692  0.00452378
 0.00370459 0.00867613 0.01412201] [0.04771809 0.03883613 0.01674579 0.15289308 0.03046233 0.05786731
 0.41598883 0.02957937 0.209909  ] [6.9410293e-03 1.1075170e-02 2.1660018e-03 6.6182949e-04 9.7569615e-01
 7.7488588e-04 1.5605272e-03 9.2650688e-04 1.9785912e-04] [1.2156860e-04 5.2601543e-05 1.3065425e-04 4.5791647e-04 1.0270310e-04
 9.9845421e-01 3.5418937e-04 1.0260296e-04 2.2356816e-04] [0.06993026 0.5746007  0.09136965 0.03881765 0.0166512  0.08293607
 0.04168354 0.0578491  0.02616184] [1.3357718e-04 2.2335263e-04 3.9844721e-04 2.0617391e-03 1.6629798e-04
 8.4880716e-04 1.1783609e-03 9.9283278e-01 2.1566162e-03] [7.1536819e-04 1.1965149e-03 3.7005176e-03 5.3216559e-03 9.7746705e-04
 9.3039799e-01 3.7651520e-02 4.6701236e-03 1.5368838e-02] [0.00838234 0.01658126 0.01630538 0.04282281 0.0102546  0.74690753
 0.0384663  0.03248201 0.08779781] [0.0188425  0.16714798 0.00515217 0.02988958 0.01319669 0.02370963
 0.01908012 0.71113247 0.0118489 ] [0.00912968 0.01269747 0.00787381 0.27722728 0.01271976 0.0205283
 0.06421268 0.08323336 0.5123777 ] [7.6171898e-05 1.2333781e-04 1.1261513e-04 7.5339014e-04 2.5757760e-04
 7.6745643e-04 9.9660802e-01 6.1282498e-04 6.8864744e-04] [3.9656076e-04 3.6529562e-04 8.3413231e-04 4.1980841e-03 6.1211106e-04
 1.0079434e-03 9.8737073e-01 6.0398242e-04 4.6111662e-03] [9.9795723e-01 6.3936866e-04 5.8989692e-05 1.1638341e-04 1.6896678e-04
 2.3940203e-04 1.4328172e-04 5.8926491e-04 8.7102489e-05] [0.37029743 0.09836198 0.06179465 0.07348111 0.04590886 0.16339101
 0.08994894 0.05744584 0.03937015] [0.08457502 0.04712303 0.7567715  0.04965418 0.00899346 0.0096844
 0.01232896 0.01383075 0.01703868] [2.6539727e-03 3.4576950e-03 1.6781832e-03 2.4614655e-03 7.3795393e-04
 1.3512813e-02 4.4133805e-02 2.8603049e-03 9.2850375e-01] [0.03148339 0.00946294 0.0140033  0.6025974  0.00669119 0.1359688
 0.02149964 0.00614321 0.17215012] [8.9238492e-05 1.8502762e-04 5.7057154e-05 1.4575447e-04 1.2915299e-04
 1.4207371e-04 1.9567934e-04 9.9898642e-01 6.9567039e-05] [0.13606317 0.14153093 0.38533762 0.03603527 0.06369339 0.09524313
 0.05478138 0.04314939 0.04416568] [4.5197600e-04 6.9990929e-04 1.3325983e-03 6.6893757e-04 8.3708437e-04
 1.5427072e-02 3.2500539e-04 9.7199160e-01 8.2658203e-03] [0.06942877 0.03944197 0.02394213 0.7172209  0.02005459 0.02765034
 0.05223217 0.01804941 0.03197974] [0.00767963 0.02602068 0.03422243 0.31097788 0.02111958 0.14365427
 0.04093248 0.03604673 0.3793463 ] [8.7868242e-04 4.0636078e-04 4.4272450e-04 1.3332261e-03 9.9263376e-01
 1.2037575e-03 9.4646885e-04 1.5156715e-04 2.0034863e-03] [0.00395339 0.0088075  0.04681224 0.02153266 0.02404579 0.01884273
 0.00792583 0.85755163 0.0105282 ] [0.5945859  0.04610947 0.06620093 0.08416038 0.02461844 0.03595775
 0.01331342 0.09906342 0.03599029] [0.00271449 0.0065992  0.0022883  0.00490761 0.00493969 0.00424431
 0.00178494 0.9678485  0.00467299] [0.07033308 0.18495302 0.05046495 0.04922522 0.04055607 0.41882926
 0.01953636 0.14543775 0.02066428] [9.9259478e-01 1.3543535e-03 8.3982165e-04 1.1512263e-03 3.8572022e-04
 1.0649007e-03 7.0917560e-04 1.1339004e-03 7.6609990e-04] [0.01511034 0.01972691 0.01504881 0.01288581 0.84032816 0.01329522
 0.03683338 0.03075629 0.0160151 ] [0.00105898 0.00445752 0.00682384 0.0013685  0.00353831 0.01548947
 0.00376136 0.00120723 0.9622948 ] [0.02273878 0.07201558 0.01733752 0.04201126 0.33161098 0.2756746
 0.10998262 0.02450374 0.10412495] [0.0014384  0.02095277 0.00482604 0.00453622 0.06802109 0.8582683
 0.03005029 0.00449894 0.00740797] [0.03886805 0.0304198  0.00720071 0.03086864 0.02639939 0.02644041
 0.6675573  0.02025916 0.15198654] [0.00524539 0.00553045 0.00414322 0.02104501 0.00552666 0.02677874
 0.92845666 0.00201306 0.00126075] [0.09998088 0.03017848 0.7107035  0.03982475 0.01590059 0.04837888
 0.00572608 0.04282761 0.00647928] [0.02549848 0.01912169 0.0061416  0.03053565 0.00995629 0.12041488
 0.7078758  0.04810076 0.03235482] [0.11991997 0.13849096 0.5244549  0.01917813 0.01960298 0.02910535
 0.01228775 0.06131954 0.07564045] [1.4741934e-04 6.3556647e-05 1.1693525e-04 9.9796695e-01 2.3356947e-04
 8.3566032e-05 7.4877689e-04 9.7186181e-05 5.4201757e-04] [0.10479026 0.01547573 0.78843856 0.0300131  0.00946735 0.01044958
 0.00460502 0.01316798 0.02359244] [0.9545896  0.0036643  0.0025275  0.00218206 0.01712972 0.00621016
 0.00258378 0.00971082 0.00140207] [0.07223841 0.80463827 0.03146151 0.00383195 0.0172565  0.03728418
 0.01986734 0.00524662 0.00817523] [1.9752796e-04 8.2233222e-04 5.8384502e-04 5.4396730e-04 9.9611109e-01
 7.8346202e-04 5.8491953e-04 2.4849336e-04 1.2443091e-04] [0.05297637 0.0526298  0.28651276 0.06322102 0.07651122 0.19370764
 0.12257276 0.07545728 0.07641116] [0.00919473 0.00841056 0.00283782 0.04532035 0.02479722 0.01569314
 0.76129675 0.0423855  0.09006389] [9.9328703e-01 4.0359539e-04 3.5749495e-04 2.7942780e-04 7.7205844e-04
 1.7396100e-03 6.7988265e-04 2.2635777e-03 2.1736408e-04]",1 3 5 5 7 4 5 5 3 1 0 3 8 4 8 4 3 5 8 1 0 1 6 0 3 4 1 1 5 7 2 8 8 3 7 4 6 3 4 1 2 0 1 3 0 8 3 8 4 4 6 2 2 2 1 4 3 4 0 5 0 8 2 2 5 7 0 1 8 6 3 6 3 6 4 7 2 7 1 0 4 6 2 1 2 1 1 5 6 8 7 5 0 7 8 7 2 0 6 4 8 6 3 3 4 7 8 6 5 3 2 2 2 0 2 7 0 5 3 2 8 4 5 8 1 8 1 3 2 5 8 5 6 4 0 8 3 1 1 3 2 1 0 8 5 8 7 1 5 7 1 1 0 2 3 0 3 6 1 4 6 4 0 7 6 4 6 7 2 7 6 2 6 4 5 8 7 5 5 7 8 6 6 0 0 2 8 5 7 0 7 3 3 4 7 5 7 5 0 4 8 4 5 6 6 2 6 7 3 2 0 1 4 7 6 0
1468,0,xgboost,0.5,5000,5000,0.7916666666666666,0.9713059413580246,"[2.0910483e-03 2.2133082e-04 1.8929079e-04 6.2168698e-04 5.3023058e-04
 9.9256766e-01 1.3956218e-03 4.8126711e-04 1.9018324e-03] [0.06606498 0.03883795 0.10748356 0.13275027 0.12499069 0.4241398
 0.02544288 0.02577443 0.05451547] [8.4016880e-05 3.0054320e-05 6.1372470e-04 9.9833637e-01 1.3645664e-04
 2.0724571e-04 1.1056573e-04 2.0682832e-04 2.7479173e-04] [0.02338234 0.04426165 0.6215217  0.03543479 0.02114113 0.14454427
 0.03742876 0.0284744  0.04381091] [5.0543813e-04 2.7144607e-04 2.3682110e-03 4.1427803e-03 3.2330182e-04
 1.7531535e-03 9.8780036e-01 8.9039392e-04 1.9449068e-03] [2.2581751e-03 1.2972249e-03 9.8863959e-01 1.7504594e-03 8.8037603e-04
 8.6343859e-04 1.7719449e-03 1.9887164e-03 5.5008079e-04] [0.00134874 0.00241512 0.00860248 0.00352558 0.0022315  0.00299663
 0.00422174 0.07182555 0.9028326 ] [0.00980675 0.92152256 0.00839778 0.00766019 0.00417824 0.00584288
 0.00949828 0.01768434 0.01540898] [0.00810247 0.0143384  0.05307724 0.01532041 0.01005595 0.00817089
 0.01750172 0.86286926 0.01056365] [2.9748931e-04 5.7826546e-04 1.9668638e-04 3.8960861e-04 9.9638087e-01
 3.2975763e-04 7.9732505e-04 4.1436634e-04 6.1562727e-04] [4.7825481e-04 3.7306207e-04 4.8244593e-04 4.3019335e-04 9.9684238e-01
 2.9231198e-04 3.4758990e-04 5.0699199e-04 2.4683285e-04] [0.16124314 0.15123828 0.1788418  0.05781996 0.0926756  0.09307043
 0.07547665 0.05932119 0.13031296] [0.26057822 0.24003258 0.08860146 0.10474961 0.04107105 0.05342095
 0.09068647 0.05296793 0.0678917 ] [0.04095178 0.21410441 0.05361068 0.0987573  0.08301767 0.2805321
 0.07724123 0.07961541 0.07216943] [9.8727304e-01 3.1436703e-03 7.6607359e-04 7.0374162e-04 9.0419059e-04
 5.6907767e-04 3.2527260e-03 1.8306141e-04 3.2044542e-03] [0.01885122 0.02580272 0.00834908 0.3923477  0.01431755 0.4225877
 0.04079551 0.06195927 0.01498926] [0.00718252 0.01323664 0.00695638 0.780567   0.01969983 0.0143264
 0.11945319 0.01304734 0.02553069] [0.75971997 0.05685672 0.05966663 0.03401066 0.01056033 0.04486591
 0.01526879 0.01159503 0.007456  ] [0.00141043 0.00162421 0.00131212 0.00154286 0.00395733 0.00172881
 0.00117632 0.9804971  0.00675072] [0.05479318 0.16842993 0.13794124 0.03532226 0.03863708 0.05122609
 0.09741885 0.35067004 0.06556134] [0.0498828  0.7584854  0.08630153 0.02598972 0.00715544 0.01754362
 0.00481683 0.02366174 0.02616297] [0.02779348 0.89956295 0.01345647 0.00674654 0.00475181 0.0306754
 0.00398135 0.00800789 0.00502408] [1.3046773e-03 3.1003525e-04 8.9570699e-04 9.9697837e-04 4.9867178e-04
 1.9879653e-03 9.9236310e-01 5.6363433e-04 1.0791961e-03] [0.01946162 0.03694547 0.01267591 0.01680306 0.04458785 0.01691984
 0.11913387 0.05565542 0.6778169 ] [9.8313391e-01 5.1192683e-03 1.8176411e-03 6.1815121e-04 2.6486767e-03
 1.1873333e-03 1.0146674e-03 7.4788637e-04 3.7124588e-03] [5.7581405e-04 3.7459662e-04 3.5040325e-04 5.1891367e-04 9.9245799e-01
 2.5995788e-03 1.6851722e-03 7.2336587e-04 7.1421982e-04] [4.4387435e-03 9.5000223e-04 9.8634422e-01 3.4325065e-03 1.0062091e-03
 1.2920832e-03 9.8914129e-04 1.0683046e-03 4.7883738e-04] [3.4109215e-04 1.7154249e-04 3.7652996e-04 3.8576638e-03 9.9326646e-01
 2.6060845e-04 4.9319852e-04 7.2858122e-04 5.0432223e-04] [0.0679268  0.06616297 0.02346583 0.0363825  0.03779219 0.0675479
 0.01888343 0.04019136 0.641647  ] [0.0423661  0.76174515 0.00723111 0.01299076 0.03476115 0.08153343
 0.00724645 0.01507221 0.03705363] [1.8443608e-03 2.4841379e-03 1.7693179e-03 8.2219427e-04 1.9240732e-03
 1.2857449e-02 2.7128842e-03 9.7186410e-01 3.7214875e-03] [0.00330653 0.00975514 0.00485135 0.03269805 0.00259272 0.03621209
 0.0062162  0.00535937 0.8990085 ] [7.88537599e-03 5.99592924e-03 9.22681880e-04 9.21442453e-03
 9.43572879e-01 2.90844799e-03 1.40707092e-02 1.41262915e-02
 1.30327954e-03] [0.02191032 0.05542029 0.02520419 0.06550263 0.09941953 0.18201986
 0.06407157 0.14886859 0.33758304] [9.9540734e-01 3.8024830e-04 1.2722308e-03 3.7144020e-04 2.7706689e-04
 2.9691760e-04 7.7294168e-04 8.9642202e-04 3.2539066e-04] [0.00408016 0.01411928 0.00198009 0.71710986 0.00837568 0.19426772
 0.00503666 0.01307255 0.04195801] [0.06672078 0.03684985 0.10543226 0.48020896 0.03391168 0.05824555
 0.03776257 0.1586496  0.02221875] [0.8032587  0.00709847 0.04054961 0.06969427 0.01149914 0.01455614
 0.00686374 0.02006009 0.02641985] [0.02644838 0.4235147  0.23491366 0.04868986 0.01855252 0.01234796
 0.02708563 0.02468945 0.18375784] [0.00325913 0.00155857 0.18694694 0.7628983  0.00279348 0.00968188
 0.00588949 0.00625651 0.02071573] [0.00410809 0.00242431 0.00228683 0.00740868 0.00731761 0.00696002
 0.00902933 0.01292979 0.94753534] [0.00620668 0.00875262 0.00848429 0.01106893 0.00486707 0.02662508
 0.03160902 0.8410649  0.06132138] [0.00815537 0.01212446 0.9222696  0.04075273 0.00256919 0.00492853
 0.00304154 0.00376852 0.0023901 ] [0.0096896  0.02868024 0.03942214 0.04332772 0.7747468  0.01143479
 0.0265301  0.04722634 0.01894229] [3.0837342e-04 9.9694127e-01 2.4615935e-04 2.5483582e-04 2.0648791e-04
 3.2423297e-04 5.4180919e-04 9.8931591e-04 1.8751837e-04] [6.1786687e-04 2.4023005e-03 2.1817717e-03 2.4682533e-03 2.6597246e-03
 1.0596398e-01 8.7798125e-01 2.2460385e-03 3.4788086e-03] [0.00105204 0.00343825 0.00141364 0.00747443 0.00189563 0.00887433
 0.00365799 0.956298   0.01589565] [9.9514067e-01 7.5405865e-04 4.6222957e-04 1.8053880e-04 1.0852403e-03
 5.4653763e-04 2.7390505e-04 2.7518615e-04 1.2816455e-03] [0.01559324 0.74804753 0.09680736 0.05904259 0.01723417 0.02737146
 0.0169135  0.00852764 0.0104625 ] [0.01248063 0.00275612 0.00263609 0.00370911 0.00362243 0.9363935
 0.01443332 0.01147583 0.01249299] [0.00369205 0.00913645 0.00215447 0.05943943 0.00359553 0.5328501
 0.01743778 0.01291152 0.3587827 ] [2.5044527e-04 1.6970815e-04 9.9788171e-01 5.2190077e-04 4.3115579e-04
 1.7523393e-04 8.4202773e-05 1.8344856e-04 3.0217535e-04] [0.02508466 0.7077924  0.0452356  0.04355068 0.01976317 0.03015618
 0.01628221 0.02130152 0.09083362] [0.00588314 0.0197035  0.01093617 0.01663084 0.01212758 0.004756
 0.03863375 0.052197   0.839132  ] [5.9521099e-04 1.0135407e-03 1.6904671e-03 2.0677983e-03 9.8075384e-01
 6.1699969e-04 9.0311170e-03 3.8275418e-03 4.0345761e-04] [0.01144825 0.01463749 0.01234459 0.20275187 0.01715068 0.11373677
 0.06670758 0.54788315 0.01333959] [0.02153474 0.01158822 0.12125802 0.30329522 0.18212073 0.04123147
 0.02564276 0.08805005 0.20527878] [3.2403402e-04 1.6797504e-04 9.9755031e-01 1.2368436e-03 1.4540246e-04
 2.0817059e-04 7.9782782e-05 2.4682257e-04 4.0632098e-05] [0.09112477 0.0058711  0.01031809 0.01153648 0.0276145  0.3081831
 0.01110291 0.00499814 0.52925086] [0.35740942 0.06180412 0.15122889 0.04399642 0.04836709 0.0775869
 0.04228615 0.10041626 0.11690474] [0.0843308  0.09923985 0.02994995 0.18630262 0.07258059 0.30359948
 0.10663497 0.0469811  0.07038064] [0.05171877 0.25422746 0.37062576 0.0444417  0.13187549 0.03803142
 0.03874814 0.01677498 0.05355626] [0.00534153 0.00605888 0.00262192 0.00133647 0.00523987 0.00713359
 0.00178048 0.96744597 0.00304126] [0.01586863 0.01700478 0.01456957 0.00457878 0.00685917 0.01354631
 0.89786035 0.02270417 0.00700823] [0.00287316 0.0027415  0.9560146  0.02368243 0.00289755 0.00221606
 0.00502964 0.00324214 0.00130295] [0.01643315 0.9037911  0.0117285  0.02572047 0.00785637 0.00735383
 0.00859783 0.01028036 0.00823839] [0.01887395 0.6264717  0.02459633 0.01044744 0.09625462 0.1585235
 0.0321139  0.01455262 0.01816593] [0.03084489 0.01479247 0.04972746 0.15582195 0.03899182 0.17985548
 0.04546279 0.09610887 0.38839427] [7.1738573e-04 8.1639440e-04 4.0627533e-04 2.3433475e-03 2.1232623e-03
 3.8180363e-04 4.9327157e-04 9.9059439e-01 2.1238416e-03] [0.03151702 0.25275832 0.22214131 0.18681909 0.02379961 0.09088117
 0.01950912 0.10982307 0.0627513 ] [0.04202186 0.0318218  0.43506673 0.22747262 0.02365219 0.05815371
 0.02431668 0.09308345 0.06441093] [0.01511654 0.01493649 0.01819576 0.1192736  0.0172841  0.68797874
 0.05811689 0.02664238 0.04245551] [0.1937669  0.0934317  0.28560787 0.02446401 0.02784435 0.21120732
 0.05111022 0.04666646 0.06590114] [0.00651854 0.06207506 0.00901249 0.00751953 0.8572126  0.03221585
 0.00478586 0.01686999 0.00379006] [0.00343279 0.01307077 0.90423834 0.0220196  0.002294   0.00431743
 0.03640787 0.01240864 0.00181061] [1.7625187e-04 7.9187274e-04 8.8776887e-04 2.9256810e-03 3.4057308e-04
 5.3206604e-04 9.9209881e-01 1.7505797e-03 4.9640407e-04] [0.02375705 0.02091935 0.01657087 0.01880899 0.01706797 0.05064137
 0.04461375 0.64938146 0.15823922] [0.01089893 0.01263666 0.01097244 0.8248922  0.01182423 0.02713359
 0.02904698 0.01811081 0.05448413] [6.5418538e-03 2.7558334e-02 9.4187880e-01 1.8417129e-02 8.7219727e-04
 1.8766432e-03 5.2238494e-04 1.2865516e-03 1.0461651e-03] [7.1546750e-04 6.6921767e-03 1.0612373e-03 1.7677947e-03 1.0236924e-03
 4.7384389e-04 3.5166387e-03 9.8222208e-01 2.5270900e-03] [0.02880488 0.10340058 0.01641    0.02880386 0.1634403  0.084175
 0.08888556 0.02395535 0.46212453] [0.00684739 0.00662251 0.00460139 0.00583424 0.0064021  0.8447658
 0.04597649 0.01208697 0.06686307] [9.9722064e-01 1.1129065e-04 9.0100395e-04 1.7277255e-04 2.2756658e-04
 1.5154360e-04 3.5351302e-04 5.2559475e-04 3.3609493e-04] [0.00287439 0.00271119 0.00358434 0.00400102 0.00440204 0.1420983
 0.8268288  0.00234021 0.01115976] [0.00422374 0.958499   0.00331222 0.00706578 0.00338965 0.0098659
 0.00182659 0.00237435 0.00944273] [8.8735574e-01 4.9887367e-02 4.9253320e-03 8.1878627e-04 3.9124945e-03
 2.4627962e-03 8.4438222e-03 3.5068564e-02 7.1250936e-03] [0.00753293 0.0032675  0.0079267  0.9266654  0.00246137 0.0044535
 0.01919169 0.00626539 0.02223552] [0.0087166  0.01122008 0.01747358 0.8445767  0.00743352 0.04248277
 0.01850819 0.03321299 0.01637552] [2.4574655e-03 1.6415484e-04 8.8653593e-05 7.3259085e-04 9.9407744e-01
 2.4006264e-04 1.0108784e-03 1.9426354e-04 1.0345097e-03] [2.8718691e-04 1.6253798e-04 1.0837540e-04 2.5863308e-04 9.9855727e-01
 1.0819798e-04 2.7143882e-04 1.8393972e-04 6.2462845e-05] [0.00675995 0.81835073 0.10433881 0.0091804  0.01948045 0.01538013
 0.00651569 0.01325327 0.00674055] [7.9113949e-04 5.0466560e-04 1.2244098e-03 1.2528041e-03 8.9019106e-04
 1.3912965e-03 9.8768836e-01 3.9049524e-03 2.3521886e-03] [0.06938273 0.2806987  0.14458352 0.06368007 0.07521091 0.11076149
 0.0529717  0.18174015 0.02097077] [0.03611387 0.04629361 0.03958192 0.037315   0.01676718 0.14113055
 0.01809463 0.6503855  0.01431771] [1.3230554e-03 1.8700985e-03 9.5733386e-03 3.1903291e-03 1.3242591e-03
 9.6891427e-01 1.1817577e-02 1.3059571e-03 6.8103889e-04] [1.0302414e-03 9.0583070e-04 4.0040145e-04 4.8673211e-04 3.6306452e-04
 5.7424477e-04 6.7675149e-04 9.9539292e-01 1.6982302e-04] [0.01574626 0.011734   0.00522905 0.04957544 0.00916332 0.0914309
 0.75491583 0.01218235 0.05002289] [0.6543589  0.14273855 0.09497571 0.01245687 0.03987537 0.00987341
 0.02710897 0.00942857 0.00918359] [0.00125816 0.00577211 0.0073278  0.00099592 0.9742967  0.00250776
 0.00356596 0.00215675 0.00211886] [0.13736925 0.07024407 0.07759843 0.4960794  0.03728629 0.0534125
 0.03826994 0.06889192 0.02084819] [0.01830635 0.02350206 0.00863772 0.17859507 0.01280225 0.20727775
 0.03797263 0.2760402  0.236866  ] [3.2229637e-04 1.0230350e-04 7.8950347e-05 1.2145077e-04 3.3107414e-04
 9.9783760e-01 4.8522570e-04 3.0926114e-04 4.1189403e-04] [0.64424527 0.05666329 0.1119381  0.01946958 0.05231776 0.01894191
 0.03656245 0.02718622 0.03267541] [0.12549499 0.2695181  0.10779937 0.3922936  0.01273059 0.02212095
 0.00905368 0.05120698 0.00978175] [2.0743913e-03 1.7774472e-03 8.4401970e-04 3.8435869e-03 7.1000927e-03
 3.8997550e-03 8.8969976e-01 1.4491510e-03 8.9311801e-02] [0.2205385  0.13281775 0.04885916 0.14656141 0.1787088  0.06285343
 0.01667233 0.18054304 0.01244554] [0.0044346  0.00554682 0.00868082 0.0213646  0.01102124 0.02977753
 0.8483655  0.00347699 0.06733193] [9.9795049e-01 5.7463883e-04 8.3134382e-04 8.5736800e-05 7.9821555e-05
 7.7885990e-05 1.3135385e-04 4.4928158e-05 2.2378248e-04] [8.7110105e-04 2.3776633e-04 4.7902178e-04 8.0718024e-04 8.4394589e-04
 9.9429709e-01 6.9693860e-04 9.8161481e-04 7.8533078e-04] [0.01436481 0.03109091 0.01682588 0.61206186 0.00705542 0.17706558
 0.01330614 0.01986742 0.10836196] [0.19474417 0.06023083 0.67037606 0.0116952  0.00941668 0.00902142
 0.00882812 0.00733425 0.02835324] [1.2891857e-03 4.8098204e-04 7.2103180e-04 4.5448719e-03 3.6266441e-03
 2.3482128e-03 9.8115516e-01 2.4275985e-03 3.4062578e-03] [0.02750972 0.04642219 0.00999032 0.05914441 0.01209239 0.02263072
 0.05902093 0.07467062 0.6885187 ] [0.2064132  0.05345804 0.07558187 0.01986639 0.06609157 0.04324913
 0.09429859 0.38166064 0.05938058] [0.00593098 0.00570846 0.00246245 0.03486607 0.01181619 0.00636089
 0.01933791 0.00675481 0.90676224] [0.00854693 0.00335003 0.01518463 0.02060306 0.02182528 0.24023817
 0.6498812  0.01147755 0.02889315] [0.00673589 0.00934158 0.011525   0.0256782  0.00478489 0.01988008
 0.90056384 0.00653207 0.01495847] [1.5754730e-03 9.7322911e-01 6.3440567e-03 6.1329030e-03 1.1008527e-03
 2.6459091e-03 8.9848245e-04 4.6899058e-03 3.3833841e-03] [0.0800759  0.01026528 0.01077069 0.811885   0.00895871 0.01095595
 0.04325544 0.01854159 0.00529143] [0.07466812 0.03408286 0.01475313 0.08855824 0.02455223 0.08107155
 0.56423706 0.05923672 0.05884007] [0.04341058 0.04692242 0.04390958 0.06333068 0.04560569 0.04234497
 0.15367785 0.38773587 0.17306234] [0.02608733 0.02985389 0.17421961 0.09067247 0.02309508 0.04386265
 0.4988633  0.06693631 0.04640937] [1.2367324e-03 8.3797245e-04 2.2349970e-03 2.5168320e-03 1.2099663e-03
 8.5624000e-03 9.8018163e-01 4.0181956e-04 2.8176887e-03] [0.00355036 0.00128313 0.00332367 0.01196531 0.0140262  0.03919274
 0.00793349 0.00696075 0.9117644 ] [0.08281427 0.18152174 0.07317554 0.17026924 0.02288634 0.04133216
 0.3445905  0.04747518 0.03593505] [1.2193870e-03 6.2993245e-04 9.8533511e-01 8.1128506e-03 4.8138708e-04
 2.7704806e-04 1.1663191e-03 1.1981421e-03 1.5798275e-03] [0.00512356 0.00545224 0.00495618 0.00531328 0.00261898 0.01497306
 0.9477202  0.00277514 0.01106735] [0.07303284 0.17127296 0.0802409  0.10724897 0.20792897 0.03876169
 0.03373598 0.23799722 0.04978044] [0.06512409 0.13306972 0.11039302 0.38386458 0.01924966 0.21200314
 0.01740499 0.02527911 0.03361172] [1.0445144e-03 9.8796916e-01 4.6639057e-04 3.9838892e-04 1.2128707e-03
 5.6732264e-03 4.4472239e-04 1.6634038e-03 1.1273598e-03] [0.00137019 0.00381147 0.00116483 0.00532836 0.00128814 0.9690195
 0.00291163 0.00402751 0.01107842] [0.03506196 0.01720828 0.00952317 0.19289722 0.01624266 0.03965404
 0.0297574  0.17808224 0.48157302] [0.02668076 0.00531699 0.01935074 0.1432626  0.04027708 0.18362571
 0.26505935 0.03214726 0.28427947] [0.0288308  0.02200194 0.03152576 0.03033295 0.14106327 0.11516172
 0.03105443 0.2756829  0.32434624] [0.02826361 0.00540476 0.00650992 0.16474225 0.01308926 0.13602954
 0.61542606 0.01024326 0.02029132] [3.9224318e-04 4.7635057e-04 9.9383199e-01 4.1931109e-03 2.2469985e-04
 3.1039290e-04 1.5053945e-04 2.2763600e-04 1.9296935e-04] [0.01626997 0.02943595 0.01444795 0.07250186 0.03210096 0.33295318
 0.0990217  0.01318256 0.39008588] [1.1279865e-04 9.4653573e-05 7.9422294e-05 8.8987515e-05 9.9904150e-01
 1.4145381e-04 1.3571125e-04 1.5037460e-04 1.5505687e-04] [0.00382305 0.9736655  0.00307634 0.00127395 0.00163636 0.00172138
 0.00901027 0.00351994 0.00227326] [0.05312132 0.11618476 0.10287229 0.4866205  0.05743561 0.04621991
 0.07438532 0.02908584 0.03407452] [0.00353248 0.00387352 0.9552663  0.00985508 0.00366468 0.00777229
 0.00487666 0.00654808 0.00461092] [0.01023676 0.00989482 0.0533655  0.06266198 0.0564557  0.26901498
 0.49998486 0.01000164 0.02838378] [0.04434574 0.7024587  0.0843712  0.03723472 0.00961639 0.01848075
 0.03292347 0.04432566 0.02624334] [0.0573579  0.03279912 0.16356121 0.1315554  0.24480759 0.08835353
 0.07125852 0.07309204 0.1372147 ] [0.01826515 0.00755083 0.08317848 0.07526298 0.00808357 0.16251229
 0.5405258  0.02913692 0.07548402] [0.12889805 0.16099697 0.01527317 0.10950812 0.03845187 0.13787474
 0.22710173 0.06011965 0.12177566] [0.02328211 0.00582346 0.12791292 0.7545584  0.0287369  0.01402066
 0.01499232 0.00523186 0.02544135] [0.00952913 0.04482949 0.01159472 0.04102718 0.8642845  0.01200443
 0.00622148 0.00391657 0.00659244] [0.00767873 0.00736317 0.01072946 0.00170607 0.0048947  0.00853513
 0.00327593 0.9159749  0.03984194] [0.02623001 0.01200462 0.2800156  0.54818165 0.03237694 0.02123877
 0.05166982 0.00964265 0.01863994] [0.01877765 0.0089314  0.00768901 0.03000384 0.02196803 0.05174251
 0.8311298  0.01162659 0.0181312 ] [0.0328475  0.01063685 0.5536686  0.15677145 0.01142231 0.01513132
 0.18251996 0.02847143 0.00853058] [0.0044474  0.0135474  0.00970209 0.01641507 0.01104856 0.01822495
 0.07533155 0.7277266  0.1235564 ] [0.0794326  0.53484464 0.03075371 0.08334707 0.02489257 0.03208483
 0.02015964 0.16425362 0.03023131] [0.0091128  0.9001543  0.0149404  0.0091157  0.01186153 0.0290689
 0.01202327 0.00929503 0.00442807] [0.04382058 0.4070552  0.06383356 0.0678639  0.02025844 0.03010076
 0.02699427 0.17445283 0.16562046] [0.03541565 0.01841172 0.0540657  0.0757895  0.01665307 0.46227604
 0.03566672 0.05258229 0.24913928] [0.01154587 0.00399586 0.0059584  0.00222055 0.00989405 0.93424547
 0.01249552 0.00388373 0.01576052] [0.15100202 0.10953482 0.04726627 0.16797516 0.07211082 0.02491163
 0.02661403 0.26243228 0.13815299] [0.01975451 0.01052439 0.05785655 0.17196093 0.01626657 0.05168677
 0.56430167 0.06208705 0.04556162] [0.10432895 0.8037343  0.00678339 0.00509631 0.00773603 0.02372229
 0.02458856 0.01802387 0.00598628] [0.0166482  0.16263445 0.00765157 0.05949982 0.0229298  0.01105657
 0.0045989  0.70569634 0.00928434] [0.00154934 0.00244212 0.00199191 0.97443795 0.00251179 0.00617107
 0.00376031 0.00200254 0.00513302] [0.00342784 0.00411217 0.00430223 0.8302444  0.00921994 0.04427452
 0.05387747 0.00473246 0.04580897] [9.9729937e-01 4.3239744e-04 6.7142700e-04 1.4865739e-04 3.0104001e-04
 2.3650656e-04 2.6686082e-04 3.6353932e-04 2.8017015e-04] [0.0194937  0.8511571  0.04710409 0.00693068 0.01906782 0.01329009
 0.0168482  0.01121861 0.01488971] [1.4743475e-03 2.7252175e-04 6.6668598e-04 5.9389952e-04 9.9360341e-01
 3.9976108e-04 1.2625799e-03 1.0337236e-03 6.9311203e-04] [0.05038227 0.02826557 0.03372667 0.07419981 0.06920419 0.08848646
 0.22124806 0.09196274 0.34252426] [0.01095772 0.00417515 0.00601793 0.04252935 0.01001574 0.27058524
 0.32165724 0.03775822 0.29630336] [0.03351085 0.07440059 0.1057107  0.12479713 0.46509624 0.07004496
 0.07811526 0.03062229 0.01770202] [0.00222233 0.00119939 0.00508921 0.00101427 0.00211436 0.00405178
 0.00105678 0.9813362  0.00191568] [0.00765028 0.00545632 0.01482697 0.03361958 0.00284762 0.06438892
 0.05760124 0.00547901 0.80813015] [0.00222063 0.00511253 0.00149355 0.881778   0.01741763 0.07237952
 0.00542899 0.00408904 0.01008015] [0.00513491 0.00451486 0.00976203 0.00291688 0.9338862  0.01826819
 0.00581707 0.01663426 0.00306565] [0.0043597  0.00716692 0.00580733 0.00496204 0.0041465  0.00556149
 0.00202622 0.94353324 0.02243652] [7.3170266e-04 5.7567580e-04 4.8491999e-04 1.0441773e-03 4.2940374e-04
 6.9275293e-03 9.8244369e-01 3.6744440e-03 3.6884402e-03] [0.04830707 0.00787905 0.04374991 0.48241636 0.0230383  0.02930875
 0.06594123 0.23719846 0.06216087] [0.5816447  0.11196521 0.10306933 0.0367895  0.01540323 0.02725314
 0.05256371 0.0314226  0.03988857] [0.00975988 0.00454776 0.00589664 0.00668102 0.9263371  0.00517624
 0.00585849 0.03192012 0.00382276] [0.08632161 0.05937741 0.02764987 0.05305364 0.14714642 0.03563201
 0.4572774  0.02750316 0.10603846] [0.00174483 0.00389222 0.00229167 0.93467313 0.00155556 0.02661316
 0.00472127 0.00930658 0.01520159] [0.01615822 0.05905128 0.0266017  0.3694392  0.06709218 0.09769861
 0.11946765 0.02527706 0.21921408] [0.0067797  0.00788198 0.00183874 0.00512205 0.0087466  0.01360074
 0.94737184 0.00334984 0.00530852] [0.9567558  0.02339907 0.00658492 0.0012577  0.00214591 0.00189159
 0.0037376  0.00284506 0.00138238] [0.02045564 0.35780975 0.02282475 0.02707327 0.01627102 0.08882624
 0.3846607  0.06122688 0.02085174] [9.9676919e-01 1.3731126e-04 2.0964321e-04 3.1474745e-04 2.4196450e-04
 1.7329106e-03 1.9886722e-04 1.6683733e-04 2.2857999e-04] [0.03635859 0.08894246 0.620391   0.02116801 0.01602638 0.09021773
 0.01952228 0.08713821 0.02023534] [0.00079272 0.00252517 0.00106031 0.1646409  0.00327007 0.775549
 0.00840809 0.02868148 0.01507229] [0.13511185 0.3393635  0.0513715  0.02406458 0.03787198 0.17838891
 0.07140882 0.14977564 0.01264324] [5.2082201e-04 5.0228386e-04 3.6991225e-04 2.1907705e-04 9.8810017e-01
 5.4625369e-04 7.7489042e-03 6.3784828e-04 1.3547594e-03] [1.7017451e-04 1.4789248e-04 3.9050452e-04 9.9514717e-01 8.5348009e-05
 2.3851662e-03 1.2239800e-03 1.8928965e-04 2.6053158e-04] [0.01604447 0.23968434 0.03902858 0.01324274 0.18899219 0.04809973
 0.04836216 0.05265917 0.3538866 ] [0.03087388 0.01688795 0.09521741 0.0510768  0.16367409 0.28012034
 0.00845901 0.03206288 0.32162768] [0.01074332 0.02401572 0.0303109  0.00625364 0.06631941 0.01449025
 0.01132772 0.8253955  0.01114345] [0.02141953 0.03624291 0.03490717 0.01592372 0.20342255 0.04310659
 0.04058672 0.53250587 0.0718849 ] [0.00342641 0.01279715 0.94145715 0.01015815 0.01128027 0.0071558
 0.0025401  0.00615663 0.00502843] [0.02061986 0.01543468 0.01037251 0.21543966 0.03599432 0.1434293
 0.10256179 0.03363082 0.4225171 ] [0.03881003 0.06561159 0.5140036  0.18900856 0.02936398 0.00761519
 0.05244068 0.00539068 0.09775571] [0.06511544 0.20495261 0.20507024 0.06468809 0.27225724 0.05349087
 0.03097409 0.04681021 0.05664117] [0.04370854 0.07786922 0.07923204 0.3189817  0.03067883 0.15895611
 0.17023796 0.02832774 0.09200782] [0.03428055 0.04677709 0.00734275 0.08317328 0.08988187 0.08634685
 0.03503315 0.01417688 0.6029876 ] [0.00522331 0.00537854 0.00324327 0.03025486 0.00219056 0.6253978
 0.01442249 0.00930188 0.30458727] [0.11395044 0.01100039 0.0274162  0.25189385 0.0105537  0.0986067
 0.14887564 0.04579438 0.29190874] [0.03829096 0.00241588 0.00371046 0.00245481 0.00165676 0.01383738
 0.926556   0.00186318 0.00921456] [0.06066649 0.04840726 0.05256984 0.01717312 0.03844679 0.65553635
 0.02618865 0.03212767 0.06888376] [0.83723617 0.01131498 0.10740407 0.00277795 0.00339117 0.00751472
 0.00572004 0.01715903 0.00748193] [8.04359297e-05 1.15964125e-04 2.72858597e-04 2.64093658e-04
 5.63071262e-05 4.91283194e-04 7.33525259e-04 9.97779906e-01
 2.05596531e-04] [0.00942216 0.83496857 0.05291746 0.02006849 0.00929598 0.01117487
 0.01472124 0.02442005 0.02301112] [0.01569688 0.01067999 0.9491259  0.00281919 0.00679605 0.00496699
 0.00193678 0.00574699 0.00223123] [0.04754623 0.10912781 0.09746665 0.32174253 0.08519911 0.19087254
 0.09779631 0.03132908 0.01891975] [6.6399324e-04 1.7851999e-03 9.9208099e-01 2.0385522e-03 1.3194797e-03
 1.7343563e-04 3.0070770e-04 6.9831638e-04 9.3934819e-04] [0.00860149 0.01048359 0.022634   0.28241733 0.03575076 0.19490084
 0.06740902 0.0526007  0.32520223] [2.30901715e-04 4.23936115e-04 1.36668736e-04 1.05517793e-04
 1.21667836e-04 4.59236180e-04 9.98291075e-01 1.55682763e-04
 7.53542408e-05] [0.01844133 0.02039645 0.01009881 0.09440163 0.01512731 0.08714851
 0.7089599  0.00505303 0.04037305] [0.24816705 0.38171384 0.07993475 0.0490835  0.01541739 0.08276622
 0.07113295 0.02113711 0.05064717] [1.2441413e-04 1.0585166e-04 2.0035573e-04 1.7131140e-04 9.9711168e-01
 6.9813483e-04 1.0263140e-03 4.3893230e-04 1.2300360e-04]",5 0 3 2 6 2 8 1 7 4 4 3 0 8 0 5 3 0 7 7 1 1 6 8 0 4 2 4 7 1 7 8 4 8 0 3 3 0 2 3 8 7 2 4 1 6 7 0 1 5 8 2 1 8 4 7 3 2 5 0 5 4 7 6 2 1 1 5 7 1 2 5 0 4 2 6 7 8 2 7 8 5 0 6 1 0 3 3 4 4 1 6 5 7 5 7 6 0 4 0 5 5 0 2 6 0 6 0 5 3 2 6 8 0 8 5 6 1 3 8 7 6 6 6 2 2 6 1 2 1 5 3 4 8 3 2 3 4 1 3 2 5 1 3 8 5 3 4 7 3 6 2 7 1 1 8 5 5 8 5 1 7 3 8 0 1 4 7 8 4 7 8 8 4 7 6 3 0 4 6 3 4 6 0 6 0 2 5 1 4 3 1 5 7 7 2 5 2 4 3 8 8 8 6 5 0 7 1 2 4 2 3 6 6 0 4
1468,1,xgboost,0.5,5000,5000,0.7824074074074074,0.9686294367283951,"[9.8545480e-01 1.6363600e-03 5.6249177e-04 5.2627601e-04 1.4492708e-03
 2.4230777e-04 5.2906363e-03 2.1676056e-03 2.6702986e-03] [0.00810154 0.02153105 0.01254826 0.04408067 0.2775062  0.01910035
 0.0104711  0.5575723  0.04908852] [0.50863636 0.00862427 0.14124498 0.05280622 0.1885959  0.00997343
 0.02336442 0.05195371 0.0148007 ] [2.1861358e-04 1.8856382e-04 2.5106009e-04 5.2956305e-04 9.9656373e-01
 7.7486431e-05 4.5686291e-04 1.4417781e-03 2.7238572e-04] [0.0159954  0.11576404 0.02653153 0.03365937 0.28716677 0.34095925
 0.02349479 0.12337719 0.03305165] [0.03124552 0.71006376 0.03110046 0.09344909 0.01596207 0.0482401
 0.01336071 0.01158564 0.04499267] [9.7746664e-01 5.0414111e-03 6.1037182e-03 7.7268353e-04 3.1108856e-03
 1.0531128e-03 2.8866229e-03 1.1142129e-03 2.4507602e-03] [5.9551885e-04 9.5767708e-04 3.6495589e-02 9.5006365e-01 2.5263478e-03
 2.7181669e-03 9.3123602e-04 1.4135570e-03 4.2982642e-03] [0.00721872 0.01786229 0.01579345 0.02849772 0.02322152 0.01886883
 0.01087322 0.8183929  0.05927138] [9.5424646e-01 1.5374854e-02 4.9424320e-03 2.0520727e-03 2.7866643e-03
 2.5429418e-03 9.1777858e-04 3.7032254e-03 1.3433566e-02] [0.04243223 0.03102171 0.23835452 0.49458116 0.03209888 0.08678909
 0.0250756  0.01714572 0.03250107] [0.05439967 0.28123993 0.22027296 0.12011942 0.12824026 0.03442056
 0.03496739 0.03550129 0.09083851] [0.00968209 0.0050392  0.01821105 0.05801595 0.00786734 0.10345486
 0.0177882  0.02752311 0.75241816] [9.9313736e-01 3.2686556e-04 7.3234906e-04 3.1116194e-04 2.3930159e-03
 4.7763489e-04 3.3982657e-04 8.1719615e-04 1.4646072e-03] [0.00444676 0.00154926 0.00277536 0.00257839 0.0322054  0.9449576
 0.00498456 0.00358866 0.00291405] [0.10609726 0.39223623 0.0414784  0.06773946 0.01426698 0.02457121
 0.27837744 0.01800985 0.05722316] [4.0995240e-02 1.5048354e-03 8.4966875e-04 4.9958593e-04 4.7971116e-04
 3.6366677e-04 9.5439816e-01 4.5534564e-04 4.5377569e-04] [0.01854601 0.01423628 0.02115247 0.80204993 0.01231115 0.03204327
 0.04771183 0.02072503 0.03122401] [2.8149069e-03 8.9766318e-04 3.6033415e-03 3.4151399e-03 9.7706974e-01
 3.3338687e-03 2.8969212e-03 2.0688502e-03 3.8995703e-03] [0.11995471 0.72159123 0.04407343 0.01761342 0.0120222  0.03057412
 0.0112678  0.00895316 0.03394993] [0.00951507 0.9503412  0.01143013 0.00997579 0.00171557 0.00657313
 0.00489378 0.0031221  0.00243314] [0.1624518  0.01919762 0.04568508 0.03120658 0.03297491 0.21078655
 0.227759   0.06614216 0.20379628] [2.4570301e-03 1.2321847e-03 1.3184706e-03 1.1072399e-03 9.1531040e-04
 3.5076241e-03 9.7919798e-01 7.3707844e-03 2.8933124e-03] [4.7702854e-04 1.0117916e-03 6.2249042e-03 4.7984373e-04 9.8875564e-01
 4.3208757e-04 1.1454097e-03 1.0407513e-03 4.3251037e-04] [0.417269   0.07264911 0.02914587 0.08637661 0.01556911 0.23357919
 0.05344007 0.03183165 0.06013938] [9.9869150e-01 8.3314015e-05 5.4310419e-04 2.7446917e-05 2.0673068e-04
 7.0626818e-05 2.6056138e-04 7.7086021e-05 3.9611743e-05] [0.00441497 0.00533302 0.00666799 0.00741396 0.00306071 0.00747742
 0.95109475 0.00292721 0.01161002] [0.0677867  0.07896852 0.05721658 0.02192794 0.0149949  0.01928016
 0.00933496 0.7205497  0.00994054] [0.75255704 0.03630126 0.03618424 0.01604549 0.00907581 0.00967891
 0.03324615 0.01130112 0.09560998] [8.2387705e-04 9.9026614e-01 1.2766307e-03 1.4900465e-03 4.6549921e-04
 3.0625870e-03 8.5059210e-04 1.3093890e-03 4.5525856e-04] [0.04506177 0.08566779 0.077171   0.1114823  0.03541983 0.10236856
 0.3708105  0.06163708 0.11038116] [0.09283907 0.07104961 0.2721294  0.2449851  0.02623137 0.13905737
 0.02751866 0.08933081 0.03685858] [0.88911    0.01568693 0.01238521 0.0015135  0.00197693 0.00097392
 0.00200956 0.04847205 0.02787192] [0.00309881 0.00402654 0.00410033 0.03781487 0.01607187 0.39115813
 0.03191633 0.01931949 0.49249366] [0.00340743 0.0019078  0.8997078  0.07053837 0.00653109 0.00508281
 0.00329575 0.00342459 0.00610438] [0.00364253 0.01232505 0.9631217  0.00799041 0.00357438 0.00285281
 0.00352936 0.0013122  0.00165159] [0.11216228 0.03683075 0.0237542  0.21337976 0.01652101 0.22659244
 0.03595822 0.05309248 0.28170887] [0.0027318  0.00569077 0.0076595  0.04588826 0.02287703 0.0741784
 0.0507811  0.01040442 0.7797887 ] [0.07794291 0.09587778 0.08645783 0.07323711 0.01996921 0.11017963
 0.46464816 0.03694899 0.03473835] [0.00292847 0.00336033 0.00158176 0.00318265 0.00237667 0.01525796
 0.02250373 0.8799328  0.06887557] [4.4440935e-04 2.1971404e-04 1.6676655e-04 4.0483076e-04 8.6228218e-05
 3.6579985e-04 9.9670368e-01 1.5279086e-03 8.0613892e-05] [0.01552585 0.01334252 0.03282981 0.13691397 0.00852978 0.09427337
 0.3447238  0.02648674 0.32737416] [9.6094224e-04 1.0530109e-03 2.9687337e-03 9.7678171e-04 5.9292652e-04
 5.1415036e-04 7.2616088e-04 9.9146539e-01 7.4189261e-04] [8.8302174e-04 1.9351775e-03 4.0227731e-04 1.8665886e-03 1.3687939e-03
 4.0097027e-03 3.4333114e-03 9.1626507e-04 9.8518491e-01] [0.02311023 0.02643816 0.08056471 0.16958593 0.03314527 0.14394177
 0.04176649 0.03794129 0.44350612] [0.00611287 0.00398526 0.00370755 0.00282497 0.0010961  0.00413673
 0.9717268  0.00508005 0.00132976] [0.00548463 0.00590312 0.9633858  0.00529835 0.00448171 0.00206207
 0.0059568  0.00339571 0.00403177] [9.9337584e-01 1.3263503e-03 6.9965341e-04 2.2856676e-04 1.1282264e-03
 5.4146990e-04 1.5764926e-03 8.0455351e-04 3.1882292e-04] [0.02118579 0.03153361 0.02222597 0.2784408  0.02629699 0.38786536
 0.15767962 0.02894826 0.04582363] [0.00507483 0.01569027 0.01687603 0.00657454 0.00489259 0.03384333
 0.01800894 0.885573   0.01346645] [0.02105844 0.18596375 0.04582934 0.02305186 0.0441182  0.39854723
 0.02738701 0.23377515 0.02026903] [0.00859919 0.00494483 0.8536913  0.11142011 0.00313903 0.00472913
 0.00253838 0.00613565 0.00480238] [0.1375798  0.03249178 0.10435201 0.28537884 0.32376435 0.02971212
 0.0416478  0.03035161 0.01472166] [6.0826507e-05 4.8139940e-05 3.8009370e-04 9.9844509e-01 4.9537577e-04
 1.0453769e-04 1.2607162e-04 1.6555234e-04 1.7433178e-04] [0.00654629 0.10214826 0.13188185 0.68741757 0.03236599 0.01136384
 0.00721438 0.01060365 0.01045818] [0.00612567 0.03156602 0.9103619  0.01730315 0.00574041 0.00289592
 0.01058993 0.01049761 0.00491939] [0.02148949 0.0158145  0.01130496 0.00754303 0.01631329 0.86560035
 0.04280607 0.01296632 0.00616206] [9.8753756e-01 2.0690516e-03 3.0870880e-03 1.0034089e-03 6.1981275e-04
 3.6497079e-04 1.6045496e-03 2.2811915e-03 1.4323812e-03] [0.0182844  0.03115892 0.00933286 0.01726123 0.01313453 0.08632565
 0.00304303 0.7854253  0.03603403] [0.00679242 0.01482999 0.0047905  0.04034582 0.01068766 0.11143521
 0.670366   0.0070195  0.13373293] [0.2604701  0.0359543  0.38633913 0.22461317 0.01157307 0.01637829
 0.01422911 0.01547986 0.03496296] [1.5228752e-03 9.3112001e-04 5.4571452e-04 1.6347400e-03 9.9144202e-01
 1.6283869e-03 4.9495808e-04 1.3242620e-03 4.7586192e-04] [6.3051388e-04 1.1159090e-03 1.1780701e-03 1.4148406e-03 8.1292726e-04
 2.4360400e-03 9.8643261e-01 5.6615536e-04 5.4129986e-03] [0.0078327  0.00478075 0.0050543  0.17372698 0.01139608 0.52922505
 0.13517004 0.08590197 0.04691214] [0.02196603 0.01584968 0.05737376 0.10685503 0.05145976 0.4359079
 0.11144441 0.03681193 0.16233155] [0.95667845 0.00576374 0.01263272 0.00688659 0.00276258 0.00272305
 0.00360251 0.00691584 0.00203457] [0.02486246 0.03911342 0.06470224 0.02787744 0.02136694 0.05787538
 0.03267216 0.04977847 0.68175143] [0.0182804  0.02473635 0.09397572 0.0395859  0.01255784 0.05901853
 0.03288816 0.12743655 0.5915205 ] [0.0694421  0.12993301 0.09507327 0.06791985 0.08644298 0.21772404
 0.02753582 0.27724555 0.0286834 ] [9.95770156e-01 8.90604337e-04 4.12594352e-04 4.46591206e-04
 9.50681744e-04 2.90734955e-04 4.13032540e-04 7.22571393e-04
 1.02950755e-04] [0.00517158 0.00169168 0.01053713 0.9498146  0.00132513 0.00315889
 0.00697403 0.00205273 0.0192742 ] [0.24835587 0.33139458 0.05781318 0.04224832 0.02118573 0.05532988
 0.02507171 0.0543014  0.16429935] [2.5041826e-04 2.6989888e-04 2.0550456e-04 3.0602282e-04 2.6134538e-04
 6.5912778e-04 7.3555281e-04 9.9703974e-01 2.7234849e-04] [1.55687841e-04 1.61245043e-04 4.03761893e-04 2.76778756e-05
 9.98707294e-01 8.64088943e-05 7.15187634e-05 2.86225957e-04
 1.00151505e-04] [9.7352433e-01 3.8162572e-03 2.0120342e-03 2.8576204e-03 9.6862850e-04
 3.0697538e-03 1.8292328e-03 1.0583718e-02 1.3384798e-03] [0.00366933 0.00236721 0.00342715 0.00433887 0.9714335  0.00112487
 0.00335445 0.00563146 0.00465318] [0.03948619 0.13549066 0.1725657  0.07481177 0.01580383 0.0347021
 0.02794733 0.43442804 0.06476437] [9.5347723e-04 1.6674022e-03 1.5665184e-03 9.5438882e-04 1.0952342e-03
 8.9318715e-03 9.7041678e-01 7.5797224e-03 6.8345554e-03] [0.00982149 0.00660782 0.0064539  0.3583686  0.01598049 0.25561816
 0.04667328 0.22169606 0.0787802 ] [0.00708289 0.00743518 0.01171121 0.0058868  0.00608929 0.02733178
 0.01382643 0.908436   0.01220041] [0.09937348 0.0337339  0.00466981 0.01846466 0.04872816 0.75549394
 0.03162717 0.00302684 0.00488204] [0.8826535  0.01569833 0.01756448 0.00401606 0.0186148  0.00888145
 0.01531024 0.02571289 0.01154831] [0.04630809 0.09937228 0.58465946 0.01237373 0.0755339  0.0148181
 0.04529147 0.10422739 0.01741559] [0.02340014 0.04266119 0.1198345  0.22805054 0.04408517 0.25646356
 0.23257327 0.02656805 0.02636358] [0.01762957 0.57867867 0.04789191 0.03356279 0.02296409 0.03915581
 0.04683331 0.15122698 0.06205685] [0.00526674 0.01397238 0.01409483 0.02221028 0.02401725 0.17812282
 0.05512153 0.67723453 0.0099597 ] [0.00928514 0.05231607 0.04573658 0.02416687 0.00811571 0.81570333
 0.00631287 0.03275484 0.00560861] [1.9641103e-04 3.1411249e-04 2.0691693e-04 1.7755770e-04 9.9804902e-01
 1.8946939e-04 1.7872789e-04 2.9543872e-04 3.9230485e-04] [0.04068194 0.02465906 0.05160335 0.00974007 0.01124044 0.75777185
 0.04472602 0.01475107 0.0448262 ] [0.05807392 0.02800163 0.01696092 0.05067001 0.01307376 0.02014233
 0.09565723 0.02366365 0.6937566 ] [3.6446721e-04 2.1256854e-04 1.9379445e-04 3.0138355e-04 9.9651307e-01
 1.0961795e-03 5.4614065e-04 3.8638560e-04 3.8603236e-04] [0.17876594 0.31665298 0.04439119 0.32912287 0.01712351 0.049578
 0.02825446 0.02431308 0.01179799] [0.4991254  0.02145599 0.05398774 0.17161761 0.01459542 0.03141488
 0.08999224 0.07137882 0.0464319 ] [0.00658946 0.01534292 0.3152875  0.6088475  0.00509755 0.00614161
 0.00347077 0.00846501 0.03075763] [0.05037149 0.1315326  0.31793028 0.2240532  0.03132243 0.05792103
 0.03305758 0.1270531  0.0267583 ] [0.977498   0.00383286 0.00244332 0.00187058 0.00293059 0.00363812
 0.00097835 0.00361588 0.00319231] [0.06327277 0.6913451  0.05173572 0.00989396 0.15907335 0.00466931
 0.01014223 0.00550152 0.00436603] [0.00451776 0.01187573 0.00207977 0.00191978 0.97261983 0.00114988
 0.00224014 0.00258466 0.00101245] [0.09159096 0.53294706 0.08501976 0.03626686 0.06111391 0.08614209
 0.03134929 0.06085625 0.01471377] [0.00580847 0.00796168 0.00294894 0.00542026 0.00370208 0.00111081
 0.01653741 0.95033747 0.00617287] [0.14983621 0.11845893 0.15143181 0.04803684 0.12212812 0.17390239
 0.13829786 0.02172732 0.07618053] [0.04220843 0.8719268  0.00625906 0.03222079 0.00415489 0.00924819
 0.01039062 0.01305849 0.0105327 ] [0.02122824 0.01647459 0.89177525 0.01236298 0.00577116 0.0250311
 0.00784458 0.01447335 0.00503875] [0.6406444  0.09489792 0.0426801  0.02230007 0.02076317 0.04331939
 0.01862122 0.08517341 0.03160036] [5.1492755e-04 7.9808739e-04 1.6508981e-03 6.8016379e-04 9.9407166e-01
 1.7429003e-04 1.3619742e-03 4.0275819e-04 3.4526168e-04] [0.00858627 0.907577   0.03028186 0.01168564 0.01546742 0.00709125
 0.00661828 0.00955233 0.00313991] [1.7914734e-03 1.4756952e-03 2.1296053e-03 1.8554706e-03 7.2807737e-04
 3.5324781e-03 9.8602480e-01 8.9664554e-04 1.5657595e-03] [0.00513101 0.00972154 0.01152241 0.21973898 0.02072209 0.09440902
 0.5540126  0.03970869 0.04503367] [0.06739856 0.01698589 0.01654962 0.10035576 0.03668128 0.19313593
 0.04355555 0.29282284 0.23251458] [0.18640585 0.2566996  0.0513325  0.03735394 0.05508269 0.10700689
 0.02224235 0.13605209 0.14782411] [0.07279231 0.23279257 0.43338487 0.18753648 0.01208685 0.00735748
 0.03353837 0.00759834 0.01291278] [0.00545307 0.00459278 0.80623597 0.03100055 0.12508738 0.00395091
 0.0042001  0.00879915 0.01068012] [0.00238694 0.00109957 0.9641247  0.01785853 0.00226174 0.0017963
 0.00219528 0.00568537 0.00259153] [0.00568455 0.00924262 0.01126697 0.02865865 0.00218466 0.8284893
 0.09529023 0.01268489 0.00649816] [0.02215138 0.0059321  0.0654976  0.0357106  0.01093804 0.7818029
 0.04084846 0.01566596 0.02145302] [0.01558879 0.03263593 0.00869635 0.02956054 0.01516408 0.06987564
 0.29413378 0.01329595 0.52104896] [3.8893963e-04 4.1408982e-04 3.2628700e-04 1.8089598e-03 6.9465738e-04
 2.0812540e-03 9.7172201e-01 3.5639643e-03 1.8999852e-02] [0.15237455 0.3071     0.06227935 0.05711938 0.21882643 0.06463727
 0.05546734 0.03483721 0.04735845] [0.01983215 0.01057454 0.01127166 0.02835711 0.01773492 0.03996963
 0.02256164 0.4800316  0.3696667 ] [0.01720477 0.03662888 0.03972272 0.39848766 0.02477249 0.1301053
 0.09955386 0.13505276 0.11847158] [0.04026524 0.02867273 0.03498452 0.12806535 0.0528398  0.30557698
 0.03127712 0.18552408 0.19279422] [0.00240494 0.9829252  0.00381839 0.0017328  0.00114299 0.00136327
 0.00242255 0.0012859  0.00290402] [0.0023156  0.00568138 0.0030664  0.0126081  0.00186083 0.01251667
 0.9448342  0.00420329 0.01291362] [0.02328772 0.02713931 0.0070087  0.01362063 0.03008748 0.8089997
 0.05102263 0.02327755 0.01555626] [0.07449619 0.05954655 0.27153236 0.03829498 0.04423064 0.03038342
 0.05955881 0.39718348 0.02477359] [0.01424366 0.17210108 0.01588367 0.00712696 0.01494018 0.00460724
 0.01007778 0.74764186 0.01337757] [1.0798406e-04 2.7054508e-04 1.1904942e-04 1.2279075e-04 1.5917786e-04
 4.2409456e-04 1.7406940e-04 9.9849319e-01 1.2904023e-04] [0.06666461 0.02020743 0.02530447 0.06952455 0.02702096 0.08308645
 0.02470941 0.03467902 0.64880306] [0.00157936 0.00119259 0.01199998 0.01339173 0.001284   0.9608324
 0.00195231 0.00137313 0.0063945 ] [0.07951015 0.10142531 0.03131933 0.03050148 0.02231798 0.03180674
 0.0270872  0.63991314 0.03611868] [0.01032487 0.01132369 0.0533707  0.21523644 0.0137866  0.27303097
 0.0792834  0.02357777 0.32006556] [0.03387099 0.59893554 0.07783306 0.17675987 0.01966532 0.01204752
 0.01438693 0.00870086 0.05779987] [0.01888175 0.17700857 0.5472059  0.01502339 0.06602832 0.0159315
 0.04834132 0.09924781 0.01233141] [0.11384386 0.0137214  0.01085073 0.18615285 0.01053149 0.40550083
 0.06838553 0.06753826 0.12347502] [0.00677511 0.965497   0.00908381 0.00109808 0.00105563 0.00158446
 0.00244047 0.01148587 0.00097956] [0.0077217  0.18332398 0.66573995 0.04926361 0.03646435 0.02634298
 0.00976477 0.00412193 0.01725671] [0.07292859 0.01646393 0.14910863 0.41599646 0.02220488 0.22059394
 0.02326919 0.02907032 0.05036404] [1.5430325e-03 1.1448006e-03 5.0400081e-04 2.7399240e-03 3.3286302e-03
 1.0885005e-03 1.9199228e-03 9.8672223e-01 1.0089263e-03] [0.01162245 0.00514774 0.00180231 0.00570676 0.00249551 0.93649364
 0.00387355 0.02813801 0.00472004] [5.2247131e-05 6.6412009e-05 8.0587699e-05 5.0271268e-04 9.5443866e-05
 8.1364624e-04 9.9807173e-01 1.2742080e-04 1.8983688e-04] [0.00487626 0.00112453 0.00684679 0.02854552 0.00107274 0.00855924
 0.0053161  0.00597813 0.9376807 ] [0.82664895 0.00803621 0.03957075 0.00737829 0.02693977 0.00693408
 0.0385128  0.0261311  0.01984804] [1.2826780e-03 7.4803317e-04 2.8451851e-03 1.6714556e-03 9.8187917e-01
 3.3910284e-03 4.7410619e-03 1.2773769e-03 2.1639783e-03] [9.2245563e-04 5.9745996e-04 5.9813843e-04 3.2626587e-04 9.9359632e-01
 4.4831663e-04 2.5772440e-04 2.8196559e-04 2.9713563e-03] [0.01154106 0.00967577 0.01192418 0.08916572 0.01284091 0.10477878
 0.04667679 0.11033302 0.60306376] [0.00645917 0.00796857 0.88596547 0.07783718 0.00202314 0.00875716
 0.00272749 0.00682897 0.00143285] [0.04919639 0.26755604 0.49790597 0.07251754 0.01241131 0.00568468
 0.0667227  0.019313   0.0086924 ] [1.1276393e-03 9.8321633e-04 6.6229649e-04 5.2258056e-03 6.7347905e-04
 1.0049399e-03 8.1235077e-04 1.9508908e-03 9.8755938e-01] [0.0909495  0.09772917 0.17277537 0.03271177 0.06356628 0.05518278
 0.03787297 0.13048291 0.31872925] [0.0711493  0.42745265 0.04901099 0.02907894 0.15225075 0.04811833
 0.03462247 0.11663409 0.07168251] [0.07333618 0.02906754 0.02926502 0.01265801 0.05644438 0.14856005
 0.02005215 0.58677727 0.04383939] [0.00407089 0.00708253 0.02332707 0.9193775  0.01333879 0.00420587
 0.00238468 0.00743109 0.01878162] [0.0044342  0.00266312 0.02005232 0.8794331  0.00199815 0.02617007
 0.00426367 0.00559243 0.05539291] [0.00565578 0.01373292 0.02660371 0.0215652  0.00575808 0.01479055
 0.00451106 0.8076648  0.09971789] [0.8440817  0.04135344 0.01643264 0.01026056 0.02227261 0.004309
 0.00655827 0.02791633 0.02681546] [0.1875828  0.1981651  0.1707332  0.03854794 0.03288922 0.14434151
 0.08589337 0.0759406  0.06590622] [1.1944666e-03 6.4874953e-04 1.6358980e-03 3.9432682e-03 7.5594883e-04
 1.4360835e-02 9.6649855e-01 9.6157467e-04 1.0000712e-02] [2.0301604e-04 1.7646737e-04 3.1318466e-04 1.5604202e-04 9.9862421e-01
 9.2919698e-05 1.8240551e-04 2.0103257e-04 5.0744187e-05] [5.0549419e-04 2.8304227e-03 1.2114826e-03 4.6946752e-04 8.4252207e-04
 3.1208000e-03 5.4340740e-04 9.8874599e-01 1.7304668e-03] [0.00604256 0.0029772  0.00486748 0.01546498 0.30281535 0.63226986
 0.00591421 0.01802299 0.01162542] [0.6223177  0.05541684 0.03389658 0.03407984 0.01296157 0.01980321
 0.01265573 0.03998734 0.16888121] [0.00780425 0.00362853 0.00437446 0.01692495 0.00388096 0.04579152
 0.0089993  0.03970562 0.86889046] [0.00452873 0.01787026 0.9524752  0.01521703 0.00203951 0.00232837
 0.00155522 0.00225975 0.00172596] [1.9707014e-03 7.7679945e-04 1.1482782e-03 3.4170183e-03 1.1463165e-03
 9.8414397e-01 1.7265980e-03 2.1583815e-03 3.5119154e-03] [6.1514054e-04 7.4983173e-04 9.9333113e-01 4.1246726e-03 2.3506618e-04
 1.9690045e-04 2.7208877e-04 1.3918115e-04 3.3601277e-04] [0.04059167 0.01969602 0.06073001 0.02559358 0.07941917 0.5583583
 0.09995311 0.02650799 0.08915013] [9.6896172e-01 1.0074652e-02 1.8360534e-03 2.6287889e-04 1.4248942e-02
 5.6949578e-04 1.2047376e-03 6.2026497e-04 2.2212118e-03] [0.013506   0.00436334 0.00351825 0.635038   0.0026512  0.02632268
 0.04021124 0.00250563 0.27188364] [0.00924735 0.06540813 0.01341552 0.32009357 0.01558367 0.03746583
 0.16129182 0.03385523 0.3436389 ] [0.00777146 0.00830241 0.01279869 0.01081022 0.86733407 0.0412358
 0.00455006 0.01953067 0.02766656] [0.7170114  0.06779788 0.02834069 0.02538618 0.05481923 0.02718876
 0.01491791 0.04175452 0.02278345] [3.1579395e-03 9.7745049e-01 9.7527383e-03 2.1532052e-03 8.0792536e-04
 3.6577720e-04 4.9904099e-04 3.1765690e-03 2.6363540e-03] [0.01097241 0.0070182  0.10746591 0.7783387  0.01009724 0.03318486
 0.02345874 0.01269124 0.01677272] [0.0293301  0.02145573 0.06001575 0.02231327 0.30933607 0.20635237
 0.17396708 0.08471836 0.09251129] [0.05870358 0.02280962 0.5044754  0.35793048 0.00946451 0.00654561
 0.00741489 0.02502443 0.00763151] [0.01326897 0.0183949  0.00721423 0.16087303 0.04712614 0.1644796
 0.13732824 0.11915182 0.33216307] [0.00556246 0.00699702 0.00269879 0.01702989 0.00324432 0.01521343
 0.00587166 0.002965   0.9404174 ] [0.00702488 0.043491   0.03233959 0.00932924 0.8717345  0.00464935
 0.00662557 0.01470513 0.01010071] [0.01007204 0.00230066 0.00215457 0.01273505 0.0075654  0.915909
 0.00664117 0.00458059 0.03804157] [1.2663486e-04 4.9126320e-05 2.6622741e-04 7.0787326e-05 9.9895561e-01
 1.6528383e-04 1.2344468e-04 1.8869869e-04 5.4194610e-05] [0.00675624 0.92839503 0.00629382 0.00494055 0.00808557 0.00324878
 0.00371976 0.0107257  0.0278345 ] [0.05040136 0.08391496 0.01336065 0.1354932  0.02519983 0.25315383
 0.24888867 0.02958866 0.1599988 ] [0.00371555 0.00326077 0.00517193 0.00802938 0.00249055 0.01345339
 0.00759963 0.00682788 0.94945097] [0.10152993 0.42223075 0.07113006 0.03399553 0.05464914 0.04779061
 0.02659446 0.05053541 0.19154407] [1.7998756e-03 8.9777674e-04 2.2009369e-03 2.2536896e-03 2.1856427e-03
 1.5268771e-03 9.8765767e-01 5.7286536e-04 9.0471114e-04] [0.00624738 0.01580249 0.02014297 0.00656646 0.00856814 0.00227829
 0.8536831  0.00652595 0.08018517] [0.00766594 0.00244629 0.0015801  0.00955326 0.00542689 0.0087953
 0.89314556 0.00340374 0.06798292] [0.00615589 0.02781595 0.01211131 0.12503426 0.02817857 0.08352043
 0.05594269 0.62548095 0.03575995] [0.0808084  0.1053696  0.21076311 0.06278897 0.19909021 0.09567954
 0.04030476 0.05396593 0.15122944] [0.00869755 0.00494525 0.00144322 0.01103424 0.01013206 0.01358701
 0.01957651 0.00381734 0.92676675] [1.2404531e-03 2.8643655e-03 2.9720932e-03 9.8315597e-01 1.7272935e-03
 1.7520449e-03 2.4139730e-03 5.6513509e-04 3.3086953e-03] [0.0438547  0.00984943 0.06519075 0.07632087 0.02623691 0.07054949
 0.01322964 0.01494773 0.6798205 ] [0.02047286 0.04310124 0.85097855 0.01183125 0.01725738 0.00531148
 0.02323037 0.016523   0.0112939 ] [0.12778139 0.45924497 0.0287776  0.05139901 0.07535037 0.03958851
 0.02825408 0.15135865 0.03824543] [0.01592589 0.04799282 0.03355754 0.14697762 0.3012817  0.14670892
 0.20774278 0.03340894 0.06640378] [0.04831597 0.8153911  0.0283272  0.00735238 0.01032722 0.03099248
 0.0103048  0.02540801 0.0235808 ] [0.01146397 0.02803625 0.01465692 0.01792143 0.00855089 0.40765655
 0.05791734 0.21504521 0.23875141] [0.00197708 0.00246866 0.00823118 0.95537686 0.00309332 0.00474838
 0.0064043  0.00528609 0.01241416] [0.17086726 0.04417498 0.35851264 0.05368381 0.0730846  0.02958536
 0.09615718 0.13216951 0.04176464] [0.00241812 0.00258892 0.00390427 0.978101   0.00117184 0.00121995
 0.0064318  0.00294264 0.00122143] [0.3267085  0.11210421 0.06023106 0.10091335 0.02868159 0.08648327
 0.0238953  0.02692765 0.23405506] [0.01818242 0.00278137 0.01281777 0.12734567 0.00564836 0.09058169
 0.03658322 0.13081212 0.57524735] [0.01499609 0.00334847 0.01536703 0.00796461 0.0071437  0.03414139
 0.02237386 0.05906766 0.8355972 ] [0.10055459 0.0194516  0.00753048 0.07564874 0.00684762 0.10380245
 0.05720324 0.5399785  0.08898276] [0.05874034 0.12827368 0.01424248 0.5651891  0.04475857 0.02896342
 0.05770541 0.04491576 0.05721118] [0.06226969 0.9000536  0.01368053 0.00207669 0.00526761 0.0045559
 0.00249868 0.0046928  0.00490449] [0.00997584 0.02317122 0.01456483 0.1477726  0.02332457 0.14464557
 0.07610362 0.42544228 0.13499948] [8.1522849e-05 4.9687231e-05 1.3422988e-04 6.5168351e-05 9.9705160e-01
 2.1374319e-03 2.5614424e-04 1.5712997e-04 6.7087138e-05] [0.00781646 0.03073588 0.00371241 0.00172816 0.00762761 0.0010848
 0.00099982 0.9436339  0.002661  ] [0.00512861 0.0080997  0.00547844 0.01702237 0.006779   0.1171143
 0.02518797 0.08574902 0.7294406 ] [0.03996722 0.00815287 0.01787285 0.03199358 0.00638883 0.05795169
 0.05800192 0.02839722 0.7512738 ] [2.6389756e-03 7.2063715e-04 1.6455615e-03 1.4309491e-03 9.8607326e-01
 2.6653942e-03 2.0888564e-03 1.2254857e-03 1.5108386e-03] [0.01546213 0.00613834 0.00653599 0.7242491  0.00540044 0.10289178
 0.05268097 0.01894135 0.06769992] [0.18593329 0.628511   0.03296038 0.01541172 0.01184623 0.03267535
 0.01682965 0.01824991 0.05758243] [0.14708617 0.05902603 0.03767095 0.00959427 0.01941538 0.02500659
 0.65822816 0.01332233 0.03065011] [0.08921723 0.00851281 0.00951448 0.0410968  0.0234884  0.01195314
 0.02647021 0.75942117 0.03032576]",0 4 0 4 4 1 0 3 7 0 2 2 8 0 5 6 6 3 4 1 1 8 6 4 3 0 6 7 0 1 6 3 0 5 2 2 3 6 6 7 6 7 7 8 5 6 2 0 5 7 5 2 2 3 2 2 5 0 7 6 1 4 6 5 6 0 8 8 5 0 3 1 7 4 0 4 7 6 7 7 5 0 2 3 1 7 5 4 5 3 4 0 0 3 2 0 1 4 1 7 1 1 2 0 4 1 6 3 8 1 2 2 2 5 6 8 6 0 7 8 5 1 6 5 0 7 7 8 5 7 5 2 2 5 1 2 5 7 5 6 8 0 4 4 8 2 2 8 8 4 6 3 3 7 0 1 6 4 7 4 2 8 2 5 2 4 0 3 3 4 0 1 3 3 3 8 3 4 5 4 1 5 8 1 6 6 6 7 5 8 3 8 2 1 4 1 8 3 1 3 3 8 8 7 8 1 7 4 7 8 8 4 3 1 6 5
1468,2,xgboost,0.5,5000,5000,0.8148148148148148,0.978250385802469,"[7.46917096e-04 1.27171248e-03 1.44280330e-03 9.61883128e-01
 3.30304913e-03 1.39950495e-02 1.17796641e-02 1.76436757e-03
 3.81329842e-03] [0.03896581 0.00884121 0.00647856 0.04256097 0.02002921 0.0761626
 0.01068509 0.40286067 0.39341593] [0.01294761 0.00995144 0.00425202 0.08901092 0.01133776 0.6346536
 0.13502432 0.02005904 0.0827632 ] [0.01127953 0.07818388 0.06226884 0.02525657 0.0323675  0.02872569
 0.01518156 0.7376696  0.00906689] [9.9319929e-01 2.6185613e-04 9.3247322e-04 4.4256481e-04 1.3581711e-03
 4.6220594e-04 1.0609437e-03 7.3246210e-04 1.5500635e-03] [3.8234281e-04 9.2135080e-05 9.9824739e-01 4.2702770e-04 1.7884835e-04
 1.9639068e-04 6.0667786e-05 1.0965389e-04 3.0563003e-04] [0.06573352 0.04957531 0.03316662 0.0983142  0.04841377 0.01399144
 0.4382472  0.032436   0.22012196] [4.43812023e-04 1.66783677e-04 1.46410486e-04 7.38263843e-05
 9.98621464e-01 1.14612456e-04 2.63548165e-04 6.43449384e-05
 1.05210915e-04] [0.01318807 0.01552629 0.02113476 0.02015541 0.01356889 0.06274697
 0.7536148  0.0405578  0.05950701] [0.02140058 0.0116632  0.01569365 0.02050068 0.01138465 0.01860508
 0.02483243 0.87179804 0.00412168] [0.12055424 0.14842752 0.15733267 0.03523096 0.1143748  0.04754885
 0.08470517 0.22159564 0.07023021] [0.74620354 0.05408052 0.03103531 0.02015196 0.03203339 0.0176287
 0.0324211  0.06076409 0.00568139] [0.38337153 0.05435078 0.18149817 0.09513652 0.04615211 0.06620385
 0.05525729 0.06839706 0.04963266] [0.16148858 0.34854454 0.03351492 0.06479316 0.01667488 0.18462761
 0.07267579 0.09067281 0.0270077 ] [0.02314227 0.01511203 0.02462499 0.08365552 0.11911484 0.24767047
 0.21484171 0.01632003 0.25551814] [9.9026138e-01 9.7001798e-04 2.9432494e-03 9.8250865e-04 2.4164789e-03
 5.5485859e-04 1.4610450e-03 1.9798757e-04 2.1248260e-04] [0.0742489  0.05628538 0.17801775 0.0796457  0.05766321 0.07900724
 0.0382088  0.0932145  0.3437085 ] [0.13032587 0.14178772 0.36311567 0.20140295 0.04455397 0.01958643
 0.01978623 0.04848296 0.03095818] [1.1771893e-03 8.0616062e-04 4.4827760e-04 3.4166902e-04 5.7444413e-04
 2.6749659e-04 9.9560416e-01 2.1369991e-04 5.6692254e-04] [0.06606519 0.07475982 0.1529256  0.0226072  0.02561347 0.26075304
 0.03175519 0.04492585 0.32059467] [0.01582627 0.04286359 0.01333088 0.7918762  0.01498431 0.00639111
 0.02970615 0.01057235 0.0744492 ] [0.03821756 0.00884478 0.01101823 0.01338892 0.00388531 0.00564279
 0.00835082 0.8813876  0.029264  ] [0.00800663 0.00732748 0.01159374 0.0062664  0.9179048  0.01074446
 0.00936629 0.01561317 0.013177  ] [0.01124378 0.04055664 0.83472043 0.0529511  0.00752416 0.00857004
 0.00702795 0.00743569 0.02997022] [0.17710198 0.08444852 0.471495   0.03625186 0.12378465 0.01145328
 0.05784344 0.01976647 0.01785479] [0.01333325 0.03652541 0.8805439  0.00812111 0.01551268 0.00834615
 0.00934555 0.00691156 0.02136034] [0.02916971 0.01919    0.02731957 0.02918198 0.78523874 0.01318908
 0.02112427 0.01955732 0.05602938] [0.02498603 0.02042169 0.04947131 0.03587693 0.77597    0.01705832
 0.02334462 0.03530748 0.01756364] [5.4284377e-04 2.4823777e-04 9.9308240e-01 3.6581275e-03 5.9674564e-04
 9.9990144e-04 3.2356678e-04 3.2203464e-04 2.2606232e-04] [0.01790297 0.04266222 0.25815088 0.17913263 0.07482711 0.222657
 0.02398103 0.01188786 0.16879827] [0.00852241 0.8478069  0.02170325 0.06815127 0.00622399 0.00446756
 0.00507724 0.02527781 0.01276956] [0.0017174  0.00668774 0.00372313 0.9495963  0.00659424 0.00460333
 0.00297035 0.00680199 0.01730557] [0.95154744 0.00212026 0.00517353 0.00803441 0.00430855 0.00371472
 0.00728412 0.01324372 0.00457323] [0.12766905 0.3547652  0.02239439 0.29021353 0.01108332 0.02288321
 0.01947655 0.02095102 0.13056374] [0.00149717 0.00112489 0.00777585 0.9161973  0.00183463 0.02804057
 0.00710042 0.00141585 0.03501334] [0.19592652 0.61996764 0.03064949 0.01086612 0.02161782 0.0831172
 0.01156332 0.01494473 0.01134713] [0.0018221  0.96797144 0.00737627 0.00700662 0.00239377 0.00136146
 0.00524644 0.00268105 0.00414084] [9.4944313e-03 9.7111964e-01 8.0499044e-03 2.0688027e-03 1.4770057e-03
 6.9675455e-04 1.2690977e-03 1.9678632e-03 3.8565120e-03] [0.7530788  0.01125188 0.05030284 0.00672737 0.01600317 0.01052818
 0.0064355  0.13828045 0.0073918 ] [0.02508997 0.01190905 0.00862812 0.18018378 0.01454343 0.10012441
 0.16304827 0.12634537 0.3701276 ] [0.1459834  0.12120665 0.21710403 0.05090467 0.03343355 0.20565051
 0.03592575 0.09038746 0.09940394] [2.34209583e-03 1.58187165e-03 8.75236525e-04 4.98990389e-03
 1.50498105e-02 9.55640256e-01 2.62017245e-03 1.59132073e-03
 1.53093347e-02] [3.0932011e-04 2.7475812e-04 4.6929900e-04 1.9164186e-04 9.9665338e-01
 1.1152150e-03 3.7953738e-04 2.2132584e-04 3.8552308e-04] [0.00796599 0.00556707 0.00676321 0.03421494 0.01221836 0.01016884
 0.00630415 0.91098046 0.00581693] [0.00379544 0.0107753  0.9285689  0.03504994 0.00763024 0.00502659
 0.00271389 0.00194786 0.00449182] [0.0064127  0.08682977 0.00489792 0.09191249 0.07362486 0.61599606
 0.01585699 0.00735431 0.0971149 ] [0.00107922 0.00207762 0.0011887  0.00203693 0.9746602  0.00410435
 0.00361355 0.00169895 0.00954049] [0.00525043 0.028874   0.00969257 0.05715255 0.00489456 0.00829266
 0.87213075 0.00556009 0.00815243] [0.06830858 0.12451513 0.06835238 0.1626701  0.13162476 0.25823373
 0.04344153 0.04044435 0.10240946] [0.0371583  0.01276219 0.05832598 0.15723515 0.06550398 0.40310273
 0.10148025 0.07787735 0.08655412] [0.01442138 0.23930438 0.12496103 0.03680789 0.04280255 0.06776024
 0.08672315 0.03970469 0.34751466] [0.00552014 0.00722235 0.00372328 0.02788038 0.01175798 0.00568415
 0.02191515 0.90126747 0.01502908] [0.07591575 0.01904495 0.09241875 0.02665713 0.01881129 0.03857904
 0.03618219 0.5352501  0.15714076] [0.00209238 0.00231265 0.00102603 0.01285286 0.00195354 0.00325228
 0.00655209 0.0031726  0.96678555] [0.00496046 0.02066141 0.01758789 0.03588332 0.01876791 0.07102821
 0.18798076 0.00631756 0.63681245] [0.01369488 0.43726653 0.01989305 0.00958114 0.02458798 0.0120139
 0.0107019  0.45889083 0.01336985] [0.07176782 0.7155747  0.02210037 0.0100298  0.02147727 0.03847508
 0.00906855 0.01457858 0.09692787] [0.00661244 0.00203886 0.00230404 0.03857441 0.0030603  0.10219921
 0.35169244 0.00916476 0.48435354] [3.1423575e-04 3.5097613e-04 2.0938684e-04 1.2365464e-03 4.6069172e-04
 2.2915490e-03 6.7767198e-03 8.5919155e-03 9.7976798e-01] [0.03363241 0.15236785 0.06491758 0.11065787 0.5068705  0.02632972
 0.04036192 0.03024581 0.0346163 ] [3.6204030e-04 7.5677247e-04 3.4418929e-04 5.5567082e-04 9.9690884e-01
 3.3882129e-04 4.2895487e-04 1.2222420e-04 1.8248489e-04] [0.02836041 0.04729594 0.26437378 0.02376086 0.02487324 0.06617998
 0.02832596 0.4875244  0.02930549] [0.00108392 0.00642886 0.00361787 0.006961   0.00411705 0.02240187
 0.9355048  0.0099006  0.00998398] [0.05421403 0.04986441 0.27995732 0.36961263 0.09901389 0.01467791
 0.00753318 0.11462869 0.01049792] [0.7668169  0.08974633 0.02568578 0.01134255 0.03480384 0.00693908
 0.04745972 0.01395126 0.00325456] [0.05519352 0.43754953 0.29174086 0.04748797 0.03025175 0.04476644
 0.01677258 0.02347559 0.05276179] [0.07484557 0.03782133 0.56863725 0.05438104 0.03121484 0.01671365
 0.04174861 0.07043328 0.10420448] [0.0107583  0.6554614  0.27175972 0.00365472 0.01504579 0.0072309
 0.01261237 0.01685604 0.00662075] [5.1341823e-04 6.3009310e-04 9.9336195e-01 2.6198181e-03 6.7976152e-04
 4.2914518e-04 5.6105119e-04 5.4077851e-04 6.6396670e-04] [0.00782701 0.00358521 0.01089013 0.00941857 0.03397625 0.00144533
 0.00262274 0.92261493 0.00761982] [0.9249055  0.00983563 0.00449401 0.0043387  0.01207734 0.00094265
 0.00229673 0.00506459 0.03604481] [1.7692300e-03 1.0168732e-03 3.4446272e-03 2.9897057e-03 1.6403325e-03
 3.3476029e-03 9.8364693e-01 7.9331361e-04 1.3513329e-03] [0.01725397 0.00406029 0.00609581 0.02357896 0.01660354 0.84148204
 0.04138763 0.00862287 0.04091488] [0.00415272 0.03370972 0.00759489 0.02561523 0.01080826 0.01138938
 0.05174407 0.8492205  0.00576523] [0.06710359 0.0080305  0.00761157 0.02237873 0.00763174 0.69411284
 0.02602232 0.13627237 0.0308363 ] [0.01317824 0.15372863 0.00479375 0.05877836 0.01149242 0.03029937
 0.6701978  0.02877656 0.02875491] [9.7359234e-01 6.5134984e-04 1.8177168e-03 1.3848090e-03 9.7318012e-03
 7.1385396e-03 1.0674343e-03 3.4345423e-03 1.1814743e-03] [0.05888917 0.08624732 0.13667777 0.05172469 0.01624371 0.03512986
 0.02083058 0.5626346  0.03162232] [0.00742476 0.00765623 0.00586647 0.00264555 0.00286117 0.03111618
 0.00831496 0.9317658  0.00234887] [0.0317712  0.80774826 0.02155585 0.01851344 0.01320568 0.0050259
 0.00744867 0.07935584 0.01537512] [4.8366180e-03 1.8833773e-02 9.6641672e-01 1.8082258e-03 1.8043481e-03
 1.0329030e-03 1.5248818e-03 2.8159996e-03 9.2661125e-04] [1.0915003e-03 9.8172748e-01 9.8170259e-04 2.3079960e-04 1.3478814e-03
 5.7165357e-03 7.5136387e-04 3.3403330e-03 4.8124124e-03] [0.04141619 0.04617158 0.1381767  0.2163182  0.07690345 0.07289267
 0.03633733 0.13877323 0.23301065] [9.9289751e-01 1.3572639e-03 7.5573631e-04 6.7053729e-04 1.6635818e-03
 6.6610985e-04 8.0850697e-04 5.7208235e-04 6.0863397e-04] [0.16802832 0.27105224 0.16945979 0.02693129 0.0243083  0.18750331
 0.02148357 0.05992037 0.07131278] [0.06126958 0.05365736 0.07630876 0.03802863 0.02972258 0.06192962
 0.33832383 0.08187618 0.25888348] [0.18884772 0.28490812 0.10959861 0.05881376 0.04373448 0.05431005
 0.04635819 0.05184837 0.16158068] [0.0452788  0.02349007 0.7818586  0.02515928 0.0376759  0.03076815
 0.02053299 0.00949869 0.02573747] [1.5893088e-03 1.2720826e-03 8.9911290e-04 1.7957881e-03 1.6011416e-03
 2.0427708e-02 9.6826595e-01 2.3802398e-03 1.7687100e-03] [0.02569373 0.01537891 0.10249387 0.01673174 0.19167735 0.07580542
 0.40890726 0.14552519 0.0177866 ] [0.02422398 0.02213474 0.06139926 0.01370441 0.02158053 0.02675023
 0.0089022  0.79893947 0.02236519] [9.9388522e-01 1.1846494e-03 2.5645972e-04 3.0941202e-04 2.1160631e-03
 2.6616649e-04 5.3125754e-04 9.5439865e-04 4.9640826e-04] [7.4822182e-04 5.0268165e-04 1.1297148e-03 1.7413615e-04 9.9483395e-01
 6.7075796e-04 8.3829398e-04 2.6775451e-04 8.3447329e-04] [7.6693023e-04 1.5779914e-04 7.9522294e-04 3.2847482e-04 9.9593323e-01
 8.7692071e-04 5.6885945e-04 3.8449830e-04 1.8808850e-04] [0.01521432 0.5217944  0.24384362 0.03688589 0.02611031 0.0314284
 0.06199523 0.01354288 0.049185  ] [0.6571476  0.08758043 0.03578725 0.03716094 0.0305387  0.03956425
 0.0214485  0.04746614 0.0433062 ] [0.09010535 0.15771882 0.08282576 0.03152904 0.09094865 0.07437971
 0.06020731 0.36542675 0.04685863] [0.09349006 0.6132934  0.0625044  0.01819489 0.01469619 0.05530693
 0.0443397  0.06613977 0.03203461] [0.00813651 0.06218267 0.00863754 0.02837044 0.01396284 0.02730062
 0.00812209 0.04099098 0.8022963 ] [0.00390783 0.01022204 0.00408652 0.74257475 0.00360633 0.08753487
 0.06722917 0.01140438 0.06943411] [0.00906857 0.7686927  0.12711756 0.00947995 0.01456185 0.00629969
 0.01117575 0.03263763 0.02096635] [5.7986128e-04 4.7962307e-03 1.2168767e-03 2.4602998e-03 6.9060260e-03
 1.3401612e-02 9.6611673e-01 1.0842258e-03 3.4381556e-03] [0.00330818 0.933833   0.02702209 0.00999938 0.00789255 0.00310416
 0.00292478 0.00915548 0.00276032] [0.03307085 0.01062646 0.00748599 0.08482327 0.01832622 0.58561325
 0.04187087 0.02388422 0.19429885] [0.00720536 0.0241689  0.01003024 0.55715847 0.01469627 0.15539868
 0.11302424 0.02303148 0.09528634] [0.9378479  0.00442279 0.03814807 0.00302054 0.00316518 0.00201714
 0.00905351 0.00134033 0.00098452] [0.00423373 0.00261941 0.00577952 0.00733148 0.9664336  0.00772926
 0.00172515 0.00194594 0.00220187] [0.02688317 0.00816696 0.03657864 0.21087873 0.01881087 0.6335924
 0.02190378 0.02050934 0.02267606] [1.1087999e-03 2.3553977e-03 9.9027401e-01 4.1046125e-04 1.4874983e-03
 5.2908220e-04 1.5092877e-03 1.5531516e-03 7.7236805e-04] [0.0051712  0.02967796 0.00243017 0.00269348 0.9389368  0.0019169
 0.00466922 0.01154832 0.00295594] [0.18699998 0.0713685  0.00701441 0.01157569 0.01679939 0.04944772
 0.03688658 0.6023788  0.01752889] [0.19184917 0.1679392  0.05112533 0.13815393 0.03174959 0.18110107
 0.08910704 0.08427195 0.06470276] [7.1288075e-04 6.3139633e-03 5.1021919e-04 1.7930847e-03 7.7910000e-04
 1.5726738e-03 9.6965235e-01 2.9024242e-03 1.5763292e-02] [2.6502321e-04 1.4904357e-04 6.9967726e-05 3.9738353e-04 9.9825221e-01
 1.6930712e-04 1.6722776e-04 3.2314786e-04 2.0663504e-04] [0.04656099 0.20078647 0.25572762 0.09490372 0.12336835 0.05333738
 0.06339421 0.09377934 0.06814194] [0.00940928 0.02910718 0.00669423 0.07470305 0.02229985 0.08678877
 0.40754816 0.04826571 0.31518376] [0.01183598 0.01948731 0.18345253 0.13377091 0.01396601 0.55048156
 0.02590506 0.01317025 0.04793039] [0.01952578 0.01501031 0.0028998  0.01369017 0.00364115 0.02210746
 0.16255267 0.10251713 0.6580555 ] [0.02219504 0.22241873 0.03992609 0.21851134 0.05459087 0.03978708
 0.07164449 0.01644518 0.3144812 ] [0.03433055 0.02931183 0.7414468  0.07666345 0.00775698 0.08487078
 0.01133924 0.00454473 0.00973563] [6.4557325e-04 5.7616434e-04 1.1208548e-03 4.1472442e-03 3.2901524e-03
 7.8723943e-03 9.7667783e-01 2.5888619e-03 3.0809238e-03] [0.15438506 0.5843877  0.0714942  0.03646218 0.01241517 0.01445515
 0.01957048 0.08658279 0.02024724] [0.00440466 0.00151236 0.00937191 0.00238962 0.97014815 0.00353434
 0.00164294 0.00224058 0.00475549] [0.00986543 0.00383861 0.00859901 0.01417313 0.01231964 0.9237076
 0.0049053  0.0085058  0.0140855 ] [0.18414515 0.05529613 0.02191583 0.06064247 0.04646686 0.17026149
 0.18884106 0.13734145 0.13508953] [0.08450308 0.13196686 0.1406161  0.4348336  0.03022244 0.06765431
 0.05583603 0.03101891 0.02334862] [0.33480203 0.07418845 0.04918988 0.09086736 0.03647378 0.21171333
 0.11102966 0.01519438 0.07654111] [0.05651011 0.6669082  0.0347691  0.03103513 0.03312317 0.05654016
 0.03576745 0.05227622 0.03307049] [0.303099   0.07734495 0.43770394 0.01354544 0.04721151 0.03588989
 0.01492253 0.06030063 0.00998212] [0.00287219 0.00275151 0.00265357 0.89898396 0.00277646 0.04939581
 0.01088618 0.0065377  0.02314261] [9.9657369e-01 1.2140913e-03 2.7387522e-04 1.0917093e-04 3.2593042e-04
 1.7118093e-04 1.1102865e-04 2.9710028e-04 9.2396233e-04] [0.05559445 0.03961662 0.11465887 0.08285306 0.00950168 0.04392043
 0.01344415 0.06078675 0.579624  ] [4.2682950e-04 9.1753452e-04 8.8692922e-04 4.1362201e-03 8.2163606e-04
 5.2047078e-03 9.8437887e-01 2.5700824e-03 6.5722142e-04] [2.0648575e-04 4.7650687e-05 1.3932152e-04 3.4745518e-04 3.1856546e-04
 9.9794298e-01 5.4575567e-04 3.5467139e-04 9.7089920e-05] [0.02005367 0.11929286 0.11179176 0.04147346 0.11449565 0.06054644
 0.0365446  0.3102981  0.18550347] [0.8204438  0.00866182 0.02510737 0.1136834  0.00738759 0.00687562
 0.00324508 0.00841798 0.00617735] [0.01390184 0.03103714 0.01164605 0.3708905  0.04756957 0.14013436
 0.01740239 0.10196134 0.26545683] [0.11710795 0.02991498 0.6465679  0.05658268 0.06660436 0.03671245
 0.01656414 0.02121528 0.00873025] [0.00892104 0.0428129  0.7339301  0.0510136  0.03703738 0.08139441
 0.01210313 0.02926729 0.00352015] [0.01118478 0.6758572  0.01020456 0.00875875 0.01268715 0.00949111
 0.01530326 0.01628066 0.24023254] [0.01031392 0.01834938 0.03089394 0.03374649 0.0122347  0.7547351
 0.02301518 0.09451631 0.02219504] [0.03836202 0.12196133 0.06807569 0.09372923 0.01588812 0.03820085
 0.07983422 0.02282299 0.52112556] [0.00174211 0.00167774 0.00439938 0.00452811 0.91772765 0.0467956
 0.00285406 0.01128057 0.00899479] [1.1507100e-03 9.8383266e-01 2.0292951e-03 1.6915858e-03 1.1957415e-03
 2.2351921e-03 8.5607060e-04 4.9633295e-03 2.0453436e-03] [0.01869106 0.02790732 0.206331   0.2634885  0.05179678 0.06696856
 0.2810225  0.03310475 0.05068956] [5.1748677e-04 5.9158722e-04 7.2620134e-04 4.5822375e-03 1.0453037e-03
 2.8889931e-03 4.2248005e-03 1.8876195e-03 9.8353577e-01] [0.00306155 0.00354597 0.00295083 0.00311805 0.96452653 0.00445299
 0.0093734  0.00385743 0.00511321] [0.12138471 0.04773146 0.58345574 0.04705197 0.02529809 0.03492967
 0.05106541 0.07132707 0.01775591] [0.3420385  0.08219985 0.28018034 0.0414314  0.06356929 0.0757395
 0.03550048 0.03435895 0.04498167] [1.5420988e-04 1.2812654e-04 1.5604016e-04 1.3969485e-04 9.9862087e-01
 1.4244438e-04 1.2599670e-04 8.7338063e-05 4.4522772e-04] [9.9778831e-01 2.9709272e-04 3.8350874e-04 3.1914911e-04 3.4145496e-04
 3.5283729e-04 2.6010509e-04 1.2903979e-04 1.2845032e-04] [0.01600803 0.08404911 0.2106535  0.01426733 0.01667606 0.02005091
 0.0071891  0.6036415  0.02746444] [0.00254281 0.00787237 0.00352105 0.00520312 0.00664698 0.03124109
 0.00479833 0.04586156 0.89231265] [1.5176267e-03 9.8294169e-01 2.6347046e-03 4.7952993e-04 1.9172939e-03
 7.8649465e-03 8.3921367e-04 7.9790247e-04 1.0071213e-03] [0.00474188 0.03031622 0.01073154 0.00601615 0.89158154 0.00483935
 0.0036278  0.00331484 0.04483071] [0.00513098 0.00113925 0.00151642 0.8497216  0.00211048 0.10773688
 0.00119391 0.00230535 0.02914511] [9.9472505e-01 7.4611028e-04 6.4755708e-04 2.0487930e-04 1.9151447e-03
 3.5829347e-04 4.8357050e-04 5.2495667e-04 3.9445655e-04] [0.00354053 0.012522   0.9449243  0.01361052 0.00330437 0.00248654
 0.00262878 0.00202812 0.01495485] [0.0124427  0.00261645 0.00257965 0.00247825 0.00376863 0.96841776
 0.00394073 0.00195055 0.00180531] [2.6549925e-03 2.0127173e-03 9.8318058e-01 7.1087042e-03 1.0317316e-03
 1.2541674e-03 1.0568352e-03 1.2936298e-03 4.0666558e-04] [0.00222998 0.00400541 0.02118758 0.00671178 0.95750225 0.00352807
 0.00160169 0.00153549 0.00169775] [0.00755736 0.11792141 0.02008097 0.82501626 0.00632798 0.00537795
 0.00422197 0.00519823 0.00829785] [0.02463467 0.01814919 0.25258046 0.08215662 0.02070274 0.15971963
 0.06051573 0.09011644 0.2914245 ] [0.00206802 0.00123067 0.00125275 0.00561126 0.00370418 0.00791402
 0.00134525 0.97199607 0.00487782] [0.13216473 0.09990502 0.05498099 0.13100795 0.06918161 0.05717571
 0.32277283 0.09830134 0.0345098 ] [6.8920682e-04 1.0781609e-03 1.8430564e-03 1.3528663e-02 1.1138908e-03
 2.5070382e-02 1.6030576e-03 2.4380716e-02 9.3069279e-01] [0.1744744  0.2708652  0.14781356 0.10441487 0.03146359 0.07740829
 0.03410431 0.08726032 0.07219547] [0.01133493 0.00621956 0.00484763 0.01353606 0.01722692 0.12422258
 0.00785346 0.01105875 0.80370015] [9.9527210e-01 1.6063542e-04 1.2612477e-03 1.9382188e-04 4.0179791e-04
 6.0418854e-04 8.0971082e-04 9.0067193e-04 3.9582746e-04] [9.9613059e-01 4.6216810e-04 2.7430410e-04 2.3678174e-04 1.6534540e-03
 2.8392114e-04 1.3545874e-04 2.4663567e-04 5.7669211e-04] [0.02103275 0.86005276 0.02051607 0.01454775 0.00946432 0.00734292
 0.0092391  0.00835596 0.04944834] [0.00174341 0.00157653 0.00231231 0.91188186 0.00992419 0.00431997
 0.00669832 0.00459105 0.05695239] [0.03938585 0.67541087 0.0786566  0.01224279 0.01913862 0.01216206
 0.03079439 0.10719715 0.02501162] [0.00241884 0.00106514 0.0011411  0.01451337 0.00105271 0.00723044
 0.782825   0.00132805 0.18842536] [0.00393122 0.00597261 0.00325375 0.00583447 0.00754035 0.00688362
 0.94691914 0.00489365 0.01477119] [5.8571238e-04 2.0157929e-04 2.9972530e-04 6.0358091e-04 9.9706703e-01
 2.4114977e-04 5.0748268e-04 2.2451171e-04 2.6929539e-04] [0.13662529 0.03168717 0.02831807 0.33649853 0.02335825 0.07528151
 0.04498531 0.12645973 0.19678617] [0.05922558 0.05978764 0.00928333 0.0080088  0.81305337 0.01910369
 0.00707875 0.00566748 0.01879136] [1.12572096e-04 1.67878999e-04 9.97817874e-01 8.00200156e-04
 2.05157950e-04 2.00225913e-04 1.64982092e-04 7.97914036e-05
 4.51340224e-04] [0.02211959 0.817909   0.12846598 0.0046633  0.00894079 0.00516599
 0.00648797 0.00291431 0.00333311] [0.03182885 0.25119781 0.531113   0.04854779 0.02084178 0.01124988
 0.05297768 0.03917173 0.01307147] [0.01037928 0.00872622 0.00819839 0.02728889 0.01133951 0.39941597
 0.01366931 0.43734524 0.08363713] [0.00261292 0.01412763 0.00208566 0.00254148 0.00658664 0.947232
 0.01442278 0.0059759  0.00441496] [1.5946177e-03 9.8947889e-01 2.5206769e-03 5.9512682e-04 8.1192481e-04
 1.1813336e-03 4.5601488e-04 2.9756497e-03 3.8580751e-04] [0.00294964 0.00439891 0.00458921 0.00118794 0.00402009 0.00161244
 0.00123309 0.97836417 0.00164448] [9.7645819e-01 3.4144088e-03 4.6518729e-03 1.5770278e-03 1.2826025e-03
 8.4881479e-04 2.9873617e-03 7.2303950e-03 1.5492645e-03] [0.01342075 0.03939103 0.01389153 0.02708462 0.012533   0.01457105
 0.7831265  0.0684478  0.0275337 ] [0.0088472  0.00522791 0.00551302 0.02874389 0.00358745 0.01073218
 0.01997633 0.6267984  0.29057357] [0.00443436 0.00447435 0.01089999 0.01934043 0.00409323 0.71452326
 0.01021839 0.05761183 0.1744042 ] [0.03892095 0.00648713 0.8098877  0.11394783 0.004652   0.00769273
 0.00511537 0.00542906 0.00786723] [0.00780635 0.6826681  0.06073651 0.01352751 0.0381594  0.00535765
 0.13965204 0.03363013 0.01846226] [0.05760193 0.02248212 0.02761241 0.04836533 0.04271906 0.10164209
 0.11627379 0.04983604 0.53346723] [0.0099251  0.02008644 0.01074404 0.00302999 0.00995374 0.02952645
 0.88081074 0.00700897 0.02891456] [0.059919   0.07635135 0.2055459  0.09624937 0.04955519 0.24671379
 0.04738901 0.15957311 0.05870333] [0.11048712 0.00844867 0.05015949 0.31033856 0.03201432 0.19363569
 0.02658926 0.08262493 0.185702  ] [0.00295023 0.01110226 0.00378137 0.00736446 0.00370366 0.032144
 0.9266967  0.00563513 0.00662217] [0.02200558 0.06257522 0.13262677 0.03962996 0.0328273  0.02184051
 0.03252183 0.47255862 0.18341416] [0.00783231 0.21963131 0.6864712  0.01947407 0.01524085 0.01892151
 0.01138431 0.00691539 0.01412896] [0.03625409 0.01409777 0.6015656  0.2647576  0.01575992 0.01048945
 0.01267102 0.01831816 0.02608637] [0.00391643 0.00110089 0.00407707 0.96023375 0.00166877 0.00609226
 0.01349637 0.00272347 0.00669102] [1.1614754e-03 2.5375583e-04 4.5463868e-04 8.1629137e-04 1.1906547e-03
 9.9109125e-01 3.1216033e-03 9.6570136e-04 9.4464165e-04] [2.7430812e-03 5.9785200e-03 2.4357645e-03 3.2831682e-03 9.7798342e-01
 6.2888215e-04 5.1018191e-03 1.3268797e-03 5.1840016e-04] [0.00207379 0.00235333 0.00742393 0.02742269 0.00628973 0.00579064
 0.0059519  0.00850918 0.93418485] [0.05368532 0.00986009 0.05555825 0.7877352  0.0044131  0.00905499
 0.00730059 0.05081715 0.02157533] [0.02679902 0.56419635 0.02513738 0.01099126 0.0452196  0.06556866
 0.19039693 0.02241732 0.04927348] [0.0490945  0.12192889 0.00526845 0.00539741 0.00814233 0.00253603
 0.00372413 0.7947373  0.00917098] [9.9547821e-01 2.7310132e-04 3.8824335e-04 1.0936691e-04 2.7072444e-03
 4.1869041e-04 3.8970716e-04 1.2013324e-04 1.1528919e-04] [0.29637322 0.02312803 0.03115376 0.0640322  0.04205816 0.11570452
 0.05124887 0.01741159 0.3588897 ] [0.13497683 0.33013767 0.08728972 0.01330059 0.2684368  0.01999677
 0.09210608 0.0350279  0.01872765] [0.00605837 0.00193701 0.00357384 0.00838562 0.0048109  0.00563113
 0.9648536  0.00140424 0.00334523] [6.1455229e-03 5.3657230e-04 7.8779692e-04 9.4265062e-01 8.4354315e-04
 2.4862083e-02 3.2951632e-03 1.3412455e-02 7.4662226e-03] [9.9883050e-01 1.5127221e-04 3.2776635e-04 8.6830136e-05 1.7219935e-04
 7.8904195e-05 8.8901041e-05 1.2320765e-04 1.4037998e-04] [9.9262956e-04 9.9458969e-01 1.3390572e-03 3.3933017e-04 4.5058396e-04
 7.2746543e-04 4.7677575e-04 7.4212899e-04 3.4233017e-04] [0.00591518 0.00207123 0.00376069 0.02191256 0.00960735 0.12689433
 0.01638368 0.73868114 0.07477385] [2.7061079e-03 3.3079734e-04 2.7397764e-04 9.2864284e-05 9.9501425e-01
 3.0834082e-04 7.2096463e-04 2.3899238e-04 3.1369002e-04] [0.00805243 0.00280469 0.00133144 0.00246624 0.00136704 0.00389203
 0.9688089  0.00637302 0.00490424]",3 7 5 7 0 2 8 4 6 7 2 0 2 6 8 0 6 2 6 8 8 7 4 2 2 2 4 4 2 3 1 3 0 3 3 1 1 1 0 3 3 5 4 7 2 5 4 6 5 6 8 7 8 8 6 7 1 8 8 4 4 7 6 2 0 2 3 1 2 7 0 6 5 7 5 6 0 7 7 1 2 1 7 0 5 6 8 5 6 6 7 0 4 4 1 0 7 1 8 3 1 6 1 5 3 0 4 5 2 4 5 5 6 4 5 8 5 8 8 2 6 1 4 5 3 3 3 1 0 3 0 8 6 5 7 3 7 0 2 8 5 8 4 1 3 8 4 2 0 4 0 7 7 1 4 3 0 2 5 2 4 3 3 7 8 8 1 8 0 0 1 3 1 6 6 4 5 4 2 1 2 5 5 1 7 0 6 7 5 2 1 8 6 5 3 6 8 2 2 3 5 4 8 3 1 7 0 0 4 6 3 0 1 7 4 6
1468,3,xgboost,0.5,5000,5000,0.8379629629629629,0.9808304398148149,"[0.03207181 0.0450195  0.16313191 0.09924646 0.04596917 0.13320068
 0.08556328 0.09580479 0.2999924 ] [9.1719266e-04 4.4100638e-03 9.8841196e-01 1.8005049e-03 7.0628477e-04
 7.7523984e-04 1.6137959e-03 6.8308867e-04 6.8190461e-04] [0.00379173 0.0024033  0.00455241 0.00124949 0.00538228 0.02326994
 0.9401581  0.0025977  0.01659499] [0.04384682 0.0358041  0.32979363 0.41045317 0.01556871 0.03683152
 0.04785137 0.02600196 0.05384869] [0.04876351 0.04218042 0.0264167  0.6755038  0.08232637 0.02766889
 0.05142374 0.02988804 0.01582851] [3.4294144e-04 3.6120537e-04 1.5243360e-04 3.8778523e-04 3.6792405e-04
 9.9504244e-01 2.1655981e-03 6.2757428e-04 5.5204896e-04] [0.00667801 0.02037315 0.00613914 0.03511048 0.00987021 0.86170405
 0.03890564 0.01349115 0.00772818] [1.7248969e-04 5.2745487e-05 1.5493819e-04 1.3202547e-04 9.9865192e-01
 1.5410411e-04 1.4759284e-04 3.7372363e-04 1.6045135e-04] [4.8683281e-04 1.7112313e-03 9.9368709e-01 6.0016185e-04 3.3200666e-04
 1.5932133e-03 1.5461935e-04 8.3401782e-04 6.0084334e-04] [0.0491142  0.03757039 0.01907021 0.39111525 0.01402893 0.02871164
 0.04185424 0.39697954 0.02155561] [0.00677416 0.01015422 0.19119513 0.3619784  0.18338937 0.10582483
 0.08143053 0.00417132 0.05508198] [0.9110281  0.01081073 0.00331495 0.01391681 0.01938906 0.00564009
 0.01499348 0.01160579 0.00930101] [4.4651699e-04 7.5242255e-04 1.1018377e-03 6.0567138e-04 1.2945157e-03
 1.0560114e-03 3.3848084e-04 9.9280667e-01 1.5978855e-03] [0.02456281 0.0217424  0.07202718 0.48938814 0.01333112 0.06761236
 0.13096546 0.15510903 0.02526151] [0.00905142 0.9046988  0.00927987 0.00466748 0.02091159 0.01073513
 0.00358787 0.00804229 0.02902554] [0.01638245 0.0306626  0.01018073 0.29197606 0.02134652 0.07387377
 0.03365818 0.01277235 0.50914735] [4.5153961e-04 8.9967519e-04 9.4698416e-04 5.7687570e-04 9.9101561e-01
 1.4794314e-03 1.5409098e-03 6.0212746e-04 2.4868750e-03] [0.00651858 0.00251047 0.00277658 0.00923112 0.02989167 0.87201256
 0.05050565 0.01304987 0.01350356] [0.02036562 0.00899604 0.02699001 0.10173682 0.03969935 0.08013
 0.03451404 0.05942287 0.6281452 ] [0.05312587 0.01973113 0.0999487  0.04339574 0.05904181 0.01985495
 0.03202765 0.6096782  0.06319588] [0.04983787 0.32813272 0.23779549 0.02877408 0.23969758 0.02296236
 0.03303808 0.05141528 0.00834657] [0.26524228 0.06053758 0.07499464 0.09372124 0.07700717 0.1483203
 0.1174061  0.05050699 0.11226372] [0.01755954 0.02818093 0.00583407 0.01183342 0.00864319 0.852274
 0.03227267 0.02374973 0.01965248] [0.00361911 0.00132985 0.00214307 0.00551271 0.0040534  0.9694029
 0.00522016 0.00512638 0.00359244] [0.05465824 0.0170533  0.03974754 0.02971661 0.01059682 0.03722722
 0.6862961  0.02234866 0.10235551] [0.915208   0.01558318 0.02023873 0.00424535 0.01203521 0.00480108
 0.00741849 0.01449771 0.00597224] [0.02953284 0.02534785 0.03319365 0.36451522 0.04421493 0.14067422
 0.20686725 0.06962187 0.0860322 ] [6.3715350e-05 1.1959122e-04 1.4829315e-04 2.8550500e-04 9.9820876e-01
 8.8086395e-05 1.0542963e-04 1.1054717e-04 8.7006041e-04] [0.00288913 0.01387232 0.9493028  0.00763119 0.00295455 0.01620042
 0.0015484  0.00175369 0.00384749] [0.00974683 0.00513914 0.00730689 0.82831144 0.00909013 0.04435404
 0.0103132  0.06150877 0.02422959] [1.2355489e-03 2.4405016e-04 6.7287125e-04 2.9392906e-03 9.8580939e-01
 6.1831874e-04 4.7600074e-03 1.3925314e-03 2.3279749e-03] [0.15827148 0.00332175 0.0214473  0.71497226 0.006929   0.01022152
 0.03599795 0.00667619 0.04216259] [0.00534925 0.00804255 0.9479705  0.01579496 0.00602317 0.00248376
 0.00341383 0.00813634 0.00278564] [0.01960056 0.04972282 0.05381968 0.04540946 0.7623072  0.01257914
 0.01561384 0.03033908 0.01060818] [0.03194628 0.05289398 0.46983674 0.02862744 0.10964433 0.10131555
 0.05190083 0.07324746 0.08058738] [1.1965019e-03 6.5947708e-04 3.1484745e-04 7.3949911e-04 5.8328558e-04
 1.4181676e-03 9.8507303e-01 1.2477328e-03 8.7674391e-03] [0.02048157 0.03998122 0.84005487 0.0210463  0.0137496  0.01149015
 0.03164696 0.00839729 0.01315206] [9.9353796e-01 6.2251941e-04 1.3403132e-03 2.3365126e-04 8.2003395e-04
 3.7283529e-04 1.1701485e-03 8.0019148e-04 1.1023928e-03] [0.16210112 0.19345422 0.02150322 0.01150749 0.02606697 0.02172952
 0.01987271 0.5238105  0.0199542 ] [0.00888089 0.02251972 0.01039661 0.00485485 0.00805968 0.00670743
 0.91780555 0.01021259 0.01056267] [0.02150553 0.13443391 0.02392337 0.52412945 0.01164819 0.16375495
 0.03942603 0.05602306 0.0251555 ] [1.6931451e-03 9.5218298e-04 1.4318040e-03 2.7381515e-03 1.4034091e-03
 2.1476776e-03 9.8014724e-01 2.5773961e-03 6.9090170e-03] [0.00661275 0.91947305 0.00904535 0.00752739 0.02940574 0.01366968
 0.00272562 0.00621938 0.00532108] [9.0439705e-04 2.6237331e-03 8.0489193e-04 4.1974224e-03 9.8792517e-01
 1.0305378e-03 1.2671722e-03 4.8765072e-04 7.5901340e-04] [0.16306959 0.0111138  0.64718056 0.0134962  0.01371264 0.01842183
 0.00923537 0.07827169 0.04549835] [8.3456171e-04 5.5131683e-04 1.2002913e-03 8.4795232e-04 9.8062652e-01
 2.3189213e-03 2.3900552e-03 8.3032968e-03 2.9270137e-03] [0.00695127 0.01658546 0.00362975 0.00522731 0.00474548 0.01450086
 0.8972436  0.00702154 0.04409469] [1.0102493e-03 6.2061124e-04 5.8333063e-04 1.1760510e-03 9.9408478e-01
 5.0153869e-04 4.6803014e-04 5.5550435e-04 9.9993171e-04] [0.0552904  0.21932869 0.18466236 0.13425235 0.05375196 0.03317437
 0.07860962 0.14035739 0.10057288] [0.14981411 0.03250562 0.09186397 0.09615403 0.2585426  0.19747172
 0.05276318 0.05934236 0.06154244] [0.01185294 0.9408164  0.00222804 0.00660869 0.00619065 0.00156394
 0.00981527 0.00919686 0.0117272 ] [0.06865451 0.10558229 0.10391226 0.19031979 0.06604019 0.05139069
 0.03603511 0.23216985 0.14589532] [0.00716328 0.01874163 0.01961711 0.19178231 0.01678812 0.5954174
 0.05812224 0.05428359 0.03808434] [0.07971212 0.1524327  0.18478258 0.13626933 0.06466502 0.16597515
 0.16359876 0.03170268 0.0208617 ] [9.9396187e-01 4.6056308e-04 1.2768591e-03 8.4653666e-04 5.9938047e-04
 2.9456211e-04 3.0342827e-04 1.7779707e-03 4.7880365e-04] [2.0501064e-04 9.9212921e-01 2.1942872e-04 8.0011715e-04 2.5803960e-04
 2.0219437e-03 4.5674990e-04 3.4642497e-03 4.4530083e-04] [0.03212698 0.6022722  0.1210655  0.02101889 0.02216115 0.02687783
 0.04348861 0.09067769 0.04031114] [0.00396709 0.00598335 0.00379506 0.00296326 0.00423885 0.00346824
 0.00199533 0.97084504 0.00274376] [0.0616207  0.05554271 0.19061187 0.20091978 0.04618113 0.12482658
 0.02790771 0.14514826 0.14724131] [0.08113994 0.06325846 0.19962454 0.06037721 0.06597309 0.05436518
 0.09664381 0.04818709 0.33043066] [9.9296689e-01 6.8798807e-04 5.4552010e-04 7.0574210e-04 5.2056770e-04
 2.3326243e-03 1.3037679e-03 7.7067182e-04 1.6627731e-04] [2.2155276e-04 3.7466196e-04 4.2622106e-04 5.5878668e-04 3.5716570e-04
 5.0952594e-04 9.9514282e-01 1.9990236e-03 4.1029736e-04] [0.01445775 0.88604474 0.01468697 0.00809716 0.04974749 0.00601469
 0.00338321 0.00795029 0.00961769] [4.2857727e-04 7.8379601e-04 7.6808862e-04 3.1033231e-04 9.9515057e-01
 4.4112376e-04 1.3372983e-03 3.6113957e-04 4.1909749e-04] [0.00129144 0.00238181 0.0014244  0.00567949 0.00503826 0.00436292
 0.00788363 0.9567397  0.01519835] [0.00152201 0.00290561 0.00190441 0.9431889  0.0021371  0.02331844
 0.00998102 0.0050979  0.00994456] [0.01737638 0.85201544 0.01940407 0.01356183 0.02354089 0.02618132
 0.02253542 0.01433056 0.01105412] [0.00987533 0.00603291 0.03933469 0.716224   0.01891534 0.07358405
 0.0268795  0.02084349 0.08831069] [0.0849736  0.04305365 0.0083197  0.12346928 0.03131201 0.23553975
 0.20187292 0.02167938 0.24977975] [0.0174036  0.10196881 0.6890665  0.01854283 0.09228198 0.00786097
 0.00719144 0.06126388 0.0044199 ] [0.02533907 0.03151798 0.02198876 0.06078412 0.09413347 0.3622137
 0.11094823 0.05367139 0.23940329] [0.01643548 0.0291822  0.02257455 0.7650648  0.01532438 0.02030482
 0.03073454 0.04757554 0.05280373] [0.00950169 0.93560976 0.00811427 0.00374458 0.01827576 0.0012496
 0.00317959 0.00988425 0.01044053] [5.6877715e-04 9.8473895e-01 4.7207577e-03 1.5594687e-03 5.5975356e-04
 1.9269073e-04 3.9739095e-04 9.2970429e-04 6.3324645e-03] [0.79099125 0.01327315 0.13269784 0.00765804 0.02146048 0.00473193
 0.01911214 0.00333908 0.00673605] [0.01319075 0.11709239 0.6006619  0.1784957  0.00941941 0.02788397
 0.02276001 0.01416898 0.01632691] [0.03423703 0.39913186 0.35926217 0.0195515  0.0278425  0.07736077
 0.03731421 0.03476939 0.01053057] [9.9390268e-01 4.7696586e-04 1.1778530e-03 3.1325262e-04 1.0389407e-03
 2.9162093e-04 4.7697313e-04 2.0508422e-03 2.7086056e-04] [0.0025492  0.0034252  0.00394373 0.0041024  0.00159009 0.04855948
 0.89121985 0.00836431 0.03624568] [0.07727163 0.10104779 0.0590278  0.07270749 0.03809706 0.0357225
 0.5078344  0.06281374 0.04547767] [1.7968303e-03 5.8086117e-04 9.9325705e-01 3.2203752e-03 1.6817082e-04
 3.2482125e-04 3.3436471e-04 2.2531253e-04 9.2163813e-05] [0.01974187 0.36553767 0.03023118 0.04222896 0.02187518 0.0372601
 0.13441269 0.25009948 0.09861284] [0.01097482 0.00694636 0.01857372 0.01218266 0.901172   0.00690322
 0.01247768 0.01295452 0.01781499] [0.00503741 0.00746449 0.00115042 0.01113918 0.00602576 0.01982649
 0.00329239 0.00473232 0.9413315 ] [4.4329986e-03 2.2221282e-03 2.2620186e-03 7.2269951e-04 3.0737363e-03
 3.3991248e-03 1.7494076e-03 9.8280478e-03 9.7230983e-01] [0.00574154 0.00651321 0.04386861 0.86286277 0.04785658 0.00768902
 0.00919215 0.00416077 0.01211529] [0.02699086 0.03027508 0.04476083 0.05355623 0.01003731 0.03866502
 0.19442834 0.0287407  0.5725456 ] [0.00366349 0.01142042 0.94005734 0.01001148 0.00688149 0.00450397
 0.00201212 0.0068512  0.0145985 ] [0.00299527 0.9548447  0.00389378 0.00651365 0.00982665 0.00622704
 0.00749599 0.00343939 0.00476343] [2.4041377e-03 7.1234995e-04 5.8681954e-04 4.1411872e-04 1.2439520e-03
 1.0477833e-02 9.7190201e-01 4.9793446e-03 7.2794207e-03] [0.04734265 0.0126871  0.0186841  0.06961264 0.01304181 0.04814761
 0.0621627  0.02873215 0.69958925] [0.03551072 0.02479985 0.02829855 0.04503774 0.30110484 0.10913043
 0.22838818 0.04882947 0.17890026] [0.00535591 0.00592901 0.0099671  0.02868996 0.08066144 0.02920506
 0.05324613 0.01807218 0.7688732 ] [0.10456149 0.01430152 0.05097238 0.07504547 0.0167756  0.03258868
 0.01033281 0.01842318 0.6769989 ] [1.6190039e-03 1.2786213e-03 1.8311047e-03 7.7299341e-03 1.3058820e-03
 9.4791406e-01 1.9734898e-03 9.2064380e-04 3.5427321e-02] [0.3263646  0.04269704 0.30211446 0.10298817 0.04443538 0.02571544
 0.01694397 0.05368378 0.08505721] [9.9315709e-01 1.4106323e-03 1.1900672e-03 9.8866492e-04 6.2771846e-04
 8.1325206e-04 4.9400632e-04 4.7082992e-04 8.4774051e-04] [0.807146   0.14475346 0.0037614  0.00921962 0.00408204 0.00695312
 0.01169348 0.00610777 0.00628306] [0.00460308 0.00306986 0.00730415 0.01412556 0.01551314 0.03165269
 0.0267818  0.8865843  0.01036542] [0.23591256 0.08140408 0.32311496 0.20436358 0.05188956 0.03161836
 0.03607028 0.01677202 0.01885459] [0.97034556 0.00468073 0.00444057 0.00285615 0.00495966 0.00108352
 0.00283355 0.00408995 0.00471031] [6.5231896e-03 3.5079028e-03 6.4148183e-04 2.4280290e-04 9.8730087e-01
 4.2742258e-04 6.1031448e-04 2.1818391e-04 5.2779185e-04] [0.04535086 0.05996993 0.44629514 0.14343698 0.03178928 0.05841775
 0.06628618 0.08022994 0.0682239 ] [2.3030005e-03 1.0323420e-03 2.7045656e-03 8.1732130e-04 1.0087395e-03
 4.4684061e-03 9.7497147e-01 5.7121436e-03 6.9819815e-03] [0.01885248 0.00863848 0.4235229  0.31217968 0.00695502 0.04790235
 0.08604665 0.01256674 0.08333574] [0.0031473  0.00258324 0.00368089 0.00536927 0.00423102 0.93659043
 0.00874671 0.00306019 0.03259092] [0.6337738  0.12129904 0.0543341  0.01710483 0.01984389 0.01874563
 0.01341577 0.1122636  0.00921934] [2.9405195e-03 8.5486723e-03 3.3190199e-03 7.0232438e-04 9.0667582e-04
 2.0061035e-03 9.7885144e-01 1.5495981e-03 1.1756229e-03] [7.8254013e-04 4.7191160e-04 4.4244772e-04 1.1550538e-03 9.8316240e-01
 6.5507996e-03 9.1789098e-04 1.4465925e-03 5.0704200e-03] [0.03066008 0.01474171 0.1304551  0.1281674  0.02152921 0.02486375
 0.01616321 0.02475051 0.608669  ] [9.9386966e-01 1.3537117e-03 8.1709604e-04 2.1238615e-04 8.0791704e-04
 2.8108081e-04 4.3401250e-04 1.9493281e-03 2.7478859e-04] [3.1939629e-03 8.7827537e-04 2.2743912e-03 1.1773354e-03 7.4819830e-04
 2.1581447e-03 4.7918217e-04 9.8662204e-01 2.4684481e-03] [7.3825737e-04 7.8684161e-04 7.6902728e-03 4.0217288e-04 1.4976209e-03
 3.0492700e-04 9.4580103e-04 9.8699492e-01 6.3922501e-04] [0.00900263 0.01053186 0.01840601 0.00780969 0.02933986 0.03105065
 0.08225656 0.7600959  0.05150692] [2.3976755e-03 3.9870506e-03 8.2615385e-04 2.1787167e-03 1.2424447e-03
 1.2323782e-03 9.4803865e-04 9.8539495e-01 1.7926164e-03] [0.01841954 0.01053185 0.00540961 0.05641419 0.0147038  0.46632102
 0.2750438  0.02800369 0.12515251] [0.00713219 0.10556979 0.0108162  0.02575642 0.01711524 0.02523354
 0.01032373 0.77401936 0.02403353] [0.0140917  0.00349833 0.02063898 0.46872383 0.01989993 0.0215328
 0.0173072  0.07302976 0.36127746] [5.0764927e-04 9.8851866e-01 3.7976310e-03 6.6339574e-04 1.3463745e-03
 2.9091883e-04 9.1935549e-04 7.8092027e-04 3.1750707e-03] [0.01195538 0.00546907 0.00755879 0.07031798 0.01574179 0.6305856
 0.11024025 0.09061802 0.0575131 ] [0.00910486 0.00699855 0.01055885 0.00453113 0.9398665  0.00730524
 0.00823641 0.01084919 0.00254932] [1.1530254e-03 1.9283179e-04 1.3193681e-03 9.9503374e-01 2.6983020e-04
 6.0080161e-04 4.4112874e-04 5.4388761e-04 4.4541716e-04] [0.01642319 0.16162534 0.03208666 0.28899613 0.05787998 0.22282101
 0.05478604 0.13908476 0.02629693] [0.0018678  0.98285633 0.00381946 0.00098481 0.00138536 0.00120483
 0.00177764 0.00465443 0.00144935] [0.00689056 0.00514508 0.0034393  0.0624099  0.00414395 0.42644224
 0.01617428 0.01580349 0.45955124] [0.69989467 0.02253754 0.03749844 0.03448615 0.0892377  0.01133064
 0.05218374 0.03039836 0.02243278] [1.6793134e-03 1.2706963e-03 6.9343462e-04 5.1126257e-03 1.3509686e-03
 9.4092079e-03 2.0456712e-03 1.7663991e-03 9.7667170e-01] [0.03496377 0.02184894 0.01999808 0.25340924 0.03228461 0.26838863
 0.06652687 0.09559308 0.20698683] [9.8531783e-01 2.8132538e-03 3.3780637e-03 9.9226984e-04 1.3286208e-03
 1.2457194e-03 1.7997046e-03 2.2886570e-03 8.3583809e-04] [0.00173115 0.00414746 0.97019535 0.00958026 0.00471562 0.00181431
 0.00135055 0.00418822 0.00227705] [8.4081799e-04 5.0046551e-04 4.0615854e-04 2.9987197e-03 9.8767960e-01
 4.2078570e-03 1.1107819e-03 9.3144737e-04 1.3240690e-03] [0.00537222 0.00683187 0.00858743 0.01002856 0.0064302  0.848038
 0.05959446 0.02537742 0.0297398 ] [0.03831809 0.0202686  0.1683042  0.3252508  0.02016172 0.06187854
 0.07734711 0.02574182 0.26272908] [0.92413396 0.00448278 0.00952769 0.01237679 0.00890452 0.01111415
 0.00700267 0.00879093 0.01366645] [9.8547258e-04 1.2165930e-03 2.3728870e-03 1.1814297e-03 4.8659072e-04
 3.6354817e-04 3.5852919e-04 9.9255568e-01 4.7927946e-04] [0.03211252 0.08147523 0.2673985  0.05263219 0.01339105 0.03251512
 0.0107172  0.3843048  0.12545343] [0.07521868 0.06999801 0.03486125 0.10566241 0.02692059 0.26833934
 0.09014083 0.27862576 0.0502331 ] [0.20296323 0.02709935 0.11702596 0.08675118 0.04963399 0.07387475
 0.08998958 0.23040259 0.12225933] [0.02330011 0.09260346 0.02649152 0.13297464 0.04522748 0.11731581
 0.30051485 0.05713433 0.20443779] [0.00293488 0.00239941 0.00166959 0.00387867 0.00881504 0.0162741
 0.9412134  0.00882694 0.01398789] [0.02502713 0.00292968 0.00410428 0.01893394 0.03081825 0.8694834
 0.01480427 0.01336296 0.02053613] [0.01424517 0.26544178 0.07723632 0.1125084  0.02585005 0.07256688
 0.13105606 0.08099173 0.22010362] [0.08019719 0.02760099 0.40353557 0.20300974 0.0695136  0.05433244
 0.11773531 0.01890413 0.02517103] [0.00362652 0.0029361  0.00514526 0.01193614 0.00379464 0.11867469
 0.17795226 0.02044994 0.65548444] [0.1533227  0.03372894 0.33279666 0.18277705 0.05070586 0.1020894
 0.01547108 0.08867626 0.04043201] [0.0550689  0.04473269 0.08310407 0.0400836  0.01856395 0.08388907
 0.01466628 0.57317644 0.08671504] [0.67585    0.01843045 0.04700474 0.00638329 0.03061929 0.03539294
 0.02266757 0.05611914 0.10753258] [0.02330182 0.04841552 0.04741469 0.28858605 0.02060088 0.10411865
 0.20142606 0.05122851 0.21490782] [6.2197185e-04 3.6538739e-04 5.4281461e-04 3.0417345e-04 8.4767881e-04
 9.8168600e-01 1.4742594e-02 4.3709678e-04 4.5232894e-04] [0.11057971 0.1581281  0.15522453 0.22443247 0.15673113 0.04650508
 0.01624097 0.11643827 0.01571976] [0.01605644 0.0211778  0.0052559  0.00594785 0.9214916  0.01035548
 0.0127871  0.00387878 0.00304909] [0.33033678 0.17026792 0.0872598  0.06214367 0.03501432 0.06107143
 0.08655662 0.1137142  0.05363523] [9.9576461e-01 6.4142939e-04 1.6134770e-03 1.6003278e-04 5.3003128e-04
 2.5985498e-04 1.9142970e-04 1.9629797e-04 6.4282998e-04] [0.0437218  0.78044635 0.01494273 0.0206572  0.02409365 0.05628567
 0.01064704 0.0130006  0.03620494] [1.9053004e-03 9.9199307e-01 1.4785806e-03 5.5806100e-04 1.3099884e-03
 5.8768771e-04 9.7777706e-04 4.5511030e-04 7.3439063e-04] [0.01277477 0.01079619 0.00389586 0.02120079 0.00791764 0.03819304
 0.84020126 0.01820047 0.04682   ] [2.0173325e-03 1.2621310e-03 9.6918488e-01 4.1788681e-03 6.9147034e-04
 2.5792173e-03 6.8280601e-04 9.5156545e-04 1.8451694e-02] [1.6328278e-03 9.8565280e-01 2.2995146e-03 8.1706268e-04 2.1784173e-03
 2.7644462e-03 1.9536174e-03 1.3365692e-03 1.3647790e-03] [0.01599107 0.07735898 0.08833928 0.03347726 0.08093315 0.01227198
 0.22476393 0.42571965 0.04114468] [0.00209799 0.00286245 0.00679521 0.00254389 0.0034963  0.0013513
 0.00192252 0.97719425 0.0017361 ] [3.6990882e-03 9.8797321e-01 4.0062991e-04 3.1679787e-03 1.0412674e-03
 8.1487739e-04 1.0484108e-03 9.8579016e-04 8.6873880e-04] [9.9396578e-04 5.1773275e-04 4.0298983e-04 9.7764959e-04 1.0789427e-03
 7.7061582e-04 9.9403644e-01 9.0865348e-04 3.1304482e-04] [0.00556776 0.01657888 0.92090505 0.03190275 0.00253871 0.00545043
 0.00403377 0.00493037 0.00809224] [0.0702441  0.1688133  0.03689494 0.01553513 0.2515727  0.07634308
 0.20755763 0.13116542 0.0418737 ] [0.00326415 0.0037291  0.0031211  0.00120515 0.00295065 0.00218076
 0.966294   0.00125364 0.01600138] [0.00670541 0.00946956 0.00625656 0.04599766 0.04797282 0.09331797
 0.19099382 0.01615872 0.5831275 ] [0.08016107 0.02191249 0.03153298 0.04191137 0.00910174 0.00840197
 0.7828287  0.00442097 0.01972878] [0.00138458 0.0011822  0.01324224 0.00668817 0.00717828 0.00210414
 0.00122989 0.96427774 0.0027127 ] [9.2283241e-04 2.7713954e-04 7.4425600e-03 9.8924834e-01 4.3059100e-04
 6.9068430e-04 3.5673659e-04 3.3609089e-04 2.9500871e-04] [0.00601088 0.01198095 0.01712359 0.01379112 0.0125138  0.00820777
 0.8929973  0.01948609 0.0178885 ] [0.00379068 0.00410982 0.01015971 0.02146979 0.04859713 0.07876778
 0.03444802 0.00845432 0.7902028 ] [0.03604403 0.01311975 0.00301313 0.03223103 0.00605105 0.01768588
 0.8517859  0.01496533 0.02510391] [0.00613874 0.01094106 0.00367283 0.00416285 0.00681378 0.8126189
 0.0177041  0.02706732 0.11088045] [2.3678501e-04 3.2764763e-04 2.2214979e-04 1.8331013e-03 1.4205062e-04
 1.1007432e-02 9.7586131e-01 3.1031028e-04 1.0059242e-02] [1.2709749e-04 1.4012679e-04 9.9844676e-01 4.7924751e-04 1.0547066e-04
 2.2726090e-04 1.1334629e-04 2.7090812e-04 8.9835215e-05] [0.71237147 0.16928715 0.02535317 0.0057783  0.00555337 0.02173043
 0.00633861 0.04198357 0.01160389] [0.35049093 0.08213733 0.03472034 0.02714885 0.12325893 0.19957566
 0.0243071  0.04109436 0.11726648] [0.00198247 0.00229109 0.0910825  0.85957366 0.00253238 0.01263058
 0.00980813 0.00355022 0.01654898] [1.9877846e-03 2.0606843e-04 1.5258572e-04 1.5549404e-04 9.9611902e-01
 2.1524951e-04 6.6276296e-04 3.6011930e-04 1.4095518e-04] [0.00783726 0.0078969  0.00568318 0.00591049 0.00292359 0.95449466
 0.00689924 0.00297476 0.00537995] [0.0034929  0.00160605 0.00186584 0.00440842 0.9668376  0.00205121
 0.00251714 0.01453096 0.00268992] [1.9963575e-03 3.9068293e-03 9.7584856e-01 1.2698784e-03 2.6471359e-03
 8.7921564e-03 9.0287515e-04 1.6267662e-03 3.0093889e-03] [5.0197367e-04 4.7194236e-03 3.4948325e-04 4.5893338e-04 9.9229938e-01
 3.8729492e-04 6.7000074e-04 2.8983349e-04 3.2366643e-04] [6.1660225e-04 2.2203675e-04 2.1303982e-04 6.4343534e-04 1.8499824e-03
 3.4766044e-03 1.7991624e-03 6.1290730e-03 9.8505014e-01] [0.02311366 0.08374343 0.03078406 0.06112988 0.5394856  0.0113712
 0.11336694 0.07130234 0.06570291] [0.08279449 0.19266762 0.0579404  0.18936323 0.03789471 0.03122198
 0.01783158 0.06319572 0.32709032] [0.08150458 0.03371348 0.02096742 0.03640137 0.02314826 0.01018523
 0.74705845 0.02682074 0.02020044] [0.00885029 0.88165206 0.02607254 0.00433613 0.01519714 0.03346498
 0.00690465 0.00903206 0.01449021] [0.00509803 0.01079121 0.01374749 0.00425289 0.94460714 0.00520367
 0.00274074 0.01250603 0.00105286] [0.00933087 0.02902862 0.03596437 0.68559796 0.01716577 0.11984517
 0.0304976  0.02928805 0.04328163] [0.02660474 0.00683117 0.0073477  0.00792758 0.00915264 0.00614893
 0.9011554  0.02133518 0.01349661] [0.30994436 0.05359643 0.05506729 0.34409302 0.04592278 0.12988153
 0.02068763 0.02264094 0.01816606] [0.15771131 0.33865228 0.11301357 0.02261166 0.02694228 0.02898786
 0.01693675 0.13411035 0.16103393] [0.00602142 0.00528197 0.00593076 0.01608902 0.01977335 0.01159477
 0.02878938 0.01925915 0.88726014] [0.95323163 0.00343618 0.00820068 0.00489377 0.00997182 0.00486476
 0.00240329 0.00420657 0.00879131] [0.00470479 0.9335595  0.02391185 0.0033465  0.00712575 0.00658923
 0.0039741  0.00932159 0.00746675] [0.07036636 0.04387602 0.19041228 0.02074552 0.04631601 0.41400918
 0.13128115 0.05859645 0.02439705] [9.9562657e-01 5.2111602e-04 1.2837420e-03 4.6571094e-04 2.2285976e-04
 4.2495073e-04 3.2540338e-04 6.7132118e-04 4.5830890e-04] [0.00178514 0.00186384 0.00157229 0.00272799 0.8986967  0.00516758
 0.00433645 0.00532306 0.0785269 ] [2.03320337e-03 8.79171073e-01 1.02685645e-01 3.40575562e-03
 6.48231618e-03 1.94780470e-03 1.38823164e-03 2.07248726e-03
 8.13473773e-04] [0.02647849 0.5488921  0.02523712 0.03499299 0.02270261 0.09563451
 0.017794   0.05570134 0.17256689] [0.01031239 0.00654681 0.02787816 0.04885559 0.00919865 0.65698826
 0.13468994 0.01182714 0.09370306] [0.00494515 0.0096363  0.00436792 0.00763022 0.00966777 0.07028987
 0.86544144 0.00813615 0.01988518] [0.83470315 0.02826046 0.01464239 0.01230699 0.02633441 0.02248649
 0.01803527 0.01381799 0.02941286] [0.00487474 0.00554625 0.0058086  0.00381789 0.00388531 0.01061732
 0.00403727 0.9389775  0.02243514] [0.03204803 0.9209887  0.00468885 0.00623787 0.0067858  0.00453675
 0.00479497 0.00750837 0.01241068] [0.0311864  0.01552366 0.0351375  0.0488499  0.01402265 0.02301928
 0.11648136 0.04897816 0.6668011 ] [0.09423663 0.09275988 0.14737669 0.14145261 0.07301406 0.06783389
 0.23557997 0.1183001  0.02944621] [9.9812108e-01 2.9441933e-04 4.5948959e-04 1.8009802e-04 1.3265520e-04
 2.5371986e-04 1.5037367e-04 2.6651789e-04 1.4167826e-04] [0.00798333 0.00152586 0.00225079 0.01685662 0.00231974 0.9510089
 0.00966108 0.00376249 0.00463115] [1.8340454e-03 2.7037563e-03 1.8684664e-03 3.4640385e-03 1.5032347e-02
 7.7007746e-04 4.2543234e-03 9.6654373e-01 3.5292227e-03] [0.00602024 0.00818023 0.00785786 0.01540473 0.02625394 0.039996
 0.02787313 0.84236807 0.02604581] [0.00748517 0.006201   0.01429978 0.1648733  0.05975821 0.47716188
 0.01780679 0.0199698  0.23244406] [9.7659385e-01 1.7630508e-03 1.1134792e-02 1.0832807e-03 1.3437036e-03
 8.7378273e-04 1.3080107e-03 2.0540555e-03 3.8455392e-03] [6.71579328e-05 5.76847706e-05 6.49452209e-04 5.37053929e-05
 1.11946705e-04 4.80398048e-05 5.43814895e-05 9.98859882e-01
 9.77268064e-05] [0.01961487 0.0494035  0.01599823 0.09366322 0.4898283  0.01618243
 0.20363024 0.01955893 0.09212024]",8 2 6 3 3 5 5 4 2 3 3 0 7 3 1 8 4 5 8 7 4 5 5 5 6 0 8 4 2 3 4 0 2 4 2 6 2 0 7 6 3 6 1 4 2 4 6 4 2 8 1 7 5 2 0 1 1 7 8 3 0 6 1 4 7 3 1 3 8 2 5 8 1 1 0 2 1 0 6 6 2 7 4 8 8 3 8 3 1 6 3 4 8 3 5 2 0 1 7 2 0 4 8 6 3 5 0 6 4 8 0 7 7 7 7 6 7 3 1 5 4 3 5 1 5 0 8 5 0 2 4 5 3 0 7 7 5 0 3 6 5 1 2 8 0 7 0 3 5 2 4 7 0 1 1 6 2 1 8 7 1 6 2 5 6 8 6 7 3 6 8 6 5 6 2 7 8 3 4 5 4 2 4 8 4 8 6 1 4 3 6 2 2 8 0 1 5 0 4 1 1 5 6 0 7 1 8 2 0 5 7 7 3 0 7 4
1468,4,xgboost,0.5,5000,5000,0.8287037037037037,0.9749710648148147,"[0.04847406 0.2226445  0.0384087  0.01284637 0.03115303 0.01093332
 0.51188767 0.10611606 0.01753626] [0.00628375 0.00951845 0.02247983 0.859522   0.01051588 0.00356574
 0.00609872 0.06173956 0.02027602] [0.06367652 0.02788214 0.01218901 0.48557127 0.01926331 0.05290131
 0.02127938 0.0256907  0.29154634] [0.00618688 0.05636547 0.00159606 0.00758685 0.00444738 0.9053924
 0.00802831 0.0011355  0.00926116] [0.00978291 0.7153987  0.05618664 0.00984874 0.07896715 0.00747296
 0.02328542 0.08221851 0.01683891] [0.02103958 0.02630114 0.08166955 0.03599656 0.5575337  0.03185686
 0.14120102 0.0301057  0.07429595] [0.01493204 0.01450525 0.06464888 0.06424768 0.01148    0.6718235
 0.07556331 0.02426852 0.05853084] [0.01224524 0.01128151 0.00415992 0.37384823 0.00700639 0.37290367
 0.08892398 0.01431917 0.11531188] [0.1111896  0.10053743 0.0231025  0.03936361 0.02274347 0.5245187
 0.01798962 0.02893772 0.13161732] [5.7267770e-03 9.8150408e-01 3.9406638e-03 1.5942431e-03 1.7339005e-03
 1.8350309e-03 2.0373440e-03 6.4122723e-04 9.8669634e-04] [0.34385082 0.03725251 0.16367722 0.37311032 0.00816553 0.00839676
 0.00792946 0.04999679 0.00762062] [0.0175041  0.01150737 0.11771783 0.65869546 0.00918126 0.01276806
 0.01531249 0.06048397 0.09682946] [0.01742079 0.00624678 0.0115775  0.07797203 0.03587543 0.04508997
 0.14707577 0.01331835 0.6454234 ] [1.1014455e-03 1.0132476e-03 2.1593182e-03 1.0998605e-03 9.9104297e-01
 9.0014719e-04 8.7320170e-04 8.8369788e-04 9.2614099e-04] [0.01121696 0.07029126 0.01334973 0.68710387 0.02426157 0.04095275
 0.05859689 0.04581928 0.04840765] [2.4181265e-04 8.6973893e-04 1.7450523e-03 7.4511959e-04 9.9116862e-01
 1.2053745e-03 4.8559596e-04 6.4376491e-04 2.8948653e-03] [0.02377979 0.04779565 0.02486999 0.40177047 0.05620896 0.2530989
 0.04964286 0.07297503 0.06985838] [0.00385055 0.01047846 0.00392402 0.01761155 0.00487752 0.8840221
 0.02680522 0.01868727 0.02974323] [0.0076633  0.02456611 0.02819763 0.0393857  0.01676764 0.09856394
 0.02713645 0.059658   0.6980612 ] [0.0099153  0.95500803 0.00443581 0.00219748 0.00184477 0.01725027
 0.00376263 0.00294984 0.00263589] [9.7679114e-01 2.5754548e-03 1.1953322e-03 1.6919973e-03 4.7283159e-03
 2.2686643e-03 8.8046782e-04 3.6794851e-03 6.1891517e-03] [0.00750124 0.9647708  0.00203332 0.00328636 0.00162627 0.00131815
 0.0034481  0.01239611 0.00361962] [0.04640922 0.2508931  0.0296125  0.1735717  0.02555523 0.15684836
 0.01415218 0.10657845 0.19637924] [0.44311878 0.09012464 0.06908854 0.01618071 0.02916587 0.03228396
 0.20220572 0.06026099 0.05757083] [0.0100535  0.01317568 0.01087021 0.77524906 0.00427078 0.11167761
 0.01297921 0.00453271 0.0571912 ] [0.00936244 0.00884991 0.0036898  0.00811413 0.9526039  0.00352219
 0.00604852 0.00372014 0.00408891] [0.15788297 0.23835292 0.24320443 0.04357234 0.01792087 0.0276783
 0.16698857 0.01762314 0.08677647] [0.00532133 0.79459214 0.15510099 0.00343979 0.00609998 0.00790007
 0.00669344 0.00287732 0.01797495] [0.00536119 0.00426039 0.00735343 0.06379878 0.0108454  0.76266867
 0.05055469 0.06926587 0.02589157] [0.04648446 0.2186834  0.11549561 0.02488776 0.22120309 0.07201598
 0.07671443 0.16589497 0.05862032] [0.01078778 0.00561705 0.04921439 0.00343076 0.91100204 0.00248227
 0.00574262 0.00977591 0.00194713] [0.00439979 0.00724797 0.00829089 0.02915354 0.00767584 0.20759
 0.01328455 0.02403536 0.69832206] [0.01072443 0.03726738 0.11164226 0.03865953 0.01505189 0.07660048
 0.04993054 0.04253645 0.61758703] [0.00615451 0.0025771  0.00173679 0.9316005  0.00253557 0.00289944
 0.04431561 0.0036578  0.00452266] [1.2348054e-03 2.7766303e-04 5.7629246e-04 2.3699073e-04 4.8386934e-04
 3.1109452e-03 1.7090914e-04 9.9331892e-01 5.8966997e-04] [0.00379089 0.00132693 0.00124332 0.0025198  0.9682576  0.00782003
 0.00407197 0.00309799 0.00787144] [0.01033423 0.00402423 0.00365427 0.00611303 0.0052394  0.0141607
 0.88724923 0.01256287 0.056662  ] [0.01886582 0.01493702 0.03565722 0.62943816 0.06738611 0.1446058
 0.03464925 0.0209923  0.03346832] [3.0904121e-04 1.1074048e-03 5.8439985e-04 7.7107054e-04 9.9554116e-01
 3.1757666e-04 2.6392713e-04 5.9481885e-04 5.1063631e-04] [0.01639533 0.7715208  0.06955086 0.01418137 0.01240326 0.07686618
 0.00742536 0.0257851  0.00587174] [0.01742286 0.02299754 0.77218205 0.12691884 0.00929378 0.01311478
 0.00661962 0.02086238 0.01058817] [0.979091   0.00224859 0.00224984 0.00222915 0.00203022 0.00323681
 0.00135248 0.00490008 0.00266182] [0.04479813 0.525728   0.11906239 0.07970863 0.03901628 0.12970597
 0.02850486 0.02095462 0.01252116] [0.08216787 0.01410061 0.04327214 0.7619093  0.02190566 0.01044459
 0.0194453  0.01239343 0.03436104] [0.77899134 0.01527715 0.08629578 0.00916389 0.00458296 0.00368405
 0.0829118  0.00706898 0.012024  ] [0.13865152 0.01670721 0.02998363 0.02219386 0.01045278 0.16388226
 0.0469668  0.11285407 0.4583079 ] [0.01457892 0.01496258 0.05001257 0.11759645 0.02994233 0.09968908
 0.09076225 0.03520346 0.54725236] [0.11438651 0.02286936 0.03376196 0.07930732 0.02926166 0.15222384
 0.02890859 0.0610843  0.4781965 ] [0.06096042 0.48764077 0.14552405 0.01786721 0.13027939 0.03623927
 0.0468251  0.05518174 0.01948204] [3.9875967e-04 1.1571040e-03 2.0596609e-04 9.1869623e-04 9.9498922e-01
 3.9223130e-04 5.1378825e-04 1.6649366e-04 1.2577308e-03] [0.01751683 0.03609299 0.0545034  0.10426929 0.0550492  0.13928004
 0.2861238  0.17096199 0.13620242] [0.0092965  0.07930478 0.84991884 0.00688328 0.01122755 0.01800396
 0.00534319 0.01150919 0.00851269] [0.0116562  0.00917079 0.83545446 0.09585103 0.01901006 0.00678875
 0.00806805 0.00456012 0.00944055] [0.42414197 0.00473984 0.12470388 0.37088102 0.01228651 0.02781517
 0.01598685 0.0071138  0.01233096] [0.00370958 0.9704891  0.00271368 0.00393475 0.00157998 0.00102799
 0.01317339 0.00102851 0.00234295] [3.7389735e-04 6.1222306e-04 2.9179672e-04 3.4207047e-04 9.9688703e-01
 5.7273323e-04 3.0176071e-04 2.9504718e-04 3.2343029e-04] [0.01350429 0.24009944 0.08219527 0.4035189  0.02752102 0.02533809
 0.05110167 0.12386335 0.03285802] [0.0141935  0.0085493  0.00500522 0.15632571 0.68322587 0.0271224
 0.06733529 0.00902874 0.02921402] [0.9617461  0.00349016 0.01111994 0.00561442 0.00782953 0.00298154
 0.00194963 0.00129183 0.00397691] [0.01580349 0.04359309 0.00989308 0.14549771 0.01504604 0.22868894
 0.02122388 0.0133719  0.5068819 ] [9.98471677e-01 3.57861165e-04 1.62085082e-04 6.23138112e-05
 1.50998676e-04 1.01903795e-04 1.45673257e-04 3.77296936e-04
 1.70201791e-04] [0.00722002 0.00941901 0.10637208 0.05338971 0.00849186 0.17312028
 0.01184035 0.02571802 0.60442865] [2.7713875e-04 4.6778569e-04 9.9071842e-01 2.6853282e-03 2.5174436e-03
 3.1833319e-04 5.3121423e-04 1.7699394e-03 7.1445480e-04] [0.03762602 0.18533053 0.44415048 0.0506     0.01424368 0.01314438
 0.07929233 0.14487085 0.03074175] [0.01403454 0.01142241 0.01007687 0.3051254  0.00871103 0.05232805
 0.05905099 0.03103353 0.5082172 ] [0.06727142 0.01603955 0.05578413 0.0143649  0.00959761 0.01657274
 0.03376977 0.77269137 0.0139085 ] [0.96880966 0.00619707 0.00385731 0.00240766 0.00175968 0.00975448
 0.00191865 0.00337016 0.00192529] [0.01565426 0.5747912  0.17469293 0.0046896  0.02216646 0.04331356
 0.04488913 0.01534065 0.10446224] [0.02529401 0.00477544 0.01978723 0.04870271 0.0102259  0.24434492
 0.18851526 0.00841927 0.44993526] [0.0191906  0.0073149  0.02642966 0.00955646 0.00413038 0.01401456
 0.9029635  0.00975758 0.00664237] [0.00627555 0.01429032 0.00567025 0.81378734 0.01199741 0.01489868
 0.03195866 0.0734292  0.02769261] [8.3287166e-05 1.0496793e-04 6.3138825e-05 4.7211066e-05 9.4103765e-05
 2.4169586e-04 9.9918872e-01 9.3666575e-05 8.3202453e-05] [2.4578007e-04 1.7990793e-04 3.2391091e-04 9.9648881e-01 1.3122502e-04
 8.3883718e-04 4.7319848e-04 2.5343010e-04 1.0649150e-03] [0.01212751 0.00919721 0.00587712 0.05793297 0.01349054 0.20953931
 0.45943522 0.01952535 0.21287483] [5.4439506e-04 2.6693111e-04 7.5430016e-04 1.2889856e-03 9.9576938e-01
 2.2027185e-04 5.5541773e-04 4.5468649e-04 1.4561106e-04] [0.06318791 0.01432114 0.08047885 0.01471568 0.02164816 0.00898532
 0.01800344 0.7169534  0.06170607] [0.00611888 0.0060014  0.97080964 0.00889959 0.00123212 0.00101845
 0.00192806 0.00193408 0.00205778] [0.01443275 0.01934946 0.02071911 0.06575072 0.04496428 0.21194375
 0.05928318 0.28574917 0.2778076 ] [0.01404676 0.8767798  0.05235485 0.00995178 0.01545179 0.00524884
 0.0066806  0.0148733  0.00461225] [0.24963494 0.0380004  0.34350133 0.05146723 0.04536794 0.13101271
 0.06689204 0.04037454 0.03374891] [3.3661004e-04 1.7542852e-04 2.7988416e-03 1.6744169e-04 9.9554896e-01
 2.3645716e-04 4.4464017e-04 1.5136432e-04 1.4029357e-04] [0.00910176 0.00742506 0.05550851 0.03363546 0.04021424 0.0361787
 0.78285336 0.02145175 0.01363119] [8.2671614e-03 4.1834093e-03 9.4336998e-01 7.8822598e-03 1.9307403e-03
 2.7319346e-02 8.5433514e-04 4.6737646e-03 1.5189918e-03] [1.7445026e-03 9.9605441e-01 3.9378559e-04 2.0964876e-04 2.7955716e-04
 1.9396463e-04 7.1878661e-04 1.7618522e-04 2.2916777e-04] [9.9129473e-05 3.3911721e-05 9.9795365e-01 1.1695996e-03 2.0937734e-04
 3.2403707e-04 9.4296927e-05 6.2790379e-05 5.3190899e-05] [3.8089759e-03 9.8755217e-01 9.4935053e-04 1.0059437e-03 1.9914743e-03
 1.8371217e-03 7.6613162e-04 1.0817745e-03 1.0069938e-03] [0.00807207 0.8981352  0.0062493  0.0051282  0.01139631 0.00749724
 0.00355951 0.03135649 0.02860572] [0.03785999 0.00761794 0.00705226 0.08487899 0.01849347 0.66080284
 0.04306173 0.02089449 0.11933832] [0.01180488 0.02490844 0.01297473 0.03506036 0.03082432 0.04502049
 0.7540799  0.03030062 0.05502623] [0.01089296 0.03295378 0.28041157 0.04947705 0.00512827 0.01171708
 0.01294155 0.02046372 0.576014  ] [0.05812416 0.09088167 0.08078873 0.0501602  0.03684041 0.03935631
 0.06857257 0.5469182  0.02835771] [0.04168647 0.01123481 0.03131444 0.10129805 0.02517715 0.24343012
 0.10422906 0.20049107 0.24113882] [0.04055045 0.45325375 0.03960272 0.05752587 0.01816967 0.3139495
 0.02400599 0.02430982 0.02863224] [0.00919596 0.01842824 0.06242218 0.00175103 0.00307705 0.00199756
 0.00140927 0.8999916  0.00172714] [0.00977993 0.07714359 0.00971029 0.02332788 0.01343492 0.02453577
 0.03080952 0.01529134 0.7959668 ] [0.01532804 0.01752106 0.01087632 0.07935582 0.02593712 0.07898116
 0.01261498 0.6261028  0.1332827 ] [0.20952626 0.12738523 0.45032164 0.03644721 0.01514831 0.04402762
 0.07309859 0.02576177 0.01828335] [0.44150347 0.04813024 0.29819345 0.02088594 0.05229096 0.00940171
 0.08605748 0.03380857 0.0097282 ] [6.8844976e-03 6.6714402e-04 4.9054704e-04 5.9383549e-03 2.3598662e-03
 9.1054477e-02 8.8831395e-01 1.7612308e-03 2.5299299e-03] [8.1128470e-04 7.8839983e-04 5.5388024e-04 4.0550209e-03 9.6729571e-01
 1.7702503e-02 5.2725184e-03 1.1798635e-03 2.3407999e-03] [0.16693622 0.16834    0.06690767 0.02947877 0.04370958 0.12965995
 0.08728572 0.12560198 0.18208013] [3.2903580e-04 1.5467457e-03 1.0270452e-04 3.5207260e-03 6.4479827e-04
 8.8023068e-04 9.9183321e-01 3.3859781e-04 8.0398767e-04] [0.01769147 0.0212824  0.27781007 0.5859025  0.00685372 0.01719637
 0.00913645 0.02141821 0.04270879] [0.02860314 0.2671401  0.24429308 0.16537638 0.0460531  0.07469305
 0.02283347 0.02649207 0.12451562] [7.6201180e-04 1.1980849e-03 9.0078032e-04 1.5542129e-03 9.8215461e-01
 2.0047638e-03 9.7400630e-03 8.7505137e-04 8.1040431e-04] [0.00306598 0.00119801 0.00553503 0.00645426 0.00482048 0.00487513
 0.00514939 0.88437927 0.08452249] [0.02761251 0.10068676 0.0115924  0.08803984 0.09787789 0.39045903
 0.0700366  0.05932906 0.15436588] [0.06740913 0.11543903 0.02938017 0.015668   0.01346658 0.02718419
 0.6934599  0.01392381 0.02406919] [0.00867463 0.00430814 0.00494364 0.00504756 0.00482583 0.9583118
 0.00114324 0.00562655 0.00711866] [2.8718058e-03 3.1356842e-03 2.4381396e-03 9.7869849e-01 8.3346834e-04
 8.7386637e-04 2.8643878e-03 3.5238033e-03 4.7603725e-03] [1.6748092e-04 5.9875555e-04 9.9727625e-01 5.2527932e-04 3.1207426e-04
 2.3698693e-04 2.3861387e-04 4.4254854e-04 2.0207683e-04] [0.00600488 0.02113954 0.928534   0.01105886 0.00572252 0.00655662
 0.01197528 0.00422948 0.00477884] [0.16319032 0.07474975 0.10367457 0.09693964 0.05235433 0.03787107
 0.08895984 0.25437587 0.1278846 ] [0.90102756 0.04576985 0.00867795 0.00914444 0.00235022 0.00233438
 0.00391736 0.01905277 0.00772545] [0.0054293  0.19440004 0.69633406 0.03000423 0.00429499 0.00230946
 0.00365586 0.06146911 0.00210293] [0.03078437 0.08692753 0.17166747 0.05676656 0.02437941 0.06931724
 0.01124805 0.49801692 0.05089243] [9.8645848e-01 2.2557892e-03 8.3054148e-04 1.1934320e-03 1.7649239e-03
 1.3178504e-03 1.9037807e-03 2.5199887e-03 1.7551961e-03] [0.01261823 0.01117457 0.02277915 0.12181763 0.00993501 0.26775455
 0.07772136 0.364268   0.11193144] [0.01815595 0.02547949 0.0197696  0.18201432 0.0368772  0.17891409
 0.00873893 0.39281666 0.13723375] [0.02172089 0.104345   0.7258026  0.00851791 0.02920126 0.0124505
 0.01162568 0.07039384 0.01594234] [0.00175021 0.033555   0.00272344 0.00331721 0.00198682 0.0090152
 0.00254462 0.18130389 0.7638036 ] [4.1115534e-04 1.0842665e-03 2.2912334e-04 4.3958277e-04 9.9463224e-01
 3.1562895e-04 3.8270952e-04 1.2732487e-03 1.2320160e-03] [7.93939515e-04 1.77441572e-04 1.12545036e-04 2.29888968e-03
 2.81914428e-04 9.95093346e-01 5.85454749e-04 2.10069818e-04
 4.46378748e-04] [0.3556965  0.09341981 0.07022084 0.03125159 0.03374756 0.1608415
 0.08039609 0.07517912 0.09924697] [3.99053795e-04 9.96613324e-01 5.21520793e-04 1.05907064e-04
 2.06246797e-04 2.18845569e-04 1.24874921e-03 2.82576453e-04
 4.03821090e-04] [0.06119273 0.11188307 0.01905384 0.1666549  0.36649567 0.02671016
 0.01180173 0.0666417  0.16956618] [0.04961027 0.5786038  0.02068332 0.01568429 0.08870144 0.06778204
 0.07113068 0.05035662 0.05744755] [1.1991081e-03 5.3577841e-04 2.5896165e-03 9.9262482e-01 3.9908561e-04
 7.6256227e-04 1.0162983e-03 5.7150546e-04 3.0122569e-04] [0.03704705 0.1428498  0.5546332  0.0795311  0.01169871 0.01701958
 0.08044579 0.06384046 0.0129343 ] [1.6277294e-03 4.1616155e-04 4.6429276e-03 2.9129162e-03 1.1493948e-03
 9.7645515e-01 2.2617648e-03 3.2585568e-03 7.2753979e-03] [0.02623988 0.07934633 0.02800023 0.08335299 0.02550308 0.13112107
 0.08369579 0.02377506 0.5189656 ] [0.03154163 0.0124525  0.09300221 0.0821355  0.03605036 0.6799094
 0.01894121 0.01645846 0.02950873] [0.00964232 0.00488429 0.01819644 0.02262508 0.00592825 0.02227432
 0.8425483  0.02713751 0.04676353] [0.26314357 0.02504236 0.19859362 0.01611582 0.32242638 0.02113612
 0.06384002 0.04763885 0.04206325] [0.8557365  0.03005793 0.04407547 0.00556821 0.01137281 0.00443521
 0.00645553 0.03331365 0.00898469] [0.00867056 0.02411736 0.00609743 0.10792412 0.00851851 0.39622527
 0.05675378 0.04901154 0.34268138] [0.03519187 0.00229168 0.00910948 0.7888517  0.00348889 0.08045055
 0.0148383  0.01009884 0.05567871] [0.00539162 0.8228213  0.00417039 0.00508903 0.00506987 0.00528114
 0.0371208  0.08211527 0.0329406 ] [0.01041756 0.9276896  0.03647271 0.00365843 0.00910258 0.00700614
 0.00173355 0.00187567 0.00204381] [0.01501061 0.03512905 0.04401388 0.32248947 0.04523761 0.24170153
 0.05555999 0.12423425 0.11662365] [0.07261723 0.10476017 0.4926289  0.07066914 0.06176338 0.03992346
 0.06034423 0.06464961 0.03264392] [0.03428386 0.5835743  0.08780725 0.06686246 0.04886396 0.07323506
 0.03205103 0.03763187 0.03569022] [0.63451475 0.01604584 0.04746549 0.01264543 0.00655259 0.0392484
 0.01033426 0.2267533  0.00643996] [4.2650891e-03 8.8511256e-04 2.4838620e-03 4.8002120e-02 6.3980976e-03
 4.9993792e-03 3.4052138e-03 3.3756595e-03 9.2618543e-01] [0.04098747 0.03931914 0.00877554 0.5436347  0.01331688 0.04195814
 0.05202046 0.04653563 0.21345204] [0.05683307 0.14446215 0.22303307 0.02311867 0.05338597 0.07808646
 0.03903818 0.06002687 0.32201555] [0.02025324 0.03714616 0.03068644 0.0229129  0.05068617 0.03159081
 0.0134712  0.7727743  0.02047874] [0.02719765 0.55532837 0.03277205 0.02069186 0.04961491 0.03872693
 0.04172581 0.16215417 0.07178823] [0.01183578 0.01424505 0.01339709 0.0567464  0.02882282 0.509024
 0.1477197  0.0829806  0.13522851] [0.00789775 0.00957599 0.58489114 0.0072181  0.02925489 0.01257387
 0.0046018  0.32688975 0.01709666] [0.03620626 0.77878433 0.01931804 0.00771048 0.05923947 0.02355481
 0.01608698 0.00603267 0.05306694] [0.09271384 0.31306222 0.1044931  0.0205683  0.04162229 0.02996977
 0.04862443 0.04629294 0.3026531 ] [0.92117697 0.01949583 0.0045137  0.03724477 0.00837319 0.00289863
 0.00171383 0.00355107 0.00103203] [0.01373558 0.08355425 0.47843182 0.03889935 0.2410762  0.03079257
 0.03271587 0.05370875 0.02708562] [0.03198202 0.1339901  0.02463045 0.26441357 0.03783342 0.16105488
 0.03938328 0.04750769 0.25920463] [0.9683345  0.01317162 0.00587055 0.00139443 0.00303713 0.00103141
 0.00367675 0.0020312  0.00145242] [0.0580258  0.01038137 0.16917859 0.61101806 0.01860789 0.00936259
 0.01595387 0.09384498 0.01362685] [2.6461829e-03 9.9769945e-04 5.2803219e-03 9.5635979e-03 5.8019935e-04
 6.9250762e-03 9.7168440e-01 1.2322493e-03 1.0902173e-03] [0.04149619 0.7287651  0.07775691 0.01792133 0.01374771 0.07822908
 0.00815893 0.02018909 0.01373571] [1.8314868e-03 5.3112500e-04 6.2900491e-04 1.1608716e-03 9.9079472e-01
 1.2000134e-03 1.2514221e-03 1.2993027e-03 1.3020241e-03] [0.19305302 0.00600876 0.00536594 0.10212743 0.03083307 0.01630614
 0.607092   0.0162887  0.02292494] [5.5001921e-05 9.2322123e-05 1.1779465e-04 1.3999672e-04 9.9897552e-01
 2.2619581e-04 1.1895686e-04 2.1558472e-04 5.8654419e-05] [0.65747195 0.0773825  0.01550798 0.07003546 0.01245296 0.01190757
 0.03338569 0.11334014 0.00851569] [0.01390281 0.16065611 0.02539409 0.00978243 0.00872049 0.02034599
 0.02293947 0.7219561  0.0163026 ] [0.01968745 0.02690699 0.00533235 0.00589171 0.02182155 0.1383613
 0.75359666 0.01542902 0.01297292] [3.1997793e-04 7.5151050e-04 3.7779586e-04 2.2448340e-04 9.9749100e-01
 1.2125607e-04 3.4683262e-04 1.8569303e-04 1.8143644e-04] [0.0020993  0.00630569 0.00431594 0.00704403 0.00500636 0.00621945
 0.96225375 0.00365859 0.00309688] [0.04473941 0.01298249 0.02967396 0.09823222 0.04935368 0.07008839
 0.08026348 0.4696117  0.1450547 ] [0.0256158  0.20277089 0.46346557 0.09987007 0.01111481 0.11241643
 0.01938763 0.03328375 0.03207505] [0.03812155 0.01177454 0.00905023 0.09748142 0.10761476 0.07546417
 0.03352525 0.53375846 0.09320962] [0.00456378 0.2123006  0.01303193 0.00233475 0.00486394 0.02653373
 0.72466975 0.00613593 0.00556558] [4.0329547e-04 6.9726619e-04 9.8745894e-01 6.7221299e-03 7.0127012e-04
 1.0654614e-03 5.8195129e-04 1.7029856e-03 6.6667935e-04] [0.00700667 0.00438763 0.00588746 0.0132094  0.04650847 0.02522536
 0.16759792 0.30248728 0.42768982] [5.2328473e-03 9.8254895e-03 1.1245883e-03 9.2767435e-04 9.5820743e-01
 3.4310028e-03 4.9049128e-03 1.1068809e-02 5.2772728e-03] [1.4134301e-03 1.2695160e-03 4.9892615e-04 9.5932884e-04 4.6264110e-04
 9.9267817e-01 8.5356337e-04 7.0823007e-04 1.1561599e-03] [0.02859608 0.6241434  0.12469233 0.0854984  0.02046425 0.0265902
 0.0132041  0.0193823  0.05742893] [0.00256489 0.00159149 0.00236459 0.00129508 0.00417147 0.0036565
 0.00756672 0.9207486  0.05604064] [0.00149296 0.00274085 0.00118547 0.003285   0.00263759 0.94547814
 0.00880875 0.00437318 0.02999803] [0.00278814 0.00517679 0.00109515 0.00668089 0.00582473 0.8761244
 0.04190556 0.00929367 0.05111068] [0.01869653 0.01236046 0.03630991 0.03582522 0.02331918 0.02557318
 0.00768605 0.81428975 0.02593973] [0.04889425 0.09700666 0.0092804  0.20585765 0.01927241 0.08458824
 0.0248459  0.07502196 0.43523255] [3.1551506e-04 4.2017738e-04 2.4775739e-04 3.1791753e-03 8.6700940e-04
 8.7592698e-04 9.8531646e-01 8.9510763e-04 7.8828465e-03] [0.01970568 0.00619931 0.00868414 0.02502262 0.02655816 0.03117812
 0.8201333  0.02422032 0.03829835] [9.9723142e-01 4.2932248e-04 3.7155242e-04 5.8974896e-05 2.0030260e-04
 5.4065691e-04 1.5729744e-04 5.1824393e-04 4.9222371e-04] [0.04707446 0.7503234  0.01088806 0.02023963 0.00790976 0.01099283
 0.06896748 0.0243372  0.05926723] [0.00437383 0.00164073 0.9540247  0.01605262 0.00194221 0.00184814
 0.01574594 0.00239728 0.0019746 ] [0.01004201 0.01932759 0.00597331 0.1252741  0.02612335 0.12551542
 0.01525728 0.32392377 0.3485632 ] [0.00887153 0.00424044 0.00397992 0.93000615 0.00623756 0.02540598
 0.00463051 0.00690716 0.0097208 ] [2.1369380e-03 6.9504767e-04 1.3037340e-03 9.0206834e-04 2.5467759e-03
 5.0768419e-04 3.8170008e-04 9.8450583e-01 7.0201741e-03] [0.29729795 0.2020464  0.10973472 0.02661908 0.0199502  0.06174175
 0.12920822 0.12854894 0.02485277] [0.01938139 0.00810685 0.0430616  0.00360961 0.00497362 0.0084828
 0.00667672 0.8634206  0.04228679] [0.04285938 0.02137958 0.4458339  0.36120513 0.0100591  0.01215418
 0.0371106  0.03600602 0.03339218] [0.00151022 0.00121971 0.01082315 0.96143997 0.00449761 0.00236772
 0.00640593 0.00264325 0.00909243] [2.8197893e-03 1.0513688e-03 7.4930600e-04 1.1429567e-03 9.8580867e-01
 3.1350511e-03 1.3009467e-03 1.1373340e-03 2.8544953e-03] [0.18432276 0.09242152 0.18412217 0.07952369 0.03000828 0.02626869
 0.03409299 0.29492265 0.07431719] [0.55065    0.02625166 0.09709024 0.04593041 0.0165007  0.04196228
 0.02591936 0.01459508 0.18110026] [0.00937921 0.01945501 0.03496287 0.01776407 0.04205906 0.01950932
 0.06280734 0.76385623 0.03020693] [0.04415541 0.03395308 0.07918158 0.0298434  0.01969214 0.21562986
 0.0866392  0.12932388 0.36158141] [9.9634272e-01 8.3319703e-04 7.0298056e-04 5.3617207e-04 2.1473969e-04
 3.5262830e-04 4.1616664e-04 2.9627126e-04 3.0515774e-04] [2.39835936e-04 1.20535115e-04 4.83374286e-04 1.71121603e-04
 9.97466087e-01 1.97440095e-04 6.08618895e-04 1.03955732e-04
 6.08981820e-04] [0.03161716 0.01708517 0.01549429 0.0114443  0.03195572 0.07232078
 0.0398249  0.05627257 0.7239851 ] [1.1443308e-03 8.9886779e-04 9.6654682e-04 2.5271222e-03 9.2155921e-01
 8.3647287e-03 4.4581193e-02 1.6576197e-03 1.8300410e-02] [3.5070982e-03 1.1745885e-03 6.3806871e-04 1.1543381e-03 2.1536977e-03
 9.6777266e-01 4.0513584e-03 1.4446727e-03 1.8103510e-02] [0.02398379 0.02352068 0.01692751 0.01090903 0.03559802 0.01565341
 0.38846457 0.46499106 0.01995187] [0.00814758 0.04048355 0.0075378  0.01544268 0.02845915 0.06044683
 0.8062249  0.02041698 0.01284057] [0.04432435 0.14718883 0.6653353  0.02929629 0.01684363 0.02517983
 0.00810109 0.03394954 0.02978111] [0.01611914 0.02169998 0.00582808 0.01152064 0.02366938 0.07176928
 0.8335365  0.00754142 0.00831553] [0.03674164 0.07776619 0.0246442  0.03421957 0.07476071 0.05274629
 0.06255802 0.5864373  0.05012607] [4.9802056e-04 5.4062332e-04 3.2197908e-04 9.9471092e-01 9.3361636e-04
 9.8485046e-04 5.4772524e-04 3.2199168e-04 1.1403301e-03] [1.1880338e-03 1.9319966e-03 9.8917609e-01 3.4985091e-03 5.9032050e-04
 3.1539338e-04 6.4964860e-04 1.3105271e-03 1.3395305e-03] [0.71851444 0.01382114 0.20004472 0.00279404 0.00486996 0.02126315
 0.01369908 0.01730633 0.00768716] [0.06840177 0.8144335  0.03026429 0.01593151 0.01623773 0.01482655
 0.01143593 0.01118778 0.01728099] [8.21588270e-04 9.87310195e-05 1.17335585e-04 1.02592268e-04
 9.98336911e-01 1.00366175e-04 2.46255164e-04 1.07612606e-04
 6.85422856e-05] [0.03852157 0.02073149 0.11908802 0.07211835 0.03171445 0.5932162
 0.02631291 0.08487175 0.0134253 ] [0.00599124 0.00548737 0.00200175 0.00873974 0.00228329 0.04392758
 0.9111924  0.00484984 0.01552676] [9.9756783e-01 1.5854969e-04 1.1477845e-03 1.2811577e-04 1.3101606e-04
 3.2228549e-04 3.6082114e-04 8.4531370e-05 9.9092096e-05]",1 3 5 5 7 4 5 5 3 1 0 3 8 4 8 4 3 5 8 1 0 1 6 0 3 4 1 1 5 7 2 8 8 3 7 4 6 3 4 1 2 0 1 3 0 8 3 8 4 4 6 2 2 2 1 4 3 4 0 5 0 8 2 2 5 7 0 1 8 6 3 6 3 6 4 7 2 7 1 0 4 6 2 1 2 1 1 5 6 8 7 5 0 7 8 7 2 0 6 4 8 6 3 3 4 7 8 6 5 3 2 2 2 0 2 7 0 5 3 2 8 4 5 8 1 8 1 3 2 5 8 5 6 4 0 8 3 1 1 3 2 1 0 8 5 8 7 1 5 7 1 1 0 2 3 0 3 6 1 4 6 4 0 7 6 4 6 7 2 7 6 2 6 4 5 8 7 5 5 7 8 6 6 0 0 2 8 5 7 0 7 3 3 4 7 5 7 5 0 4 8 4 5 6 6 2 6 7 3 2 0 1 4 7 6 0
1468,0,xgboost,0.5,10000,10000,0.7685185185185185,0.9732590663580246,"[2.1456793e-04 2.9834104e-04 2.4476447e-04 3.8245361e-04 1.4617895e-04
 9.9639207e-01 1.1200632e-03 2.5062601e-04 9.5086772e-04] [0.07795731 0.2337939  0.06159107 0.01686135 0.04570441 0.2702208
 0.17047329 0.05629217 0.06710568] [1.8805392e-04 5.8412381e-05 1.5679406e-03 9.9419880e-01 2.5176443e-04
 3.0955691e-03 1.3659547e-04 1.9725558e-04 3.0557602e-04] [0.07809102 0.33484924 0.3818982  0.07191248 0.01004703 0.01661367
 0.05101741 0.01090847 0.04466244] [3.7183048e-04 6.6927285e-04 8.8945287e-04 1.9796256e-03 9.9961448e-04
 1.3438755e-03 9.9234688e-01 7.3023455e-04 6.6914171e-04] [0.02029754 0.01886435 0.84682995 0.03449245 0.00703999 0.02025612
 0.01729904 0.02001073 0.01490985] [0.05832148 0.08872312 0.04268681 0.03076051 0.01788392 0.05416401
 0.03277443 0.05823292 0.61645275] [0.02071199 0.72092974 0.13002327 0.01674309 0.02252924 0.00430606
 0.02974784 0.03399506 0.02101371] [0.00568621 0.00706404 0.02158195 0.00900211 0.00445997 0.00459676
 0.00507405 0.93960094 0.00293392] [9.9828874e-04 5.0538708e-04 4.8206351e-04 1.1940092e-04 9.9708813e-01
 1.4450584e-04 2.2727696e-04 2.1905405e-04 2.1592669e-04] [2.07526493e-04 5.69832919e-04 3.19065555e-04 1.11319758e-04
 9.98101890e-01 1.19674005e-04 2.20862770e-04 2.72055273e-04
 7.78162066e-05] [0.0707489  0.07353721 0.0701828  0.2654549  0.0785728  0.0494241
 0.03335632 0.23189044 0.12683254] [0.29091287 0.05375874 0.16866596 0.02928942 0.0330774  0.05168097
 0.03648099 0.19355604 0.14257765] [0.09051158 0.06582122 0.10203113 0.10457163 0.08945451 0.17005564
 0.05551329 0.05098035 0.2710607 ] [0.95715785 0.00788804 0.00769372 0.00465239 0.00698593 0.00329738
 0.00277922 0.00387975 0.00566573] [0.01015314 0.03703202 0.03310994 0.06899808 0.01685413 0.26104438
 0.11718939 0.04967251 0.4059464 ] [0.00891328 0.02004612 0.01084395 0.8864917  0.03258555 0.02095401
 0.0028706  0.00928446 0.00801034] [0.3855251  0.00598236 0.009892   0.5501253  0.00240511 0.01817194
 0.0053625  0.01906481 0.00347086] [4.2618977e-04 9.5683010e-04 2.7899889e-03 7.8012393e-04 1.2462595e-03
 9.6059428e-04 8.3401747e-04 9.8820835e-01 3.7976173e-03] [0.15919441 0.11090261 0.08081682 0.03124367 0.07072692 0.03784037
 0.05547584 0.29117537 0.16262399] [0.00422699 0.91742474 0.04995767 0.00368411 0.00176319 0.00792508
 0.00292563 0.00399057 0.00810204] [0.00421252 0.9581926  0.00733909 0.00420922 0.00503361 0.00683645
 0.00709345 0.00430229 0.00278085] [1.1614831e-04 4.1384716e-04 2.2071091e-04 3.5884703e-04 3.3507784e-04
 7.8166177e-04 9.9592042e-01 6.1197858e-04 1.2412847e-03] [0.02311563 0.03043273 0.01629145 0.08115026 0.12084093 0.06044318
 0.0813278  0.02876335 0.5576347 ] [9.8834342e-01 2.1700340e-03 2.1006572e-03 1.9605446e-03 6.1360985e-04
 7.7433337e-04 1.3547117e-03 6.2992790e-04 2.0527705e-03] [0.00184346 0.00173352 0.00162635 0.04754771 0.9157912  0.00344484
 0.01852014 0.00187304 0.00761969] [1.9317487e-03 3.0221478e-03 9.3225712e-01 4.9427588e-02 7.8554126e-04
 9.1677363e-04 1.6821509e-03 8.9250570e-03 1.0518894e-03] [9.2792802e-04 8.4860710e-04 3.4069596e-04 9.9636673e-04 9.9449050e-01
 4.3071684e-04 2.2448150e-04 3.8979677e-04 1.3508986e-03] [0.00891288 0.02793472 0.0160544  0.20190835 0.00917647 0.03925496
 0.03034909 0.20408899 0.46232018] [0.02209325 0.8581349  0.03329385 0.00785979 0.01541414 0.0164998
 0.01293669 0.02532036 0.00844722] [6.5123365e-04 6.6500268e-04 8.3013001e-04 3.3210188e-03 6.1665615e-04
 1.4761436e-03 1.3505834e-03 9.8857415e-01 2.5150967e-03] [0.02408564 0.0266017  0.02280547 0.03095581 0.02235977 0.5465303
 0.07822823 0.03876865 0.20966446] [0.0505294  0.02890451 0.0583606  0.03950617 0.71594834 0.02292406
 0.00738781 0.04498168 0.03145742] [0.00679405 0.00661436 0.00229079 0.00268264 0.00236715 0.00347328
 0.00477333 0.02831191 0.94269246] [9.8890615e-01 1.8599071e-03 7.5274386e-04 1.4395093e-03 2.5300593e-03
 7.6465035e-04 2.1510508e-03 1.0046961e-03 5.9122319e-04] [0.01097965 0.00766366 0.00695422 0.13615572 0.02792432 0.64392877
 0.01231775 0.09114958 0.06292632] [0.13681784 0.08170635 0.13484429 0.356474   0.05471027 0.03711297
 0.03125931 0.08110688 0.08596805] [0.95323944 0.0059429  0.00274904 0.0087108  0.00869148 0.00588043
 0.00264958 0.00716018 0.00497617] [0.23791747 0.05252208 0.33153936 0.02002071 0.02318821 0.02348006
 0.21953644 0.01995157 0.07184409] [2.1814082e-03 8.0560695e-04 7.5359233e-03 9.7991884e-01 5.3412095e-04
 5.4549850e-03 7.7134999e-04 9.3645812e-04 1.8613216e-03] [0.03582839 0.00760463 0.0070747  0.088608   0.01056819 0.08509776
 0.15643835 0.06210677 0.54667324] [0.00469812 0.01499965 0.00870592 0.01145816 0.0104761  0.08225887
 0.01865573 0.8316172  0.01713028] [0.01931786 0.01653625 0.86776894 0.01847197 0.01067678 0.01744688
 0.00853853 0.02598214 0.01526062] [0.07071503 0.02535345 0.01242064 0.0123351  0.82423556 0.01450526
 0.00892601 0.02133369 0.01017523] [0.00445227 0.9757284  0.00446465 0.00132987 0.00170405 0.00211898
 0.00574576 0.00149147 0.00296461] [0.00488587 0.00657207 0.0021403  0.03711165 0.00614555 0.00839077
 0.8931107  0.03330575 0.00833732] [0.01148478 0.01585159 0.00712658 0.05043922 0.00808661 0.31134215
 0.06045672 0.36994624 0.16526613] [0.94655263 0.01600938 0.00781019 0.0025667  0.00465475 0.00658804
 0.00926373 0.00364101 0.00291358] [0.00349847 0.94541055 0.018342   0.00743501 0.00104032 0.00143059
 0.0101028  0.00967937 0.00306095] [0.00105704 0.00152122 0.00132612 0.00142727 0.00208276 0.95778626
 0.01256909 0.00261333 0.01961693] [0.0126377  0.00706946 0.00656352 0.24824524 0.01147822 0.38360882
 0.07125741 0.1166006  0.14253902] [2.7412118e-04 4.4594071e-04 9.9685436e-01 8.6783071e-04 1.8802666e-04
 2.6969664e-04 5.0654256e-04 2.2697418e-04 3.6650000e-04] [0.02808913 0.46486247 0.11953446 0.0194149  0.02145588 0.02573983
 0.09143534 0.07619643 0.15327153] [0.03611976 0.37223402 0.01060115 0.04417752 0.02606637 0.22272372
 0.16800681 0.01886664 0.10120405] [0.00463731 0.00297318 0.01538724 0.04419893 0.900092   0.00352243
 0.0160083  0.00843869 0.00474198] [0.03524469 0.02323874 0.00784318 0.10879801 0.01744172 0.04593341
 0.02930652 0.21813254 0.5140612 ] [0.00464659 0.00241536 0.00378021 0.83707505 0.00413937 0.03525577
 0.02353397 0.0420764  0.04707724] [7.3267343e-05 2.1606385e-04 9.9820495e-01 3.1935002e-04 2.9976590e-04
 9.0597336e-05 8.0225225e-05 6.3774170e-04 7.8022953e-05] [0.04348804 0.02827434 0.0337928  0.06460246 0.02547009 0.1719059
 0.02011456 0.04649463 0.5658572 ] [0.324114   0.06579191 0.12044425 0.05074778 0.01537926 0.18766117
 0.12375664 0.08635019 0.02575484] [0.17843544 0.15586959 0.06209559 0.05468269 0.09077396 0.12358809
 0.12294833 0.05789565 0.15371063] [0.0410329  0.03530373 0.37302938 0.13671267 0.28419888 0.01569968
 0.0423242  0.0404993  0.03119928] [2.9669472e-03 1.4007965e-03 3.1219532e-03 2.1016947e-03 5.0939214e-03
 1.9428362e-03 1.9187399e-03 9.8060554e-01 8.4755907e-04] [0.03498666 0.04558983 0.013443   0.02657977 0.14985408 0.0805944
 0.60101086 0.01204703 0.03589438] [0.00736037 0.00807842 0.8782965  0.09335849 0.00317271 0.00407021
 0.00235203 0.00193077 0.00138054] [1.2310755e-03 9.8090529e-01 7.1350392e-03 1.8124721e-03 2.8157667e-03
 1.2548488e-03 2.3148700e-03 1.9197996e-03 6.1086379e-04] [0.2248227  0.2844473  0.18252441 0.08866688 0.03517093 0.03671202
 0.04879849 0.07753997 0.0213173 ] [0.01970778 0.03009396 0.0224566  0.36855727 0.01591229 0.1706579
 0.06204691 0.01665891 0.29390842] [0.03216157 0.02647796 0.04643016 0.01385361 0.03061264 0.00968482
 0.01541387 0.6307706  0.1945947 ] [0.02187126 0.72997266 0.06680074 0.0096623  0.05812217 0.04166863
 0.02616296 0.02054428 0.02519496] [0.10492805 0.18395363 0.22829345 0.1044644  0.06246315 0.07499496
 0.1495997  0.05142539 0.03987722] [0.01226281 0.00518938 0.01146223 0.17215471 0.00944887 0.47902137
 0.03871911 0.04455164 0.22718988] [0.11362747 0.35333252 0.13690883 0.03182868 0.03027816 0.04271476
 0.22453393 0.03230595 0.03446972] [0.08735987 0.05558173 0.02438192 0.05512836 0.57019883 0.03019899
 0.04355879 0.06040489 0.07318663] [0.0098891  0.74230576 0.09399112 0.08949628 0.01036156 0.00424249
 0.00582742 0.0372883  0.00659795] [0.01136897 0.01438127 0.0382353  0.00531102 0.00995151 0.0628529
 0.8435059  0.01016986 0.00422327] [1.5865834e-03 1.1634845e-03 6.2501093e-04 3.4510372e-03 9.2011737e-04
 1.9196755e-03 3.5586178e-03 9.8017615e-01 6.5993657e-03] [0.00384121 0.00867309 0.01129135 0.83295256 0.0077008  0.01982406
 0.02452374 0.01592834 0.07526485] [0.01798486 0.02161937 0.79485476 0.05317093 0.00907127 0.01284895
 0.00542479 0.07983886 0.00518623] [1.5445226e-03 1.8182060e-03 1.9094329e-03 2.3138844e-03 1.3757984e-03
 4.4270940e-04 7.7431847e-04 9.8918051e-01 6.4060668e-04] [0.08288822 0.05108901 0.00846527 0.0337206  0.07143217 0.07837369
 0.04119858 0.33076727 0.30206516] [0.004753   0.00630436 0.00312265 0.00878628 0.00400506 0.9174721
 0.03033943 0.00339974 0.0218174 ] [9.9873382e-01 2.3962487e-04 9.5049138e-05 7.3494455e-05 9.6407210e-05
 1.1517520e-04 2.9997565e-04 1.6518442e-04 1.8123993e-04] [0.00285334 0.01192626 0.00386511 0.02587699 0.00311777 0.01107442
 0.9136785  0.0140577  0.01354987] [0.02507435 0.8103905  0.03014986 0.02894994 0.01228674 0.02087729
 0.03167858 0.01976679 0.02082599] [0.31475565 0.07183932 0.04573295 0.04470621 0.08329242 0.09567998
 0.1051342  0.04388442 0.19497485] [0.00173949 0.00243815 0.01390785 0.9712063  0.00140785 0.00182342
 0.00345944 0.00173256 0.00228497] [0.00674705 0.00576672 0.02772049 0.7679204  0.05668113 0.03187539
 0.01881204 0.0114011  0.07307567] [1.8376231e-04 1.6783095e-04 1.2961269e-04 9.1478223e-04 9.9720228e-01
 4.2895859e-04 5.1074033e-04 1.8560849e-04 2.7646407e-04] [0.00994748 0.00381977 0.0165949  0.00207989 0.9419415  0.00370811
 0.00730191 0.01274969 0.00185677] [0.09914858 0.51587737 0.04877144 0.02644192 0.1464642  0.01767121
 0.04015608 0.08285148 0.02261768] [0.00617129 0.00888923 0.00206346 0.01916657 0.00469878 0.00406433
 0.92311436 0.01516661 0.01666541] [0.06793044 0.18794087 0.22432914 0.02909647 0.02490537 0.3908188
 0.02144534 0.01466114 0.03887247] [0.11014378 0.06592905 0.03416699 0.02012108 0.01570094 0.02204834
 0.09742229 0.5448348  0.08963273] [0.01891056 0.05772575 0.00704675 0.0020969  0.00502707 0.8943898
 0.00721901 0.00511151 0.00247268] [0.00591925 0.00978305 0.00615947 0.0055716  0.01364878 0.007001
 0.02398766 0.9254331  0.00249608] [0.00754402 0.01426162 0.0071384  0.03693179 0.0208099  0.03797204
 0.83219403 0.01192691 0.03122129] [9.8503625e-01 5.9292391e-03 5.8822980e-04 6.0841767e-04 1.0983807e-03
 6.2770845e-04 1.8906057e-03 5.4530846e-04 3.6758387e-03] [7.0263882e-04 1.9953696e-03 3.0950373e-03 3.1050653e-03 9.8745108e-01
 9.9480792e-04 4.9082813e-04 1.0051436e-03 1.1600929e-03] [0.46055794 0.04177674 0.19616619 0.13408507 0.00990643 0.085743
 0.0145518  0.02718944 0.03002333] [0.01667515 0.01169286 0.01086846 0.10125452 0.01725607 0.34762266
 0.06387099 0.02395726 0.406802  ] [1.7656242e-04 7.3688134e-04 1.8620648e-04 1.6066016e-04 8.5794897e-04
 9.9576241e-01 7.0690701e-04 1.9715379e-04 1.2153328e-03] [0.97945595 0.00525215 0.00157158 0.0014154  0.0011913  0.00301741
 0.00224822 0.00125124 0.00459684] [0.01148272 0.02218949 0.9050175  0.02653531 0.01005304 0.00258259
 0.01037194 0.00663509 0.00513235] [4.1579298e-04 1.4698292e-03 5.5419770e-04 3.1238559e-03 2.1302623e-03
 4.0083611e-03 9.8094833e-01 1.9185321e-03 5.4309051e-03] [0.5103964  0.05403195 0.14364672 0.01091555 0.07581511 0.00666039
 0.03698416 0.04747338 0.11407626] [0.02771886 0.02897447 0.00920096 0.11670678 0.02269303 0.12248483
 0.47086912 0.04799645 0.15335546] [9.8368871e-01 1.8023701e-03 1.2534782e-03 6.5151759e-04 2.0831986e-03
 3.6871142e-03 1.8333293e-03 1.3366514e-03 3.6635934e-03] [0.00197826 0.00296204 0.00870358 0.0016249  0.00245447 0.97775376
 0.00111494 0.00119678 0.00221131] [0.03740495 0.05098424 0.30926618 0.12401877 0.08765046 0.05745101
 0.04553907 0.05533716 0.2323482 ] [0.03170035 0.05179295 0.63429916 0.05547771 0.02605684 0.05425584
 0.01690345 0.04237521 0.08713844] [0.00296132 0.00407965 0.00266242 0.01110723 0.00325583 0.00495283
 0.95199513 0.01138342 0.00760221] [0.01394534 0.03386286 0.03716983 0.01299676 0.0136149  0.01535566
 0.0170313  0.02867408 0.8273493 ] [0.84152466 0.01956997 0.01934702 0.04586802 0.0320017  0.00351394
 0.01039004 0.02407853 0.00370613] [0.00097776 0.00189967 0.00126209 0.00279735 0.00256692 0.01479198
 0.00134304 0.0013461  0.97301507] [0.00970948 0.00219127 0.00265518 0.03944875 0.00188378 0.8317759
 0.0175633  0.00216589 0.09260643] [2.2364280e-03 1.1440294e-03 5.6099135e-04 2.2523827e-03 1.6966049e-03
 1.9851085e-03 9.7642380e-01 1.4457281e-03 1.2254967e-02] [5.6258417e-03 9.9009353e-01 1.1236859e-03 1.8474233e-04 3.3846372e-04
 9.0170442e-04 4.5756315e-04 6.1819615e-04 6.5622758e-04] [0.02416252 0.02015812 0.72306186 0.10445268 0.00877769 0.03586658
 0.01086578 0.05045102 0.02220372] [0.02412662 0.0399909  0.03074304 0.08515509 0.01238209 0.6396002
 0.03342391 0.02955393 0.1050242 ] [0.10957872 0.16852017 0.10777613 0.15492165 0.04551651 0.10596798
 0.04821344 0.16331074 0.09619468] [0.00564427 0.01330663 0.00682048 0.11984574 0.00739335 0.09764192
 0.2090332  0.02392987 0.51638454] [7.2219491e-04 1.2120324e-03 7.1964826e-04 2.2627926e-03 1.3295428e-03
 5.7457420e-03 9.8321503e-01 1.0982272e-03 3.6947262e-03] [0.01892073 0.01356776 0.00780643 0.01764116 0.00959775 0.5172047
 0.0750498  0.13422763 0.20598403] [0.04556657 0.01441256 0.10260991 0.08588893 0.02804988 0.2371892
 0.21497671 0.19248876 0.07881752] [0.01011855 0.02632352 0.62934196 0.16218165 0.11271663 0.00741323
 0.0116633  0.02238345 0.01785768] [0.0396055  0.27142587 0.04294627 0.01382874 0.0882681  0.02582987
 0.4879433  0.01805467 0.01209765] [0.09233733 0.28776497 0.03759744 0.01886611 0.01216847 0.08867081
 0.39207613 0.04115753 0.02936118] [0.02311259 0.39403778 0.37091586 0.02606027 0.01241894 0.0192253
 0.0354987  0.01624171 0.10248887] [0.00495752 0.9706171  0.00243179 0.00165549 0.00528996 0.00268894
 0.00250372 0.00167748 0.00817794] [1.8115717e-03 7.9811988e-03 3.1593705e-03 2.1392065e-03 1.2568607e-03
 9.7149581e-01 9.4567495e-04 5.1000891e-03 6.1102188e-03] [0.00932142 0.00933988 0.01060484 0.30131158 0.0292962  0.4917508
 0.01540634 0.01878622 0.1141827 ] [0.0345698  0.0370592  0.0174967  0.19339862 0.17450045 0.22446224
 0.07480946 0.0790448  0.16465873] [0.08418442 0.02856325 0.01886251 0.06052996 0.02349948 0.0344755
 0.05851965 0.04476106 0.6466042 ] [0.01159637 0.00324587 0.00194176 0.8414947  0.00975164 0.01399681
 0.00888452 0.01784421 0.09124411] [2.3164072e-04 2.2843365e-04 9.9656904e-01 7.7056227e-04 4.3462825e-04
 1.4843623e-04 1.6525607e-04 3.1252526e-04 1.1395147e-03] [0.04476437 0.16953228 0.00879019 0.13019909 0.06341178 0.1426819
 0.1358047  0.06118461 0.24363108] [3.1173849e-04 3.4839017e-04 3.9243430e-04 4.6930922e-04 9.9777299e-01
 2.1430315e-04 1.9532390e-04 6.2868225e-05 2.3260545e-04] [0.07051755 0.88691854 0.00952942 0.00613079 0.00253308 0.01051376
 0.00502181 0.003963   0.00487203] [0.09707459 0.12649362 0.04585342 0.0560693  0.0852657  0.2341555
 0.03265476 0.06531486 0.25711823] [0.01060334 0.01725901 0.1153022  0.76637465 0.00837328 0.04595206
 0.01208782 0.01270081 0.01134687] [0.00446933 0.0024711  0.01123799 0.90422094 0.0041607  0.0292634
 0.00777191 0.02348726 0.01291733] [0.07955717 0.5925661  0.12837638 0.05295832 0.01356517 0.0156322
 0.06693748 0.02500678 0.02540039] [0.04113239 0.03163205 0.2772132  0.36361548 0.01726614 0.12761797
 0.0475741  0.01562485 0.07832383] [0.03033942 0.00422716 0.01263477 0.2648741  0.00595973 0.01990954
 0.06775755 0.01629869 0.57799906] [0.01055021 0.00597733 0.00411235 0.0166944  0.0134057  0.04188571
 0.01682904 0.01270439 0.8778409 ] [0.01400663 0.022032   0.19760649 0.48681024 0.02728808 0.07857595
 0.07494365 0.01564389 0.08309307] [0.02355775 0.0139589  0.02403644 0.0256986  0.8182651  0.01053962
 0.00840435 0.06625754 0.00928178] [0.04078276 0.00470688 0.01752276 0.00717996 0.01409819 0.00280493
 0.00331888 0.89161813 0.01796752] [0.00263405 0.00379603 0.19746257 0.7555152  0.00285332 0.0150619
 0.00509113 0.00485702 0.01272873] [1.2044826e-03 4.1482542e-04 5.1798171e-04 1.4802946e-03 1.2232334e-03
 1.1652011e-03 9.8270965e-01 1.8796229e-03 9.4047319e-03] [0.01022698 0.02466687 0.7618374  0.15780027 0.00381582 0.00904104
 0.01088704 0.0141112  0.00761334] [0.00547751 0.00385346 0.01037622 0.05747977 0.01942427 0.05786626
 0.06248214 0.5700362  0.21300422] [0.04600434 0.55540335 0.23391765 0.00852198 0.01062621 0.01814422
 0.01387081 0.06937976 0.04413171] [0.00829149 0.9575301  0.00283248 0.00188678 0.00242466 0.01513676
 0.00516116 0.00546144 0.00127518] [0.02598067 0.02400419 0.0148506  0.08579988 0.08244079 0.09332543
 0.05691741 0.02179831 0.59488267] [0.02372338 0.0278363  0.02187408 0.13704476 0.02810625 0.11148258
 0.04714267 0.07552539 0.5272646 ] [0.00515995 0.00955117 0.00901144 0.00208867 0.00403062 0.94594747
 0.005166   0.01158561 0.00745907] [0.02635779 0.0681828  0.03896415 0.05230706 0.09147254 0.06422021
 0.03409726 0.03404405 0.59035414] [0.02306978 0.05086214 0.04163801 0.15828969 0.06283936 0.12922558
 0.09616906 0.3951704  0.04273597] [0.13380507 0.1612667  0.06350998 0.02821906 0.0189518  0.14014602
 0.3785679  0.0267777  0.04875579] [0.03318937 0.02332595 0.01466968 0.05591029 0.03021245 0.00762344
 0.01077787 0.6158485  0.20844245] [0.00826651 0.00531305 0.00838993 0.8723512  0.00532408 0.01768389
 0.01305976 0.00622907 0.06338248] [0.04992994 0.02108777 0.02510731 0.0632773  0.0673683  0.29670373
 0.19977929 0.06825018 0.2084962 ] [9.8069066e-01 7.4090539e-03 6.9339556e-04 1.9516915e-03 2.2706843e-03
 9.4494625e-04 1.1183555e-03 3.8005146e-03 1.1207204e-03] [0.00574655 0.9471319  0.01600723 0.00438179 0.00353528 0.00615113
 0.00720674 0.00442836 0.00541104] [6.5232272e-04 2.3170350e-04 8.3606748e-04 3.1696280e-04 9.9624604e-01
 2.7560562e-04 9.3099399e-04 2.4168073e-04 2.6859855e-04] [0.03113622 0.0152797  0.00859446 0.11352657 0.00917357 0.04608387
 0.07830352 0.24495299 0.45294908] [0.01582505 0.01684797 0.01818299 0.08667834 0.01429744 0.19495335
 0.07223411 0.02089935 0.5600814 ] [0.188946   0.07421956 0.29775485 0.07917307 0.16547385 0.0631253
 0.02368811 0.08823006 0.01938919] [1.7651112e-04 1.0026262e-04 4.0366477e-04 1.9438754e-04 3.0359154e-04
 1.8085263e-04 2.5325292e-04 9.9831092e-01 7.6530741e-05] [0.04364179 0.0225215  0.04152067 0.15659122 0.07452632 0.07471839
 0.05790184 0.0789178  0.44966048] [0.04572331 0.03786005 0.33720872 0.13889746 0.02653597 0.04143294
 0.05725459 0.0280741  0.28701285] [2.7354229e-03 1.0313331e-03 1.2649583e-03 8.1634312e-04 9.8273015e-01
 1.0225712e-03 1.0434374e-03 8.0250558e-03 1.3308000e-03] [2.0842303e-03 4.2227586e-03 5.8146110e-03 1.6993091e-03 1.2603776e-03
 8.5148739e-04 3.1898988e-03 9.4836009e-01 3.2517269e-02] [0.00618428 0.00321309 0.0034529  0.03912251 0.00866001 0.00805211
 0.8812814  0.0146556  0.03537808] [0.15150318 0.22379667 0.12667456 0.20433906 0.01676827 0.05504387
 0.07766356 0.06376587 0.08044492] [0.63774955 0.06055158 0.06901991 0.03490658 0.00774588 0.07715042
 0.01851184 0.02098306 0.07338116] [0.07044002 0.01265979 0.01930089 0.00836718 0.4232585  0.01293102
 0.02285897 0.4168297  0.01335394] [0.0164824  0.02848819 0.04872913 0.1121487  0.0372049  0.03661289
 0.5248438  0.17377636 0.02171364] [0.01301405 0.00610422 0.05707099 0.54317063 0.02386049 0.0604758
 0.11627131 0.03788104 0.14215145] [0.01726843 0.04251876 0.01372011 0.05649427 0.55601275 0.09828679
 0.07096507 0.1089799  0.03575389] [0.0024888  0.00106263 0.00148217 0.00631646 0.0112655  0.01301507
 0.93442637 0.00580801 0.02413499] [9.8982215e-01 8.4653759e-04 1.5900874e-03 9.3267648e-04 1.1866560e-03
 2.2924296e-03 6.4419053e-04 1.0432807e-03 1.6419952e-03] [0.06597065 0.16174531 0.04338191 0.15041515 0.04494118 0.09601456
 0.08842425 0.18490654 0.16420047] [0.6585847  0.01079984 0.01942614 0.01668894 0.0243877  0.09195244
 0.08970867 0.01406641 0.0743852 ] [0.05536662 0.19017881 0.18842362 0.16671783 0.10872536 0.06332515
 0.06229074 0.0294973  0.13547458] [0.00834815 0.0056031  0.01404025 0.03773717 0.01409303 0.7218721
 0.01344725 0.01644878 0.16841012] [0.07243001 0.5414818  0.05633394 0.05227282 0.07078889 0.02471095
 0.03593988 0.0822482  0.0637935 ] [1.2594422e-03 4.5346451e-04 6.5320620e-04 4.4130647e-04 9.8863620e-01
 6.0139084e-03 4.4785012e-04 9.2163065e-04 1.1729512e-03] [1.6492452e-03 1.2775909e-03 4.7820872e-03 9.7726893e-01 8.7976683e-04
 4.1556079e-03 4.1832225e-03 7.9865160e-04 5.0049047e-03] [0.05362662 0.6701888  0.03542873 0.03739442 0.01837472 0.00768189
 0.01616275 0.04467657 0.11646552] [0.06247951 0.03268446 0.0568004  0.10742181 0.01721372 0.05234628
 0.16822611 0.23884729 0.2639804 ] [0.07531454 0.02010065 0.01104577 0.00524357 0.00252576 0.00195846
 0.00385015 0.87172484 0.00823625] [2.5563743e-03 2.9235445e-03 4.3168946e-04 9.5431448e-04 1.3554725e-03
 1.3482168e-03 9.2969800e-04 9.8679334e-01 2.7072725e-03] [0.04186758 0.04071798 0.7246232  0.003943   0.00967388 0.01389751
 0.10743862 0.04129544 0.01654275] [0.03126579 0.02116849 0.02057786 0.03240439 0.05916844 0.09664419
 0.5648485  0.0543495  0.11957289] [0.02321249 0.02422182 0.7538783  0.01236759 0.06993141 0.02845011
 0.01502253 0.03028996 0.04262579] [0.06330484 0.11646679 0.0992018  0.08128444 0.17028753 0.2238756
 0.05300616 0.12002521 0.07254758] [0.07457816 0.03421303 0.12686531 0.41681632 0.08190902 0.15408829
 0.01982907 0.03141481 0.06028593] [0.01244462 0.02187672 0.01296052 0.0253571  0.00503655 0.41695127
 0.04382698 0.01291516 0.44863102] [0.01880938 0.00513636 0.0098059  0.0414473  0.01588236 0.08425212
 0.01007635 0.07930358 0.73528665] [0.00917043 0.01383331 0.01177845 0.01550903 0.04477819 0.29783702
 0.01432564 0.0075883  0.58517957] [0.00317163 0.00517319 0.00989713 0.00496134 0.03565329 0.02482093
 0.90514666 0.00825648 0.00291929] [0.18670155 0.13223282 0.09042707 0.06728137 0.0324989  0.08381686
 0.27743757 0.06326777 0.06633612] [0.8039655  0.00917917 0.00848228 0.00935807 0.00676896 0.0480613
 0.00769685 0.08615293 0.02033494] [4.2575537e-04 6.5768411e-04 8.9051845e-03 1.5342769e-03 6.7189836e-04
 4.9254787e-04 6.4636231e-04 9.8618340e-01 4.8291034e-04] [0.03526779 0.8340175  0.01902344 0.01611438 0.00966988 0.02994071
 0.01261427 0.02504313 0.01830891] [0.01969542 0.00934718 0.7897246  0.04032856 0.02622831 0.0259837
 0.03470247 0.0180724  0.0359173 ] [0.11219488 0.06957582 0.34449655 0.04501606 0.18393861 0.07330298
 0.0450139  0.07749561 0.04896561] [0.002936   0.00343012 0.9446989  0.00948996 0.00217881 0.00306966
 0.0022547  0.03062293 0.00131896] [0.01126225 0.01625532 0.02096673 0.34060216 0.30441284 0.0788155
 0.07579287 0.01765315 0.13423915] [3.6668731e-04 2.3233870e-04 1.4053685e-04 4.4283184e-04 5.5175729e-04
 5.3073850e-04 9.9698997e-01 6.2861707e-04 1.1655270e-04] [0.0279204  0.05214658 0.01296938 0.09196149 0.01949638 0.19130169
 0.46754488 0.03623165 0.10042761] [0.22107548 0.06960122 0.07208118 0.0411626  0.07469131 0.03881697
 0.13130383 0.05805466 0.29321274] [3.2858536e-04 1.6078413e-04 2.4172699e-04 2.8521108e-04 9.9446207e-01
 2.0687466e-03 1.2346825e-03 5.9125712e-04 6.2686147e-04]",5 0 3 2 6 2 8 1 7 4 4 3 0 8 0 5 3 0 7 7 1 1 6 8 0 4 2 4 7 1 7 8 4 8 0 3 3 0 2 3 8 7 2 4 1 6 7 0 1 5 8 2 1 8 4 7 3 2 5 0 5 4 7 6 2 1 1 5 7 1 2 5 0 4 2 6 7 8 2 7 8 5 0 6 1 0 3 3 4 4 1 6 5 7 5 7 6 0 4 0 5 5 0 2 6 0 6 0 5 3 2 6 8 0 8 5 6 1 3 8 7 6 6 6 2 2 6 1 2 1 5 3 4 8 3 2 3 4 1 3 2 5 1 3 8 5 3 4 7 3 6 2 7 1 1 8 5 5 8 5 1 7 3 8 0 1 4 7 8 4 7 8 8 4 7 6 3 0 4 6 3 4 6 0 6 0 2 5 1 4 3 1 5 7 7 2 5 2 4 3 8 8 8 6 5 0 7 1 2 4 2 3 6 6 0 4
1468,1,xgboost,0.5,10000,10000,0.8379629629629629,0.9798900462962964,"[0.8405407  0.00745491 0.07362548 0.00681891 0.0216336  0.00327875
 0.03325822 0.00474089 0.00864851] [0.02333568 0.02736963 0.00815931 0.05689003 0.7860848  0.03097332
 0.03442039 0.01986429 0.01290254] [0.76568514 0.01869682 0.00383091 0.185333   0.00617532 0.00275978
 0.00490108 0.01176402 0.00085398] [2.3178302e-03 3.5664006e-04 4.0804353e-04 3.7662391e-04 9.9555200e-01
 2.3592696e-04 2.7710479e-04 3.0639872e-04 1.6937993e-04] [0.11244899 0.05114026 0.03654074 0.04146406 0.3951246  0.22745036
 0.03854893 0.04123928 0.05604278] [0.10750131 0.6722247  0.04071109 0.02508463 0.02048247 0.01692504
 0.0164263  0.07635351 0.02429092] [9.5900321e-01 3.5984130e-03 6.4871297e-04 1.0302087e-03 8.5398019e-04
 5.4894702e-04 2.4482988e-02 3.2317191e-03 6.6018826e-03] [2.1671755e-03 2.6276249e-03 2.6997261e-02 9.5427781e-01 6.7617558e-04
 1.3220563e-03 5.4639722e-03 2.4833204e-03 3.9845752e-03] [0.01146304 0.05379946 0.05066065 0.01135209 0.02458615 0.02779767
 0.0237196  0.77145237 0.02516897] [9.8861861e-01 3.7052589e-03 4.9096532e-04 5.5113737e-04 2.6524309e-03
 5.4062618e-04 2.1696698e-03 5.5956998e-04 7.1166013e-04] [0.0045787  0.00692834 0.91583747 0.00975124 0.00431454 0.01377177
 0.00526244 0.03168299 0.00787249] [0.11548839 0.01237781 0.63742125 0.0088378  0.02215374 0.02292352
 0.00823034 0.00982294 0.16274421] [0.00244071 0.00645733 0.00160186 0.00334548 0.0092349  0.01780894
 0.01100836 0.00577977 0.9423227 ] [9.8837054e-01 3.2246260e-03 1.3249281e-03 8.6665404e-04 1.7508253e-03
 6.2339223e-04 1.0607465e-03 1.3734688e-03 1.4048507e-03] [0.00969118 0.01045922 0.09806967 0.04410143 0.00634158 0.70278317
 0.08459923 0.02474543 0.01920912] [0.14599212 0.08379628 0.07796203 0.04864876 0.02600028 0.0563162
 0.29295292 0.2158314  0.05250001] [0.00400787 0.0027514  0.00354496 0.00131685 0.00206379 0.00191985
 0.97222364 0.00933537 0.00283623] [0.00904226 0.01773253 0.01050437 0.7225819  0.01318491 0.02067777
 0.08124072 0.01064536 0.11439014] [1.05831714e-04 2.02099851e-04 2.02564872e-04 1.34135393e-04
 9.98962402e-01 4.96252760e-05 1.25099497e-04 1.18635704e-04
 9.96080707e-05] [0.13749531 0.524125   0.10787462 0.03321405 0.01779381 0.03954704
 0.06435266 0.01024361 0.06535397] [0.09612971 0.40867487 0.03519915 0.05192897 0.03602646 0.04205833
 0.16335146 0.04265901 0.12397203] [0.03239266 0.00829066 0.01249924 0.03250053 0.03146257 0.21157666
 0.01447192 0.02193746 0.6348683 ] [0.00185039 0.00167433 0.00107232 0.0032416  0.00117039 0.00896936
 0.9766406  0.00183572 0.00354534] [3.2674076e-04 5.7816540e-04 5.5363734e-04 2.8869961e-03 9.9316543e-01
 9.1663940e-04 2.8510063e-04 5.2970054e-04 7.5759256e-04] [0.03974952 0.04608488 0.02850398 0.13093014 0.06349089 0.04341505
 0.26271522 0.22373106 0.16137928] [9.9799550e-01 5.3063198e-04 3.3583076e-04 7.9894467e-05 2.4226379e-04
 7.4585972e-05 5.2438688e-04 8.0424696e-05 1.3655257e-04] [0.00461366 0.01170248 0.00875944 0.05119001 0.1156082  0.06535501
 0.49022782 0.05048014 0.2020632 ] [0.00494023 0.01001248 0.00621035 0.00256741 0.00326564 0.00465023
 0.00497805 0.96128076 0.00209485] [0.5107465  0.21534288 0.0702001  0.03007658 0.04946135 0.02925183
 0.02598841 0.03925674 0.02967563] [1.5423881e-03 9.8241341e-01 1.3556781e-03 6.8163674e-04 1.0754366e-03
 1.5577329e-03 5.6512719e-03 5.0442037e-03 6.7829003e-04] [0.02486112 0.2481706  0.03187941 0.02195558 0.03995591 0.39535066
 0.06967944 0.03306917 0.13507807] [0.05068946 0.03216039 0.61717874 0.18244237 0.01194679 0.02095417
 0.00822463 0.05901214 0.01739132] [0.87694854 0.03780495 0.00750584 0.00520911 0.01547098 0.01023898
 0.02827639 0.00893159 0.00961365] [0.02057538 0.10600409 0.02223552 0.07625078 0.0291278  0.42869952
 0.14255585 0.08259714 0.09195387] [2.0186877e-04 3.4398917e-04 9.9802101e-01 3.3519408e-04 9.4005358e-05
 3.9401784e-04 1.0945947e-04 2.9043524e-04 2.1008113e-04] [2.3721796e-03 1.3037046e-03 9.8585433e-01 1.2355975e-03 1.0558870e-03
 9.4576634e-04 1.0409271e-03 5.5357236e-03 6.5588148e-04] [0.02822882 0.02259107 0.03265129 0.6793763  0.015337   0.05276501
 0.07527756 0.03622383 0.05754912] [0.02743191 0.017364   0.01722733 0.19811448 0.03176807 0.03349983
 0.07154034 0.02045421 0.5825998 ] [0.01824976 0.48932156 0.05619656 0.02207006 0.02428984 0.04049025
 0.31311995 0.01618482 0.02007722] [0.00183803 0.00131301 0.00190574 0.01030214 0.00249324 0.00194316
 0.01233221 0.95626664 0.01160582] [1.4044312e-03 1.7760268e-03 2.2297450e-03 9.5989631e-04 1.3015243e-03
 8.1118336e-03 9.7948551e-01 1.8203361e-03 2.9106552e-03] [0.02088035 0.08903404 0.05781268 0.06595619 0.02801776 0.11658654
 0.0772182  0.34802374 0.19647048] [0.0163188  0.04163415 0.04611699 0.11413888 0.04415155 0.02611466
 0.0317304  0.66809183 0.01170273] [0.00187381 0.00218533 0.00132972 0.00223957 0.00129733 0.01244183
 0.00156366 0.00152289 0.9755459 ] [0.02499886 0.06091778 0.02405839 0.09746817 0.04344242 0.11014206
 0.06774373 0.2451713  0.32605729] [0.03112972 0.02243682 0.00574373 0.00218888 0.00663524 0.00333726
 0.89763844 0.02347296 0.00741692] [2.7309153e-03 1.9078086e-03 9.6843654e-01 1.2805057e-02 4.8138015e-03
 1.1835725e-03 1.9956182e-03 5.5354889e-03 5.9117301e-04] [9.9066305e-01 1.2085215e-03 1.1894533e-03 3.8041404e-04 9.1343693e-04
 6.6939357e-04 7.1445917e-04 3.5603140e-03 7.0087553e-04] [8.5040717e-04 7.6095480e-04 5.1597017e-04 2.8587435e-03 2.0993962e-03
 9.4188470e-01 5.5814818e-03 3.0544798e-03 4.2393859e-02] [0.02892147 0.05394132 0.03746659 0.01833547 0.03235676 0.01663214
 0.03877451 0.75606495 0.0175068 ] [0.00594245 0.00317021 0.00524248 0.00295679 0.01187247 0.9518951
 0.00550455 0.00971605 0.00369995] [0.02945847 0.00603159 0.85103935 0.10308261 0.00205135 0.00191603
 0.00203845 0.00266992 0.0017122 ] [0.02685759 0.0101198  0.0523209  0.6858324  0.02870482 0.02675088
 0.02457406 0.13115476 0.01368475] [8.2089602e-05 2.2885093e-05 7.7536498e-04 9.9890327e-01 3.7407106e-05
 2.3073977e-05 3.2133292e-05 9.1461130e-05 3.2357537e-05] [6.8015419e-04 3.7083258e-03 9.8847485e-01 1.0801718e-03 1.9737075e-03
 1.1236853e-03 1.8818724e-03 4.5089517e-04 6.2634837e-04] [0.03270983 0.10924079 0.758971   0.04231005 0.01871105 0.0032581
 0.00520752 0.0164021  0.01318957] [0.00534602 0.0112658  0.03915791 0.00328664 0.00227672 0.923339
 0.00271577 0.0080613  0.00455078] [9.9719501e-01 3.8937069e-04 6.2453683e-04 2.2312868e-04 3.2720817e-04
 1.9661707e-04 4.0923918e-04 5.7221501e-04 6.2661798e-05] [0.28262007 0.01174068 0.03380362 0.11326578 0.00779233 0.00676604
 0.01345797 0.5118343  0.01871915] [0.0100429  0.00985718 0.00827131 0.0546643  0.00798148 0.01354721
 0.24437799 0.01634066 0.63491696] [0.05037505 0.2604239  0.35780543 0.03565619 0.0278057  0.03070734
 0.02701737 0.11923706 0.09097192] [7.7862479e-04 3.1394817e-04 6.9000130e-04 2.3029335e-03 9.9257529e-01
 8.7412953e-04 5.5024156e-04 1.3794907e-03 5.3540134e-04] [3.1583250e-04 4.9311644e-04 5.3587317e-04 3.3841122e-04 8.2599226e-04
 1.1174384e-03 9.7908586e-01 3.4380914e-03 1.3849405e-02] [0.01454758 0.00877891 0.00403216 0.05805667 0.01147473 0.76254636
 0.02148876 0.10121354 0.0178613 ] [0.01210772 0.00501685 0.00411421 0.00913925 0.01070678 0.9316524
 0.01012681 0.00645947 0.01067644] [0.82072926 0.08269195 0.00752928 0.00275326 0.0324079  0.0051322
 0.01655963 0.02426102 0.00793556] [0.02008954 0.05295493 0.08416519 0.3962805  0.01735752 0.09063999
 0.01703114 0.03042354 0.29105765] [0.04875185 0.04312456 0.01864896 0.0316025  0.02691311 0.0822375
 0.11559023 0.02626839 0.6068629 ] [0.36731187 0.05692032 0.04356882 0.04168883 0.02064127 0.13663243
 0.17856926 0.03810553 0.11656166] [9.9682850e-01 5.7486951e-04 5.9345621e-04 2.2994836e-04 5.1248976e-04
 1.0031990e-04 5.0009019e-04 2.9239716e-04 3.6793054e-04] [0.01286301 0.00888378 0.04669889 0.6278693  0.01558738 0.1545675
 0.07293318 0.03707965 0.02351731] [0.0756726  0.35336402 0.06096645 0.1447238  0.04316087 0.0913568
 0.07974461 0.0555424  0.09546848] [6.0101721e-04 1.0502489e-03 4.5666477e-04 1.2243497e-03 7.5095595e-04
 7.8355614e-04 6.8092742e-04 9.9230754e-01 2.1447642e-03] [6.1624154e-04 1.3604660e-03 4.2240735e-04 8.0654921e-04 9.9170226e-01
 5.5048737e-04 5.4268236e-04 3.0359819e-03 9.6289493e-04] [9.9284440e-01 6.0124142e-04 1.0636925e-03 7.3171075e-04 8.6226099e-04
 9.5139729e-04 6.1645167e-04 1.7548467e-03 5.7399750e-04] [3.0115986e-04 1.7881085e-04 6.3537515e-04 2.5960169e-04 9.9801338e-01
 1.3124080e-04 1.0994942e-04 2.2154291e-04 1.4897749e-04] [0.07483052 0.02394215 0.0926345  0.02280611 0.01891534 0.0526174
 0.07385612 0.6044471  0.03595072] [0.00205736 0.00305482 0.02904624 0.00671804 0.00375856 0.02637707
 0.9158849  0.00585853 0.00724444] [7.1137492e-04 1.2554824e-03 9.7123883e-04 8.2996683e-03 1.8817191e-03
 6.6328021e-03 2.1182369e-02 9.5100796e-01 8.0574360e-03] [0.02568854 0.07977885 0.02952956 0.12551984 0.07687838 0.01898928
 0.02573086 0.585682   0.03220269] [0.02070241 0.01885746 0.03320572 0.00983258 0.00557077 0.8162039
 0.05312718 0.0273203  0.01517972] [0.8388909  0.03414983 0.01932687 0.00607361 0.0074787  0.01384135
 0.01991852 0.01201792 0.04830231] [0.00341514 0.0306714  0.92254585 0.00391163 0.00498552 0.00726355
 0.00489298 0.02014703 0.00216694] [0.01353912 0.03254995 0.04580171 0.78505147 0.00469668 0.02624233
 0.0151635  0.06954136 0.00741388] [0.02720738 0.781411   0.03907452 0.0263359  0.01933197 0.01819389
 0.03597542 0.03720474 0.01526515] [1.9787217e-04 8.3394977e-04 4.2935321e-04 1.0349762e-03 5.8066862e-04
 1.7069357e-03 7.6632114e-04 9.9361366e-01 8.3626818e-04] [0.0343397  0.02441298 0.19497025 0.08427807 0.0353671  0.16294682
 0.06892892 0.04851364 0.3462425 ] [1.57232906e-04 2.09489881e-04 1.57936011e-03 2.99109844e-04
 9.97048557e-01 1.12108864e-04 2.48885946e-04 1.36994189e-04
 2.08307494e-04] [5.1918641e-02 6.1443374e-03 7.6435581e-03 4.2517395e-03 3.1241572e-03
 9.1670710e-01 2.3076474e-03 7.0628985e-03 8.3989499e-04] [0.03268213 0.07050878 0.07673915 0.09854958 0.14329769 0.14636889
 0.04581799 0.2592326  0.12680319] [1.2170060e-03 7.2639884e-04 3.0195622e-03 4.8155122e-04 9.9250883e-01
 4.7693148e-04 3.7081275e-04 7.3510746e-04 4.6380120e-04] [0.05386192 0.42072392 0.25561675 0.1411705  0.03853289 0.01146436
 0.02613743 0.03366356 0.01882863] [0.96163595 0.00220464 0.00271046 0.0142248  0.00495234 0.00186424
 0.00245124 0.00621782 0.00373849] [0.02208968 0.00967085 0.3260949  0.5935665  0.01728939 0.00521719
 0.00713213 0.01258298 0.00635636] [0.01295908 0.0500434  0.6563421  0.09926432 0.03496696 0.02720178
 0.02629044 0.0565369  0.03639501] [0.7104716  0.02559496 0.01671433 0.01487941 0.03680419 0.05860823
 0.01218256 0.11622921 0.00851554] [0.03069595 0.46889487 0.21546523 0.03034434 0.02778827 0.0663918
 0.03605282 0.10581516 0.01855153] [1.1843111e-03 1.0603798e-03 1.6116379e-03 5.4317072e-04 9.9355924e-01
 8.8418636e-04 2.5566877e-04 6.4427318e-04 2.5704814e-04] [0.09195416 0.38255882 0.01542096 0.01557747 0.04511366 0.34372908
 0.01533643 0.03976701 0.05054239] [0.01145456 0.0280258  0.00654682 0.0089977  0.01227472 0.01874364
 0.02440687 0.8752544  0.01429544] [0.1083893  0.24409246 0.05534474 0.05134417 0.07833856 0.09789277
 0.28996247 0.03381706 0.04081845] [0.01874753 0.8914858  0.03487151 0.00746137 0.00434355 0.01361614
 0.00785707 0.00368022 0.01793679] [0.02481882 0.0146567  0.88725525 0.01863684 0.01135948 0.01278069
 0.00641609 0.00634736 0.01772873] [0.20310086 0.16697147 0.21507105 0.04690044 0.03463786 0.02447241
 0.02473264 0.07701941 0.20709383] [0.00810433 0.02070788 0.00756177 0.00520078 0.90788907 0.003439
 0.02209316 0.00887167 0.0161324 ] [0.01315007 0.81356937 0.07208722 0.00995799 0.05367259 0.01096582
 0.01369186 0.00475241 0.00815262] [2.9401830e-04 7.9291727e-04 1.4448583e-03 1.9480146e-03 1.1839659e-03
 1.1192532e-03 9.9069363e-01 1.2639578e-03 1.2594353e-03] [0.01789399 0.02150135 0.01333431 0.13778527 0.02219865 0.5154923
 0.15510845 0.02665653 0.09002909] [0.00235097 0.00260885 0.02918591 0.03787857 0.00387988 0.07552246
 0.00479797 0.00326505 0.84051037] [0.2700966  0.2358348  0.11066674 0.05343985 0.09378375 0.0501518
 0.11516695 0.03148152 0.03937802] [0.00780474 0.28132662 0.5110991  0.02363121 0.01127778 0.02680641
 0.01600576 0.02687971 0.09516864] [0.00632703 0.01395295 0.896844   0.02889853 0.00889465 0.01134465
 0.02236776 0.00466159 0.00670877] [0.01395752 0.02742917 0.8482636  0.06450087 0.01300528 0.00539907
 0.01415159 0.01011542 0.00317747] [0.00230172 0.00342351 0.00488758 0.01099032 0.00219279 0.9395514
 0.02745748 0.00491885 0.00427639] [0.0146643  0.06520126 0.01764153 0.01949718 0.07448848 0.59577537
 0.10241786 0.02801144 0.08230262] [0.01336137 0.04210386 0.0086801  0.07783214 0.0093017  0.42436254
 0.02668128 0.04422669 0.35345027] [0.00283926 0.00548313 0.00269493 0.00626862 0.00185825 0.01225618
 0.95400846 0.00562818 0.00896298] [0.9148869  0.00614561 0.00818681 0.00897718 0.00602607 0.00385123
 0.01635059 0.02254831 0.01302727] [0.003488   0.0087695  0.00295538 0.03812197 0.00529765 0.03763412
 0.00703227 0.79296815 0.10373296] [0.12936245 0.02465455 0.00971986 0.21282685 0.02550987 0.12432886
 0.04840838 0.01927446 0.4059147 ] [0.01907073 0.02775138 0.04193702 0.17277388 0.01153627 0.47696057
 0.01030672 0.13165529 0.10800809] [0.00916321 0.92928886 0.00869501 0.00570422 0.0052736  0.02847109
 0.00263144 0.00622151 0.00455108] [0.00335784 0.00563557 0.00381982 0.0214502  0.01046577 0.0253392
 0.9118786  0.00878653 0.0092665 ] [0.02403034 0.08006065 0.01464001 0.07571779 0.01559033 0.6635436
 0.02528413 0.03686453 0.06426861] [0.2862331  0.14693132 0.15623686 0.06845899 0.02214309 0.06243995
 0.1078485  0.02295675 0.12675141] [0.06013133 0.04298124 0.1889506  0.02464392 0.00805328 0.10194876
 0.11685319 0.3960734  0.06036426] [9.1267290e-04 1.5013096e-03 2.9314766e-03 1.1207290e-03 2.0140694e-03
 1.4460523e-03 8.1712875e-04 9.8805898e-01 1.1976260e-03] [0.00494962 0.00826887 0.01376195 0.00832052 0.00692097 0.03513715
 0.00322406 0.00384123 0.9155756 ] [0.00415023 0.00507682 0.01008877 0.01778957 0.01752787 0.8953704
 0.00791832 0.01383707 0.02824094] [0.05774976 0.16460846 0.11261669 0.07462251 0.03626919 0.07445512
 0.06157695 0.39391243 0.02418893] [0.00272665 0.00884887 0.00632689 0.02857524 0.0058887  0.8748598
 0.03685161 0.0161381  0.01978417] [0.01890485 0.09462722 0.38533807 0.09417172 0.15226778 0.03083359
 0.05284342 0.1323405  0.03867288] [0.08421247 0.12130456 0.20205589 0.02369778 0.02493051 0.02564092
 0.08791861 0.18629855 0.24394068] [0.01267234 0.01087221 0.01157775 0.06881234 0.0104561  0.7921944
 0.04402773 0.03153655 0.01785049] [0.01051508 0.69079745 0.24249415 0.00461496 0.01442522 0.00639242
 0.01360621 0.00747035 0.00968421] [0.01418251 0.04551398 0.7272684  0.02785158 0.01684649 0.00733867
 0.0169703  0.01293002 0.13109812] [0.09769155 0.11762243 0.09410819 0.07133028 0.02919526 0.23549597
 0.27702108 0.03367238 0.04386286] [3.5470072e-04 4.0396003e-04 9.5956796e-04 1.7957169e-03 1.1232038e-03
 2.7143650e-03 4.0731477e-03 9.8525214e-01 3.3231715e-03] [0.14698409 0.02589258 0.00589193 0.00561247 0.02051063 0.7466771
 0.00838077 0.03063103 0.00941938] [7.2869903e-04 1.5884163e-04 1.1236692e-04 2.7349808e-03 1.5788894e-04
 5.3615957e-03 9.9019837e-01 1.9704993e-04 3.5020825e-04] [0.02589173 0.10878144 0.05028781 0.06595177 0.01796086 0.05138311
 0.01145006 0.2844546  0.38383862] [0.23657066 0.12504059 0.07066492 0.06238783 0.17811689 0.05653087
 0.04362787 0.12135483 0.10570559] [5.6252204e-04 2.1155430e-03 8.9965382e-04 2.6608238e-03 9.7943169e-01
 5.7813120e-03 1.1499765e-03 2.4601326e-03 4.9383426e-03] [1.88550795e-04 2.68013333e-04 1.00987505e-04 5.82930050e-04
 9.97519791e-01 2.30690755e-04 2.75841448e-04 5.89780859e-04
 2.43415765e-04] [0.02143899 0.09082594 0.04529947 0.06514307 0.01385269 0.11420383
 0.12786956 0.02254707 0.4988194 ] [0.00803028 0.00247176 0.9613023  0.00703029 0.00391053 0.00755991
 0.00223116 0.00602964 0.00143419] [0.10993671 0.1925817  0.50160986 0.04519145 0.01708521 0.01203061
 0.01096386 0.10427535 0.00632526] [0.00299587 0.00189732 0.00211352 0.00183146 0.00111658 0.11754837
 0.00279847 0.00538403 0.86431444] [0.30416036 0.05379423 0.05017395 0.09776305 0.04507767 0.06960201
 0.08295875 0.08890807 0.20756193] [2.8257046e-03 2.0795765e-03 3.7603676e-03 1.9253769e-03 9.6722120e-01
 8.8719075e-04 4.8805084e-03 2.1033084e-03 1.4316718e-02] [0.06541051 0.09393714 0.47820997 0.04501437 0.0434676  0.09327095
 0.11636265 0.03671197 0.02761488] [0.02523865 0.01731541 0.04043543 0.6644664  0.01770259 0.0315793
 0.11105835 0.04545633 0.04674754] [4.1034347e-03 1.0964858e-03 3.0322908e-03 9.4206125e-01 8.6972292e-04
 2.6115347e-02 4.1061318e-03 1.9415611e-03 1.6673736e-02] [0.00787619 0.00542079 0.00920392 0.00449507 0.00409143 0.00438332
 0.00529614 0.9539971  0.00523601] [0.90252614 0.00732424 0.00154825 0.00250701 0.0046518  0.003287
 0.00481002 0.01105075 0.06229479] [0.24098235 0.32469034 0.03564001 0.0243487  0.05712979 0.07132283
 0.07392716 0.06648318 0.10547566] [0.0081997  0.00206357 0.00640072 0.01507635 0.00728539 0.05610815
 0.8547398  0.00549696 0.04462937] [1.0552611e-03 6.1959412e-04 9.8444102e-04 8.6873519e-04 9.9379057e-01
 3.8547220e-04 2.8527732e-04 9.1541494e-04 1.0951876e-03] [3.6802038e-04 1.6702972e-03 5.3224299e-04 4.0987687e-04 5.2043406e-04
 3.1227781e-04 4.7940697e-04 9.9522471e-01 4.8268659e-04] [0.02723613 0.07568649 0.04325802 0.05263028 0.20674323 0.4129733
 0.04834328 0.04485267 0.08827656] [0.06318969 0.74578667 0.03078992 0.04900051 0.01549581 0.0290355
 0.0282167  0.0218273  0.01665786] [0.00586638 0.00692865 0.02295772 0.03174813 0.01388534 0.01951235
 0.01288229 0.01779328 0.86842585] [0.00269068 0.01248848 0.9509748  0.01101989 0.00518317 0.00195419
 0.00223671 0.00900561 0.00444645] [6.3486560e-04 6.5482676e-04 3.0064842e-04 5.2906404e-04 2.0434588e-04
 9.9291331e-01 2.3266533e-03 7.2618801e-04 1.7101654e-03] [1.5319736e-03 1.2222149e-03 9.8463714e-01 5.9172017e-03 3.4119114e-03
 1.1988507e-03 4.0411021e-04 1.1533160e-03 5.2330317e-04] [0.02876882 0.0185709  0.01329413 0.02623267 0.14404869 0.6535865
 0.0259627  0.03099106 0.0585445 ] [0.9552478  0.00353637 0.0048753  0.00410861 0.01632863 0.00343801
 0.00477909 0.00571621 0.00197   ] [0.0222913  0.01454053 0.02088127 0.214523   0.01008005 0.41542512
 0.02565423 0.20947747 0.06712703] [0.00178942 0.01018248 0.0034799  0.8591552  0.00813682 0.04703525
 0.00482144 0.01363668 0.05176279] [4.8167331e-04 3.4756845e-04 4.7724834e-04 7.5367407e-04 9.9465865e-01
 6.8903016e-04 4.4975788e-04 1.5082922e-03 6.3411600e-04] [0.7882806  0.05275908 0.01336605 0.01824317 0.01844239 0.02754188
 0.02380783 0.01988326 0.0376757 ] [4.9321810e-03 9.9225688e-01 6.2220485e-04 2.0892675e-04 1.5720284e-04
 2.9928432e-04 3.2189250e-04 6.3016097e-04 5.7133602e-04] [4.3731285e-03 8.2277408e-04 1.3574491e-03 9.8199284e-01 1.0607979e-03
 2.8469164e-03 5.4002497e-03 1.0725933e-03 1.0732082e-03] [0.0512453  0.10810306 0.08848383 0.14689432 0.03225968 0.20489779
 0.05890846 0.05885589 0.2503517 ] [0.03844128 0.03578271 0.04708298 0.71530515 0.01399102 0.01160965
 0.10720515 0.01751744 0.01306468] [0.00957721 0.02172895 0.01022061 0.04635698 0.01019445 0.05255276
 0.0261335  0.06038437 0.7628512 ] [0.0140759  0.02313801 0.00868018 0.01756653 0.01927718 0.03006992
 0.01157903 0.00799539 0.86761785] [0.01475084 0.00490636 0.00683461 0.00524366 0.9089512  0.01276343
 0.02397077 0.01411695 0.00846219] [0.00604003 0.00900802 0.01174936 0.01543144 0.01142795 0.84036994
 0.01193412 0.01785604 0.07618314] [3.6753088e-04 3.8201004e-04 8.9592382e-04 1.9710380e-04 9.9710232e-01
 2.9087052e-04 2.7555565e-04 2.8032728e-04 2.0829412e-04] [0.02364229 0.85107344 0.03807009 0.00329879 0.01737793 0.00409001
 0.00653039 0.03961625 0.01630082] [0.01769292 0.00722189 0.03027342 0.1004895  0.00750697 0.72271943
 0.07971843 0.02233833 0.01203909] [0.00670025 0.07910641 0.00680422 0.00693535 0.0125667  0.05956672
 0.00819469 0.05350544 0.76662016] [0.00896193 0.89039385 0.02706705 0.00680666 0.00573724 0.01713882
 0.01851704 0.01516459 0.01021286] [0.00677389 0.00243578 0.00323477 0.00312618 0.00297392 0.00671871
 0.96547514 0.00455177 0.00470987] [0.0069953  0.02160284 0.01200072 0.03547354 0.01586416 0.03976415
 0.74492824 0.01406447 0.10930658] [0.00492412 0.00382538 0.00770736 0.03720559 0.00764515 0.0966761
 0.80977255 0.01339514 0.01884857] [0.04867062 0.02016014 0.03071476 0.17813893 0.0475769  0.04428083
 0.05748363 0.41910544 0.15386875] [0.06795491 0.11726782 0.09247492 0.03286518 0.07739826 0.22717543
 0.03589833 0.21851061 0.13045456] [0.00379517 0.02738912 0.00838925 0.04476475 0.00532522 0.01384798
 0.01340389 0.04212419 0.84096044] [0.00401619 0.01174678 0.00334787 0.9380108  0.00235128 0.01220964
 0.0111439  0.01035244 0.00682106] [0.01496152 0.21742947 0.06192603 0.20167367 0.02968927 0.10700741
 0.02613366 0.05858447 0.2825945 ] [0.15365824 0.2262972  0.4936598  0.04144171 0.02752874 0.0107018
 0.01241173 0.01878674 0.01551411] [0.11623987 0.10339114 0.07920533 0.13477081 0.0298181  0.18703304
 0.06121074 0.22012006 0.06821094] [0.00868883 0.01330021 0.00836709 0.07410097 0.6038878  0.05442396
 0.03231942 0.01464275 0.19026893] [0.0250145  0.7044533  0.0818611  0.02872967 0.02583314 0.01059027
 0.08371463 0.0135157  0.02628766] [0.05020541 0.1722872  0.05394923 0.04848986 0.0386634  0.1109905
 0.08116604 0.05117007 0.3930783 ] [1.4539333e-03 1.4876014e-03 2.0617277e-03 9.6607232e-01 7.1825646e-04
 2.1237928e-02 1.8887540e-03 3.2487968e-03 1.8306475e-03] [0.17255756 0.04410341 0.22717111 0.0497664  0.09419716 0.07356315
 0.05249014 0.23400687 0.05214426] [0.00421514 0.00332348 0.05131776 0.8822504  0.00483753 0.01004725
 0.00690631 0.03000084 0.00710132] [0.01908262 0.0391094  0.23835175 0.32399917 0.02119981 0.26011592
 0.0326112  0.01852726 0.04700292] [0.04020394 0.0277658  0.03272921 0.1815694  0.03812858 0.11786577
 0.12068424 0.08600359 0.35504952] [0.22728565 0.02873902 0.04145749 0.0290304  0.01702674 0.04917141
 0.03078256 0.03853175 0.537975  ] [0.0424809  0.01610201 0.01466153 0.20873964 0.03672277 0.15583718
 0.02085247 0.46492508 0.03967847] [0.01939608 0.02615167 0.01751597 0.13707544 0.03594294 0.49008372
 0.06967078 0.03772337 0.16644002] [0.00152594 0.97655255 0.00168365 0.00392342 0.00251082 0.00445273
 0.00130349 0.00592152 0.00212584] [0.00411184 0.00772952 0.01019629 0.07454432 0.00780058 0.0081836
 0.01322236 0.82283133 0.05138018] [5.8463973e-04 2.1048596e-04 1.3078605e-03 5.4009701e-04 9.9585778e-01
 4.3949715e-04 2.4444362e-04 5.4625591e-04 2.6897929e-04] [6.6809246e-04 4.4270149e-03 1.5654177e-03 3.8712549e-03 3.2477162e-03
 1.6134384e-03 1.7838420e-03 9.7807556e-01 4.7476841e-03] [0.03630557 0.00550056 0.00794182 0.05152334 0.00842066 0.02156532
 0.01041616 0.01071757 0.847609  ] [0.011066   0.01029485 0.01670743 0.10669004 0.01352538 0.09362295
 0.11276959 0.01344485 0.6218789 ] [9.3512487e-04 2.8601042e-03 1.4416893e-03 1.0187207e-03 9.8770332e-01
 1.5934005e-03 7.6145714e-04 2.0549842e-03 1.6311356e-03] [0.06965701 0.01133568 0.03926479 0.5822637  0.017895   0.03724361
 0.09885995 0.04669313 0.09678713] [0.23896179 0.52018905 0.05425596 0.03954882 0.02216846 0.02207368
 0.01327022 0.03724849 0.0522835 ] [0.01458032 0.04505252 0.03771554 0.01990238 0.0126824  0.04953838
 0.77074206 0.0240477  0.02573869] [0.1622447  0.06391856 0.23177245 0.14424802 0.07293988 0.11656533
 0.02824369 0.03881825 0.14124915]",0 4 0 4 4 1 0 3 7 0 2 2 8 0 5 6 6 3 4 1 1 8 6 4 3 0 6 7 0 1 6 3 0 5 2 2 3 6 6 7 6 7 7 8 5 6 2 0 5 7 5 2 2 3 2 2 5 0 7 6 1 4 6 5 6 0 8 8 5 0 3 1 7 4 0 4 7 6 7 7 5 0 2 3 1 7 5 4 5 3 4 0 0 3 2 0 1 4 1 7 1 1 2 0 4 1 6 3 8 1 2 2 2 5 6 8 6 0 7 8 5 1 6 5 0 7 7 8 5 7 5 2 2 5 1 2 5 7 5 6 8 0 4 4 8 2 2 8 8 4 6 3 3 7 0 1 6 4 7 4 2 8 2 5 2 4 0 3 3 4 0 1 3 3 3 8 3 4 5 4 1 5 8 1 6 6 6 7 5 8 3 8 2 1 4 1 8 3 1 3 3 8 8 7 8 1 7 4 7 8 8 4 3 1 6 5
1468,2,xgboost,0.5,10000,10000,0.7916666666666666,0.9700038580246912,"[0.02882472 0.00912502 0.05346968 0.40457085 0.01937816 0.22841167
 0.0326713  0.01576503 0.20778355] [0.00728401 0.0268647  0.02779368 0.02065858 0.01244086 0.00674312
 0.05484118 0.5349097  0.30846414] [0.01584963 0.01718009 0.08337135 0.10016457 0.03647191 0.22812083
 0.23486    0.02330422 0.2606774 ] [0.02202727 0.06615818 0.08190548 0.03744021 0.01292104 0.0245754
 0.00991029 0.72671914 0.01834294] [0.9507194  0.00784516 0.01932818 0.00152155 0.00685988 0.0028165
 0.003913   0.00429161 0.00270469] [6.1754181e-05 5.0429506e-05 9.9950957e-01 1.1104109e-04 5.0157509e-05
 4.7781094e-05 4.8541264e-05 7.5160744e-05 4.5552228e-05] [0.00434637 0.00885149 0.00448991 0.00466512 0.00712494 0.01828155
 0.8526386  0.00620724 0.09339484] [1.3306600e-04 9.6233933e-05 1.0529038e-04 6.5507033e-05 9.9909651e-01
 5.9960617e-05 1.2961712e-04 2.1449923e-04 9.9296398e-05] [0.00525918 0.0055568  0.00655356 0.00694157 0.00405254 0.01342767
 0.9404872  0.00596864 0.01175282] [0.0055719  0.01132792 0.03301444 0.02037442 0.01614384 0.00922849
 0.00383061 0.8779571  0.02255124] [0.05061606 0.15116404 0.5467491  0.06551731 0.06363788 0.02337367
 0.03424078 0.02742123 0.03727985] [9.8742920e-01 3.3486092e-03 5.3294329e-04 5.2571362e-03 1.0474774e-03
 6.4055098e-04 6.4538192e-04 4.6574511e-04 6.3298724e-04] [0.13405475 0.0841334  0.15224805 0.03432118 0.07635862 0.06507404
 0.33583382 0.08958529 0.02839085] [0.18306129 0.09318575 0.02353951 0.35755795 0.04592355 0.09420729
 0.03547059 0.02982439 0.1372297 ] [0.01492025 0.01347994 0.00653926 0.02600426 0.04340405 0.14895481
 0.02859891 0.09234086 0.62575763] [0.9671976  0.00244511 0.01147789 0.00130608 0.00185643 0.00296121
 0.00146038 0.00631732 0.00497795] [0.10683489 0.3115992  0.29710767 0.10877803 0.02648709 0.01943707
 0.03966391 0.01877639 0.0713158 ] [0.06848113 0.02553005 0.10549592 0.03978061 0.01863025 0.14474063
 0.44169092 0.07227034 0.08338014] [3.8238763e-04 2.6942047e-04 3.6024689e-04 3.1750937e-04 4.7889483e-04
 1.1621612e-03 9.9650621e-01 2.3197252e-04 2.9125938e-04] [0.08381996 0.3371168  0.16881716 0.02542973 0.03398451 0.20653902
 0.033598   0.04020804 0.07048679] [9.4922259e-03 8.1537577e-04 6.1015034e-04 9.7617823e-01 4.5149066e-03
 2.4090470e-03 1.6510321e-03 1.8871379e-03 2.4418447e-03] [0.00407799 0.00425826 0.002811   0.05971022 0.00821357 0.00400216
 0.00242206 0.9095046  0.00500019] [0.03033814 0.08639005 0.01570297 0.0122331  0.5952743  0.02908908
 0.02178657 0.1398072  0.06937858] [0.10349592 0.01781482 0.7574189  0.0300912  0.03565411 0.00835195
 0.00656511 0.03291758 0.0076904 ] [0.01010277 0.01451779 0.9249529  0.0046598  0.0086645  0.00944962
 0.00377465 0.00617033 0.01770762] [0.00801513 0.01889717 0.89701176 0.00677861 0.00852422 0.00855321
 0.00653268 0.04086428 0.00482292] [1.1301134e-03 3.4684699e-03 6.3623101e-03 1.3468073e-03 9.7649813e-01
 7.4024510e-04 1.0218389e-03 6.7143878e-03 2.7177213e-03] [0.0325023  0.05913217 0.01340653 0.00986629 0.65049064 0.01490366
 0.00893213 0.15791193 0.05285436] [2.2793947e-04 2.0486720e-04 9.9614918e-01 2.6065751e-03 9.8948345e-05
 8.4722538e-05 1.2781283e-04 1.4428252e-04 3.5566668e-04] [0.03331739 0.0179934  0.061647   0.8509414  0.00660213 0.00969272
 0.00878754 0.0071156  0.00390274] [0.00519708 0.93367994 0.00977189 0.00962145 0.01176087 0.00230627
 0.00395275 0.0179741  0.00573568] [0.03966892 0.0542375  0.03976018 0.5078171  0.02759154 0.06247858
 0.03002393 0.101232   0.13719024] [9.7146869e-01 6.7426926e-03 7.8557181e-04 1.8723905e-03 1.3072845e-02
 3.0285999e-04 1.4094880e-03 2.6844554e-03 1.6610221e-03] [0.01668551 0.05615156 0.00895498 0.8134862  0.00927521 0.01349956
 0.00901773 0.00654218 0.06638703] [5.3283962e-04 1.4776624e-04 7.0402812e-04 9.7771716e-01 2.9998538e-04
 5.5365697e-03 1.5260834e-03 1.0666436e-03 1.2468872e-02] [0.01172535 0.9538247  0.00419375 0.00119483 0.00294119 0.00564533
 0.01528386 0.00234844 0.0028425 ] [6.8353384e-04 9.9113160e-01 1.9631882e-03 1.1217135e-03 5.1726896e-04
 5.1538745e-04 1.5149163e-03 1.6429512e-03 9.0936257e-04] [0.02048882 0.8832428  0.04464834 0.01368253 0.00989035 0.00479231
 0.01514474 0.0034271  0.00468298] [9.8853290e-01 2.3835911e-03 3.4032611e-03 2.8652756e-03 5.2264071e-04
 3.3480916e-04 1.1784956e-03 4.8649262e-04 2.9255563e-04] [0.05279659 0.02951408 0.0071201  0.28096086 0.0591553  0.20823145
 0.06192639 0.02331048 0.27698478] [0.05569841 0.52976024 0.09265331 0.0362077  0.01683821 0.02889541
 0.01205675 0.01129511 0.21659485] [5.7448243e-04 3.5591863e-04 1.5265396e-03 1.2225566e-03 5.4685370e-04
 9.8773801e-01 3.1638118e-03 6.9956691e-04 4.1722604e-03] [6.2720350e-04 1.5501037e-03 5.2563124e-04 4.1317471e-04 9.9366236e-01
 3.6816244e-04 1.5284574e-03 9.0322975e-04 4.2164142e-04] [0.02263449 0.03684714 0.01727116 0.0503829  0.174438   0.33729196
 0.06938861 0.24088816 0.0508576 ] [0.00282795 0.00169078 0.97596675 0.01061612 0.00188762 0.00245486
 0.00169193 0.00120604 0.00165797] [0.03103364 0.01969322 0.02513602 0.09587346 0.05011437 0.6549644
 0.05047117 0.02181587 0.05089781] [4.1122371e-04 6.7038974e-04 2.1791783e-04 1.0879419e-03 9.9332583e-01
 1.4770865e-03 1.4779770e-03 7.3271227e-04 5.9892412e-04] [0.0566842  0.0110048  0.00416087 0.02361298 0.00643055 0.01848265
 0.8065102  0.01413153 0.05898219] [0.4570024  0.11028613 0.18936528 0.08681191 0.01418804 0.05216845
 0.03079028 0.01648461 0.04290294] [0.00807312 0.02438728 0.00814518 0.06726129 0.02118132 0.0953077
 0.51716644 0.01585493 0.24262275] [0.02909325 0.02501517 0.00666912 0.02760831 0.02803664 0.24932294
 0.03023762 0.03283638 0.5711806 ] [0.00916044 0.0070133  0.00564701 0.02343098 0.03719647 0.02053676
 0.01627204 0.8397592  0.04098383] [0.05190116 0.07797103 0.13853906 0.09095522 0.02934946 0.08802953
 0.03806717 0.04998817 0.4351992 ] [5.2325893e-04 2.2810054e-04 2.6815163e-04 5.3471169e-03 5.1874784e-04
 1.0689038e-03 4.1911364e-04 1.4278135e-03 9.9019885e-01] [0.02554272 0.07552829 0.01748593 0.08065332 0.02318879 0.08966702
 0.5083901  0.03996928 0.13957457] [0.10487942 0.12435386 0.04416031 0.06658186 0.0211128  0.02398511
 0.12029855 0.47897285 0.01565523] [0.0404298  0.8095764  0.02338845 0.01172868 0.00673219 0.01890947
 0.06942935 0.00985118 0.00995446] [0.05573634 0.05214924 0.01210229 0.11593047 0.04808607 0.24968064
 0.13904108 0.04172603 0.28554785] [0.05468689 0.01577812 0.01874875 0.08804307 0.0377958  0.3104353
 0.01755554 0.01149452 0.44546205] [0.00976799 0.04152425 0.0985001  0.00746688 0.8007036  0.01853593
 0.00622466 0.00801316 0.00926343] [2.06739336e-04 3.42640560e-04 5.96810365e-04 1.09483386e-04
 9.98111486e-01 1.10933259e-04 2.61240813e-04 1.18263313e-04
 1.42409888e-04] [0.09520282 0.2265247  0.1846366  0.06893159 0.09003162 0.04368101
 0.10683796 0.11985434 0.06429939] [4.1780222e-04 1.9668108e-03 6.5739290e-04 1.4785440e-03 4.0974524e-03
 3.5493041e-03 9.8166406e-01 1.3885722e-03 4.7800113e-03] [0.21835333 0.04857079 0.34209624 0.07351985 0.0465805  0.15991105
 0.0288176  0.03368074 0.04846994] [0.9172444  0.03037743 0.03230497 0.00433593 0.00257854 0.00247834
 0.00321585 0.00158653 0.00587805] [0.16266838 0.09339364 0.22314958 0.23586743 0.07169488 0.06314569
 0.04783893 0.06957798 0.03266343] [0.06969456 0.02902975 0.47679126 0.22145808 0.03545268 0.0291307
 0.07689632 0.02971848 0.03182815] [0.00289622 0.8162188  0.15581971 0.00238491 0.00235161 0.00735088
 0.00362791 0.00260972 0.0067402 ] [1.1149120e-04 1.1280091e-04 9.9824250e-01 4.2088903e-04 4.7661536e-04
 8.2964318e-05 5.5889941e-05 1.9840307e-04 2.9850425e-04] [6.5641520e-03 2.7674313e-03 3.4432586e-03 1.0507491e-02 8.4835402e-04
 1.4522702e-03 4.3398375e-03 9.6847433e-01 1.6028155e-03] [0.7641219  0.0328404  0.02248176 0.02298869 0.03683474 0.02042185
 0.02447504 0.03340261 0.04243307] [0.00782245 0.01864075 0.03302361 0.03180607 0.00634699 0.05210448
 0.8137883  0.01004824 0.02641906] [0.00689311 0.00187075 0.02055531 0.01631163 0.01310003 0.89309925
 0.00474052 0.00946387 0.0339655 ] [5.6142471e-04 5.4550840e-04 2.2336938e-03 2.1435494e-04 6.5392809e-04
 3.2567923e-04 6.5008842e-04 9.9286026e-01 1.9550596e-03] [0.0160569  0.01858567 0.10643093 0.03249013 0.05536576 0.29779112
 0.30338752 0.05364215 0.11624982] [0.01070728 0.01686737 0.00668085 0.02328412 0.0173971  0.06896537
 0.78992456 0.01354952 0.05262379] [9.7547001e-01 1.2883887e-02 1.2114331e-03 1.9451641e-03 9.4041001e-04
 1.8240775e-03 1.4910121e-03 1.2239948e-03 3.0099575e-03] [0.03997481 0.0611217  0.05423957 0.18989195 0.0720206  0.12457374
 0.15117103 0.24645425 0.0605523 ] [7.6280389e-04 9.4012154e-04 8.0870447e-04 1.8670589e-03 5.3892296e-04
 6.7982229e-04 9.0250123e-04 9.9062777e-01 2.8723336e-03] [0.04133821 0.5606541  0.29540342 0.01372222 0.02203935 0.02388356
 0.01436657 0.01687723 0.01171531] [0.00964709 0.00534677 0.9658232  0.00675324 0.00495912 0.00263783
 0.00144526 0.00217635 0.00121119] [0.00184369 0.98312414 0.00115421 0.00127743 0.00121168 0.00099656
 0.00168393 0.00607208 0.00263624] [0.01045158 0.01100453 0.01119138 0.04174969 0.01012638 0.05745909
 0.00568055 0.84666824 0.00566853] [9.6034676e-01 5.5487072e-03 3.9409413e-03 8.0664912e-03 3.8293640e-03
 8.3546847e-04 2.6434003e-03 1.0732801e-02 4.0560844e-03] [0.10005495 0.35115758 0.09373663 0.01312574 0.23401864 0.03344131
 0.06368198 0.08175833 0.02902487] [0.17663492 0.1158655  0.16388592 0.15950218 0.06280015 0.11625496
 0.03211296 0.08072139 0.09222203] [0.49989673 0.03499842 0.04175842 0.02691147 0.10945514 0.02852434
 0.01035478 0.02127462 0.22682612] [0.17364627 0.17902713 0.05498643 0.09213667 0.04099073 0.08474424
 0.04996646 0.21439983 0.1101022 ] [9.3537563e-04 7.1580906e-04 1.5283298e-03 1.2785369e-02 1.1453152e-03
 2.1184119e-03 9.7711486e-01 8.0794067e-04 2.8486254e-03] [0.17348963 0.07172014 0.16542058 0.04659442 0.02585553 0.17814067
 0.22045608 0.08776233 0.03056067] [0.00548713 0.01282941 0.00587702 0.0159524  0.0029348  0.00192114
 0.00362933 0.94973063 0.00163813] [9.7124690e-01 1.3747532e-02 5.5129142e-03 1.6763461e-03 1.4421984e-03
 4.0745662e-04 2.0757697e-03 2.7078218e-03 1.1830741e-03] [0.01222951 0.00485268 0.00248033 0.0034769  0.9012256  0.01203727
 0.00627757 0.02800894 0.02941122] [1.1437230e-03 3.6097775e-04 2.8736758e-04 2.7468824e-03 9.9385118e-01
 7.6448946e-04 2.8873619e-04 2.3814547e-04 3.1852498e-04] [0.01649823 0.5655344  0.17156942 0.01847527 0.16370745 0.01400383
 0.01591795 0.00908658 0.02520682] [0.3359783  0.04423058 0.22749029 0.0666759  0.20967065 0.01120031
 0.02650865 0.01810653 0.06013876] [0.1345919  0.07114983 0.03767965 0.04368068 0.10956518 0.05594769
 0.05290668 0.47101095 0.02346739] [0.11552084 0.3410213  0.11111626 0.05137819 0.03159019 0.06767188
 0.01734072 0.23871242 0.02564819] [0.00584888 0.03269878 0.05899454 0.00485524 0.02234169 0.12337027
 0.01381801 0.55126524 0.18680738] [0.02024622 0.01314871 0.03720391 0.32126012 0.01870092 0.02998425
 0.4461437  0.01465505 0.09865709] [0.06468046 0.41328    0.26770586 0.05883275 0.01339531 0.01515667
 0.11048767 0.04277439 0.01368694] [0.04378863 0.02095432 0.01634697 0.11480247 0.03590586 0.04240481
 0.4704731  0.03249492 0.22282894] [0.04599202 0.6519086  0.05789996 0.10696721 0.02265445 0.01923812
 0.01622422 0.02908499 0.05003044] [0.00648081 0.01778017 0.0029853  0.00542981 0.01313712 0.9068272
 0.00688846 0.00742091 0.03305023] [0.01436495 0.01829308 0.00678275 0.48332766 0.0416784  0.1267487
 0.02616821 0.0442104  0.2384259 ] [0.8548285  0.02329928 0.04271531 0.0088337  0.02038516 0.01170051
 0.00984312 0.01176084 0.01663358] [0.00678124 0.00169076 0.00442835 0.0021183  0.9735581  0.0020103
 0.00570591 0.00234393 0.00136316] [0.00164232 0.00312419 0.02386572 0.00457691 0.00365609 0.94314116
 0.00576719 0.00636543 0.00786091] [1.1770765e-02 1.0857044e-03 9.7568464e-01 1.1400509e-03 5.9725560e-04
 1.5275374e-03 6.1036469e-03 9.9210104e-04 1.0982661e-03] [0.02444175 0.01972525 0.00858033 0.00542982 0.8731633  0.00738041
 0.00886081 0.01526429 0.03715411] [0.04569408 0.07097562 0.22172579 0.11070694 0.14467564 0.09507726
 0.04536037 0.19552614 0.07025819] [0.02850847 0.06961381 0.06096933 0.6658237  0.03909322 0.04739872
 0.02920705 0.01591717 0.04346851] [0.0021939  0.00827712 0.00192618 0.00341669 0.00744778 0.09022721
 0.83204675 0.00681747 0.04764692] [3.9845402e-04 9.1859541e-04 1.8170115e-04 1.8794405e-04 9.9710554e-01
 1.4297417e-04 4.9557578e-04 3.2537093e-04 2.4379407e-04] [0.13710542 0.13224028 0.25191483 0.03900636 0.09887469 0.10588903
 0.07829723 0.10985691 0.04681526] [0.0240806  0.02366091 0.0055149  0.1152955  0.0128149  0.02329962
 0.04726034 0.01844986 0.7296233 ] [0.00534222 0.0130662  0.004711   0.0317339  0.00154549 0.92819524
 0.00379026 0.00099211 0.01062357] [0.0109799  0.00898797 0.01025307 0.03156326 0.01390146 0.24996923
 0.14704879 0.03853079 0.48876557] [0.04191786 0.6103625  0.15805472 0.01416247 0.01635948 0.07987232
 0.0105292  0.01268055 0.05606088] [0.01296201 0.00350864 0.9626984  0.00160606 0.0110131  0.00241723
 0.00204096 0.00176903 0.00198463] [0.00140655 0.00419218 0.00270183 0.00497566 0.00337243 0.18956238
 0.7756873  0.00304547 0.01505626] [0.06098572 0.63428366 0.09970701 0.01667802 0.02533892 0.01562438
 0.03156276 0.08988044 0.02593906] [2.37273242e-04 3.41740932e-04 2.82522931e-04 1.14417024e-04
 9.98657227e-01 6.63788305e-05 1.09552653e-04 9.47132212e-05
 9.61564874e-05] [0.00708886 0.00719194 0.00512052 0.00505708 0.00220633 0.96179473
 0.00231842 0.0025765  0.00664564] [0.01910166 0.0352229  0.17081398 0.0437088  0.01745899 0.53146315
 0.01309341 0.09902944 0.07010771] [0.00326078 0.00288296 0.00217245 0.9562375  0.00267353 0.00481525
 0.00629508 0.00178046 0.01988193] [0.01849971 0.05661716 0.01929425 0.7423504  0.01517457 0.04116256
 0.02142896 0.04201644 0.04345595] [0.01128862 0.9529564  0.00757978 0.00718095 0.00262044 0.00142682
 0.00691549 0.00513674 0.00489485] [0.9655799  0.00591453 0.00530811 0.00161442 0.00268196 0.00473147
 0.00288097 0.00292236 0.00836627] [0.0084592  0.01567169 0.00551417 0.4146071  0.01968705 0.01155651
 0.48187953 0.01862179 0.02400298] [0.9749492  0.00352461 0.00947887 0.00106569 0.001246   0.00135284
 0.00438318 0.00128497 0.0027147 ] [0.0382374  0.01205095 0.02439328 0.04044182 0.0049419  0.04298781
 0.74385875 0.05018833 0.0428998 ] [0.00598891 0.00251416 0.00498813 0.01637008 0.00256347 0.04456547
 0.91005546 0.00225965 0.01069475] [1.86129953e-04 2.89033051e-04 1.21971476e-04 5.51078410e-04
 6.64006802e-05 9.95921969e-01 1.85936317e-03 3.13614961e-04
 6.90413115e-04] [0.0645328  0.11803119 0.03449116 0.01213283 0.01328366 0.02606436
 0.02235692 0.5267451  0.18236202] [0.10441554 0.0381218  0.02404485 0.71918696 0.04444411 0.0226812
 0.01078268 0.0269457  0.00937717] [0.0021432  0.00214005 0.00355261 0.0094269  0.00713976 0.0104046
 0.00975203 0.948104   0.00733683] [0.18468468 0.06506293 0.02614719 0.05028426 0.05507612 0.08577969
 0.07364506 0.2720581  0.18726201] [0.06306089 0.02026989 0.42979848 0.355835   0.02527728 0.04386202
 0.01968564 0.02425658 0.01795427] [0.06011011 0.05365195 0.23205623 0.3368914  0.06137763 0.06229759
 0.02205902 0.04725541 0.12430067] [0.02077621 0.04142802 0.012486   0.04231514 0.00911918 0.55268353
 0.03775772 0.08280648 0.20062773] [0.02471681 0.01709129 0.04304683 0.13363396 0.24883461 0.1770522
 0.0252958  0.03734846 0.29298005] [0.00455731 0.00793026 0.00945814 0.0021437  0.95570314 0.00275614
 0.00256371 0.0071452  0.00774242] [0.00466722 0.9677719  0.01340624 0.00292971 0.00125039 0.00250558
 0.00165195 0.00367312 0.00214389] [0.07859185 0.08736032 0.34234664 0.05326059 0.04408984 0.14802319
 0.04014562 0.0901603  0.11602166] [0.00639847 0.0110648  0.01568986 0.02272884 0.00945861 0.0583988
 0.04437982 0.00862663 0.8232542 ] [3.0451381e-04 4.0046830e-04 2.6455559e-04 5.7629333e-04 9.9665630e-01
 4.5057066e-04 8.2270498e-04 3.5277422e-04 1.7181420e-04] [0.04637411 0.02883634 0.87298816 0.00550864 0.00543871 0.00468504
 0.00962433 0.02014113 0.00640349] [0.20386614 0.28441784 0.1540674  0.10511427 0.05646282 0.03323513
 0.05608834 0.07640719 0.03034087] [2.41262111e-04 1.96990542e-04 4.56536829e-04 3.23807064e-04
 9.97991204e-01 3.19524086e-04 1.55127156e-04 2.06144497e-04
 1.09360626e-04] [9.98820961e-01 1.08344386e-04 1.56818758e-04 1.67042090e-04
 2.11313702e-04 1.12910850e-04 8.86695489e-05 1.01987192e-04
 2.31881364e-04] [0.0190843  0.06241124 0.01159034 0.02496398 0.01703692 0.01825941
 0.04288767 0.7936635  0.01010269] [0.01026637 0.0085337  0.01448142 0.04389159 0.02826425 0.4928846
 0.01571703 0.20457949 0.1813816 ] [0.02584014 0.77242094 0.01524977 0.02062275 0.01216667 0.02664238
 0.03130377 0.08474881 0.01100478] [0.06246188 0.16299987 0.03101884 0.06517059 0.5543444  0.01428246
 0.02064651 0.01694781 0.07212759] [2.7175728e-04 9.0179477e-05 4.0933053e-04 9.9482226e-01 1.4531064e-04
 1.1641908e-03 1.5169660e-03 1.6273212e-04 1.4172234e-03] [9.9285018e-01 1.0422613e-03 2.5316963e-03 3.4843461e-04 8.9915050e-04
 1.6086955e-04 4.4344921e-04 7.5919024e-04 9.6473418e-04] [0.07463553 0.02489912 0.23623753 0.06730756 0.05971529 0.03862036
 0.07862438 0.39079785 0.02916238] [9.7469654e-04 8.0137933e-04 4.5530535e-03 1.2473831e-03 8.1280619e-04
 9.8352146e-01 1.0837463e-03 1.8162477e-03 5.1892358e-03] [0.00264099 0.00347157 0.9334396  0.03598934 0.00279857 0.00568763
 0.0017651  0.0125525  0.00165474] [2.4439124e-03 2.0958537e-03 5.0098617e-02 3.9720096e-04 9.4334066e-01
 3.4899361e-04 4.4344712e-04 1.9980618e-04 6.3148339e-04] [0.01364815 0.03940114 0.0064404  0.90030074 0.00213632 0.01580778
 0.0022726  0.00250015 0.01749273] [0.0156704  0.03287594 0.05757099 0.28130323 0.05916957 0.07464568
 0.0341678  0.08782046 0.35677594] [0.0012106  0.00100247 0.00522695 0.00237946 0.00230041 0.00911422
 0.00262799 0.9686478  0.00749016] [0.10827981 0.06596343 0.07062269 0.09481986 0.04805093 0.08314459
 0.06349707 0.04252356 0.42309812] [0.00313201 0.0128176  0.00192142 0.16213258 0.02586973 0.07425748
 0.0125568  0.01083572 0.69647664] [0.00780899 0.15642072 0.79594165 0.00770955 0.00618209 0.00679914
 0.00749833 0.00631009 0.00532941] [0.00364798 0.00960472 0.00472513 0.01404184 0.00644661 0.03228055
 0.0299059  0.02767019 0.8716771 ] [9.9798954e-01 7.3108182e-05 7.2911725e-04 7.2723567e-05 2.1002501e-04
 4.4926061e-04 1.4671202e-04 1.8789750e-04 1.4166957e-04] [0.90761214 0.00213936 0.01369841 0.00420856 0.00491553 0.00740455
 0.02342871 0.01299915 0.02359355] [0.06512044 0.1186296  0.39639235 0.04976542 0.25179484 0.01383993
 0.03646148 0.05400455 0.01399144] [0.01602469 0.04449703 0.0105867  0.18688053 0.2912216  0.05998689
 0.11592059 0.02440261 0.25047937] [0.04855439 0.74870867 0.06382529 0.04182472 0.00770808 0.01154243
 0.04689154 0.01660894 0.01433594] [0.00547672 0.01018421 0.00739243 0.02910925 0.01197038 0.0437973
 0.8689401  0.00984103 0.01328852] [4.6478063e-03 2.3573034e-03 8.5079169e-04 5.7012779e-03 1.8013554e-03
 1.9500816e-02 9.5866221e-01 2.0206380e-03 4.4577639e-03] [0.00288905 0.00250698 0.0038986  0.00203984 0.9730771  0.00103396
 0.01168124 0.00132694 0.00154629] [0.03696436 0.05376415 0.01722468 0.02954946 0.07069003 0.07966433
 0.04339881 0.09749267 0.57125145] [0.02789867 0.03045331 0.02494361 0.01283676 0.7875082  0.00764697
 0.0116473  0.02001572 0.07704946] [3.4543002e-04 4.1614316e-04 9.9519819e-01 1.9157158e-03 6.0658745e-04
 5.4100808e-04 1.3488215e-04 1.6643020e-04 6.7557261e-04] [0.04952287 0.76990175 0.05727291 0.01799424 0.01681001 0.02270037
 0.01397864 0.01915685 0.0326623 ] [0.03595087 0.15741208 0.33641618 0.05118281 0.01203124 0.02345043
 0.02243786 0.11258554 0.24853295] [0.00967358 0.00776292 0.00816539 0.01778935 0.07446833 0.7754418
 0.02393977 0.00676514 0.07599366] [6.3199375e-04 1.7540547e-03 3.9592633e-04 1.9077354e-03 2.2528383e-03
 9.8279244e-01 5.1710457e-03 2.1791863e-03 2.9148557e-03] [0.09596979 0.5744668  0.12703791 0.04262701 0.04767502 0.0241625
 0.03687019 0.03672342 0.01446731] [1.0776122e-03 2.1819388e-03 5.4756124e-03 1.9543408e-03 9.3374134e-04
 6.1167730e-04 5.4777641e-04 9.8599523e-01 1.2220615e-03] [9.5581901e-01 9.8942546e-03 2.5956530e-02 1.8215552e-03 2.3705922e-03
 7.9019408e-04 7.7631639e-04 2.0048060e-03 5.6673324e-04] [0.12061603 0.03051975 0.00398807 0.0032507  0.05313192 0.04815422
 0.7264902  0.00962756 0.00422152] [2.9919125e-04 2.2858006e-04 3.7236675e-04 6.5499870e-03 1.0592866e-03
 6.1266599e-03 9.9503167e-04 9.8110914e-01 3.2596835e-03] [0.00169732 0.00605966 0.00365921 0.00262529 0.00900963 0.87263465
 0.00391262 0.00291716 0.09748446] [0.03456175 0.21276113 0.6337526  0.01365828 0.02891756 0.0100429
 0.01197987 0.03730618 0.01701969] [0.02910006 0.5766142  0.27090278 0.0573239  0.01585181 0.0057368
 0.00852573 0.02737324 0.00857146] [7.7004847e-04 5.1814207e-04 2.1068233e-03 2.4064165e-03 8.5984945e-04
 5.9870579e-03 1.4870248e-03 1.4407419e-03 9.8442394e-01] [0.07085226 0.03708732 0.00507832 0.01038899 0.02890576 0.37525937
 0.34701112 0.03584206 0.08957476] [0.22605655 0.07225739 0.01380003 0.12616453 0.00848552 0.10618597
 0.06571912 0.36153448 0.01979646] [0.01958797 0.06149075 0.16113506 0.1821288  0.05607432 0.3856893
 0.03470013 0.0321567  0.06703695] [6.2925927e-04 1.1125166e-03 5.5577041e-04 2.8906821e-03 1.0817050e-03
 5.9951477e-02 9.3163961e-01 1.7153549e-03 4.2363044e-04] [0.06762688 0.44035047 0.04210881 0.0152985  0.0158594  0.03323455
 0.01216585 0.03280647 0.34054902] [0.016044   0.24201103 0.6318422  0.02058527 0.01784263 0.00829055
 0.0110628  0.03878232 0.01353921] [0.10270108 0.0081263  0.21732944 0.5820571  0.01372974 0.00691644
 0.01623457 0.04022992 0.01267537] [1.6305021e-03 5.5517320e-04 7.1236829e-04 9.8791784e-01 8.6680904e-04
 6.6127116e-04 9.6960226e-04 1.2117475e-03 5.4746284e-03] [9.4896805e-04 1.9725477e-03 9.5467124e-04 3.5734952e-03 2.3409531e-03
 9.7870785e-01 1.8447428e-03 1.4878755e-03 8.1688631e-03] [6.8771682e-04 1.0277911e-03 1.7402513e-03 6.8673276e-04 9.9223083e-01
 1.0062383e-03 1.0810547e-03 7.3172658e-04 8.0770056e-04] [0.00234728 0.00605087 0.00147673 0.17753203 0.02190527 0.01992905
 0.00459377 0.01056276 0.75560224] [1.7283707e-04 2.9304170e-04 8.9889218e-05 9.9853349e-01 1.8416246e-04
 2.1709825e-04 1.0312899e-04 1.4733686e-04 2.5898012e-04] [0.04376245 0.79581743 0.01217855 0.02437284 0.0097192  0.0713624
 0.0166001  0.01944806 0.00673904] [0.00437691 0.02553351 0.04426493 0.00947396 0.00906768 0.00428341
 0.01337295 0.8777816  0.01184497] [9.9678314e-01 3.3867278e-04 4.4735047e-04 2.1000413e-04 4.3471498e-04
 1.8201314e-04 4.4614472e-04 1.0499050e-03 1.0800245e-04] [0.07442539 0.04270611 0.06140184 0.06082344 0.11089722 0.03540402
 0.06822968 0.05086021 0.4952521 ] [0.19866219 0.09866964 0.20450658 0.02392972 0.23342513 0.058583
 0.04692208 0.09057421 0.04472741] [1.7568257e-04 2.1247033e-04 1.2666437e-04 7.8528869e-04 1.7215183e-04
 6.8516115e-04 9.9634051e-01 3.2622818e-04 1.1758313e-03] [1.0030373e-03 1.8859999e-03 7.7904662e-04 9.5832700e-01 1.7822975e-03
 9.2404746e-03 1.5464519e-03 1.5041865e-02 1.0393803e-02] [9.8825932e-01 4.4435542e-04 4.0933993e-03 5.4888288e-04 7.3351804e-04
 1.4322230e-03 2.8424961e-03 9.6563919e-04 6.8020041e-04] [0.02229504 0.9060559  0.04232623 0.0041292  0.00450095 0.01004993
 0.00315172 0.00359186 0.00389913] [0.0239824  0.05002439 0.02015595 0.09824809 0.05328714 0.10326016
 0.15989953 0.4250411  0.06610117] [2.8573748e-04 2.9300858e-04 3.9869462e-04 3.4021371e-04 9.9679655e-01
 3.6344858e-04 6.1991770e-04 6.1585411e-04 2.8656653e-04] [2.3766961e-04 1.8281848e-03 3.2611800e-04 1.1951628e-03 6.5178849e-04
 5.6003281e-03 9.8760742e-01 7.3422049e-04 1.8190657e-03]",3 7 5 7 0 2 8 4 6 7 2 0 2 6 8 0 6 2 6 8 8 7 4 2 2 2 4 4 2 3 1 3 0 3 3 1 1 1 0 3 3 5 4 7 2 5 4 6 5 6 8 7 8 8 6 7 1 8 8 4 4 7 6 2 0 2 3 1 2 7 0 6 5 7 5 6 0 7 7 1 2 1 7 0 5 6 8 5 6 6 7 0 4 4 1 0 7 1 8 3 1 6 1 5 3 0 4 5 2 4 5 5 6 4 5 8 5 8 8 2 6 1 4 5 3 3 3 1 0 3 0 8 6 5 7 3 7 0 2 8 5 8 4 1 3 8 4 2 0 4 0 7 7 1 4 3 0 2 5 2 4 3 3 7 8 8 1 8 0 0 1 3 1 6 6 4 5 4 2 1 2 5 5 1 7 0 6 7 5 2 1 8 6 5 3 6 8 2 2 3 5 4 8 3 1 7 0 0 4 6 3 0 1 7 4 6
1468,3,xgboost,0.5,10000,10000,0.8379629629629629,0.9830488040123456,"[0.0429423  0.01938014 0.15711777 0.18517026 0.0955677  0.02411553
 0.0410156  0.08937371 0.34531695] [2.6870862e-04 5.3592079e-04 9.9672467e-01 6.7892508e-04 4.2477381e-04
 3.8360863e-04 4.9181108e-04 2.5995943e-04 2.3159737e-04] [0.01133525 0.00588563 0.01947757 0.03977615 0.05836609 0.18074746
 0.49078098 0.04133083 0.1523001 ] [0.01786455 0.0272956  0.10238308 0.6485445  0.00908633 0.11372375
 0.04319482 0.0190727  0.01883468] [0.04216038 0.03003751 0.02768719 0.8551185  0.00479109 0.00961276
 0.00639265 0.02119404 0.0030059 ] [2.7163868e-04 3.8815307e-04 1.1945898e-03 3.0031395e-03 7.5751275e-04
 9.8098272e-01 5.8468487e-03 1.8564994e-03 5.6988574e-03] [1.4674815e-03 2.8894264e-03 1.1552784e-03 2.6453363e-03 1.2381652e-03
 9.8519289e-01 2.5605613e-03 7.4611866e-04 2.1047641e-03] [5.0692772e-04 2.4902434e-04 1.5857620e-03 4.1879888e-04 9.9575597e-01
 5.9240457e-04 4.8807589e-04 2.3402776e-04 1.6897349e-04] [0.09210941 0.17221098 0.63600457 0.01703028 0.01289959 0.01133873
 0.01051646 0.02889635 0.01899366] [0.02499495 0.03463804 0.05689387 0.59427124 0.09528735 0.01302298
 0.13109212 0.01287267 0.03692679] [0.01018907 0.0094259  0.4771525  0.3804283  0.0080868  0.05418801
 0.00937314 0.0139412  0.03721508] [9.9434906e-01 1.5797113e-03 1.7673505e-03 1.2312060e-04 6.4983312e-04
 2.9857692e-04 7.8833970e-04 2.3025130e-04 2.1372667e-04] [0.00549369 0.00852391 0.0059136  0.03537677 0.00536896 0.00373149
 0.0131219  0.919127   0.00334274] [0.04360425 0.03157699 0.3463597  0.20739754 0.02288319 0.06554247
 0.06139791 0.16332637 0.05791161] [0.0228932  0.49928257 0.10664774 0.08631149 0.01728947 0.01123402
 0.05640435 0.16275848 0.03717868] [0.01295339 0.01928027 0.01907947 0.30276856 0.01372988 0.07176842
 0.01523646 0.238575   0.3066086 ] [0.00416682 0.00218452 0.00227188 0.01115359 0.9536946  0.00252135
 0.01862298 0.00325652 0.00212779] [0.00448438 0.14248003 0.01288939 0.02468952 0.02011759 0.63043016
 0.08327997 0.00676884 0.07486007] [0.00578605 0.00304493 0.00287961 0.03086043 0.00394717 0.05376303
 0.01607702 0.00608731 0.8775545 ] [0.17816895 0.03098991 0.02339901 0.02930336 0.02762598 0.12217144
 0.11163516 0.40702456 0.06968159] [0.1020437  0.07979173 0.0817733  0.05547792 0.09663232 0.05726618
 0.30198526 0.11192099 0.1131086 ] [0.08400611 0.08429276 0.07458531 0.183081   0.02328784 0.16225754
 0.06342246 0.03290837 0.29215857] [0.00124353 0.00484639 0.00396967 0.0138194  0.01089733 0.7744865
 0.00747661 0.00224624 0.18101439] [0.01045975 0.01783339 0.01067643 0.00302219 0.00467849 0.9151824
 0.01549113 0.01447415 0.00818201] [2.0608304e-03 9.5270789e-04 2.1929536e-03 1.9996874e-03 3.6326116e-03
 1.4073015e-03 9.7705793e-01 2.8597964e-03 7.8361565e-03] [0.95359516 0.00858826 0.00436094 0.00143115 0.00463713 0.00356693
 0.01085101 0.00588907 0.0070803 ] [0.00525084 0.00693627 0.00485589 0.67019093 0.0055778  0.1426925
 0.06799606 0.00566337 0.09083635] [1.50304972e-04 1.63535224e-04 1.03332648e-04 1.09247565e-04
 9.98555124e-01 1.34230781e-04 1.47301413e-04 5.36198320e-04
 1.00703968e-04] [0.00286489 0.00153639 0.97397226 0.00620807 0.00432417 0.00308079
 0.00132099 0.0032573  0.00343517] [0.00492206 0.0093513  0.03760546 0.8653461  0.00438019 0.01575662
 0.01004645 0.00873392 0.04385792] [3.7353384e-04 6.9035997e-04 5.2618427e-04 1.3404007e-03 9.9440324e-01
 6.2676496e-04 8.7040558e-04 2.7862089e-04 8.9044898e-04] [0.9217255  0.00408166 0.00571645 0.00900847 0.01766239 0.00849767
 0.00671483 0.00795033 0.01864275] [0.03611835 0.00861998 0.8734583  0.03829864 0.00672634 0.00627161
 0.00671596 0.0147452  0.00904559] [0.00385882 0.00292077 0.00687585 0.00106731 0.9777182  0.00251239
 0.00144581 0.0019191  0.0016818 ] [0.02598618 0.03192895 0.47096595 0.05064916 0.07639895 0.02779886
 0.04242101 0.2502314  0.02361953] [1.8153890e-03 5.3287961e-04 3.4823155e-04 6.0157856e-04 8.6618774e-04
 1.2484289e-03 9.9084330e-01 2.4943589e-03 1.2496386e-03] [0.01302631 0.10900777 0.7810648  0.00611244 0.01461625 0.01819074
 0.01304909 0.00930881 0.03562373] [9.8567778e-01 1.1944493e-03 9.3902607e-04 1.6069515e-03 2.4104791e-03
 7.0399186e-04 1.3084492e-03 3.5174245e-03 2.6414744e-03] [1.3791891e-03 7.8853563e-04 1.5470039e-03 2.2158634e-04 2.1172689e-04
 1.7728122e-04 1.8375778e-03 9.9330419e-01 5.3294568e-04] [0.02308808 0.01273084 0.01301497 0.00837643 0.0155614  0.00351755
 0.8786942  0.04040244 0.00461404] [0.01167172 0.01039155 0.02611212 0.50462687 0.0158223  0.03814864
 0.28768042 0.02522773 0.08031869] [1.2504982e-03 1.8390742e-03 9.2166348e-04 1.0743724e-02 4.0700464e-03
 1.3568160e-03 9.6484882e-01 1.3120134e-02 1.8491981e-03] [0.03538475 0.857805   0.00612673 0.00480368 0.00265498 0.01164451
 0.00965035 0.06854917 0.00338078] [3.9338923e-04 2.9411695e-03 1.9646920e-03 6.7899621e-04 9.9283993e-01
 2.9729670e-04 4.3660676e-04 2.5808043e-04 1.8975940e-04] [0.01042583 0.0036947  0.952613   0.00280473 0.00179422 0.00168066
 0.00177209 0.00427539 0.02093942] [1.7924304e-03 1.1944528e-03 8.7314850e-04 7.4412406e-04 9.8167270e-01
 2.3431636e-03 4.1605206e-03 5.1570525e-03 2.0624362e-03] [0.00897423 0.01425243 0.00455479 0.00942658 0.00839645 0.0127233
 0.89594257 0.01896696 0.0267627 ] [4.3053203e-04 3.7098149e-04 4.9512106e-04 1.0835073e-03 9.9544698e-01
 4.6388505e-04 7.4323075e-04 5.5397750e-04 4.1174277e-04] [0.03641855 0.2015957  0.2635085  0.13341707 0.0416405  0.05823522
 0.03852628 0.14865774 0.0780004 ] [0.03969103 0.11034447 0.05447247 0.09558495 0.0215923  0.05161128
 0.05011151 0.19644897 0.38014305] [0.10514476 0.50726837 0.01883091 0.02826798 0.13201036 0.03930987
 0.03496137 0.11804328 0.01616311] [0.00842196 0.01634182 0.00874235 0.01256961 0.0030469  0.01088107
 0.01836201 0.9104122  0.01122206] [0.02773267 0.01021587 0.0149941  0.22205304 0.05768762 0.35882187
 0.1923472  0.02586498 0.0902826 ] [0.13847217 0.19161518 0.1328563  0.04517056 0.14478391 0.12862141
 0.02908202 0.15731758 0.03208093] [9.9601656e-01 3.4201893e-04 4.5727272e-04 1.9648251e-04 6.8592938e-04
 3.4967819e-04 4.8560929e-04 1.9706631e-04 1.2693264e-03] [2.5561496e-04 9.9801540e-01 4.8338826e-04 5.9094935e-05 3.4048100e-04
 4.3307696e-04 1.6590505e-04 1.8172462e-04 6.5293520e-05] [0.07552795 0.56715167 0.18276793 0.01852802 0.00912489 0.0172975
 0.03509245 0.02710826 0.06740128] [9.8639133e-04 4.6741208e-03 2.9477454e-03 8.8315137e-04 2.2103423e-03
 2.4492592e-03 1.2545463e-03 9.8244137e-01 2.1531025e-03] [0.03788418 0.06210313 0.03216137 0.13076198 0.02613983 0.09119441
 0.07994696 0.2942783  0.24552985] [0.04062401 0.21668603 0.27535695 0.02632059 0.04237971 0.05812319
 0.08949914 0.06542652 0.18558383] [0.9189463  0.00724416 0.01087397 0.00625733 0.00789703 0.00306772
 0.00595649 0.03470482 0.00505212] [9.9995115e-04 6.8280933e-04 1.1759369e-03 1.3765643e-03 1.4450973e-03
 3.0119906e-03 9.8313057e-01 8.5957767e-04 7.3174518e-03] [0.00557436 0.94163215 0.01106686 0.00539158 0.00228182 0.00292466
 0.00375752 0.02409363 0.0032775 ] [1.4857481e-03 4.9196249e-03 1.5784696e-02 1.2906021e-03 9.7345430e-01
 8.7560224e-04 1.2207971e-03 5.0162087e-04 4.6703438e-04] [0.02421504 0.00824213 0.01156627 0.01407606 0.00637119 0.00913926
 0.02181282 0.87138003 0.03319722] [3.2708168e-04 7.0121940e-05 6.7716395e-04 9.9623847e-01 1.2401852e-04
 4.9342471e-04 1.2627650e-03 1.9816308e-04 6.0882163e-04] [0.0265185  0.7544494  0.0177175  0.04112811 0.02421407 0.01621441
 0.01427034 0.06421824 0.0412694 ] [0.03480759 0.00625445 0.40112382 0.14809059 0.00909979 0.2691698
 0.01240829 0.08173237 0.03731325] [0.01071232 0.00359231 0.00409649 0.10763322 0.06600343 0.01485066
 0.0174206  0.01172915 0.76396185] [0.03710572 0.06936554 0.73905563 0.02412778 0.0110706  0.0201915
 0.03766905 0.03339261 0.02802153] [0.02404882 0.01694751 0.01824238 0.09800655 0.03772189 0.06784858
 0.21284695 0.09333745 0.43099985] [0.02062416 0.01044008 0.02921183 0.49182877 0.00242974 0.01874068
 0.00987635 0.0078263  0.40902212] [0.05154195 0.56326944 0.08528977 0.0126397  0.0511014  0.13038634
 0.03956681 0.03616699 0.03003762] [2.7673801e-03 9.8934001e-01 2.7920282e-03 3.2514968e-04 3.6927479e-04
 7.1424508e-04 1.7207882e-03 1.1907814e-03 7.8035396e-04] [0.72678137 0.01401009 0.18129347 0.0065123  0.0077339  0.0128007
 0.01117577 0.0165779  0.02311444] [0.0218682  0.057457   0.83542204 0.02305325 0.00952543 0.02086501
 0.00943651 0.01290101 0.00947153] [0.10247733 0.79564893 0.03576569 0.01197902 0.01196439 0.00652662
 0.00877253 0.01845211 0.00841334] [9.8276019e-01 2.2841522e-03 5.1713125e-03 6.1744230e-04 3.8497095e-04
 2.3282226e-03 6.7456666e-04 9.5920794e-04 4.8199613e-03] [7.9572061e-04 7.4176112e-04 1.0630999e-03 9.0888230e-04 1.7657723e-02
 3.8482044e-02 9.3503606e-01 2.1226604e-03 3.1920674e-03] [0.00319313 0.00242628 0.00804589 0.00438298 0.00245054 0.00110475
 0.97440535 0.00232142 0.00166961] [3.8282294e-04 2.6874608e-04 9.9336171e-01 2.4399902e-03 1.7124771e-04
 1.1706134e-04 2.2304218e-04 1.0759828e-03 1.9593507e-03] [0.12416864 0.03364104 0.16276142 0.02519856 0.07930655 0.09081404
 0.04422896 0.3299282  0.10995261] [0.00152268 0.0053471  0.01071874 0.02753356 0.941452   0.00137721
 0.00232722 0.00853494 0.00118646] [0.01158054 0.03825471 0.01655507 0.02003131 0.0247552  0.10350603
 0.01186402 0.01491496 0.7585381 ] [0.01074954 0.01299486 0.01315399 0.06422418 0.06538456 0.15373573
 0.02945424 0.02628746 0.6240154 ] [0.00665454 0.00714449 0.08921912 0.84868044 0.02227249 0.01295774
 0.00742265 0.00375573 0.00189279] [0.00588671 0.01103794 0.00588889 0.26490775 0.01420531 0.14956051
 0.03922822 0.01208714 0.49719745] [0.03205048 0.16425157 0.3785699  0.14254533 0.06790854 0.02966026
 0.01910403 0.14563368 0.02027616] [0.0076821  0.95550895 0.00656192 0.00696439 0.0022799  0.00614114
 0.00613864 0.00469527 0.00402768] [0.00998515 0.00312592 0.00275818 0.00264804 0.003936   0.01772718
 0.9011039  0.01826007 0.04045555] [0.12330841 0.17977792 0.02404107 0.0708694  0.05062197 0.18194145
 0.04400872 0.02088014 0.30455092] [0.01333103 0.01834796 0.00765899 0.14815405 0.545203   0.06148871
 0.06511602 0.04967285 0.09102742] [0.01615536 0.00682878 0.00511674 0.01770313 0.00575555 0.01557853
 0.01382549 0.02114996 0.8978864 ] [0.0598137  0.13383856 0.06539378 0.13489461 0.03495895 0.08946586
 0.06925238 0.13643056 0.2759516 ] [0.00880401 0.06276452 0.02389628 0.02768651 0.03800721 0.6056713
 0.06805664 0.09677021 0.06834331] [0.03055672 0.18630688 0.598225   0.0128459  0.03313206 0.00879908
 0.03908275 0.08478048 0.0062711 ] [0.9791917  0.00417295 0.00360477 0.00128991 0.00133045 0.00138292
 0.00316246 0.00331969 0.0025452 ] [0.2719567  0.25058588 0.06360877 0.02440164 0.1126423  0.02844357
 0.04403917 0.03525243 0.1690695 ] [5.0177606e-04 2.8355904e-03 7.9819845e-04 9.7520195e-04 3.1619861e-03
 2.6474139e-03 2.1267629e-03 9.8342681e-01 3.5262259e-03] [0.05239454 0.09734388 0.07502111 0.30069757 0.04997816 0.07007197
 0.06843491 0.23221555 0.05384228] [0.91339225 0.00908379 0.01531809 0.02159433 0.00892622 0.00771995
 0.00755596 0.00999849 0.00641091] [3.9042855e-04 4.6857214e-03 2.6788455e-04 1.3092619e-04 9.9393505e-01
 1.0651453e-04 2.0009030e-04 1.4091545e-04 1.4246628e-04] [0.10243617 0.16476482 0.08072761 0.12480463 0.04702328 0.08283342
 0.14724149 0.04992622 0.20024237] [0.0063783  0.00839036 0.00209185 0.0177201  0.00658258 0.01803754
 0.90822    0.02105317 0.01152612] [0.02017468 0.01462384 0.02979548 0.6780014  0.02019888 0.04671895
 0.07816775 0.02964997 0.08266909] [6.8517233e-04 1.5833020e-03 1.0151389e-03 2.1467395e-03 1.8828633e-03
 9.7521949e-01 5.6667458e-03 6.7558917e-03 5.0446363e-03] [0.79014975 0.06167259 0.04211812 0.00746208 0.00742616 0.01672163
 0.00776754 0.03140782 0.03527438] [9.4051281e-04 3.4813765e-03 1.8604376e-03 4.8924697e-04 4.3062566e-04
 9.4295741e-04 9.9088120e-01 8.0851885e-04 1.6514662e-04] [7.9414772e-04 8.3226094e-04 3.8185820e-04 1.2324688e-03 9.9321038e-01
 7.0569973e-04 7.3280465e-04 1.0325906e-03 1.0778239e-03] [0.04866895 0.00972353 0.01449702 0.04531143 0.03276367 0.06241086
 0.02356869 0.30007768 0.46297818] [0.59623075 0.01099991 0.02853253 0.05846119 0.03719729 0.03871525
 0.10411885 0.07306681 0.05267746] [1.8255631e-03 7.2220567e-04 2.4669238e-03 1.2992400e-03 1.7502030e-03
 6.9754769e-04 4.5700229e-04 9.8975825e-01 1.0230310e-03] [0.00145827 0.00155044 0.00168199 0.00624193 0.00113803 0.00134104
 0.00198574 0.983386   0.00121655] [0.00768733 0.01241683 0.00435649 0.00790922 0.00807459 0.04762791
 0.15710478 0.71128374 0.04353916] [0.04663747 0.13484208 0.04717268 0.01965623 0.04247196 0.03323588
 0.01616393 0.63046825 0.02935152] [0.24211866 0.01476026 0.03153452 0.04804219 0.05330402 0.30224377
 0.17210963 0.02214999 0.11373695] [1.4597585e-03 1.7674765e-02 5.4129930e-03 3.5392456e-03 4.9513881e-04
 6.0469750e-04 7.0831942e-04 9.6946669e-01 6.3840981e-04] [0.0083242  0.01380064 0.05452011 0.10036342 0.16998985 0.2627302
 0.02887716 0.01030023 0.3510942 ] [1.6615521e-03 9.8060429e-01 1.9588084e-03 5.1100785e-03 5.4463884e-04
 3.6694715e-03 2.2297057e-03 6.9376646e-04 3.5276643e-03] [0.04640548 0.11361448 0.0545957  0.07366645 0.09221437 0.13683328
 0.17304176 0.24259952 0.06702896] [0.00443049 0.00664874 0.00451056 0.00831322 0.96459186 0.00288245
 0.00353183 0.00410517 0.00098565] [3.3208730e-03 2.9319071e-03 3.6022323e-03 9.8785597e-01 2.5209429e-04
 1.5267254e-04 7.5195165e-04 5.7536474e-04 5.5693352e-04] [0.02823663 0.0325457  0.15627524 0.0616757  0.09101366 0.5033314
 0.06264715 0.04684559 0.01742886] [0.03365398 0.9064335  0.01169147 0.00491596 0.00914682 0.01714831
 0.0086927  0.00354628 0.00477095] [9.6324639e-04 1.2413723e-03 7.1137317e-04 1.1182367e-02 1.1278784e-03
 9.7622740e-01 2.0067114e-03 1.3736292e-03 5.1660477e-03] [0.9697127  0.00399521 0.00423149 0.00324724 0.00408736 0.00230839
 0.00432221 0.00154968 0.00654571] [0.00145483 0.00389512 0.00275762 0.01128318 0.00215211 0.01312447
 0.00241574 0.00889824 0.95401865] [0.03640844 0.08744352 0.1358963  0.14995036 0.08575639 0.09323796
 0.05582324 0.14068386 0.21479994] [0.9122286  0.03480907 0.03175933 0.00110192 0.00351468 0.00158722
 0.00371678 0.00804021 0.00324223] [5.9806500e-03 1.0929734e-02 9.5790654e-01 1.5553896e-02 3.2791563e-03
 2.2824132e-03 1.1911907e-03 2.3111065e-03 5.6524377e-04] [0.00184377 0.00349698 0.00255006 0.00249027 0.9354169  0.01707686
 0.01238562 0.00412073 0.0206188 ] [0.00562834 0.0141887  0.00396471 0.01168506 0.01770273 0.84971327
 0.03804731 0.01740861 0.04166127] [0.00329278 0.00246362 0.00204416 0.93049365 0.00291207 0.00104118
 0.05013004 0.00223559 0.00538691] [0.9349444  0.00355472 0.01747799 0.00789922 0.00151773 0.01180486
 0.00748853 0.00717458 0.00813801] [1.9390794e-03 1.1890604e-03 1.3090397e-03 1.7953402e-03 6.6498746e-03
 7.1624527e-04 5.3693476e-04 9.8513466e-01 7.2970008e-04] [0.04337578 0.1473435  0.03970148 0.05798687 0.06719875 0.07046998
 0.10848729 0.3685659  0.09687046] [0.07836832 0.09668035 0.3384257  0.10665632 0.06209425 0.05604443
 0.04453591 0.13950841 0.07768627] [0.8965461  0.02716061 0.04447332 0.00581508 0.00347235 0.00451083
 0.00670752 0.00758205 0.00373214] [0.07561301 0.02455897 0.05996647 0.5378527  0.04059705 0.13749407
 0.06356874 0.0171672  0.04318181] [4.3195966e-04 7.6286145e-04 3.6645154e-04 4.2196159e-04 6.3224253e-04
 5.2489466e-03 9.8427790e-01 2.2575627e-03 5.6000953e-03] [0.00296731 0.00447503 0.0021856  0.03225794 0.00246667 0.89440477
 0.00659273 0.01449133 0.04015861] [0.05069331 0.07853969 0.02007788 0.04714571 0.07318535 0.11456719
 0.03590685 0.25333813 0.32654592] [0.01318345 0.06068067 0.75768566 0.02944871 0.03301631 0.0488045
 0.00946511 0.01561652 0.03209903] [0.09305757 0.04120748 0.06351098 0.07047667 0.03176946 0.4514373
 0.04017286 0.12654561 0.08182207] [0.2387678  0.15385133 0.11649579 0.0351852  0.10515595 0.08869677
 0.06762556 0.16847901 0.02574267] [0.0027542  0.00488932 0.0032448  0.00194422 0.00385372 0.00324368
 0.00268977 0.9754014  0.00197887] [0.22624187 0.358389   0.06383856 0.02191684 0.0543853  0.11350955
 0.0404257  0.06571744 0.05557573] [0.01400964 0.04606894 0.03810732 0.3678794  0.05230526 0.20891154
 0.09119938 0.10040373 0.08111482] [6.3907768e-04 3.2163896e-03 2.0287777e-03 5.9958552e-03 3.6283731e-03
 9.7062206e-01 2.0971594e-03 5.4766033e-03 6.2956917e-03] [0.06942343 0.31659168 0.31839436 0.09330436 0.03454952 0.02137593
 0.01596609 0.06246521 0.06792947] [0.01013765 0.01691076 0.01166909 0.00648517 0.925266   0.00426579
 0.00955064 0.005496   0.01021889] [0.07427377 0.21987908 0.04115659 0.02782576 0.07002903 0.25033283
 0.03778156 0.22881341 0.04990798] [9.8783034e-01 1.0434956e-03 3.2044153e-03 6.1247684e-04 6.8438548e-04
 1.8481343e-03 9.0384769e-04 3.3940964e-03 4.7877876e-04] [0.01727784 0.9165584  0.01458154 0.00367762 0.00399389 0.00793631
 0.01412564 0.016592   0.00525676] [1.2284459e-03 9.9445081e-01 1.2304134e-03 8.4042328e-04 2.9289414e-04
 5.2100822e-04 5.2428688e-04 6.4093719e-04 2.7083966e-04] [0.00154387 0.01637173 0.00387991 0.01356413 0.00316351 0.0183469
 0.9200307  0.00415429 0.01894496] [0.03216745 0.08392642 0.8135696  0.03750589 0.00594995 0.0112265
 0.0055612  0.00533836 0.00475457] [0.00154105 0.9746304  0.00633371 0.00158006 0.0012726  0.00295239
 0.00213913 0.00598915 0.00356148] [0.09477445 0.08690244 0.33442116 0.03187151 0.05579198 0.0246383
 0.06996074 0.1335375  0.16810192] [2.4056130e-03 3.0635446e-03 2.8456284e-03 7.2725711e-04 3.9005897e-03
 1.3955714e-03 5.4195325e-04 9.8408300e-01 1.0368153e-03] [1.6962393e-03 9.8595607e-01 1.0825897e-03 7.8738492e-04 7.0991809e-04
 3.4702292e-03 5.2661980e-03 3.8240751e-04 6.4897240e-04] [5.8120774e-04 3.7638133e-04 2.6255075e-04 1.2170259e-03 2.3300282e-03
 3.2932546e-03 9.8795056e-01 1.2554154e-03 2.7336455e-03] [0.00325886 0.00671748 0.943941   0.01272586 0.00555589 0.00514719
 0.00626063 0.01509977 0.00129339] [0.13602489 0.02690481 0.07305939 0.03463202 0.22145496 0.2792123
 0.12138466 0.04375105 0.06357594] [0.07672603 0.12808578 0.03394947 0.01097572 0.03000297 0.01175169
 0.58713746 0.03258817 0.08878268] [0.05835204 0.05217324 0.01936878 0.11164488 0.04364247 0.07927048
 0.09490059 0.05434109 0.48630643] [0.11718699 0.09090322 0.11089797 0.03027115 0.01699682 0.00359371
 0.60616946 0.01147625 0.0125044 ] [0.10634135 0.01299937 0.0129733  0.01038168 0.00822299 0.01192059
 0.01223613 0.7974594  0.02746514] [5.7540061e-03 6.9693674e-04 9.4416142e-02 8.9258534e-01 7.6664356e-04
 7.6055055e-04 9.3707262e-04 2.6349216e-03 1.4484476e-03] [0.00532439 0.01261346 0.01203496 0.08808844 0.00407177 0.03253228
 0.80602676 0.00586961 0.03343831] [0.001204   0.00835617 0.00134537 0.00141128 0.00524885 0.06721915
 0.00216039 0.002471   0.91058373] [0.00167839 0.0048375  0.00601996 0.02028051 0.00846892 0.01234339
 0.9227593  0.00636861 0.0172434 ] [0.01010091 0.01051497 0.01561229 0.01721483 0.01388852 0.19637704
 0.61666524 0.0060334  0.11359281] [7.0409609e-05 6.1316379e-05 7.8230471e-05 2.5317393e-04 2.2580870e-04
 4.1467274e-04 9.9833554e-01 2.2127568e-04 3.3961839e-04] [1.1296419e-03 8.2016271e-04 9.9501967e-01 5.7814771e-04 5.5839366e-04
 2.6243040e-04 4.0111493e-04 1.0156903e-03 2.1475356e-04] [0.03173864 0.06038426 0.09275027 0.05208867 0.09474353 0.02118954
 0.02309337 0.5827746  0.04123714] [0.04966204 0.3975754  0.09069351 0.13225052 0.04945735 0.06208273
 0.01687038 0.12413874 0.07726936] [0.06335307 0.00980951 0.35248876 0.21939753 0.08184136 0.17328832
 0.01404149 0.01758817 0.06819181] [4.4114367e-04 7.2822830e-04 1.4480366e-03 2.9355076e-03 9.8984993e-01
 5.2227976e-04 7.3923962e-04 5.6433061e-04 2.7712779e-03] [0.00369755 0.00908663 0.00576652 0.00424069 0.00280026 0.956035
 0.00481854 0.0052937  0.00826105] [7.6001423e-04 1.2944847e-03 3.9983384e-04 4.3502517e-04 9.9416381e-01
 4.8084772e-04 1.6776522e-03 3.4632545e-04 4.4201722e-04] [0.0092996  0.0235313  0.92602086 0.00264969 0.00762393 0.01237029
 0.00387171 0.01157978 0.00305281] [1.6267111e-03 4.4456817e-04 5.8065401e-04 1.1758490e-04 9.9465418e-01
 1.2518161e-04 1.2747919e-03 9.5926179e-04 2.1701492e-04] [0.00750527 0.00379001 0.00472702 0.01610219 0.00363684 0.13693565
 0.02854687 0.01386387 0.7848923 ] [0.02986757 0.04495711 0.04251766 0.05652797 0.7621481  0.02517386
 0.01269197 0.01607179 0.01004402] [0.00450103 0.00816064 0.00974058 0.04441085 0.00728369 0.02891681
 0.00656065 0.07376815 0.8166576 ] [0.00457078 0.01403982 0.01273572 0.01764674 0.05954051 0.00911514
 0.8419196  0.00945307 0.03097865] [0.01628531 0.823639   0.04285243 0.00237109 0.00325567 0.05696821
 0.04725955 0.00482313 0.00254567] [1.9411943e-03 3.6159290e-03 1.4628748e-03 9.5638772e-04 9.8838603e-01
 9.7924320e-04 6.8183930e-04 1.6202126e-03 3.5636208e-04] [0.00250644 0.00216268 0.00848652 0.92607063 0.0038282  0.03704153
 0.00630803 0.00244854 0.01114746] [7.3476534e-05 3.6493326e-05 6.1717161e-05 4.0411405e-04 2.0177945e-04
 1.8793550e-04 9.9871981e-01 1.9491925e-04 1.1981710e-04] [0.01676708 0.628534   0.07282969 0.11906721 0.03306416 0.01683121
 0.01359513 0.0328171  0.06649441] [0.04368737 0.49861303 0.10718664 0.05115221 0.01758358 0.03120134
 0.22147034 0.01650811 0.01259733] [0.02417991 0.00623782 0.00814399 0.04714508 0.04605143 0.1345186
 0.01630677 0.00680822 0.71060824] [0.97190374 0.00317206 0.00546502 0.00466585 0.00263376 0.00217316
 0.00258709 0.00372705 0.00367225] [0.03249502 0.62616134 0.13615434 0.01334333 0.0260659  0.04523993
 0.05606236 0.02557958 0.03889821] [0.01099565 0.00843703 0.00473748 0.00413646 0.00210023 0.94276404
 0.00265744 0.02207819 0.00209347] [9.8938692e-01 9.0033934e-04 3.9707697e-03 2.0808233e-03 4.6833459e-04
 2.0175002e-04 6.2365818e-04 1.6403750e-03 7.2701770e-04] [0.00220523 0.00288438 0.00291215 0.00802018 0.92457134 0.01990065
 0.01383281 0.01807892 0.00759432] [0.00554242 0.96106225 0.01785297 0.00114349 0.00109191 0.00167361
 0.00866505 0.0015446  0.00142367] [0.05211082 0.6272759  0.05269395 0.00914508 0.01754292 0.02560282
 0.03138258 0.16571113 0.01853481] [0.00256811 0.00211381 0.00732487 0.08404745 0.00661761 0.6584592
 0.22044142 0.00372872 0.01469881] [0.0011221  0.00767048 0.00777747 0.00583979 0.00394889 0.05772353
 0.892678   0.00370414 0.01953556] [0.3709629  0.04371013 0.04714838 0.06414817 0.06007591 0.02359536
 0.01593299 0.03792619 0.3365    ] [0.01274746 0.02038695 0.00384171 0.00441156 0.03197358 0.01225727
 0.00455539 0.9054531  0.00437299] [0.00424009 0.8982823  0.03141184 0.0070493  0.00630263 0.0053043
 0.01942779 0.01289474 0.01508703] [0.00810743 0.00662293 0.02091929 0.00748304 0.01606951 0.02143579
 0.02938725 0.01589109 0.87408364] [0.07664781 0.47278377 0.36705878 0.0057838  0.00700607 0.00423396
 0.0321028  0.0179764  0.01640662] [9.8805296e-01 8.6389383e-04 3.3787522e-03 1.2413216e-03 8.5931283e-04
 9.8922628e-04 1.6148044e-03 1.3881992e-03 1.6115605e-03] [7.5624546e-04 5.0223019e-04 7.7885285e-04 1.7378374e-03 1.5436694e-03
 9.7674996e-01 4.1018948e-03 1.4171688e-03 1.2412085e-02] [7.9194066e-04 1.2292329e-03 2.1017988e-03 5.2112079e-04 5.6473759e-04
 1.5941952e-04 2.7592521e-04 9.9390417e-01 4.5163889e-04] [0.00522241 0.00733439 0.00591796 0.00919256 0.00408348 0.5888567
 0.01577112 0.00977853 0.35384288] [0.02105924 0.08498062 0.03506057 0.13291794 0.03107335 0.12546436
 0.40383795 0.02182816 0.14377779] [9.9834049e-01 5.8324722e-04 1.6845428e-04 8.4050254e-05 6.9512243e-05
 5.3631928e-05 4.4277456e-04 9.4906936e-05 1.6286124e-04] [3.0928111e-04 5.5746472e-04 3.1609056e-04 2.8544586e-04 9.1352988e-05
 7.9533806e-05 2.1321062e-04 9.9802577e-01 1.2186411e-04] [0.02490141 0.04385306 0.05622949 0.35223526 0.18198211 0.01893725
 0.10987113 0.03307267 0.1789176 ]",8 2 6 3 3 5 5 4 2 3 3 0 7 3 1 8 4 5 8 7 4 5 5 5 6 0 8 4 2 3 4 0 2 4 2 6 2 0 7 6 3 6 1 4 2 4 6 4 2 8 1 7 5 2 0 1 1 7 8 3 0 6 1 4 7 3 1 3 8 2 5 8 1 1 0 2 1 0 6 6 2 7 4 8 8 3 8 3 1 6 3 4 8 3 5 2 0 1 7 2 0 4 8 6 3 5 0 6 4 8 0 7 7 7 7 6 7 3 1 5 4 3 5 1 5 0 8 5 0 2 4 5 3 0 7 7 5 0 3 6 5 1 2 8 0 7 0 3 5 2 4 7 0 1 1 6 2 1 8 7 1 6 2 5 6 8 6 7 3 6 8 6 5 6 2 7 8 3 4 5 4 2 4 8 4 8 6 1 4 3 6 2 2 8 0 1 5 0 4 1 1 5 6 0 7 1 8 2 0 5 7 7 3 0 7 4
1468,4,xgboost,0.5,10000,10000,0.8240740740740741,0.9738618827160495,"[0.04158798 0.81506926 0.02884555 0.02250569 0.01137798 0.01433052
 0.01335279 0.02122065 0.03170961] [0.00511573 0.00817848 0.00576421 0.92689526 0.00314284 0.01857196
 0.00176615 0.010833   0.01973232] [0.01067612 0.20412914 0.06103992 0.23429525 0.02613571 0.04803719
 0.09168795 0.12418018 0.19981848] [0.00137984 0.00286969 0.01171361 0.00252793 0.00155844 0.9507487
 0.00151343 0.01382332 0.01386508] [0.15427929 0.3640142  0.10339752 0.04926232 0.10756966 0.04799633
 0.03281099 0.06976071 0.07090899] [0.00791736 0.01317973 0.01564704 0.45154783 0.09858978 0.2074875
 0.02063396 0.01156643 0.17343034] [0.00322839 0.00292851 0.00176915 0.01423241 0.00249587 0.90875435
 0.04252741 0.0157165  0.00834737] [0.01111719 0.01793081 0.01676074 0.17724447 0.01306363 0.36932158
 0.09293752 0.01643609 0.28518796] [0.09448715 0.2529643  0.03351578 0.11905304 0.03317823 0.12281221
 0.18077053 0.10230255 0.06091624] [8.0454291e-04 9.8584586e-01 1.1285512e-03 8.1627094e-04 9.5193682e-04
 4.1945698e-03 1.6649846e-03 1.4626442e-03 3.1306653e-03] [0.34189066 0.04331123 0.4451039  0.02521515 0.01366026 0.02492676
 0.02481531 0.01423077 0.06684599] [0.00508213 0.03120931 0.08899216 0.7737989  0.01833302 0.03124272
 0.02195353 0.00569184 0.02369643] [0.01514832 0.03027043 0.03141545 0.03350568 0.02033659 0.12117109
 0.04112376 0.16441475 0.5426139 ] [1.4885038e-03 2.7427191e-03 8.9490507e-04 2.9077081e-03 9.8860246e-01
 1.1517622e-03 5.6589110e-04 1.0273238e-03 6.1875925e-04] [0.00423608 0.00548253 0.00437264 0.64354306 0.03933486 0.07028697
 0.008495   0.02992132 0.1943275 ] [6.3583422e-03 1.0577250e-02 2.3043957e-03 5.8758579e-04 9.7278464e-01
 2.7881074e-03 1.6647661e-03 7.4994750e-04 2.1849123e-03] [0.03329348 0.02026399 0.04430661 0.39434522 0.09440883 0.19383357
 0.06365684 0.02561832 0.1302731 ] [0.00486558 0.00772609 0.00902944 0.01192224 0.02745409 0.78166
 0.0781159  0.02387249 0.05535414] [0.00883099 0.06753363 0.01849676 0.11218388 0.00855895 0.0649262
 0.09518369 0.03526514 0.5890207 ] [0.00824196 0.9257962  0.01106521 0.00242066 0.00889375 0.00901471
 0.02202106 0.00881613 0.00373026] [9.9361211e-01 7.6192652e-04 4.7806470e-04 8.9441630e-04 3.7977975e-04
 2.4582720e-03 4.2519163e-04 4.7590735e-04 5.1435630e-04] [0.23429653 0.13726692 0.08853638 0.15054987 0.03174667 0.2582458
 0.02219608 0.05070059 0.02646113] [0.04610789 0.01854008 0.80219686 0.01166421 0.04143462 0.01115657
 0.01146148 0.01448772 0.04295056] [0.9542959  0.00517695 0.00511495 0.00597802 0.00248718 0.00385826
 0.01452882 0.00659254 0.00196736] [0.01552473 0.01217323 0.01719254 0.7165255  0.01361818 0.04890816
 0.11442302 0.02064876 0.04098594] [0.04009089 0.11253981 0.03779804 0.02899588 0.39862287 0.08809325
 0.06588448 0.02415453 0.20382024] [0.11211141 0.4259752  0.03678381 0.01320836 0.0364365  0.0602387
 0.03215509 0.17403717 0.10905378] [6.5535697e-04 9.9411350e-01 1.1201138e-03 5.2788784e-04 6.5353571e-04
 5.6521111e-04 7.8239175e-04 1.3652788e-03 2.1667448e-04] [7.5075327e-04 8.5942016e-04 1.6577888e-03 2.8781451e-03 3.3635967e-03
 9.6961468e-01 1.1739854e-02 1.8874105e-03 7.2483853e-03] [0.00191516 0.00241839 0.00241293 0.00204002 0.00291917 0.0010535
 0.00229363 0.98102665 0.0039206 ] [0.04634054 0.02716068 0.01353947 0.02632899 0.8404091  0.0062875
 0.01745973 0.01382077 0.00865322] [0.04176163 0.0177815  0.04099362 0.05133013 0.07183132 0.21572217
 0.04580802 0.05570611 0.45906547] [0.00863806 0.00563188 0.00512483 0.06495738 0.00740253 0.4966957
 0.28775156 0.06363419 0.06016387] [0.01233207 0.00839081 0.01264715 0.32910803 0.01412965 0.10411587
 0.02725209 0.02420744 0.46781683] [1.7876575e-04 2.8042356e-04 3.8907659e-04 8.2860637e-04 3.7189713e-04
 2.8541984e-04 3.0485183e-04 9.9510467e-01 2.2563254e-03] [3.4173072e-04 8.7762083e-04 9.4618089e-04 1.1063484e-03 9.9030906e-01
 1.4727337e-03 1.8932363e-03 1.3469144e-03 1.7061461e-03] [0.00316752 0.00584726 0.00186524 0.02207003 0.00653263 0.00921124
 0.9391827  0.00518113 0.00694222] [0.01543759 0.00665647 0.01870309 0.8127776  0.02574909 0.01169143
 0.01231195 0.04413745 0.05253538] [8.3976872e-03 8.7202131e-04 3.4732241e-03 9.0156263e-04 9.8081553e-01
 1.6729729e-03 1.4081384e-03 1.2334682e-03 1.2254050e-03] [0.10150056 0.71390134 0.04292736 0.01317408 0.01196883 0.02943838
 0.01789709 0.05832266 0.01086968] [0.10435813 0.12226898 0.38221923 0.05445922 0.04197008 0.03864805
 0.07650633 0.12257869 0.05699134] [0.87367153 0.00188236 0.06848356 0.01188781 0.00404016 0.01303375
 0.00477172 0.01955658 0.00267253] [0.01537477 0.6358191  0.07505469 0.02319727 0.16468725 0.02585826
 0.01354823 0.02730301 0.01915745] [0.07783438 0.04534509 0.02427869 0.22436857 0.01894091 0.48832318
 0.03973176 0.0220184  0.05915899] [0.9533614  0.00390338 0.00194201 0.00288773 0.00781652 0.00705435
 0.00183545 0.00638292 0.01481623] [0.013976   0.0111575  0.00859046 0.02139792 0.01693992 0.07380322
 0.01039577 0.00804382 0.83569545] [0.0050533  0.00286649 0.00549149 0.88882107 0.02137151 0.0187831
 0.00476612 0.0438078  0.00903908] [0.00638636 0.00333451 0.00665212 0.02375445 0.00490708 0.01034325
 0.01211702 0.00245823 0.930047  ] [0.03763293 0.07376278 0.17354129 0.10551082 0.06167785 0.03136224
 0.07701005 0.28767967 0.15182233] [1.4693251e-04 1.2241563e-04 8.2585408e-05 3.5380526e-05 9.9911112e-01
 1.1022593e-04 1.1849426e-04 1.3383449e-04 1.3899979e-04] [0.01371652 0.03062113 0.05048928 0.06559397 0.02926111 0.42632645
 0.12692177 0.1040974  0.15297242] [0.02530473 0.02195076 0.9298812  0.00293356 0.00568662 0.00232677
 0.00371456 0.00468062 0.0035212 ] [4.1302142e-04 8.6574123e-04 9.8420560e-01 4.4579357e-03 2.2657374e-03
 4.3979869e-03 1.0753341e-03 1.0118886e-03 1.3067678e-03] [0.00351274 0.00167349 0.9704678  0.00578915 0.00243159 0.0084609
 0.00244013 0.00108122 0.00414301] [0.01674969 0.9111118  0.01102826 0.00457835 0.00284316 0.00524431
 0.03201726 0.00596875 0.01045847] [5.2827405e-04 7.8430452e-04 3.5844831e-04 9.7620185e-05 9.9729353e-01
 2.9071775e-04 1.8024136e-04 1.8317861e-04 2.8366307e-04] [0.02515776 0.00811339 0.06737536 0.83661014 0.02368229 0.01375878
 0.00896051 0.00450402 0.01183772] [8.1554445e-04 1.9275012e-03 2.5856106e-03 1.8161725e-03 9.7857738e-01
 3.1740349e-03 4.6390728e-03 4.6806373e-03 1.7840551e-03] [0.9079545  0.01417973 0.01538901 0.00752028 0.00630075 0.0187826
 0.00782483 0.00928837 0.01275998] [0.00482064 0.01461471 0.00526298 0.01798376 0.00755435 0.09706446
 0.07939277 0.0120193  0.76128703] [9.9273795e-01 1.8267143e-03 7.9680042e-04 3.1298431e-04 2.2778020e-04
 4.0070264e-04 5.0890137e-04 2.2982894e-03 8.8989170e-04] [0.0108695  0.01596946 0.00774613 0.02531925 0.01867752 0.12961276
 0.03769491 0.01798139 0.7361291 ] [1.0466491e-03 2.4420784e-03 9.8971272e-01 2.0862212e-03 9.4549841e-04
 3.1406782e-04 6.7432027e-04 1.4501989e-03 1.3282973e-03] [0.1101594  0.0520179  0.62714845 0.05457596 0.01356623 0.02328697
 0.02102716 0.04440781 0.05381013] [0.00818802 0.04027002 0.00825621 0.15903363 0.07539547 0.29753253
 0.03602374 0.10360537 0.27169502] [0.04412168 0.028856   0.12540191 0.09266416 0.023551   0.08790242
 0.04782902 0.5186236  0.03105022] [9.8279482e-01 2.8749013e-03 1.6155767e-03 5.2637281e-04 9.7697892e-04
 5.6802006e-03 1.2613108e-03 2.4202249e-03 1.8495634e-03] [0.00815289 0.90939194 0.04032106 0.00977043 0.00280202 0.00992427
 0.0054215  0.00235459 0.01186125] [0.0016062  0.00434924 0.00281992 0.01439465 0.01260443 0.02694277
 0.01357904 0.00623851 0.91746527] [7.3814980e-04 1.6485483e-03 4.9350676e-03 2.1614949e-03 2.1826797e-03
 1.5905766e-03 9.8378885e-01 1.9960632e-03 9.5859607e-04] [2.6676635e-04 9.1430097e-04 3.0339631e-04 9.8672312e-01 4.1720318e-04
 2.0037941e-03 3.3751833e-03 1.5902040e-03 4.4060675e-03] [9.6784689e-04 2.3804207e-03 1.8106074e-03 1.4672299e-03 3.6106794e-04
 1.9619274e-03 9.9029481e-01 5.7749945e-04 1.7860306e-04] [5.4544616e-05 6.1611936e-05 7.9618403e-05 9.9843866e-01 1.1035372e-04
 4.7546200e-04 1.5904050e-04 3.9994068e-04 2.2076965e-04] [0.00793591 0.01218969 0.00881066 0.03210329 0.01327758 0.02024399
 0.8437182  0.02201577 0.03970495] [7.9734414e-04 3.3385702e-04 1.4898799e-03 1.5686665e-04 9.9617565e-01
 1.5940411e-04 3.4909209e-04 4.6368348e-04 7.4153344e-05] [0.03419016 0.14634451 0.01028932 0.01221843 0.01568623 0.04555025
 0.05052403 0.11198968 0.5732074 ] [0.0544155  0.1252906  0.31217793 0.31256187 0.01605826 0.00693242
 0.00841483 0.09119011 0.07295845] [0.01382008 0.01185138 0.00303989 0.00770844 0.01720394 0.6013255
 0.01802222 0.29339653 0.03363198] [0.05082204 0.179613   0.5008961  0.02076374 0.12313057 0.01070858
 0.0338979  0.01811261 0.06205545] [0.19147757 0.05591923 0.19625781 0.10618845 0.05476176 0.16519423
 0.03066598 0.06021878 0.13931623] [1.4056750e-03 1.2315583e-03 3.1867858e-03 3.5925253e-04 9.9048513e-01
 1.7344870e-04 1.2720232e-03 1.4238583e-03 4.6228978e-04] [0.02080955 0.20991059 0.02923389 0.06061547 0.18248963 0.02798736
 0.4338172  0.02287035 0.0122659 ] [0.02061489 0.01337128 0.9104729  0.00964321 0.02794476 0.00273804
 0.00637356 0.0037064  0.00513495] [0.0118649  0.7621873  0.16243653 0.00912881 0.00750423 0.02391003
 0.00748913 0.0095078  0.00597134] [1.3909853e-03 9.7198290e-04 9.9310076e-01 7.6055387e-04 1.8152130e-03
 6.1710173e-04 3.0934269e-04 4.2748079e-04 6.0651905e-04] [1.8486849e-03 9.8708820e-01 1.4674449e-03 1.1735640e-03 1.4978411e-03
 1.5888069e-03 8.8855973e-04 2.3234233e-03 2.1235256e-03] [0.01257303 0.8540786  0.01963289 0.02300436 0.01020458 0.02197862
 0.01568085 0.02419704 0.01864999] [0.00705498 0.02429611 0.07954946 0.04419532 0.05005844 0.5860681
 0.12569097 0.03846816 0.04461849] [0.00277257 0.00392777 0.00180704 0.00376872 0.04933032 0.01017671
 0.8593843  0.06287595 0.00595666] [0.00374349 0.01107228 0.01113444 0.00528946 0.00271308 0.0135942
 0.01119905 0.00349262 0.9377613 ] [0.01501619 0.05675503 0.06660102 0.00634348 0.00814972 0.01068185
 0.01654981 0.81257296 0.00732992] [0.01781316 0.02961661 0.08099977 0.06642012 0.022381   0.3009201
 0.0722742  0.2595664  0.15000863] [0.22057562 0.11150837 0.02642459 0.05341093 0.13553472 0.07041353
 0.13609487 0.20459865 0.04143869] [3.3079303e-04 2.6355896e-04 5.5952813e-04 1.9749503e-04 2.9403190e-04
 2.2157280e-04 1.4944474e-04 9.9751246e-01 4.7105760e-04] [0.00470609 0.00179183 0.00187527 0.01341984 0.00104266 0.04078038
 0.00610866 0.00624488 0.9240304 ] [0.01653771 0.01986783 0.0291007  0.0689153  0.01648176 0.1314605
 0.01540031 0.6002361  0.1019998 ] [0.04649571 0.03727031 0.6973183  0.08950192 0.04399514 0.02787135
 0.01406194 0.01323078 0.03025453] [0.6913895  0.11972246 0.03876766 0.00991309 0.02103589 0.01230207
 0.02676675 0.03327894 0.04682364] [0.00116702 0.00226101 0.00182755 0.00335876 0.00200515 0.05218118
 0.92303425 0.00160071 0.01256433] [1.2640390e-03 2.1194585e-03 9.8888238e-04 1.0948195e-03 9.8630697e-01
 2.8888134e-03 2.5266772e-03 9.1620092e-04 1.8941110e-03] [0.11543383 0.03091001 0.5295422  0.01983    0.02413788 0.05431152
 0.02060242 0.07914861 0.12608351] [0.00102137 0.00328722 0.00114934 0.0010709  0.00213652 0.00466529
 0.9824708  0.00206715 0.00213144] [0.07504822 0.00272573 0.00443324 0.8940455  0.00373595 0.00685949
 0.00110888 0.00300148 0.00904156] [0.01763166 0.34071445 0.29937497 0.14454764 0.03455001 0.05990799
 0.04171082 0.05556374 0.00599873] [9.5432159e-04 1.2795505e-03 2.0822403e-03 3.7180798e-04 9.9034786e-01
 2.2912621e-03 1.2923718e-03 7.6156802e-04 6.1905064e-04] [0.00470066 0.01729283 0.00796199 0.01962225 0.02044269 0.03111723
 0.00697642 0.85196203 0.03992392] [0.01365395 0.19690889 0.01382416 0.03125125 0.02457041 0.30587506
 0.14524558 0.01561932 0.25305137] [0.02779154 0.03775158 0.01400985 0.01780911 0.02132204 0.07587401
 0.72116524 0.03632444 0.04795216] [0.00673955 0.01741824 0.0065595  0.00346232 0.00537243 0.94291943
 0.00649707 0.0031083  0.00792321] [5.07467892e-04 5.38653461e-04 1.22842507e-03 9.75280166e-01
 5.12317929e-04 1.24798175e-02 3.92388646e-03 3.28871678e-03
 2.24050274e-03] [0.00901053 0.00848514 0.86632806 0.01494185 0.00906242 0.01950499
 0.00419182 0.04204182 0.02643337] [0.07154275 0.5192701  0.0267563  0.15317966 0.06915388 0.08085732
 0.01929273 0.04546163 0.01448561] [0.02047824 0.14635143 0.32599828 0.16583733 0.01506107 0.01302188
 0.03469218 0.21947698 0.05908256] [0.08151155 0.23715718 0.19222958 0.04343905 0.02103261 0.14422469
 0.05178471 0.08510383 0.1435168 ] [0.03595822 0.10118291 0.7391597  0.02815882 0.02636532 0.01792024
 0.01353392 0.03137476 0.00634612] [0.05340545 0.0101848  0.01867457 0.02291318 0.00987532 0.00989253
 0.00934368 0.8193938  0.04631662] [0.80248946 0.01884121 0.01278363 0.01710118 0.04844199 0.0251839
 0.0515331  0.00937365 0.01425182] [0.02581767 0.02144634 0.02541345 0.1337154  0.02251446 0.61834955
 0.03439289 0.03177899 0.08657126] [0.02884457 0.20825268 0.00989855 0.02293765 0.04066647 0.32802537
 0.05788776 0.07993816 0.22354877] [5.9015374e-04 7.3739258e-04 9.9383235e-01 5.3336081e-04 3.0746366e-04
 5.9353688e-04 5.2945182e-04 2.0675026e-03 8.0881134e-04] [0.00712704 0.00602945 0.00345213 0.00555777 0.00951529 0.01837466
 0.01045118 0.18636289 0.7531296 ] [1.8763182e-03 7.6148671e-04 3.8328205e-04 2.2665049e-04 9.9490887e-01
 3.0452307e-04 4.8597981e-04 3.7931468e-04 6.7361502e-04] [3.5001885e-04 1.5089683e-04 2.4940373e-04 8.5579784e-04 2.0163439e-04
 9.9549234e-01 1.0104465e-03 5.3691078e-04 1.1524743e-03] [0.07115211 0.20814897 0.2703439  0.1325013  0.06663866 0.03160156
 0.08184589 0.12321495 0.01455267] [1.4055937e-03 9.7790921e-01 1.4228623e-02 7.2063296e-04 1.4417064e-03
 1.0979854e-03 9.6257601e-04 8.4703614e-04 1.3866667e-03] [0.05810997 0.02470816 0.12877408 0.04595128 0.06335377 0.04240941
 0.04251136 0.03775498 0.556427  ] [0.0488246  0.27171835 0.05387177 0.03282194 0.06135716 0.2204416
 0.19928773 0.03873187 0.07294498] [0.0059522  0.01998342 0.0041982  0.9371578  0.00368941 0.00379658
 0.0043194  0.00483378 0.01606924] [0.24356255 0.07632371 0.25623968 0.07738645 0.04737364 0.03857096
 0.06478813 0.10963345 0.08612145] [0.01338118 0.00694523 0.01331973 0.05623597 0.0124074  0.7731672
 0.05282484 0.01524584 0.05647262] [0.0175777  0.01671712 0.01442701 0.4450487  0.04297634 0.07601762
 0.14313874 0.10052765 0.14356914] [0.04109796 0.05809481 0.01228859 0.43144417 0.21478057 0.1940775
 0.01509003 0.0103973  0.02272903] [0.00495921 0.01913492 0.0077253  0.00635567 0.00626485 0.05620474
 0.82307893 0.0130938  0.06318261] [0.00441131 0.02269885 0.00748254 0.00338708 0.93049926 0.00990685
 0.00487444 0.005134   0.01160566] [0.7608325  0.1157706  0.01482169 0.00665516 0.01890189 0.01736918
 0.01245354 0.03212707 0.02106838] [0.00938262 0.04355971 0.00850871 0.19938545 0.01584663 0.07124032
 0.06379932 0.09105065 0.49722657] [0.01128463 0.01828191 0.01491224 0.7934821  0.02823128 0.05411757
 0.02576709 0.01038631 0.0435369 ] [0.00721338 0.94243264 0.00893185 0.00234291 0.00368728 0.00336854
 0.00756381 0.01580814 0.00865142] [0.00902552 0.76592296 0.01823134 0.01323776 0.01132861 0.07006324
 0.02784279 0.07536004 0.00898775] [0.02683037 0.02048865 0.01046777 0.49740282 0.03310103 0.0570615
 0.06168779 0.16398188 0.1289782 ] [2.5819009e-03 2.6794111e-03 9.8644757e-01 1.3616714e-03 9.7542239e-04
 1.4313482e-03 6.6554826e-04 2.7653538e-03 1.0917619e-03] [0.0555982  0.3053288  0.22745098 0.03966671 0.03731287 0.05727103
 0.02818027 0.15767637 0.09151476] [9.8937994e-01 2.9025255e-03 1.9166920e-03 8.0046657e-04 8.1789226e-04
 6.4506935e-04 8.4652659e-04 1.2530136e-03 1.4379441e-03] [0.06771936 0.0129088  0.03815647 0.05245045 0.01699831 0.05858387
 0.01953154 0.03170633 0.7019449 ] [0.00968401 0.01162045 0.00554026 0.0565768  0.00736585 0.6227413
 0.06057731 0.03015955 0.19573447] [0.01380607 0.11943974 0.09803839 0.18184882 0.01707659 0.04685757
 0.02086732 0.03915665 0.46290883] [0.01598116 0.05765314 0.02238822 0.01261334 0.0554241  0.01606002
 0.0326047  0.7788446  0.00843076] [0.00768991 0.9378687  0.0313754  0.00686037 0.00213847 0.00397724
 0.00293925 0.003145   0.00400567] [0.01193272 0.01443615 0.01361348 0.10355259 0.0249762  0.6806177
 0.09264386 0.01026845 0.04795889] [2.13211961e-03 2.06789817e-04 5.59474465e-05 1.45123835e-04
 8.29372948e-05 1.11679066e-04 4.75890585e-04 9.96661901e-01
 1.27608291e-04] [0.03325596 0.53169584 0.04253195 0.02224494 0.04591125 0.09005467
 0.02076375 0.14373775 0.06980392] [0.19999084 0.37356192 0.09064934 0.05265566 0.14324717 0.04545011
 0.02297868 0.05539198 0.01607431] [9.8119664e-01 1.0066393e-03 4.4006817e-03 5.9207389e-03 2.0857693e-03
 1.1814079e-03 9.2513720e-04 1.7488941e-03 1.5340741e-03] [0.13846503 0.09261405 0.49739698 0.01407534 0.03818132 0.09337325
 0.01339969 0.10156521 0.01092908] [0.05779614 0.05756181 0.01450788 0.61855334 0.04556022 0.06894291
 0.01383498 0.00888547 0.11435723] [9.8967218e-01 4.1197701e-03 2.2963707e-03 5.0869654e-04 5.6916784e-04
 3.8983778e-04 9.0560154e-04 7.2066573e-04 8.1770995e-04] [0.01424109 0.00971145 0.03129649 0.8661782  0.002607   0.00701793
 0.00160524 0.06421756 0.00312504] [0.00273374 0.00311676 0.00265256 0.02526541 0.00764442 0.00210571
 0.9478216  0.00542676 0.00323304] [0.00587622 0.9513845  0.00457325 0.00177855 0.00534826 0.01143658
 0.00759273 0.00484774 0.00716226] [0.00829594 0.03303584 0.01290004 0.00418979 0.86327004 0.00592934
 0.01777967 0.04821801 0.00638135] [0.01797377 0.00959803 0.00888825 0.02344731 0.01331628 0.02943606
 0.78330904 0.02065436 0.09337682] [6.3624280e-04 1.5904021e-04 2.3575830e-04 8.8044530e-05 9.9816835e-01
 2.3998282e-04 1.6011676e-04 2.1511655e-04 9.7350145e-05] [0.778298   0.02142558 0.0128812  0.12193447 0.00788141 0.01457473
 0.01472906 0.01518252 0.01309299] [0.04005359 0.16928297 0.00642629 0.01773619 0.01230099 0.00918631
 0.01489582 0.67595047 0.05416736] [4.1325943e-04 9.7670243e-04 2.6587947e-04 5.3102849e-03 1.2663213e-03
 6.9351895e-03 9.8047328e-01 8.2461984e-04 3.5344127e-03] [1.6651151e-04 1.6804779e-04 4.5178557e-04 1.2400263e-04 9.9822491e-01
 5.4881745e-04 1.5594246e-04 5.8818758e-05 1.0113747e-04] [0.00330513 0.02091748 0.00581298 0.02431577 0.01296051 0.00375999
 0.9189107  0.00463076 0.00538672] [0.02769182 0.02614798 0.05676859 0.06062983 0.04152687 0.29478008
 0.0486984  0.4184539  0.02530258] [0.11459149 0.01217643 0.7416642  0.0215357  0.00445263 0.07107157
 0.00515611 0.01154032 0.01781155] [1.1973162e-03 8.3436019e-04 1.4096416e-03 1.8601946e-03 6.1166403e-04
 6.4533721e-03 1.6958874e-03 9.7937119e-01 6.5663289e-03] [2.84900569e-04 1.37693330e-03 1.95902103e-04 5.68864518e-04
 6.79715769e-04 6.56641612e-04 9.95350957e-01 7.65861478e-04
 1.20236626e-04] [2.1120044e-03 7.4413130e-03 9.7079223e-01 1.3188249e-03 2.4394135e-03
 8.2148807e-03 6.1861175e-04 6.2831305e-03 7.7959796e-04] [0.01099828 0.00375374 0.00633622 0.03108716 0.01133865 0.03179387
 0.33518165 0.01914921 0.5503612 ] [0.1198782  0.17073217 0.11686388 0.01551728 0.39508432 0.04982885
 0.03445081 0.05347889 0.04416561] [1.1296117e-03 5.7202118e-04 6.1188248e-04 2.3501182e-03 6.8570895e-04
 9.8478264e-01 2.6772367e-03 1.8633495e-03 5.3274524e-03] [0.12398802 0.27610585 0.05420147 0.34750566 0.04175145 0.05704413
 0.03831687 0.0218518  0.03923475] [0.00702876 0.00349216 0.00630478 0.00621103 0.00582502 0.01454424
 0.00776706 0.91771984 0.0311071 ] [0.00668077 0.02905819 0.00814874 0.02527679 0.01672625 0.7905919
 0.07466063 0.01288738 0.03596937] [0.00733762 0.00768333 0.00888944 0.02831775 0.00914423 0.70849204
 0.0990742  0.01535825 0.11570315] [0.00308552 0.00328657 0.00166332 0.00449649 0.00111434 0.00299605
 0.00791062 0.9719738  0.00347331] [0.01389063 0.02337004 0.01097728 0.05194074 0.04001681 0.14520039
 0.18410589 0.03134025 0.49915802] [7.3864503e-04 4.2917507e-04 5.5542355e-04 9.9261326e-04 1.3736786e-03
 1.4815779e-03 9.9138874e-01 1.4390195e-03 1.6011574e-03] [9.2307781e-04 1.3258649e-03 1.4983297e-03 4.3041194e-03 2.8175502e-03
 3.2694056e-03 9.7270870e-01 3.8109387e-03 9.3419589e-03] [9.9225712e-01 7.9708727e-04 1.6476215e-03 6.8090082e-04 9.8039338e-04
 6.6320860e-04 1.0204253e-03 1.0642048e-03 8.8909006e-04] [0.1180126  0.10647427 0.04866803 0.08946741 0.09508421 0.3048539
 0.05666417 0.0438922  0.1368832 ] [1.3723157e-03 8.2589232e-04 9.7352839e-01 1.7570935e-02 1.0598267e-03
 3.8604958e-03 3.8241877e-04 8.3911297e-04 5.6055927e-04] [0.01405956 0.00886777 0.00932575 0.2641276  0.03680128 0.19798882
 0.01966243 0.01740927 0.43175745] [0.00203157 0.00644421 0.00160884 0.810212   0.0048194  0.03245097
 0.05427396 0.01230998 0.07584902] [2.8130622e-04 1.7427947e-04 7.4296893e-04 3.2470262e-04 5.1657105e-04
 4.4449593e-04 2.8908940e-04 9.9693727e-01 2.8927639e-04] [0.17764407 0.17187247 0.37194285 0.0527373  0.03958938 0.07191401
 0.02844149 0.0491772  0.03668126] [0.00151567 0.00319669 0.00222509 0.00237951 0.00949685 0.00406215
 0.00287214 0.96774954 0.00650228] [0.00564471 0.00474447 0.05720372 0.8839094  0.0084932  0.00954231
 0.00623949 0.00758748 0.01663514] [0.00695562 0.02565283 0.01202834 0.85569334 0.01102014 0.02253834
 0.01148651 0.01487346 0.03975147] [1.2054533e-03 3.2510434e-04 7.6742475e-03 3.1389919e-04 9.8904359e-01
 2.9378070e-04 3.2771664e-04 5.3483306e-04 2.8139108e-04] [0.01434758 0.03017462 0.33920804 0.08104728 0.01630898 0.03503371
 0.00651397 0.47101185 0.00635403] [0.02178091 0.23409632 0.09956867 0.01666721 0.07169718 0.06734714
 0.10222597 0.1311785  0.2554381 ] [0.1076188  0.02306392 0.06364025 0.01800403 0.05950298 0.0667666
 0.01244101 0.6357583  0.01320413] [0.03334917 0.03477952 0.04628228 0.0367564  0.07482883 0.50202036
 0.07442786 0.10269939 0.09485617] [9.9476320e-01 4.5987859e-04 7.7677116e-04 2.2863354e-04 1.4184345e-03
 4.4773842e-04 1.2139713e-03 5.5242033e-04 1.3896132e-04] [2.7878131e-04 3.0854155e-04 2.1674478e-04 2.2247249e-04 9.9786264e-01
 2.9157382e-04 1.3459093e-04 2.4569864e-04 4.3901391e-04] [0.01791913 0.05142009 0.04651984 0.07667541 0.03940384 0.0418413
 0.0239754  0.42615542 0.27608952] [0.01710983 0.05450567 0.00755911 0.08479584 0.594121   0.03742596
 0.07044246 0.04927346 0.08476665] [0.00526688 0.00792755 0.01513168 0.05179504 0.00658271 0.57469887
 0.32197818 0.00719671 0.00942239] [0.7075214  0.00760063 0.00833656 0.01001492 0.02623728 0.00483924
 0.21474485 0.01394889 0.00675622] [0.01783586 0.00252192 0.00189196 0.00552296 0.0046177  0.00436091
 0.9597306  0.00245768 0.00106044] [0.02931936 0.07882998 0.61265624 0.04186219 0.10631464 0.06844079
 0.01954317 0.01729108 0.02574252] [1.6818610e-03 9.3994680e-04 1.9986827e-03 4.4841091e-03 5.2795121e-03
 2.0420928e-02 9.5206851e-01 2.9498038e-03 1.0176623e-02] [0.08717778 0.01952301 0.05136639 0.00955167 0.0050345  0.00519535
 0.00492177 0.7993016  0.01792788] [3.7644801e-04 1.6871879e-04 4.0316823e-04 9.9508989e-01 3.9004011e-04
 6.5830816e-04 9.5921493e-04 3.0310414e-04 1.6510769e-03] [0.00248003 0.02407688 0.9555074  0.0040314  0.00178244 0.00180257
 0.00448502 0.0043134  0.00152079] [0.862623   0.0062494  0.03932773 0.04875155 0.0130795  0.00868936
 0.01114414 0.00530594 0.00482942] [0.00502385 0.94611174 0.01219746 0.00280328 0.00218685 0.01321676
 0.00434634 0.00150319 0.01261058] [6.2216452e-04 4.9901346e-04 3.8286913e-03 1.3503837e-04 9.9329019e-01
 4.3236595e-04 5.3901778e-04 4.5207026e-04 2.0140586e-04] [0.09332917 0.14340079 0.20210108 0.03628724 0.07606084 0.11865967
 0.15763399 0.06794029 0.10458694] [3.1880802e-04 9.9351548e-04 1.1043366e-04 1.3577894e-03 7.4422645e-04
 2.4808685e-03 9.8858517e-01 4.6115971e-04 4.9479562e-03] [9.9284655e-01 1.2376501e-03 8.0146350e-04 8.0084038e-04 1.1903158e-03
 7.1411283e-04 9.1679831e-04 1.0421163e-03 4.5019083e-04]",1 3 5 5 7 4 5 5 3 1 0 3 8 4 8 4 3 5 8 1 0 1 6 0 3 4 1 1 5 7 2 8 8 3 7 4 6 3 4 1 2 0 1 3 0 8 3 8 4 4 6 2 2 2 1 4 3 4 0 5 0 8 2 2 5 7 0 1 8 6 3 6 3 6 4 7 2 7 1 0 4 6 2 1 2 1 1 5 6 8 7 5 0 7 8 7 2 0 6 4 8 6 3 3 4 7 8 6 5 3 2 2 2 0 2 7 0 5 3 2 8 4 5 8 1 8 1 3 2 5 8 5 6 4 0 8 3 1 1 3 2 1 0 8 5 8 7 1 5 7 1 1 0 2 3 0 3 6 1 4 6 4 0 7 6 4 6 7 2 7 6 2 6 4 5 8 7 5 5 7 8 6 6 0 0 2 8 5 7 0 7 3 3 4 7 5 7 5 0 4 8 4 5 6 6 2 6 7 3 2 0 1 4 7 6 0
1468,0,xgboost,0.5,20000,20000,0.8009259259259259,0.974344135802469,"[3.3937788e-04 4.8754201e-04 1.8521806e-04 7.3403982e-04 2.2758692e-04
 9.9476397e-01 5.1921618e-04 1.3696619e-03 1.3734086e-03] [0.1095563  0.44443682 0.06003077 0.06585823 0.10216253 0.1150112
 0.03215738 0.04291588 0.02787088] [5.8494322e-04 2.4323490e-04 1.1081160e-03 9.8716718e-01 9.5752766e-04
 3.2082200e-03 4.6310741e-03 1.5611748e-03 5.3849682e-04] [0.01005917 0.39276403 0.5076013  0.01954949 0.02484268 0.00387064
 0.01218578 0.01340077 0.01572611] [1.0218982e-03 1.6425388e-03 1.8200990e-03 5.6156475e-04 2.9500062e-03
 6.3065003e-04 9.8657703e-01 6.7943672e-04 4.1167205e-03] [0.0043602  0.01256538 0.96223545 0.00881413 0.00388666 0.00224639
 0.00188208 0.00124608 0.00276359] [0.03863326 0.05064737 0.00842425 0.01736966 0.01180659 0.00584793
 0.060568   0.04721494 0.759488  ] [0.00397658 0.882703   0.06981081 0.0048716  0.01095322 0.00387004
 0.00704778 0.01003659 0.00673039] [0.01269619 0.01900125 0.02079576 0.02428336 0.0115298  0.01894712
 0.00984525 0.86359936 0.01930183] [0.00536393 0.00708749 0.00549327 0.00658767 0.9617226  0.00301519
 0.00394921 0.00223869 0.00454194] [2.7525364e-04 3.2404362e-04 4.8877264e-04 1.0363720e-03 9.9636853e-01
 2.7325278e-04 3.9439151e-04 7.2837953e-04 1.1105428e-04] [0.03469145 0.01684854 0.07263006 0.29522592 0.2203695  0.18129887
 0.03114667 0.09913556 0.0486534 ] [0.3013248  0.11011154 0.18706967 0.03141951 0.0190109  0.06534452
 0.1523713  0.09224164 0.04110607] [0.04176129 0.04741124 0.03249911 0.01285589 0.02566617 0.0189504
 0.0183708  0.04462415 0.757861  ] [0.93670005 0.00863037 0.00620537 0.00389126 0.00647776 0.01287926
 0.00702068 0.00852382 0.00967143] [0.0968335  0.02183414 0.02425138 0.1150974  0.10019779 0.14251982
 0.127193   0.02173559 0.3503374 ] [0.00563754 0.00302498 0.00286922 0.8506496  0.05794279 0.04247146
 0.01097014 0.01682248 0.00961182] [0.69262993 0.09361398 0.0291293  0.08756338 0.01115928 0.01894009
 0.02899199 0.01635094 0.02162111] [1.2795498e-03 1.1900567e-03 2.0497998e-03 8.8892161e-04 3.9492599e-03
 2.7005915e-03 1.4091415e-03 9.8512262e-01 1.4100811e-03] [0.0305703  0.03184618 0.01955853 0.01800053 0.02029201 0.02935995
 0.14357056 0.68855643 0.01824554] [0.00710274 0.90653276 0.04303731 0.00417656 0.00793398 0.00226064
 0.00620361 0.0034991  0.01925337] [0.00604826 0.9486345  0.00849548 0.01284298 0.0048624  0.00541015
 0.00880012 0.00280646 0.0020996 ] [3.3487324e-04 3.2832296e-04 4.2923473e-04 1.0080492e-03 2.4992359e-04
 8.6929911e-04 9.9567789e-01 6.5482233e-04 4.4759994e-04] [0.09403822 0.0743958  0.06837779 0.09032061 0.03055096 0.06042688
 0.24636595 0.06218635 0.27333745] [9.7706920e-01 7.7836406e-03 3.6527524e-03 2.0095774e-03 1.4561550e-03
 1.9967377e-03 1.4615211e-03 6.1092508e-04 3.9595137e-03] [0.00956949 0.00384752 0.00288335 0.01036246 0.88338846 0.01920605
 0.01878996 0.0267333  0.02521945] [0.02271471 0.00244901 0.9432899  0.0069248  0.00174915 0.00189262
 0.00273274 0.0115861  0.00666094] [6.0844497e-04 1.0554108e-03 4.4935211e-04 4.1627378e-04 9.9626464e-01
 4.0458026e-04 2.6922600e-04 1.9134619e-04 3.4076016e-04] [0.04926158 0.01283863 0.02534356 0.49840835 0.04103256 0.03100722
 0.10483263 0.1625082  0.07476728] [0.18768643 0.3069389  0.07147944 0.08245672 0.04904303 0.16871978
 0.06647474 0.03158358 0.03561739] [5.8727764e-04 4.8044970e-04 1.8578023e-04 2.4461537e-03 8.3480199e-04
 4.5627702e-04 9.2616346e-04 9.9347723e-01 6.0581864e-04] [0.00310638 0.01938801 0.00296053 0.02936517 0.00509004 0.04128478
 0.01019075 0.00581757 0.8827968 ] [0.03541042 0.04032777 0.04340281 0.04457117 0.45625407 0.10701774
 0.12014209 0.05681141 0.09606248] [0.17848448 0.02356769 0.0222942  0.00710383 0.0171262  0.0083511
 0.02067233 0.06817772 0.6542225 ] [0.9845776  0.00145036 0.001734   0.00156306 0.00306935 0.00166502
 0.00106677 0.0016571  0.00321674] [0.02197454 0.01620138 0.02449664 0.17190002 0.10695526 0.15813527
 0.11491212 0.09376848 0.2916563 ] [0.02003106 0.01501427 0.02145024 0.71121854 0.03528451 0.05393567
 0.06643022 0.01634448 0.060291  ] [9.8514277e-01 6.3456275e-04 4.3560467e-03 1.0357430e-03 1.3659103e-03
 7.4680831e-04 2.7140479e-03 3.0748681e-03 9.2918571e-04] [0.01183655 0.17133023 0.4357072  0.20777194 0.07492969 0.03250733
 0.00855644 0.00823653 0.0491241 ] [1.7902015e-03 6.9763558e-04 4.4415160e-03 9.8366952e-01 5.7482527e-04
 1.0953546e-03 1.5137034e-03 3.2023240e-03 3.0148749e-03] [7.32458429e-04 2.50886136e-04 1.20984514e-04 3.18391551e-03
 2.60762667e-04 2.66463961e-03 1.02702959e-03 1.70139107e-03
 9.90057886e-01] [0.00330526 0.00187769 0.00626686 0.00491719 0.00364291 0.00624337
 0.02594124 0.8009321  0.1468734 ] [0.00257888 0.00849726 0.93438107 0.03090763 0.00275754 0.00380176
 0.00378442 0.00718371 0.0061077 ] [0.02835805 0.00298089 0.00704459 0.00257569 0.9435646  0.00632794
 0.00292653 0.00415765 0.00206406] [0.01464203 0.951565   0.00761557 0.00206946 0.00264708 0.00188503
 0.00186895 0.00805252 0.0096543 ] [0.07458182 0.01043491 0.00668431 0.00675339 0.01062396 0.06513894
 0.7872077  0.00706992 0.03150502] [0.00750324 0.00517709 0.00301097 0.0326239  0.01197041 0.16721849
 0.01537777 0.09047748 0.66664064] [9.8932123e-01 1.0125635e-03 1.5212269e-03 1.0620736e-03 5.9647713e-04
 1.1021985e-03 7.0397562e-04 1.2162899e-03 3.4640206e-03] [0.0043628  0.97823936 0.00543866 0.00221375 0.0017347  0.00151568
 0.00367472 0.00146006 0.00136023] [9.6094486e-04 1.4746948e-03 1.0823334e-03 6.7441519e-03 1.1328595e-03
 9.6389806e-01 4.4136127e-03 3.6529137e-03 1.6640471e-02] [0.01065254 0.03137214 0.01433219 0.08102428 0.132716   0.193949
 0.04094924 0.20596525 0.28903937] [2.3137691e-04 7.5138945e-05 9.9827564e-01 7.8817474e-04 6.6776949e-05
 8.1339538e-05 1.6950916e-04 1.3438852e-04 1.7769322e-04] [0.03333238 0.621916   0.04251024 0.00946236 0.16724874 0.03501878
 0.04192659 0.01901779 0.02956714] [0.0310918  0.19559401 0.02480217 0.04659505 0.01936875 0.1558992
 0.02521904 0.19401573 0.30741423] [0.00188545 0.00419729 0.03204959 0.00743122 0.9090919  0.0276562
 0.00283399 0.01018256 0.00467187] [0.01730156 0.0155704  0.01062472 0.45497248 0.03397785 0.07237868
 0.01796698 0.27545515 0.10175214] [0.01367956 0.00538637 0.00564547 0.83567256 0.01356477 0.02637142
 0.01974903 0.04864299 0.0312878 ] [8.7211799e-04 4.5443936e-03 9.9237061e-01 4.5066560e-04 4.5107427e-04
 2.2251258e-04 3.6059157e-04 5.5005681e-04 1.7796032e-04] [0.01534516 0.04104362 0.01453814 0.01155586 0.07894327 0.6129418
 0.03250447 0.0160774  0.17705028] [0.49499506 0.07410283 0.03399934 0.06167799 0.03516448 0.11301703
 0.01312025 0.10717577 0.06674726] [0.09284101 0.10456274 0.06521486 0.0579873  0.09035145 0.06320558
 0.4464766  0.04762133 0.03173917] [0.02733966 0.07905976 0.05678023 0.0474128  0.3787751  0.0157927
 0.02174491 0.32562625 0.0474686 ] [1.2168570e-03 5.8006897e-04 6.3981256e-04 1.7132299e-03 6.3952123e-04
 3.8042557e-04 2.4245217e-04 9.9434161e-01 2.4602396e-04] [6.9095432e-03 2.6746301e-03 5.7630014e-04 5.3414534e-04 5.9259695e-04
 1.1632660e-03 9.8597902e-01 5.7871052e-04 9.9178776e-04] [0.02921842 0.01928199 0.85992974 0.03690929 0.00415461 0.00990717
 0.00367017 0.02448845 0.0124401 ] [2.4311731e-03 9.8608220e-01 2.1780115e-03 7.9992443e-04 4.7590569e-04
 2.1900453e-03 1.8553413e-03 9.3740574e-04 3.0500593e-03] [0.09859213 0.55732846 0.11839615 0.01485814 0.02967994 0.0306526
 0.03785515 0.03061576 0.08202163] [0.02383075 0.02021851 0.01572116 0.06916745 0.04256039 0.06259964
 0.03309353 0.33527884 0.39752978] [0.02644143 0.03426708 0.02693839 0.03929384 0.03852011 0.04422737
 0.0416978  0.6683031  0.08031093] [0.19085945 0.15529715 0.12350778 0.14682122 0.07538936 0.08197041
 0.0602526  0.08020549 0.08569659] [0.0342948  0.04090662 0.721532   0.05880328 0.03675688 0.07086395
 0.01082807 0.0189238  0.0070906 ] [0.01093671 0.00863558 0.01260896 0.24089548 0.0208068  0.5414949
 0.05554816 0.04893884 0.06013461] [0.82788146 0.03190986 0.02088954 0.01087073 0.02249204 0.03577362
 0.02528435 0.01672155 0.00817691] [0.07959986 0.08252974 0.12417695 0.05602229 0.3307116  0.07623983
 0.05570211 0.13971066 0.05530701] [0.06466345 0.20536815 0.36496705 0.0908066  0.04941639 0.0492839
 0.04822053 0.04373857 0.08353534] [0.00235896 0.01722283 0.03314893 0.00621397 0.01388138 0.00536201
 0.9141927  0.00347236 0.0041469 ] [0.00694431 0.00820033 0.00765076 0.03186209 0.00586395 0.02530923
 0.03360002 0.8386073  0.04196205] [0.0198928  0.02180334 0.04006701 0.08154675 0.04381095 0.03575848
 0.6481099  0.02347964 0.08553112] [0.0147246  0.09352998 0.72862554 0.0785059  0.01331025 0.01301846
 0.0230599  0.02466628 0.01055908] [0.00961382 0.05187596 0.00484934 0.01681396 0.0072182  0.00659415
 0.02383035 0.8647585  0.01444567] [0.00448282 0.0022415  0.00219644 0.02081548 0.00139593 0.01145739
 0.04258564 0.01296733 0.90185744] [0.02305628 0.04366153 0.00535437 0.0314597  0.01624641 0.599264
 0.19432075 0.04689744 0.03973949] [9.9603683e-01 5.0321460e-04 3.2229791e-04 2.7206805e-04 3.8604517e-04
 6.7015027e-04 4.6829489e-04 1.0268564e-03 3.1427093e-04] [9.4167155e-04 2.0572548e-03 1.0613155e-03 5.9715686e-03 1.2996226e-03
 1.5892617e-02 9.6908444e-01 1.4500578e-03 2.2414781e-03] [0.07739352 0.22936635 0.21008587 0.06986155 0.03634551 0.05168487
 0.02842547 0.13473396 0.16210288] [0.52503234 0.01507983 0.06224114 0.06053207 0.03307932 0.15319279
 0.02337014 0.09930406 0.02816834] [0.00191605 0.01048409 0.00201282 0.96219265 0.00315975 0.01095727
 0.00129112 0.00105154 0.00693469] [0.00572862 0.01829868 0.0125946  0.8912159  0.00601703 0.02691756
 0.02638105 0.00704455 0.00580199] [0.0258545  0.00182376 0.00258829 0.02641272 0.8963556  0.01652226
 0.01212503 0.01216486 0.00615292] [4.5034685e-04 1.6844347e-03 1.3448285e-03 4.6687576e-04 9.9061209e-01
 1.1708590e-03 9.9997560e-04 1.1987737e-03 2.0718651e-03] [0.01988413 0.62814444 0.08433919 0.02391133 0.03656602 0.12161405
 0.03136493 0.03802802 0.01614786] [0.00475301 0.01764196 0.00903507 0.01318452 0.0068533  0.00661154
 0.9257132  0.00424437 0.01196307] [0.02260478 0.70687324 0.0407155  0.01313142 0.02534476 0.06311147
 0.00853981 0.09500224 0.02467679] [0.03749395 0.09630513 0.16023812 0.21560682 0.01708087 0.02500017
 0.11078031 0.3191374  0.01835721] [0.02397631 0.04812817 0.03055236 0.00559935 0.01200672 0.7729858
 0.01293414 0.00836886 0.08544835] [0.04531486 0.03770096 0.0540296  0.14322253 0.18683337 0.03337243
 0.09992025 0.37884486 0.02076115] [0.00822904 0.00459574 0.00317387 0.00598705 0.00336224 0.04668949
 0.88500524 0.01420995 0.02874741] [9.9281925e-01 8.2239305e-04 7.2624529e-04 3.0307661e-04 6.0472009e-04
 7.9415570e-04 1.4516113e-03 2.0904290e-03 3.8811730e-04] [7.6115446e-04 5.0464855e-03 2.3300610e-03 1.8031161e-03 9.8294961e-01
 1.3275084e-03 9.1911695e-04 4.1577043e-03 7.0525234e-04] [0.0934199  0.03711698 0.0409302  0.23355238 0.04376139 0.08730043
 0.09473887 0.05324913 0.31593072] [0.09074903 0.0167509  0.00636524 0.06208761 0.01056558 0.12299069
 0.0199502  0.01785181 0.652689  ] [0.00120734 0.00568737 0.00237015 0.0035193  0.00109466 0.98054445
 0.00193697 0.00136186 0.00227793] [9.8976362e-01 1.0110531e-03 4.8635932e-04 5.6532363e-04 1.9110851e-03
 1.4898301e-03 8.4186322e-04 1.0652677e-03 2.8655482e-03] [0.02329969 0.03010691 0.09618285 0.63228726 0.05185075 0.01430201
 0.01730606 0.10848058 0.02618391] [0.00253304 0.00277323 0.0030402  0.00555796 0.00206071 0.01671033
 0.94472295 0.01072065 0.01188087] [0.153942   0.11723995 0.22633043 0.04209283 0.06466678 0.06488948
 0.06371386 0.07657564 0.19054903] [0.01998704 0.02331453 0.00805221 0.03801874 0.01003956 0.03234793
 0.7318953  0.07828299 0.05806169] [0.9794997  0.00184515 0.00383118 0.00111399 0.00165303 0.00232554
 0.00212012 0.00567993 0.00193131] [1.2388655e-03 5.5071646e-03 5.3117317e-03 7.5140456e-04 1.5505119e-03
 9.8068112e-01 7.9751614e-04 2.0317365e-03 2.1299452e-03] [0.1249169  0.01874884 0.03164368 0.489072   0.06400099 0.05342636
 0.10661755 0.07354189 0.0380318 ] [0.10208869 0.0554391  0.56980467 0.13451342 0.02872759 0.05459169
 0.02272595 0.02112602 0.01098286] [0.00192595 0.00303493 0.00276425 0.0748788  0.00664482 0.00267014
 0.8925333  0.00472475 0.01082306] [0.00804346 0.02608919 0.02390195 0.01436653 0.15186763 0.06098378
 0.01345203 0.0366229  0.66467255] [0.42800963 0.08403228 0.06945066 0.03961086 0.06332164 0.10847934
 0.04573509 0.05448645 0.10687407] [8.2244193e-03 6.4046611e-04 5.7047250e-04 2.4648819e-03 6.7469332e-04
 1.6840828e-03 1.7244219e-03 3.4948213e-03 9.8052180e-01] [0.01656784 0.03696037 0.01762472 0.05790207 0.01986738 0.3094757
 0.33793694 0.02763656 0.17602846] [1.1059695e-03 9.9902158e-04 8.1460545e-04 1.0416434e-03 6.4232631e-04
 7.0976280e-03 9.8301333e-01 1.1450340e-03 4.1404758e-03] [0.0028713  0.9521205  0.00791152 0.00252893 0.00147377 0.00241258
 0.0095118  0.00163903 0.01953061] [0.0147475  0.05637858 0.01772202 0.838299   0.01296592 0.02337243
 0.00404455 0.01551259 0.01695744] [0.01009357 0.01334964 0.01776459 0.02842051 0.13232699 0.12938364
 0.0128115  0.15500246 0.5008471 ] [0.03631603 0.2030538  0.20188853 0.02245134 0.04455807 0.03473669
 0.35936883 0.06070812 0.03691855] [0.01106872 0.06098026 0.01620638 0.15383472 0.01860513 0.5645472
 0.04705548 0.02905399 0.09864815] [0.00451147 0.01606739 0.02472194 0.01851474 0.02343632 0.02417019
 0.75623924 0.01701637 0.11532237] [0.03259504 0.14207895 0.04655679 0.20104165 0.03153958 0.15674788
 0.14416783 0.06387985 0.18139237] [0.07619223 0.01286115 0.13282226 0.62630683 0.01727318 0.03450488
 0.03286748 0.02689214 0.04027984] [1.5000670e-03 7.3817367e-04 9.5930982e-01 3.5773672e-02 4.4243035e-04
 5.3150754e-04 9.8968646e-04 3.4087602e-04 3.7376260e-04] [0.10261082 0.05860034 0.15778632 0.03473913 0.21954209 0.18468954
 0.14774261 0.03603059 0.05825858] [0.06926856 0.45140582 0.05569928 0.02453609 0.08132617 0.03899912
 0.048173   0.10705056 0.12354139] [0.04298569 0.10918157 0.12317107 0.45065802 0.02903607 0.02963325
 0.03962862 0.06158774 0.11411794] [0.19101939 0.64079946 0.02385301 0.03243237 0.01453578 0.02188551
 0.01931702 0.02944494 0.02671248] [2.8224054e-04 1.6437679e-03 5.3051685e-04 3.3467737e-04 2.0931233e-04
 9.9553490e-01 6.6909206e-04 3.4089232e-04 4.5463318e-04] [0.00711964 0.01452404 0.01000502 0.40932268 0.02622845 0.35039875
 0.02958198 0.0684413  0.08437818] [0.0267182  0.02572038 0.0189446  0.31163996 0.13255501 0.2645466
 0.03175014 0.15628465 0.03184047] [0.05761861 0.02236462 0.01972781 0.06206129 0.05899844 0.12953462
 0.04570375 0.0464711  0.5575198 ] [0.0208845  0.01454414 0.01463239 0.5186664  0.02551357 0.10395159
 0.04655853 0.08223465 0.17301428] [2.9848175e-04 5.7508901e-04 9.9203765e-01 3.5038230e-03 6.6310109e-04
 7.0544047e-04 3.5837627e-04 1.7020697e-03 1.5592243e-04] [0.02724639 0.15440841 0.04363995 0.06274749 0.0463158  0.09336221
 0.23995508 0.11023081 0.2220938 ] [1.8295971e-03 6.7868731e-03 2.7104886e-03 3.5827050e-03 9.7654903e-01
 1.6041816e-03 1.7499352e-03 4.3572173e-03 8.2992885e-04] [0.01042223 0.91083914 0.01334754 0.0074072  0.00406554 0.01729863
 0.01609347 0.01050832 0.01001795] [0.03522927 0.08300443 0.04492813 0.30975235 0.06350113 0.06063236
 0.23926046 0.10945457 0.05423729] [0.01800659 0.04788716 0.26808783 0.36062023 0.03869706 0.12808123
 0.02329168 0.0196161  0.09571207] [0.01042833 0.01550774 0.07680219 0.20490195 0.1114087  0.51643187
 0.03179297 0.00923323 0.02349304] [0.02149955 0.90441704 0.00703723 0.00274991 0.009679   0.00945983
 0.00292838 0.03583568 0.00639344] [0.02504581 0.02229046 0.06264224 0.6964727  0.01741734 0.01297156
 0.11631639 0.01262851 0.03421493] [0.04735946 0.02424129 0.01198078 0.26941046 0.08697051 0.10296032
 0.16908431 0.02715049 0.26084235] [0.0272347  0.13779595 0.02784643 0.19610181 0.04240233 0.19477388
 0.04513529 0.04136176 0.28734782] [0.00313302 0.00362215 0.14603367 0.7850703  0.03411369 0.00657638
 0.00943465 0.00287582 0.00914035] [1.4203497e-03 4.4098701e-03 8.3021428e-03 4.0190900e-03 9.7675920e-01
 1.7297987e-03 9.7650156e-04 7.8075024e-04 1.6023002e-03] [7.0983020e-04 3.2445684e-03 1.3494014e-03 1.0971299e-03 5.9149833e-04
 6.3939509e-04 4.3181935e-04 9.8967206e-01 2.2642845e-03] [0.03634633 0.03464697 0.5253054  0.32147574 0.01326257 0.02156606
 0.00312097 0.00668132 0.03759465] [0.02163082 0.02094721 0.03229947 0.04368134 0.01372674 0.1316765
 0.64262336 0.04665158 0.04676302] [0.02099276 0.06876254 0.5688412  0.245961   0.038297   0.01049955
 0.01116143 0.0080446  0.02743992] [6.2749896e-04 7.9933432e-04 1.8797881e-03 3.4896978e-03 1.4552095e-03
 1.2722521e-02 2.0484182e-03 9.6247947e-01 1.4498038e-02] [0.25585678 0.4959732  0.07528038 0.02147988 0.00970529 0.012281
 0.02345004 0.02998606 0.07598741] [0.01061551 0.91389525 0.01237901 0.00363529 0.00644611 0.02408439
 0.00385359 0.0177523  0.00733852] [0.2289524  0.08166455 0.02278034 0.12804428 0.13897927 0.07079306
 0.08849996 0.0543533  0.18593282] [0.0770653  0.02250312 0.01149322 0.0310548  0.01164837 0.6210621
 0.04726898 0.02419485 0.15370926] [0.05676425 0.00754558 0.02685325 0.0159743  0.01080516 0.853969
 0.0054046  0.01246042 0.01022343] [0.03000318 0.12648499 0.12359401 0.1402893  0.05911702 0.03792076
 0.02713543 0.03812698 0.41732836] [0.04086974 0.35441938 0.12998271 0.07245958 0.07114053 0.10608542
 0.0607899  0.14953254 0.01472016] [0.04037109 0.3951024  0.2805612  0.05030446 0.05372645 0.04251032
 0.05741789 0.05479838 0.0252078 ] [2.8046244e-03 1.1630257e-02 4.7515789e-03 9.5452811e-04 4.8211385e-03
 9.1633771e-04 1.5065524e-03 9.6659708e-01 6.0178596e-03] [0.02026183 0.00971566 0.03600483 0.6330492  0.03108839 0.15769003
 0.02017815 0.02968177 0.06233012] [0.09616767 0.00407734 0.00520757 0.27670544 0.01009982 0.40488875
 0.00980271 0.04153433 0.15151638] [9.9731272e-01 7.7269942e-04 5.2614661e-04 2.0450240e-04 1.9025234e-04
 2.9770564e-04 2.1936203e-04 2.1603095e-04 2.6049587e-04] [0.00988506 0.93186015 0.01212283 0.00478401 0.00356601 0.00262181
 0.01662344 0.00976778 0.00876892] [1.5221451e-03 1.5455515e-03 1.8898156e-03 5.1302020e-04 9.9013406e-01
 8.6184742e-04 1.0234828e-03 1.2723949e-03 1.2377207e-03] [0.01542201 0.01246473 0.00794271 0.40001634 0.02041077 0.2220946
 0.0546261  0.10606176 0.160961  ] [0.01686528 0.0220615  0.0158984  0.1816221  0.02223442 0.20630367
 0.02679201 0.0292812  0.4789414 ] [0.305779   0.05247863 0.05978124 0.05414298 0.21828021 0.09822995
 0.08058339 0.09359322 0.03713136] [1.2787653e-03 3.3340073e-04 7.7068800e-04 9.3627471e-04 9.8159071e-04
 5.1591033e-04 5.4567779e-04 9.9425745e-01 3.8022982e-04] [0.02961931 0.00587905 0.00295208 0.00495437 0.0122559  0.01956907
 0.00650896 0.00906947 0.9091918 ] [0.05264069 0.01511281 0.08095156 0.18666014 0.04927464 0.05413412
 0.05836669 0.1471703  0.35568908] [0.00561115 0.00222429 0.00637555 0.00187944 0.94772995 0.00238047
 0.02228608 0.00866258 0.0028505 ] [0.28073364 0.03283361 0.05937363 0.01570295 0.01544182 0.03796559
 0.0130464  0.46677324 0.07812913] [0.00380716 0.00564291 0.00201345 0.00736354 0.00343675 0.01345869
 0.95273685 0.00457942 0.00696123] [0.02686275 0.0102586  0.01762485 0.80248916 0.01504358 0.05265908
 0.01768935 0.03717617 0.02019642] [0.40578562 0.14096813 0.06658462 0.03230797 0.03142772 0.11637809
 0.0744378  0.0330165  0.09909356] [0.19485462 0.03695769 0.10316138 0.01135792 0.53187764 0.05891221
 0.02453599 0.01336247 0.02498012] [0.01761178 0.02497597 0.04144678 0.00881066 0.07721215 0.01696562
 0.782984   0.02235761 0.00763538] [0.00556642 0.02145215 0.01131162 0.7115441  0.00708235 0.07369146
 0.02837502 0.01684916 0.12412775] [0.01039874 0.01588285 0.0218116  0.05190894 0.01822785 0.74814796
 0.0477091  0.04065681 0.04525615] [0.0082105  0.00380118 0.00490745 0.01047865 0.00823868 0.59367585
 0.3314456  0.01184252 0.02739953] [0.96829    0.00516196 0.00687285 0.00164925 0.00278964 0.00193074
 0.00411288 0.00663461 0.0025581 ] [0.0157611  0.02638633 0.04370141 0.06654631 0.02069815 0.07570176
 0.60758996 0.12329237 0.02032266] [0.80074114 0.00495285 0.0025986  0.01606265 0.01524777 0.00823102
 0.01217548 0.08716224 0.0528282 ] [0.03611565 0.08971149 0.79924405 0.02213185 0.01230943 0.00454033
 0.00544592 0.01530124 0.01520009] [0.0289653  0.057538   0.04325309 0.19938044 0.01515318 0.25559002
 0.15676104 0.06654493 0.17681397] [0.00730166 0.84159005 0.02459358 0.01102088 0.01491234 0.03695569
 0.02137113 0.00712358 0.03513102] [0.00463678 0.00936501 0.0250697  0.00526664 0.9214996  0.00683684
 0.00329973 0.00454324 0.01948243] [9.2493901e-05 6.4819360e-05 2.3679476e-04 9.9659109e-01 1.2673356e-04
 4.6422644e-04 7.6402683e-04 2.1542689e-04 1.4443906e-03] [0.02056735 0.35575527 0.14086829 0.13610493 0.14705867 0.05551346
 0.06756924 0.03169201 0.04487078] [0.05340668 0.04591623 0.02543262 0.11415069 0.09527712 0.17219062
 0.08650031 0.10342254 0.3037032 ] [0.10257418 0.01020986 0.06833915 0.02526065 0.00727074 0.11476611
 0.00623844 0.65771794 0.00762291] [0.03944604 0.02813052 0.01643505 0.00833168 0.12570602 0.0143404
 0.0691223  0.5800635  0.11842452] [0.0038039  0.00524653 0.9444375  0.00283476 0.00504017 0.00618715
 0.01652421 0.00468555 0.01124023] [0.10320231 0.02124707 0.03329691 0.5196156  0.03267929 0.05706403
 0.08663738 0.02994612 0.11631126] [0.02208021 0.19032633 0.05702946 0.6303938  0.0101706  0.01904593
 0.0097273  0.0262111  0.0350153 ] [0.01527865 0.02054235 0.0328916  0.00513803 0.88216496 0.01038563
 0.01787027 0.00622013 0.00950838] [0.03856013 0.05617718 0.1527681  0.14202833 0.13689312 0.01322349
 0.10353111 0.20463891 0.15217961] [0.03060559 0.06150439 0.08050241 0.1477239  0.01776097 0.04288545
 0.061795   0.32059523 0.23662704] [0.03057417 0.01195729 0.0107439  0.07648151 0.01960869 0.60138154
 0.01180277 0.03049426 0.20695585] [0.05217888 0.05045227 0.04039061 0.0638745  0.03943363 0.2937181
 0.0787936  0.07184228 0.30931613] [0.03211885 0.04089072 0.09154371 0.16463992 0.03183699 0.08122386
 0.41978183 0.10468303 0.03328106] [0.10171778 0.10602662 0.10174482 0.04533375 0.12312087 0.25821748
 0.1037612  0.0869011  0.07317635] [0.7907098  0.01794955 0.0159936  0.00903762 0.00936153 0.05050365
 0.04546733 0.01847556 0.04250136] [6.8986387e-04 2.1833368e-04 2.3528474e-04 1.3699839e-03 2.5634523e-04
 6.0339080e-04 1.8404801e-04 9.9610919e-01 3.3355117e-04] [0.03990597 0.75188863 0.01085108 0.00571167 0.01008137 0.02225554
 0.0174389  0.05217233 0.08969451] [0.00822951 0.00188696 0.97753614 0.00289242 0.0017105  0.0016573
 0.00129805 0.00342565 0.00136346] [0.07903647 0.07069439 0.06761377 0.02464711 0.63982165 0.05043356
 0.0265766  0.02914435 0.01203209] [0.00159873 0.01088533 0.9248158  0.02568472 0.00234896 0.02028051
 0.00257941 0.00763472 0.00417186] [0.00552071 0.00954525 0.00696765 0.7780295  0.0646749  0.0849064
 0.0087385  0.01017486 0.03144223] [9.2233688e-04 2.9911986e-04 1.9936435e-04 2.1680666e-04 1.4987196e-04
 5.2114349e-04 9.9724740e-01 2.7797217e-04 1.6596657e-04] [0.07597046 0.0566733  0.1057704  0.23540176 0.0350665  0.10418759
 0.22669312 0.03500032 0.1252365 ] [0.1526959  0.05311801 0.1733227  0.05803595 0.05831852 0.06522229
 0.22864352 0.17148559 0.03915752] [1.6005947e-04 1.7774508e-04 4.8539706e-04 8.9204049e-04 9.9520916e-01
 1.2287739e-03 8.3534786e-04 6.5782224e-04 3.5367883e-04]",5 0 3 2 6 2 8 1 7 4 4 3 0 8 0 5 3 0 7 7 1 1 6 8 0 4 2 4 7 1 7 8 4 8 0 3 3 0 2 3 8 7 2 4 1 6 7 0 1 5 8 2 1 8 4 7 3 2 5 0 5 4 7 6 2 1 1 5 7 1 2 5 0 4 2 6 7 8 2 7 8 5 0 6 1 0 3 3 4 4 1 6 5 7 5 7 6 0 4 0 5 5 0 2 6 0 6 0 5 3 2 6 8 0 8 5 6 1 3 8 7 6 6 6 2 2 6 1 2 1 5 3 4 8 3 2 3 4 1 3 2 5 1 3 8 5 3 4 7 3 6 2 7 1 1 8 5 5 8 5 1 7 3 8 0 1 4 7 8 4 7 8 8 4 7 6 3 0 4 6 3 4 6 0 6 0 2 5 1 4 3 1 5 7 7 2 5 2 4 3 8 8 8 6 5 0 7 1 2 4 2 3 6 6 0 4
1468,1,xgboost,0.5,20000,20000,0.8148148148148148,0.9804205246913581,"[0.72591233 0.01674565 0.00734534 0.0270715  0.07906362 0.05720681
 0.03997657 0.02786989 0.01880827] [0.00520556 0.00396182 0.00521234 0.00662725 0.96531194 0.00235321
 0.00596638 0.00240439 0.00295716] [0.91054004 0.00941227 0.01319683 0.02768319 0.01994686 0.00553529
 0.00458106 0.00455372 0.00455076] [2.8461654e-04 3.3567956e-04 4.8043317e-04 1.6630534e-04 9.9735701e-01
 1.6675750e-04 6.9695862e-04 2.9224038e-04 2.2005377e-04] [0.15037805 0.15419024 0.12375978 0.03950685 0.13921776 0.10112428
 0.03818138 0.07101322 0.18262847] [0.04388245 0.7084234  0.03571768 0.02449908 0.03162181 0.00837161
 0.09393299 0.01536777 0.0381832 ] [0.9109179  0.00998896 0.00422889 0.00275398 0.00530449 0.00374428
 0.02517893 0.03330585 0.00457681] [0.00186761 0.00069649 0.47984973 0.51043606 0.00066672 0.00082963
 0.00057609 0.00211915 0.00295854] [1.9838160e-03 1.4177060e-03 2.9341434e-03 1.0449142e-03 1.5829152e-03
 5.9525698e-04 1.6400444e-03 9.8174620e-01 7.0550218e-03] [0.74384636 0.01594552 0.03551515 0.02664442 0.01983247 0.01933516
 0.0271945  0.0800639  0.03162255] [0.06441889 0.02240645 0.7969839  0.05127637 0.0069358  0.00665717
 0.03210106 0.01552645 0.00369386] [0.00245366 0.00438272 0.980372   0.00367115 0.00147472 0.00099406
 0.00197358 0.00294525 0.00173289] [0.00269715 0.00290324 0.00197024 0.00704703 0.00295299 0.04289751
 0.00724429 0.00959419 0.9226934 ] [9.97906089e-01 1.93652158e-04 7.73458567e-04 1.16160656e-04
 8.39806744e-05 1.19025040e-04 1.76740999e-04 3.17072176e-04
 3.13793251e-04] [0.06047817 0.03250954 0.05657972 0.04523445 0.03692587 0.63620293
 0.04764676 0.05871019 0.02571234] [0.13765976 0.06368214 0.148021   0.08554622 0.04211594 0.15830608
 0.18914577 0.13468838 0.04083478] [8.0575459e-03 2.7142048e-03 4.2869174e-03 1.5954077e-03 7.6288724e-04
 6.5689399e-03 9.7260803e-01 1.1006602e-03 2.3054224e-03] [0.0139821  0.02169537 0.03942655 0.78208274 0.01210608 0.03463276
 0.02281976 0.01951364 0.05374093] [4.5715840e-04 3.8495127e-04 3.3078803e-04 1.5816165e-03 9.9475288e-01
 4.9146876e-04 2.7831140e-04 1.5589531e-03 1.6388255e-04] [0.02091282 0.3155422  0.15916313 0.03304496 0.01062617 0.00942579
 0.01597414 0.30730018 0.12801068] [0.02142292 0.9431906  0.01105582 0.00352386 0.00407451 0.00605193
 0.00281999 0.00597531 0.00188512] [0.00816128 0.00992227 0.00476609 0.00574198 0.0064945  0.7253028
 0.03139827 0.03554417 0.17266862] [0.00333967 0.00277712 0.00302664 0.04643645 0.00161137 0.01013531
 0.88260037 0.0013377  0.04873538] [6.0115842e-04 4.0336413e-04 6.2746654e-04 5.7307322e-04 9.9408299e-01
 8.5427292e-04 5.0419866e-04 1.9613877e-03 3.9214324e-04] [0.02310399 0.06597004 0.10115378 0.52579165 0.01652605 0.03074259
 0.06242185 0.05933163 0.11495841] [9.9131328e-01 1.2542271e-03 6.6372304e-04 8.6345634e-04 3.9105624e-04
 7.8631297e-04 2.4707597e-03 1.8029867e-03 4.5423102e-04] [0.00801246 0.01513222 0.02994127 0.03925513 0.01856074 0.05497696
 0.79277563 0.01404408 0.02730146] [0.08489402 0.02945523 0.01719967 0.06696061 0.03729742 0.0609478
 0.03256967 0.64515823 0.02551736] [0.8496395  0.02990099 0.0294036  0.00775411 0.01046502 0.01747308
 0.01144611 0.02013512 0.02378248] [0.00197525 0.9722764  0.00121751 0.00257645 0.00274652 0.01356216
 0.00182003 0.00227424 0.00155148] [0.07311175 0.01115953 0.03511186 0.06251655 0.01214532 0.03993318
 0.06674787 0.5969491  0.10232487] [0.0590654  0.05288334 0.4508012  0.21219452 0.02668865 0.05190976
 0.0489331  0.05922283 0.03830124] [9.8756182e-01 1.1072330e-03 3.0878556e-03 8.6970022e-04 1.3575914e-03
 9.5692306e-04 1.3394785e-03 2.2216274e-03 1.4977898e-03] [0.01530195 0.04412235 0.0195378  0.1106074  0.01180104 0.6070204
 0.03469868 0.03016044 0.12674996] [6.9708540e-04 3.3754221e-04 9.9656433e-01 1.4294849e-03 2.9537728e-04
 7.1179944e-05 3.1191751e-04 1.9501623e-04 9.8091085e-05] [0.00168656 0.00445584 0.9737719  0.00244333 0.00309772 0.00239888
 0.00210336 0.00815697 0.00188537] [0.11086811 0.06429116 0.12441268 0.16165411 0.02813486 0.25714195
 0.13393918 0.02875613 0.0908018 ] [0.02926909 0.02150446 0.01580019 0.1977921  0.01943119 0.44364062
 0.03307945 0.07641606 0.16306683] [0.00395454 0.00614765 0.00657397 0.00775568 0.00525586 0.00762145
 0.94642484 0.01409613 0.00216986] [1.1732675e-03 2.5304214e-03 7.2768284e-04 1.3363009e-02 4.8244151e-04
 1.2394857e-03 1.7254915e-03 9.7600186e-01 2.7563521e-03] [6.3579914e-04 8.2629948e-04 1.4328933e-03 3.1667983e-03 8.2493451e-04
 2.4842289e-03 9.8793435e-01 7.6320791e-04 1.9314206e-03] [0.04112395 0.03336916 0.01449203 0.05345261 0.01873299 0.10185844
 0.30263177 0.38928083 0.04505821] [1.0451766e-03 1.7382795e-04 1.6487319e-03 5.0793891e-04 3.0615742e-04
 3.0010036e-04 3.6656469e-04 9.9503642e-01 6.1502593e-04] [6.6954503e-04 1.5669866e-03 6.0869870e-04 8.2088485e-03 5.0377793e-04
 1.5352026e-03 3.2879873e-03 6.3813291e-03 9.7723764e-01] [0.0101426  0.00676747 0.00980904 0.12563647 0.025977   0.68162346
 0.0446411  0.01792814 0.07747468] [1.2413217e-03 1.0636138e-03 5.2766962e-04 3.6952118e-04 4.5916816e-04
 1.0142765e-03 9.9193293e-01 2.8124524e-03 5.7905132e-04] [1.0426835e-03 9.8248979e-04 9.8003811e-01 7.2196797e-03 5.3759147e-03
 1.2793009e-03 8.3595305e-04 1.5241943e-03 1.7016433e-03] [9.9701452e-01 2.7832235e-04 3.0208120e-04 2.7778669e-04 2.4094120e-04
 2.0886972e-04 3.3555934e-04 1.0307214e-03 3.1118590e-04] [0.01333892 0.0039657  0.00605247 0.02983986 0.00827512 0.8255882
 0.01281104 0.01934867 0.08078001] [0.01166022 0.00558362 0.01943568 0.05843021 0.00461543 0.00869646
 0.00250397 0.8870181  0.0020563 ] [0.02441988 0.1785357  0.02252327 0.00676804 0.02502895 0.69493586
 0.01532314 0.01700647 0.01545869] [0.0015146  0.00197772 0.6239116  0.3673435  0.00080613 0.00157578
 0.0008257  0.00112518 0.00091976] [0.00847551 0.06437443 0.13292865 0.2375953  0.32997283 0.00976667
 0.13714303 0.04643614 0.03330741] [1.09298606e-04 1.31978668e-04 3.91322328e-03 9.94194448e-01
 5.85147936e-04 1.84951088e-04 1.99951755e-04 5.45572373e-04
 1.35415205e-04] [0.00911863 0.00733891 0.9527935  0.00700333 0.00856041 0.00545205
 0.00441965 0.00414237 0.0011712 ] [0.04929471 0.10025298 0.48386854 0.04713879 0.01419749 0.01344699
 0.01859517 0.01723221 0.2559731 ] [0.12304861 0.01145451 0.00968274 0.00768438 0.00461707 0.82256806
 0.00635645 0.00868285 0.00590534] [9.8949569e-01 1.5780759e-03 2.0244846e-03 4.4890167e-04 7.9546846e-04
 2.2691551e-03 1.7361635e-03 9.6575165e-04 6.8633532e-04] [0.02067679 0.19311202 0.01497035 0.01230337 0.01684562 0.01215286
 0.05565609 0.6691206  0.00516225] [0.00220633 0.02178326 0.00337947 0.0201475  0.00397136 0.0091848
 0.9223215  0.00405487 0.01295086] [0.11941881 0.10364428 0.29507366 0.10983407 0.02061349 0.03678597
 0.05849731 0.16459642 0.09153597] [0.00421244 0.00272644 0.00214529 0.01460047 0.95149225 0.00861997
 0.00646436 0.0061106  0.00362817] [0.03034224 0.00766651 0.00739657 0.03207611 0.00607929 0.01832838
 0.7452192  0.00705264 0.14583914] [0.00219529 0.01068709 0.00158578 0.02074985 0.00343584 0.9181659
 0.01027492 0.0083622  0.02454308] [0.015622   0.01213911 0.01112798 0.03010969 0.04904838 0.19267394
 0.19974548 0.02933142 0.460202  ] [9.9670863e-01 5.7435984e-04 4.5399720e-04 2.9031734e-04 2.9385777e-04
 3.4506165e-04 2.8735155e-04 6.0923392e-04 4.3720924e-04] [0.03617387 0.09756614 0.02228018 0.05291462 0.02038665 0.10805262
 0.05928183 0.03725823 0.5660858 ] [0.00540495 0.02830419 0.01292716 0.01482037 0.02370134 0.04869798
 0.5614706  0.0052159  0.29945746] [0.14412764 0.11463748 0.22077715 0.05474661 0.05791276 0.09353078
 0.09882056 0.1661214  0.04932558] [9.9282819e-01 1.1783072e-03 7.2604965e-04 6.4605207e-04 8.6234347e-04
 1.5761817e-03 4.2172440e-04 5.7104061e-04 1.1901110e-03] [0.01620372 0.00493638 0.01428504 0.777656   0.07677386 0.07842609
 0.01107869 0.01032544 0.01031479] [0.11040881 0.3306231  0.08440135 0.04042504 0.03621366 0.05392773
 0.11200818 0.06643134 0.16556077] [3.2514130e-04 2.9347243e-04 2.3089965e-04 2.8382704e-04 2.8388173e-04
 2.9517873e-04 3.1366225e-04 9.9772257e-01 2.5130267e-04] [1.0944837e-03 1.1267069e-03 3.8021698e-04 2.9842093e-04 9.9555320e-01
 3.1926253e-04 6.1323575e-04 3.0015659e-04 3.1425737e-04] [0.9575816  0.00948396 0.00167308 0.00219282 0.00232046 0.00241903
 0.01297364 0.00571273 0.00564267] [6.6031481e-04 2.8596120e-04 2.9117166e-04 2.1810371e-04 9.9749041e-01
 8.7152213e-05 4.1016424e-04 2.8792050e-04 2.6884736e-04] [0.06453785 0.02428674 0.01902374 0.02015312 0.00935537 0.02185719
 0.01634602 0.78359944 0.0408406 ] [1.5343426e-03 1.3663201e-03 3.6024025e-03 3.1887575e-03 9.4650342e-04
 2.3314109e-02 9.6013290e-01 1.2267433e-03 4.6879235e-03] [1.5537557e-03 1.4950689e-03 6.3140091e-04 3.1170661e-02 2.2698892e-03
 5.8950018e-03 5.4852092e-03 9.3946493e-01 1.2034109e-02] [0.03032132 0.3006137  0.00144364 0.00243574 0.00365373 0.00245737
 0.00296161 0.6469831  0.00912983] [0.00420868 0.01084464 0.03493233 0.01679732 0.00581426 0.90616465
 0.00439628 0.01153511 0.0053068 ] [0.87726545 0.03040148 0.00807707 0.01333977 0.00819693 0.00208849
 0.01100443 0.00483962 0.04478679] [0.01707803 0.02616257 0.7165935  0.07658493 0.04122005 0.03068661
 0.00883527 0.05159242 0.03124658] [0.05191576 0.00896716 0.00983586 0.7957684  0.04847256 0.01382936
 0.03808136 0.02532413 0.00780548] [0.01417054 0.8934289  0.01255371 0.00416276 0.0075919  0.00447194
 0.0469105  0.0044441  0.01226563] [1.4059343e-03 3.6202132e-04 3.9862317e-04 4.5123836e-03 2.5613138e-03
 3.2280968e-03 2.9152955e-03 9.8091519e-01 3.7012200e-03] [0.03535857 0.06227247 0.21722102 0.13441147 0.02995189 0.11563435
 0.10765228 0.26764143 0.02985649] [9.3689526e-04 6.2409608e-04 1.7869767e-03 5.4792990e-03 9.8058194e-01
 3.8399093e-04 8.1968238e-04 9.1055715e-03 2.8152892e-04] [0.03351994 0.01218234 0.01617543 0.02961194 0.0067189  0.87544566
 0.0112413  0.00907237 0.00603214] [0.5170824  0.04519945 0.02683779 0.04868732 0.02199151 0.09158389
 0.04086909 0.11136598 0.09638258] [1.5456919e-04 3.8107802e-04 3.7451275e-04 9.6701377e-05 9.9824035e-01
 1.0291325e-04 2.5122744e-04 1.6299718e-04 2.3563234e-04] [0.1889893  0.03939754 0.05697187 0.40060234 0.0586516  0.08366613
 0.07169297 0.06239095 0.03763729] [0.9150198  0.00602226 0.02903742 0.00939222 0.00585741 0.00599078
 0.01281032 0.00977023 0.00609956] [0.17069124 0.01341314 0.11743791 0.46389803 0.0154849  0.04559088
 0.02474201 0.10651247 0.04222943] [0.00168032 0.06598644 0.9013295  0.00983511 0.00337128 0.00144939
 0.00905356 0.00459239 0.00270195] [0.9751819  0.00427733 0.00304731 0.0029176  0.00212231 0.0014981
 0.00572854 0.0029932  0.00223369] [0.05320152 0.1958843  0.09006386 0.05126347 0.02564516 0.02579333
 0.44729462 0.06809039 0.0427634 ] [2.8639426e-03 5.8187963e-03 2.7281749e-03 7.6290598e-04 9.8301965e-01
 6.7748409e-04 1.5684275e-03 7.5946905e-04 1.8011503e-03] [0.0218324  0.8693686  0.02727813 0.00934341 0.0264258  0.01173395
 0.009632   0.00479892 0.01958676] [0.067439   0.05147436 0.0888094  0.08382234 0.08513064 0.07586768
 0.10890563 0.4097457  0.02880527] [0.16548268 0.07001952 0.04045829 0.0598868  0.07270943 0.05549125
 0.4263551  0.0327135  0.07688347] [8.5404515e-04 9.8959792e-01 1.7678221e-03 2.5930903e-03 3.2108225e-04
 1.9977447e-03 8.6209789e-04 6.3682697e-04 1.3693704e-03] [0.01086851 0.01258966 0.8328468  0.06143635 0.00735259 0.01318759
 0.01023067 0.04097067 0.01051717] [0.75773627 0.02862137 0.02054547 0.0116694  0.08196419 0.00890224
 0.05631142 0.0241395  0.01011015] [3.5282308e-03 1.3326508e-03 6.3062686e-04 2.8101166e-04 9.9127507e-01
 4.5374164e-04 1.0120227e-03 1.2174214e-03 2.6916162e-04] [0.00534618 0.7653506  0.1597224  0.00395836 0.01022539 0.02776419
 0.00754566 0.01047362 0.00961364] [3.3716060e-04 3.8516920e-04 4.1975925e-04 8.5251703e-04 5.1072205e-04
 4.6384928e-04 9.9624676e-01 4.5424470e-04 3.2977236e-04] [0.03296909 0.03939964 0.00638492 0.5224107  0.01669727 0.09399177
 0.01319382 0.01192387 0.26302895] [0.02236221 0.01536131 0.00904699 0.04481124 0.0187265  0.14964415
 0.12604037 0.01794682 0.5960604 ] [0.22978953 0.38798764 0.14756514 0.02578545 0.02776369 0.03485871
 0.05614822 0.02675923 0.06334242] [0.00471144 0.0285495  0.8669092  0.07646834 0.00604234 0.00401337
 0.00580515 0.00151599 0.00598469] [0.01529717 0.0083614  0.8146501  0.06074098 0.00416035 0.06508736
 0.00334954 0.01630087 0.01205224] [0.00434798 0.00793229 0.9625989  0.00565314 0.00225388 0.00188975
 0.00357515 0.00729147 0.00445741] [0.00583113 0.00410011 0.00332161 0.00348923 0.00201434 0.9573646
 0.00386213 0.01383813 0.00617872] [0.00934796 0.00937019 0.00559243 0.04741227 0.01274295 0.5627633
 0.09363053 0.04159747 0.21754295] [0.00902028 0.01003106 0.00850687 0.03541164 0.00774326 0.06700806
 0.01897034 0.01484422 0.8284643 ] [0.00444148 0.00309041 0.00319917 0.01532026 0.00294916 0.01003122
 0.94819605 0.00426976 0.00850252] [0.28335923 0.12307113 0.08850507 0.03550037 0.04277333 0.05010201
 0.07861209 0.25114784 0.04692893] [0.007975   0.01333649 0.00787919 0.06261723 0.15241262 0.09984235
 0.09378539 0.4999748  0.06217697] [0.05135497 0.04028232 0.1121846  0.3130112  0.0477445  0.20387898
 0.0667727  0.02193809 0.1428326 ] [0.02635475 0.03317713 0.0173794  0.3405717  0.02607092 0.16296005
 0.03375867 0.0503084  0.309419  ] [1.3292003e-03 9.9313277e-01 7.0282922e-04 5.9667678e-04 2.6924821e-04
 6.0143752e-04 2.0794652e-03 9.9889981e-04 2.8949598e-04] [0.00424612 0.00921122 0.0124599  0.0125196  0.08238649 0.1573101
 0.69526654 0.00628111 0.02031888] [0.00930666 0.02187777 0.01662624 0.0134736  0.01342587 0.89903253
 0.00705135 0.01151979 0.00768615] [0.9268456  0.00776691 0.01543531 0.00853854 0.00627668 0.00608779
 0.00466986 0.00535079 0.01902846] [0.2132103  0.08659836 0.07787019 0.07704511 0.02375113 0.09167195
 0.046489   0.30954176 0.0738222 ] [1.8324940e-04 7.4461242e-04 2.9129753e-04 2.0663891e-04 7.9538062e-04
 1.8404452e-04 4.1160203e-04 9.9706835e-01 1.1479371e-04] [0.00239632 0.00455471 0.00112163 0.00153027 0.00556736 0.00683707
 0.00243748 0.00180405 0.9737511 ] [0.00408975 0.01755866 0.00332376 0.03269595 0.00856389 0.8935956
 0.01120743 0.00560198 0.023363  ] [0.04937596 0.04050661 0.2534276  0.03921077 0.09831531 0.0453194
 0.10343631 0.30294245 0.06746557] [0.0086034  0.01508966 0.01048552 0.09069143 0.01287222 0.42130077
 0.11573925 0.12472843 0.20048933] [0.0329119  0.0468862  0.17547892 0.09442814 0.3808698  0.11359187
 0.02972622 0.07310911 0.05299783] [0.05630436 0.01933588 0.7863159  0.0276529  0.01517473 0.02427502
 0.01932019 0.03979849 0.01182248] [0.02324857 0.00622757 0.00658086 0.0525267  0.00648987 0.21168593
 0.5072484  0.07199913 0.11399293] [0.01155697 0.8888892  0.05530722 0.00215862 0.00501229 0.0183754
 0.01099012 0.00310998 0.00460019] [0.03338961 0.04314891 0.8036024  0.01734542 0.01572353 0.02666908
 0.0197689  0.02715689 0.01319522] [0.06291035 0.09923371 0.0279773  0.3460968  0.02580052 0.10632631
 0.19165117 0.09182735 0.04817646] [2.6670776e-04 1.0170132e-04 1.5746793e-04 3.3366750e-04 5.3449837e-04
 7.9866382e-04 1.3864144e-03 9.9578387e-01 6.3702150e-04] [0.03623242 0.0079887  0.00597051 0.0392859  0.00843276 0.821248
 0.04671678 0.0222347  0.0118902 ] [0.00581555 0.00408287 0.00379782 0.01976193 0.01491324 0.02458641
 0.88007665 0.04186328 0.00510226] [0.01064178 0.07193298 0.00260034 0.0549574  0.01554623 0.03011222
 0.00443396 0.00902368 0.80075145] [0.563813   0.06943336 0.03908984 0.05269212 0.02068111 0.06263024
 0.02113676 0.13879815 0.03172545] [0.02186043 0.00422453 0.00251192 0.01303893 0.8907706  0.04066393
 0.0125446  0.00325612 0.01112892] [2.1546688e-04 3.8539918e-04 3.0046998e-04 1.0772609e-03 9.9483299e-01
 9.4841787e-04 1.2681457e-03 5.3379859e-04 4.3808940e-04] [0.00495584 0.01264324 0.01319592 0.01696345 0.00418192 0.03713555
 0.01414788 0.05788294 0.8388933 ] [0.00514706 0.00811247 0.95421207 0.00609008 0.00561301 0.00295938
 0.00376277 0.00761753 0.00648568] [0.41144156 0.04568311 0.37618732 0.0987731  0.01382201 0.01041023
 0.01651642 0.00710258 0.02006364] [0.01736269 0.03974549 0.02311463 0.02091885 0.01034204 0.22597443
 0.05979802 0.01812449 0.58461934] [0.1133294  0.32758567 0.08003408 0.01525495 0.22991227 0.02553768
 0.02531526 0.01160883 0.17142187] [0.08983771 0.09506673 0.02888521 0.02351688 0.6090302  0.01600018
 0.07763266 0.02854898 0.03148146] [0.10505835 0.15141994 0.11357593 0.07620057 0.05262442 0.29497293
 0.03979373 0.04923355 0.11712059] [0.0128874  0.02672956 0.0291574  0.75789106 0.02087539 0.0550578
 0.04527746 0.02605491 0.02606902] [5.6219916e-04 5.3867709e-04 1.9227954e-03 9.6878469e-01 9.1254368e-04
 1.0161082e-02 1.2447293e-02 2.1064836e-03 2.5641830e-03] [0.03190712 0.01123239 0.03333059 0.0326084  0.04528679 0.0250698
 0.01243148 0.7559794  0.052154  ] [0.87757355 0.00864523 0.02950677 0.00819308 0.0110187  0.00657875
 0.01178221 0.04061886 0.00608283] [0.44776988 0.0877649  0.1406416  0.02543208 0.02079097 0.11762233
 0.06708444 0.02274795 0.07014589] [0.0052091  0.00413997 0.00912773 0.12079922 0.00407772 0.02947564
 0.7261363  0.05019169 0.05084255] [1.85994926e-04 6.96040166e-04 7.12732071e-05 2.26778124e-04
 9.98346925e-01 1.15158706e-04 6.81512975e-05 2.27826647e-04
 6.18967242e-05] [0.00124265 0.00225289 0.00269908 0.0014895  0.00378795 0.00235437
 0.00331609 0.9753146  0.00754284] [0.00270685 0.00603415 0.00439283 0.02675844 0.92147255 0.01692074
 0.00331331 0.00926356 0.00913755] [0.09243888 0.10803521 0.11507428 0.06382646 0.05660775 0.16738875
 0.09254561 0.2543516  0.04973144] [3.2738021e-03 5.5351580e-04 1.0150175e-03 5.7310630e-03 1.4190138e-03
 2.7452379e-01 3.6057276e-03 1.7797470e-03 7.0809829e-01] [0.01374049 0.03490673 0.8935558  0.01695401 0.01521525 0.00665449
 0.005391   0.00596559 0.00761661] [0.01401294 0.00796596 0.00337654 0.00649108 0.00223576 0.9235161
 0.00537925 0.00792374 0.02909867] [6.4433913e-04 8.0313667e-04 9.9553812e-01 1.4208574e-03 2.3640791e-04
 5.8000669e-04 3.8528303e-04 3.2640193e-04 6.5469416e-05] [0.01744079 0.00952625 0.01547012 0.03162922 0.07280101 0.03232684
 0.025995   0.08809139 0.7067194 ] [0.9231498  0.01043758 0.00588977 0.00277858 0.00365816 0.00777613
 0.00448376 0.00839242 0.03343379] [0.01801415 0.04235454 0.0050428  0.7494648  0.01106224 0.03068043
 0.03913762 0.02744686 0.0767966 ] [0.03528605 0.01318122 0.00374255 0.5959811  0.01112789 0.147627
 0.01090302 0.00900586 0.1731453 ] [1.6238657e-04 2.8725914e-04 1.3942739e-03 6.3969375e-04 9.9635577e-01
 1.6734166e-04 3.6039989e-04 3.0242710e-04 3.3043590e-04] [0.4064043  0.06702218 0.13494825 0.02667888 0.02276173 0.05808839
 0.04793693 0.17528284 0.06087652] [4.62078133e-05 9.99183118e-01 2.76140956e-04 5.06600882e-05
 3.86806751e-05 8.92201497e-05 1.63840901e-04 1.15865696e-04
 3.62876453e-05] [8.3813323e-03 2.7960672e-03 7.4763689e-03 9.6017069e-01 9.3678274e-04
 2.0432142e-03 5.6009460e-03 2.1700964e-03 1.0424452e-02] [0.04182295 0.14283852 0.01266496 0.03141787 0.02724531 0.01987777
 0.6862072  0.01700666 0.02091878] [0.01319323 0.06249168 0.24692407 0.54359984 0.02069339 0.03256554
 0.01299172 0.06085519 0.0066854 ] [0.01607799 0.0280967  0.02325436 0.3604209  0.02260365 0.08979272
 0.11276651 0.04888982 0.2980973 ] [0.01117877 0.02453647 0.36962053 0.11451342 0.01373204 0.36662358
 0.02818592 0.01611076 0.05549857] [0.08489083 0.0198249  0.02635462 0.04481028 0.5001278  0.17241955
 0.08705235 0.03079189 0.03372777] [0.01159453 0.02266597 0.01230644 0.02509062 0.03800384 0.6079844
 0.08293553 0.04713354 0.15228513] [2.50956189e-04 2.87833827e-04 1.08389817e-04 7.32559856e-05
 9.98435795e-01 1.11950525e-04 4.41358279e-04 1.41011769e-04
 1.49484404e-04] [0.00430466 0.97484666 0.00418719 0.00259995 0.00105766 0.00170192
 0.00236608 0.00532361 0.00361228] [0.05856657 0.01733418 0.00823616 0.02893311 0.04111724 0.49481684
 0.27848607 0.02467158 0.04783828] [0.00908293 0.00672404 0.00912974 0.03114473 0.00909688 0.02547211
 0.01080269 0.2845458  0.6140011 ] [0.16997725 0.21991363 0.04327685 0.09151009 0.07201103 0.06285132
 0.05845589 0.07410118 0.20790276] [0.01414546 0.05487436 0.00934368 0.00618559 0.00877563 0.02294676
 0.85967666 0.00898453 0.01506736] [0.01365291 0.009967   0.01160282 0.01208693 0.00716575 0.00684447
 0.8629616  0.01105674 0.06466175] [0.00799395 0.00658104 0.0054153  0.01653709 0.00733943 0.01483294
 0.9155702  0.0112961  0.01443396] [0.01434371 0.01855444 0.0222968  0.14478897 0.01520599 0.04547375
 0.02754286 0.65478176 0.0570117 ] [0.14388953 0.1359083  0.05518966 0.05188292 0.06283274 0.12589687
 0.16598041 0.08031581 0.17810373] [0.00648386 0.02238585 0.00347348 0.01937498 0.00508467 0.0208574
 0.09985531 0.00715018 0.81533426] [0.02162008 0.00825467 0.07319164 0.7831538  0.00643496 0.013183
 0.00932701 0.01661175 0.06822315] [5.1002656e-03 1.0353451e-03 8.3291082e-04 2.3355274e-02 6.5049506e-03
 6.9575175e-03 2.4470724e-02 2.3777173e-03 9.2936528e-01] [0.00753181 0.02048545 0.9056813  0.01422017 0.00614822 0.00659905
 0.00833864 0.02403085 0.00696449] [0.04814715 0.06851942 0.4450479  0.08051647 0.16437732 0.03474243
 0.01780211 0.04088144 0.0999658 ] [0.03886469 0.00773399 0.02065725 0.07599814 0.28172642 0.40614754
 0.04787208 0.06298353 0.05801639] [0.14892025 0.68949264 0.05169698 0.0190103  0.0092973  0.03551157
 0.0125165  0.0176509  0.01590353] [0.04203315 0.01968915 0.12842421 0.04678086 0.0557428  0.09661677
 0.02204322 0.1577201  0.4309497 ] [0.00877629 0.00346227 0.00862053 0.85977066 0.0035376  0.02416741
 0.01033903 0.00544385 0.07588235] [0.1220295  0.0930222  0.09436139 0.03027921 0.01845404 0.18497056
 0.12549245 0.26281157 0.06857907] [0.01055122 0.00883674 0.01962478 0.7677356  0.00561013 0.02747891
 0.04592836 0.0099876  0.10424666] [0.05428967 0.14646325 0.38894832 0.14361635 0.11578327 0.04215963
 0.01863057 0.0622309  0.02787807] [0.00687331 0.01375149 0.01246238 0.0373314  0.011483   0.6457711
 0.08557281 0.06738587 0.11936872] [0.00581895 0.0157466  0.01473005 0.0245699  0.0087874  0.05679448
 0.04932059 0.08180519 0.7424268 ] [0.11300395 0.01035936 0.00919897 0.08987521 0.0075583  0.01827793
 0.02790537 0.61584663 0.10797426] [0.03562104 0.0311614  0.01977033 0.11928174 0.0170421  0.12017287
 0.13811712 0.02976654 0.4890668 ] [0.0176133  0.8917974  0.01481821 0.00382309 0.05619707 0.00326814
 0.00520138 0.00493    0.00235131] [0.02940274 0.03233038 0.05847139 0.10714442 0.02579616 0.18123671
 0.26183784 0.23925577 0.0645246 ] [2.0967379e-04 6.9334044e-04 1.5861701e-04 2.9580391e-04 9.9802566e-01
 1.9652954e-04 8.3334569e-05 2.7649451e-04 6.0551785e-05] [0.00920228 0.00410908 0.00241492 0.00214211 0.00930764 0.00161125
 0.00889708 0.959525   0.0027907 ] [0.00759431 0.03316039 0.00860631 0.10647474 0.02121293 0.04841406
 0.0247589  0.01668555 0.7330928 ] [0.01350877 0.00995809 0.01171127 0.04125279 0.01283582 0.15065928
 0.02314716 0.03337904 0.7035478 ] [9.0200250e-04 3.1877644e-03 3.5494080e-04 1.0499418e-03 9.8842376e-01
 1.7113491e-03 1.6194787e-03 3.5095369e-04 2.3997789e-03] [0.01427926 0.04215191 0.00906165 0.29924694 0.02267102 0.36093715
 0.1745705  0.03527042 0.04181113] [0.07557339 0.39239824 0.1854635  0.04084057 0.05611725 0.05298685
 0.08068563 0.05158556 0.064349  ] [0.23421296 0.06428096 0.149998   0.04893966 0.0251644  0.05947661
 0.283846   0.06416525 0.06991612] [0.02788732 0.10878871 0.03837188 0.05979823 0.02560526 0.08631562
 0.59535706 0.02249543 0.03538045]",0 4 0 4 4 1 0 3 7 0 2 2 8 0 5 6 6 3 4 1 1 8 6 4 3 0 6 7 0 1 6 3 0 5 2 2 3 6 6 7 6 7 7 8 5 6 2 0 5 7 5 2 2 3 2 2 5 0 7 6 1 4 6 5 6 0 8 8 5 0 3 1 7 4 0 4 7 6 7 7 5 0 2 3 1 7 5 4 5 3 4 0 0 3 2 0 1 4 1 7 1 1 2 0 4 1 6 3 8 1 2 2 2 5 6 8 6 0 7 8 5 1 6 5 0 7 7 8 5 7 5 2 2 5 1 2 5 7 5 6 8 0 4 4 8 2 2 8 8 4 6 3 3 7 0 1 6 4 7 4 2 8 2 5 2 4 0 3 3 4 0 1 3 3 3 8 3 4 5 4 1 5 8 1 6 6 6 7 5 8 3 8 2 1 4 1 8 3 1 3 3 8 8 7 8 1 7 4 7 8 8 4 3 1 6 5
1468,2,xgboost,0.5,20000,20000,0.8194444444444444,0.9778163580246912,"[1.3768780e-03 1.2167894e-03 6.6697260e-04 9.7825742e-01 1.2515885e-03
 2.2598170e-03 2.7752849e-03 4.4079009e-03 7.7873287e-03] [0.0018482  0.0016633  0.00221452 0.00475342 0.00159747 0.00295129
 0.00383013 0.94473964 0.03640194] [0.01148922 0.01287482 0.00836139 0.04845985 0.02070254 0.74962854
 0.06756333 0.00793527 0.07298501] [2.9844895e-03 1.4603985e-03 7.5641740e-04 4.0337798e-04 4.7868071e-04
 9.7698648e-04 7.7897724e-04 9.9128646e-01 8.7416376e-04] [9.9668294e-01 5.2467553e-04 4.7469110e-04 6.3604733e-04 2.6520024e-04
 4.8003613e-04 4.0660254e-04 2.8667654e-04 2.4306454e-04] [5.1646901e-04 2.7855037e-04 9.9553585e-01 2.4989045e-03 2.0329235e-04
 2.9555403e-04 1.6987330e-04 3.6243236e-04 1.3904275e-04] [0.04048273 0.00705522 0.00825853 0.01178351 0.00499206 0.01367052
 0.8503772  0.02688321 0.03649706] [3.5201162e-04 3.3377809e-04 6.1923238e-05 2.0162296e-04 9.9824321e-01
 6.6141627e-05 3.0419198e-04 2.0387497e-04 2.3329104e-04] [8.3571440e-04 1.1416370e-03 9.0982486e-04 6.1938930e-03 8.0896419e-04
 2.2567358e-02 9.6080995e-01 3.8458996e-03 2.8867889e-03] [0.00789456 0.0098643  0.01308638 0.00819718 0.00704782 0.08473071
 0.01106448 0.8492559  0.00885858] [0.08720364 0.26362926 0.1944348  0.04850551 0.04334255 0.10646125
 0.03657058 0.07428021 0.14557214] [0.95985    0.01775944 0.00881527 0.0019813  0.00335525 0.00181015
 0.00298381 0.001802   0.00164275] [0.10220896 0.05930409 0.17787172 0.26265386 0.04368724 0.15326455
 0.04371056 0.09864218 0.05865686] [0.01885549 0.03193619 0.02686799 0.1873106  0.02684543 0.13694921
 0.44054344 0.089134   0.04155758] [0.01593296 0.00589624 0.0130275  0.07711271 0.00551681 0.7523515
 0.03825007 0.01058671 0.08132549] [9.8671591e-01 2.7823532e-03 7.1673229e-04 2.1532390e-03 4.1536246e-03
 9.5947529e-04 7.7559421e-04 9.7262801e-04 7.7038788e-04] [0.10873649 0.08732095 0.04095098 0.12010336 0.07191975 0.04663577
 0.02631959 0.13053373 0.36747935] [0.1949945  0.1261737  0.18071634 0.08097789 0.18503612 0.1073282
 0.03735731 0.02435611 0.06305985] [0.00890904 0.00280039 0.00438422 0.00298883 0.00255032 0.00203692
 0.962361   0.00974317 0.00422614] [0.09603613 0.11451149 0.12116517 0.19796395 0.08798874 0.12089226
 0.07804929 0.06375285 0.11964008] [0.0142961  0.00736407 0.00630931 0.8001011  0.01004879 0.01858942
 0.02175164 0.00956316 0.11197644] [0.00379943 0.00122953 0.00108448 0.00310206 0.00281697 0.00212843
 0.00187435 0.98269135 0.00127338] [0.02172279 0.0282073  0.00670155 0.00348567 0.9002114  0.00869067
 0.00433033 0.00817548 0.0184748 ] [0.01022252 0.15792243 0.7650127  0.01009504 0.00619497 0.00775211
 0.00682288 0.02993205 0.00604535] [0.01572237 0.01938871 0.8538894  0.02277902 0.00814011 0.01780371
 0.0096669  0.04186681 0.01074297] [0.00253381 0.00600492 0.96067035 0.00327797 0.00348379 0.00482704
 0.00275345 0.01405906 0.0023896 ] [4.2948327e-03 2.8665524e-03 5.8421778e-04 7.1162765e-04 9.8193890e-01
 1.8337066e-03 6.4907206e-04 4.3679448e-03 2.7531004e-03] [0.00779816 0.02000585 0.00475419 0.00160074 0.948062   0.00509434
 0.00115096 0.00754174 0.00399205] [6.7016529e-04 8.9545982e-05 9.9810165e-01 4.6189921e-04 2.4458845e-04
 1.2251479e-04 8.1071281e-05 1.3293083e-04 9.5672374e-05] [1.0240538e-03 7.7465054e-04 1.0815896e-02 9.7854018e-01 8.6707785e-04
 1.3583993e-03 1.8101999e-03 3.6931445e-03 1.1164588e-03] [0.08790132 0.70772797 0.07049251 0.01476336 0.01698332 0.04321001
 0.02632483 0.01649245 0.01610425] [0.01463804 0.01642076 0.0251479  0.85186064 0.01368837 0.01614021
 0.02890541 0.01762122 0.01557742] [0.9841111  0.00256811 0.00391624 0.0014804  0.00273673 0.00129442
 0.00168968 0.0011641  0.00103926] [0.01921562 0.01651531 0.04269172 0.7930617  0.02203072 0.02941366
 0.02219939 0.03128345 0.0235885 ] [1.0059731e-03 6.8495766e-04 3.8136907e-03 9.7916883e-01 5.3712260e-04
 6.1315387e-03 2.2963390e-03 1.4362606e-03 4.9252394e-03] [0.00893337 0.93386203 0.00902165 0.00499619 0.00360025 0.00542404
 0.004882   0.02486267 0.00441778] [0.00168833 0.9757034  0.00415454 0.00180612 0.00147453 0.00160358
 0.00816813 0.00228218 0.00311914] [0.00954301 0.87221164 0.09262634 0.00139753 0.00514709 0.00178426
 0.00935319 0.00418565 0.00375129] [0.9538795  0.00939243 0.00717523 0.00364813 0.00719534 0.00530186
 0.00322931 0.00728288 0.00289531] [0.02119891 0.02222243 0.01539984 0.15870723 0.02259608 0.08461651
 0.09815849 0.01888174 0.5582188 ] [0.10705446 0.05985004 0.19574481 0.10613301 0.08020532 0.08873477
 0.02861862 0.06517051 0.26848844] [8.5538760e-04 4.0121903e-03 2.2294158e-03 1.3580271e-03 1.8208355e-03
 9.5549554e-01 4.4294349e-03 1.6316634e-02 1.3482551e-02] [8.8473776e-04 8.3634700e-04 4.3296376e-03 1.0600281e-03 9.8788959e-01
 1.2355505e-03 1.0409360e-03 2.2212861e-03 5.0193816e-04] [3.2836094e-03 2.4522676e-03 9.3825033e-04 3.7279031e-03 1.2870589e-03
 6.0665128e-03 2.9424854e-02 9.4764185e-01 5.1777149e-03] [5.7237782e-04 6.2478619e-04 9.9311006e-01 1.3105965e-03 2.9312046e-03
 2.5559339e-04 3.2912556e-04 3.6298591e-04 5.0331897e-04] [0.00142326 0.00192642 0.00253699 0.00576882 0.01652775 0.9259997
 0.01995535 0.00249443 0.02336733] [8.4175891e-04 5.0129602e-04 8.5191726e-04 1.2750675e-03 9.9004644e-01
 5.3023262e-04 3.0930275e-03 6.8176520e-04 2.1785456e-03] [0.04216243 0.04118883 0.03356187 0.04352744 0.09367558 0.06111713
 0.55268943 0.04845619 0.08362109] [0.06600205 0.13271639 0.08961894 0.11099297 0.08012972 0.29502025
 0.04521202 0.10841926 0.07188839] [0.01377345 0.01852097 0.06925529 0.04580794 0.07222351 0.29976574
 0.3176478  0.06348325 0.099522  ] [0.00850426 0.04647883 0.0318883  0.04089992 0.00808453 0.0541341
 0.00731693 0.02203606 0.78065705] [0.01187155 0.0150945  0.00368016 0.01605434 0.01818063 0.021395
 0.01601009 0.86815685 0.02955686] [0.07118824 0.03277912 0.09249631 0.40457758 0.09398764 0.1565388
 0.02443449 0.07858076 0.04541708] [0.00490002 0.00178204 0.00156913 0.00963567 0.00551126 0.00483765
 0.00678619 0.00724934 0.95772874] [0.02672055 0.0232029  0.00494916 0.01621939 0.04637171 0.5486861
 0.18472433 0.0171841  0.1319418 ] [0.04615021 0.14201364 0.01698998 0.02332288 0.04033048 0.02505375
 0.21293014 0.44759843 0.04561043] [3.0769755e-03 9.7786361e-01 1.7571582e-03 5.1934859e-03 9.2688092e-04
 2.4830487e-03 2.5919082e-03 1.6798450e-03 4.4271150e-03] [0.01010093 0.00792286 0.01053252 0.8569362  0.00699453 0.04405078
 0.01291226 0.01252646 0.03802345] [0.0070397  0.00331108 0.00246585 0.11158846 0.00939654 0.04335577
 0.01786692 0.00953274 0.795443  ] [0.05546822 0.2037285  0.08879838 0.03590112 0.42728105 0.0294614
 0.04806931 0.03464896 0.07664303] [2.2673518e-03 6.6644518e-04 3.2032546e-04 4.3676859e-03 9.8930514e-01
 4.1014547e-04 2.6550423e-04 7.3741889e-04 1.6600022e-03] [0.02576937 0.10516407 0.01659312 0.01419446 0.04134531 0.0514415
 0.01389988 0.7202665  0.01132573] [0.00574744 0.00800319 0.00221057 0.00435287 0.00593461 0.03628739
 0.8722063  0.00879983 0.05645784] [0.1058417  0.01988763 0.10171048 0.6706197  0.00851379 0.03032044
 0.01128285 0.01221562 0.03960775] [0.6611514  0.0830953  0.16948551 0.03155063 0.0092361  0.01212842
 0.01341573 0.00996338 0.00997351] [0.0057781  0.00693701 0.9529632  0.00502168 0.00753099 0.00643665
 0.00454214 0.00616175 0.00462847] [0.01244825 0.0385613  0.2880758  0.5530725  0.01219598 0.0058839
 0.02646535 0.03056552 0.03273138] [7.4948505e-03 9.6114266e-01 1.4435287e-02 6.5148593e-04 1.5277659e-03
 6.0844095e-03 1.9190477e-03 1.5511507e-03 5.1933611e-03] [7.1505166e-04 2.0940222e-04 9.9174750e-01 5.2111265e-03 2.9288096e-04
 5.4574519e-04 2.9800058e-04 7.0441212e-04 2.7591424e-04] [9.5456088e-04 8.3828659e-04 3.9811470e-04 4.9847626e-04 4.7754886e-04
 1.0401699e-03 8.4787211e-04 9.9405706e-01 8.8786014e-04] [9.9494731e-01 1.2547524e-03 6.6160382e-04 2.6454966e-04 6.3874287e-04
 9.4545359e-04 3.9920918e-04 4.9074006e-04 3.9763364e-04] [0.02333302 0.06881817 0.05091875 0.5486671  0.0177911  0.01692347
 0.21429306 0.02782989 0.03142547] [0.05174355 0.04856347 0.01151592 0.09986205 0.02506462 0.4962718
 0.13807863 0.04228629 0.08661364] [0.00197552 0.00830967 0.02524659 0.00314809 0.00394142 0.00417566
 0.00258134 0.94550806 0.0051137 ] [0.0376814  0.0392503  0.04936738 0.05089919 0.20345463 0.33389807
 0.05893559 0.11185101 0.11466248] [0.01313202 0.03260187 0.0033918  0.00686332 0.0022379  0.10631306
 0.78007853 0.00571597 0.04966557] [0.9722178  0.00598392 0.00867341 0.00158952 0.0012097  0.00129447
 0.00149029 0.0031139  0.00442699] [0.24205534 0.02777598 0.03943396 0.06446299 0.05204614 0.05418229
 0.05490948 0.4142831  0.05085077] [1.0814908e-03 3.1400833e-04 5.2004517e-03 2.0139739e-03 9.5602009e-04
 1.3299532e-03 6.2404852e-04 9.8694861e-01 1.5314809e-03] [4.2462000e-03 9.7851622e-01 8.0967909e-03 1.0736643e-03 7.0987851e-04
 9.0640335e-04 2.7077864e-03 1.2603598e-03 2.4827460e-03] [2.2765335e-03 1.9247661e-03 9.8725015e-01 2.0702987e-03 1.2336025e-03
 1.8564817e-03 9.1318542e-04 1.5014602e-03 9.7360706e-04] [0.02136958 0.46072653 0.00559854 0.00174003 0.01055466 0.4802749
 0.00176054 0.00863192 0.00934337] [0.01453075 0.00386752 0.03841621 0.00386265 0.00805829 0.0051699
 0.00448919 0.91751456 0.00409095] [9.7855979e-01 6.4641414e-03 2.4816750e-03 1.4651606e-03 5.9464602e-03
 8.6924288e-04 1.5893100e-03 1.1621454e-03 1.4620201e-03] [0.06048387 0.22486882 0.0963938  0.04862707 0.06316302 0.10098021
 0.29196963 0.04499689 0.06851666] [0.11629364 0.16165851 0.01849451 0.03256155 0.44593593 0.05919507
 0.01884983 0.09614143 0.05086955] [0.4339739  0.070391   0.01960877 0.02220348 0.00730382 0.02354151
 0.01645977 0.1129552  0.2935625 ] [0.12457398 0.09545399 0.02584871 0.2341926  0.08616382 0.27490562
 0.04895692 0.07720924 0.03269516] [0.02380465 0.01534835 0.01601129 0.0192132  0.01254354 0.3829803
 0.4834708  0.01101493 0.03561297] [0.07349236 0.03463914 0.42391804 0.05172364 0.08429846 0.01589139
 0.22311866 0.01603356 0.07688472] [0.03486364 0.05121293 0.03641441 0.01426912 0.03628819 0.00833506
 0.01873674 0.7743563  0.02552365] [9.9098957e-01 8.0676400e-04 1.4399966e-03 8.8404259e-04 4.0935216e-04
 1.9377642e-03 2.8673481e-04 2.2604095e-03 9.8529155e-04] [0.00943538 0.00483687 0.00879713 0.02647449 0.9037075  0.0069235
 0.00735179 0.0203125  0.01216089] [1.9254409e-03 3.8820875e-04 4.2055652e-04 5.8973854e-04 9.9177551e-01
 1.8166951e-03 1.1719951e-03 1.0489261e-03 8.6291984e-04] [0.04828927 0.44756395 0.11804076 0.04381347 0.02698875 0.19708769
 0.05026969 0.03697169 0.0309747 ] [0.55546296 0.08453498 0.06207526 0.05552687 0.03509738 0.05695207
 0.0544144  0.06781248 0.0281236 ] [0.06821889 0.0387875  0.0534847  0.04019846 0.07669283 0.02348118
 0.01680957 0.6416097  0.04071714] [0.14401229 0.26896375 0.17063113 0.03619501 0.02561457 0.1546339
 0.03331393 0.03137628 0.13525915] [0.011111   0.0645445  0.04077097 0.03755561 0.04090888 0.02520194
 0.00655203 0.18004516 0.59330994] [0.01471008 0.02349386 0.01827457 0.14776903 0.02639961 0.13861996
 0.30611634 0.02566003 0.29895657] [6.9250176e-03 9.6829605e-01 1.2688458e-02 5.1556383e-03 9.2008902e-04
 3.5889380e-04 1.3019362e-03 3.1380856e-03 1.2158434e-03] [5.6934515e-03 2.4330602e-03 6.3166674e-04 3.9135111e-03 9.5402985e-04
 5.3930017e-03 9.6513492e-01 3.6607119e-03 1.2185628e-02] [0.03866979 0.7981169  0.07235837 0.01432618 0.01104543 0.01340829
 0.0158246  0.0263782  0.0098722 ] [0.00541413 0.00527097 0.00348013 0.10405181 0.0144069  0.5050983
 0.31549206 0.00532574 0.04145995] [0.02362282 0.01613817 0.00834664 0.5349157  0.01697032 0.04375802
 0.26551557 0.01276734 0.07796542] [0.72452325 0.07492341 0.0591637  0.02019241 0.01058987 0.02189198
 0.02227516 0.05238608 0.0140541 ] [5.4680643e-04 9.8574080e-04 4.7898418e-04 5.3667574e-04 9.9361390e-01
 4.1330786e-04 2.6242126e-04 2.5938635e-03 5.6827156e-04] [0.00643305 0.00597007 0.01241245 0.00373769 0.024727   0.8400668
 0.04451722 0.03147798 0.03065775] [0.04093561 0.01201834 0.9122147  0.00228222 0.00695827 0.00851138
 0.00275822 0.00857459 0.00574665] [0.00820228 0.00488748 0.00258375 0.00255595 0.9596297  0.00218998
 0.00338427 0.01039013 0.00617643] [0.2631909  0.07256457 0.29220223 0.01750175 0.04026816 0.08143508
 0.06838045 0.12321103 0.04124586] [0.11339602 0.24360175 0.06697502 0.04698816 0.05149196 0.40165856
 0.01516576 0.03767839 0.02304438] [0.00606981 0.00315961 0.00226691 0.01483107 0.00502222 0.00948804
 0.9517987  0.0036926  0.00367106] [1.5770104e-03 7.3172472e-04 8.1406714e-04 1.4805074e-03 9.8712409e-01
 4.6287788e-04 8.9687167e-04 2.9604828e-03 3.9523588e-03] [0.12937662 0.18635267 0.09059462 0.04579107 0.04923734 0.2207686
 0.0348248  0.10618758 0.13686675] [0.01766624 0.01468547 0.00552854 0.05460119 0.01326763 0.07413571
 0.22874245 0.07851792 0.5128548 ] [0.00202329 0.00642945 0.00145681 0.00128724 0.00395741 0.97783875
 0.00217691 0.00117239 0.00365768] [0.00843596 0.00692799 0.00468805 0.03379143 0.00577302 0.03422458
 0.0276112  0.00402357 0.87452424] [0.03197839 0.15378839 0.31242445 0.17747119 0.08132577 0.09500486
 0.053877   0.01534351 0.0787864 ] [0.02281363 0.02811407 0.82911295 0.01935969 0.01564838 0.01387191
 0.03578759 0.02904675 0.00624501] [0.01626421 0.01355068 0.01696125 0.08471329 0.01201619 0.25918677
 0.43100604 0.08780955 0.07849199] [0.05670609 0.47271502 0.09639408 0.05167159 0.03476771 0.05261577
 0.0534368  0.10562591 0.07606707] [8.2857755e-04 6.5104675e-04 4.5340342e-04 4.4379415e-04 9.9388593e-01
 6.7396351e-04 4.4163733e-04 1.4061122e-03 1.2154956e-03] [0.00256214 0.02402065 0.0064204  0.00420654 0.00271405 0.94473416
 0.0038278  0.00349081 0.00802348] [0.06018452 0.0356443  0.02537013 0.12009002 0.38862842 0.1840744
 0.07338431 0.04337644 0.06924751] [0.02153984 0.03123668 0.03624538 0.32868728 0.04047691 0.23838827
 0.10455856 0.07361882 0.1252483 ] [0.03440666 0.05126105 0.09374791 0.40040106 0.02925338 0.09997886
 0.04207052 0.03642645 0.21245414] [0.02531925 0.6501521  0.09579355 0.04752098 0.02071455 0.01150267
 0.00999043 0.12701835 0.01198815] [0.650072   0.1022657  0.03260568 0.02142565 0.02459902 0.0214417
 0.01153313 0.12157702 0.01448012] [0.00171324 0.001634   0.00367584 0.8302863  0.00319121 0.01061293
 0.01688403 0.01310137 0.11890104] [0.95767134 0.00168696 0.01652309 0.00273002 0.00156472 0.00181128
 0.0029644  0.01064641 0.00440177] [0.05354579 0.08521312 0.04419777 0.2449303  0.03441494 0.04099518
 0.15444215 0.11325128 0.2290095 ] [0.00842976 0.00548748 0.00165325 0.01153097 0.00244215 0.02954352
 0.9247234  0.00582422 0.01036524] [2.0683647e-04 5.8964640e-04 1.6472240e-04 2.4869683e-04 2.1569562e-04
 9.9067432e-01 1.0579196e-03 1.4117268e-04 6.7010224e-03] [0.05988705 0.3232014  0.23774043 0.09852252 0.03547766 0.07609925
 0.01396965 0.07132188 0.08378015] [0.00916728 0.00355075 0.01721643 0.9358487  0.00230507 0.00430332
 0.00297808 0.013183   0.01144743] [0.00615619 0.01780903 0.00806773 0.17293377 0.02107696 0.03373214
 0.03197435 0.64312357 0.06512628] [0.13438751 0.13915646 0.06703956 0.08004007 0.21589802 0.13530262
 0.06023762 0.09508812 0.07285   ] [3.6543570e-03 1.7953586e-03 9.7376597e-01 1.2262681e-02 8.9887739e-04
 1.5415533e-03 1.4535668e-03 3.1676472e-03 1.4600451e-03] [0.06125596 0.09931656 0.05289494 0.1399795  0.37910515 0.02495456
 0.01915599 0.02629496 0.19704236] [0.01584113 0.07262143 0.01446844 0.01603584 0.00884097 0.52830434
 0.04850023 0.06675032 0.2286373 ] [0.02145739 0.20903517 0.03183125 0.1366951  0.01597987 0.02027075
 0.0311298  0.0231308  0.51046985] [0.00179528 0.00165808 0.00192132 0.00530655 0.9782839  0.00188372
 0.00164826 0.00359539 0.00390754] [6.7541306e-04 9.9210441e-01 6.8731257e-04 5.9145939e-04 4.6466570e-04
 3.3544011e-03 3.4820710e-04 1.1196942e-03 6.5440306e-04] [0.11847472 0.11283866 0.2632209  0.1198869  0.07054409 0.16138971
 0.04859874 0.02202652 0.08301973] [0.00869553 0.01091104 0.00752788 0.01154398 0.02469425 0.01518945
 0.03205446 0.00893566 0.8804478 ] [0.00855727 0.01568799 0.00906286 0.01853137 0.8445187  0.02967823
 0.0084406  0.03614743 0.02937554] [0.00394956 0.00567408 0.9439493  0.00688439 0.01291954 0.00953427
 0.00677546 0.00666556 0.00364789] [0.07488151 0.32480332 0.12448795 0.01558246 0.06480587 0.22297908
 0.03647449 0.0806716  0.05531372] [7.6479942e-04 4.2141823e-04 2.8854833e-04 5.7995215e-04 9.9585462e-01
 2.1760486e-04 2.5444542e-04 6.2097283e-04 9.9767535e-04] [9.9132288e-01 1.4053674e-03 1.1043149e-03 9.1407367e-04 8.7201223e-04
 2.0676837e-03 1.3500452e-03 2.4573642e-04 7.1787834e-04] [0.06223076 0.03685177 0.03418403 0.01544665 0.01440673 0.00880045
 0.02554437 0.7896596  0.01287561] [0.00986477 0.01210938 0.00824629 0.08832926 0.01707865 0.10186844
 0.07277349 0.612692   0.0770377 ] [0.01740688 0.94188946 0.01021653 0.00408525 0.00363569 0.01051201
 0.00344637 0.00629998 0.0025078 ] [0.06690688 0.07867071 0.0116878  0.01886868 0.732153   0.02198871
 0.03959902 0.01368679 0.01643842] [4.6769378e-04 4.5878580e-04 2.0753268e-02 9.6470368e-01 6.3271879e-04
 8.0555780e-03 2.0714586e-03 4.6587602e-04 2.3909786e-03] [9.8672312e-01 7.1719359e-04 1.0265567e-02 2.4149264e-04 4.2057500e-04
 2.8253955e-04 5.8998051e-04 5.8243342e-04 1.7707740e-04] [0.01051924 0.00332329 0.9176927  0.01214535 0.00198439 0.04248031
 0.00392195 0.0037676  0.00416519] [0.00303973 0.00179407 0.00098435 0.00111032 0.00253945 0.9679331
 0.00214168 0.01323674 0.00722052] [0.00366708 0.003916   0.94592726 0.02654796 0.0031718  0.00232931
 0.00231106 0.00983597 0.00229348] [2.5890282e-04 5.3039478e-04 9.7231264e-04 3.9158401e-04 9.9674207e-01
 2.7652099e-04 4.1358508e-04 1.7311836e-04 2.4151092e-04] [0.01547034 0.02403479 0.03193852 0.86437577 0.00654133 0.01268342
 0.00834318 0.02750235 0.00911025] [0.01146939 0.01501499 0.03101846 0.53707945 0.03425509 0.02636074
 0.09404314 0.04073172 0.21002704] [0.00785103 0.00961391 0.00281102 0.01382091 0.03290679 0.22841828
 0.09021852 0.6034953  0.01086423] [0.09705202 0.14385214 0.02353119 0.05460929 0.05259371 0.34451434
 0.01293778 0.06736679 0.20354278] [0.01458046 0.02792618 0.01152692 0.02836032 0.02658365 0.11741553
 0.0178344  0.06219464 0.69357795] [0.10582461 0.2609562  0.03166259 0.04580004 0.01664506 0.40437862
 0.04614069 0.03901646 0.04957578] [0.00458726 0.00933006 0.00620934 0.0193572  0.01619135 0.02194496
 0.01008317 0.06107081 0.85122585] [9.9655342e-01 2.8799067e-04 3.1039241e-04 7.4396667e-04 4.8847095e-04
 3.4150694e-04 6.7397580e-04 3.6679176e-04 2.3342580e-04] [9.9097943e-01 9.7242632e-04 1.7227539e-03 6.7833619e-04 4.7461223e-04
 5.7864812e-04 1.1117208e-03 4.3674506e-04 3.0452900e-03] [0.01777861 0.46509233 0.22692919 0.02164483 0.0247314  0.14333832
 0.00887657 0.04607497 0.04553378] [0.0124741  0.01242881 0.05212694 0.61258626 0.01889012 0.05230917
 0.08323956 0.02882648 0.12711857] [0.00330566 0.9071059  0.01270929 0.00440831 0.00674714 0.00383276
 0.00420265 0.04796521 0.00972308] [0.00730864 0.01264671 0.017968   0.0218537  0.00805814 0.17369206
 0.70810163 0.01727316 0.03309799] [0.00828125 0.02683307 0.0150244  0.03876745 0.00854481 0.727908
 0.11729361 0.01551086 0.04183647] [0.00824619 0.00565829 0.01229465 0.0268098  0.92741185 0.00383722
 0.0044644  0.00708731 0.00419034] [0.248253   0.0771776  0.10888334 0.03303068 0.04350287 0.15041721
 0.12628192 0.0615419  0.15091145] [0.01572114 0.01011073 0.00330908 0.00719316 0.876676   0.00567095
 0.03448494 0.03759133 0.00924259] [0.00163804 0.00249483 0.96538806 0.01414583 0.00237638 0.00465431
 0.00276064 0.00251537 0.00402658] [0.06876022 0.8234704  0.04701423 0.01338319 0.01933323 0.0075407
 0.0049135  0.00865245 0.00693204] [0.00384524 0.0110079  0.9386328  0.01714912 0.01892536 0.00253649
 0.00198333 0.00283611 0.00308365] [0.05030443 0.02204384 0.05441304 0.11325518 0.03118487 0.05928661
 0.02972726 0.31555492 0.3242299 ] [4.3495360e-04 1.5313382e-03 3.9033801e-04 7.5567927e-04 3.2337269e-04
 9.8106223e-01 1.1687187e-02 2.8840343e-03 9.3081110e-04] [0.02028096 0.877644   0.03411171 0.00807168 0.0054346  0.0085134
 0.02992532 0.00660184 0.00941656] [2.2300494e-04 2.6722415e-04 4.1705463e-04 5.9135018e-05 1.2259245e-04
 1.4617603e-04 2.0642373e-04 9.9800116e-01 5.5720803e-04] [9.8595691e-01 1.8290605e-03 8.7122098e-03 2.9832008e-04 1.0927570e-03
 5.4290524e-04 6.0098339e-04 3.5882834e-04 6.0808152e-04] [0.0157396  0.10751385 0.01352496 0.00952012 0.0674077  0.01159616
 0.71279943 0.01791545 0.04398273] [0.00900074 0.00875521 0.0091634  0.02162137 0.01106834 0.01267268
 0.04261511 0.61680543 0.26829773] [0.00418263 0.02627463 0.01240944 0.00825463 0.00449416 0.8646782
 0.0145434  0.02517177 0.0399912 ] [0.07053654 0.07241405 0.562163   0.04549741 0.05535203 0.03741005
 0.01330437 0.0545991  0.08872344] [0.01580048 0.8328229  0.04107837 0.0146394  0.02465522 0.02686651
 0.00989216 0.02311506 0.01112989] [0.16402474 0.02958749 0.05848168 0.04124814 0.03949947 0.06239488
 0.11893803 0.0330365  0.4527891 ] [2.0631826e-03 4.8895908e-04 2.8923931e-04 2.8558658e-03 3.6498334e-04
 1.0754931e-03 9.9011010e-01 5.4050511e-04 2.2116520e-03] [0.1229875  0.02349807 0.03765321 0.09704955 0.07233921 0.09936784
 0.09645561 0.125051   0.32559797] [0.03076412 0.01367416 0.03703074 0.730996   0.05569139 0.05101062
 0.05647263 0.01901397 0.0053464 ] [0.00126816 0.00117528 0.00104897 0.00097564 0.00130119 0.01076306
 0.9734787  0.00200937 0.00797969] [0.10311422 0.08858314 0.09593345 0.02701342 0.05945407 0.05669379
 0.31409046 0.12273419 0.13238327] [0.03587424 0.04358118 0.8203365  0.01331565 0.02425067 0.0162663
 0.02230273 0.01380757 0.01026516] [0.18337204 0.03186555 0.21392216 0.31184378 0.03200252 0.10235652
 0.02010509 0.04691634 0.05761605] [9.2359137e-04 8.5416046e-04 5.0006318e-03 9.7394490e-01 1.1784576e-03
 3.3808483e-03 2.6768162e-03 3.2232821e-03 8.8172890e-03] [4.8755953e-04 1.2649999e-03 5.9579016e-04 1.7368140e-03 1.1209324e-03
 9.7978789e-01 1.1617799e-03 1.8525583e-03 1.1991608e-02] [2.3628536e-03 1.6004076e-03 6.5430149e-04 9.3338673e-04 9.9224323e-01
 4.2448359e-04 2.7207448e-04 5.0407829e-04 1.0051610e-03] [0.01731682 0.05355953 0.0180906  0.01878756 0.1611992  0.06512251
 0.02834847 0.06869018 0.56888515] [1.1431769e-03 1.1426799e-03 6.7049689e-03 9.8850024e-01 5.9528399e-04
 4.2701518e-04 2.9549040e-04 9.3240326e-04 2.5872156e-04] [0.01347855 0.8875501  0.01215835 0.01184408 0.01392124 0.0112349
 0.02446926 0.01919021 0.00615332] [1.5174448e-03 1.7993631e-04 6.4848305e-04 4.9513148e-04 4.6992651e-04
 5.8395852e-04 3.1307884e-04 9.9515092e-01 6.4112613e-04] [9.9727839e-01 1.0259614e-04 4.4693163e-04 1.0798380e-04 2.6183031e-04
 1.9459672e-04 5.9114001e-04 9.0113044e-04 1.1546618e-04] [0.1545432  0.0989511  0.02551598 0.10718688 0.07231572 0.07696275
 0.10705507 0.09301165 0.26445767] [0.04418613 0.06685049 0.11331471 0.01256559 0.5293769  0.05147892
 0.11304004 0.05291208 0.01627517] [0.00287346 0.00250045 0.00176332 0.00952974 0.00379026 0.02215846
 0.93395156 0.0063248  0.01710797] [5.1686127e-04 4.0139892e-04 1.9346036e-03 9.7913641e-01 1.2885679e-03
 5.1494343e-03 7.3721348e-03 9.0003299e-04 3.3006056e-03] [0.9329968  0.01551838 0.00995897 0.01044667 0.00678482 0.00681097
 0.00672913 0.00509788 0.0056564 ] [0.17540653 0.7749774  0.0035994  0.00703016 0.00454132 0.01516781
 0.00571872 0.00547777 0.00808088] [0.00448977 0.00244218 0.00243095 0.02383241 0.01110656 0.04229106
 0.0084688  0.8919094  0.01302882] [0.01391245 0.00466576 0.00237382 0.00467327 0.9482542  0.00421535
 0.00244762 0.00324161 0.01621591] [0.00323104 0.01691323 0.00223803 0.00531236 0.00241543 0.00490014
 0.9287232  0.00434573 0.03192087]",3 7 5 7 0 2 8 4 6 7 2 0 2 6 8 0 6 2 6 8 8 7 4 2 2 2 4 4 2 3 1 3 0 3 3 1 1 1 0 3 3 5 4 7 2 5 4 6 5 6 8 7 8 8 6 7 1 8 8 4 4 7 6 2 0 2 3 1 2 7 0 6 5 7 5 6 0 7 7 1 2 1 7 0 5 6 8 5 6 6 7 0 4 4 1 0 7 1 8 3 1 6 1 5 3 0 4 5 2 4 5 5 6 4 5 8 5 8 8 2 6 1 4 5 3 3 3 1 0 3 0 8 6 5 7 3 7 0 2 8 5 8 4 1 3 8 4 2 0 4 0 7 7 1 4 3 0 2 5 2 4 3 3 7 8 8 1 8 0 0 1 3 1 6 6 4 5 4 2 1 2 5 5 1 7 0 6 7 5 2 1 8 6 5 3 6 8 2 2 3 5 4 8 3 1 7 0 0 4 6 3 0 1 7 4 6
1468,3,xgboost,0.5,20000,20000,0.8333333333333334,0.9839891975308643,"[0.0348991  0.02412383 0.04695332 0.01702566 0.14352429 0.30059555
 0.06334893 0.06566224 0.30386704] [1.9109312e-03 7.8069419e-04 9.8745430e-01 1.0867649e-03 1.7894706e-03
 1.6767801e-03 4.9951702e-04 1.7169499e-03 3.0846279e-03] [0.00558855 0.00693017 0.01776879 0.30119878 0.02637733 0.17130682
 0.44250107 0.01313781 0.0151907 ] [0.00908435 0.02238734 0.04496256 0.7146677  0.02092154 0.08288812
 0.03959144 0.04688719 0.01860978] [0.01606649 0.00961353 0.04873371 0.82850695 0.02940207 0.02216333
 0.0136317  0.02109914 0.01078309] [1.2807131e-03 7.1960042e-04 6.5240572e-04 8.0047967e-04 9.3124557e-04
 9.9044538e-01 2.8260092e-03 6.2916405e-04 1.7149629e-03] [0.00158507 0.00188098 0.00163424 0.01811053 0.00640545 0.94990057
 0.01072116 0.00358801 0.00617402] [1.16589756e-04 2.66445568e-04 1.57130795e-04 1.52227251e-04
 9.98656511e-01 1.28117448e-04 2.03600823e-04 1.77533846e-04
 1.41839177e-04] [0.00702905 0.00483749 0.9161087  0.00155423 0.00185227 0.00288327
 0.00448849 0.00892155 0.05232486] [0.01982205 0.00950047 0.00893955 0.6296047  0.00675379 0.27751
 0.01506586 0.02706179 0.00574186] [0.00769722 0.00761944 0.1635525  0.62810826 0.00407375 0.08227067
 0.00936277 0.00339926 0.09391616] [9.8668426e-01 1.0336353e-03 5.4938253e-04 5.9146201e-04 8.3675014e-04
 1.2406026e-03 6.4196467e-04 1.4198627e-03 7.0021092e-03] [1.0741157e-03 1.0163920e-03 4.6641137e-03 9.7658753e-04 2.7639046e-03
 1.0837333e-03 1.5198162e-03 9.8588276e-01 1.0185845e-03] [0.09655783 0.09373967 0.213101   0.24026854 0.029145   0.12824799
 0.06256968 0.07062481 0.06574554] [0.02750924 0.73690724 0.05217649 0.02123484 0.02217449 0.00930502
 0.01607637 0.01848131 0.09613499] [0.02457027 0.01768827 0.00897709 0.03972705 0.01572011 0.39138946
 0.06625064 0.03038902 0.40528804] [0.001325   0.00104248 0.00153855 0.00443329 0.95558643 0.006502
 0.00456732 0.01550538 0.00949951] [0.01959982 0.02203115 0.01403157 0.03200719 0.01139548 0.85908514
 0.00999516 0.01566402 0.01619052] [0.00713856 0.01222203 0.0031256  0.12675652 0.00971677 0.06945352
 0.03727153 0.01904557 0.71526986] [0.00354086 0.00433233 0.00301347 0.01190758 0.00519165 0.01297634
 0.00665717 0.94285995 0.00952067] [4.3736720e-03 6.0024424e-03 2.3787043e-03 1.4376086e-03 9.7829527e-01
 1.4213844e-03 3.0973761e-03 2.2995924e-03 6.9392257e-04] [0.06264119 0.13951324 0.03948193 0.08099997 0.06022251 0.18484443
 0.05149313 0.14117108 0.23963244] [9.6847682e-04 1.0268827e-03 7.1952556e-04 1.3929497e-02 1.8811943e-03
 9.7224933e-01 5.7720910e-03 2.1029534e-03 1.3500282e-03] [0.0023624  0.00413029 0.00276975 0.0120604  0.00504494 0.9507925
 0.00742405 0.00289736 0.01251836] [0.01138036 0.01821209 0.00665939 0.00787431 0.00687227 0.0132563
 0.86827356 0.03127824 0.03619343] [0.8930906  0.01064858 0.0140674  0.04166346 0.00603876 0.0041903
 0.01629253 0.01046837 0.00353997] [0.02375127 0.02350723 0.02488085 0.40826556 0.03831582 0.08935071
 0.03748258 0.15477549 0.19967054] [3.2197105e-04 2.8578693e-04 4.6473436e-04 4.2368897e-04 9.9687022e-01
 1.7794213e-04 5.2869605e-04 5.4110598e-04 3.8589758e-04] [0.05844158 0.03788963 0.67071486 0.04044877 0.03605874 0.02810681
 0.05265342 0.05949162 0.0161946 ] [0.00229889 0.00192423 0.01073366 0.9258556  0.00350652 0.00662095
 0.00341821 0.00519949 0.04044245] [0.00890086 0.01308675 0.00668918 0.02884028 0.79891956 0.00907935
 0.01913195 0.08836599 0.02698609] [0.63427997 0.02581544 0.01726342 0.18368417 0.02880713 0.03130302
 0.02675654 0.01690776 0.03518259] [0.03902932 0.03167331 0.6247144  0.05482335 0.1871303  0.00889511
 0.01874514 0.02591042 0.00907865] [3.6697169e-03 6.5247840e-03 4.1896775e-03 1.9107359e-03 9.7284895e-01
 2.6276140e-03 2.1448168e-03 5.1632687e-03 9.2037802e-04] [0.05720584 0.02589798 0.40187067 0.2632193  0.02829602 0.10092823
 0.01870573 0.07657383 0.02730242] [0.00320244 0.00205464 0.00199974 0.00584397 0.01173872 0.0132534
 0.9526815  0.00217768 0.00704792] [0.03197243 0.06058675 0.73217475 0.11470544 0.00752976 0.01241453
 0.01551855 0.00900898 0.01608882] [9.9914122e-01 1.5421814e-04 1.0143441e-04 9.3710813e-05 6.8670161e-05
 9.0683876e-05 1.7773166e-04 6.4162254e-05 1.0820707e-04] [1.1241399e-02 4.4035008e-03 1.2925826e-03 5.9570587e-04 1.6527402e-03
 5.8874488e-03 1.4837153e-03 9.7261435e-01 8.2855800e-04] [0.00673916 0.00902168 0.00551069 0.01065697 0.00442411 0.01241089
 0.90530825 0.02296379 0.0229645 ] [0.02009324 0.0291112  0.03704127 0.6153169  0.0158616  0.03558083
 0.05440964 0.03628654 0.15629876] [1.5242198e-03 8.2419912e-04 1.0572525e-03 1.2576804e-03 1.8499880e-03
 9.1218570e-04 9.9023718e-01 1.9748115e-03 3.6254921e-04] [1.4254404e-03 9.8383254e-01 1.5014964e-03 7.3174300e-04 8.4496278e-04
 4.5857825e-03 1.9941067e-03 2.7083405e-03 2.3755878e-03] [9.0957177e-04 1.0532985e-02 1.9890270e-03 1.9223399e-03 9.8065656e-01
 6.5244490e-04 1.0317987e-03 1.3595326e-03 9.4574917e-04] [1.4315683e-03 8.9558680e-04 9.8960286e-01 2.6458316e-03 1.1385405e-03
 4.8371562e-04 2.2152800e-03 1.2909444e-03 2.9570042e-04] [0.0083224  0.00519173 0.01902781 0.00430052 0.66533005 0.23006614
 0.00875078 0.03833518 0.02067541] [0.01676912 0.01253955 0.14469053 0.02671212 0.02956198 0.03723115
 0.669754   0.0218183  0.04092322] [0.00563711 0.00740013 0.00355621 0.00481444 0.9622225  0.00266705
 0.00332854 0.00724933 0.00312466] [0.13475206 0.17310058 0.16260366 0.08692452 0.12057497 0.10739925
 0.04102685 0.0644378  0.10918035] [0.05423655 0.02187847 0.02301101 0.02723275 0.02567659 0.14777938
 0.10805123 0.05949296 0.53264105] [0.00951111 0.93947446 0.00889996 0.01180942 0.0022979  0.01673375
 0.00368873 0.00359396 0.0039907 ] [0.05084238 0.02619526 0.00747776 0.0260647  0.03050083 0.0172627
 0.04967319 0.6202266  0.17175657] [0.0191074  0.06712269 0.03667508 0.1077017  0.01725857 0.16601065
 0.38295773 0.09197068 0.11119545] [0.19620456 0.2577561  0.14289875 0.06793386 0.0197467  0.04462733
 0.0254218  0.21751986 0.02789104] [9.9486369e-01 1.1659787e-03 7.2504819e-04 2.0375155e-04 2.4282272e-04
 3.1290433e-04 1.0419217e-03 6.0391583e-04 8.3995395e-04] [0.01163333 0.9502674  0.00387154 0.01740727 0.00230194 0.00491771
 0.00261592 0.00246225 0.0045226 ] [0.03996838 0.6747392  0.03340286 0.02143309 0.02850416 0.05575098
 0.02834257 0.02358589 0.0942729 ] [6.4613146e-04 7.6197105e-04 9.7253785e-04 4.0941330e-04 6.9729279e-04
 5.7466258e-04 4.0202882e-04 9.9466765e-01 8.6830650e-04] [0.0353099  0.09619235 0.11837229 0.29516795 0.06497096 0.06920215
 0.08282208 0.06447785 0.17348446] [0.01625185 0.02817201 0.14642066 0.04296588 0.01310076 0.04350791
 0.0886152  0.04601847 0.57494724] [9.8144883e-01 3.0097601e-03 2.7286462e-03 6.5152947e-04 9.4339065e-04
 1.6342986e-03 3.5430782e-03 2.6679139e-03 3.3725786e-03] [5.17822860e-04 7.64770492e-04 6.85094448e-04 1.34016119e-03
 6.95548020e-04 4.80343867e-03 9.76371706e-01 3.71671189e-03
 1.11047495e-02] [0.00865683 0.8952736  0.00139126 0.00587383 0.08090243 0.00166886
 0.00193072 0.00259197 0.00171052] [9.5765275e-04 7.9320716e-03 2.1418228e-03 1.5579426e-03 9.8222661e-01
 5.8803568e-04 2.5299073e-03 1.1034716e-03 9.6248888e-04] [0.01265801 0.01494585 0.02302187 0.0066045  0.0222496  0.0348562
 0.03352509 0.8457211  0.00641776] [0.0055607  0.00458099 0.04435354 0.81376225 0.01660651 0.0463601
 0.01881223 0.01234723 0.03761643] [0.05519417 0.5660047  0.0173235  0.13633959 0.03694476 0.02440063
 0.08648837 0.04452629 0.03277802] [0.02711738 0.01034429 0.02901134 0.17438082 0.12156464 0.44040778
 0.05652514 0.0773348  0.06331384] [0.00324115 0.00151886 0.00188029 0.05485211 0.00140671 0.01869256
 0.05336303 0.00398186 0.8610634 ] [0.01682096 0.02763636 0.91074294 0.00768939 0.00795391 0.0066632
 0.00583019 0.00919612 0.00746699] [0.02808437 0.02372806 0.0248237  0.07414006 0.03114352 0.22687256
 0.16592991 0.05622181 0.369056  ] [0.01515066 0.01567658 0.02762762 0.5697929  0.02661014 0.11302993
 0.04732749 0.05373595 0.13104866] [0.10433259 0.6357507  0.02291404 0.05027164 0.01957344 0.08717179
 0.02472671 0.03775273 0.01750634] [3.7840076e-03 9.8520029e-01 3.0954760e-03 5.6986150e-04 1.2207048e-03
 1.2726048e-03 1.4946313e-03 1.8556197e-03 1.5068251e-03] [0.72063166 0.10743576 0.05325475 0.00979961 0.024667   0.03524624
 0.02409176 0.01246793 0.01240525] [0.01701529 0.13367826 0.744872   0.03805297 0.01395312 0.01201396
 0.00956007 0.01803326 0.01282109] [0.00564034 0.9602175  0.01204124 0.0046871  0.00187902 0.00355111
 0.00554482 0.00413442 0.00230449] [9.8868853e-01 2.5176993e-03 3.6271401e-03 6.9334061e-04 5.8715744e-04
 9.7033003e-04 6.5926363e-04 1.1283032e-03 1.1282135e-03] [0.00358903 0.00561043 0.03745113 0.00648051 0.00901289 0.03154978
 0.8318516  0.05651704 0.01793757] [0.03439784 0.03745568 0.01848376 0.11943559 0.02176064 0.01112957
 0.7078056  0.04021106 0.00932026] [1.2119752e-03 5.1949505e-04 9.8718655e-01 9.5029967e-03 3.6523672e-04
 2.6440102e-04 1.9880950e-04 4.2573837e-04 3.2472023e-04] [0.10833231 0.35684034 0.04073891 0.09329313 0.02425597 0.02095215
 0.08818185 0.21483918 0.05256611] [0.02242089 0.00987386 0.16318218 0.02554033 0.7120368  0.00887658
 0.01152633 0.03605694 0.01048607] [0.04500768 0.21941036 0.02594866 0.09774532 0.04820738 0.11014298
 0.07910915 0.12085112 0.25357735] [0.00166301 0.00325091 0.00171609 0.00609879 0.00530808 0.01410195
 0.00159418 0.00278534 0.96348166] [6.9172657e-04 1.8893337e-04 2.7023314e-03 9.8822111e-01 3.9135534e-03
 1.7366204e-03 7.4645330e-04 1.5437752e-03 2.5542680e-04] [0.00599378 0.00611376 0.02066853 0.01558505 0.00503394 0.00993897
 0.00611147 0.01993313 0.9106214 ] [0.00818771 0.02278104 0.6483442  0.01482818 0.01353535 0.00538946
 0.01410693 0.23950408 0.03332306] [1.3976950e-02 9.6505731e-01 2.4371187e-03 4.8116678e-03 2.3909896e-03
 9.5331913e-04 1.6067438e-03 7.8927940e-03 8.7316165e-04] [0.00334596 0.00236193 0.00279849 0.00368455 0.0016275  0.01174601
 0.96381134 0.0018897  0.00873447] [0.03563582 0.00799444 0.02816251 0.11171563 0.04559064 0.26189634
 0.1516511  0.05203211 0.30532143] [0.03054452 0.11804283 0.02386721 0.279658   0.1054287  0.17225088
 0.01981083 0.05158696 0.19881012] [0.0103039  0.02493251 0.01006138 0.03600075 0.00970578 0.05941392
 0.07920746 0.01573822 0.7546361 ] [0.0316247  0.0397036  0.09663501 0.15856944 0.08617359 0.32104135
 0.09635858 0.11322909 0.05666466] [0.00152932 0.00752103 0.00156475 0.00928145 0.00880647 0.9532479
 0.0075017  0.00117435 0.00937305] [0.00655671 0.02334711 0.8894243  0.03567883 0.00940941 0.01511083
 0.0091799  0.00563444 0.00565848] [9.9582785e-01 3.9833944e-04 7.9508842e-04 2.3307529e-04 3.3270734e-04
 1.2474967e-04 5.8562105e-04 1.5150661e-03 1.8744565e-04] [0.15469979 0.22773358 0.07203674 0.03472296 0.08725394 0.24474962
 0.03226819 0.08597692 0.06055829] [1.0214425e-03 6.8705063e-04 6.2163034e-04 9.6983416e-04 1.2045391e-03
 2.8888020e-03 1.7737217e-03 9.8927140e-01 1.5615592e-03] [0.02201303 0.08411354 0.6502455  0.06536616 0.0226484  0.03272567
 0.02165066 0.08806217 0.0131749 ] [0.83468735 0.03450875 0.04521381 0.00554036 0.01143798 0.00708913
 0.01757298 0.02971178 0.01423782] [0.00882113 0.00734586 0.00273707 0.0015828  0.96860516 0.00363214
 0.00286012 0.00241562 0.00200006] [0.08587027 0.36265573 0.11699592 0.0393072  0.07742178 0.12867394
 0.08306415 0.04624459 0.05976644] [3.4244271e-04 9.5988653e-04 4.3939138e-04 4.5114671e-04 5.6144246e-04
 1.6269450e-03 9.9329031e-01 5.2193849e-04 1.8064593e-03] [0.00447996 0.00986686 0.04052748 0.85733134 0.01296808 0.05736818
 0.00658885 0.00392618 0.00694311] [1.2959361e-04 1.2758504e-04 1.2597603e-04 2.5520552e-04 4.6834911e-04
 9.9755007e-01 6.3815224e-04 2.3849556e-04 4.6658303e-04] [0.23402731 0.30741942 0.14766341 0.05402718 0.03802902 0.04004493
 0.03668252 0.08506119 0.05704502] [0.01076559 0.01382074 0.01095018 0.0203979  0.01454234 0.01914063
 0.8852248  0.01509564 0.01006215] [0.00426089 0.00261108 0.00206385 0.00848431 0.9540173  0.00820991
 0.00761541 0.0073453  0.00539197] [0.02423304 0.05257129 0.04811393 0.48761356 0.0734368  0.06494332
 0.06047735 0.05647354 0.13213721] [0.7794161  0.03040301 0.00921416 0.00593897 0.00861853 0.0113902
 0.01857367 0.1311201  0.0053253 ] [3.6465097e-04 5.2528549e-04 2.8221586e-04 2.6076293e-04 3.8943169e-04
 3.4219646e-04 2.4817311e-04 9.9708492e-01 5.0232443e-04] [1.4680375e-03 9.0981828e-04 1.5542964e-03 5.2852073e-04 2.0145285e-03
 1.5119752e-03 8.2659879e-04 9.9011350e-01 1.0727217e-03] [6.3931348e-04 4.1769558e-04 5.5685069e-04 9.7788044e-04 4.5453903e-04
 3.4362060e-04 1.3616177e-03 9.9038506e-01 4.8633693e-03] [0.05702227 0.03615073 0.0052147  0.00389161 0.01061892 0.0070522
 0.00848361 0.8664988  0.00506708] [0.01778729 0.0320414  0.00957598 0.48297638 0.02250259 0.06621841
 0.23292905 0.06638104 0.06958792] [0.00527951 0.00569907 0.00856913 0.00472122 0.01000555 0.00299041
 0.00500158 0.9446922  0.0130413 ] [0.07501937 0.00704607 0.17608035 0.28282174 0.01754433 0.05734657
 0.01215172 0.01589471 0.35609517] [0.02161547 0.95744777 0.00245189 0.00119901 0.00628335 0.00380215
 0.00386955 0.00165106 0.00167978] [0.01520132 0.01252224 0.00725982 0.04203755 0.02470706 0.539899
 0.06990769 0.19794773 0.09051761] [0.00462595 0.00540185 0.0018557  0.0025003  0.9689715  0.00203494
 0.00162899 0.00410722 0.00887361] [2.1675861e-04 6.2562095e-04 1.5584585e-03 9.9577016e-01 6.0111581e-04
 2.2568558e-04 1.7299855e-04 6.9640839e-04 1.3271408e-04] [0.03053037 0.02354872 0.05564494 0.05687055 0.02702862 0.6223265
 0.07071909 0.08438317 0.02894809] [0.01546788 0.80869144 0.01205648 0.03490756 0.04031398 0.01791337
 0.01023059 0.02255252 0.03786622] [0.00144975 0.0015756  0.00146204 0.00257361 0.00274326 0.9789498
 0.00114504 0.00253753 0.00756333] [0.851216   0.03638117 0.01538775 0.00859394 0.00915486 0.01064398
 0.01916105 0.01280665 0.03665454] [0.01809715 0.04014738 0.02353682 0.31938654 0.07567312 0.15961261
 0.09755839 0.01691697 0.24907106] [0.04368381 0.03528787 0.02155841 0.08623578 0.03130664 0.27338368
 0.24501355 0.13135967 0.13217063] [0.83086044 0.06548129 0.0343695  0.00809725 0.01282729 0.00562824
 0.01474646 0.01878509 0.00920441] [0.00527262 0.00730306 0.960959   0.00761663 0.00735829 0.00223993
 0.00293899 0.00265514 0.00365632] [0.00739623 0.0055909  0.00843216 0.02117764 0.64691085 0.04836637
 0.01966783 0.01304597 0.2294121 ] [0.00252474 0.00359497 0.00284683 0.05597471 0.0047454  0.90015286
 0.00691454 0.01170982 0.01153618] [0.08472487 0.01479361 0.03406435 0.4972626  0.04805146 0.07240194
 0.0249073  0.20921205 0.01458188] [0.87206495 0.00863845 0.02421289 0.01371001 0.00710169 0.01263942
 0.03343156 0.02101047 0.00719059] [6.7120162e-03 5.4877466e-03 2.5161840e-03 7.0920208e-04 1.1472043e-03
 7.7066239e-04 3.6650926e-03 9.7248060e-01 6.5112379e-03] [0.07160795 0.02182637 0.04033518 0.06563518 0.00715101 0.00848135
 0.00557319 0.68548197 0.09390783] [0.06235052 0.09170624 0.07199136 0.05231926 0.08605883 0.38240603
 0.10458429 0.04720776 0.10137571] [0.7964372  0.01626985 0.02653005 0.01499759 0.01280986 0.04316546
 0.01998515 0.03904008 0.03076477] [0.10924766 0.0686948  0.04598246 0.24460922 0.03546111 0.2831133
 0.09287208 0.06892844 0.05109091] [5.5471680e-04 3.9634953e-04 2.4717374e-04 3.2418317e-04 5.4568489e-04
 1.9139772e-03 9.9185914e-01 1.3570630e-03 2.8017629e-03] [0.00444744 0.00448628 0.00246904 0.02913468 0.00268089 0.9184165
 0.00915127 0.00350842 0.02570546] [0.0381543  0.5105912  0.01433222 0.01723565 0.14270133 0.03525084
 0.02980252 0.05477531 0.15715663] [0.07891514 0.1438085  0.40786618 0.12464415 0.03379777 0.03035657
 0.08334617 0.02850728 0.06875829] [0.03532622 0.05659183 0.0229448  0.03369481 0.04951355 0.10155085
 0.10319794 0.4098896  0.18729037] [0.16628799 0.1349711  0.21280372 0.07057267 0.03471483 0.11680959
 0.08084907 0.10204271 0.08094835] [4.9321848e-04 1.3899341e-03 4.6137772e-03 3.0766166e-04 5.3551886e-04
 4.0834630e-04 4.7457154e-04 9.9075598e-01 1.0210245e-03] [0.7102216  0.01982878 0.19259918 0.00646195 0.00645536 0.01779816
 0.00866423 0.02886919 0.00910161] [0.03046643 0.01896219 0.02580092 0.3661745  0.02042255 0.2337151
 0.11366943 0.0276712  0.16311766] [1.3291597e-03 3.6367888e-03 8.8189420e-04 1.2125543e-03 5.5507233e-04
 9.6920896e-01 1.1902211e-03 2.5818481e-03 1.9403473e-02] [0.01387225 0.02158858 0.92047185 0.01596364 0.00773844 0.00559693
 0.00569981 0.0064162  0.00265226] [2.9569052e-04 4.2150164e-04 6.3300476e-04 2.2756704e-04 9.9691075e-01
 3.2295313e-04 4.4040158e-04 5.6712382e-04 1.8097795e-04] [0.12646665 0.47611567 0.01520227 0.02891133 0.03811041 0.08783418
 0.05076074 0.11579725 0.06080144] [0.98318374 0.00592016 0.00117118 0.00325325 0.00135446 0.00138302
 0.00110538 0.00157325 0.00105553] [0.02347471 0.71507305 0.038278   0.02376109 0.04197446 0.04604852
 0.03007042 0.06632425 0.01499544] [9.7043108e-04 9.9573451e-01 1.0525364e-03 4.7771371e-04 3.2317315e-04
 2.2327366e-04 4.3668173e-04 3.3815292e-04 4.4352253e-04] [1.5061492e-03 1.3287601e-03 3.3041404e-04 6.1191875e-03 1.7076365e-03
 3.6066948e-03 9.7525293e-01 5.8520720e-03 4.2961719e-03] [0.00915392 0.00553928 0.9604762  0.00696235 0.00279782 0.00551661
 0.00288278 0.00487909 0.00179195] [7.2547578e-04 9.9316519e-01 1.0415907e-03 1.6877429e-04 1.2084570e-03
 2.2105144e-03 3.3005822e-04 7.1396853e-04 4.3595245e-04] [0.13565032 0.35995233 0.10070722 0.02906129 0.07286498 0.04753727
 0.04557201 0.05364071 0.15501384] [0.07804824 0.00904504 0.00929591 0.00347655 0.01035498 0.02836972
 0.01167959 0.8213607  0.02836922] [0.00555187 0.8971761  0.04643238 0.02648052 0.00321394 0.00200421
 0.00722296 0.00476996 0.00714803] [9.0641632e-05 6.4228772e-04 2.3257850e-04 3.5777257e-04 4.7666402e-04
 9.2987716e-04 9.9641269e-01 2.4963860e-04 6.0782197e-04] [0.00260068 0.00429052 0.9640958  0.00525734 0.00270814 0.00539432
 0.00410451 0.00844593 0.00310283] [0.06503631 0.04307574 0.01807804 0.06602436 0.04413687 0.05608187
 0.6579713  0.01266715 0.03692835] [0.04025442 0.36037928 0.04360164 0.05931174 0.05467588 0.01445402
 0.37445873 0.03600867 0.01685557] [0.05897483 0.11379465 0.02497007 0.0353706  0.03091771 0.13423805
 0.0730719  0.05074119 0.47792095] [0.01773283 0.05335784 0.0215131  0.01873863 0.01916021 0.03304945
 0.7064868  0.10849944 0.02146175] [4.7171409e-03 7.2042625e-03 1.4562188e-03 8.5921993e-04 1.1680532e-03
 2.6140094e-03 1.5190024e-03 9.7547287e-01 4.9892575e-03] [1.3358421e-04 5.4434418e-05 5.9696235e-04 9.9787164e-01 2.3084895e-04
 3.8324331e-04 3.2797677e-04 5.2442356e-05 3.4890609e-04] [1.4970686e-03 1.3361073e-03 4.1241670e-04 5.9888454e-04 5.7175863e-03
 7.1772584e-04 9.8128957e-01 1.0157005e-03 7.4149007e-03] [0.06434197 0.03343809 0.00609865 0.03052014 0.03137967 0.01835821
 0.05221529 0.01521031 0.74843764] [0.01835167 0.01129846 0.00965023 0.06134563 0.04738964 0.11785746
 0.50034237 0.02507577 0.20868877] [0.00738887 0.01153789 0.02789837 0.09007079 0.02954533 0.22924295
 0.4792213  0.07842081 0.04667366] [3.0362446e-04 1.0344391e-03 5.4204767e-04 1.8666585e-03 6.7025801e-04
 5.5068289e-03 9.8725140e-01 1.4787501e-03 1.3460175e-03] [8.0064085e-04 4.1200133e-04 9.9130917e-01 4.2952513e-03 6.4227910e-04
 1.4386172e-03 3.3073712e-04 3.9821755e-04 3.7303558e-04] [0.00751847 0.01374809 0.00626617 0.00434415 0.00344875 0.01012062
 0.00489555 0.93805194 0.01160627] [0.10390834 0.12420301 0.07492924 0.04644334 0.02322104 0.06687945
 0.12065409 0.25075278 0.18900871] [0.00382331 0.00337836 0.04024897 0.6130347  0.01153764 0.2574864
 0.01272673 0.01285413 0.04490971] [2.4849194e-04 5.7391962e-04 2.9108278e-04 5.2214556e-05 9.9787569e-01
 9.7402386e-05 2.4552291e-04 3.4168622e-04 2.7399726e-04] [0.00377098 0.00382463 0.00444901 0.00377518 0.00232718 0.9662514
 0.00448325 0.00287119 0.00824718] [3.4202746e-04 1.1695602e-03 3.0006559e-04 3.7600458e-04 9.9620479e-01
 3.2112768e-04 3.2183988e-04 6.3803018e-04 3.2653267e-04] [0.01211642 0.00688497 0.9090681  0.00535441 0.00402166 0.00281134
 0.03176447 0.02273071 0.00524788] [0.01269903 0.00492708 0.00565604 0.0045233  0.94928634 0.00715774
 0.00606518 0.00691547 0.00276983] [0.0104654  0.00740258 0.02728559 0.04162763 0.04932344 0.44714466
 0.0321835  0.01696653 0.36760074] [0.03672434 0.0603778  0.02319063 0.12568474 0.5818967  0.0656492
 0.02133144 0.05366374 0.03148137] [0.13713302 0.07680883 0.18899685 0.12106261 0.01476924 0.04442322
 0.01516498 0.01399041 0.38765082] [0.0268037  0.03444317 0.02997626 0.0148518  0.00732125 0.0149729
 0.76000977 0.02761462 0.08400648] [3.4494202e-03 9.8255241e-01 1.8753395e-03 7.7593385e-04 1.5464523e-03
 4.6467581e-03 6.4905960e-04 3.5254906e-03 9.7913854e-04] [4.3237704e-04 2.4034204e-03 4.6395074e-04 7.1335281e-04 9.9315745e-01
 1.4618739e-04 6.7535596e-04 1.2506807e-03 7.5726648e-04] [0.00508644 0.00409091 0.07075607 0.85562795 0.00341368 0.01994229
 0.0116415  0.00795449 0.02148671] [9.7411452e-04 9.5824426e-04 7.2763144e-04 4.2742970e-03 2.1739369e-03
 5.5462387e-03 9.7510910e-01 4.3943226e-03 5.8420980e-03] [0.02662048 0.14470154 0.11961628 0.05288806 0.02643121 0.20621392
 0.02215361 0.03930975 0.36206517] [0.46731332 0.12582545 0.04574038 0.03628703 0.07715714 0.07510148
 0.07382063 0.06258847 0.03616604] [0.00330587 0.02109946 0.00189693 0.01331525 0.00499176 0.03229868
 0.02824847 0.01281505 0.8820285 ] [0.96593285 0.01144136 0.00337738 0.00343435 0.00591286 0.00376214
 0.00221159 0.00285576 0.00107177] [0.10705315 0.2759688  0.10447923 0.02711052 0.07576632 0.08592988
 0.17308943 0.04186373 0.10873896] [0.19031578 0.02564803 0.0121261  0.01642926 0.03550344 0.5326691
 0.09229578 0.07102953 0.02398295] [9.9328858e-01 1.1813103e-03 1.1917575e-03 6.0521683e-04 5.8097491e-04
 1.1357566e-03 7.5124792e-04 6.3795072e-04 6.2716700e-04] [5.2148296e-04 1.9901136e-03 1.6963502e-03 2.3499620e-03 9.8325795e-01
 2.4266376e-03 1.3882751e-03 6.1935303e-04 5.7499092e-03] [0.00998976 0.90413266 0.03479316 0.01088695 0.00475376 0.01121944
 0.0038675  0.0081418  0.01221498] [0.0171504  0.84847325 0.03613733 0.03040908 0.01888036 0.00537434
 0.01355187 0.0099894  0.02003402] [0.02200381 0.07174156 0.02544535 0.1262359  0.01099464 0.26179588
 0.4031851  0.01022714 0.0683706 ] [0.00462574 0.00251639 0.00373489 0.00344322 0.00411455 0.00497675
 0.9668915  0.00518741 0.00450949] [0.6769628  0.12628286 0.09418548 0.03984915 0.0181743  0.00866368
 0.0086583  0.01844395 0.00877948] [0.01953819 0.02463183 0.01945999 0.15999348 0.04603926 0.13006516
 0.01892598 0.55926234 0.02208374] [0.01678708 0.85065866 0.02027302 0.02208396 0.01426698 0.0079335
 0.00564196 0.03880082 0.02355403] [0.02195467 0.01572108 0.00503949 0.06141559 0.01418567 0.04939405
 0.01995414 0.01150061 0.8008348 ] [0.06895673 0.01245367 0.66338193 0.01715734 0.01740304 0.0819878
 0.03656283 0.07506943 0.02702719] [9.9642664e-01 1.4147875e-04 2.6787899e-03 4.9300448e-05 2.5447845e-04
 5.4616910e-05 9.6316486e-05 2.1533940e-04 8.3055347e-05] [7.7470846e-04 3.2030733e-03 1.3611777e-03 3.0879190e-03 2.7738351e-03
 9.2915529e-01 4.3304074e-03 1.2231588e-03 5.4090425e-02] [0.00378113 0.00216991 0.00327054 0.00161895 0.0052752  0.0014516
 0.0035401  0.9748532  0.00403932] [0.01415815 0.01004376 0.04653266 0.0228233  0.06536984 0.37431175
 0.02105113 0.04373866 0.40197077] [0.01814021 0.01066184 0.0194859  0.09739912 0.03732976 0.03529112
 0.02824934 0.7260911  0.02735159] [0.9462304  0.00681265 0.00604739 0.0020094  0.00985446 0.0031176
 0.00470121 0.00711337 0.01411352] [5.5407305e-05 1.6139606e-04 6.6824461e-05 7.8947727e-05 9.4392672e-05
 2.5120406e-05 7.2038565e-05 9.9938238e-01 6.3497107e-05] [0.04912905 0.04600767 0.09562219 0.07649726 0.40135795 0.16358522
 0.0216629  0.06636293 0.07977483]",8 2 6 3 3 5 5 4 2 3 3 0 7 3 1 8 4 5 8 7 4 5 5 5 6 0 8 4 2 3 4 0 2 4 2 6 2 0 7 6 3 6 1 4 2 4 6 4 2 8 1 7 5 2 0 1 1 7 8 3 0 6 1 4 7 3 1 3 8 2 5 8 1 1 0 2 1 0 6 6 2 7 4 8 8 3 8 3 1 6 3 4 8 3 5 2 0 1 7 2 0 4 8 6 3 5 0 6 4 8 0 7 7 7 7 6 7 3 1 5 4 3 5 1 5 0 8 5 0 2 4 5 3 0 7 7 5 0 3 6 5 1 2 8 0 7 0 3 5 2 4 7 0 1 1 6 2 1 8 7 1 6 2 5 6 8 6 7 3 6 8 6 5 6 2 7 8 3 4 5 4 2 4 8 4 8 6 1 4 3 6 2 2 8 0 1 5 0 4 1 1 5 6 0 7 1 8 2 0 5 7 7 3 0 7 4
1468,4,xgboost,0.5,20000,20000,0.8240740740740741,0.976514274691358,"[0.05234056 0.70665854 0.07853457 0.04088559 0.0299747  0.042065
 0.01680244 0.01468447 0.01805408] [0.03662333 0.03887817 0.01576241 0.7174744  0.01584332 0.02069217
 0.01230491 0.05590565 0.08651563] [0.06043984 0.08555747 0.02341432 0.15576448 0.01837185 0.41286477
 0.08262087 0.01577271 0.14519364] [1.3039298e-03 5.3007961e-03 7.0593006e-04 1.0996290e-03 4.9896463e-04
 9.8694658e-01 5.4097618e-04 3.5226473e-04 3.2508476e-03] [0.06971713 0.0660878  0.05928976 0.09291301 0.02913315 0.04528196
 0.03299121 0.34824926 0.25633672] [0.01225918 0.00391074 0.01436741 0.02750532 0.82300526 0.03083415
 0.06209349 0.00728103 0.01874344] [0.01344151 0.01719423 0.01720194 0.06242367 0.02613447 0.6724187
 0.09624848 0.03443418 0.06050288] [0.04101887 0.0232222  0.03245265 0.16238327 0.03254094 0.18836305
 0.1985924  0.14958034 0.17184632] [0.10583548 0.37813103 0.03417467 0.1403237  0.01839001 0.12978142
 0.04373329 0.0962291  0.05340125] [6.1169837e-04 9.9732816e-01 4.0001719e-04 7.8723754e-04 2.5133369e-04
 1.8078767e-04 1.3832537e-04 9.8277931e-05 2.0411373e-04] [0.02049274 0.12973617 0.36994994 0.29711008 0.01335371 0.01890828
 0.05471934 0.05329438 0.04243537] [0.02385744 0.00862715 0.02397703 0.79390115 0.01522853 0.06032346
 0.02295639 0.03782915 0.01329974] [0.00409245 0.00182316 0.00166855 0.04380366 0.00261353 0.0041635
 0.02568222 0.05833257 0.85782033] [2.4172440e-04 3.2551464e-04 3.5482235e-04 4.2341900e-04 9.9609727e-01
 4.0700741e-04 5.9949985e-04 1.1121357e-03 4.3862002e-04] [0.1778504  0.02916741 0.01163891 0.20014937 0.11690671 0.13851304
 0.03648159 0.06735811 0.2219345 ] [2.7169185e-03 6.8032588e-03 8.3973672e-04 1.0475308e-03 9.8588610e-01
 1.0472771e-03 2.5060764e-04 7.7616074e-04 6.3237938e-04] [0.01414242 0.01669976 0.05266634 0.0850777  0.03534737 0.4566224
 0.0537379  0.06816738 0.21753871] [4.7242711e-03 1.1625612e-03 5.9373205e-04 6.0635591e-03 7.8898744e-04
 9.6871895e-01 3.7462534e-03 9.6545619e-04 1.3236247e-02] [0.01906655 0.02759607 0.01565186 0.04684564 0.00726104 0.32441384
 0.00595588 0.01539686 0.53781223] [0.0330076  0.73814386 0.0083602  0.01545754 0.0069959  0.16482477
 0.00892407 0.01579619 0.00848984] [9.9087346e-01 1.6748745e-03 4.2411147e-04 6.4637989e-04 7.0683868e-04
 5.1826605e-04 1.2338971e-03 2.3203574e-03 1.6018178e-03] [0.06815029 0.8656675  0.01444459 0.00685087 0.00635892 0.01307394
 0.00249305 0.01017713 0.0127837 ] [0.03911865 0.0494302  0.50301105 0.01567568 0.27936277 0.01710939
 0.0095629  0.05336092 0.03336844] [9.8946321e-01 2.0847439e-03 3.5731709e-03 1.0075810e-03 6.8282400e-04
 1.0230977e-03 1.2020034e-03 6.7137467e-04 2.9196817e-04] [0.01304894 0.00616688 0.01380203 0.58547777 0.04584787 0.06284399
 0.0919111  0.14058882 0.04031261] [0.09632986 0.03218653 0.07815032 0.17912367 0.26242542 0.02282218
 0.04919641 0.04723846 0.23252712] [0.017426   0.80959314 0.02068753 0.03453216 0.01102619 0.03456897
 0.03148444 0.0086068  0.03207478] [0.00324561 0.9475715  0.03252478 0.00211186 0.00186993 0.00194525
 0.00196307 0.00283508 0.00593294] [0.00878335 0.00538683 0.00436076 0.09888677 0.04670542 0.48366097
 0.02685914 0.01620739 0.3091494 ] [3.0868647e-03 3.6955772e-03 1.2638614e-03 4.7618750e-04 2.3663233e-03
 6.5909885e-04 6.2226428e-04 9.8749161e-01 3.3825700e-04] [0.14743058 0.09858986 0.22135068 0.08492669 0.28598252 0.04501361
 0.02125732 0.03941155 0.05603716] [0.02637701 0.11053141 0.01352722 0.11178044 0.01262326 0.10148097
 0.0379855  0.16583714 0.41985705] [0.03558215 0.01691408 0.0551772  0.2613594  0.02859545 0.22754428
 0.04162862 0.08769124 0.24550758] [0.00610641 0.0069819  0.00743047 0.6273755  0.00971782 0.10673659
 0.00783501 0.01611383 0.21170247] [7.7309896e-04 4.7875728e-04 4.1460956e-04 7.2335545e-04 2.9697490e-04
 6.9108617e-04 4.5397246e-04 9.9214643e-01 4.0217526e-03] [2.6853075e-03 1.9164454e-03 4.1844801e-04 4.4654296e-03 9.7648615e-01
 6.0606976e-03 1.8289202e-03 1.9093178e-03 4.2292336e-03] [3.8391673e-03 1.4842039e-03 7.4605405e-04 2.0817528e-03 4.0733749e-03
 1.5030173e-02 9.5935220e-01 1.7550171e-03 1.1638090e-02] [0.00693402 0.01665624 0.0184206  0.09095645 0.03565723 0.2515853
 0.1360582  0.07769816 0.36603376] [4.5776481e-04 1.5089804e-03 4.1989979e-04 1.7604717e-03 9.9320257e-01
 1.1844767e-03 6.4174150e-04 2.3813876e-04 5.8587966e-04] [0.05573197 0.3609784  0.02305433 0.10447694 0.06338996 0.09598967
 0.04949548 0.14981396 0.09706926] [0.05950712 0.05203618 0.5640883  0.05657093 0.0161904  0.02939392
 0.14467753 0.03878317 0.0387525 ] [9.9266762e-01 1.7777751e-03 1.2445053e-03 5.9113966e-04 6.3133024e-04
 6.8078312e-04 7.9568656e-04 9.2063932e-04 6.9058524e-04] [0.15072991 0.26313496 0.1921257  0.0818954  0.05027308 0.02348995
 0.06056068 0.13718244 0.0406079 ] [0.00958912 0.0283052  0.03598487 0.8226606  0.00822487 0.05433691
 0.01166202 0.00775353 0.02148286] [9.9345833e-01 1.3672629e-03 8.9671562e-04 5.6096760e-04 3.2952335e-04
 1.3161259e-03 1.0485112e-03 5.2174454e-04 5.0081650e-04] [0.02324195 0.03345469 0.03145404 0.11433001 0.01621124 0.20723195
 0.05686402 0.16760996 0.34960213] [0.01971095 0.01564787 0.01168686 0.42851543 0.01781534 0.057174
 0.05587272 0.02061316 0.37296367] [0.00254683 0.0049972  0.002822   0.00654029 0.00430035 0.00974982
 0.01046289 0.00231845 0.9562622 ] [0.04744588 0.4228187  0.17443077 0.05496794 0.06559613 0.06626409
 0.08630811 0.04444411 0.03772422] [5.8603205e-04 1.2832299e-03 4.2863202e-04 6.3744112e-04 9.9284333e-01
 4.8530652e-04 1.1805529e-03 8.6291187e-04 1.6925473e-03] [0.02430157 0.08260424 0.06313244 0.02002892 0.01747482 0.25668642
 0.15582803 0.16157748 0.21836612] [0.00265749 0.00387523 0.95664364 0.0015259  0.00172586 0.00377689
 0.00294103 0.01296749 0.01388654] [0.00851259 0.01239225 0.8869823  0.01523676 0.00657011 0.00442245
 0.02531713 0.03577971 0.00478668] [5.5977784e-04 3.6328458e-04 9.9608302e-01 1.3298190e-03 3.1402247e-04
 5.2988919e-04 3.4231198e-04 2.5110226e-04 2.2676830e-04] [0.00570006 0.95221114 0.00936344 0.01264861 0.00178683 0.00197904
 0.00416532 0.00956832 0.00257727] [1.1373115e-03 9.9545438e-04 3.0785261e-04 3.7530990e-04 9.9543697e-01
 7.7414064e-04 2.3789253e-04 3.8585169e-04 3.4921666e-04] [0.21636857 0.11077135 0.20101291 0.30631748 0.0317854  0.03339713
 0.01945965 0.03643378 0.04445376] [0.00592754 0.0090887  0.0044936  0.04793927 0.89767677 0.01146742
 0.00758981 0.01001585 0.00580099] [0.8555824  0.02735742 0.01154046 0.01896225 0.01159364 0.01918468
 0.0156207  0.01990886 0.02024964] [0.04569559 0.04285189 0.03697945 0.33555546 0.06356876 0.25034896
 0.11060491 0.0333572  0.08103775] [0.89071596 0.00658476 0.02335878 0.00681535 0.00417344 0.0053884
 0.01984375 0.03449331 0.00862622] [0.01953372 0.01624396 0.0314162  0.12181795 0.01951803 0.14880858
 0.08628372 0.10830175 0.44807607] [0.00362593 0.01337784 0.9656643  0.00433007 0.00135748 0.0015239
 0.00670849 0.00240017 0.00101187] [0.06235235 0.12753385 0.5374977  0.05154031 0.02266037 0.05199239
 0.03448076 0.05685163 0.05509068] [0.00680293 0.00814931 0.00334296 0.01442995 0.01019225 0.19837916
 0.03159921 0.01027363 0.71683055] [0.01764532 0.01735164 0.08490475 0.05236294 0.01979367 0.04249875
 0.03181442 0.699146   0.03448255] [0.9028149  0.01182036 0.02849833 0.00516645 0.01126223 0.00924472
 0.01884447 0.00606343 0.0062851 ] [0.0014033  0.97148275 0.01027336 0.00242187 0.0038408  0.00134464
 0.00227075 0.00312661 0.00383587] [0.03137524 0.01863699 0.01069071 0.37743244 0.0186298  0.21396334
 0.15377907 0.07265581 0.10283655] [0.06174678 0.11352676 0.01891468 0.04529119 0.07033664 0.06701337
 0.5294601  0.046237   0.04747355] [0.00293151 0.00151391 0.0042247  0.9685829  0.00103366 0.00989288
 0.0021818  0.00165217 0.00798648] [4.2610857e-04 4.2347154e-03 9.6831645e-04 4.2623052e-04 7.4101356e-04
 7.2564575e-04 9.9159288e-01 7.0928183e-04 1.7576361e-04] [2.5282157e-04 8.8171015e-04 1.2571255e-03 9.8890007e-01 2.8721971e-04
 3.8976124e-03 1.4286401e-03 8.5347873e-04 2.2413142e-03] [0.00663355 0.00141554 0.00129281 0.00664785 0.00223498 0.00773477
 0.9549491  0.00659327 0.01249813] [5.0563307e-04 1.0441177e-02 1.3711638e-03 9.5184165e-04 9.8034406e-01
 2.0128228e-03 1.1762591e-03 1.1326828e-03 2.0644246e-03] [0.00246117 0.00785154 0.00272996 0.00623836 0.00350004 0.00156151
 0.00122067 0.9723308  0.00210596] [0.00259115 0.00653428 0.9786927  0.00140872 0.00308576 0.00142773
 0.0011839  0.00335229 0.00172348] [0.08516473 0.04445593 0.04380669 0.0833753  0.0330614  0.12336034
 0.04726808 0.49457592 0.04493157] [0.03818275 0.8516151  0.06714276 0.00248253 0.01048086 0.00831234
 0.01098031 0.00493109 0.00587223] [0.17050567 0.07152837 0.23540962 0.02788931 0.09668943 0.12439032
 0.07368401 0.12842111 0.07148214] [1.9726495e-04 4.4540130e-04 2.3366508e-04 4.2027957e-04 9.9725157e-01
 2.7443527e-04 3.1038010e-04 7.4190093e-04 1.2509635e-04] [0.05944215 0.10333659 0.05602901 0.03580284 0.1446584  0.02938949
 0.38149118 0.14975841 0.04009191] [0.00825298 0.03635436 0.9129367  0.01001876 0.00414154 0.01146561
 0.00591901 0.00671588 0.00419521] [9.9356216e-04 9.8771101e-01 3.2222881e-03 7.1281951e-04 1.7613419e-03
 4.6733092e-04 1.1850451e-03 3.4092946e-03 5.3724449e-04] [3.8684253e-04 6.1184529e-04 9.9629200e-01 8.5049833e-04 2.0163071e-04
 1.4402135e-04 4.6356340e-04 8.3054183e-04 2.1904618e-04] [1.3308112e-02 9.7251242e-01 7.8188849e-04 5.9872596e-03 9.7380741e-04
 3.3018435e-03 1.1757467e-03 8.0596696e-04 1.1529638e-03] [0.04606158 0.67168987 0.01021567 0.08211629 0.04037151 0.0199796
 0.0251161  0.05532476 0.04912465] [0.01178625 0.02044594 0.02039918 0.02365149 0.01478156 0.6520993
 0.19737597 0.0369981  0.02246221] [1.1695735e-03 6.4030645e-04 3.1816873e-03 1.5338139e-03 2.2600854e-03
 2.0902760e-03 9.8312068e-01 1.4268297e-03 4.5767562e-03] [0.02359703 0.00618941 0.01936352 0.01367136 0.0100654  0.03336749
 0.08326173 0.01120168 0.7992823 ] [0.01164958 0.0201916  0.02344508 0.00902212 0.00791199 0.00800338
 0.01507153 0.88167846 0.02302624] [0.03195082 0.00871333 0.05821848 0.35131258 0.06566455 0.08614624
 0.10255574 0.25724933 0.03818892] [0.09084598 0.08997025 0.23884392 0.12574863 0.09220105 0.06353229
 0.06772145 0.05586372 0.17527267] [0.00870059 0.01285335 0.01313414 0.0128232  0.01570063 0.00983703
 0.03184491 0.8638863  0.03121981] [0.00906049 0.00767865 0.00628114 0.01476705 0.00963546 0.02853387
 0.01832211 0.01856504 0.8871562 ] [0.0145362  0.0091034  0.00803729 0.1120626  0.01228281 0.06623503
 0.01925122 0.3865732  0.37191826] [0.08643561 0.04353036 0.48540533 0.1352811  0.04660393 0.03010015
 0.05321146 0.07494882 0.04448325] [0.27433863 0.3669639  0.20566684 0.02971001 0.00903338 0.01873062
 0.05369423 0.02856488 0.01329752] [0.00543919 0.00427216 0.01278389 0.00242351 0.00587039 0.08884453
 0.8722201  0.00207669 0.00606956] [7.5716065e-04 1.1881811e-03 9.1795431e-04 4.2933417e-03 9.7786909e-01
 5.2311439e-03 1.9589756e-03 6.7194656e-04 7.1122013e-03] [0.12038273 0.12272023 0.06751768 0.02112423 0.04729317 0.03129889
 0.10995038 0.35315326 0.12655939] [6.1637710e-04 6.8278442e-04 8.9121878e-04 1.6172091e-02 1.4686360e-03
 1.0030774e-02 9.6439171e-01 1.8551148e-03 3.8912750e-03] [0.03738947 0.1644303  0.12359111 0.6091021  0.00567679 0.03113225
 0.00899136 0.01301378 0.00667282] [0.05325799 0.07807653 0.3085696  0.32659063 0.03881194 0.06293448
 0.02196267 0.07810719 0.03168895] [7.6211343e-04 3.2676186e-04 2.3339037e-04 6.1712001e-04 9.9693632e-01
 2.5667797e-04 1.9544266e-04 4.2741804e-04 2.4470579e-04] [0.0016418  0.00177138 0.00104795 0.04325563 0.00204297 0.00547749
 0.00198732 0.9257616  0.01701384] [0.04464911 0.02964596 0.01632983 0.14449283 0.03347455 0.40638834
 0.16104396 0.05387675 0.11009865] [0.01452743 0.03186985 0.04815007 0.01284816 0.00737264 0.03488802
 0.81662565 0.01939467 0.01432349] [0.01883094 0.02227898 0.1033815  0.01326053 0.01829432 0.7758505
 0.01450711 0.0236804  0.00991572] [1.3806375e-03 6.7457091e-04 1.2763818e-03 9.8396033e-01 1.1876422e-03
 2.4769511e-03 3.0109279e-03 1.0303464e-03 5.0022090e-03] [7.2952412e-04 2.0887575e-03 9.9375641e-01 1.1529749e-03 4.1682107e-04
 3.0645219e-04 6.4328074e-04 3.3554473e-04 5.7018100e-04] [0.01576611 0.01939017 0.92343724 0.01626001 0.00674927 0.00576558
 0.00288408 0.00786678 0.00188078] [0.02264014 0.34074685 0.4931     0.06049255 0.00740598 0.01353355
 0.01430674 0.0235411  0.02423305] [0.92833245 0.01691099 0.00947743 0.00371962 0.00318533 0.00566984
 0.02786443 0.00261279 0.00222715] [1.6500929e-03 2.6270568e-03 9.8761904e-01 1.7971672e-03 8.0466364e-04
 4.7512978e-04 2.2836567e-03 1.5032797e-03 1.2398852e-03] [2.7114614e-03 1.6978933e-03 2.9507270e-03 3.4785790e-03 2.9294246e-03
 2.1483186e-03 9.5224113e-04 9.7956502e-01 3.5663114e-03] [0.90157366 0.05626528 0.00644221 0.00341763 0.00425748 0.00419675
 0.00833935 0.01216737 0.00334034] [0.02437151 0.01742548 0.01951397 0.1373541  0.02776721 0.07733636
 0.07039983 0.05718334 0.5686482 ] [0.02387846 0.00779337 0.01442375 0.24678597 0.01357491 0.2845183
 0.02150233 0.02485603 0.36266688] [3.6392596e-03 6.1840662e-03 9.7754741e-01 1.4846593e-03 1.8793266e-03
 1.3539911e-03 3.5089238e-03 3.9009801e-03 5.0144014e-04] [5.7338359e-04 2.6904501e-03 4.9902359e-04 2.4795976e-02 1.0887049e-03
 2.0659582e-03 1.2339756e-02 1.1431846e-02 9.4451487e-01] [5.1401934e-04 4.7125272e-04 1.2281843e-04 7.1473088e-04 9.9706906e-01
 4.7266553e-04 2.0270917e-04 1.8478402e-04 2.4795832e-04] [0.0049629  0.00264643 0.00150461 0.0082382  0.00310361 0.9213085
 0.05000157 0.00508456 0.00314963] [0.08775699 0.07886691 0.31751898 0.01575501 0.0941407  0.03926511
 0.0249613  0.19256443 0.14917058] [5.1456685e-03 9.6847969e-01 1.6393289e-02 7.9379766e-04 1.2301698e-03
 9.0390467e-04 2.4171292e-03 3.7686729e-03 8.6765079e-04] [0.05615699 0.09468326 0.09914772 0.16806881 0.04384308 0.07531325
 0.06001774 0.10096494 0.3018042 ] [0.02157401 0.15400675 0.05125466 0.01567708 0.01273964 0.6332761
 0.02949294 0.04410695 0.03787182] [3.2649425e-04 6.5745029e-04 1.2983354e-03 9.9462283e-01 7.9397782e-04
 9.1648829e-04 4.6359492e-04 4.8466600e-04 4.3620710e-04] [0.05666248 0.39453456 0.2063985  0.09596615 0.04802831 0.07478086
 0.07177483 0.03860374 0.01325061] [0.15579987 0.04300521 0.04287049 0.11358481 0.04616468 0.22694023
 0.1945256  0.04784491 0.12926416] [0.08257359 0.02233501 0.02313109 0.1301771  0.02016982 0.33708405
 0.22098091 0.1264169  0.03713154] [0.05190626 0.05369689 0.03090434 0.09592503 0.0502956  0.63874996
 0.0234497  0.02496773 0.03010448] [0.00454061 0.00764715 0.01493411 0.02286845 0.00547777 0.0211488
 0.91148627 0.00710865 0.00478815] [0.01159628 0.00903959 0.03591565 0.00346739 0.89951634 0.00739381
 0.01484118 0.00655292 0.01167685] [0.93088967 0.01705196 0.01684529 0.00207891 0.00572488 0.00279728
 0.00895368 0.00978636 0.00587199] [0.0250139  0.02406569 0.01814179 0.07125102 0.04266625 0.23067419
 0.23829934 0.09934669 0.2505411 ] [0.00217909 0.00243193 0.002844   0.95424277 0.00491547 0.0019754
 0.01645624 0.00615566 0.00879946] [0.01022889 0.95196426 0.00838007 0.00489598 0.00529331 0.00386862
 0.00678056 0.0042019  0.00438646] [0.01614088 0.76676154 0.02677899 0.00569401 0.00576795 0.01438966
 0.08019889 0.01207688 0.07219117] [0.05484372 0.02762453 0.02600271 0.14454883 0.04112524 0.43797156
 0.07092855 0.11256815 0.08438668] [7.1653584e-04 1.7855371e-03 9.9402583e-01 2.2768756e-04 6.3415657e-04
 9.8068651e-04 3.3001520e-04 9.9036994e-04 3.0918320e-04] [0.01030502 0.35253894 0.5902917  0.00791543 0.00922532 0.00640742
 0.00712264 0.01114771 0.00504585] [9.6445912e-01 2.1333275e-02 4.7543221e-03 2.5692859e-03 7.4868818e-04
 1.5556564e-03 1.0632462e-03 3.0171268e-03 4.9922487e-04] [0.00498105 0.00410623 0.00656005 0.05263722 0.00873971 0.00942806
 0.00785729 0.00526694 0.90042347] [0.05171092 0.03778926 0.01346033 0.07763521 0.02060422 0.48235014
 0.08097626 0.1344898  0.10098386] [0.05871186 0.03958503 0.04862543 0.08729112 0.0405196  0.07266971
 0.03092814 0.40746203 0.2142071 ] [0.0403217  0.04761617 0.02280532 0.00919106 0.01162326 0.02503574
 0.02832521 0.7651501  0.04993141] [0.13413422 0.5770877  0.03511499 0.01493312 0.01903847 0.01368994
 0.04552936 0.06652191 0.09395033] [0.020417   0.04945103 0.03000066 0.05568111 0.03827772 0.2554495
 0.33203876 0.02458411 0.19410011] [5.1409105e-04 8.2326139e-04 5.0933741e-04 6.4130645e-04 3.8950823e-04
 7.7231193e-04 3.2121057e-04 9.9579877e-01 2.3016166e-04] [0.1642614  0.10341746 0.09254343 0.08850237 0.14076544 0.14172305
 0.07070754 0.17405584 0.02402346] [0.13389665 0.74210095 0.02364947 0.00524265 0.00540524 0.01572751
 0.01733449 0.02826428 0.02837881] [0.96824604 0.00549789 0.00365084 0.00386495 0.00373281 0.00308461
 0.00285849 0.00412989 0.00493441] [0.0381611  0.03056424 0.840954   0.01154934 0.00895728 0.00960313
 0.01790708 0.01384037 0.02846341] [0.04052168 0.03662637 0.0449921  0.16249044 0.04462066 0.49213955
 0.02336619 0.09593068 0.05931231] [0.98274326 0.00157629 0.00279578 0.00173666 0.00341231 0.00113714
 0.00333601 0.00186742 0.00139516] [0.00831357 0.00976678 0.5121313  0.4529856  0.00449503 0.00297268
 0.00402706 0.00240096 0.00290706] [0.00145042 0.00111684 0.00212383 0.00912649 0.00159941 0.00380672
 0.9753087  0.00247577 0.00299179] [0.08129058 0.8269423  0.01039677 0.00258573 0.01021674 0.00454624
 0.00737698 0.0060125  0.05063212] [0.0206776  0.01288328 0.03519819 0.01471411 0.74058604 0.00960792
 0.01582287 0.01493509 0.1355749 ] [0.23290317 0.00614483 0.00424529 0.01586859 0.01495017 0.00951439
 0.6160527  0.01305722 0.08726361] [1.2703573e-04 2.0501677e-04 1.1566260e-04 2.7509913e-04 9.9823964e-01
 9.6957563e-05 7.8707257e-05 5.1332702e-04 3.4855591e-04] [0.25268295 0.06348339 0.03684294 0.39162934 0.03172158 0.01976393
 0.06266399 0.11350878 0.02770306] [0.0125805  0.1096368  0.03223826 0.02712175 0.03939026 0.02353122
 0.01180057 0.7198328  0.02386789] [0.00410552 0.02862426 0.00606777 0.00543888 0.00322062 0.32142594
 0.60276544 0.01072476 0.01762686] [1.0171639e-03 1.6645425e-03 1.3396774e-02 3.6528445e-04 9.8055995e-01
 4.1955107e-04 5.1730184e-04 1.1600162e-03 8.9946960e-04] [0.00595236 0.00692948 0.00988005 0.02070836 0.00905463 0.00967009
 0.9152378  0.00721741 0.01534983] [0.00584978 0.00707076 0.0053691  0.00737224 0.01039486 0.01987747
 0.0602442  0.64741313 0.23640847] [0.14655341 0.05193972 0.69098127 0.03827171 0.01075047 0.01835898
 0.01726289 0.01748346 0.00839809] [0.00712256 0.01053811 0.00402697 0.17012417 0.00825843 0.04285454
 0.0106679  0.73337513 0.01303223] [0.00769644 0.02158473 0.01232154 0.01182092 0.06528232 0.04158356
 0.7647072  0.06228411 0.01271918] [2.5989250e-03 1.5610817e-03 9.8345137e-01 5.9570684e-03 9.2365028e-04
 5.9848907e-04 1.4067306e-03 2.3949337e-03 1.1078187e-03] [0.02147861 0.01896639 0.00545697 0.08859155 0.02553076 0.0258197
 0.58854896 0.0188706  0.20673642] [0.01607813 0.13347273 0.00992252 0.02018065 0.7699765  0.01867435
 0.0082445  0.01484889 0.00860177] [0.00636267 0.00387741 0.00368926 0.03535319 0.01730242 0.9037399
 0.00735705 0.00869165 0.01362648] [0.01980019 0.05036125 0.46813065 0.05881808 0.05399946 0.11324248
 0.06063056 0.01687099 0.15814638] [0.00586507 0.00106715 0.00182713 0.0122581  0.00212133 0.00338809
 0.00360209 0.95445013 0.0154209 ] [3.8466096e-04 1.0771623e-03 4.0363034e-04 5.9703836e-04 3.1339889e-04
 9.9260640e-01 2.1440501e-03 1.3153189e-03 1.1583464e-03] [0.00172535 0.00331846 0.00322385 0.0036909  0.00310244 0.86519957
 0.10749222 0.0086934  0.00355387] [0.00985411 0.01102088 0.00424093 0.00940706 0.00688851 0.01626864
 0.01731487 0.9209376  0.00406738] [0.01265994 0.00877976 0.04595726 0.03732879 0.02598807 0.01429048
 0.11542068 0.01338608 0.72618896] [1.9331260e-04 1.3434592e-04 1.7430828e-04 1.1223449e-03 3.3647040e-04
 1.9787613e-04 9.9625802e-01 4.5981482e-04 1.1234882e-03] [0.00140357 0.0021763  0.001444   0.00376326 0.00339535 0.00813759
 0.97232777 0.00137895 0.00597326] [9.9246687e-01 5.6865660e-04 2.2946913e-03 7.3317910e-04 4.5679207e-04
 4.8925716e-04 4.2196675e-04 1.0429389e-03 1.5255837e-03] [0.2577218  0.17639713 0.15598658 0.04995551 0.07061391 0.04284686
 0.07111142 0.02384798 0.15151882] [0.01331131 0.07107505 0.77701163 0.10313825 0.00543849 0.00881603
 0.00538016 0.01179578 0.00403336] [0.03576486 0.1345171  0.01160734 0.09348237 0.03747347 0.22950469
 0.04354336 0.06382143 0.35028535] [0.00239914 0.00302873 0.00116992 0.9679745  0.00297557 0.00750309
 0.00681763 0.00240941 0.005722  ] [8.3966798e-04 1.3349578e-03 5.0236727e-04 5.9002684e-04 1.0850718e-03
 1.1927814e-03 2.7400006e-03 9.7504967e-01 1.6665423e-02] [0.8894011  0.0181015  0.01275733 0.00202553 0.00600538 0.00210469
 0.00491056 0.05862023 0.0060737 ] [1.6991441e-03 2.6657041e-03 3.3668362e-04 3.1691152e-04 5.0948060e-04
 4.4216658e-04 1.0662965e-03 9.8377901e-01 9.1845747e-03] [0.00305477 0.00588626 0.01198124 0.9630179  0.00159594 0.00332132
 0.00370742 0.00372668 0.00370848] [0.01788886 0.01662151 0.01869843 0.78647023 0.01621721 0.04613184
 0.04691374 0.02043811 0.03062008] [4.0512907e-04 8.8417222e-04 7.4625586e-04 6.4938178e-04 9.9511129e-01
 3.4758105e-04 4.3734649e-04 1.0732461e-03 3.4565359e-04] [0.01393759 0.19139417 0.00987099 0.08115619 0.00921238 0.00910614
 0.03237085 0.6432414  0.00971028] [0.0171235  0.16094123 0.06903589 0.0140935  0.02193607 0.05205152
 0.02261483 0.6177165  0.02448699] [0.09036686 0.05381083 0.02340006 0.00143144 0.00487882 0.00729556
 0.00292915 0.80712366 0.00876363] [0.07616672 0.04632732 0.33056936 0.04766134 0.03540406 0.23772703
 0.05688409 0.10506196 0.06419814] [0.9438492  0.00819179 0.00254684 0.00370604 0.00444115 0.00983082
 0.0092168  0.00818047 0.0100369 ] [3.20987892e-04 5.71098004e-04 5.65914379e-04 1.00721815e-03
 9.96284068e-01 1.01149744e-04 4.17792995e-04 4.80580842e-04
 2.51227437e-04] [0.06414857 0.08678537 0.14646584 0.05758077 0.03484806 0.09221794
 0.05714819 0.14622723 0.31457806] [0.0181314  0.02234677 0.0263062  0.03358521 0.59921986 0.04026338
 0.06489738 0.08604728 0.10920254] [0.00225346 0.00168935 0.00282647 0.00272006 0.00513106 0.9714186
 0.0060643  0.00479382 0.00310281] [0.05149015 0.01534131 0.02410044 0.0103636  0.00985693 0.09429642
 0.7781008  0.00814886 0.00830155] [0.0120914  0.02154202 0.00948062 0.0598974  0.00802574 0.07377037
 0.7729718  0.01455504 0.02766555] [0.0266598  0.01724819 0.69627494 0.02466694 0.09822121 0.0266954
 0.02273725 0.04763141 0.03986488] [0.00183801 0.00404508 0.00238382 0.00282716 0.00224874 0.03322933
 0.9442264  0.005942   0.00325956] [0.01041871 0.01685923 0.05944785 0.00972262 0.04137008 0.00758761
 0.01200929 0.82111377 0.02147083] [0.00168844 0.00270586 0.00250202 0.9816328  0.00202298 0.00261237
 0.00149869 0.00321585 0.00212093] [0.00206615 0.00829162 0.9734535  0.0045999  0.00206527 0.00137637
 0.00116724 0.00519198 0.00178798] [0.975573   0.00205383 0.00493909 0.00198931 0.00486768 0.0027848
 0.00281876 0.00298207 0.00199141] [0.04011295 0.70336986 0.09535851 0.04512463 0.01780728 0.01656245
 0.02268247 0.02642156 0.03256033] [6.4946373e-04 3.4502777e-04 4.9966748e-04 3.4020559e-04 9.9517232e-01
 3.7134791e-04 6.0339755e-04 1.3520570e-03 6.6652359e-04] [0.04081453 0.48219287 0.04552612 0.0484496  0.0733825  0.04241572
 0.08927476 0.09066863 0.08727529] [2.0154938e-03 1.0836211e-03 7.4444315e-04 4.2865281e-03 8.3513692e-04
 8.3515840e-03 9.8064888e-01 5.3165463e-04 1.5026946e-03] [9.8533952e-01 1.4205372e-03 1.0530634e-03 3.5544159e-04 7.3663541e-04
 8.0856949e-04 1.3574900e-03 2.6510772e-03 6.2776338e-03]",1 3 5 5 7 4 5 5 3 1 0 3 8 4 8 4 3 5 8 1 0 1 6 0 3 4 1 1 5 7 2 8 8 3 7 4 6 3 4 1 2 0 1 3 0 8 3 8 4 4 6 2 2 2 1 4 3 4 0 5 0 8 2 2 5 7 0 1 8 6 3 6 3 6 4 7 2 7 1 0 4 6 2 1 2 1 1 5 6 8 7 5 0 7 8 7 2 0 6 4 8 6 3 3 4 7 8 6 5 3 2 2 2 0 2 7 0 5 3 2 8 4 5 8 1 8 1 3 2 5 8 5 6 4 0 8 3 1 1 3 2 1 0 8 5 8 7 1 5 7 1 1 0 2 3 0 3 6 1 4 6 4 0 7 6 4 6 7 2 7 6 2 6 4 5 8 7 5 5 7 8 6 6 0 0 2 8 5 7 0 7 3 3 4 7 5 7 5 0 4 8 4 5 6 6 2 6 7 3 2 0 1 4 7 6 0
1468,0,xgboost,0.5,30000,30000,0.8009259259259259,0.972800925925926,"[0.00788468 0.03171801 0.01171658 0.05043872 0.01556904 0.73136634
 0.04145416 0.00976112 0.10009134] [0.3703666  0.07290282 0.2356411  0.02650778 0.01377475 0.14127117
 0.03758411 0.04199957 0.05995211] [1.9957554e-04 2.7909933e-04 4.1767629e-04 9.9628085e-01 1.3298530e-04
 1.2760776e-03 4.2505728e-04 5.0414453e-04 4.8459528e-04] [0.2823451  0.11490591 0.20759544 0.03170284 0.08429623 0.03206112
 0.07225218 0.12490124 0.04993995] [0.00127761 0.00313668 0.00449087 0.00428568 0.00124732 0.01633409
 0.96080136 0.00222342 0.00620299] [2.1046777e-03 1.6614429e-03 9.8824024e-01 1.7787950e-03 1.4219690e-03
 5.0069345e-04 2.3491336e-03 1.6622345e-03 2.8086963e-04] [0.0486622  0.03790342 0.15793975 0.02629416 0.01360726 0.0127276
 0.01378525 0.02831878 0.6607616 ] [0.1983787  0.5781052  0.05827563 0.01254448 0.01158063 0.0174006
 0.09043846 0.02738992 0.00588636] [1.7776554e-03 1.2713131e-03 4.0755137e-03 1.1030075e-03 7.2450255e-04
 9.3219313e-04 1.0413791e-03 9.8770088e-01 1.3735621e-03] [6.6224096e-04 2.9039537e-04 4.0265184e-04 3.7903694e-04 9.9748528e-01
 2.0397893e-04 1.3515113e-04 2.5341421e-04 1.8778555e-04] [2.7833015e-03 1.8041607e-03 4.1661127e-03 1.9106852e-03 9.8179388e-01
 8.9033414e-04 1.2807918e-03 4.1803103e-03 1.1903595e-03] [0.08246872 0.06336731 0.22094679 0.07230552 0.1394215  0.10525338
 0.07995703 0.19014761 0.04613212] [0.19376428 0.09020209 0.09259041 0.06185397 0.0650485  0.15269123
 0.06243208 0.11074132 0.1706761 ] [0.03284721 0.15165119 0.07697017 0.04802107 0.04087093 0.20144248
 0.1071724  0.05445556 0.28656897] [0.90173286 0.01931054 0.02685205 0.00938701 0.01020004 0.00382357
 0.01136704 0.00834463 0.00898227] [0.02748639 0.03540883 0.01128806 0.06318312 0.02715873 0.21517657
 0.18424563 0.04232028 0.3937324 ] [0.00951779 0.01542724 0.00348812 0.9143627  0.00787286 0.01201867
 0.00876436 0.01350976 0.01503849] [0.7362834  0.02902497 0.15628068 0.01884926 0.01293638 0.01160356
 0.00452388 0.02423713 0.00626075] [8.0337026e-04 4.0242728e-04 1.2914445e-03 5.8268668e-04 2.4151012e-04
 2.1184010e-04 5.5041019e-04 9.9509287e-01 8.2344620e-04] [0.01274294 0.02275816 0.03150161 0.01493418 0.06712861 0.02918165
 0.00919081 0.78225845 0.0303036 ] [2.5865715e-03 9.8208666e-01 3.9114882e-03 1.2933185e-03 2.7716800e-03
 3.2078146e-03 7.2479708e-04 1.6503395e-03 1.7673756e-03] [0.03393708 0.7552549  0.01697462 0.0060725  0.0351656  0.01602849
 0.01053204 0.10250313 0.02353165] [4.3827717e-05 9.3357718e-05 1.7431176e-04 2.1905501e-04 1.2789277e-04
 2.6312436e-04 9.9866748e-01 8.8765984e-05 3.2225574e-04] [0.01124686 0.04827889 0.09313221 0.14588249 0.014884   0.03484743
 0.18553375 0.02093013 0.44526422] [9.8672664e-01 2.1327941e-03 2.2174527e-03 1.5932083e-03 7.3568005e-04
 2.2148415e-03 9.7616919e-04 1.3941303e-03 2.0091084e-03] [1.7909250e-03 1.0654212e-03 9.5649075e-04 1.0563989e-02 9.7788143e-01
 4.1875411e-03 1.2551098e-03 1.1262330e-03 1.1728863e-03] [0.00095595 0.00880021 0.91010016 0.02009391 0.00290988 0.00322098
 0.04740655 0.00463683 0.0018755 ] [2.6926221e-04 6.0600555e-04 1.3552130e-04 1.4455640e-04 9.9787927e-01
 1.0329758e-04 2.7993420e-04 2.9042500e-04 2.9179256e-04] [0.0514786  0.0157     0.03373078 0.10921927 0.04548752 0.1517893
 0.12040206 0.06920618 0.4029863 ] [0.01462394 0.04190583 0.8673581  0.01557808 0.00809421 0.01086856
 0.01564104 0.0164926  0.00943757] [3.6643687e-04 3.1644964e-04 4.4742058e-04 6.2566448e-04 4.3501949e-04
 6.7930523e-04 1.4260076e-03 9.9164212e-01 4.0616393e-03] [0.01178639 0.00719027 0.02448002 0.09459933 0.01011443 0.0700903
 0.03126486 0.01792504 0.73254937] [0.00693528 0.01304779 0.01845657 0.00752863 0.8884631  0.01104261
 0.00598072 0.03534136 0.01320395] [0.00632005 0.00913178 0.01014974 0.00870911 0.00573273 0.01744736
 0.01682642 0.03491862 0.8907642 ] [9.9599826e-01 4.6622436e-04 5.2370341e-04 3.6346412e-04 7.8502111e-04
 2.2453963e-04 4.7348591e-04 4.9235072e-04 6.7294185e-04] [0.0390054  0.0101251  0.04461535 0.51334137 0.03951739 0.03539331
 0.08102428 0.07354692 0.16343088] [0.02700101 0.03322417 0.1261326  0.44469783 0.05958517 0.05178085
 0.07750074 0.03946435 0.14061326] [0.23830366 0.16143428 0.07084268 0.05557523 0.06417432 0.2872233
 0.03639671 0.04718513 0.0388647 ] [0.04032184 0.09734834 0.5603285  0.12580863 0.02496534 0.05709086
 0.04494493 0.03797756 0.01121398] [1.1017967e-03 3.3522147e-04 2.0478779e-02 9.7210377e-01 2.8989192e-03
 7.5715274e-04 4.6751220e-04 1.3308191e-03 5.2601314e-04] [0.0094756  0.00421759 0.00695141 0.00980404 0.00506537 0.0341507
 0.02516772 0.01753866 0.8876289 ] [0.02973997 0.16434076 0.01670932 0.03831446 0.02912823 0.10450693
 0.10069852 0.33302644 0.18353534] [0.00315627 0.00387911 0.9386411  0.03712914 0.00389656 0.00297696
 0.00321913 0.00513642 0.00196538] [1.4620724e-03 8.3161867e-04 1.6619330e-03 7.6644821e-04 9.8925471e-01
 1.2567155e-03 2.0019382e-03 1.5318303e-03 1.2327563e-03] [0.00848648 0.93057644 0.01180795 0.00646694 0.01022834 0.00856137
 0.00887602 0.01209339 0.00290303] [3.7675363e-04 1.5276476e-03 4.9292704e-04 7.3571550e-04 3.1821168e-04
 2.3788754e-03 9.9046016e-01 1.7681629e-03 1.9415999e-03] [0.01105391 0.01517496 0.00579073 0.09305822 0.0176791  0.04068993
 0.02742614 0.3459838  0.44314322] [9.9272126e-01 9.5054565e-04 6.5864041e-04 3.7076604e-04 1.9491604e-03
 1.6825069e-03 5.6918385e-04 4.6489583e-04 6.3306408e-04] [0.00390908 0.90155745 0.03249189 0.00606226 0.01150401 0.00265435
 0.00891132 0.02981898 0.0030907 ] [2.3297134e-03 9.4396056e-04 3.2689939e-03 4.9276100e-03 1.2062747e-03
 9.7438824e-01 2.1477875e-03 3.1534762e-03 7.6339245e-03] [0.02624184 0.04503956 0.04249896 0.14698671 0.02338206 0.2318014
 0.12843294 0.03303128 0.32258525] [5.2345666e-04 1.2370384e-03 9.9184024e-01 3.7003153e-03 2.6073828e-04
 2.8864702e-04 1.2786112e-03 5.4289767e-04 3.2804115e-04] [0.08255216 0.776549   0.01750473 0.00835981 0.01320427 0.01169923
 0.03946263 0.02253905 0.02812917] [0.02476888 0.02131942 0.04918841 0.22570987 0.02458733 0.02585864
 0.1249169  0.04398153 0.45966905] [0.00323773 0.00606749 0.00249846 0.00554609 0.9708681  0.00346585
 0.00279178 0.00363115 0.0018934 ] [0.01915141 0.04536945 0.01620451 0.33818522 0.01657077 0.06982096
 0.0414872  0.38003537 0.07317516] [0.0065476  0.00918835 0.00792116 0.5113891  0.02009006 0.02402466
 0.22487979 0.01476699 0.18119231] [8.4071892e-04 3.5040147e-04 9.9551105e-01 1.1769917e-03 2.0068088e-04
 6.5522105e-04 3.2121208e-04 3.4879427e-04 5.9498643e-04] [0.04674978 0.05774528 0.00598594 0.00594132 0.02068072 0.19490942
 0.01048373 0.28565606 0.37184772] [0.7760724  0.07614688 0.02706263 0.01013396 0.00775974 0.01564491
 0.05257507 0.02490359 0.00970089] [0.06048456 0.03492425 0.02598721 0.08491178 0.06037917 0.57806903
 0.02225031 0.07557601 0.05741763] [0.09471782 0.04495093 0.04158146 0.13567811 0.22547874 0.10799755
 0.11484544 0.13829142 0.09645849] [0.0147534  0.08893365 0.01713777 0.03633162 0.01649471 0.02462782
 0.02445912 0.7526951  0.02456682] [0.02641761 0.02071505 0.01555994 0.00756084 0.00615675 0.00682139
 0.8834801  0.01008376 0.02320454] [0.018268   0.06715406 0.7661815  0.07995418 0.01091111 0.00725186
 0.02643069 0.01461265 0.00923593] [0.00476725 0.941272   0.00501436 0.00952502 0.00696666 0.00523729
 0.00395304 0.00557468 0.01768961] [0.0979319  0.38516885 0.1226391  0.03753624 0.02193462 0.00777578
 0.12257951 0.05507032 0.14936367] [0.00537798 0.01150023 0.00661899 0.27665532 0.02326888 0.07136475
 0.01305776 0.0176623  0.57449377] [0.00745216 0.00913052 0.02233297 0.01993629 0.00651644 0.00461191
 0.00455307 0.914209   0.01125768] [0.07623412 0.05715205 0.04884296 0.10742689 0.29165775 0.11114666
 0.11976752 0.04480436 0.14296767] [0.0204192  0.05436578 0.81482786 0.07288098 0.00352259 0.01104411
 0.00542829 0.00950547 0.00800575] [0.04991097 0.01694207 0.02885898 0.05116491 0.03156804 0.25346398
 0.02002785 0.0247607  0.5233025 ] [0.48457906 0.05532788 0.11076961 0.05103859 0.04174044 0.10465501
 0.05749414 0.05017803 0.0442172 ] [0.00463222 0.00451068 0.03737435 0.00298639 0.9299489  0.00475809
 0.00917341 0.00392576 0.00269016] [0.0578049  0.03610924 0.50392264 0.18227334 0.03353231 0.058341
 0.0654363  0.02383747 0.0387428 ] [0.00509581 0.00914218 0.01186383 0.006532   0.05177389 0.02362034
 0.86672777 0.02039211 0.00485211] [0.00984623 0.00544631 0.00707336 0.01724888 0.00689411 0.0162976
 0.00801044 0.83235484 0.09682821] [0.00980655 0.02521291 0.01820135 0.81778985 0.01437526 0.02818469
 0.01739924 0.01528659 0.05374355] [5.1336252e-04 2.1403879e-03 9.8964220e-01 3.1738691e-03 3.7904325e-04
 3.6980645e-04 1.9878754e-03 7.8849134e-04 1.0050278e-03] [0.02961066 0.04710229 0.04647333 0.00813079 0.01691653 0.00968851
 0.00503781 0.8179412  0.01909884] [0.02227377 0.11883917 0.03136846 0.0929855  0.07482836 0.34191108
 0.06941521 0.04380406 0.20457439] [0.0132388  0.02557703 0.01443003 0.07703166 0.06888124 0.19634053
 0.219443   0.08227225 0.30278543] [9.9601644e-01 3.8401515e-04 2.8540686e-04 1.6566025e-04 2.2838909e-04
 3.3379317e-04 2.0344008e-03 2.2195968e-04 3.2995027e-04] [3.7654644e-04 8.9951686e-04 8.1544288e-04 1.4133818e-03 1.0138947e-03
 2.8502986e-02 9.5795590e-01 1.0089618e-03 8.0133388e-03] [0.08132975 0.32981956 0.1051153  0.1055407  0.08972207 0.0926391
 0.05392205 0.0843979  0.05751357] [0.79464823 0.01441711 0.03398605 0.00573031 0.04445446 0.03615015
 0.01496286 0.00860132 0.04704946] [0.0022312  0.00097565 0.03615867 0.9445144  0.0040335  0.003221
 0.00237627 0.0034433  0.00304602] [0.01100092 0.01502756 0.02480229 0.77471316 0.00892677 0.04263398
 0.04951536 0.02146993 0.05191007] [1.9847152e-03 6.7551783e-04 5.9040164e-04 1.4500145e-03 9.8533392e-01
 1.4675132e-03 2.2163501e-03 4.1487725e-03 2.1327515e-03] [5.4496009e-04 2.1412336e-04 3.2462538e-04 1.8783378e-04 9.9766159e-01
 4.3756212e-04 1.7923089e-04 3.6300992e-04 8.7007706e-05] [0.04024037 0.3845849  0.3391146  0.02619462 0.05628776 0.04565493
 0.0186173  0.06956892 0.0197366 ] [0.00827332 0.00314685 0.00513562 0.01124037 0.00464914 0.00874034
 0.90322226 0.03700985 0.01858223] [0.08087922 0.092505   0.04143676 0.02443825 0.04214093 0.46135518
 0.02536742 0.04074555 0.19113174] [0.0613866  0.13226074 0.05936702 0.0177731  0.00728073 0.00576661
 0.02987787 0.64406717 0.04222015] [0.12163469 0.03017978 0.05952567 0.01650899 0.06881718 0.42786744
 0.22076038 0.01772437 0.03698154] [1.4773707e-03 1.4315344e-03 3.0447692e-03 1.1814401e-03 5.7665503e-04
 9.6642179e-04 7.9772540e-04 9.8964649e-01 8.7758293e-04] [0.0018563  0.00266078 0.00175474 0.00694402 0.00660956 0.01824236
 0.955232   0.0023198  0.00438039] [0.64107585 0.07512391 0.02959198 0.03617999 0.03124285 0.0361659
 0.01755738 0.03128188 0.10178025] [0.00237017 0.00200439 0.00196015 0.00153063 0.9794811  0.00231123
 0.00130761 0.00597425 0.00306054] [0.07066749 0.497561   0.08595583 0.0559781  0.02836962 0.1486775
 0.01931209 0.02608216 0.06739626] [0.21040179 0.02762157 0.04097364 0.2929608  0.03401049 0.05775714
 0.03484484 0.05086197 0.25056776] [4.0541182e-04 2.1820245e-03 1.0794507e-03 2.6066483e-03 1.6927752e-03
 9.7720659e-01 4.3273508e-03 1.6292740e-03 8.8704666e-03] [9.9289048e-01 2.3581504e-03 3.3035927e-04 4.6521483e-04 5.2135013e-04
 8.4664411e-04 5.6617148e-04 1.4839488e-03 5.3766463e-04] [0.01881842 0.09193914 0.29336154 0.351102   0.11691884 0.0193815
 0.02675531 0.02987983 0.05184348] [6.0336839e-04 2.4491295e-03 7.4592716e-04 3.2752196e-03 6.7281281e-04
 2.2493806e-03 9.8708677e-01 1.1515927e-03 1.7657921e-03] [0.2991936  0.3414192  0.05808859 0.03259414 0.02605374 0.04861004
 0.04956247 0.07093788 0.07354034] [0.01512832 0.00287828 0.00867859 0.02647197 0.01467808 0.00868665
 0.83722895 0.01450578 0.0717434 ] [9.9868351e-01 2.1315223e-04 1.7930502e-04 2.0621080e-04 1.1843304e-04
 7.4353142e-05 2.0439697e-04 1.6827801e-04 1.5235570e-04] [0.05534489 0.04489868 0.12405837 0.04920958 0.01828126 0.42871025
 0.2334314  0.02634803 0.01971752] [0.10516578 0.03395611 0.19480135 0.20676275 0.02683346 0.04461117
 0.117539   0.18774943 0.08258092] [0.02403524 0.17311631 0.73361033 0.02254976 0.00649389 0.00612806
 0.0056334  0.01817028 0.0102627 ] [0.00550296 0.02051132 0.00576578 0.02663233 0.01216707 0.01510924
 0.8729282  0.00776675 0.03361629] [0.0424289  0.11227487 0.03863717 0.09913155 0.07667756 0.16642632
 0.04859135 0.1947384  0.22109388] [0.77217114 0.10640404 0.03997575 0.01244214 0.00875247 0.02166487
 0.01242865 0.01443254 0.01172839] [1.3101702e-03 2.1672510e-03 7.0807105e-04 6.8998956e-03 1.1057159e-03
 5.0415788e-03 6.0899439e-03 3.1687950e-03 9.7350866e-01] [0.01372552 0.07930147 0.03276471 0.15292463 0.01659577 0.4842881
 0.03139937 0.1321214  0.05687909] [0.05060504 0.00654586 0.00398852 0.01363327 0.00490935 0.01492205
 0.8912588  0.00431048 0.00982664] [1.1754601e-03 9.9247628e-01 2.1372307e-03 8.5129385e-04 9.7201800e-04
 6.2454300e-04 9.8977250e-04 4.7228383e-04 3.0116882e-04] [0.13599741 0.05389153 0.18983972 0.23448779 0.03161296 0.01809329
 0.24722849 0.07229259 0.01655618] [0.00200991 0.00131721 0.00210384 0.00581207 0.00381259 0.75565714
 0.02592539 0.01779816 0.18556373] [0.01699186 0.03826694 0.00605683 0.00362028 0.00221531 0.00294943
 0.00566759 0.92126155 0.00297016] [0.03089505 0.01237635 0.01340001 0.25284007 0.19412827 0.06662297
 0.11350914 0.03025952 0.28596863] [2.4006125e-03 5.1986938e-04 8.1806991e-04 2.6688217e-03 1.9798360e-03
 2.6322007e-02 9.6245825e-01 6.9168635e-04 2.1408887e-03] [0.00556931 0.00974714 0.00241828 0.04884117 0.00714935 0.06731906
 0.01925926 0.04520718 0.7944892 ] [0.015532   0.03071616 0.42015433 0.24670693 0.0360503  0.02797458
 0.16853876 0.02226803 0.0320589 ] [4.8411629e-04 1.7147878e-03 9.8448563e-01 1.1168867e-02 3.8074300e-04
 2.9054872e-04 4.6711712e-04 4.4628861e-04 5.6190504e-04] [0.00642197 0.00900396 0.01086146 0.04079679 0.00762604 0.02060895
 0.860702   0.03142918 0.01254968] [0.26975182 0.2721807  0.12788507 0.05120815 0.02470618 0.06890931
 0.05117616 0.09589247 0.03829015] [0.09550509 0.05987557 0.28468335 0.06984604 0.16688378 0.02322422
 0.20705651 0.05496673 0.03795872] [3.8283535e-03 9.8775744e-01 9.1070699e-04 9.8778994e-04 5.7666085e-04
 2.8688523e-03 2.7721209e-04 1.2028080e-03 1.5901290e-03] [7.4186746e-04 5.3815375e-04 3.7268377e-04 3.8902434e-03 5.5384653e-04
 9.8728311e-01 2.4670169e-03 4.9267878e-04 3.6603895e-03] [0.01084565 0.04069788 0.01945394 0.12585333 0.02322041 0.08046695
 0.05855051 0.13636608 0.5045452 ] [0.05261901 0.04582266 0.03448582 0.18963669 0.02944155 0.2049048
 0.02285904 0.24209943 0.17813104] [0.01296098 0.01016029 0.01335463 0.01591788 0.06718015 0.02836138
 0.01333641 0.13791177 0.7008165 ] [0.00683735 0.00778767 0.00533399 0.7672097  0.03492916 0.06520844
 0.01341953 0.06768626 0.03158788] [3.5367589e-03 1.4010817e-03 9.6662474e-01 2.0902095e-02 2.5946004e-03
 7.8701071e-04 1.3029798e-03 1.9741354e-03 8.7662268e-04] [0.00610561 0.0111227  0.02288865 0.10118968 0.004068   0.0146317
 0.07851423 0.04099226 0.7204872 ] [0.00762608 0.00186362 0.00307252 0.00287014 0.9674498  0.00371666
 0.00348588 0.00314601 0.00676935] [0.00454002 0.95149714 0.00839796 0.00397168 0.00655458 0.00434295
 0.00388997 0.00623256 0.01057313] [0.01878581 0.09921911 0.02032369 0.33245263 0.02118758 0.03430951
 0.09502368 0.04098362 0.33771437] [0.02014794 0.02242382 0.6579405  0.19795015 0.02647175 0.01540347
 0.01822652 0.02897847 0.01245735] [0.00571476 0.02067185 0.01829576 0.7119464  0.03683215 0.1144634
 0.04362424 0.02255397 0.02589742] [0.09218292 0.7945759  0.03585893 0.02110153 0.0060217  0.01940881
 0.00961158 0.0095327  0.01170596] [0.02580298 0.02750153 0.38777477 0.40930584 0.03992622 0.03641231
 0.01037508 0.02403671 0.03886454] [0.01301485 0.01590283 0.02952406 0.4704775  0.03285305 0.09662621
 0.0458407  0.02912525 0.2666356 ] [0.01322575 0.01048948 0.02920724 0.06526787 0.12828568 0.20861249
 0.4742537  0.02157478 0.04908303] [0.01729549 0.01413807 0.26234445 0.6430683  0.0104112  0.012924
 0.01679981 0.00796487 0.01505381] [1.2573075e-03 1.2367598e-03 1.4997512e-03 6.9280602e-03 9.8624402e-01
 5.0119427e-04 8.8657386e-04 1.0224723e-03 4.2380480e-04] [0.09792801 0.04225027 0.01674451 0.01955099 0.00636652 0.00972324
 0.00984167 0.7900171  0.00757769] [0.03136333 0.01110674 0.2676898  0.23965722 0.02070712 0.36357337
 0.03107153 0.01431943 0.02051141] [1.3622501e-03 9.9182210e-04 8.9170138e-04 1.7288778e-03 1.3359770e-03
 3.2032623e-03 9.8284078e-01 1.7178955e-03 5.9274775e-03] [0.04799539 0.11179027 0.3960997  0.2990079  0.02877211 0.01342005
 0.02628241 0.06094063 0.01569154] [0.00169016 0.00136091 0.00120354 0.01303899 0.00503425 0.00726839
 0.00213939 0.9536729  0.01459146] [0.03985404 0.43620613 0.04604501 0.0417499  0.02952038 0.12321899
 0.05261976 0.0316906  0.1990952 ] [0.00216632 0.9720747  0.00412475 0.00492097 0.00290277 0.00746489
 0.00139814 0.00175736 0.00319007] [0.12287881 0.0094761  0.02725718 0.0313569  0.03849084 0.08137821
 0.02513023 0.23428123 0.4297505 ] [0.01847417 0.04587307 0.03028069 0.10778365 0.04214239 0.2897474
 0.02420112 0.16860001 0.2728975 ] [0.01308364 0.01241574 0.02163571 0.00900363 0.06615163 0.8123551
 0.02402767 0.00677552 0.03455133] [0.01444179 0.0114092  0.11162866 0.04339775 0.0083436  0.01383707
 0.0084334  0.01092949 0.777579  ] [0.03445452 0.04162764 0.29308888 0.18661112 0.03324109 0.09714735
 0.04052147 0.02729614 0.24601176] [0.20057343 0.48007864 0.03598729 0.01641492 0.05180038 0.01714958
 0.09994515 0.06840571 0.02964489] [0.00747081 0.00324824 0.00368026 0.00124219 0.00312176 0.00196312
 0.00231872 0.92221504 0.05473993] [0.00861047 0.01206853 0.01091083 0.5028548  0.01319785 0.03127961
 0.04794079 0.08192014 0.2912169 ] [0.05630115 0.02033538 0.01577126 0.1606258  0.19444132 0.20996821
 0.09708992 0.0583112  0.18715571] [0.9655275  0.00614473 0.01794699 0.00116997 0.00201997 0.00237643
 0.00128958 0.00198239 0.00154245] [0.0291762  0.9276744  0.00868936 0.00344095 0.00252306 0.0034158
 0.00359105 0.00477189 0.01671728] [0.00900187 0.00175698 0.00162345 0.00204859 0.96684164 0.00386034
 0.01033514 0.00350405 0.00102801] [0.03120814 0.01152586 0.01582842 0.578231   0.0528953  0.05674338
 0.03005733 0.16923949 0.05427107] [0.01600304 0.01173219 0.02636388 0.19832258 0.01433602 0.19633402
 0.04787242 0.03625196 0.45278385] [0.08047976 0.07373944 0.05770981 0.04769975 0.39162967 0.0408068
 0.04387889 0.15897818 0.10507769] [5.1834999e-04 2.4776044e-04 3.7412212e-04 3.3321278e-04 2.6532597e-04
 2.4415247e-04 3.3896309e-04 9.9750537e-01 1.7276024e-04] [0.00836507 0.00530761 0.02862103 0.02371708 0.00470086 0.01304405
 0.01504837 0.06775348 0.8334425 ] [0.03414593 0.04068172 0.095155   0.05054845 0.04927072 0.08216672
 0.1792076  0.17689092 0.29193297] [0.00678583 0.00247903 0.00449481 0.00467161 0.97075    0.00221183
 0.0027014  0.00325055 0.00265494] [0.02586181 0.30635107 0.03615016 0.03019314 0.02569737 0.0170924
 0.00854436 0.5152641  0.03484559] [0.00570291 0.00532631 0.00636924 0.03828258 0.00774319 0.01276812
 0.88509434 0.00689168 0.03182166] [0.05976347 0.10690516 0.09784099 0.27828416 0.06024358 0.07881991
 0.13843276 0.0958708  0.08383919] [0.4073625  0.07343397 0.4380822  0.01151473 0.00802728 0.01428485
 0.01902558 0.01127895 0.01698995] [0.09001653 0.20287265 0.05561931 0.03645587 0.18964952 0.22593737
 0.08222283 0.06705172 0.0501742 ] [0.00304619 0.00145397 0.00223109 0.00215184 0.0012903  0.00122313
 0.9837606  0.00269448 0.00214844] [0.00782592 0.00889368 0.02372749 0.8637646  0.01156212 0.01823803
 0.02946962 0.00973473 0.02678378] [0.03829137 0.01307518 0.02212049 0.1779627  0.16172503 0.20669529
 0.0771933  0.08770101 0.2152356 ] [0.00667573 0.00452113 0.00733768 0.00769522 0.00862785 0.05484699
 0.88260573 0.01737013 0.01031947] [0.8739547  0.06535763 0.01168701 0.00321275 0.0034065  0.0023798
 0.01174183 0.01945606 0.0088037 ] [0.03080659 0.03847294 0.13610114 0.167478   0.06500661 0.09412084
 0.21218675 0.09045893 0.16536824] [0.59219    0.01112104 0.02059037 0.04720029 0.01649809 0.14410728
 0.06434271 0.0158949  0.08805532] [0.03004378 0.02127797 0.21355183 0.4174774  0.05986117 0.11349539
 0.05398503 0.03423988 0.0560675 ] [0.02146259 0.0302808  0.00657294 0.04640504 0.0282479  0.26311237
 0.01238816 0.04088406 0.5506462 ] [0.05246871 0.8373786  0.04991007 0.0034773  0.00518132 0.01774494
 0.00388258 0.02300621 0.0069502 ] [0.01917397 0.01768209 0.01550731 0.01007137 0.9037579  0.00774271
 0.00966186 0.01000374 0.006399  ] [2.0202769e-04 1.4524444e-04 2.3248588e-04 9.9724102e-01 2.8270128e-04
 7.5842219e-04 3.4479090e-04 4.0822121e-04 3.8513282e-04] [0.0117106  0.9178083  0.0309387  0.0048968  0.00779818 0.00523479
 0.00676615 0.00426888 0.01057758] [0.07947753 0.04686531 0.05131975 0.15696348 0.21436585 0.23754527
 0.08854662 0.05720531 0.06771092] [0.12171815 0.05129676 0.0546053  0.05565978 0.05217171 0.03582464
 0.05748299 0.5505082  0.02073245] [6.5223861e-04 1.0717849e-03 1.2557352e-03 2.1843582e-03 5.3959101e-04
 5.7719211e-04 1.9213845e-03 9.7106153e-01 2.0736227e-02] [2.60284659e-03 1.42304255e-02 9.74053800e-01 7.67559686e-04
 1.24290551e-03 3.44555010e-04 1.80407846e-03 4.58372757e-03
 3.70059890e-04] [0.01578741 0.01079901 0.04317781 0.2560553  0.03730737 0.18302126
 0.06670912 0.02111441 0.3660283 ] [0.0337469  0.10559454 0.30567905 0.30032706 0.02533138 0.08039909
 0.03077528 0.04532054 0.07282615] [0.03618214 0.03505218 0.03070077 0.01627945 0.770429   0.02620492
 0.02856    0.02304006 0.03355149] [0.13639575 0.07293303 0.08938695 0.09690694 0.05086602 0.05314964
 0.06136669 0.1544702  0.28452474] [0.01347073 0.06592268 0.01352217 0.17120472 0.01823862 0.09161165
 0.09724987 0.13631187 0.3924677 ] [0.00630296 0.00316719 0.00257002 0.01532612 0.01245377 0.00884967
 0.54958    0.00368208 0.3980682 ] [0.02626474 0.01925018 0.00658235 0.04540139 0.01257822 0.02131907
 0.1879535  0.02940872 0.65124184] [0.02107667 0.0702972  0.08462238 0.08173381 0.06859694 0.12033261
 0.47798395 0.03803197 0.03732441] [0.1348978  0.1117805  0.08111431 0.05399746 0.05565605 0.10334908
 0.09035312 0.17069536 0.19815628] [0.85603327 0.01485927 0.0161482  0.04366875 0.0075693  0.01541193
 0.01525026 0.01371652 0.01734252] [4.0598976e-04 5.7477620e-04 3.3981775e-04 4.2223220e-04 2.3034855e-04
 1.8256562e-04 1.5440054e-04 9.9751925e-01 1.7059088e-04] [0.01919521 0.79935014 0.01063466 0.02035321 0.02023981 0.03634556
 0.01006684 0.05615572 0.02765889] [0.00320551 0.00469638 0.91366225 0.03294728 0.00605763 0.00205011
 0.01139986 0.00391457 0.02206641] [0.05262256 0.09494288 0.0144181  0.01937165 0.4865432  0.02493601
 0.27058604 0.019127   0.01745254] [0.02438707 0.02405993 0.83664596 0.06992958 0.01305195 0.01093739
 0.00792333 0.00690833 0.00615644] [0.01166554 0.00793483 0.0119637  0.8146218  0.01500004 0.02590293
 0.06780951 0.02442585 0.02067585] [1.35789523e-04 1.82041389e-04 3.49188282e-04 1.08219036e-04
 1.94908178e-04 2.28432327e-04 9.98614430e-01 1.12405680e-04
 7.45611615e-05] [0.00790507 0.00740632 0.0141494  0.0341821  0.01441284 0.03043824
 0.69457656 0.02480125 0.17212825] [0.0470351  0.37867874 0.21819727 0.05379381 0.08367319 0.02637556
 0.03649514 0.03896068 0.11679056] [5.9032650e-04 4.6163818e-04 5.3153175e-04 2.2974934e-03 9.8813254e-01
 1.3876094e-03 2.1118501e-03 2.0737422e-03 2.4132580e-03]",5 0 3 2 6 2 8 1 7 4 4 3 0 8 0 5 3 0 7 7 1 1 6 8 0 4 2 4 7 1 7 8 4 8 0 3 3 0 2 3 8 7 2 4 1 6 7 0 1 5 8 2 1 8 4 7 3 2 5 0 5 4 7 6 2 1 1 5 7 1 2 5 0 4 2 6 7 8 2 7 8 5 0 6 1 0 3 3 4 4 1 6 5 7 5 7 6 0 4 0 5 5 0 2 6 0 6 0 5 3 2 6 8 0 8 5 6 1 3 8 7 6 6 6 2 2 6 1 2 1 5 3 4 8 3 2 3 4 1 3 2 5 1 3 8 5 3 4 7 3 6 2 7 1 1 8 5 5 8 5 1 7 3 8 0 1 4 7 8 4 7 8 8 4 7 6 3 0 4 6 3 4 6 0 6 0 2 5 1 4 3 1 5 7 7 2 5 2 4 3 8 8 8 6 5 0 7 1 2 4 2 3 6 6 0 4
1468,1,xgboost,0.5,30000,30000,0.8472222222222222,0.9770206404320986,"[0.92683333 0.00701524 0.01056479 0.00334681 0.01632353 0.00305294
 0.0072503  0.01320208 0.012411  ] [0.00336038 0.00392169 0.00429669 0.01058364 0.94057167 0.00918321
 0.00582989 0.0046209  0.01763189] [0.8071035  0.02331054 0.04132725 0.05157092 0.01110186 0.0095568
 0.01584538 0.02360981 0.01657393] [3.2096609e-04 2.0917007e-03 2.7573621e-04 2.2335741e-04 9.9602062e-01
 1.4212634e-04 3.9867350e-04 1.6337950e-04 3.6341217e-04] [0.21845251 0.04057274 0.12550305 0.03872518 0.06575153 0.2506312
 0.13074733 0.04192824 0.08768816] [0.02796896 0.2371574  0.42983264 0.02083155 0.03070017 0.0231046
 0.12027412 0.06094899 0.04918154] [0.9481508  0.00557301 0.00433709 0.00406483 0.00325729 0.02053456
 0.00234142 0.00884859 0.00289235] [2.1740971e-03 1.7562355e-03 2.7916307e-02 9.5265073e-01 3.8434980e-03
 8.7467255e-03 1.0165120e-03 1.2784039e-03 6.1746949e-04] [0.00205824 0.00673174 0.00552783 0.00104407 0.00100867 0.00136182
 0.00107511 0.96988904 0.01130349] [0.9771502  0.00241838 0.00261098 0.0022338  0.00211753 0.00209258
 0.00245085 0.00509182 0.00383387] [0.00923286 0.03055435 0.7370272  0.14772533 0.01040333 0.01104618
 0.0235443  0.02306712 0.00739929] [0.02061278 0.01723972 0.86662936 0.00648301 0.0257099  0.00659936
 0.02655516 0.01867657 0.01149419] [0.01122518 0.05173191 0.01211526 0.11230359 0.01157405 0.06426131
 0.0511165  0.0990608  0.5866114 ] [9.9530739e-01 6.0739444e-04 5.5768277e-04 1.9847504e-04 1.9331371e-03
 3.3882458e-04 3.7294260e-04 4.4192409e-04 2.4219354e-04] [0.43022934 0.09608522 0.04247255 0.02217031 0.02037738 0.23553962
 0.09021783 0.04606856 0.01683916] [0.05940473 0.13422664 0.05969602 0.03576934 0.1238693  0.0759467
 0.15263316 0.07672893 0.28172517] [0.09208456 0.00479285 0.00215573 0.00172893 0.0020345  0.01637056
 0.8759332  0.00288218 0.00201752] [0.01205276 0.02953462 0.01980594 0.8502456  0.03031862 0.024155
 0.00835901 0.01349818 0.01203032] [1.1998027e-03 4.6095016e-04 5.3121388e-04 1.0585573e-03 9.9563724e-01
 1.9190639e-04 3.3560031e-04 4.2188980e-04 1.6285641e-04] [0.02962643 0.6993985  0.03430056 0.02986817 0.0256772  0.01859791
 0.03245556 0.03915447 0.09092123] [0.00757969 0.9405331  0.00788271 0.00581307 0.01198565 0.00680227
 0.00938339 0.0060737  0.00394646] [0.08199181 0.0249627  0.00784993 0.11858954 0.03977165 0.43008083
 0.0355912  0.08596738 0.17519495] [0.00676798 0.01989164 0.00711825 0.0182458  0.00580411 0.067093
 0.7767375  0.07849923 0.01984255] [4.2700424e-04 9.7953517e-04 1.3940184e-03 1.8219439e-03 9.8909599e-01
 1.0634040e-03 3.3654026e-03 9.4786141e-04 9.0482924e-04] [0.02976367 0.06345068 0.2324103  0.1185776  0.11094071 0.12279322
 0.10541326 0.04180487 0.17484565] [9.97646868e-01 1.53505825e-04 4.63402714e-04 7.42128759e-05
 7.55458314e-04 1.60661613e-04 1.16547104e-04 4.85648605e-04
 1.43683050e-04] [0.01332761 0.02077405 0.0073044  0.27034268 0.01461367 0.0615771
 0.5216729  0.02411591 0.0662717 ] [0.0162307  0.06277119 0.03812696 0.01656468 0.02834787 0.02572031
 0.02508359 0.7509502  0.03620447] [0.5778904  0.0379697  0.05871142 0.03691991 0.01978479 0.10783958
 0.06094706 0.06440154 0.03553559] [1.3448378e-03 9.8941809e-01 9.2618493e-04 1.1501561e-03 7.7854563e-04
 2.9862612e-03 6.5551070e-04 1.1931218e-03 1.5473440e-03] [0.05536705 0.01491133 0.07057725 0.29316705 0.02552736 0.07352235
 0.34865877 0.06654212 0.05172672] [0.34093884 0.16444762 0.06141519 0.12566157 0.15180893 0.02087784
 0.04749952 0.0334225  0.05392798] [9.9740368e-01 5.4862321e-04 4.0779397e-04 1.6802903e-04 3.3583282e-04
 2.0321821e-04 2.4396210e-04 2.9892172e-04 3.8994759e-04] [0.03299116 0.00977268 0.01193825 0.06772523 0.02909429 0.42800906
 0.0473889  0.03812277 0.3349577 ] [3.1289278e-04 2.1740107e-04 9.9897885e-01 7.8549347e-05 6.7848741e-05
 1.3157802e-04 6.2567997e-05 1.0792701e-04 4.2362153e-05] [6.7955372e-04 9.9930249e-04 9.9589324e-01 2.5350484e-04 3.2455815e-04
 1.5885182e-04 4.6000275e-04 3.6838997e-04 8.6257223e-04] [0.01449065 0.01505883 0.06218898 0.56659853 0.01385443 0.21515583
 0.04370721 0.02341415 0.04553137] [0.02386637 0.01241939 0.00948725 0.02728389 0.0231619  0.58134764
 0.13915671 0.02870354 0.15457332] [0.01980276 0.06384213 0.023678   0.02177514 0.01175475 0.01025585
 0.7972076  0.02811597 0.02356779] [0.00950347 0.00923584 0.01482146 0.03839073 0.00539215 0.01625965
 0.02755645 0.8684506  0.01038968] [4.5393000e-04 1.8696813e-04 4.1079908e-04 5.5223756e-04 2.9731690e-04
 1.5585603e-03 9.9538851e-01 3.1563707e-04 8.3598378e-04] [0.05026274 0.03716845 0.0319581  0.09695726 0.03375345 0.31840017
 0.04297646 0.24426422 0.14425912] [1.7276632e-03 1.8843315e-03 1.9054710e-03 2.9717723e-03 5.6632736e-04
 9.5856277e-04 8.0652873e-04 9.8877782e-01 4.0154680e-04] [7.4839959e-04 6.6281292e-03 1.5575050e-03 1.4786549e-03 1.5783898e-03
 1.9704835e-03 4.9704239e-03 3.0406853e-03 9.7802734e-01] [0.03618443 0.01452214 0.01497091 0.07443491 0.01147728 0.73407084
 0.04546156 0.01752968 0.05134821] [5.6382903e-04 4.3960786e-04 5.5405393e-04 6.1567925e-04 1.2662680e-03
 4.5135734e-04 9.9530387e-01 6.2974880e-04 1.7556439e-04] [0.00425135 0.0019569  0.9555365  0.00470918 0.00219099 0.00214876
 0.01710328 0.00800155 0.00410154] [9.8458612e-01 2.2722255e-03 2.2553438e-03 9.2568615e-04 1.4192656e-03
 3.4962662e-03 1.6453668e-03 2.2206376e-03 1.1790445e-03] [0.00247579 0.01581926 0.00394889 0.00729438 0.00275933 0.9571763
 0.00492775 0.00199967 0.00359864] [0.00675767 0.00211372 0.00539548 0.00272922 0.00281931 0.0016974
 0.00903729 0.9572461  0.01220381] [0.06347735 0.06635223 0.12560818 0.05830724 0.10874558 0.31501257
 0.10938559 0.10705778 0.04605344] [8.3238434e-04 4.3848227e-04 8.6050791e-01 1.3464357e-01 3.8006637e-04
 1.5291038e-03 7.6198974e-04 4.6523538e-04 4.4129801e-04] [0.17830195 0.45530793 0.01778622 0.21961364 0.02284449 0.02630811
 0.03083965 0.02817879 0.0208192 ] [7.9687248e-05 8.6850836e-05 5.4617168e-04 9.9885607e-01 7.5614204e-05
 1.3879914e-04 5.6598190e-05 1.1089602e-04 4.9286460e-05] [0.06902184 0.25947598 0.2679496  0.05989167 0.02814924 0.05024467
 0.15698391 0.05349229 0.05479082] [0.02256071 0.03980063 0.87071097 0.00765331 0.00601957 0.00487108
 0.00372007 0.00905935 0.03560432] [0.02759244 0.02244237 0.01259143 0.00362769 0.00546994 0.903274
 0.00149809 0.01809364 0.00541036] [9.8885357e-01 1.2229445e-03 2.7230724e-03 5.1913067e-04 1.0266718e-03
 1.5135765e-03 6.0246146e-04 1.8519532e-03 1.6865965e-03] [0.12660252 0.12958016 0.09590117 0.05894963 0.01650084 0.02762637
 0.047257   0.42084283 0.0767395 ] [0.00390637 0.0037295  0.0015194  0.00653974 0.01535281 0.01055117
 0.9340048  0.00661143 0.01778484] [0.25136438 0.13656326 0.10874197 0.03366375 0.02796693 0.05190961
 0.08941436 0.26272509 0.03765064] [0.00497948 0.00322427 0.00142409 0.01915435 0.95164555 0.01099778
 0.00355    0.00344391 0.00158055] [0.00567851 0.00599574 0.00259571 0.01076616 0.00407965 0.01971089
 0.9279914  0.00255536 0.02062662] [0.0349727  0.0087601  0.00467518 0.26646438 0.00766436 0.5620776
 0.014729   0.01397485 0.08668187] [0.04873165 0.009308   0.01545546 0.06627828 0.01493873 0.25172737
 0.11951819 0.12427466 0.34976763] [9.8700804e-01 1.7708181e-03 4.9343787e-04 2.3507557e-04 8.9267353e-03
 3.5244154e-04 4.1081861e-04 4.9049704e-04 3.1214053e-04] [0.27172208 0.03970705 0.036841   0.03518184 0.04184464 0.04670263
 0.02983073 0.2136491  0.28452092] [0.02520573 0.06105996 0.01349309 0.10201781 0.01943805 0.01435552
 0.01472585 0.04188784 0.7078161 ] [0.02864461 0.17325465 0.08188644 0.03338249 0.02982594 0.05623089
 0.45827317 0.10188401 0.03661783] [0.9758591  0.002871   0.00329606 0.00146147 0.00315066 0.00186369
 0.0048737  0.00169    0.00493426] [0.0125382  0.00526925 0.00787187 0.8813059  0.00737462 0.02285471
 0.02271362 0.00630274 0.03376912] [0.02524978 0.38919222 0.07731507 0.2924922  0.03315007 0.03911979
 0.0492412  0.0532525  0.04098715] [0.00226656 0.00272455 0.00181255 0.01150723 0.00107099 0.00155934
 0.00146906 0.9756211  0.00196865] [1.6997506e-04 3.5161371e-04 2.0432206e-04 1.4772239e-04 9.9849558e-01
 1.0547562e-04 1.2831234e-04 1.4468748e-04 2.5227832e-04] [0.9751252  0.00271138 0.00296879 0.00127232 0.00150953 0.00279068
 0.00148284 0.00122102 0.01091829] [1.6732565e-04 9.7864329e-05 1.3042561e-04 9.0561341e-05 9.9854136e-01
 2.2872863e-04 1.5036024e-04 5.1078328e-04 8.2641331e-05] [0.02277867 0.02839218 0.12985575 0.01849651 0.05123355 0.04153091
 0.01799409 0.6713536  0.01836478] [8.9046214e-04 6.3999888e-04 2.6209740e-04 5.1037694e-04 5.3328846e-04
 1.0408884e-02 9.8439634e-01 5.7180959e-04 1.7867594e-03] [0.04867896 0.01195025 0.01178877 0.03106526 0.01684544 0.10415642
 0.08226085 0.6477143  0.04553973] [0.02190939 0.00791088 0.01174482 0.00435373 0.00273877 0.00608028
 0.00434818 0.93580806 0.00510591] [0.13225986 0.00321824 0.00790147 0.00940412 0.00814649 0.8155429
 0.00517284 0.01330938 0.00504474] [0.73853767 0.03924775 0.0542529  0.01286803 0.02247591 0.0426471
 0.02962723 0.02418399 0.03615941] [0.01694356 0.01485099 0.89085644 0.00533347 0.00985138 0.01177889
 0.0093845  0.02869546 0.01230535] [0.03653513 0.06333639 0.01266768 0.6413288  0.01149521 0.02471663
 0.17726666 0.01554774 0.01710578] [0.03998318 0.6564367  0.05398625 0.06092262 0.0413471  0.05526761
 0.04160603 0.02814122 0.02230934] [1.6696022e-04 1.2694276e-04 2.2414008e-04 1.0558753e-03 3.1230194e-04
 7.3952647e-04 6.7853380e-04 9.9642330e-01 2.7238968e-04] [0.18415916 0.0917654  0.0381038  0.17669888 0.03626803 0.0834877
 0.07478857 0.2558909  0.05883756] [2.1675411e-04 4.7376059e-04 1.0198379e-03 4.1061465e-04 9.9576283e-01
 2.0258363e-04 1.3495585e-03 4.0169901e-04 1.6238113e-04] [0.02570263 0.01752268 0.00467145 0.01686236 0.00580285 0.9020531
 0.0066468  0.01670589 0.00403218] [0.11836244 0.0625326  0.09032727 0.1621012  0.03154776 0.15999673
 0.04801883 0.27718326 0.04992992] [1.4878833e-04 5.4225541e-04 5.9147773e-04 1.4231913e-04 9.9746883e-01
 1.2363344e-04 2.0397516e-04 6.8420050e-04 9.4505289e-05] [0.03511893 0.66570216 0.05083201 0.07067236 0.04191723 0.07453135
 0.0250711  0.01726139 0.01889343] [0.86001027 0.01733142 0.02221373 0.01223772 0.02933959 0.0139878
 0.00745411 0.01572601 0.02169937] [0.02997024 0.11287129 0.04769289 0.6547094  0.01862559 0.0409103
 0.03703955 0.04431833 0.01386245] [0.04956288 0.04628973 0.33936286 0.3552522  0.08011273 0.07214705
 0.01175067 0.0162548  0.02926711] [0.74444866 0.08927023 0.01477184 0.02065753 0.05144395 0.01628223
 0.01253561 0.02108184 0.02950817] [0.017965   0.6342965  0.12478419 0.01255882 0.01276839 0.02946864
 0.01942954 0.03431803 0.11441087] [0.00361456 0.00597137 0.01035784 0.00197982 0.9615468  0.00189544
 0.0075403  0.00222934 0.0048646 ] [0.01224307 0.8971919  0.02526412 0.01633545 0.00929442 0.01235524
 0.01106925 0.00875415 0.00749243] [6.5784820e-04 1.4414457e-03 6.7530116e-03 2.7096325e-03 1.2987977e-03
 2.3252575e-03 1.4093397e-03 9.8191583e-01 1.4888794e-03] [0.05176565 0.15485148 0.38449445 0.02558085 0.03827727 0.0290929
 0.12243959 0.07514239 0.11835537] [0.00547603 0.938165   0.01062713 0.00823386 0.00712924 0.00360795
 0.01683937 0.00575492 0.00416653] [5.7019002e-04 2.0879749e-03 9.9011213e-01 2.6439056e-03 9.3832304e-04
 1.0716435e-03 6.3461391e-04 1.5892924e-03 3.5190806e-04] [0.9018576  0.01159591 0.01920674 0.01557431 0.01045973 0.01060143
 0.00951732 0.01035498 0.01083197] [0.00586132 0.02020681 0.01338666 0.00433344 0.946695   0.00189221
 0.00384276 0.00219687 0.00158486] [0.01248971 0.6521899  0.21234235 0.03132067 0.02828396 0.01445716
 0.0279779  0.00511344 0.01582492] [2.3584801e-04 2.7697664e-04 1.8066564e-04 4.0692394e-04 1.6574842e-04
 2.2366234e-04 9.9779236e-01 2.7515632e-04 4.4268428e-04] [0.02920718 0.00924366 0.02362706 0.05946028 0.09375186 0.44914845
 0.14113976 0.14362438 0.05079737] [0.0302706  0.02561785 0.01571137 0.04311915 0.02498975 0.17797667
 0.08235512 0.03278225 0.5671773 ] [0.19299775 0.28283224 0.13730243 0.08140361 0.0450594  0.06488002
 0.0205808  0.07464895 0.10029481] [0.05973329 0.12240937 0.58028585 0.04126195 0.03409729 0.05174511
 0.02011009 0.07329053 0.0170665 ] [1.5535434e-03 9.0372248e-04 9.8626697e-01 2.3358520e-03 1.5194129e-03
 1.9087136e-03 3.0577872e-03 2.1290530e-03 3.2492768e-04] [0.01025818 0.0113219  0.94640505 0.00614409 0.00254293 0.00562527
 0.00708723 0.00495677 0.0056586 ] [0.02918614 0.0195802  0.01988837 0.10147101 0.03017995 0.60767543
 0.09466349 0.05629596 0.04105941] [0.0247328  0.06553845 0.03050041 0.07863493 0.0652023  0.13872826
 0.23824573 0.15013312 0.20828398] [0.08411978 0.01963802 0.01184173 0.05233638 0.02731046 0.31533763
 0.06319359 0.02872476 0.39749768] [0.00323445 0.00286229 0.00337931 0.00726531 0.00361279 0.03365358
 0.93377936 0.01043234 0.00178055] [9.6618640e-01 4.4128671e-03 3.0535660e-03 6.3330638e-03 3.0892778e-03
 4.9877507e-03 4.4598207e-03 6.5294062e-03 9.4782165e-04] [0.00471361 0.00727944 0.00852734 0.02284735 0.00701768 0.05319641
 0.01617667 0.8670767  0.01316485] [0.02368209 0.03222883 0.1422639  0.23254812 0.01817805 0.10064778
 0.02407857 0.02674178 0.39963093] [0.02559105 0.03908342 0.01797731 0.13999857 0.01789265 0.06649168
 0.05832914 0.19454882 0.44008735] [0.04560013 0.73918396 0.09672009 0.010126   0.01735557 0.01816997
 0.02192627 0.03938954 0.01152844] [6.6995446e-04 9.4579055e-04 6.1102869e-04 6.2293513e-04 5.9471396e-04
 6.4664930e-02 9.1934407e-01 2.0948788e-03 1.0451725e-02] [0.00445897 0.00629319 0.01308957 0.01340639 0.00337083 0.9047067
 0.01125264 0.01365725 0.02976449] [0.22415102 0.13255797 0.17877701 0.0634758  0.06899206 0.12688534
 0.07402422 0.04508121 0.08605539] [0.07050042 0.18418324 0.07297479 0.04105065 0.05705753 0.06248864
 0.04407578 0.26341358 0.20425539] [4.7160263e-04 2.1156301e-03 9.3131512e-04 1.0875874e-04 5.9857679e-04
 9.9735602e-04 2.6829881e-04 9.9407285e-01 4.3564587e-04] [0.00864472 0.00562935 0.00263809 0.0145389  0.00316394 0.02269212
 0.00367957 0.00599206 0.9330212 ] [0.00302112 0.00442474 0.00399683 0.04171506 0.00349933 0.9130422
 0.01486294 0.00537433 0.01006351] [0.05279793 0.11788484 0.11856525 0.1527546  0.02877106 0.0255788
 0.01902222 0.46202743 0.02259784] [0.01704449 0.01098969 0.05104861 0.04307053 0.04910558 0.53706604
 0.03865322 0.0489088  0.20411305] [0.03704634 0.05513479 0.03865623 0.03574709 0.01489771 0.04205734
 0.04788495 0.6575119  0.07106364] [0.01269804 0.04446325 0.8050718  0.00703908 0.01883134 0.01384393
 0.0138581  0.04906271 0.03513174] [0.00902817 0.0310506  0.00940455 0.15033399 0.00951104 0.6666936
 0.04510127 0.01711003 0.06176673] [0.01113608 0.8313982  0.04176488 0.00881291 0.01521331 0.01583921
 0.01182546 0.00822354 0.0557864 ] [0.01034189 0.34625894 0.56583834 0.01302891 0.01119216 0.00991885
 0.01338535 0.01050935 0.01952623] [0.47675386 0.01806762 0.05786681 0.1301977  0.0226035  0.04836528
 0.06133237 0.05027392 0.13453896] [2.4063252e-04 3.1277430e-04 1.5533587e-04 2.8110025e-04 1.4084832e-04
 4.5119159e-04 4.6600969e-04 9.9644679e-01 1.5053826e-03] [0.002662   0.00404891 0.00146099 0.00318828 0.00120003 0.97605
 0.00569936 0.00179287 0.00389763] [6.7347509e-04 5.0908391e-04 5.2032265e-04 5.6656064e-03 2.5658472e-03
 4.9300835e-02 9.3808359e-01 4.1672387e-04 2.2644668e-03] [0.0023954  0.00231784 0.00546902 0.00539766 0.00174785 0.0196326
 0.00656614 0.00307178 0.95340174] [0.23989736 0.2874201  0.12669949 0.03940013 0.03452525 0.07087733
 0.02522556 0.11145456 0.06450026] [0.00255649 0.00322518 0.0030311  0.01393716 0.9363916  0.01276665
 0.00418918 0.01600775 0.00789491] [9.3804364e-04 3.7778041e-04 2.2322888e-04 3.8660219e-04 9.9582916e-01
 1.0509572e-03 4.5121653e-04 4.1624502e-04 3.2674562e-04] [0.0257899  0.01017791 0.03068336 0.04365488 0.01571446 0.02569526
 0.03391376 0.10373978 0.7106307 ] [6.2814000e-04 3.3530779e-04 9.9529982e-01 8.0977625e-04 8.1217423e-04
 3.6000903e-04 6.3577894e-04 6.5368571e-04 4.6529376e-04] [0.00943249 0.00354363 0.9675784  0.00352487 0.00281835 0.00620593
 0.00117996 0.00132692 0.00438941] [0.00207668 0.00215829 0.03430091 0.0106788  0.00424733 0.01141572
 0.00668239 0.00741027 0.9210296 ] [0.07659626 0.03258545 0.02164739 0.01730332 0.03282606 0.027164
 0.14364454 0.01915442 0.62907857] [0.03965316 0.08043049 0.05858944 0.01358513 0.6608968  0.0317891
 0.02994048 0.06152538 0.02359004] [0.0580831  0.19972073 0.19756782 0.01502392 0.03482466 0.04401146
 0.09311845 0.32937443 0.02827545] [0.02846175 0.01148207 0.19151588 0.6989112  0.00985801 0.01933278
 0.00696089 0.02128942 0.01218804] [0.01581794 0.01336107 0.02220107 0.78083843 0.01211529 0.0100129
 0.02859141 0.00655519 0.11050671] [0.00258244 0.00429677 0.00359511 0.00209463 0.00926187 0.00173266
 0.00135098 0.97270954 0.00237605] [0.89760464 0.02160133 0.01503947 0.00395796 0.03506847 0.00662322
 0.00799354 0.00712732 0.00498406] [0.41973475 0.21474616 0.0991902  0.01807529 0.03299109 0.03362567
 0.02898018 0.12541449 0.02724213] [0.00302673 0.0026092  0.00187739 0.0093743  0.00565872 0.01748557
 0.94128114 0.01161638 0.00707059] [7.9372479e-04 9.2809065e-04 4.6324855e-04 6.7602372e-04 9.9444008e-01
 4.5284742e-04 7.2767137e-04 9.8582683e-04 5.3251104e-04] [3.2742126e-04 1.0909785e-03 3.4039313e-04 2.6932447e-03 4.2448789e-04
 6.5700524e-04 7.2799070e-04 9.9207920e-01 1.6592902e-03] [0.01595152 0.01558628 0.02215846 0.07967962 0.6013165  0.08472551
 0.02350475 0.04081937 0.11625793] [0.16758732 0.15014897 0.15729727 0.18527335 0.04478782 0.03784878
 0.04745517 0.12576327 0.08383801] [0.00549707 0.00158718 0.00909175 0.00469687 0.00849484 0.06829318
 0.01502523 0.01548802 0.8718258 ] [0.00602812 0.20011732 0.6661308  0.05081055 0.01981732 0.00965406
 0.02070394 0.01787359 0.0088643 ] [0.00777965 0.00582877 0.00493569 0.06157091 0.00759464 0.8770186
 0.0084819  0.01470935 0.01208058] [4.0424516e-04 2.8809198e-04 9.9669099e-01 9.2472835e-04 2.0645258e-04
 3.7586392e-04 2.1112809e-04 7.4056763e-04 1.5786741e-04] [0.04622191 0.04145715 0.03755091 0.21804745 0.1549937  0.06204102
 0.22628444 0.10374539 0.10965807] [0.86657894 0.08352622 0.00717225 0.00576086 0.01249534 0.00533393
 0.00605207 0.00666258 0.00641779] [0.01890741 0.0114815  0.01477012 0.36726677 0.03013098 0.21297948
 0.16280194 0.05281946 0.12884237] [0.00314897 0.00487556 0.00292394 0.89956105 0.0046847  0.02707541
 0.00833238 0.00472891 0.04466907] [1.0926411e-03 1.2113071e-03 3.2619227e-04 7.4580050e-04 9.9272352e-01
 7.3688460e-04 1.4518250e-03 9.8852173e-04 7.2335382e-04] [0.9099797  0.00976483 0.01419904 0.00365673 0.01055756 0.0049523
 0.00765861 0.00588535 0.03334583] [4.59111296e-04 9.98255193e-01 2.69482087e-04 2.04095864e-04
 3.32596246e-04 1.16796364e-04 6.37854901e-05 2.23155119e-04
 7.57340749e-05] [0.00645067 0.00706655 0.02311835 0.92739975 0.00507752 0.00426635
 0.02082297 0.00240982 0.00338804] [0.04261808 0.03907065 0.1596566  0.03427584 0.0313387  0.40725237
 0.1593086  0.03637058 0.09010859] [0.02596832 0.04244593 0.18680245 0.5919373  0.02747184 0.0326834
 0.02256548 0.040152   0.02997326] [0.03069215 0.03064204 0.03884202 0.28082988 0.01681631 0.05830008
 0.04763529 0.02576143 0.47048077] [0.05560404 0.11053625 0.00689522 0.02759002 0.11134589 0.21442907
 0.03667682 0.12422716 0.31269556] [0.04678393 0.02717818 0.00580772 0.02040522 0.71711856 0.11057074
 0.0125254  0.01613406 0.04347615] [0.01743393 0.01012065 0.07027503 0.2331523  0.03303055 0.45970145
 0.03192689 0.01728844 0.12707072] [6.6636922e-04 1.1967034e-03 1.6133402e-03 2.5551752e-04 9.9209881e-01
 1.7906123e-04 3.3066028e-03 3.8155762e-04 3.0210489e-04] [2.4512154e-03 9.6555680e-01 1.8121887e-02 7.8079046e-04 1.4446622e-03
 4.2318846e-03 2.4831612e-03 3.3670210e-03 1.5625351e-03] [0.01731844 0.01587814 0.01251322 0.09160998 0.02457133 0.28601408
 0.02951349 0.24775554 0.27482578] [0.00528575 0.02264703 0.0101084  0.11654198 0.02297513 0.017229
 0.03265055 0.27198675 0.5005754 ] [0.03355893 0.5912365  0.03084603 0.03649106 0.05181392 0.02291832
 0.04229045 0.10368634 0.08715847] [0.0083679  0.02076618 0.00746555 0.00928534 0.01038871 0.00507637
 0.89436865 0.01587474 0.02840659] [0.01348756 0.00361838 0.00869777 0.00627309 0.00632554 0.01451969
 0.91187817 0.00568399 0.02951581] [0.00128773 0.0021975  0.00186762 0.00730908 0.01083919 0.0153015
 0.95405436 0.00122474 0.00591831] [0.00168233 0.0019381  0.00167317 0.02131183 0.00152418 0.01786109
 0.04973392 0.89794767 0.00632778] [0.11391256 0.05278065 0.15046687 0.08183751 0.29927778 0.04853106
 0.08996547 0.06303255 0.10019554] [0.02236146 0.01309775 0.01345304 0.14612313 0.01523254 0.04200309
 0.02393019 0.03886969 0.68492913] [0.15910329 0.03640682 0.04429742 0.38443092 0.06759555 0.1927198
 0.05193412 0.03544257 0.02806949] [0.01350941 0.00428101 0.00410221 0.00638049 0.00388535 0.01567442
 0.00534368 0.03934379 0.9074796 ] [0.11679152 0.09999778 0.33299845 0.03941185 0.06878331 0.03245265
 0.03305799 0.22141276 0.05509372] [0.02424567 0.43873924 0.24722317 0.0261327  0.01573936 0.05304234
 0.02458043 0.05276102 0.11753609] [0.04656141 0.04066568 0.02063713 0.15518142 0.27375814 0.14424413
 0.23249687 0.02522372 0.06123148] [0.01146683 0.68590957 0.04420428 0.00679648 0.19900635 0.00846282
 0.01922414 0.01370638 0.01122322] [0.01167867 0.03307708 0.02488807 0.01574963 0.01279873 0.10224938
 0.01542362 0.11918999 0.6649448 ] [4.6592328e-04 3.5342842e-04 8.2207413e-04 9.8424822e-01 6.7377998e-04
 8.2532829e-03 8.1251678e-04 6.2711688e-04 3.7435808e-03] [0.01342487 0.8363249  0.02045257 0.00870645 0.00789716 0.02113764
 0.02112431 0.04655431 0.02437783] [2.5420307e-04 2.3283887e-04 4.2677237e-04 9.9657261e-01 4.8981613e-04
 4.3015426e-04 7.0127228e-04 4.5077890e-04 4.4150601e-04] [0.10143765 0.09304202 0.1103265  0.20893204 0.12195417 0.13489152
 0.08088078 0.06894835 0.07958695] [0.00494872 0.00318159 0.00570285 0.00838915 0.00407171 0.01033098
 0.01686582 0.00647619 0.94003296] [0.00444577 0.00279975 0.00553177 0.01083797 0.00411176 0.01001554
 0.00664695 0.00559188 0.9500186 ] [0.02256524 0.01563007 0.01603707 0.05959042 0.02527011 0.18087284
 0.084272   0.11104161 0.48472062] [0.05375006 0.10895681 0.02675202 0.0743032  0.09643499 0.09351385
 0.09626454 0.06444671 0.3855778 ] [2.3328088e-02 9.6294296e-01 6.3315267e-03 5.9419998e-04 3.0157138e-03
 9.8588178e-04 1.0377521e-03 1.0277750e-03 7.3608907e-04] [0.03635551 0.0406385  0.03147612 0.13503912 0.05923554 0.03721177
 0.10175388 0.3506506  0.20763898] [1.33756315e-04 1.99209127e-04 1.99449962e-04 6.40407379e-04
 9.97854531e-01 1.19970224e-04 2.16392538e-04 2.80795939e-04
 3.55446449e-04] [3.6552997e-04 1.0781978e-03 1.7615102e-03 9.3185389e-04 5.0209137e-04
 6.2016922e-04 5.0966145e-04 9.9310863e-01 1.1223005e-03] [0.01756216 0.02785339 0.01275023 0.21313004 0.02682961 0.1084898
 0.06407869 0.04944407 0.479862  ] [0.01066522 0.02068837 0.01092429 0.03434052 0.01105282 0.02768434
 0.03486435 0.05879376 0.79098636] [2.9234446e-04 1.3687127e-04 1.0624795e-04 9.5053299e-05 9.9856418e-01
 1.7744143e-04 2.7089167e-04 1.8015529e-04 1.7678522e-04] [0.05417864 0.00994223 0.02419396 0.08427241 0.02693067 0.11820662
 0.04261035 0.17883724 0.46082792] [0.16962491 0.03864037 0.03822288 0.01423596 0.5041381  0.0883902
 0.01702308 0.04397304 0.08575142] [0.03035754 0.06034547 0.04652486 0.04787333 0.04235192 0.0409753
 0.56185335 0.05100589 0.11871234] [0.05207172 0.04370425 0.04318128 0.07625455 0.04764304 0.4357034
 0.05686568 0.11757779 0.12699825]",0 4 0 4 4 1 0 3 7 0 2 2 8 0 5 6 6 3 4 1 1 8 6 4 3 0 6 7 0 1 6 3 0 5 2 2 3 6 6 7 6 7 7 8 5 6 2 0 5 7 5 2 2 3 2 2 5 0 7 6 1 4 6 5 6 0 8 8 5 0 3 1 7 4 0 4 7 6 7 7 5 0 2 3 1 7 5 4 5 3 4 0 0 3 2 0 1 4 1 7 1 1 2 0 4 1 6 3 8 1 2 2 2 5 6 8 6 0 7 8 5 1 6 5 0 7 7 8 5 7 5 2 2 5 1 2 5 7 5 6 8 0 4 4 8 2 2 8 8 4 6 3 3 7 0 1 6 4 7 4 2 8 2 5 2 4 0 3 3 4 0 1 3 3 3 8 3 4 5 4 1 5 8 1 6 6 6 7 5 8 3 8 2 1 4 1 8 3 1 3 3 8 8 7 8 1 7 4 7 8 8 4 3 1 6 5
1468,2,xgboost,0.5,30000,30000,0.8101851851851852,0.9750675154320988,"[0.00142474 0.00282119 0.00329486 0.94420445 0.0026919  0.00952814
 0.01037931 0.00971288 0.01594248] [0.00105761 0.00333323 0.00121306 0.00545973 0.00179194 0.00853397
 0.00255462 0.95880324 0.01725253] [0.02164669 0.00709692 0.00820785 0.04201381 0.02877023 0.38028148
 0.02460052 0.03553532 0.45184723] [0.02539088 0.01349073 0.00707573 0.02115876 0.00450271 0.02657156
 0.00722683 0.85009164 0.04449116] [0.98142654 0.00430927 0.00246756 0.00142551 0.00116774 0.00142411
 0.00160088 0.00111833 0.00506004] [5.8383332e-04 8.8703184e-04 9.9550509e-01 8.1259466e-04 4.1054498e-04
 3.2787898e-04 4.0598458e-04 6.6017656e-04 4.0681320e-04] [0.02088755 0.01758899 0.01390171 0.03273174 0.0091825  0.0231515
 0.7778044  0.03956614 0.06518548] [1.24365906e-04 2.43003669e-04 2.49651377e-04 1.16504074e-04
 9.98647153e-01 1.44811187e-04 2.21018418e-04 1.57073257e-04
 9.64827123e-05] [5.1558809e-04 8.2222832e-04 5.1217811e-04 1.0948788e-03 6.4248388e-04
 9.3777440e-03 9.8527920e-01 7.8332360e-04 9.7232987e-04] [0.04540929 0.11048895 0.00716646 0.02132591 0.01567673 0.04015741
 0.0210328  0.719241   0.01950143] [0.04746314 0.00733825 0.71955216 0.06489693 0.01274109 0.00734882
 0.07286479 0.02766397 0.04013087] [0.8667303  0.00752722 0.02415762 0.0107539  0.02852829 0.02244994
 0.02160991 0.00714337 0.01109952] [0.09466128 0.13058496 0.13512787 0.11788797 0.0859807  0.05940599
 0.1660483  0.14447029 0.06583264] [0.15463023 0.21794415 0.03828958 0.1672123  0.02285405 0.11107102
 0.02016951 0.16179584 0.10603338] [0.01023532 0.01902227 0.01418914 0.12661624 0.02405421 0.10832248
 0.02150923 0.07011673 0.6059344 ] [9.9408990e-01 8.8217534e-04 1.6298805e-03 7.1975519e-04 4.6874999e-04
 4.1832132e-04 5.8939087e-04 7.7279238e-04 4.2901962e-04] [0.34226325 0.02574071 0.4605064  0.01097047 0.01716795 0.04238565
 0.06127671 0.01513464 0.02455416] [0.5946301  0.03622961 0.05930702 0.04059236 0.06214017 0.02568272
 0.02305344 0.10924383 0.04912071] [6.8954407e-04 1.8654905e-02 7.3374913e-04 1.2501513e-03 2.2788029e-03
 5.6474976e-04 9.7377354e-01 9.0704270e-04 1.1475196e-03] [0.03399133 0.05004024 0.0344964  0.01984932 0.0466409  0.4070306
 0.08282667 0.01365361 0.3114709 ] [0.01048928 0.01317284 0.00303293 0.8617378  0.00641296 0.02146372
 0.04916638 0.00733769 0.02718641] [2.5287087e-04 1.4261008e-03 1.4373392e-03 2.9418420e-04 6.4163521e-04
 4.6966810e-04 1.5459950e-03 9.9279845e-01 1.1336864e-03] [8.4200519e-04 8.5710443e-04 7.2129391e-04 3.8590890e-04 9.9508154e-01
 4.7365774e-04 3.9522233e-04 4.9575325e-04 7.4753270e-04] [0.02772346 0.01612159 0.88845384 0.01994902 0.01411971 0.00737063
 0.01206953 0.00854139 0.00565086] [0.01789416 0.05947405 0.71549493 0.06214327 0.0204978  0.0406797
 0.02240241 0.04520945 0.01620424] [0.00877852 0.00797402 0.96846485 0.00262148 0.00142988 0.00337342
 0.00165861 0.00238289 0.0033164 ] [2.0366262e-03 4.0595643e-03 1.0076340e-03 1.8069699e-03 9.8631674e-01
 8.8113197e-04 1.8489992e-03 9.4485097e-04 1.0975285e-03] [8.5582705e-03 3.3696608e-03 6.0700187e-03 2.0054257e-03 9.5054317e-01
 7.5442571e-04 2.5868071e-02 7.7050150e-04 2.0604611e-03] [4.1202336e-04 3.3120997e-04 9.9041629e-01 4.5072208e-03 1.4260606e-03
 1.5833697e-03 2.7984433e-04 6.1324978e-04 4.3075724e-04] [0.00464767 0.0692776  0.33699638 0.5061619  0.02290826 0.00773039
 0.00932335 0.03574046 0.00721403] [0.01484204 0.92915165 0.01107477 0.00166128 0.01212464 0.01974338
 0.00207525 0.00415364 0.00517336] [0.02457106 0.01921542 0.0132928  0.46044278 0.29561162 0.01994744
 0.10680539 0.02217331 0.03794021] [9.9560887e-01 1.5643732e-04 1.1193152e-03 2.7770660e-04 1.0207730e-03
 4.0765063e-04 4.5993566e-04 6.3425733e-04 3.1500772e-04] [0.00753753 0.08704571 0.02587298 0.83950394 0.00526752 0.00757986
 0.00451304 0.01070044 0.01197898] [9.9671562e-04 5.3039676e-04 1.9539883e-03 9.8393893e-01 1.2620736e-03
 5.4006772e-03 7.6816767e-04 1.7628002e-03 3.3862598e-03] [0.02183235 0.6751387  0.03752365 0.01864878 0.02031285 0.13703738
 0.01071506 0.0228571  0.05593409] [1.9559297e-03 9.9646688e-01 6.3007837e-04 1.5379715e-04 2.4456371e-04
 1.7046113e-04 1.3413338e-04 1.2416577e-04 1.1994858e-04] [0.01025205 0.9049936  0.0208217  0.00459522 0.01402754 0.00782439
 0.01768812 0.00820656 0.01159086] [0.7815658  0.01918136 0.05466475 0.03931513 0.02297256 0.00648587
 0.04857027 0.01263922 0.01460508] [0.00402408 0.00878318 0.00233345 0.92512625 0.00497942 0.01604878
 0.0045893  0.00996049 0.02415503] [0.07989337 0.15297848 0.18699853 0.0553986  0.11176867 0.12997022
 0.04994344 0.13160802 0.10144068] [5.3642417e-04 4.5979294e-04 1.1188041e-03 3.1803353e-03 4.5436533e-04
 9.8810369e-01 1.0858707e-03 1.4150618e-03 3.6456101e-03] [5.7947391e-04 3.1673341e-04 7.2598073e-04 3.4466936e-04 9.9675155e-01
 2.7948400e-04 4.7168031e-04 3.5079528e-04 1.7968203e-04] [0.00750402 0.01008114 0.0045542  0.03177095 0.00695939 0.04151844
 0.1087511  0.77794766 0.01091316] [0.00471504 0.01857183 0.71444523 0.23843274 0.00477121 0.00445837
 0.00431356 0.00531598 0.00497606] [0.00736452 0.00498029 0.00153978 0.0121573  0.0120355  0.93796766
 0.01034412 0.00308897 0.01052189] [2.1280472e-03 6.2091061e-04 3.8008604e-04 1.1366162e-03 9.8906589e-01
 1.1378613e-03 8.6466933e-04 1.4301625e-03 3.2357404e-03] [0.00309472 0.01690277 0.00515312 0.00454572 0.0056325  0.01880207
 0.9298215  0.00761579 0.0084318 ] [0.06744958 0.01880167 0.01851516 0.03772825 0.10182244 0.03472531
 0.66187054 0.03304985 0.02603718] [0.00527004 0.00613793 0.01030566 0.02477501 0.02902321 0.40646335
 0.26513094 0.14369771 0.10919615] [0.01880549 0.02854728 0.01157351 0.11968993 0.09887663 0.05995842
 0.02423505 0.03592806 0.6023856 ] [0.01826667 0.00907583 0.00761509 0.01273375 0.02059367 0.01839152
 0.03730804 0.8372121  0.03880333] [0.08897915 0.1314809  0.05484817 0.07717854 0.43042138 0.03682788
 0.03213818 0.03023092 0.11789492] [5.5692799e-04 1.4110758e-03 1.1268572e-03 1.0672560e-02 9.0969808e-04
 2.0949805e-02 2.4845358e-03 1.6141456e-03 9.6027446e-01] [0.05378265 0.01880801 0.01738319 0.146952   0.02311412 0.3357708
 0.17122145 0.09097306 0.1419947 ] [0.08925885 0.12120581 0.09124684 0.1967966  0.14213398 0.03145481
 0.03632764 0.22725928 0.06431626] [0.01738214 0.7052374  0.03955685 0.01062421 0.01189013 0.10493716
 0.08222535 0.0192239  0.00892288] [0.02216489 0.01199408 0.01190486 0.1267277  0.13730425 0.22763355
 0.04732553 0.02838345 0.38656172] [0.01349274 0.00925895 0.01000792 0.04486889 0.00651069 0.246771
 0.01661318 0.01121041 0.6412662 ] [0.04581108 0.03333881 0.02853099 0.07176735 0.7524964  0.01830058
 0.0247132  0.00741567 0.01762591] [7.7202788e-04 1.0918239e-03 1.0381619e-03 1.7425705e-03 9.9184108e-01
 1.4143476e-03 8.6306903e-04 7.1275252e-04 5.2414322e-04] [0.18149854 0.05906653 0.44039917 0.03642911 0.0593269  0.04227884
 0.05160268 0.07517429 0.05422395] [2.1530744e-03 1.7148248e-03 7.3184416e-04 8.1061125e-03 9.4646995e-04
 5.4659029e-03 9.5886552e-01 5.9980070e-03 1.6018268e-02] [0.07106324 0.03824276 0.11579867 0.33873615 0.01703267 0.02754581
 0.2942282  0.05524487 0.04210761] [0.5281949  0.04198733 0.37717262 0.00984563 0.01127243 0.00959396
 0.01144744 0.00604679 0.00443888] [0.02083739 0.03000856 0.68799007 0.06554617 0.01075106 0.01964064
 0.02144837 0.00856988 0.13520785] [0.03326539 0.0881491  0.51390815 0.24548773 0.01682583 0.02241519
 0.02050578 0.03128506 0.02815778] [6.6748275e-03 9.7218579e-01 7.9961848e-03 1.2504696e-03 3.1977661e-03
 4.6184654e-03 6.1417371e-04 1.1202029e-03 2.3421308e-03] [0.00122666 0.00177637 0.9673447  0.01191427 0.00229413 0.00215795
 0.00910034 0.00163223 0.00255337] [0.00692233 0.00243297 0.00494795 0.00637339 0.00527409 0.00151113
 0.00236401 0.96799535 0.00217879] [9.8671317e-01 2.8459970e-03 2.6464288e-03 1.4237757e-03 9.0356241e-04
 1.1198259e-03 1.1006630e-03 1.2724233e-03 1.9742055e-03] [0.01135809 0.01180166 0.0062456  0.02877929 0.00989804 0.00878467
 0.8927847  0.0039849  0.02636305] [0.0055027  0.0043893  0.00516899 0.02367332 0.0102369  0.92183065
 0.00723636 0.00950057 0.0124612 ] [0.02463218 0.00994616 0.08916888 0.00748809 0.02138188 0.02520341
 0.0074278  0.79687816 0.01787344] [0.01286861 0.0196475  0.01052474 0.0481717  0.01416677 0.4914592
 0.02394431 0.07260808 0.3066091 ] [0.07012939 0.03239452 0.01840318 0.11030859 0.00968418 0.07048213
 0.63334364 0.00774412 0.04751024] [0.8859921  0.04338196 0.00199288 0.00930463 0.00241073 0.01261646
 0.00425246 0.03695357 0.00309525] [0.00275746 0.02221749 0.00327252 0.0089546  0.00689176 0.00629183
 0.0028433  0.94169724 0.00507378] [0.00819175 0.00523397 0.00732176 0.0060078  0.01818823 0.01931048
 0.01704474 0.90896314 0.00973812] [0.04404305 0.37162393 0.31224594 0.07084518 0.13128471 0.01524165
 0.02477452 0.01496169 0.01497934] [0.01975793 0.01357624 0.8384549  0.00697033 0.05575939 0.01484592
 0.01754075 0.02364038 0.0094542 ] [0.02373855 0.8107192  0.01511177 0.00440724 0.02317174 0.08513522
 0.01993489 0.00586002 0.01192141] [0.03722962 0.10058398 0.10244972 0.11775368 0.21444294 0.09331313
 0.0699518  0.17990687 0.08436832] [0.9666104  0.00484264 0.00318335 0.00284873 0.00423519 0.00879744
 0.00245363 0.00330366 0.00372506] [0.07131807 0.166883   0.25054213 0.0984148  0.09731486 0.07769649
 0.05775395 0.15291347 0.02716322] [0.2778122  0.12730527 0.02536499 0.06947082 0.07225072 0.04614699
 0.18639335 0.13257271 0.06268295] [0.3933269  0.1487699  0.03659225 0.0323119  0.12204432 0.04084753
 0.02543449 0.0353545  0.16531825] [0.04260791 0.03634948 0.01729668 0.05476947 0.4680979  0.15130652
 0.08832156 0.05167423 0.08957625] [0.02450508 0.008389   0.00563665 0.00365759 0.00696945 0.03252361
 0.8892482  0.00820385 0.02086661] [0.0293321  0.10489263 0.03155968 0.03598608 0.02339226 0.03142482
 0.6029984  0.04500275 0.09541132] [0.05638262 0.0477291  0.02197294 0.01072817 0.01293565 0.00690152
 0.01598279 0.81528604 0.01208113] [9.8155266e-01 6.5856455e-03 6.3730654e-04 8.2758296e-04 8.6419634e-04
 1.2216294e-03 6.8898490e-03 3.9526171e-04 1.0259239e-03] [0.0040312  0.00128546 0.00188802 0.00268042 0.98050755 0.00305162
 0.00165285 0.00289655 0.00200628] [6.2293926e-04 3.4224923e-04 4.0008541e-04 2.2345418e-03 9.9175113e-01
 4.0639460e-04 5.1288231e-04 2.9938107e-03 7.3597603e-04] [0.00532822 0.92998946 0.01093003 0.00333703 0.00240218 0.00255147
 0.00237356 0.00504556 0.03804246] [0.3949869  0.14627466 0.2776141  0.0103381  0.01266188 0.02319151
 0.07793204 0.04439853 0.01260231] [0.12869896 0.19630231 0.04453334 0.04786025 0.02809918 0.06699298
 0.09061908 0.3720604  0.02483352] [0.06134731 0.83803266 0.00964054 0.02215574 0.00576279 0.01616818
 0.02925558 0.00830288 0.00933434] [0.0137191  0.06115542 0.04276629 0.02991306 0.07149603 0.03944761
 0.01649256 0.57077944 0.1542305 ] [0.00900009 0.013102   0.00653522 0.7676207  0.01036121 0.02926796
 0.01295402 0.0663095  0.08484934] [0.03991623 0.87771773 0.02119747 0.00846291 0.02060838 0.00885498
 0.00968916 0.007674   0.00587918] [0.00161549 0.00105756 0.00248221 0.00195143 0.00255089 0.05649661
 0.929363   0.00339218 0.00109059] [0.02771678 0.7584707  0.02158953 0.04955449 0.03107669 0.00477286
 0.02322036 0.02006624 0.06353232] [0.01760605 0.04008793 0.03073441 0.0392892  0.05543111 0.44984388
 0.13377902 0.17438298 0.05884541] [0.01728698 0.02586159 0.01513869 0.36899206 0.14892836 0.08671887
 0.04628064 0.01345085 0.27734193] [0.7742721  0.04703421 0.06464574 0.01307345 0.01308741 0.01276948
 0.02900443 0.0388346  0.00727857] [0.00171318 0.00280057 0.0105057  0.00393483 0.97281486 0.00172271
 0.00402696 0.00130516 0.00117602] [0.00298018 0.00529943 0.00509373 0.00863766 0.00854136 0.90721667
 0.00504741 0.00949039 0.04769318] [0.00488364 0.00697004 0.9464045  0.00643882 0.01700918 0.00460603
 0.00530533 0.00324475 0.00513771] [0.03869883 0.12726007 0.05733777 0.02448021 0.63637334 0.00986139
 0.03236213 0.02766389 0.04596232] [0.04344038 0.04007421 0.05003369 0.14794703 0.03561465 0.21189599
 0.04139398 0.12130232 0.30829778] [0.04629993 0.14575088 0.1393524  0.04373693 0.03173057 0.0652738
 0.07885484 0.23826337 0.2107373 ] [0.00449802 0.00473297 0.0044687  0.00729343 0.00966227 0.01207757
 0.9222712  0.00857734 0.02641847] [6.85039267e-05 3.49154812e-04 2.56322324e-04 1.15149414e-04
 9.98254001e-01 2.44174764e-04 2.62927642e-04 1.26871324e-04
 3.22938955e-04] [0.3165056  0.09807032 0.13216938 0.05638936 0.13421749 0.1312863
 0.04657334 0.03289951 0.05188866] [0.01122818 0.09428425 0.01455597 0.1271261  0.02403683 0.4544212
 0.05111462 0.03526349 0.1879694 ] [0.00802691 0.04992609 0.00729853 0.04841723 0.00953034 0.8033531
 0.02915061 0.01769234 0.02660484] [0.00889026 0.01467082 0.00572768 0.06724348 0.01177668 0.13899294
 0.18504433 0.01509566 0.5525581 ] [0.13072337 0.20800142 0.01883977 0.03895604 0.01385532 0.02477773
 0.02599085 0.08521802 0.45363748] [0.03352123 0.0369607  0.8429571  0.02560989 0.01410992 0.00460639
 0.02440404 0.00395684 0.01387393] [7.5294217e-04 1.2424043e-03 3.7976567e-04 9.3498692e-04 8.1119186e-04
 6.8464465e-03 9.6668398e-01 4.0107677e-03 1.8337501e-02] [0.01985184 0.73547256 0.14695685 0.00724245 0.0131038  0.04174215
 0.01731949 0.01367489 0.00463601] [5.7008554e-04 6.9364789e-04 4.2799460e-03 3.8450147e-04 9.9163955e-01
 4.5862279e-04 4.1843887e-04 6.0334464e-04 9.5183717e-04] [0.00601366 0.02270688 0.00747993 0.01230318 0.00800501 0.92016107
 0.00678098 0.00761348 0.00893583] [0.15929818 0.09442463 0.02343476 0.05916416 0.13137662 0.24839653
 0.11450579 0.10137451 0.06802481] [0.07291735 0.07270339 0.0347654  0.2773649  0.04604387 0.10942911
 0.1563493  0.05092562 0.17950104] [0.01187147 0.04180076 0.11368284 0.26663214 0.06402083 0.19033949
 0.03204247 0.20785215 0.07175787] [0.04335645 0.82352513 0.01854037 0.01946593 0.02232553 0.00749647
 0.01097037 0.04526398 0.00905575] [0.7658321  0.06611395 0.03042746 0.01562901 0.01224703 0.02203733
 0.02135895 0.05938799 0.00696612] [0.00402797 0.00371468 0.0046425  0.90726995 0.00452269 0.03260159
 0.0092434  0.00360085 0.03037638] [0.74436796 0.01456373 0.02938366 0.01709946 0.03209644 0.01804048
 0.01394565 0.11815815 0.01234444] [0.16870795 0.16513103 0.0395139  0.2060339  0.04793923 0.0720264
 0.02414017 0.0611613  0.21534611] [5.8045954e-04 4.4908604e-04 8.8762038e-04 5.8439062e-03 8.5566886e-04
 9.9582225e-03 9.7915053e-01 7.2488969e-04 1.5496098e-03] [7.8533712e-04 1.0798176e-02 2.8816835e-04 8.2980416e-04 3.5733366e-04
 9.8325825e-01 1.1534954e-03 3.7006912e-04 2.1592868e-03] [0.08350344 0.11316719 0.07909644 0.02196997 0.02875609 0.09408613
 0.02651224 0.35151073 0.20139782] [0.01235996 0.00501517 0.03400798 0.9082505  0.00655247 0.00690331
 0.00479657 0.01184896 0.01026512] [0.01244001 0.01977224 0.07453354 0.07645924 0.07063408 0.16549641
 0.04824055 0.34892452 0.18349938] [0.26154238 0.50908965 0.02900404 0.03845961 0.04325388 0.04724477
 0.01536162 0.01451437 0.04152966] [0.01583269 0.02084921 0.8949193  0.02314843 0.01106908 0.00787164
 0.00520906 0.00481431 0.01628631] [0.05988973 0.15724386 0.06961449 0.09513155 0.05586436 0.06707451
 0.11380772 0.12879571 0.25257808] [0.01919311 0.00900504 0.02157095 0.0191158  0.00912115 0.83195806
 0.01858629 0.0173737  0.05407588] [0.00435255 0.00182237 0.00183338 0.0268093  0.00183385 0.00310134
 0.01132895 0.00593688 0.9429814 ] [4.4886392e-04 2.7039768e-03 3.4907053e-04 3.4886354e-04 9.9234277e-01
 1.1570606e-03 4.8600088e-04 1.3346345e-03 8.2874205e-04] [2.9418126e-04 9.9285489e-01 4.3525157e-04 8.0082577e-04 5.1942508e-04
 9.4333431e-04 5.8445567e-04 2.1961320e-03 1.3715214e-03] [0.05141975 0.03931165 0.69861233 0.02404995 0.01013038 0.03223846
 0.03226507 0.04369218 0.06828021] [0.00522386 0.01214496 0.00505781 0.02363218 0.01493184 0.01492615
 0.01658537 0.00948046 0.89801735] [0.00162373 0.009717   0.00221027 0.00532829 0.96685344 0.00430574
 0.0011911  0.00298659 0.00578384] [0.02594861 0.02303161 0.64087373 0.03253506 0.03569229 0.03276427
 0.03348263 0.02221814 0.15345366] [0.32663375 0.3292513  0.0774501  0.01720143 0.01102266 0.0747549
 0.05193286 0.09261778 0.01913524] [7.0118229e-04 4.0880937e-04 7.5211428e-04 6.4725342e-04 9.9509192e-01
 1.1378549e-03 3.3011968e-04 7.4658799e-04 1.8416943e-04] [9.9299711e-01 5.4464309e-04 2.9036138e-04 9.7614405e-04 2.0063615e-03
 1.0425508e-03 6.6085090e-04 4.1223102e-04 1.0697600e-03] [0.01348175 0.00689418 0.02428726 0.00576518 0.00336632 0.00774458
 0.0040596  0.93000513 0.00439603] [0.01329929 0.02405229 0.00931479 0.09990236 0.0218114  0.08345842
 0.03438622 0.05228588 0.6614893 ] [0.00521777 0.9537062  0.00523784 0.00238726 0.00335832 0.00445265
 0.00688191 0.0144026  0.00435549] [0.07070805 0.06106559 0.04521168 0.06104685 0.6120712  0.02299842
 0.03441732 0.02955532 0.06292552] [0.00705588 0.00205026 0.01096215 0.7748957  0.0051157  0.0392148
 0.00707892 0.00512668 0.14849988] [9.8960835e-01 1.5208240e-03 1.1829549e-03 1.8627441e-03 7.7354012e-04
 1.0333799e-03 2.1603110e-03 1.2593786e-03 5.9858797e-04] [0.01188985 0.01979717 0.7936357  0.09301798 0.00954261 0.01731677
 0.00834514 0.01607154 0.03038324] [1.2337652e-03 1.1924849e-03 6.7994581e-04 1.3222136e-03 2.6504437e-03
 9.8811263e-01 2.9289080e-03 1.0087681e-03 8.7081583e-04] [1.0906686e-03 7.9723680e-04 9.9019074e-01 2.4690460e-03 5.7712931e-04
 1.0813932e-03 1.1817957e-03 1.7233457e-03 8.8862301e-04] [0.00984537 0.0060995  0.00581083 0.00409631 0.96008575 0.00364897
 0.00525148 0.00320809 0.00195377] [0.0958504  0.05392268 0.08932083 0.50453514 0.07382571 0.04340704
 0.09115246 0.03230631 0.01567945] [0.01744043 0.01274376 0.19776389 0.5470007  0.01618845 0.11258809
 0.01918886 0.04931706 0.02776875] [0.00592322 0.00364638 0.00239132 0.02365157 0.00374414 0.03222311
 0.00629155 0.91160744 0.01052122] [0.08599715 0.11333691 0.1984403  0.11522156 0.07986787 0.22050135
 0.07456853 0.06572258 0.04634374] [0.00798544 0.0088643  0.00215552 0.17436507 0.0106733  0.04857974
 0.03252421 0.01855501 0.6962974 ] [0.02366869 0.35542715 0.55382293 0.01908349 0.0104316  0.00692703
 0.0059979  0.0096926  0.01494861] [0.04770285 0.02609733 0.01542442 0.31305858 0.03700399 0.23491399
 0.02690291 0.04902816 0.24986772] [0.9673911  0.00209323 0.00955307 0.00187899 0.00402136 0.0061945
 0.00239435 0.00487771 0.00159572] [9.9248111e-01 7.3017273e-04 1.2919166e-03 4.3848820e-04 8.5707189e-04
 9.4959000e-04 1.0479441e-03 1.3164517e-03 8.8725425e-04] [0.34351596 0.16942716 0.11007614 0.03821172 0.06043139 0.07159133
 0.05662051 0.04155106 0.10857476] [0.00979771 0.00826937 0.01030649 0.6336278  0.0150131  0.18385217
 0.06293365 0.01688461 0.05931519] [0.00594048 0.96437544 0.00587236 0.00177001 0.00534992 0.00287524
 0.00270013 0.00185616 0.00926028] [9.2786411e-04 9.3696162e-04 6.7942182e-04 5.0033825e-03 9.4420899e-04
 8.8423500e-03 9.7531837e-01 4.6830638e-03 2.6643802e-03] [3.3328129e-04 1.2300864e-03 5.2139012e-04 1.5690984e-03 1.4400244e-03
 1.7173759e-03 9.8924959e-01 2.2141323e-03 1.7249881e-03] [0.07431577 0.18427166 0.03052909 0.03115457 0.5007802  0.05648529
 0.07077529 0.03554831 0.01613979] [0.18723366 0.10434294 0.0698005  0.20738298 0.03530548 0.02665383
 0.03000401 0.14556366 0.19371295] [0.02527881 0.01116195 0.00873201 0.03972249 0.83371377 0.01458878
 0.02800193 0.02246376 0.01633652] [1.3409031e-04 3.6710047e-04 9.9690908e-01 1.2969746e-03 1.5756920e-04
 1.4452002e-04 3.0380368e-04 5.2630599e-04 1.6051769e-04] [0.07802487 0.5221522  0.21408561 0.03334362 0.09684808 0.00744559
 0.01737323 0.02129103 0.0094358 ] [0.12716182 0.07895086 0.5488578  0.06736384 0.03441855 0.01284022
 0.05985069 0.0359473  0.03460893] [0.01345642 0.01220511 0.01742183 0.10398955 0.03028968 0.17882334
 0.04318717 0.02234847 0.5782785 ] [3.5736011e-04 3.3673660e-03 1.8094575e-04 1.9459336e-04 2.0829428e-04
 9.9294019e-01 9.4454881e-04 9.6358440e-04 8.4309001e-04] [0.01491472 0.8378158  0.04499622 0.04878515 0.0100388  0.00476975
 0.00801126 0.01594752 0.01472075] [1.6770993e-03 1.5862171e-03 2.2793054e-03 5.0068721e-03 1.1626208e-03
 8.3014194e-04 6.9416809e-04 9.8566341e-01 1.1001183e-03] [9.8666555e-01 2.3252296e-03 1.5656343e-03 3.3418916e-03 7.3887542e-04
 1.5379371e-03 6.0000381e-04 2.0361363e-03 1.1887285e-03] [0.0335826  0.33118024 0.02759195 0.04999717 0.08094822 0.0375963
 0.34385434 0.03934537 0.05590381] [0.00373925 0.0059623  0.00558058 0.07220256 0.0053997  0.01383178
 0.00776281 0.84522575 0.04029523] [0.01821655 0.00956347 0.03571996 0.11814661 0.01039403 0.63865924
 0.00774795 0.06664349 0.09490871] [0.01867353 0.0170221  0.73420924 0.00751102 0.00902005 0.01471032
 0.06960952 0.09833525 0.03090897] [0.04165519 0.8028601  0.06518117 0.00712156 0.01590671 0.00867523
 0.00621272 0.03334081 0.0190465 ] [0.03892222 0.02953085 0.05133243 0.0422377  0.07473973 0.24300472
 0.06421044 0.0598741  0.39614785] [0.00768111 0.00569182 0.00188941 0.01375588 0.01018673 0.0501928
 0.8944     0.00801022 0.00819205] [0.04366741 0.04324031 0.12043247 0.11413258 0.05315258 0.21033847
 0.05309826 0.07701857 0.28491938] [0.00968494 0.06350435 0.01706004 0.8018853  0.01368129 0.05950593
 0.00200388 0.00898589 0.0236884 ] [0.00383667 0.0045822  0.00791501 0.00932762 0.00278577 0.01582146
 0.94874525 0.0025851  0.00440091] [0.14676195 0.0407103  0.06426892 0.02238425 0.01784576 0.03734881
 0.43148014 0.08433874 0.1548611 ] [0.04759515 0.04973089 0.81125283 0.01039865 0.02958925 0.01121893
 0.01624927 0.01414264 0.0098224 ] [0.01211099 0.01678213 0.03243962 0.86667883 0.01043494 0.01058739
 0.01049825 0.01830179 0.02216607] [1.9967374e-03 6.3372124e-04 2.2762709e-03 9.7569239e-01 1.1056438e-03
 7.2901715e-03 1.1926971e-03 3.5952160e-03 6.2171593e-03] [0.0036874  0.00124313 0.00154859 0.00410191 0.00184872 0.97068965
 0.0079954  0.00281358 0.00607164] [6.4047880e-04 1.3629216e-03 5.2475376e-04 1.6843282e-03 9.9306881e-01
 8.1662566e-04 6.8412308e-04 3.2011009e-04 8.9792034e-04] [0.02495588 0.04055033 0.05902372 0.12423589 0.04232106 0.04158739
 0.02113454 0.04985479 0.5963364 ] [1.1581222e-03 2.8183809e-04 9.4561762e-04 9.9426526e-01 1.1232770e-03
 9.3616644e-04 7.3171739e-04 3.5836804e-04 1.9963655e-04] [0.00298433 0.9736468  0.00164718 0.00481307 0.00266631 0.00227039
 0.00198841 0.00303892 0.00694458] [4.9061580e-03 6.4295465e-03 1.9154741e-03 1.0257673e-03 3.3910747e-03
 1.5293360e-03 5.2366394e-04 9.7966123e-01 6.1777531e-04] [9.9295843e-01 1.8336370e-03 7.9079106e-04 1.0634124e-03 7.7637716e-04
 8.2191470e-04 5.6870282e-04 6.7254523e-04 5.1417243e-04] [0.08101616 0.02958721 0.02091353 0.20359538 0.05151579 0.06101223
 0.06188416 0.21716361 0.2733119 ] [0.03238818 0.0209321  0.02333177 0.01850823 0.84338623 0.00939027
 0.01859257 0.02381248 0.00965819] [5.2525144e-04 2.8475214e-04 1.8828201e-04 5.2460365e-04 2.5114100e-04
 7.7954226e-04 9.9543035e-01 8.8801677e-04 1.1281160e-03] [1.9238300e-03 8.3009689e-04 8.3980447e-04 9.7793281e-01 2.4641575e-03
 2.2724189e-03 9.8076314e-03 2.0094055e-03 1.9198493e-03] [9.9816614e-01 2.1855910e-04 1.1832755e-04 2.2736998e-04 2.3198803e-04
 3.1006624e-04 3.9253989e-04 1.9641909e-04 1.3859934e-04] [0.01049341 0.91700953 0.00993328 0.01216176 0.00844766 0.00293874
 0.0258921  0.00840191 0.0047216 ] [0.00458882 0.0026493  0.00185827 0.01547043 0.00901892 0.05343191
 0.02999935 0.8718125  0.01117052] [0.00432282 0.00779872 0.02919417 0.00350491 0.91637474 0.00898742
 0.01426964 0.00455982 0.01098775] [0.01219623 0.00405125 0.00532647 0.00542702 0.02055008 0.0129658
 0.88351834 0.00839035 0.04757449]",3 7 5 7 0 2 8 4 6 7 2 0 2 6 8 0 6 2 6 8 8 7 4 2 2 2 4 4 2 3 1 3 0 3 3 1 1 1 0 3 3 5 4 7 2 5 4 6 5 6 8 7 8 8 6 7 1 8 8 4 4 7 6 2 0 2 3 1 2 7 0 6 5 7 5 6 0 7 7 1 2 1 7 0 5 6 8 5 6 6 7 0 4 4 1 0 7 1 8 3 1 6 1 5 3 0 4 5 2 4 5 5 6 4 5 8 5 8 8 2 6 1 4 5 3 3 3 1 0 3 0 8 6 5 7 3 7 0 2 8 5 8 4 1 3 8 4 2 0 4 0 7 7 1 4 3 0 2 5 2 4 3 3 7 8 8 1 8 0 0 1 3 1 6 6 4 5 4 2 1 2 5 5 1 7 0 6 7 5 2 1 8 6 5 3 6 8 2 2 3 5 4 8 3 1 7 0 0 4 6 3 0 1 7 4 6
1468,3,xgboost,0.5,30000,30000,0.8518518518518519,0.9809510030864198,"[0.05982501 0.02745812 0.03938058 0.05716491 0.04280956 0.47568706
 0.01885482 0.05854994 0.22026996] [5.4145651e-04 4.5081420e-04 9.9479890e-01 1.1272348e-03 6.5419718e-04
 5.1980373e-04 6.9317239e-04 6.0667173e-04 6.0772651e-04] [0.00517065 0.00238322 0.00205782 0.02986791 0.00286443 0.00366883
 0.9385387  0.00576332 0.00968517] [0.03068403 0.01964217 0.14735186 0.61586106 0.03731049 0.06891026
 0.02145778 0.02212126 0.03666107] [0.02731129 0.01361259 0.04409504 0.80661213 0.00835866 0.01415511
 0.0223919  0.0078761  0.05558714] [6.0996378e-04 5.4635154e-04 3.4736696e-04 3.2975886e-03 9.3838561e-04
 9.8128325e-01 1.1298670e-02 4.4743269e-04 1.2310180e-03] [0.00127813 0.00241737 0.00674719 0.01567828 0.00175588 0.9368901
 0.01540737 0.00160121 0.01822445] [6.9314765e-04 6.5240124e-04 7.4764871e-04 1.1192389e-03 9.9345219e-01
 1.5276497e-03 9.4941841e-04 4.0623336e-04 4.5210647e-04] [0.02028407 0.01472682 0.9074131  0.00514451 0.00433978 0.01240542
 0.02203727 0.0085875  0.00506152] [0.04400084 0.1913328  0.0501313  0.39678252 0.0782899  0.07323758
 0.05582662 0.06802932 0.04236912] [8.8399294e-04 7.9460943e-04 8.5909292e-02 9.0463746e-01 1.1463012e-03
 2.1885985e-03 7.3899474e-04 1.0905460e-03 2.6102101e-03] [0.9664745  0.00460626 0.00587445 0.00846866 0.001505   0.00688445
 0.00191164 0.00199921 0.00227589] [1.0353210e-03 6.9703156e-04 2.7688046e-03 9.1244804e-04 9.3277445e-04
 7.3857279e-03 3.3808248e-03 9.8228008e-01 6.0703018e-04] [0.12922841 0.07631603 0.12685278 0.4789752  0.01129949 0.0588236
 0.02578731 0.07763096 0.0150862 ] [0.02168372 0.6904026  0.13835965 0.01430926 0.03473955 0.00756011
 0.01575506 0.05417572 0.02301428] [0.04611915 0.00933478 0.00912627 0.03081434 0.01262912 0.10064644
 0.01115065 0.0296883  0.75049096] [0.07553016 0.00830117 0.01496862 0.04757878 0.7399255  0.02474489
 0.02069462 0.02263599 0.04562028] [0.00485201 0.0019919  0.02332537 0.02119888 0.00147816 0.91764957
 0.00301234 0.01282715 0.01366471] [0.0315031  0.0173218  0.03660417 0.11355765 0.04219804 0.2638439
 0.03625191 0.0362617  0.42245778] [0.02321759 0.01473665 0.01731926 0.01128525 0.01078562 0.04548066
 0.01287115 0.8428261  0.02147772] [0.05948295 0.62398696 0.02013307 0.0669665  0.05393767 0.08365544
 0.03013503 0.03729624 0.02440615] [0.05682477 0.06387695 0.21672148 0.07467396 0.08093439 0.16029957
 0.10609192 0.13906264 0.10151431] [0.00530877 0.00296897 0.00151408 0.04967518 0.00626183 0.7780252
 0.12123632 0.00249342 0.03251619] [7.1657897e-04 1.2080129e-03 4.9468712e-04 1.2737262e-03 8.1147027e-04
 9.6318585e-01 9.8879414e-04 1.0758911e-03 3.0245028e-02] [0.02124706 0.03822698 0.02556414 0.03024219 0.02339584 0.04294323
 0.668826   0.0668375  0.08271711] [0.9727011  0.0031756  0.00660463 0.00262326 0.00221024 0.00135665
 0.002852   0.00443395 0.00404255] [0.00908703 0.06119386 0.0083518  0.13651073 0.01840069 0.61737365
 0.05445054 0.05447381 0.04015787] [1.9267217e-04 2.1296521e-04 2.3952634e-04 9.3347342e-05 9.9864787e-01
 7.8870667e-05 2.2394251e-04 1.7827218e-04 1.3259314e-04] [0.00323452 0.0037843  0.9642219  0.00385302 0.00213031 0.00231495
 0.00556163 0.00699617 0.00790317] [5.7763595e-04 7.5808493e-04 9.3904178e-04 9.7904360e-01 9.0988498e-04
 4.6512391e-03 7.1073920e-03 1.2040614e-03 4.8090974e-03] [4.2152905e-04 6.6024379e-04 4.0571837e-04 8.5287745e-04 9.9132252e-01
 4.1472143e-04 3.2631755e-03 2.1972319e-03 4.6201676e-04] [0.9341829  0.00530622 0.00495473 0.01798368 0.00544652 0.0067497
 0.00493164 0.01111707 0.00932757] [0.10556617 0.00774777 0.7136644  0.03091986 0.03380475 0.04029054
 0.0129451  0.01886029 0.03620111] [0.01473267 0.00751946 0.007293   0.0050916  0.942647   0.00393818
 0.00767671 0.00805515 0.00304619] [0.00550683 0.00445711 0.9320135  0.00214274 0.00544803 0.0103502
 0.00473434 0.03233694 0.00301027] [0.0146259  0.01152557 0.01829391 0.01547671 0.00506409 0.11594737
 0.78636223 0.01143755 0.02126664] [0.01568051 0.14809076 0.64941925 0.04425193 0.01801409 0.064211
 0.01788748 0.01859882 0.02384615] [9.9132454e-01 6.6356070e-04 5.6745904e-04 1.0314117e-03 5.0969550e-04
 1.1639929e-03 3.3423826e-03 1.0407168e-03 3.5624413e-04] [1.7268014e-03 1.0871623e-03 8.7706203e-04 6.4369425e-04 7.6309370e-04
 8.8667817e-04 1.0469465e-03 9.9259937e-01 3.6922118e-04] [0.01734744 0.01550924 0.0338243  0.08192161 0.06489792 0.18430293
 0.5229599  0.01784034 0.06139639] [0.1145539  0.07136984 0.16449235 0.23960602 0.02485454 0.10272069
 0.16599862 0.06227087 0.0541331 ] [3.3987316e-04 5.6187075e-04 3.5991549e-04 8.6730329e-04 5.4693944e-04
 5.2091051e-03 9.9102157e-01 7.7739113e-04 3.1600319e-04] [0.00649796 0.91592586 0.00602246 0.00227512 0.01376855 0.04804286
 0.00207343 0.0027086  0.00268517] [0.00462042 0.00662529 0.00853411 0.00449177 0.962697   0.00284041
 0.00315453 0.00191186 0.00512458] [1.5587925e-03 1.6473294e-03 9.8586255e-01 1.2186676e-03 4.1412964e-04
 9.7930443e-04 7.5946301e-03 3.6000102e-04 3.6458514e-04] [1.2670971e-03 5.8395206e-04 2.3679219e-03 4.3061418e-03 9.7947443e-01
 2.7064485e-03 1.5153384e-03 9.2970714e-04 6.8489998e-03] [0.01442423 0.0117705  0.0126131  0.05366101 0.02633637 0.11642706
 0.6264564  0.0239924  0.11431894] [1.3944463e-04 3.2138813e-04 6.4189872e-04 1.6332124e-04 9.9668759e-01
 3.0163932e-04 1.3221869e-03 2.2220057e-04 2.0030145e-04] [0.0451282  0.12318169 0.02763129 0.5217225  0.02128766 0.03001866
 0.10378096 0.11079341 0.01645562] [0.05700833 0.30208805 0.01065026 0.07611509 0.01807322 0.02264408
 0.06269371 0.02998294 0.4207443 ] [1.1223732e-03 9.8978138e-01 1.7266991e-03 7.2677055e-04 1.9160906e-03
 1.3254043e-03 1.8011269e-03 9.5935364e-04 6.4077973e-04] [0.01809458 0.0103067  0.02237784 0.01071873 0.00778509 0.01859777
 0.00832958 0.89024276 0.01354698] [0.03971928 0.04371143 0.02130117 0.12364139 0.02354432 0.17209707
 0.04910664 0.154831   0.37204766] [0.04328465 0.20354395 0.18560395 0.03015924 0.04568741 0.02132674
 0.06335937 0.03727548 0.36975917] [9.9057287e-01 1.1309924e-03 5.3569215e-04 9.9112792e-04 1.0747844e-03
 9.4832119e-04 1.4889707e-03 2.7131124e-03 5.4414809e-04] [0.0126241  0.94283396 0.00711603 0.00474644 0.00202395 0.01866947
 0.00214724 0.00253429 0.00730452] [0.15337634 0.703578   0.01156101 0.0192025  0.02081808 0.03513898
 0.01815237 0.03002305 0.00814969] [0.00647016 0.01492872 0.01006041 0.00693006 0.00608583 0.00856236
 0.00534794 0.9366266  0.00498783] [0.05078688 0.02391153 0.01478664 0.07350276 0.03735179 0.16650157
 0.06304667 0.35033992 0.21977223] [0.06939304 0.03155732 0.35310116 0.06131551 0.07946238 0.11691414
 0.08191565 0.12038735 0.08595345] [9.9656785e-01 4.2456947e-04 1.0495491e-04 1.1163562e-04 3.0318982e-04
 9.1118255e-04 1.9344043e-04 1.2445995e-03 1.3855688e-04] [5.9369270e-04 8.3838031e-04 1.0581719e-03 3.5841563e-03 1.5805678e-03
 1.0583132e-02 9.7769064e-01 1.5628092e-03 2.5084540e-03] [0.00687467 0.96890926 0.00269579 0.00390324 0.00157719 0.00526551
 0.00419909 0.00397253 0.0026027 ] [7.4050238e-04 3.6040411e-04 7.5116032e-04 5.5312290e-04 9.9552494e-01
 8.0903614e-04 4.5753591e-04 6.0530007e-04 1.9792786e-04] [0.02034542 0.01757287 0.11899377 0.02454404 0.0096799  0.02195612
 0.00797046 0.68673235 0.09220504] [0.00657861 0.00289713 0.017192   0.8416157  0.00808198 0.0860591
 0.0034746  0.01298351 0.02111745] [0.01815207 0.6549675  0.06709506 0.11074311 0.02898371 0.01906423
 0.03408247 0.04579399 0.02111793] [0.00552221 0.0031397  0.01414589 0.75304115 0.00687853 0.0622474
 0.01072042 0.01627212 0.12803257] [0.02588955 0.00626059 0.00811057 0.2751915  0.02738324 0.04036969
 0.01480905 0.0318628  0.570123  ] [4.8093637e-03 1.0927354e-03 9.8710829e-01 3.0798777e-03 6.7167921e-04
 1.0877193e-03 5.1055406e-04 1.0042601e-03 6.3555926e-04] [0.01138979 0.01978197 0.02388049 0.06282196 0.01801023 0.2751901
 0.09357779 0.05813416 0.43721348] [0.12216016 0.05473148 0.06303407 0.20887029 0.00698466 0.03043842
 0.08686427 0.01558383 0.4113328 ] [0.00615352 0.8799701  0.01427147 0.00804375 0.04635478 0.02175466
 0.01212576 0.00472276 0.00660321] [9.0688989e-03 9.8236579e-01 1.9900317e-03 8.3687395e-04 1.1375906e-03
 9.1877120e-04 6.6343427e-04 2.1984952e-03 8.2007895e-04] [0.82114744 0.031737   0.01301822 0.00951809 0.02366964 0.02782744
 0.01778933 0.01314607 0.0421468 ] [0.05986851 0.1013612  0.33123896 0.1832077  0.0869964  0.05300389
 0.06519612 0.06772533 0.05140189] [0.00661984 0.93686795 0.00830542 0.00750435 0.00724476 0.00820501
 0.00440199 0.01463644 0.00621423] [9.9296278e-01 1.2010101e-03 6.4230157e-04 3.4345945e-04 1.0807167e-03
 9.4102236e-04 3.0734116e-04 1.1283769e-03 1.3929576e-03] [0.0033084  0.00318443 0.0017926  0.00651661 0.00930108 0.02983274
 0.92517674 0.01117389 0.00971356] [0.00329342 0.00589866 0.00950096 0.01243595 0.00728735 0.00980878
 0.93490654 0.01055596 0.00631232] [5.3856999e-04 7.2749716e-04 9.7044128e-01 2.4802038e-02 2.3382492e-04
 1.2529797e-03 1.3855558e-03 4.2310977e-04 1.9511182e-04] [0.45347926 0.02670451 0.15747853 0.09060886 0.04636354 0.08772817
 0.04703665 0.05196096 0.03863949] [0.01676979 0.00489008 0.07240757 0.01269327 0.8564038  0.00363045
 0.00394466 0.0220211  0.0072393 ] [0.1972149  0.03123137 0.02805148 0.06120515 0.02735145 0.06811517
 0.0174102  0.08078593 0.48863432] [3.6490514e-04 7.2876463e-04 4.0915638e-04 3.2196057e-03 7.2800677e-04
 1.8920392e-03 1.9343793e-03 1.2092356e-03 9.8951387e-01] [0.003634   0.00217555 0.0449267  0.9001571  0.01059243 0.01571982
 0.00948952 0.00585184 0.00745303] [1.9543231e-03 1.1927204e-03 9.4971905e-04 4.9948483e-03 8.8630960e-04
 3.0662920e-02 1.3983159e-03 1.9250805e-03 9.5603579e-01] [0.01682705 0.04359589 0.27914795 0.08769054 0.16796967 0.08038081
 0.02488026 0.04845583 0.251052  ] [0.01085195 0.8603439  0.01846499 0.0126698  0.00300057 0.01368399
 0.04228017 0.00739294 0.03131169] [0.00630538 0.00575817 0.008724   0.03948101 0.00809571 0.05412327
 0.84742075 0.00570594 0.02438571] [0.01833851 0.02779146 0.05652411 0.09235649 0.03313929 0.08929919
 0.20222878 0.09011687 0.39020532] [0.01562283 0.01372447 0.01823428 0.24150977 0.22735143 0.1373204
 0.20105204 0.02860764 0.11657713] [0.05293673 0.08164208 0.02708087 0.12553789 0.03300539 0.14338271
 0.18366133 0.04929109 0.30346188] [0.24001412 0.04873526 0.12920804 0.08032551 0.04839029 0.13996133
 0.03638266 0.08724011 0.18974271] [1.1068340e-03 2.4022600e-03 3.3438290e-04 1.1906684e-03 1.0976339e-03
 9.8218441e-01 2.3200128e-03 2.5611939e-03 6.8026846e-03] [0.06270896 0.04779189 0.5180923  0.07159629 0.07463057 0.04816723
 0.03906877 0.05061063 0.0873334 ] [0.96856076 0.00650505 0.0028534  0.00177925 0.00422021 0.00345503
 0.00300491 0.00471173 0.00490964] [0.10019879 0.7655847  0.01658553 0.01105656 0.0120434  0.0131904
 0.00510801 0.07080152 0.00543108] [0.01018924 0.04758773 0.00648126 0.18485571 0.01319227 0.05030897
 0.04061423 0.16108409 0.48568654] [0.03187471 0.19270884 0.13704675 0.02309866 0.23982888 0.20688145
 0.04685165 0.07811603 0.043593  ] [0.94668883 0.00634528 0.00476863 0.00550762 0.00471761 0.00519014
 0.00450739 0.00830953 0.01396495] [4.3415809e-03 3.7956433e-03 3.6424748e-04 3.9273710e-04 9.8985028e-01
 2.4990851e-04 4.6475825e-04 2.9241046e-04 2.4839188e-04] [0.05255333 0.08223803 0.1188955  0.02065096 0.03211676 0.07887636
 0.13005069 0.04644113 0.4381773 ] [2.9890519e-04 2.6681621e-04 2.1433560e-04 7.9632492e-04 1.4582390e-03
 7.1536150e-04 9.9326879e-01 3.3799888e-04 2.6432308e-03] [0.02072923 0.00818786 0.03690686 0.51821387 0.01933717 0.2581218
 0.01713879 0.03276255 0.08860186] [0.01307485 0.00708647 0.00947622 0.02228628 0.0176829  0.81729007
 0.01235399 0.02477784 0.07597137] [0.50896746 0.17269114 0.03444061 0.06728165 0.04769604 0.01943971
 0.0382875  0.04044099 0.07075489] [0.0021601  0.00491021 0.00964093 0.00258327 0.00162003 0.00536947
 0.96792924 0.0020062  0.00378057] [5.7231833e-04 3.7598124e-04 6.4388872e-04 6.0555544e-03 9.8456383e-01
 1.9519281e-03 5.8259169e-04 5.7609705e-04 4.6777907e-03] [0.02164065 0.01657227 0.04611557 0.20234886 0.02329465 0.04159953
 0.08238643 0.02495202 0.54109   ] [9.8939228e-01 8.1401289e-04 2.1338162e-03 2.5095537e-03 1.0161807e-03
 1.2614378e-03 9.6351653e-04 7.3006208e-04 1.1791872e-03] [1.2567081e-03 9.3753677e-04 6.5091951e-03 2.6098518e-03 1.1776163e-03
 2.1768396e-03 7.2281080e-04 9.8336166e-01 1.2478121e-03] [4.0585318e-04 2.2631662e-04 3.0903972e-04 5.4963981e-04 3.9482745e-04
 3.0945294e-04 4.0869569e-04 9.9715084e-01 2.4540449e-04] [0.03440386 0.01201843 0.01971178 0.02301957 0.01549052 0.0300451
 0.02248157 0.7686612  0.07416796] [0.05056735 0.04353473 0.02476781 0.01172748 0.03045505 0.02511109
 0.0088523  0.7909749  0.01400922] [0.01684481 0.01107201 0.01910039 0.11131326 0.02275227 0.46931323
 0.16080184 0.06421553 0.1245866 ] [0.05819087 0.01697283 0.02038468 0.06830972 0.04845013 0.05237246
 0.0359903  0.6779029  0.02142612] [0.01429879 0.01588716 0.01228615 0.51671475 0.01277592 0.12965196
 0.16766626 0.03393308 0.09678593] [0.02420197 0.86531216 0.0058407  0.00797585 0.01126767 0.01129375
 0.02007498 0.00919633 0.04483658] [0.04596201 0.01406987 0.02662217 0.11644431 0.0485715  0.29530847
 0.22379857 0.06495395 0.16426913] [0.01482481 0.01892305 0.01417406 0.03307851 0.8422334  0.02584699
 0.02042585 0.01683808 0.01365517] [0.00198756 0.00430235 0.01928486 0.9639097  0.00108848 0.0024132
 0.00362599 0.00101017 0.00237772] [0.01792541 0.18805349 0.07660165 0.03180735 0.02229437 0.49488065
 0.03423027 0.10890244 0.02530437] [0.00106451 0.9617861  0.01052774 0.0009648  0.00710732 0.00318873
 0.00766835 0.00471357 0.00297885] [1.26517389e-03 7.44455401e-03 9.70869442e-04 1.06049678e-03
 1.60421035e-03 9.72342849e-01 2.65122927e-03 4.29779844e-04
 1.22308545e-02] [0.90742344 0.01511969 0.01411457 0.01058995 0.00946146 0.01326234
 0.01024868 0.00576373 0.0140161 ] [0.00557396 0.02369531 0.00453874 0.04820292 0.00956862 0.01998626
 0.0119863  0.0217978  0.85465   ] [0.03139756 0.03105784 0.03355603 0.15283823 0.02901887 0.14594227
 0.27818462 0.05605072 0.24195388] [0.9438833  0.00493678 0.03638729 0.00218847 0.00214057 0.00217485
 0.00200221 0.00236112 0.00392547] [0.00436875 0.01539169 0.91873455 0.00529985 0.00413842 0.02528635
 0.01581304 0.00932012 0.00164717] [5.5304891e-04 1.8308211e-04 2.3886289e-04 6.6734897e-04 9.9222904e-01
 2.7285593e-03 2.1077376e-03 8.2887348e-04 4.6339593e-04] [0.01940878 0.01228952 0.02119475 0.1016484  0.00899107 0.7598759
 0.02378115 0.02133032 0.03148017] [0.04271445 0.04387927 0.01238037 0.10977671 0.0949681  0.05600147
 0.08126475 0.43736655 0.12164831] [0.9430777  0.00738028 0.0036642  0.00363173 0.00280924 0.00897676
 0.0229238  0.005057   0.00247937] [0.00785265 0.00668803 0.00491872 0.0057138  0.02082918 0.00325746
 0.00478629 0.9375012  0.00845271] [0.05493814 0.00975729 0.02254721 0.01992051 0.01113157 0.01194365
 0.01069288 0.75793016 0.10113858] [0.04600511 0.40445584 0.16860135 0.04309178 0.01346946 0.08289861
 0.06417015 0.09506385 0.08224382] [0.80910224 0.03383713 0.05073251 0.00893249 0.02906469 0.02510701
 0.00865247 0.02230232 0.01226915] [0.03204242 0.017283   0.02718146 0.55728257 0.03484172 0.09928269
 0.19116299 0.0210868  0.01983636] [7.5210707e-04 8.1110245e-04 1.5425333e-03 1.5608383e-03 1.8531295e-03
 5.0954469e-02 9.3873227e-01 9.2912413e-04 2.8644023e-03] [1.8318595e-03 1.2227546e-03 1.2444751e-03 1.3673903e-03 1.2211757e-03
 9.7083616e-01 6.0336720e-03 8.7406125e-04 1.5368469e-02] [0.02005932 0.03453345 0.01352184 0.10747849 0.02228649 0.08124319
 0.05410035 0.52183956 0.14493732] [0.09135611 0.06942176 0.5180992  0.09784169 0.05713014 0.03919459
 0.03242474 0.0221424  0.07238937] [0.032566   0.01032066 0.02323634 0.05085764 0.02821332 0.10757869
 0.07309719 0.28530946 0.38882068] [0.18900563 0.09606824 0.15111741 0.12687457 0.1195622  0.08861272
 0.10278787 0.0901879  0.03578345] [1.3778766e-03 3.1316348e-03 1.0407465e-03 4.9165444e-04 7.8238809e-04
 1.3991219e-03 2.1056205e-03 9.8814130e-01 1.5296984e-03] [0.4533803  0.11021116 0.14642578 0.06177723 0.05453064 0.05642157
 0.03307889 0.03143771 0.05273675] [0.01395999 0.01328535 0.01038763 0.05587707 0.02821088 0.3430259
 0.03016447 0.1380913  0.36699742] [2.4906555e-04 2.5866952e-04 2.4260455e-04 4.1473471e-04 3.3329101e-04
 9.7939831e-01 4.7205621e-03 2.2689954e-03 1.2113779e-02] [0.07809942 0.20631775 0.55356324 0.07148638 0.02734801 0.00625367
 0.0065905  0.04199394 0.00834708] [5.5549741e-03 2.9482727e-03 7.4253534e-04 8.8312477e-04 9.7945011e-01
 7.0983851e-03 9.1585779e-04 1.6022221e-03 8.0458174e-04] [0.06442972 0.25828844 0.07101631 0.04262342 0.05747145 0.06869261
 0.04319311 0.24767286 0.14661208] [9.9665147e-01 3.7689600e-04 5.4488197e-04 2.1398428e-04 2.5669424e-04
 2.4180261e-04 3.6077545e-04 9.3347009e-04 4.1999400e-04] [0.05652316 0.63085026 0.04526713 0.01627328 0.0157885  0.13387232
 0.04465715 0.01467296 0.04209526] [1.7113352e-04 9.9861872e-01 1.6370075e-04 9.2010654e-05 3.6920677e-04
 5.4309439e-05 1.8570312e-04 2.1553278e-04 1.2968321e-04] [5.4905395e-04 3.5900500e-04 5.6964118e-04 3.9356950e-04 3.3157112e-04
 1.2818248e-03 9.9429518e-01 9.3046739e-04 1.2896894e-03] [0.0031871  0.06218194 0.89335215 0.00501514 0.00275704 0.00487284
 0.01316286 0.00420098 0.01126991] [6.9848076e-04 9.8840386e-01 9.5488020e-04 4.7770198e-03 6.3816085e-04
 1.9485818e-03 8.4237516e-04 9.3380979e-04 8.0283463e-04] [0.07642186 0.4451741  0.05647074 0.02038583 0.02479234 0.03893231
 0.04722482 0.09825747 0.19234054] [1.8845506e-03 1.2366665e-03 1.0317969e-03 4.5310827e-03 9.6005807e-04
 1.9307340e-03 8.2536237e-03 9.7907430e-01 1.0971582e-03] [3.9991364e-04 9.9250680e-01 1.8810009e-03 9.4702264e-04 5.4097298e-04
 8.3456386e-04 1.6763029e-03 1.0086726e-03 2.0474942e-04] [0.00836312 0.005728   0.00434629 0.01789852 0.00426201 0.01264787
 0.9347544  0.00393441 0.00806548] [0.01701716 0.00392482 0.88638717 0.06626319 0.00495101 0.00370223
 0.00454851 0.00482146 0.00838444] [0.03279177 0.02193428 0.14760496 0.08834289 0.05421366 0.34441766
 0.22309521 0.02096753 0.06663208] [0.01021049 0.00714413 0.01514959 0.00145155 0.00364548 0.00591716
 0.9385808  0.01171308 0.00618769] [0.0680861  0.05778598 0.02145523 0.24810384 0.0399864  0.05009252
 0.06225668 0.02278928 0.42944402] [0.0041423  0.0070592  0.00808614 0.01182439 0.00387018 0.00504775
 0.9445885  0.01065436 0.00472719] [1.1182449e-04 4.7880501e-04 1.6631732e-04 4.1527452e-04 1.3006973e-04
 2.1264865e-04 1.5532934e-04 9.9823380e-01 9.5884374e-05] [1.2017515e-03 5.4833088e-03 7.4503422e-02 9.0581572e-01 3.4606087e-03
 2.7368281e-03 4.8387260e-03 1.0601593e-03 8.9953950e-04] [5.7339831e-04 8.8889321e-04 1.1991638e-03 5.0126649e-03 2.7843278e-03
 6.1076018e-03 9.5711601e-01 2.4077767e-03 2.3910126e-02] [0.00264506 0.0065145  0.00497737 0.0148471  0.01297625 0.06210273
 0.01082598 0.01477963 0.87033135] [0.00253708 0.00311153 0.00213719 0.02759343 0.00506063 0.00723813
 0.9134983  0.00431524 0.03450852] [0.0257119  0.04126746 0.14146553 0.05509702 0.06417318 0.36912712
 0.18317322 0.04645541 0.07352915] [5.54449682e-04 1.39315627e-04 1.01655234e-04 8.47830146e-04
 1.32272471e-04 1.42413157e-03 9.95205402e-01 4.38285992e-04
 1.15673698e-03] [1.30779939e-04 8.43794405e-05 9.99150872e-01 1.34429138e-04
 8.89523726e-05 1.40041840e-04 1.06433414e-04 6.88155706e-05
 9.52402188e-05] [0.02135541 0.03777502 0.02095834 0.02082411 0.01942721 0.02701819
 0.01660651 0.812708   0.02332718] [0.02564716 0.03831341 0.05048746 0.05816639 0.04338364 0.22951931
 0.03699674 0.02619444 0.4912914 ] [6.7351933e-04 1.4659609e-03 1.1005833e-02 9.6919662e-01 7.8322343e-04
 7.6448745e-03 4.1193995e-03 1.0315101e-03 4.0790671e-03] [0.0059642  0.01476516 0.00331113 0.00237657 0.96762764 0.00217607
 0.00101738 0.00141981 0.00134203] [0.05248795 0.03753888 0.06296971 0.04169491 0.05692937 0.38063815
 0.07077768 0.01752875 0.2794346 ] [0.00533612 0.00789204 0.0116608  0.00739579 0.95018786 0.00194268
 0.00358003 0.00807271 0.00393198] [0.01972309 0.07247657 0.71123827 0.04912995 0.03005322 0.03208835
 0.03649028 0.03586247 0.01293783] [7.9739344e-04 9.4617257e-04 5.2224315e-04 1.4767720e-04 9.9643916e-01
 2.7740252e-04 2.6197152e-04 2.9652580e-04 3.1145688e-04] [0.01585669 0.00961709 0.01572624 0.02779743 0.02625374 0.21001543
 0.00718114 0.00990943 0.6776428 ] [0.02212283 0.04785891 0.16754763 0.07297871 0.20768131 0.09915718
 0.20178871 0.07019501 0.11066972] [0.0269816  0.07355525 0.09498817 0.19572546 0.15244797 0.08405584
 0.08205025 0.03011688 0.26007858] [0.01088472 0.06992784 0.00625494 0.00365392 0.13179304 0.00242195
 0.76574284 0.00561817 0.00370253] [0.00601017 0.9127366  0.01182036 0.00990561 0.00590429 0.00664558
 0.00416956 0.03811977 0.0046881 ] [2.6844192e-04 3.9688582e-04 1.6765727e-04 1.0041795e-04 9.9829584e-01
 2.0700166e-04 1.6428283e-04 1.2901645e-04 2.7044749e-04] [0.01295312 0.0088136  0.08936667 0.43603256 0.05394806 0.1644402
 0.04925453 0.00726708 0.17792417] [1.6509039e-04 4.1174213e-04 6.9617454e-05 2.9767893e-04 1.3488697e-04
 3.6527068e-04 9.9814713e-01 1.3664224e-04 2.7195268e-04] [0.11050655 0.43656424 0.06982553 0.10690989 0.03292683 0.04074051
 0.08836477 0.05009082 0.06407085] [0.01395462 0.43877333 0.08517893 0.0188695  0.01346599 0.01399266
 0.14019586 0.2606654  0.01490375] [0.01935221 0.01184554 0.02758632 0.1444342  0.04700477 0.16350557
 0.07667702 0.03873081 0.47086352] [9.8391241e-01 5.1585557e-03 1.4742156e-03 1.1903574e-03 8.2882534e-04
 2.4231055e-03 2.9730557e-03 8.8718976e-04 1.1522803e-03] [0.13414405 0.09167115 0.4178391  0.03745629 0.04448909 0.08235532
 0.06546588 0.05135442 0.07522474] [0.03672786 0.0751106  0.02835395 0.00842999 0.01417477 0.7585059
 0.05416348 0.01300827 0.01152516] [9.9556822e-01 7.7918719e-04 2.9559381e-04 3.6288786e-04 5.9706660e-04
 1.0234430e-03 4.2955234e-04 5.2051083e-04 4.2349612e-04] [5.2857964e-04 1.2246807e-03 5.3624139e-04 1.7239507e-03 9.8298281e-01
 4.4526258e-03 2.5448909e-03 3.6631541e-03 2.3430707e-03] [7.6398364e-04 9.8801756e-01 7.5943843e-03 3.8765799e-04 9.5803820e-04
 6.0862995e-04 6.9229054e-04 4.9937592e-04 4.7811132e-04] [0.02108341 0.83979505 0.01257757 0.04426342 0.00943702 0.04019521
 0.01335358 0.0102604  0.00903437] [0.01578102 0.00882803 0.0146298  0.00827865 0.01240779 0.04338083
 0.66738415 0.01919052 0.21011923] [9.0362562e-04 2.9231951e-04 8.6348812e-04 3.8008210e-03 5.2604114e-04
 7.5661410e-03 9.7886401e-01 1.4005789e-03 5.7829414e-03] [0.7053803  0.07587249 0.04158323 0.08021673 0.01372515 0.01642241
 0.01807221 0.02538833 0.02333912] [0.03886785 0.01019726 0.05703332 0.02222308 0.01647939 0.01117155
 0.01327146 0.82259417 0.00816194] [0.0137269  0.88225377 0.01385388 0.00636222 0.00722786 0.00648615
 0.00796172 0.03616945 0.02595807] [0.00164398 0.00276413 0.00231585 0.00200706 0.00148565 0.04238972
 0.03311147 0.00255746 0.9117246 ] [0.02670399 0.05186602 0.70367956 0.01202266 0.01422981 0.0209998
 0.06195675 0.09849935 0.010042  ] [9.9838579e-01 1.4297095e-04 1.6087554e-04 1.8395373e-04 1.5220209e-04
 2.3270724e-04 3.3430586e-04 1.6719016e-04 2.4004770e-04] [0.00143023 0.00196763 0.00100855 0.00152611 0.00302129 0.9586806
 0.00406868 0.0032734  0.02502346] [4.1751503e-03 1.3486126e-03 1.7877684e-03 7.5519690e-04 2.0320376e-03
 1.0086655e-03 1.2243324e-03 9.8658282e-01 1.0853570e-03] [0.0235305  0.01844629 0.03489675 0.29077253 0.05182803 0.24235396
 0.06216586 0.18075399 0.09525206] [0.01039583 0.01820659 0.02118119 0.04299283 0.01469648 0.37265646
 0.08976635 0.01536176 0.41474247] [0.95576274 0.00234632 0.00568438 0.00325039 0.0105189  0.0030185
 0.00685879 0.00846639 0.0040936 ] [3.7809671e-04 4.6410857e-04 2.1074768e-03 1.6725856e-04 2.3071184e-04
 2.8412294e-04 2.7002700e-04 9.9598455e-01 1.1369467e-04] [0.05636325 0.07692933 0.04236735 0.05664819 0.16946258 0.22716717
 0.25142556 0.0678681  0.05176847]",8 2 6 3 3 5 5 4 2 3 3 0 7 3 1 8 4 5 8 7 4 5 5 5 6 0 8 4 2 3 4 0 2 4 2 6 2 0 7 6 3 6 1 4 2 4 6 4 2 8 1 7 5 2 0 1 1 7 8 3 0 6 1 4 7 3 1 3 8 2 5 8 1 1 0 2 1 0 6 6 2 7 4 8 8 3 8 3 1 6 3 4 8 3 5 2 0 1 7 2 0 4 8 6 3 5 0 6 4 8 0 7 7 7 7 6 7 3 1 5 4 3 5 1 5 0 8 5 0 2 4 5 3 0 7 7 5 0 3 6 5 1 2 8 0 7 0 3 5 2 4 7 0 1 1 6 2 1 8 7 1 6 2 5 6 8 6 7 3 6 8 6 5 6 2 7 8 3 4 5 4 2 4 8 4 8 6 1 4 3 6 2 2 8 0 1 5 0 4 1 1 5 6 0 7 1 8 2 0 5 7 7 3 0 7 4
1468,4,xgboost,0.5,30000,30000,0.8518518518518519,0.9813609182098766,"[0.05973187 0.56167716 0.17462662 0.01301148 0.02034865 0.02459288
 0.04516686 0.0333531  0.06749136] [2.6690217e-03 8.0338673e-04 9.7781755e-03 9.5875221e-01 4.3221600e-03
 7.3304819e-03 3.8234270e-03 1.5660686e-03 1.0955116e-02] [0.06357601 0.02218341 0.07962688 0.18154119 0.06757747 0.2583294
 0.03693344 0.1855294  0.10470282] [1.0239538e-03 9.0494775e-04 1.0300507e-03 2.6847182e-03 7.4227015e-04
 9.8999000e-01 2.1832068e-03 8.4773544e-04 5.9317250e-04] [0.06726859 0.06323393 0.28421828 0.03715144 0.12126601 0.02784123
 0.08102197 0.16442204 0.1535765 ] [0.00463983 0.00524809 0.00689309 0.00927882 0.7883863  0.12637888
 0.02580563 0.01242705 0.02094237] [8.6084689e-04 6.3011330e-04 6.4726151e-04 4.9298480e-03 2.8917182e-03
 9.8197401e-01 3.0681419e-03 1.8208518e-03 3.1771914e-03] [0.00806451 0.01065215 0.01028117 0.4816986  0.07049948 0.18887413
 0.07219347 0.07165102 0.08608549] [0.11278386 0.15841028 0.11869232 0.1881012  0.02872124 0.08589569
 0.06608891 0.09470934 0.14659716] [9.0996968e-04 9.9389488e-01 9.6665550e-04 1.4502461e-04 5.1900966e-04
 3.4877530e-04 1.8653718e-03 7.3540187e-04 6.1484956e-04] [0.603228   0.17875497 0.05034605 0.03071285 0.02814529 0.03812753
 0.02558727 0.02313635 0.0219617 ] [0.0017429  0.00227219 0.02457664 0.9528754  0.00581907 0.00416025
 0.00142881 0.00209251 0.00503223] [0.01252202 0.01250083 0.04032652 0.12153413 0.03820442 0.20313619
 0.17448676 0.04513349 0.35215566] [7.2937616e-04 3.7181636e-04 8.6242135e-04 3.4901244e-04 9.9463236e-01
 5.1922916e-04 6.4710260e-04 1.5191562e-03 3.6952252e-04] [0.07701946 0.01875061 0.03892156 0.02597673 0.01233846 0.29160005
 0.05556418 0.0332063  0.4466227 ] [0.02024843 0.04490407 0.01128739 0.00682416 0.84871024 0.01849908
 0.00878517 0.01192881 0.02881264] [0.0229353  0.02085079 0.03924852 0.16939639 0.10169625 0.14497127
 0.0995307  0.05184788 0.34952295] [0.00309381 0.00815154 0.00182376 0.00591766 0.00279627 0.9509564
 0.00495666 0.0023667  0.01993716] [0.00426816 0.0419121  0.00396206 0.1479061  0.01972155 0.15330346
 0.05364724 0.01851628 0.5567631 ] [0.02881127 0.7867524  0.0371902  0.00740826 0.01890847 0.06716384
 0.0176526  0.01158317 0.02452984] [9.9256480e-01 9.5738604e-04 1.6561783e-03 8.7422412e-04 1.4178526e-03
 7.3852408e-04 6.3824817e-04 5.2480685e-04 6.2792684e-04] [0.04157712 0.6399084  0.15974753 0.00939039 0.00938872 0.01355027
 0.1107461  0.01109028 0.00460124] [0.26215896 0.07662901 0.32712007 0.05025126 0.02164895 0.04111458
 0.07116763 0.11181059 0.03809898] [0.936306   0.01419714 0.00605916 0.00238467 0.00911003 0.01609317
 0.00279078 0.00436854 0.00869051] [0.00536604 0.00553001 0.00209376 0.7362439  0.02499523 0.06988386
 0.0404713  0.01061657 0.10479927] [0.0260433  0.1348686  0.09993423 0.04660399 0.40724596 0.04892404
 0.0631775  0.08512805 0.08807432] [0.03996224 0.8297559  0.01059    0.01068661 0.01747366 0.01545523
 0.03416079 0.0316194  0.01029616] [3.1452032e-03 9.8662519e-01 3.2361762e-03 9.9156401e-04 1.7006757e-03
 1.1113164e-03 9.8109164e-04 1.0875219e-03 1.1213130e-03] [5.1758118e-04 5.1328499e-04 3.9000655e-04 1.9612323e-02 1.0983731e-03
 9.6950883e-01 1.8588072e-03 1.0716418e-03 5.4291622e-03] [5.8003562e-03 2.8727897e-03 3.8569267e-03 8.4111892e-04 2.2848048e-03
 1.0150776e-03 4.2500286e-03 9.7012347e-01 8.9554023e-03] [0.0915745  0.28281108 0.14415103 0.03461104 0.35091415 0.01308302
 0.02132237 0.05100441 0.01052834] [0.02670704 0.0123041  0.00983873 0.07624464 0.04727325 0.02809007
 0.21275435 0.12163086 0.46515694] [0.01430649 0.02608863 0.02861363 0.06039901 0.03907942 0.1101035
 0.33484924 0.16381274 0.22274736] [0.00939327 0.02721225 0.00480533 0.8997766  0.0045617  0.01097914
 0.00693787 0.00682433 0.02950959] [2.4171638e-04 3.0601569e-04 3.4821234e-04 1.6586557e-03 1.2626519e-03
 4.1506195e-04 1.0819915e-03 9.9292207e-01 1.7636323e-03] [0.00125175 0.00103977 0.00138492 0.00376021 0.96698916 0.00374009
 0.00751987 0.00243773 0.01187643] [0.00503961 0.00361646 0.0058768  0.03642932 0.0083158  0.01491255
 0.9014154  0.01167542 0.01271862] [0.02613593 0.04457863 0.06491248 0.48926523 0.02806482 0.1292196
 0.04330939 0.11160056 0.0629134 ] [0.00475052 0.00335975 0.00300566 0.00165541 0.9721681  0.00451444
 0.00591976 0.00280879 0.00181758] [0.04448143 0.6852421  0.05270357 0.01849657 0.03850506 0.04477903
 0.03528207 0.03450161 0.04600851] [0.00621777 0.01375839 0.9438061  0.00593222 0.00491623 0.00886451
 0.00904952 0.00605354 0.0014017 ] [9.8858494e-01 6.1103451e-04 6.8737718e-04 3.1481376e-03 5.9974054e-04
 9.9212048e-04 2.9633869e-03 1.7003713e-03 7.1292446e-04] [0.13779245 0.21827231 0.2289019  0.0841993  0.06661591 0.13373408
 0.02552615 0.0675545  0.03740341] [0.01271324 0.01427704 0.02204482 0.88659143 0.01347387 0.01800698
 0.01255805 0.00771359 0.012621  ] [9.8538023e-01 2.4817653e-03 1.9140030e-03 8.6957135e-04 7.7252300e-04
 1.8650423e-03 1.7482986e-03 1.1747876e-03 3.7937437e-03] [0.01738668 0.01663212 0.04637263 0.4281584  0.02868259 0.30937383
 0.02438507 0.03695528 0.09205336] [0.00914504 0.01455302 0.01197828 0.7251764  0.01017763 0.02699691
 0.02518442 0.01686321 0.15992509] [0.03038516 0.00393639 0.00396241 0.01502218 0.00134346 0.00484694
 0.00477493 0.006857   0.9288715 ] [0.04114095 0.22217692 0.35519254 0.09382042 0.15806091 0.04508032
 0.02549408 0.04168217 0.01735165] [1.1545350e-04 1.8771575e-04 8.7095941e-05 1.2595310e-04 9.9893051e-01
 1.9674319e-04 1.5163228e-04 8.0161975e-05 1.2472978e-04] [0.02717426 0.03115811 0.08524001 0.08194923 0.01930322 0.24305743
 0.26642615 0.1971439  0.04854769] [2.5872104e-03 2.2835776e-03 9.8178744e-01 7.2112086e-04 2.7835539e-03
 2.6382976e-03 1.0371240e-03 5.4807640e-03 6.8086403e-04] [0.00157666 0.00366825 0.9613479  0.00980706 0.00534191 0.0075309
 0.00166934 0.00773985 0.0013182 ] [0.00791794 0.03120852 0.64985853 0.24076062 0.00783517 0.02487363
 0.00587497 0.022529   0.00914165] [0.01546173 0.82330227 0.03519452 0.0310726  0.01131511 0.02067615
 0.02135065 0.01443467 0.02719228] [6.6172646e-04 9.1634056e-04 3.5122986e-04 2.2698307e-04 9.9570388e-01
 7.0859841e-04 5.8059749e-04 5.9430307e-04 2.5630128e-04] [0.06360868 0.08454549 0.15783755 0.39927334 0.02959727 0.1133064
 0.05758452 0.06491181 0.0293349 ] [3.8693720e-04 2.3433288e-04 3.9601099e-04 5.3209095e-04 9.9088717e-01
 1.4703656e-03 2.7116949e-03 1.2077463e-03 2.1736056e-03] [0.86302775 0.05825935 0.01210504 0.01413442 0.02622576 0.00588108
 0.00793515 0.00850237 0.00392906] [0.01617617 0.03516054 0.02116784 0.30566117 0.07233208 0.09939201
 0.15963256 0.02929759 0.26118004] [0.9632321  0.00180175 0.00115038 0.00310841 0.01383407 0.00186426
 0.00222749 0.00689914 0.00588241] [0.00909909 0.02101835 0.09471241 0.03416182 0.01970443 0.0331958
 0.06376257 0.04975835 0.6745872 ] [1.3203091e-03 2.6955849e-03 9.8470497e-01 4.5218449e-03 5.4044020e-04
 1.3102537e-03 1.0326122e-03 1.7790998e-03 2.0948828e-03] [0.06769598 0.47666115 0.10672683 0.04705625 0.10057347 0.08181784
 0.02462209 0.0153052  0.07954118] [0.00757723 0.00450218 0.00620909 0.32492965 0.01274732 0.0162106
 0.01436747 0.3564173  0.2570392 ] [0.04567323 0.08133237 0.03196135 0.01709479 0.01967855 0.01871199
 0.01501043 0.7514371  0.01910019] [9.8294282e-01 3.7443889e-03 1.4621681e-03 4.8727062e-04 1.0903664e-03
 1.5257844e-03 6.3683605e-04 6.3276268e-03 1.7827061e-03] [0.05594748 0.56288546 0.33912978 0.00430843 0.00694699 0.00770062
 0.01037882 0.00540134 0.00730105] [0.00511797 0.01474625 0.02236106 0.07038134 0.02744553 0.19163159
 0.00851694 0.10026358 0.55953574] [1.2869391e-01 4.7264583e-03 1.6109013e-03 2.1575524e-03 3.7935588e-03
 2.7176833e-03 8.5126650e-01 4.2842547e-03 7.4922986e-04] [0.00171812 0.0020953  0.00611004 0.96062404 0.00188566 0.00296014
 0.0099478  0.00432158 0.01033738] [2.5728717e-03 9.8409189e-04 8.3730055e-04 6.6728558e-04 1.9828430e-03
 2.7482163e-03 9.8851049e-01 7.1884913e-04 9.7805983e-04] [1.0548577e-03 4.0624608e-04 9.7282423e-04 9.8771673e-01 1.9542144e-03
 1.6762967e-03 7.7754451e-04 1.8951531e-03 3.5461301e-03] [1.5708838e-03 8.8268291e-04 1.6420290e-03 1.7559908e-02 5.5491389e-03
 1.4885904e-03 9.6538657e-01 1.8076218e-03 4.1125785e-03] [3.9268988e-03 2.0412935e-03 6.2005420e-04 5.0081260e-04 9.8971111e-01
 1.2225474e-03 7.1302970e-04 6.2236231e-04 6.4188865e-04] [0.15753272 0.01511685 0.06245077 0.02023091 0.06229769 0.02069857
 0.03127851 0.54200685 0.08838715] [0.00746375 0.00787571 0.95727235 0.01117847 0.00404184 0.00290021
 0.00399838 0.00268628 0.00258299] [0.02650922 0.01405747 0.01014284 0.10878794 0.01494031 0.3236375
 0.07692142 0.37316826 0.0518351 ] [2.3284447e-03 8.7567067e-01 1.1075646e-01 1.2333136e-03 6.3916645e-04
 1.5634540e-03 6.3477969e-04 1.7523478e-03 5.4213549e-03] [0.06623355 0.12590632 0.05925204 0.15975899 0.2499761  0.05428797
 0.05240608 0.07863099 0.153548  ] [2.6376385e-04 3.6722695e-04 1.0691589e-03 2.1599012e-04 9.9682659e-01
 3.0352431e-04 5.4179359e-04 3.2008396e-04 9.1783804e-05] [0.07953554 0.05101537 0.03694084 0.19835752 0.10430285 0.03643383
 0.25648916 0.05414936 0.1827755 ] [0.0054044  0.00360078 0.9665236  0.00661469 0.00186781 0.00238219
 0.00947022 0.00257796 0.00155841] [1.4793712e-03 9.8266822e-01 4.9866014e-03 8.3792629e-04 2.5039809e-03
 1.7902732e-03 1.9261489e-03 1.1554448e-03 2.6520744e-03] [1.8974186e-04 2.8291333e-04 9.9740952e-01 3.5174028e-04 7.6089415e-04
 3.9054663e-04 1.5506822e-04 3.7252717e-04 8.7005632e-05] [0.01114159 0.92597044 0.01117484 0.00588529 0.00856662 0.00688842
 0.00434845 0.01542631 0.01059807] [0.18170443 0.24190441 0.110503   0.03854513 0.06978287 0.0722044
 0.05913199 0.08407062 0.14215317] [0.00433996 0.0029249  0.00311014 0.00973618 0.00402761 0.8767452
 0.02429493 0.02051306 0.054308  ] [0.00678533 0.00421495 0.0041549  0.00441923 0.01122027 0.0078442
 0.9380814  0.00818204 0.01509769] [0.01033096 0.0230903  0.00947044 0.01003216 0.01088761 0.02313828
 0.00911762 0.01042352 0.89350915] [0.02889411 0.04457006 0.0620281  0.04498234 0.03250743 0.03507718
 0.01684947 0.7238203  0.011271  ] [0.00940045 0.01245763 0.01997528 0.03378414 0.04459507 0.50051224
 0.07374735 0.02897942 0.2765484 ] [0.06681354 0.4938736  0.20237495 0.01130973 0.01526435 0.09286968
 0.03260667 0.02341085 0.06147662] [1.6722232e-03 1.1535209e-03 3.9743368e-02 5.5588601e-04 8.9254195e-04
 2.1939117e-03 3.6327692e-03 9.4876689e-01 1.3889266e-03] [0.01769218 0.01308006 0.00528467 0.04177126 0.01810405 0.02511307
 0.01597122 0.01650828 0.8464752 ] [0.00219128 0.00178678 0.00166586 0.00468259 0.00135961 0.01646191
 0.00603634 0.96093094 0.00488465] [0.22260533 0.19379759 0.06740896 0.23541734 0.04765919 0.01632604
 0.08074524 0.02243345 0.11360689] [0.6398526  0.13089032 0.1028367  0.01433682 0.0255255  0.01548017
 0.02430028 0.0364715  0.01030611] [6.6146028e-04 4.7458039e-04 2.7787883e-04 2.0179518e-03 9.5921103e-04
 3.6083609e-03 9.8998684e-01 8.3229365e-04 1.1813811e-03] [8.4745977e-04 9.6957461e-04 2.1812413e-03 1.4415103e-03 9.8167521e-01
 4.3893601e-03 1.9961921e-03 1.9053104e-03 4.5941477e-03] [0.21225694 0.18234004 0.06298972 0.0524235  0.12643223 0.04236029
 0.03040836 0.12300347 0.16778548] [0.00993346 0.01234012 0.00663598 0.08041734 0.01757568 0.03558383
 0.72830826 0.04094752 0.06825784] [0.03747022 0.01036033 0.00730355 0.8755125  0.00753997 0.00661687
 0.0072248  0.01565997 0.03231181] [0.04647962 0.08435996 0.44958076 0.23698245 0.08243487 0.02223964
 0.01219628 0.03275512 0.03297134] [4.7892687e-04 2.6565240e-04 1.4271706e-04 3.4213392e-04 9.9746478e-01
 2.4722685e-04 4.1253984e-04 4.2874488e-04 2.1733258e-04] [0.0050727  0.00600944 0.00713217 0.13051626 0.00607078 0.00994369
 0.00918569 0.7491804  0.07688887] [0.03863169 0.06007512 0.08951473 0.0793276  0.0798238  0.2974316
 0.22184871 0.03439422 0.09895258] [0.00445493 0.02722773 0.00702553 0.01135318 0.00383662 0.00417908
 0.9196054  0.01851033 0.00380726] [0.01653671 0.03947777 0.03565383 0.01521307 0.01645785 0.8268063
 0.01717414 0.01023084 0.0224495 ] [3.6687241e-04 6.2185974e-04 6.6560425e-04 9.9079895e-01 5.6525855e-04
 1.1334735e-03 3.0183040e-03 1.0995929e-03 1.7301135e-03] [3.0487750e-04 2.1720149e-04 9.9767154e-01 4.7758885e-04 4.3039458e-04
 3.2814997e-04 1.8733334e-04 2.7692621e-04 1.0602154e-04] [0.00386375 0.00558963 0.9602819  0.00276802 0.00309183 0.00202157
 0.00557581 0.00882725 0.00798021] [0.09427429 0.11715255 0.18805896 0.05253665 0.15188858 0.04649896
 0.02224436 0.08200119 0.24534449] [0.14525697 0.52158827 0.07107291 0.08042894 0.04390268 0.08288271
 0.01755942 0.02694835 0.01035974] [0.0430892  0.03014487 0.7795629  0.03204244 0.01375977 0.0280126
 0.01848084 0.03954203 0.01536539] [0.02982245 0.01868323 0.03331976 0.01095457 0.01340126 0.02536109
 0.01103894 0.8458558  0.01156294] [9.96607304e-01 1.62858923e-03 2.95534293e-04 1.04095096e-04
 1.82016083e-04 1.64895129e-04 1.59494943e-04 7.28969288e-04
 1.29139909e-04] [0.02825057 0.01075047 0.00953862 0.0480488  0.01911595 0.07894244
 0.01458775 0.03441008 0.75635535] [0.00775721 0.01803216 0.01717061 0.5437738  0.02812042 0.13492034
 0.08983602 0.03883246 0.121557  ] [5.6229183e-03 1.0045028e-03 9.8318982e-01 7.7602157e-04 3.2195840e-03
 1.3807343e-03 2.5862525e-03 1.4285394e-03 7.9162652e-04] [0.00522236 0.00567652 0.0068617  0.01976749 0.01423565 0.01292642
 0.00662476 0.06279845 0.86588657] [4.4158511e-04 1.3880119e-04 5.3412237e-05 9.8092787e-05 9.9814427e-01
 2.2650538e-04 2.9674583e-04 4.1917968e-04 1.8142442e-04] [1.9447962e-03 2.6403787e-03 6.7907089e-04 1.6223964e-03 1.5076949e-03
 9.8080462e-01 1.3279159e-03 1.4629234e-03 8.0101993e-03] [0.11659815 0.2626284  0.28736347 0.03926425 0.01684697 0.10344287
 0.03179882 0.0759881  0.06606896] [6.7963800e-04 9.9256706e-01 1.2521624e-03 5.5443839e-04 2.2341490e-03
 4.6628900e-04 8.8375458e-04 8.9287420e-04 4.6959985e-04] [0.17038561 0.15867978 0.07573587 0.14522406 0.05147318 0.04428084
 0.09253411 0.03419097 0.22749555] [0.04249861 0.7640693  0.01876425 0.00900192 0.01451226 0.05384202
 0.05767877 0.01938923 0.02024356] [7.6413603e-04 4.4923319e-04 1.6550000e-03 9.9370110e-01 7.2463951e-04
 9.0230512e-04 4.3792243e-04 6.2687392e-04 7.3884090e-04] [0.1268014  0.4756531  0.06207669 0.11552282 0.03403463 0.04667424
 0.03520321 0.06715523 0.03687865] [0.00796298 0.00867347 0.00636672 0.0395792  0.00893553 0.8701157
 0.01311615 0.01450571 0.03074454] [0.01446526 0.02146612 0.00840988 0.0098671  0.00294176 0.26981574
 0.04414506 0.0142238  0.61466527] [0.01729126 0.03961349 0.08940613 0.06170028 0.06345732 0.6043517
 0.06959588 0.02123633 0.0333476 ] [6.2618067e-04 7.6284137e-04 4.8583155e-04 9.0992050e-03 9.5477968e-04
 3.1583784e-03 9.8273391e-01 1.0454998e-03 1.1333445e-03] [0.0056117  0.03066173 0.01032122 0.00809832 0.9330569  0.00339861
 0.00401895 0.0035522  0.00128039] [0.8927835  0.01792659 0.04598912 0.00231968 0.00823552 0.01117722
 0.00598292 0.00903327 0.00655217] [0.05533068 0.06847521 0.01669838 0.16400574 0.05311315 0.2410311
 0.09350803 0.0655994  0.24223825] [0.01273032 0.01021622 0.01317973 0.6578934  0.02686869 0.04161555
 0.03607588 0.06728641 0.13413382] [0.07156845 0.10914604 0.366739   0.0263242  0.04184147 0.08284407
 0.0816085  0.19306822 0.02686005] [0.06626117 0.4719176  0.12112559 0.03735941 0.10174018 0.05124028
 0.02821305 0.04596109 0.07618167] [0.02331262 0.00937336 0.01308252 0.40502062 0.03517396 0.3053999
 0.03292675 0.0435582  0.1321521 ] [0.00195341 0.00508989 0.97234964 0.00135062 0.00341472 0.0020703
 0.00472141 0.00552092 0.00352908] [0.07583382 0.39223805 0.49443004 0.00389099 0.00502005 0.01866847
 0.00246036 0.00559813 0.00186013] [0.9637582  0.01282118 0.00459389 0.00507978 0.00158712 0.00395904
 0.00324067 0.00388089 0.00107926] [0.02813936 0.02665706 0.03558549 0.08193566 0.09834249 0.07354202
 0.0241597  0.04888324 0.582755  ] [0.02735459 0.02692734 0.02228617 0.14438203 0.0535256  0.24068134
 0.12742062 0.10534718 0.25207517] [0.02361497 0.01272098 0.0547329  0.07173718 0.05389399 0.02312483
 0.0182359  0.17349078 0.5684484 ] [2.5686246e-04 2.3762192e-04 2.4953415e-04 6.2491192e-04 4.5811737e-04
 5.2038091e-04 5.8019313e-04 9.9686337e-01 2.0909312e-04] [0.00490574 0.8775327  0.01822443 0.01087669 0.00526542 0.00975487
 0.00453788 0.0576471  0.01125512] [0.01745056 0.0737399  0.06226456 0.5590357  0.03470639 0.07524
 0.04860948 0.06006424 0.06888913] [1.8953785e-03 4.4518630e-03 3.2268756e-03 2.8311787e-04 2.2437351e-03
 9.8951755e-04 1.3847320e-03 9.8120272e-01 4.3220413e-03] [0.01672577 0.3904096  0.10598081 0.00919748 0.01322584 0.2470763
 0.01316442 0.0466509  0.15756893] [0.04192339 0.553586   0.06093673 0.01529424 0.06180741 0.13333167
 0.04697153 0.05242078 0.03372828] [0.8492368  0.01374158 0.00971902 0.08315959 0.00712422 0.00542957
 0.00463982 0.02213008 0.00481931] [0.00685093 0.03695089 0.91176635 0.00415276 0.00982925 0.00968475
 0.00539982 0.00979833 0.00556686] [0.17418882 0.05634411 0.0938995  0.1504269  0.05221558 0.06940113
 0.08191238 0.213855   0.10775661] [0.89396286 0.0107918  0.02259441 0.01013896 0.00810145 0.01959578
 0.01269437 0.01238082 0.00973949] [0.00538124 0.01074817 0.02839964 0.9385559  0.00194075 0.00179483
 0.0016864  0.00999456 0.00149853] [9.8959706e-04 1.1412366e-03 6.4146682e-04 2.6619558e-03 1.6353667e-03
 1.8205858e-03 9.8628253e-01 1.5793247e-03 3.2478983e-03] [0.01153481 0.8112339  0.10892234 0.00786621 0.00678767 0.01692864
 0.02444088 0.00861781 0.00366777] [9.9296181e-04 7.4756489e-04 1.4608783e-03 1.8152042e-03 9.7523540e-01
 1.6533488e-03 6.0234312e-03 2.1369320e-03 9.9342689e-03] [0.04427395 0.02347452 0.01284458 0.02812297 0.04353001 0.02231875
 0.7067617  0.05373349 0.06494001] [3.1111241e-04 1.4937733e-04 4.8801576e-04 1.7442807e-04 9.9798334e-01
 2.2214025e-04 2.9393181e-04 2.6742156e-04 1.1018459e-04] [0.66297144 0.06165725 0.08087678 0.05873052 0.01026287 0.03208659
 0.01475746 0.07014188 0.00851523] [0.01543195 0.02130138 0.01623643 0.00275106 0.00321209 0.00174714
 0.00529156 0.93224466 0.00178369] [0.00838474 0.0093929  0.0080401  0.00836184 0.01086343 0.09038743
 0.84590566 0.00458366 0.01408021] [8.1538304e-04 4.6919796e-04 7.2341517e-04 3.6367826e-04 9.9371135e-01
 2.9486275e-04 2.7283833e-03 6.7293644e-04 2.2083566e-04] [0.00510825 0.00478982 0.00509615 0.00350891 0.00222513 0.00528162
 0.96520364 0.00455432 0.00423212] [0.0067707  0.00383316 0.00466344 0.01693121 0.00379476 0.10832792
 0.04198743 0.7180342  0.09565713] [0.02090957 0.01610352 0.7182081  0.15783913 0.0452069  0.00662671
 0.00817178 0.01497686 0.01195741] [0.05861529 0.01484264 0.0122516  0.11921756 0.0241163  0.06327543
 0.0281812  0.608131   0.07136902] [0.03584255 0.02962296 0.01153452 0.01402225 0.01617604 0.0369858
 0.82737225 0.01775628 0.01068734] [1.3023899e-04 2.6144297e-04 9.9690813e-01 1.5293112e-03 8.2320286e-05
 4.3668202e-04 1.3508582e-04 2.5182293e-04 2.6500251e-04] [0.00265618 0.00363943 0.00358281 0.00464838 0.00473556 0.00626061
 0.84425306 0.00590362 0.12432039] [0.02306825 0.06457528 0.02596498 0.02345089 0.749075   0.05132178
 0.01593884 0.01915364 0.02745135] [8.6314784e-04 1.0732601e-03 1.2724027e-03 2.2798285e-03 2.0249977e-03
 9.8648119e-01 1.7916770e-03 2.0842440e-03 2.1292046e-03] [0.16050974 0.12962663 0.22284436 0.04615168 0.03348293 0.07201677
 0.03552501 0.18027227 0.11957061] [1.7867353e-03 7.2002446e-04 5.2613619e-04 1.7670824e-03 1.0366725e-03
 1.2058601e-03 8.0115936e-04 9.8583591e-01 6.3204272e-03] [0.0058422  0.00108572 0.00186366 0.01276596 0.00146317 0.9426456
 0.02877971 0.00162387 0.00393012] [0.00271945 0.00103354 0.00098055 0.0049568  0.00176754 0.8253094
 0.1552164  0.00238014 0.00563621] [3.4166436e-04 1.0464095e-03 5.3287705e-04 4.1062880e-04 3.9384590e-04
 2.9447576e-04 3.4430498e-04 9.9506938e-01 1.5664151e-03] [0.00885991 0.01643369 0.00864926 0.0455852  0.02080102 0.05116908
 0.03058073 0.0912979  0.72662324] [5.7471596e-05 1.8227093e-04 6.3474356e-05 1.6064396e-04 1.8274852e-04
 1.7131018e-04 9.9864715e-01 1.3571123e-04 3.9919070e-04] [0.00321498 0.00570396 0.00715099 0.01351156 0.02305227 0.01706265
 0.8193443  0.03314552 0.07781381] [9.9237740e-01 4.4674764e-04 5.3196098e-03 3.1486145e-04 3.1948875e-04
 1.6795893e-04 5.0936802e-04 1.4969496e-04 3.9490967e-04] [0.12189221 0.20980392 0.16659264 0.04703544 0.07726439 0.0621863
 0.24584079 0.04302038 0.02636394] [0.00286649 0.00344487 0.93730074 0.00765194 0.00647488 0.0047062
 0.01814866 0.00418743 0.0152188 ] [0.01421513 0.11195553 0.04107214 0.13006647 0.01812645 0.0314422
 0.03920924 0.02853169 0.5853811 ] [0.00926275 0.00380577 0.05633468 0.72901696 0.00911664 0.14720695
 0.00615788 0.01148563 0.02761278] [8.5452315e-04 4.7410774e-04 7.6550903e-04 1.4859174e-03 4.1669729e-04
 6.0715887e-04 2.4432584e-03 9.9179989e-01 1.1529590e-03] [0.48693714 0.05137469 0.2854573  0.04661889 0.02049405 0.03069865
 0.02242052 0.03796811 0.01803064] [1.6652383e-03 1.9607514e-03 2.6083246e-03 7.5667130e-04 8.2910538e-04
 3.9326129e-03 3.9980183e-03 9.8063207e-01 3.6172827e-03] [0.04891703 0.03394146 0.03528062 0.80432445 0.00871876 0.00787635
 0.02634587 0.02179259 0.01280284] [0.00342453 0.00656819 0.00737767 0.9216347  0.01105584 0.02786535
 0.00533921 0.01142143 0.00531312] [3.1028400e-04 5.6208140e-04 1.0356346e-04 4.8015948e-04 9.9735934e-01
 2.7778526e-04 3.9004537e-04 1.5304431e-04 3.6367061e-04] [0.0938899  0.02817876 0.03916723 0.05782945 0.01680778 0.04230744
 0.01000264 0.6969976  0.01481916] [0.25049803 0.0943387  0.05242896 0.01713908 0.05268998 0.2767918
 0.06901743 0.09738223 0.08971377] [0.04425666 0.08996894 0.05343078 0.03623277 0.0865128  0.01950329
 0.01046484 0.62256795 0.03706197] [0.17167787 0.02740149 0.16430898 0.08884166 0.1161949  0.22227573
 0.05260592 0.0773849  0.07930858] [9.9748021e-01 3.0232174e-04 1.3247972e-03 9.9210753e-05 1.0919326e-04
 1.1960996e-04 1.6808583e-04 3.2400599e-04 7.2537776e-05] [1.4473622e-04 1.4343974e-04 7.9458950e-05 1.3407081e-04 9.9867189e-01
 2.0723372e-04 2.2053394e-04 1.0669198e-04 2.9199902e-04] [0.00859445 0.01408215 0.01027303 0.06012466 0.0227691  0.02497817
 0.02520072 0.01292814 0.82104963] [0.03550541 0.05052754 0.01849604 0.04701866 0.336692   0.07118253
 0.11815383 0.1412275  0.18119653] [3.7088431e-04 1.5319901e-04 3.6793630e-04 1.7165464e-03 8.5159234e-04
 9.8724246e-01 3.4152854e-03 4.2314047e-04 5.4589692e-03] [0.34183037 0.01341577 0.00901709 0.00572325 0.03272326 0.03096484
 0.54726064 0.00770642 0.01135835] [0.00589743 0.01056746 0.01696878 0.01735328 0.01592345 0.03931099
 0.8674357  0.01863448 0.00790838] [0.00696822 0.01287036 0.8749913  0.0455704  0.00690076 0.01450423
 0.00701044 0.02409908 0.00708525] [0.00415914 0.01747938 0.00352004 0.03341668 0.01451505 0.09081122
 0.81226385 0.0114613  0.01237336] [0.01348629 0.00693213 0.02603543 0.01124977 0.00898892 0.02283749
 0.01462813 0.8504031  0.04543879] [0.00291333 0.00134158 0.00437392 0.9764189  0.00178351 0.00235036
 0.00215092 0.00226812 0.00639937] [5.1761954e-04 7.2939339e-04 9.9413764e-01 1.4632631e-03 7.1960059e-04
 5.9867837e-04 8.0465461e-04 6.7848200e-04 3.5071085e-04] [0.6825148  0.05342864 0.04079909 0.03292796 0.03444361 0.06401876
 0.01728554 0.04964019 0.0249414 ] [0.02894649 0.7081894  0.01912182 0.06476565 0.01229339 0.0297726
 0.01923204 0.02675067 0.09092794] [2.1978267e-03 1.1349493e-03 8.0145098e-04 7.5235771e-04 9.9203694e-01
 6.1080325e-04 1.0124997e-03 1.0007228e-03 4.5239466e-04] [0.09475056 0.11654183 0.36175242 0.23820563 0.0315418  0.0559805
 0.01875098 0.03313698 0.04933932] [0.00553089 0.00400767 0.00239695 0.00329175 0.00314162 0.01049639
 0.9546459  0.00580659 0.01068224] [9.7750562e-01 2.1809102e-03 1.0301762e-02 5.5674039e-04 9.9450094e-04
 1.3222061e-03 6.8079389e-04 3.1319801e-03 3.3255112e-03]",1 3 5 5 7 4 5 5 3 1 0 3 8 4 8 4 3 5 8 1 0 1 6 0 3 4 1 1 5 7 2 8 8 3 7 4 6 3 4 1 2 0 1 3 0 8 3 8 4 4 6 2 2 2 1 4 3 4 0 5 0 8 2 2 5 7 0 1 8 6 3 6 3 6 4 7 2 7 1 0 4 6 2 1 2 1 1 5 6 8 7 5 0 7 8 7 2 0 6 4 8 6 3 3 4 7 8 6 5 3 2 2 2 0 2 7 0 5 3 2 8 4 5 8 1 8 1 3 2 5 8 5 6 4 0 8 3 1 1 3 2 1 0 8 5 8 7 1 5 7 1 1 0 2 3 0 3 6 1 4 6 4 0 7 6 4 6 7 2 7 6 2 6 4 5 8 7 5 5 7 8 6 6 0 0 2 8 5 7 0 7 3 3 4 7 5 7 5 0 4 8 4 5 6 6 2 6 7 3 2 0 1 4 7 6 0
