dataset_id,fold,checkpoint,sparsity,features,features_added,accuracy,roc_auc_score,prediction_probas,ground_truth
1468,0,xgboost,0.02,856,0,0.8935185185185185,0.9890769675925927,"[2.1850952e-05 2.6995192e-05 1.3562803e-05 2.0422303e-04 4.8895501e-05
 9.9694139e-01 4.7134454e-04 1.0651239e-04 2.1652156e-03] [3.8370803e-01 5.9572530e-01 6.2993448e-04 8.8873421e-05 3.2153272e-04
 1.6286386e-02 1.9102526e-03 5.5852387e-04 7.7122322e-04] [3.3730117e-07 3.5851809e-07 6.0121332e-05 9.9990928e-01 1.8577505e-06
 1.7463199e-05 2.6878295e-06 4.1928906e-06 3.6905672e-06] [1.1406813e-03 5.3870566e-02 9.3710649e-01 2.1980070e-04 6.7659939e-04
 1.1160389e-03 3.9081532e-03 7.2859839e-04 1.2330273e-03] [1.0030278e-05 5.4056956e-05 6.4604392e-06 2.3705758e-04 7.5407363e-05
 1.2535712e-04 9.9826258e-01 2.9145445e-05 1.1999565e-03] [2.0003377e-05 9.4469229e-04 9.9826318e-01 6.3775177e-04 1.1865066e-05
 1.9571218e-05 6.8534675e-05 1.2776950e-05 2.1622787e-05] [1.9971762e-05 1.7201614e-04 1.6165670e-05 9.9070130e-06 1.4574383e-05
 1.2470003e-04 1.6350900e-04 3.3409171e-05 9.9944574e-01] [3.8968702e-04 9.9537647e-01 7.2030700e-04 6.9819434e-06 2.3114409e-04
 5.3071376e-04 1.8894285e-03 2.4890853e-04 6.0634449e-04] [1.7611185e-04 4.9875211e-04 1.4989445e-04 7.0587185e-04 1.0446131e-04
 4.4383341e-03 6.6237897e-04 9.9134290e-01 1.9212679e-03] [6.4183027e-05 1.4011310e-04 5.2042673e-05 7.4495765e-06 9.9882060e-01
 1.4146583e-04 1.7773699e-04 4.0996241e-05 5.5539084e-04] [3.0407835e-05 2.8115890e-05 2.1627977e-05 3.4424003e-05 9.9949074e-01
 2.0314202e-04 6.6665059e-05 3.8777544e-05 8.6041924e-05] [0.01883112 0.04110878 0.01526916 0.6411048  0.01505465 0.04150567
 0.05214753 0.01202818 0.1629501 ] [8.0874413e-01 1.3992450e-01 1.5018617e-02 3.1032704e-04 3.1014970e-03
 4.7739139e-03 1.6490072e-02 4.0921122e-03 7.5448113e-03] [0.00162826 0.00461127 0.00138587 0.00652623 0.00096581 0.04103515
 0.00612411 0.00104004 0.9366833 ] [9.9971932e-01 6.8536603e-05 3.1363743e-05 3.0901350e-07 1.0230195e-05
 2.3488834e-05 8.3624116e-05 1.1016431e-05 5.2039446e-05] [0.00766512 0.00655174 0.00475771 0.07163961 0.0171521  0.38618857
 0.08069526 0.0373636  0.38798627] [1.1182108e-04 3.9019380e-04 7.2198418e-05 9.8185182e-01 6.2373164e-04
 2.0171446e-03 5.6395668e-04 1.0996167e-02 3.3730287e-03] [8.7617683e-01 1.1641912e-01 6.7029084e-04 2.1124047e-03 2.4747298e-04
 2.7695140e-03 9.8998158e-04 4.3246264e-04 1.8191979e-04] [8.0620499e-05 7.4543932e-05 4.8058777e-05 9.1268616e-05 7.9295241e-05
 4.5417270e-04 3.2487520e-04 9.7894716e-01 1.9900061e-02] [2.4440240e-03 9.7120609e-03 5.3471024e-03 4.3789129e-05 1.4496814e-03
 3.3285099e-03 1.1850051e-02 9.6202195e-01 3.8028494e-03] [1.00269235e-05 9.99089718e-01 8.37392290e-04 5.95090910e-07
 5.94750736e-06 7.69547296e-06 2.77373420e-05 6.36629011e-06
 1.44681153e-05] [5.8927992e-04 9.9300838e-01 1.0892394e-03 1.0558009e-05 3.4953325e-04
 8.0253882e-04 2.8571705e-03 3.7639641e-04 9.1690657e-04] [9.0036856e-06 7.6958795e-06 5.5885489e-06 8.4150110e-05 2.0147394e-05
 3.0883568e-04 9.9622250e-01 4.3888438e-05 3.2981578e-03] [4.3201796e-04 1.3667461e-03 2.6815169e-04 1.1737706e-02 9.3055138e-04
 1.5534660e-02 3.1077745e-03 1.2366401e-03 9.6538568e-01] [9.9963617e-01 1.1990703e-04 2.1659653e-05 2.1340327e-07 7.0649244e-06
 1.9129073e-05 5.7750422e-05 7.6078873e-06 1.3043532e-04] [1.7287033e-05 1.8374438e-05 8.5045185e-06 6.6476983e-05 9.9758101e-01
 1.6778810e-03 1.3775403e-04 2.1488994e-04 2.7783745e-04] [5.1577476e-06 4.3023738e-05 9.9891162e-01 9.9152408e-04 3.0593346e-06
 6.4755118e-06 2.7771965e-05 3.2944547e-06 8.0253430e-06] [4.2554093e-05 9.2896626e-05 4.2397813e-05 2.0984136e-05 9.9913162e-01
 9.6115778e-05 1.4472428e-04 2.7180960e-05 4.0159846e-04] [2.7403588e-04 2.3423150e-04 1.7009286e-04 2.5611899e-03 6.1320537e-04
 5.8209770e-03 2.8849391e-03 8.9989471e-01 8.7546647e-02] [8.7496761e-04 9.8932183e-01 1.9142770e-03 1.5676618e-05 5.1898981e-04
 1.1916161e-03 4.2423499e-03 5.5887643e-04 1.3614304e-03] [1.2586539e-05 1.0758315e-05 7.8124103e-06 1.1763612e-04 2.8164683e-05
 6.3414220e-04 1.3250601e-04 9.9851722e-01 5.3921674e-04] [2.9336576e-05 5.3699077e-05 2.8760922e-05 5.9130904e-04 6.5645952e-05
 3.4583849e-03 2.3440438e-04 1.3168510e-04 9.9540675e-01] [1.4342724e-04 2.1072873e-04 1.0744438e-04 8.2138853e-05 9.9531811e-01
 1.0968037e-03 6.5057439e-04 1.8290558e-04 2.2078231e-03] [7.5580741e-05 1.6499456e-04 6.1284474e-05 8.7724829e-06 6.0423485e-05
 1.2992077e-04 4.0814982e-04 1.0386066e-03 9.9805224e-01] [9.9980623e-01 4.7339101e-05 2.1663338e-05 2.1343956e-07 7.0661258e-06
 1.6224021e-05 5.7760240e-05 7.6091815e-06 3.5944307e-05] [0.00163638 0.00173931 0.00089198 0.6426014  0.00518538 0.08378727
 0.01229384 0.02034137 0.23152313] [1.3039132e-04 4.5765698e-04 4.0124455e-03 9.8139691e-01 1.5404270e-04
 1.6267422e-04 6.8579055e-04 7.3562827e-05 1.2926518e-02] [9.9390548e-01 1.8087809e-03 2.4194190e-04 2.5293516e-04 1.7880693e-04
 2.1139039e-03 7.1529252e-04 3.1246789e-04 4.7037704e-04] [0.00188106 0.1190413  0.8665836  0.00134036 0.00111576 0.00144368
 0.00468564 0.00119433 0.00271424] [3.63218828e-06 1.06051311e-05 1.10272405e-04 9.99730647e-01
 8.53957954e-06 3.25584951e-05 1.83185366e-05 1.05542304e-05
 7.48014936e-05] [5.4820430e-05 5.8268790e-05 2.6969425e-05 2.1081099e-04 1.3389678e-04
 5.3208759e-03 4.3684384e-04 6.8145635e-04 9.9307609e-01] [7.1101473e-05 6.0773815e-05 4.4132379e-05 6.6452753e-04 1.5910239e-04
 3.5822750e-03 7.4852729e-04 9.9162346e-01 3.0460402e-03] [2.14663160e-05 1.88312595e-04 9.86041844e-01 1.35484785e-02
 1.56650476e-05 9.54836214e-05 4.94969136e-05 2.73749156e-05
 1.18374155e-05] [4.82977484e-05 1.91925530e-04 1.05667066e-04 6.39052314e-06
 9.99234438e-01 6.57765777e-05 2.34175692e-04 3.08496819e-05
 8.24379749e-05] [1.4061712e-04 9.9593687e-01 2.5991999e-04 2.4866131e-06 8.3407496e-05
 1.9150591e-04 6.8179332e-04 8.9817637e-05 2.6136232e-03] [9.00923169e-06 1.11302215e-05 5.59199088e-06 8.42019363e-05
 2.01598032e-05 2.41478905e-03 9.96836066e-01 4.39154683e-05
 5.75067475e-04] [1.28350061e-04 1.96602399e-04 6.31430084e-05 4.93567612e-04
 3.13489756e-04 1.05050355e-02 2.14762404e-03 9.43542719e-01
 4.26095277e-02] [9.9974781e-01 9.9365861e-05 2.1662072e-05 2.1342710e-07 7.0657134e-06
 1.6223074e-05 6.4140986e-05 7.6087367e-06 3.5942208e-05] [9.9338467e-05 9.9703217e-01 7.1940001e-04 4.8635600e-05 7.2492265e-05
 6.1582879e-04 2.2905410e-04 1.2668136e-04 1.0563358e-03] [3.3974156e-05 2.9039329e-05 2.1087611e-05 3.1752876e-04 7.6023316e-05
 9.9727803e-01 7.3285255e-04 1.6560689e-04 1.3458644e-03] [0.00432857 0.00369984 0.00268673 0.04045562 0.00968597 0.48352075
 0.09337111 0.02109961 0.34115177] [6.4803967e-06 9.5212336e-06 9.9794108e-01 1.9577094e-03 4.7290664e-06
 3.4666544e-05 2.6819645e-05 8.2641172e-06 1.0721164e-05] [7.0894154e-04 9.9216789e-01 2.4498424e-03 5.7894718e-05 4.2051129e-04
 3.1747852e-04 2.2357791e-03 4.5012124e-04 1.1915293e-03] [0.00223779 0.00707955 0.00138899 0.06079968 0.00482013 0.05229072
 0.01609784 0.13780926 0.71747607] [1.7962035e-05 5.2444844e-05 8.8365914e-06 1.1106319e-03 9.9775440e-01
 3.0972029e-04 3.5190955e-04 5.2193176e-05 3.4191975e-04] [1.39935495e-04 1.48737818e-04 6.88426371e-05 5.84073830e-04
 8.10888829e-04 1.07668815e-02 1.11509557e-03 9.83754575e-01
 2.61102151e-03] [2.4055969e-04 2.0561782e-04 2.1388580e-04 9.7665441e-01 5.3829630e-04
 1.0169322e-02 2.5325154e-03 1.1726074e-03 8.2727671e-03] [3.7221871e-05 3.2652778e-04 9.9893254e-01 2.9201704e-04 2.7162645e-05
 2.3074927e-04 8.5825908e-05 4.7467140e-05 2.0525664e-05] [2.2658294e-03 2.8072472e-03 4.2515369e-03 6.3702214e-04 1.7177543e-03
 7.6487291e-01 9.0735452e-03 1.7698763e-01 3.7386537e-02] [0.9233762  0.00622084 0.00418079 0.00437075 0.00308981 0.03885293
 0.01236034 0.00539948 0.00214884] [6.4525423e-03 1.4086064e-02 5.3880271e-03 7.4893219e-04 5.1585226e-03
 8.4735298e-01 2.1944769e-02 4.1214945e-03 9.4746701e-02] [6.8249833e-04 5.6608920e-03 6.2966077e-03 5.3453195e-04 9.8330623e-01
 4.0273275e-04 2.1523854e-03 4.3333194e-04 5.3078402e-04] [8.2243627e-05 7.6044715e-05 4.9026337e-05 9.3106115e-05 8.0891681e-05
 5.4943532e-04 1.8030802e-04 9.9865615e-01 2.3271656e-04] [3.7345755e-05 4.2523960e-05 8.1706094e-05 1.6732944e-06 2.3012706e-05
 3.5960422e-04 9.9921465e-01 4.0621249e-05 1.9884776e-04] [1.0698366e-04 9.3851105e-04 9.3575090e-01 6.2104560e-02 7.8071353e-05
 4.7587059e-04 3.4971672e-04 1.3643090e-04 5.8995225e-05] [2.0379125e-04 9.9758208e-01 3.7669289e-04 3.6512899e-06 1.2087953e-04
 2.7754274e-04 9.8809844e-04 1.3016953e-04 3.1709467e-04] [5.8857753e-04 9.9182481e-01 1.0879411e-03 1.0545425e-05 3.4911663e-04
 8.0158224e-04 4.0457281e-03 3.7594777e-04 9.1581367e-04] [0.00157603 0.00167517 0.00077534 0.0060606  0.0038494  0.28236118
 0.01255883 0.3906208  0.3005227 ] [3.0429293e-05 1.8180205e-04 2.9832176e-05 1.4783809e-03 6.5543623e-05
 1.2581093e-04 1.6613730e-04 9.9676728e-01 1.1548282e-03] [7.3418543e-03 2.9175045e-02 1.0944422e-02 1.3154265e-04 4.3548462e-03
 1.0600355e-02 4.3718249e-02 4.6895333e-03 8.8904417e-01] [1.6720955e-04 6.6445721e-04 9.7606933e-01 2.1612206e-02 9.9180972e-05
 2.0993070e-04 8.1072969e-04 1.0680348e-04 2.6017468e-04] [0.00676172 0.00718704 0.00332649 0.02600205 0.01651522 0.65629274
 0.05388164 0.08405288 0.14598018] [0.28098983 0.18824756 0.10364218 0.00084876 0.02809898 0.06451607
 0.22968796 0.0302585  0.07371012] [4.8298371e-05 1.9192800e-04 1.0566843e-04 8.6535294e-07 9.9924731e-01
 6.5777422e-05 2.3417870e-04 3.0850078e-05 7.5151205e-05] [3.0738433e-04 2.6965213e-03 9.9118441e-01 2.4115257e-03 2.2431379e-04
 1.9055674e-03 7.0876518e-04 3.9199184e-04 1.6950448e-04] [3.0579773e-05 2.8274899e-05 1.8228940e-05 3.4618657e-05 3.0077095e-05
 1.2475739e-03 9.9848515e-01 3.8996852e-05 8.6528526e-05] [2.2673123e-05 3.4729946e-05 1.1154265e-05 8.7189088e-05 5.5378230e-05
 1.8557224e-03 3.7937961e-04 9.9118316e-01 6.3706255e-03] [1.2652123e-05 1.3447964e-05 7.6018187e-04 9.7152048e-01 7.3315678e-05
 5.2917673e-04 1.0082011e-04 1.9385770e-04 2.6796138e-02] [1.4181937e-05 5.6356170e-05 9.9947220e-01 3.3122077e-04 8.4120693e-06
 1.7805345e-05 6.8762318e-05 9.0585736e-06 2.2066804e-05] [8.9316476e-05 3.5492575e-04 1.8085027e-04 1.6153634e-05 1.2569051e-04
 3.0032379e-04 4.3305851e-04 9.9801993e-01 4.7980715e-04] [5.3121196e-04 1.4557546e-03 2.6133467e-04 2.0427653e-03 1.2974634e-03
 1.6567045e-01 8.8885324e-03 6.9051082e-03 8.1294739e-01] [3.6162641e-04 3.0909936e-04 2.2445996e-04 3.3798260e-03 8.0920453e-04
 9.7701514e-01 3.8070537e-03 1.7627468e-03 1.2330855e-02] [9.9980623e-01 4.7339101e-05 2.1663338e-05 2.1343956e-07 7.0661258e-06
 1.6224021e-05 5.7760240e-05 7.6091815e-06 3.5944307e-05] [9.00923169e-06 1.11302215e-05 5.59199088e-06 8.42019363e-05
 2.01598032e-05 2.41478905e-03 9.96836066e-01 4.39154683e-05
 5.75067475e-04] [5.4787123e-04 9.9349976e-01 1.0126986e-03 9.8160990e-06 3.2497157e-04
 7.4614451e-04 2.6563972e-03 3.4994708e-04 8.5247564e-04] [9.1813940e-01 2.1966873e-02 1.0052486e-02 9.9042845e-05 3.2789102e-03
 7.5284727e-03 2.6802616e-02 3.5309072e-03 8.6013405e-03] [7.9977940e-07 1.4639550e-06 1.9500254e-05 9.9975318e-01 1.7896530e-06
 7.4190059e-05 6.3903849e-06 3.5900282e-06 1.3910358e-04] [5.5766493e-05 1.6282483e-04 5.0786743e-03 9.9087977e-01 1.3111159e-04
 8.5744454e-04 2.8125156e-04 1.6204330e-04 2.3910704e-03] [1.7280167e-05 1.8367138e-05 8.5011397e-06 6.6450579e-05 9.9718469e-01
 1.6772144e-03 5.3491502e-04 2.1480458e-04 2.7772709e-04] [3.9252915e-05 7.3446710e-05 6.1199928e-05 2.6686750e-05 9.9912494e-01
 1.6068113e-04 4.4514178e-04 5.0057275e-05 1.8628754e-05] [6.4920785e-04 9.8617494e-01 9.2926724e-03 8.6244043e-05 4.7375952e-04
 9.2052668e-04 1.2996267e-03 8.2295190e-04 2.8010199e-04] [3.4015375e-05 4.2427497e-04 2.1113196e-05 1.2784282e-03 7.3267984e-05
 8.3305180e-04 9.9628592e-01 9.7368218e-05 9.5252210e-04] [0.0137259  0.03887203 0.01168256 0.05886039 0.00814157 0.531817
 0.08296864 0.00876728 0.24516459] [3.0409056e-04 6.5512653e-03 6.6529796e-04 5.4483353e-06 1.8037244e-04
 3.5393398e-04 1.3190549e-03 9.9029189e-01 3.2870873e-04] [1.9903151e-04 4.2878920e-03 4.3544656e-04 3.5660075e-06 1.1805617e-04
 9.9313015e-01 1.4502404e-03 1.2712930e-04 2.4853161e-04] [8.7061169e-05 8.0499150e-05 5.1898081e-05 9.8559947e-05 8.5630047e-05
 5.8161939e-04 1.9086985e-04 9.9857748e-01 2.4634833e-04] [9.0192416e-06 7.7091754e-06 5.5982046e-06 8.4295498e-05 2.0182204e-05
 1.6633155e-03 9.9794370e-01 4.3964264e-05 2.2225644e-04] [9.9947339e-01 1.7358579e-04 3.1356027e-05 3.0893747e-07 1.0227678e-05
 2.7692582e-05 8.3603547e-05 1.1013720e-05 1.8882728e-04] [1.0975069e-04 6.3687115e-04 1.4158059e-04 3.8683062e-05 9.9392724e-01
 1.9076714e-04 2.5772717e-04 4.2789797e-03 4.1835522e-04] [0.00203608 0.11917425 0.06090568 0.09044446 0.00148583 0.02379173
 0.5226569  0.11581349 0.06369156] [0.00151812 0.00129761 0.00094229 0.01418866 0.01089716 0.87093085
 0.01598218 0.00740009 0.07684302] [2.2507105e-05 1.9237876e-05 1.3970048e-05 4.5012066e-04 5.0363717e-05
 9.8949426e-01 4.8549785e-04 1.0971080e-04 9.3542729e-03] [9.9950409e-01 1.6346273e-04 2.9527424e-05 2.9092104e-07 9.6312260e-06
 2.6077623e-05 7.8728008e-05 1.0371428e-05 1.7781537e-04] [6.4338441e-04 5.6440737e-03 4.3592057e-01 5.5180186e-01 4.6950992e-04
 2.8618174e-03 1.4835123e-03 8.2047592e-04 3.5478882e-04] [9.0304093e-06 1.1436330e-05 6.7456845e-06 1.5963793e-04 2.0207193e-05
 1.4534616e-04 9.9917930e-01 4.0535411e-05 4.2771915e-04] [2.3967609e-02 4.2682488e-02 1.3963214e-02 2.3981312e-04 2.3967607e-03
 1.8095117e-03 9.0950793e-01 2.5655266e-03 2.8671424e-03] [5.2147857e-06 1.1835085e-05 4.0521022e-06 9.4959842e-06 1.2736900e-05
 9.1055571e-04 9.8857808e-01 5.5593195e-05 1.0412458e-02] [9.99105155e-01 8.17106629e-04 1.14951054e-05 1.13256455e-07
 3.74946580e-06 8.60887667e-06 3.06490547e-05 4.03762533e-06
 1.90729643e-05] [2.4362080e-05 5.3183016e-05 1.9753923e-05 2.8276534e-06 1.9476398e-05
 9.9943036e-01 1.0842424e-04 1.5561025e-05 3.2607047e-04] [0.00258893 0.00614562 0.01126258 0.68485785 0.00206974 0.05746137
 0.00556137 0.00165365 0.2283989 ] [2.9390096e-04 1.1679035e-03 9.6358204e-01 3.2342818e-02 1.7432845e-04
 3.6899067e-04 1.4250028e-03 1.8772620e-04 4.5730348e-04] [9.99102213e-06 1.57341929e-05 7.76343495e-06 1.81933992e-05
 2.44026887e-05 2.06880365e-03 9.97186720e-01 1.01856356e-04
 5.66577888e-04] [1.3777162e-03 1.7532517e-03 7.6008349e-04 4.2646090e-03 1.0312719e-02
 1.4411406e-02 3.0204563e-03 7.8365281e-02 8.8573450e-01] [9.9457246e-01 1.2962036e-03 7.1364193e-04 5.8442388e-06 1.9347925e-04
 4.4423415e-04 1.5815466e-03 2.0834897e-04 9.8419993e-04] [1.1679525e-04 9.9830468e-05 7.2494302e-05 1.0915895e-03 8.3836145e-04
 5.8844448e-03 1.2295722e-03 5.6931801e-04 9.9009764e-01] [1.4901039e-05 2.8335895e-05 7.3307133e-06 1.6657027e-04 3.6395184e-05
 9.9692720e-01 1.1874091e-04 1.8578633e-03 8.4261899e-04] [1.6141355e-02 8.3076644e-05 2.1840397e-05 3.2886383e-04 7.8737270e-05
 1.6811299e-03 9.6536547e-01 1.7151890e-04 1.6128037e-02] [8.5745829e-05 9.9033970e-01 7.4471729e-03 1.5162927e-06 5.0860410e-05
 9.8164928e-05 3.2837869e-04 5.4769200e-05 1.5937410e-03] [2.8499882e-04 2.2699295e-03 8.3971387e-01 1.5518168e-01 2.8031413e-04
 7.2034990e-04 5.3091691e-04 3.6127161e-04 6.5666053e-04] [0.00300633 0.00319544 0.00147899 0.01906052 0.00734285 0.79189366
 0.04975576 0.03737081 0.0868956 ] [1.2792362e-03 5.0834250e-03 2.7987475e-03 2.2919829e-05 7.5878325e-04
 1.7421885e-03 2.4094511e-02 9.6222973e-01 1.9904643e-03] [0.00676172 0.00718704 0.00332649 0.02600205 0.01651522 0.65629274
 0.05388164 0.08405288 0.14598018] [9.0191888e-06 1.3501279e-05 5.5981718e-06 8.4295003e-05 2.0182086e-05
 1.6633057e-03 9.9793786e-01 4.3964006e-05 2.2225514e-04] [7.3308864e-04 1.1229211e-03 3.6064998e-04 2.8190783e-03 1.7905398e-03
 6.0000923e-02 1.2266445e-02 9.5292581e-03 9.1137707e-01] [1.6829941e-05 5.9292088e-05 1.4298132e-03 9.9609607e-01 4.1106476e-05
 1.3118288e-03 1.3411173e-04 2.0920814e-04 7.0178712e-04] [6.4739174e-06 9.5117139e-06 9.9694330e-01 2.9634966e-03 4.7243379e-06
 3.4631881e-05 1.8899063e-05 8.2558545e-06 1.0710444e-05] [3.6700007e-05 6.3298641e-05 1.9096342e-05 8.6351408e-04 2.9340054e-05
 8.1455742e-04 9.9804568e-01 2.3441773e-05 1.0438641e-04] [6.3200307e-01 3.5245749e-01 1.6741822e-03 1.3710400e-05 4.5389644e-04
 1.0421592e-03 3.7102604e-03 7.4546104e-03 1.1906748e-03] [0.01536745 0.06106713 0.7424084  0.03545205 0.00911526 0.02092889
 0.07451034 0.0098158  0.03133474] [2.9345771e-04 9.9552166e-01 6.5281085e-04 1.6586235e-05 1.7406537e-04
 1.2814027e-03 1.4873678e-03 1.8632202e-04 3.8637134e-04] [1.9393687e-05 4.3725613e-05 1.2037565e-05 2.5475473e-04 4.1773314e-05
 9.9748176e-01 2.7147998e-04 5.5513927e-05 1.8195885e-03] [8.1151078e-04 8.6255680e-04 3.9923054e-04 6.0553890e-01 1.9820828e-03
 2.8064234e-02 6.4666313e-03 2.0113350e-01 1.5474135e-01] [0.00672283 0.00714571 0.00330736 0.03160393 0.01642024 0.65251815
 0.05357175 0.08356945 0.14514059] [0.00262622 0.00133398 0.00156552 0.00147636 0.00828589 0.02799887
 0.00909716 0.01432728 0.9332887 ] [1.1233013e-03 1.1939597e-03 5.5261893e-04 8.3819300e-01 2.7436188e-03
 1.0902771e-01 8.9511760e-03 1.3963422e-02 2.4251200e-02] [4.4468934e-06 6.5335435e-06 9.9925667e-01 6.8415143e-04 3.2451212e-06
 2.3788447e-05 1.2981661e-05 5.6708950e-06 2.4521989e-06] [1.6843276e-04 2.0747400e-04 1.0454539e-04 1.5742022e-03 3.7689877e-04
 4.0654905e-02 3.9077662e-03 8.5854525e-04 9.5214731e-01] [6.4183027e-05 1.4011310e-04 5.2042673e-05 7.4495765e-06 9.9882060e-01
 1.4146583e-04 1.7773699e-04 4.0996241e-05 5.5539084e-04] [1.2350229e-04 9.9793327e-01 2.2828479e-04 2.2127679e-06 7.3255855e-05
 1.9834841e-04 5.9881096e-04 7.8885809e-05 7.6347677e-04] [1.6824789e-04 1.0052094e-03 1.6494632e-04 9.8982108e-01 3.6240017e-04
 6.9562654e-04 9.1859663e-04 4.7872556e-04 6.3852090e-03] [2.3344500e-04 3.4298620e-04 7.4485892e-01 2.5178006e-01 1.7035654e-04
 1.2488030e-03 6.8148784e-04 2.9770055e-04 3.8621126e-04] [0.00251353 0.00376259 0.00449191 0.4492751  0.00586529 0.48801416
 0.0087068  0.01371249 0.02365815] [2.0379125e-04 9.9758208e-01 3.7669289e-04 3.6512899e-06 1.2087953e-04
 2.7754274e-04 9.8809844e-04 1.3016953e-04 3.1709467e-04] [4.3959757e-05 3.2451240e-04 6.4499029e-03 9.9249250e-01 7.2338589e-05
 3.4319379e-04 1.2833020e-04 5.6059671e-05 8.9201429e-05] [0.00672766 0.00715085 0.00330974 0.0258711  0.01643205 0.6529874
 0.05864672 0.08362956 0.14524497] [1.0752801e-03 9.1909320e-04 6.6742173e-04 1.0049767e-02 2.4061350e-03
 9.1389316e-01 1.1320110e-02 5.2414490e-03 5.4427575e-02] [6.9216330e-06 2.6090975e-05 5.2602054e-04 9.9740040e-01 1.5488420e-05
 5.8547786e-04 5.5305118e-05 3.1069634e-05 1.3532754e-03] [6.0685870e-05 2.7700796e-04 6.5506096e-03 4.7221027e-02 9.4439763e-01
 1.2761282e-04 1.6805259e-04 3.8762468e-05 1.1586763e-03] [9.2731039e-05 3.5563513e-04 1.7399776e-04 1.6950569e-05 6.7670495e-05
 1.6821956e-04 2.3502439e-04 9.9875844e-01 1.3129758e-04] [1.9424333e-05 8.5782514e-05 1.3658745e-03 9.9402481e-01 1.8822751e-04
 2.7953496e-03 1.3596908e-04 1.9802694e-04 1.1865221e-03] [9.0303283e-06 7.7186523e-06 5.6050858e-06 8.4399115e-05 2.0207011e-05
 3.2830969e-04 9.9917042e-01 4.4018307e-05 3.3033287e-04] [1.6478244e-04 1.3745464e-03 9.8931307e-01 7.5940327e-03 9.7741322e-05
 2.0688344e-04 8.8727416e-04 1.0525318e-04 2.5639811e-04] [4.6532929e-05 5.8930378e-05 3.4759938e-05 8.2260062e-04 1.0412583e-04
 1.0379024e-03 3.7180627e-04 9.9494213e-01 2.5811915e-03] [5.5582682e-03 8.3750570e-01 1.2160531e-02 9.8290053e-05 3.2969061e-03
 7.5697917e-03 2.6949717e-02 3.5502862e-03 1.0331053e-01] [1.1329961e-04 9.9720132e-01 2.0942568e-04 2.0299663e-06 6.7204026e-05
 1.1530239e-03 8.8287203e-04 7.2368886e-05 2.9845125e-04] [2.2254835e-03 2.5340600e-03 4.8689740e-03 9.9713900e-05 1.3713586e-03
 3.5659510e-03 1.5791385e-02 2.4206750e-03 9.6712244e-01] [4.1332448e-04 3.5328811e-04 2.5654869e-04 3.8630068e-03 9.2488871e-04
 9.5034546e-01 4.3513114e-03 2.0147488e-03 3.7477493e-02] [1.8827216e-04 7.4815570e-04 2.8065525e-04 3.3732376e-06 1.1167433e-04
 9.5630872e-01 1.8017609e-03 1.2025700e-04 4.0437106e-02] [0.00663554 0.00974918 0.0078828  0.02239971 0.00484229 0.05932133
 0.0193709  0.00846197 0.86133623] [0.01613553 0.02053373 0.01089064 0.15059131 0.03765205 0.61053294
 0.05015039 0.02057683 0.0829366 ] [1.2866457e-03 9.8429769e-01 2.8149572e-03 2.3052575e-05 7.6317805e-04
 1.7522797e-03 6.2384042e-03 8.2183164e-04 2.0019927e-03] [6.5014546e-04 5.3925458e-03 1.7118430e-03 3.6746234e-05 3.8563617e-04
 3.3919161e-04 4.1116877e-03 9.8448008e-01 2.8921585e-03] [1.02020385e-05 8.72017608e-06 5.24726638e-05 9.96111572e-01
 5.14786589e-05 4.31276974e-04 1.07402942e-04 4.97297988e-05
 3.17719067e-03] [0.00292517 0.00460665 0.00191417 0.29962423 0.0092693  0.44390976
 0.02047599 0.02982148 0.18745324] [9.9980623e-01 4.7339101e-05 2.1663338e-05 2.1343956e-07 7.0661258e-06
 1.6224021e-05 5.7760240e-05 7.6091815e-06 3.5944307e-05] [2.0379125e-04 9.9758208e-01 3.7669289e-04 3.6512899e-06 1.2087953e-04
 2.7754274e-04 9.8809844e-04 1.3016953e-04 3.1709467e-04] [3.9246806e-05 5.7662885e-05 4.6623893e-05 1.9468436e-05 9.9896944e-01
 3.5086408e-04 4.4507251e-04 5.0049483e-05 2.1642316e-05] [0.00466891 0.00399074 0.00289797 0.07194443 0.01044754 0.23523189
 0.0491524  0.37214613 0.24951994] [2.4949433e-04 2.6518822e-04 1.2274120e-04 7.3621362e-03 6.0938031e-04
 2.8044449e-02 1.9881306e-03 3.1013922e-03 9.5825702e-01] [5.6137767e-04 1.2255011e-03 4.5519145e-04 6.5157816e-05 9.8968458e-01
 1.2373328e-03 1.5545790e-03 3.5857418e-04 4.8577329e-03] [6.2859312e-05 5.8121444e-05 3.7471131e-05 7.1161572e-05 6.1826009e-05
 4.1993678e-04 1.3781054e-04 9.9897301e-01 1.7786671e-04] [0.00349045 0.00298345 0.00216651 0.03262239 0.02505462 0.17585796
 0.03674605 0.01701419 0.70406437] [0.04018227 0.02041046 0.02395308 0.02258887 0.03952174 0.42839435
 0.13919033 0.21921335 0.06654552] [4.25574908e-05 9.29040398e-05 4.11735418e-05 4.93955031e-06
 9.99211311e-01 9.38009907e-05 1.17851116e-04 2.71831304e-05
 3.68259993e-04] [2.6171672e-04 3.8452368e-04 3.1091075e-04 8.8348147e-04 1.9098766e-04
 1.9729969e-03 1.3802102e-03 9.8602170e-01 8.5935267e-03] [9.9979807e-06 1.0626882e-05 4.9186006e-06 3.8447062e-05 2.4419685e-05
 1.7863208e-03 9.9788123e-01 1.2428191e-04 1.1971559e-04] [0.00107809 0.00099683 0.00807549 0.97222656 0.00106037 0.00673993
 0.00236357 0.00137484 0.00608433] [9.1262299e-01 2.3447167e-02 1.0729899e-02 1.0571709e-04 3.4998676e-03
 8.0357976e-03 2.8608778e-02 3.7688464e-03 9.1809584e-03] [4.8298371e-05 1.9192800e-04 1.0566843e-04 8.6535294e-07 9.9924731e-01
 6.5777422e-05 2.3417870e-04 3.0850078e-05 7.5151205e-05] [3.0550676e-05 5.7898797e-05 1.8502373e-05 1.9351048e-05 3.0048475e-05
 1.7054494e-04 9.9753499e-01 1.8616696e-03 2.7648982e-04] [2.0354435e-05 2.1634787e-05 1.2229626e-03 9.9641210e-01 4.9714927e-05
 1.3690523e-03 1.6219702e-04 2.5301988e-04 4.8892497e-04] [1.6467407e-04 1.7503255e-04 8.1013030e-05 6.3325121e-04 9.7695690e-01
 1.5983282e-02 1.3122279e-03 2.0470151e-03 2.6466444e-03] [9.00923169e-06 1.11302215e-05 5.59199088e-06 8.42019363e-05
 2.01598032e-05 2.41478905e-03 9.96836066e-01 4.39154683e-05
 5.75067475e-04] [9.9719101e-01 6.6710630e-04 1.9828586e-03 3.0823199e-07 1.0204322e-05
 1.9695230e-05 6.5883905e-05 1.0988570e-05 5.1907835e-05] [0.0018109  0.0051285  0.00142456 0.00725825 0.00107414 0.04179757
 0.91467243 0.00115669 0.02567698] [9.9640191e-01 2.4917151e-03 5.2130649e-06 2.5664759e-04 2.4913299e-05
 1.7621677e-04 5.3442349e-05 3.0790819e-05 5.5911363e-04] [0.00875696 0.07682015 0.7503233  0.0521532  0.00639039 0.05428697
 0.02019173 0.0111673  0.01990997] [5.5660459e-04 1.0584421e-03 2.7382682e-04 2.1404121e-03 1.3594840e-03
 9.5396072e-01 4.4353777e-03 6.9189845e-03 2.9296156e-02] [8.7485387e-04 9.8919326e-01 1.9140282e-03 1.5674581e-05 5.1892234e-04
 1.1914612e-03 4.2417985e-03 6.8878476e-04 1.3612534e-03] [3.9236973e-05 5.7648442e-05 2.9393246e-05 2.2470484e-05 9.9871922e-01
 3.0004935e-04 1.7797573e-04 5.0036946e-05 6.0398778e-04] [7.3514809e-07 7.8139021e-07 2.6097625e-05 9.9990070e-01 1.7955693e-06
 4.0471281e-05 5.8581254e-06 9.1384054e-06 1.4418376e-05] [8.3095324e-04 9.3955499e-01 1.8179811e-03 2.0485346e-05 4.9288251e-04
 2.7940504e-03 4.4742790e-03 4.5945182e-02 4.0692510e-03] [0.01183147 0.03454507 0.0058206  0.2865577  0.02781676 0.19675352
 0.05967063 0.03437926 0.342625  ] [5.5002014e-04 2.1856695e-03 1.2033497e-03 9.8546107e-06 3.2624649e-04
 7.4907101e-04 2.6668191e-03 9.9145317e-01 8.5581973e-04] [9.4552459e-05 3.1648265e-04 5.6363770e-05 1.0704066e-04 9.2998176e-05
 4.3949368e-04 3.8101643e-04 9.6688062e-01 3.1631470e-02] [1.1314283e-03 4.6893689e-03 9.7365981e-01 2.2524645e-04 8.2566001e-04
 5.1861405e-03 2.8675764e-03 1.4342265e-03 9.9805063e-03] [3.6162641e-04 3.0909936e-04 2.2445996e-04 3.3798260e-03 8.0920453e-04
 9.7701514e-01 3.8070537e-03 1.7627468e-03 1.2330855e-02] [1.5164848e-04 1.8309552e-03 8.1458050e-01 1.8190263e-01 2.6255264e-04
 6.1388011e-04 3.4967027e-04 1.9338951e-04 1.1478763e-04] [5.5985840e-04 6.7931167e-03 6.0529937e-04 1.9732922e-04 9.8700619e-01
 7.2599255e-04 1.3147122e-03 3.5546502e-04 2.4420717e-03] [0.04574944 0.09987217 0.10764962 0.0575246  0.03657466 0.10083637
 0.12669036 0.02922198 0.3958808 ] [1.2477521e-05 4.5300592e-05 1.2232683e-05 8.9533433e-02 2.7920734e-05
 1.2995900e-03 2.3491614e-04 5.8568279e-05 9.0877551e-01] [0.00226728 0.00193796 0.00140729 0.02119044 0.00507346 0.04816085
 0.02386904 0.17176141 0.7243323 ] [5.3488708e-04 4.5719350e-04 3.3200212e-04 4.9991542e-03 1.1969077e-03
 1.1361893e-02 5.6310762e-03 4.0521171e-02 9.3496573e-01] [2.5401889e-05 7.4167510e-05 1.2496709e-05 6.1523274e-04 5.9721915e-05
 3.7268543e-04 9.9823487e-01 7.3811461e-05 5.3161441e-04] [2.8741347e-02 1.1421229e-01 6.2881097e-02 5.1495316e-04 1.7048027e-02
 5.7416838e-01 1.3935475e-01 1.8358236e-02 4.4720903e-02] [9.7329235e-01 2.5088184e-02 1.9358736e-04 9.0289330e-05 5.3330128e-05
 9.3868241e-04 2.1333985e-04 9.3195144e-05 3.7088961e-05] [8.1618084e-05 7.5466320e-05 4.8653441e-05 1.9228060e-04 8.0276433e-05
 4.3959063e-04 1.7893661e-04 9.9814212e-01 7.6105411e-04] [5.7488238e-03 9.9396968e-01 8.3763498e-06 4.9641681e-06 1.5612279e-05
 5.0712413e-05 2.6538572e-05 1.4364989e-04 3.1669777e-05] [2.4339573e-04 9.6720579e-04 9.9654692e-01 5.2356205e-05 1.4437109e-04
 3.3148006e-04 1.1801241e-03 1.5546651e-04 3.7871845e-04] [6.8665511e-04 2.7286294e-03 1.5022834e-03 1.5850834e-05 9.8929507e-01
 9.3515380e-04 3.3293047e-03 4.3859382e-04 1.0684208e-03] [9.17129637e-06 1.66260812e-04 9.99556720e-01 1.94077045e-04
 5.43998885e-06 1.04996425e-05 3.51230956e-05 5.85807038e-06
 1.67939397e-05] [0.00080326 0.001265   0.00318258 0.4025005  0.00254538 0.13160788
 0.00562278 0.00818908 0.44428357] [3.7345755e-05 4.2523960e-05 8.1706094e-05 1.6732944e-06 2.3012706e-05
 3.5960422e-04 9.9921465e-01 4.0621249e-05 1.9884776e-04] [9.0272933e-06 1.6523991e-05 6.7433566e-06 1.5958284e-04 2.0200219e-05
 2.0357654e-04 9.9883455e-01 4.0521423e-05 7.0926588e-04] [6.3636345e-01 3.5488921e-01 1.6857330e-03 1.3804993e-05 4.5702804e-04
 1.0493494e-03 3.7358589e-03 6.0663011e-04 1.1988897e-03] [1.00795405e-05 1.07135611e-05 4.95872428e-06 3.87606560e-05
 9.98589575e-01 9.78320604e-04 8.03201474e-05 1.25295745e-04
 1.61998367e-04]",5 0 3 2 6 2 8 1 7 4 4 3 0 8 0 5 3 0 7 7 1 1 6 8 0 4 2 4 7 1 7 8 4 8 0 3 3 0 2 3 8 7 2 4 1 6 7 0 1 5 8 2 1 8 4 7 3 2 5 0 5 4 7 6 2 1 1 5 7 1 2 5 0 4 2 6 7 8 2 7 8 5 0 6 1 0 3 3 4 4 1 6 5 7 5 7 6 0 4 0 5 5 0 2 6 0 6 0 5 3 2 6 8 0 8 5 6 1 3 8 7 6 6 6 2 2 6 1 2 1 5 3 4 8 3 2 3 4 1 3 2 5 1 3 8 5 3 4 7 3 6 2 7 1 1 8 5 5 8 5 1 7 3 8 0 1 4 7 8 4 7 8 8 4 7 6 3 0 4 6 3 4 6 0 6 0 2 5 1 4 3 1 5 7 7 2 5 2 4 3 8 8 8 6 5 0 7 1 2 4 2 3 6 6 0 4
1468,1,xgboost,0.02,856,0,0.8981481481481481,0.9911988811728395,"[9.9654299e-01 8.6735199e-05 4.8721318e-05 1.1608721e-06 2.2522374e-05
 6.6764114e-05 1.0573021e-03 2.0651962e-03 1.0858715e-04] [2.0716553e-04 1.3451303e-04 2.5851188e-05 7.8312779e-04 9.8974121e-01
 7.0511755e-03 8.5126242e-04 2.0598545e-04 9.9970552e-04] [9.4031799e-01 1.3074727e-03 6.4862543e-04 1.8369833e-02 3.3950893e-04
 7.4689760e-04 1.2924829e-03 2.0793661e-02 1.6183533e-02] [6.6669838e-04 1.0874106e-03 5.6928908e-03 4.7091300e-05 9.8685825e-01
 1.6268771e-04 2.4078933e-03 2.8733979e-03 2.0369310e-04] [0.08726569 0.08891265 0.05851869 0.00124793 0.542571   0.0507916
 0.08789328 0.03026776 0.05253136] [2.3129254e-03 9.8962080e-01 1.5510034e-03 3.3075510e-05 6.1192771e-04
 1.3462012e-03 2.3295588e-03 8.0222869e-04 1.3923127e-03] [9.9974138e-01 1.0947597e-04 7.8228797e-05 6.9411777e-07 1.0520287e-05
 5.9173512e-06 2.7638234e-05 1.3836412e-05 1.2273939e-05] [1.4086204e-04 3.7186623e-05 6.4563719e-03 9.9259621e-01 1.5894604e-04
 2.3770257e-04 9.9786943e-05 5.6945442e-05 2.1602772e-04] [1.24831611e-04 6.91267851e-05 2.80299155e-05 2.52536083e-05
 1.04826635e-04 2.01620904e-04 2.02588271e-04 9.91577148e-01
 7.66657153e-03] [9.9868327e-01 5.0639766e-05 1.2665460e-05 3.9242112e-04 5.4535351e-05
 2.3629036e-04 6.0658116e-05 2.6446323e-05 4.8306081e-04] [1.5589112e-03 2.5426426e-03 9.7877502e-01 1.5796250e-02 1.8777580e-04
 5.0413201e-04 3.2493769e-04 1.5056602e-04 1.5978100e-04] [9.7356789e-04 4.4161724e-03 9.9314719e-01 7.2961135e-05 1.2656015e-04
 3.3984470e-04 3.2593557e-04 1.4987252e-04 4.4784267e-04] [4.7802082e-06 3.3003398e-06 2.5311533e-06 9.8573226e-05 1.1515923e-05
 1.6787488e-04 7.9540470e-05 6.8269786e-04 9.9894923e-01] [9.9974138e-01 1.0947597e-04 7.8228797e-05 6.9411777e-07 1.0520287e-05
 5.9173512e-06 2.7638234e-05 1.3836412e-05 1.2273939e-05] [3.0197116e-04 3.0885256e-04 7.7246797e-05 2.3933810e-03 3.3261176e-04
 9.9310851e-01 3.6995456e-04 1.6129643e-04 2.9461940e-03] [0.05222466 0.07357037 0.02724046 0.00467399 0.01381702 0.19419804
 0.0662925  0.01811391 0.54986906] [2.1864807e-02 5.9225036e-05 4.1023435e-05 8.7508141e-07 1.3407387e-05
 2.2665309e-04 9.7673064e-01 9.0239779e-04 1.6103688e-04] [8.13567545e-04 1.16409035e-04 3.88823391e-04 9.95456338e-01
 4.34330315e-04 6.04178233e-04 7.24321755e-04 1.41546552e-04
 1.32046477e-03] [2.5793614e-05 1.5756241e-05 3.0280905e-06 1.5027594e-04 9.9912709e-01
 1.3579511e-04 3.0896583e-04 3.1835796e-05 2.0145152e-04] [3.3966471e-03 9.6676898e-01 7.6268928e-04 6.8714644e-04 2.8523153e-03
 1.3250433e-02 4.9358048e-03 2.2870961e-03 5.0588907e-03] [1.1560670e-03 9.9481213e-01 7.7523600e-04 1.6532105e-05 3.0585902e-04
 6.7287026e-04 1.1643810e-03 4.0097709e-04 6.9591781e-04] [1.3291116e-01 5.2881482e-05 3.4441859e-05 1.5483592e-03 1.5669923e-04
 3.8755948e-03 3.2628104e-03 4.4014788e-04 8.5771787e-01] [1.0880715e-05 6.0517232e-06 2.3770187e-06 3.2538941e-05 4.3528547e-05
 1.5797120e-04 9.9868828e-01 3.9681072e-05 1.0187167e-03] [7.1494374e-05 6.8524852e-05 1.1605131e-05 1.0521880e-03 9.9830389e-01
 2.5580253e-04 3.9430266e-05 2.7020798e-05 1.7003159e-04] [0.00093295 0.00184237 0.01765353 0.8951632  0.00199327 0.02063186
 0.0103234  0.00203536 0.04942415] [9.9918121e-01 1.1683326e-04 6.5628155e-05 1.6398034e-06 3.0337887e-05
 6.1941188e-05 1.1549381e-04 3.9772545e-05 3.8715382e-04] [3.7170842e-06 2.5663358e-06 1.9682220e-06 8.8482782e-05 8.9547611e-06
 1.3957663e-04 9.9958819e-01 2.5152789e-05 1.4138767e-04] [1.7835634e-03 2.6417165e-03 9.3030947e-04 1.5962492e-04 4.7187536e-04
 7.0271981e-03 1.7963904e-03 9.7648913e-01 8.7001696e-03] [9.3421316e-01 1.5205706e-02 8.5414192e-03 2.1341827e-04 3.9484366e-03
 8.6863050e-03 1.5031378e-02 5.1763454e-03 8.9838328e-03] [5.8410945e-04 9.9144989e-01 3.9169262e-04 8.3529412e-06 1.5453716e-04
 5.2687726e-03 5.8831013e-04 2.0259607e-04 1.3517237e-03] [1.8245102e-03 7.7192613e-04 2.2767183e-04 2.2134285e-03 5.1423186e-03
 7.7485545e-03 3.8340679e-01 2.3896846e-03 5.9627509e-01] [1.9794941e-05 2.0246052e-05 1.7753518e-03 9.9712002e-01 2.1803509e-05
 8.7675711e-05 2.4251420e-05 1.0573373e-05 9.2027563e-04] [9.9962354e-01 8.7003318e-05 4.8871927e-05 1.2211276e-06 2.2591996e-05
 4.9700899e-05 8.6005857e-05 2.9617791e-05 5.1403331e-05] [0.00561162 0.00387436 0.00297139 0.13358104 0.01351885 0.4145357
 0.07221594 0.03797274 0.3157184 ] [1.3846514e-05 2.2584194e-05 9.9976069e-01 1.9173602e-04 1.6678565e-06
 4.4777876e-06 2.8861546e-06 1.3373527e-06 7.2274025e-07] [6.8021225e-05 5.4350443e-05 9.9969304e-01 1.1747194e-05 2.9435434e-05
 6.8502181e-05 4.4643333e-05 2.3678576e-05 6.6626139e-06] [0.00255947 0.00505438 0.00135526 0.82051104 0.00546835 0.05660166
 0.02832131 0.00558382 0.07454465] [3.6044305e-04 2.9384269e-04 8.1039114e-05 1.2179818e-03 3.2587734e-04
 8.6508729e-03 6.4196205e-03 8.0607628e-04 9.8184425e-01] [2.04615964e-04 2.08477592e-04 1.37211464e-04 2.92606978e-06
 5.41349582e-05 1.10528024e-04 9.98489976e-01 7.09702435e-05
 7.21113815e-04] [2.1746151e-05 1.4242336e-05 4.7506996e-06 6.6836033e-04 8.6995962e-05
 6.8461377e-04 4.2181788e-03 9.9406165e-01 2.3943670e-04] [2.8730608e-06 1.9836116e-06 1.5213056e-06 6.8391426e-05 6.9214457e-06
 6.3409720e-04 9.9898881e-01 1.9441444e-05 2.7600117e-04] [0.00525006 0.00526931 0.00277995 0.12497446 0.01264784 0.38782728
 0.06756309 0.09831124 0.29537678] [8.7661298e-05 5.6918616e-05 1.0938833e-05 3.5318610e-04 2.4328634e-04
 1.0604373e-03 1.5273612e-04 9.9724340e-01 7.9139334e-04] [5.5183959e-06 3.5058465e-06 1.6950191e-06 5.1008039e-05 7.7117775e-06
 3.6390655e-04 2.8038414e-05 3.7517902e-04 9.9916351e-01] [1.7365495e-04 1.1989432e-04 9.1951508e-05 4.1337456e-03 4.1834899e-04
 9.7089785e-01 2.8895361e-03 1.1750896e-03 2.0099936e-02] [8.2656712e-05 4.5772005e-05 1.8559887e-05 1.8062712e-05 6.9410504e-05
 4.0323756e-04 9.9890244e-01 5.5656066e-05 4.0417482e-04] [8.1976369e-04 8.3523482e-04 9.9591571e-01 1.3180169e-04 2.1688377e-04
 4.7713038e-04 8.2565920e-04 2.8433185e-04 4.9347326e-04] [9.9978715e-01 4.5538942e-05 4.0359291e-06 3.8069700e-06 1.7684826e-05
 8.6321437e-05 2.1900667e-05 1.4258483e-05 1.9259116e-05] [9.0137859e-05 6.2232706e-05 4.7728627e-05 2.1456755e-03 2.1714970e-04
 9.9301839e-01 1.1599847e-03 6.0994545e-04 2.6487673e-03] [1.07927975e-04 7.00778764e-05 1.34678139e-05 4.34840505e-04
 2.99532490e-04 1.30560307e-03 1.88047634e-04 9.96606112e-01
 9.74358816e-04] [3.1930424e-04 3.2533036e-04 1.8910087e-04 4.7021083e-05 8.4477950e-05
 9.7914505e-01 3.2160056e-04 1.3034260e-04 1.9437768e-02] [3.7578045e-04 1.5836782e-04 8.4985048e-01 1.4951286e-01 1.1695572e-05
 3.9096009e-05 2.0238647e-05 9.3779590e-06 2.2076019e-05] [5.9094717e-04 1.6582399e-04 1.0746990e-03 9.8312056e-01 8.8489624e-03
 3.0894249e-03 4.4497370e-04 2.5393328e-04 2.4106493e-03] [6.2190520e-06 1.6615499e-05 2.8384230e-03 9.9706703e-01 2.0122481e-05
 1.7272772e-05 1.8254214e-05 2.8515042e-06 1.3244782e-05] [4.8050776e-04 4.8957643e-04 9.9759847e-01 8.4750456e-05 1.2712738e-04
 2.7967186e-04 4.8396341e-04 1.6666224e-04 2.8925165e-04] [2.11461767e-04 3.35231540e-04 9.99187291e-01 4.28516905e-05
 2.47570570e-05 1.15009025e-04 4.28410240e-05 1.98511789e-05
 2.07412741e-05] [6.2121800e-04 5.0780294e-04 5.2730713e-05 4.2451371e-05 1.9720280e-04
 9.9690408e-01 2.4421341e-04 1.5899578e-04 1.2712938e-03] [9.9957722e-01 3.9314787e-04 8.4264866e-07 7.5918598e-07 3.1513482e-06
 1.4639576e-05 5.4532625e-06 2.5268723e-06 2.2015070e-06] [7.2240748e-04 1.0699903e-03 4.8443241e-04 6.0070008e-05 1.9112634e-04
 4.2046575e-04 7.2760280e-04 9.9588901e-01 4.3486778e-04] [9.8985647e-06 7.0704900e-06 5.6201020e-06 3.3448498e-05 8.9493151e-06
 5.4665515e-04 9.9898022e-01 2.2136632e-05 3.8602037e-04] [0.12137686 0.1236676  0.08139298 0.00173573 0.03211253 0.06556451
 0.12224976 0.04209908 0.4098009 ] [1.0147542e-04 6.1987041e-05 1.1912900e-05 5.9120503e-04 9.9764532e-01
 5.3423562e-04 1.6633676e-04 9.4923460e-05 7.9253566e-04] [5.7449938e-06 4.3223822e-06 2.2266870e-06 4.5802146e-05 8.9540245e-06
 8.0106554e-05 9.9950600e-01 2.3780456e-05 3.2308843e-04] [9.0137859e-05 6.2232706e-05 4.7728627e-05 2.1456755e-03 2.1714970e-04
 9.9301839e-01 1.1599847e-03 6.0994545e-04 2.6487673e-03] [4.1408910e-04 2.8589412e-04 2.1926306e-04 9.8571321e-03 9.9757500e-04
 3.0589163e-02 9.3153751e-01 2.8020607e-03 2.3297301e-02] [9.9799490e-01 1.9722285e-03 6.3175080e-06 1.3472234e-07 2.4924907e-06
 5.4833158e-06 9.4887055e-06 3.2676178e-06 5.6711328e-06] [3.8086090e-04 7.5211446e-04 2.0166850e-04 1.2568190e-02 8.1371493e-04
 8.4225796e-03 4.2143390e-03 8.3089672e-04 9.7181571e-01] [7.8061734e-05 1.5415433e-04 4.1334235e-05 2.5759931e-03 1.6678011e-04
 1.7263044e-03 8.6377672e-04 1.7030165e-04 9.9422330e-01] [0.01803754 0.01837796 0.01068234 0.00265623 0.00477217 0.69246626
 0.01816726 0.00736307 0.22747724] [9.99823034e-01 1.16624733e-05 4.03607419e-06 4.26057795e-06
 1.76854610e-05 8.21578142e-05 3.06039037e-05 1.41808823e-05
 1.23549335e-05] [2.2341223e-06 1.3384467e-06 4.1740874e-05 9.9975628e-01 4.6702621e-06
 9.9286757e-05 2.4947942e-05 1.3118175e-05 5.6426572e-05] [1.2939416e-02 9.4974250e-01 9.0565009e-04 8.8138896e-04 3.3869601e-03
 2.1201242e-02 5.8609829e-03 2.7157962e-03 2.3661056e-03] [6.5374988e-05 4.2448079e-05 8.1578301e-06 1.5188310e-03 1.8143517e-04
 2.8320090e-04 1.4051695e-04 9.9555379e-01 2.2062031e-03] [1.3010611e-04 1.3256156e-04 7.4036492e-05 1.8605550e-06 9.9938369e-01
 4.8896793e-05 1.1295378e-04 4.5126755e-05 7.0776739e-05] [9.9962354e-01 8.7003318e-05 4.8871927e-05 1.2211276e-06 2.2591996e-05
 4.9700899e-05 8.6005857e-05 2.9617791e-05 5.1403331e-05] [1.3009759e-04 1.3255286e-04 8.7240900e-05 1.8604329e-06 9.9931812e-01
 7.5721218e-05 1.3103319e-04 4.5123790e-05 7.8314857e-05] [8.8228838e-04 4.8857601e-04 1.6873595e-04 9.9493901e-04 7.4089668e-04
 5.4750778e-02 1.2820887e-03 9.3775022e-01 2.9414510e-03] [6.3896864e-06 4.0593786e-06 1.9626427e-06 5.9061611e-05 8.9293771e-06
 2.8402943e-03 9.9675471e-01 2.3360022e-05 3.0119540e-04] [3.3360368e-05 2.3032564e-05 1.7664546e-05 7.9412269e-04 8.0367863e-05
 2.0016937e-03 4.2931479e-04 9.9474359e-01 1.8769066e-03] [4.88690217e-04 2.70617078e-04 1.09731445e-04 9.88627507e-05
 4.10374836e-04 1.90639659e-03 7.10135384e-04 9.95718539e-01
 2.86684983e-04] [6.65278858e-05 3.68404581e-05 1.27233225e-05 7.50221297e-05
 5.58664069e-05 9.99389768e-01 9.66742373e-05 4.47958409e-05
 2.21796421e-04] [9.9763238e-01 5.3531316e-04 3.5232137e-04 7.5133389e-06 1.3900375e-04
 3.0579907e-04 5.2917580e-04 1.8223198e-04 3.1627380e-04] [1.7694671e-03 9.7986008e-04 9.8370326e-01 3.5796582e-04 1.4859000e-03
 6.9027492e-03 2.5712838e-03 1.1914525e-03 1.0380389e-03] [4.7987462e-05 1.1223704e-04 1.7626645e-04 9.9852931e-01 5.7556354e-05
 1.5061791e-04 2.1627820e-04 5.8961115e-05 6.5078697e-04] [9.7746204e-04 9.9093038e-01 2.1948130e-04 5.8675214e-04 8.2081818e-04
 3.8131110e-03 1.4203893e-03 6.5816386e-04 5.7341758e-04] [1.7975148e-05 9.9975605e-06 3.9268803e-06 5.3754946e-05 7.1910057e-05
 4.0154098e-04 3.2271800e-04 9.9901330e-01 1.0484316e-04] [2.3608119e-03 1.3073232e-03 9.7298925e-04 2.6622405e-03 1.9824784e-03
 9.7782326e-01 3.4305907e-03 1.5896283e-03 7.8706872e-03] [2.3938868e-05 1.5543557e-05 2.1902451e-04 1.3217281e-02 9.8564053e-01
 2.5623417e-04 3.0479531e-04 3.1406067e-05 2.9121738e-04] [4.3604204e-01 2.8835410e-02 2.1782180e-05 2.1322368e-05 8.1461272e-05
 5.3431922e-01 1.4096512e-04 6.5318840e-05 4.7246789e-04] [0.00873253 0.01724479 0.00462394 0.38761073 0.01865719 0.19311638
 0.09662809 0.01905114 0.2543352 ] [6.6669838e-04 1.0874106e-03 5.6928908e-03 4.7091300e-05 9.8685825e-01
 1.6268771e-04 2.4078933e-03 2.8733979e-03 2.0369310e-04] [0.17910801 0.0601279  0.03957374 0.5557967  0.0156133  0.03434823
 0.05943854 0.02046881 0.03552475] [9.5738465e-01 8.8010065e-04 1.6914087e-04 5.4611159e-03 3.7617967e-03
 1.6396932e-02 2.3616704e-03 1.3477352e-03 1.2236871e-02] [1.9813693e-05 2.0265232e-05 1.5508479e-03 9.9806458e-01 2.1824164e-05
 9.4559568e-05 2.4274394e-05 1.0583390e-05 1.9331310e-04] [2.7885102e-04 2.8411398e-04 9.8747224e-01 1.0850169e-02 4.0693447e-04
 1.6230078e-04 2.8085642e-04 9.6718388e-05 1.6785998e-04] [9.8536819e-01 1.4526415e-02 2.0257012e-05 4.3198594e-07 7.9921338e-06
 1.7582182e-05 3.0425414e-05 1.0477585e-05 1.8184417e-05] [7.1577018e-04 9.8160076e-01 1.7232396e-02 2.3747884e-06 4.3935790e-05
 9.6655836e-05 1.6725990e-04 5.7599209e-05 8.3268445e-05] [2.95239792e-04 3.00811749e-04 1.97982037e-04 4.22201811e-06
 9.98452425e-01 1.71839580e-04 2.97363062e-04 1.02402766e-04
 1.77725698e-04] [3.7840229e-01 6.2093431e-01 1.8902834e-05 1.7030545e-05 7.0693059e-05
 3.2840448e-04 1.2233107e-04 5.6684414e-05 4.9385606e-05] [2.0171575e-04 2.0631269e-04 5.1600658e-05 1.5987715e-03 2.2218356e-04
 9.6267572e-04 2.4712869e-04 9.9454159e-01 1.9680478e-03] [3.1351503e-02 8.5931039e-01 2.1023711e-02 4.4833581e-04 8.2946299e-03
 1.8247642e-02 3.1576969e-02 1.0874145e-02 1.8872675e-02] [9.05869703e-04 7.27694213e-01 4.80196206e-04 1.19807094e-01
 1.89455008e-04 4.16788855e-04 7.21240125e-04 2.48372962e-04
 1.49536714e-01] [3.4009994e-05 1.8833365e-05 9.9215019e-01 7.5434218e-03 2.8559700e-05
 1.3267410e-04 4.9421291e-05 2.2900265e-05 1.9951598e-05] [9.3421316e-01 1.5205706e-02 8.5414192e-03 2.1341827e-04 3.9484366e-03
 8.6863050e-03 1.5031378e-02 5.1763454e-03 8.9838328e-03] [1.3009759e-04 1.3255286e-04 8.7240900e-05 1.8604329e-06 9.9931812e-01
 7.5721218e-05 1.3103319e-04 4.5123790e-05 7.8314857e-05] [1.0245923e-03 9.9023610e-01 7.3734494e-03 3.6556819e-05 1.5174577e-04
 7.0493517e-04 2.6258931e-04 1.2167573e-04 8.8301160e-05] [3.5796395e-05 3.6612168e-05 9.1570319e-06 2.8371735e-04 3.9428611e-05
 1.9241137e-03 9.9718672e-01 1.9120493e-05 4.6535477e-04] [7.2511344e-04 5.0063065e-04 5.0639157e-04 8.8792193e-01 1.7468585e-03
 5.3564839e-02 9.3314871e-03 4.9067023e-03 4.0796019e-02] [0.00154444 0.00106631 0.00081779 0.03676434 0.00372068 0.11408905
 0.01987536 0.01045091 0.81167114] [0.42819208 0.16451919 0.07831416 0.00167007 0.03089782 0.06797318
 0.11762545 0.04050661 0.07030145] [1.2854948e-02 8.0627076e-02 9.0451288e-01 1.3938019e-04 3.3267279e-04
 3.0235021e-04 5.9123669e-04 3.9522100e-04 2.4427552e-04] [3.5067591e-05 2.2788601e-05 9.9567956e-01 4.1986806e-03 1.2341985e-05
 2.0870135e-05 1.8718507e-05 9.9281915e-06 2.0803279e-06] [8.0110470e-04 4.4361991e-04 9.9107224e-01 1.7117228e-03 6.7272305e-04
 3.1251356e-03 1.1641174e-03 5.3941575e-04 4.6995946e-04] [1.1373268e-04 8.7460983e-05 2.4846204e-05 3.4011927e-04 4.5499040e-04
 9.9597836e-01 2.0419052e-03 4.1477371e-04 5.4375536e-04] [1.0195697e-03 7.0392818e-04 5.3986924e-04 2.4270222e-02 2.4562282e-03
 2.9858431e-01 1.3120850e-02 6.8992311e-03 6.5240580e-01] [0.00563172 0.0040227  0.00319752 0.01903027 0.00509165 0.6118509
 0.01373194 0.01259448 0.32484877] [4.90682987e-06 2.72911984e-06 1.07195399e-06 1.46739485e-05
 1.96298843e-05 7.12395922e-05 9.99408484e-01 1.78948030e-05
 4.59406379e-04] [9.9741507e-01 4.9842079e-04 3.9292558e-04 1.0772775e-04 2.6993765e-04
 6.2819937e-04 4.0940169e-04 2.1714441e-04 6.1099570e-05] [1.52744949e-04 1.18570424e-04 1.49503030e-04 1.21776410e-03
 2.38065011e-04 3.99326580e-03 9.43329709e-04 9.47175860e-01
 4.60108668e-02] [2.0993915e-03 3.1704006e-03 4.5863626e-04 3.1433918e-02 7.4484502e-03
 1.0212354e-01 4.5823738e-02 5.8122352e-03 8.0162966e-01] [5.2847263e-05 1.0191212e-04 1.4085327e-05 1.0274194e-01 5.6833043e-05
 9.2553109e-04 2.0381402e-04 4.3038833e-03 8.9159918e-01] [2.1468813e-04 9.9558878e-01 4.0612817e-03 7.1229380e-07 1.3178109e-05
 2.8990973e-05 5.0167964e-05 1.7276303e-05 2.4975530e-05] [1.7012117e-05 7.0374158e-06 7.3945089e-06 2.1547270e-05 2.5541254e-05
 1.8819872e-02 9.8097885e-01 2.0043279e-05 1.0277608e-04] [3.2095006e-05 2.0839376e-05 4.0049817e-06 7.4565114e-04 8.9073335e-05
 9.9892223e-01 5.5920584e-05 3.1912183e-05 9.8281082e-05] [8.8346910e-01 1.1585071e-01 1.3078871e-04 2.7891028e-06 5.1600942e-05
 1.1351878e-04 1.9644068e-04 6.7648180e-05 1.1740707e-04] [9.6175671e-03 9.7990772e-03 5.0165360e-03 8.6075027e-04 2.5445074e-03
 3.7892990e-02 9.6867336e-03 8.7766767e-01 4.6914183e-02] [2.12426254e-04 1.21368445e-04 1.49385014e-04 1.38193063e-04
 1.78383736e-04 9.43009392e-04 3.08685412e-04 9.97743487e-01
 2.05139921e-04] [3.4329121e-04 5.1842188e-04 7.4995951e-05 5.1400526e-03 1.2179660e-03
 1.6699178e-02 7.4930685e-03 9.5041358e-04 9.6756262e-01] [2.8967890e-05 5.7205049e-05 1.5338701e-05 9.3105771e-03 1.6731427e-04
 9.8710167e-01 2.6690325e-04 6.3197149e-05 2.9888800e-03] [4.4041532e-03 2.4388437e-03 8.7336893e-04 9.1749392e-03 3.6983623e-03
 1.7180746e-02 6.3998518e-03 9.1826642e-01 3.7563361e-02] [0.00689508 0.00383496 0.00150631 0.02061984 0.02758394 0.36932537
 0.12379117 0.02514579 0.42129752] [8.0480278e-03 1.2373546e-02 9.5395672e-01 4.7081551e-03 6.5586744e-03
 6.2070822e-04 3.1238194e-03 1.5638637e-03 9.0465005e-03] [1.0525784e-03 1.0724439e-03 9.9490994e-01 1.5052180e-05 2.7847933e-04
 6.1263645e-04 1.0601482e-03 3.6508252e-04 6.3362106e-04] [1.5257673e-03 8.4861304e-04 3.3332146e-04 2.3647180e-02 6.1038695e-03
 8.9753979e-01 2.7392952e-02 5.5643478e-03 3.7044108e-02] [9.0529356e-04 9.8141462e-01 1.7229127e-02 2.3743382e-06 4.3927455e-05
 9.6637508e-05 1.6722818e-04 5.7588288e-05 8.3252657e-05] [5.2408651e-03 1.7115094e-02 9.7420889e-01 1.4956477e-04 3.2169762e-04
 7.0771354e-04 1.2246761e-03 4.2174108e-04 6.0969114e-04] [0.01339651 0.00741845 0.00256206 0.06089765 0.01124964 0.8313258
 0.019467   0.0090204  0.04466246] [5.6097750e-05 1.7495739e-05 6.8720437e-06 5.2366233e-03 2.5366645e-04
 8.5614505e-04 3.8464947e-04 9.9249721e-01 6.9126254e-04] [2.1932639e-05 3.3121625e-05 4.7914400e-06 3.2839450e-04 7.7815086e-05
 9.9704093e-01 4.7872702e-04 6.0721271e-05 1.9535415e-03] [6.5041654e-06 3.6175388e-06 1.4209106e-06 1.9450805e-05 2.6020063e-05
 5.1979342e-04 9.9936873e-01 2.3720160e-05 3.0791776e-05] [1.3947823e-04 2.1063337e-04 3.0470614e-05 1.7734284e-02 1.1075306e-03
 3.9127083e-03 2.4719785e-03 3.8614997e-04 9.7400677e-01] [0.43390465 0.12799214 0.08423921 0.00179642 0.03323548 0.07311587
 0.12652473 0.04357125 0.07562029] [1.8972012e-05 7.1367199e-06 2.4042445e-06 2.2803573e-05 9.9785233e-01
 1.6431003e-03 1.1632157e-04 4.0356608e-05 2.9659001e-04] [8.1159938e-05 7.3696952e-05 1.0628946e-05 1.0337738e-04 9.9895108e-01
 5.0549040e-04 1.1375829e-04 4.1719348e-05 1.1911811e-04] [1.5908532e-04 8.8481254e-05 3.4754008e-05 4.7574705e-04 6.3642440e-04
 4.5437417e-03 3.7860670e-03 5.8017101e-04 9.8969555e-01] [2.0580203e-05 4.1272491e-05 9.9923229e-01 6.7916326e-04 3.0480019e-06
 1.4159480e-05 5.2744263e-06 2.4440053e-06 1.7736364e-06] [3.4818714e-04 1.2427896e-03 9.9813628e-01 1.2388802e-05 9.3190763e-05
 3.7167985e-05 6.4318039e-05 2.2149170e-05 4.3538108e-05] [4.1818039e-06 2.8871912e-06 2.2142945e-06 8.6233471e-05 1.0074318e-05
 1.4685970e-04 6.9583301e-05 5.9723528e-04 9.9908078e-01] [1.9649880e-02 2.0020729e-02 1.1181714e-02 2.8099914e-04 5.1987446e-03
 7.3848660e-03 1.7059380e-02 6.8154824e-03 9.1240817e-01] [8.4292685e-04 1.2959702e-03 1.0850524e-03 8.2169272e-06 9.9606150e-01
 7.0049195e-05 3.2717985e-04 1.6379451e-04 1.4529808e-04] [0.18160804 0.1850355  0.12178284 0.00259705 0.04804782 0.10570205
 0.1829141  0.06299002 0.10932264] [9.7635866e-06 2.3560973e-05 1.6731092e-04 9.9940717e-01 1.1710484e-05
 2.3866067e-05 4.4004220e-05 1.1996298e-05 3.0066809e-04] [2.2341339e-06 1.3384538e-06 3.6428202e-05 9.9976152e-01 4.6702867e-06
 9.9287281e-05 2.4948073e-05 1.3118243e-05 5.6426867e-05] [2.4819584e-04 2.5385202e-04 6.3490603e-05 1.9671652e-03 2.7337990e-04
 1.1844984e-03 3.0407269e-04 9.9328387e-01 2.4215325e-03] [9.4899362e-01 1.5737199e-03 8.8399713e-04 2.2087803e-05 4.0864482e-04
 5.8749109e-04 2.7494652e-03 5.3572771e-04 4.4245314e-02] [7.8839099e-01 2.1037382e-01 2.3749995e-04 5.0647418e-06 9.3702431e-05
 2.0613916e-04 3.5671736e-04 1.2284260e-04 2.1319995e-04] [6.5069157e-06 3.6190686e-06 1.4215115e-06 1.9459030e-05 2.6031066e-05
 9.0965455e-05 9.9979132e-01 2.3730190e-05 3.6963571e-05] [4.9851624e-05 2.7605820e-05 1.1193785e-05 1.0085063e-05 9.9892139e-01
 1.9447284e-04 7.0473272e-04 5.1435505e-05 2.9244920e-05] [3.6268862e-04 3.4762430e-04 1.7108790e-05 4.9360469e-04 3.8051000e-04
 1.4665960e-03 2.0002862e-04 9.9586922e-01 8.6256536e-04] [1.39081267e-05 7.73553256e-06 3.03839192e-06 4.15924587e-05
 9.99134004e-01 3.82501574e-04 2.49700446e-04 5.07217956e-05
 1.16861054e-04] [0.17999187 0.18338883 0.12069907 0.0114731  0.04762023 0.10476139
 0.1812863  0.06242946 0.10834976] [6.1383215e-04 3.4140586e-04 1.3409871e-04 1.8356740e-03 2.4556506e-03
 1.6881615e-02 1.1020470e-02 2.2385954e-03 9.6447867e-01] [8.0495927e-05 1.1339692e-04 9.9851078e-01 9.5678610e-04 2.1296713e-05
 6.9342736e-05 1.0217930e-04 2.7919697e-05 1.1780286e-04] [3.7426620e-05 8.3176608e-05 1.1495883e-05 4.7957271e-04 4.6384914e-05
 9.9496233e-01 1.6634505e-04 4.4113473e-05 4.1691442e-03] [1.6542990e-04 8.7589776e-04 9.9870634e-01 3.7707872e-05 2.4500761e-05
 1.1381830e-04 4.2397474e-05 1.9645671e-05 1.4257040e-05] [1.7735997e-04 1.2245231e-04 9.3913332e-05 4.2219427e-03 9.1534573e-01
 1.2159462e-02 2.2824467e-03 1.2001605e-03 6.4396560e-02] [9.9910694e-01 1.8253963e-04 1.3043839e-04 1.1573683e-06 1.7541453e-05
 9.8665587e-06 5.0792913e-04 2.3070759e-05 2.0465481e-05] [1.2016760e-05 8.2965680e-06 4.6738324e-04 9.9712998e-01 2.8949362e-05
 8.8768947e-04 1.5464364e-04 8.1315091e-05 1.2297390e-03] [1.00589874e-04 6.23469750e-05 6.53610696e-05 9.29750025e-01
 7.89142214e-05 6.69300631e-02 2.12828149e-04 1.95198925e-04
 2.60471366e-03] [8.1159938e-05 7.3696952e-05 1.0628946e-05 1.0337738e-04 9.9895108e-01
 5.0549040e-04 1.1375829e-04 4.1719348e-05 1.1911811e-04] [9.9287647e-01 1.6464911e-03 9.2487450e-04 2.3109176e-05 4.2754118e-04
 9.4056240e-04 1.6276139e-03 5.6050054e-04 9.7277958e-04] [1.7898281e-04 9.9632239e-01 3.3858370e-03 5.9383035e-07 1.0986412e-05
 2.4169383e-05 4.1824362e-05 1.4403035e-05 2.0821783e-05] [3.5904031e-06 6.1523783e-06 5.8542511e-05 9.9972409e-01 6.6562798e-06
 6.8897687e-05 3.4473771e-05 6.7968258e-06 9.0738584e-05] [0.03408111 0.03472432 0.7241043  0.02303244 0.0090168  0.09470499
 0.0295881  0.0118209  0.03892701] [6.6175337e-05 2.2215567e-05 2.6003439e-02 9.7383863e-01 1.4193251e-05
 1.2690696e-05 2.1960852e-05 7.5626481e-06 1.3125385e-05] [1.7446064e-04 2.6346213e-04 3.8112921e-05 6.1006648e-03 6.1897043e-04
 1.4806552e-02 1.0846144e-02 5.6844903e-04 9.6658319e-01] [5.1608379e-04 3.6863575e-04 2.9301661e-04 1.8552488e-02 4.6659249e-04
 3.0082298e-02 1.2583780e-03 1.7737571e-02 9.3072492e-01] [4.4469716e-04 4.5483146e-04 1.1375732e-04 2.8216643e-03 9.9113476e-01
 4.0641250e-03 4.6708074e-04 2.3753285e-04 2.6149204e-04] [3.8491219e-04 2.1408334e-04 8.4088468e-05 1.1510857e-03 1.5398499e-03
 9.3022084e-01 6.9105397e-03 1.4037431e-03 5.8090847e-02] [5.8053502e-05 3.2147691e-05 1.1061735e-05 1.1744313e-05 9.9925929e-01
 1.6685089e-04 2.0003002e-04 3.9089704e-05 2.2166510e-04] [8.3223591e-04 9.9783581e-01 9.1039715e-04 1.0030187e-05 4.6594043e-05
 2.2743049e-04 5.7701465e-05 3.7566650e-05 4.2265892e-05] [4.0978714e-05 2.6033873e-05 1.2586938e-05 3.7877745e-04 5.7266469e-05
 9.9684477e-01 2.0820892e-04 1.4981402e-04 2.2815454e-03] [2.3599438e-05 2.2527891e-05 1.2496067e-05 5.6176988e-04 5.6852979e-05
 1.4160170e-03 3.0370132e-04 7.0369101e-01 2.9391205e-01] [1.7778896e-03 9.9202174e-01 1.1922183e-03 2.5424357e-05 4.7037398e-04
 1.0347922e-03 1.7906757e-03 6.1665376e-04 1.0702366e-03] [3.5800549e-05 3.6616413e-05 9.1580951e-06 2.8375027e-04 3.9433184e-05
 1.9243370e-03 9.9730241e-01 1.9122710e-05 3.4928953e-04] [4.4658414e-06 8.8190309e-06 2.3646946e-06 1.4737011e-04 9.5413398e-06
 9.8760225e-05 9.9958891e-01 9.7428047e-06 1.3006770e-04] [3.7170842e-06 2.5663358e-06 1.9682220e-06 8.8482782e-05 8.9547611e-06
 1.3957663e-04 9.9958819e-01 2.5152789e-05 1.4138767e-04] [6.0100785e-05 9.3643299e-05 4.1120282e-05 8.4827945e-04 2.1323191e-04
 3.1658779e-03 1.3118277e-03 9.9344170e-01 8.2416524e-04] [0.00665662 0.00368617 0.00149469 0.00134664 0.00558986 0.96485084
 0.009673   0.00448216 0.00222008] [6.9637164e-05 4.8078629e-05 3.6873364e-05 1.6576677e-03 1.6776162e-04
 5.1441626e-03 8.9616032e-04 4.7122093e-04 9.9150848e-01] [3.5903729e-06 6.1523265e-06 6.7080160e-05 9.9971563e-01 6.6562234e-06
 6.8897105e-05 3.4473480e-05 6.7967685e-06 9.0737820e-05] [4.1882915e-04 2.7194666e-04 5.2263680e-05 9.7304955e-03 1.1623770e-03
 3.4402404e-03 7.2974467e-04 4.1644342e-04 9.8377764e-01] [1.0525237e-03 1.0723881e-03 9.9485815e-01 6.7090317e-05 2.7846481e-04
 6.1260455e-04 1.0600931e-03 3.6506352e-04 6.3358812e-04] [0.21918862 0.17653866 0.11619057 0.00247779 0.04584146 0.10084821
 0.17451467 0.06009751 0.10430254] [1.8797783e-04 1.2978307e-04 9.9535566e-05 4.4746944e-03 9.7014397e-01
 1.3886104e-02 2.4190880e-03 1.2720095e-03 7.3868595e-03] [1.2686957e-03 9.9430674e-01 8.5076311e-04 1.8142724e-05 3.3565724e-04
 7.3842413e-04 1.2778199e-03 4.4004200e-04 7.6371740e-04] [8.7466004e-04 5.6791859e-04 1.0914462e-04 3.5239947e-03 2.4274434e-03
 1.2960371e-01 1.8799952e-03 3.0548356e-02 8.3046478e-01] [1.2497102e-06 7.4869240e-07 2.3348763e-05 9.9984932e-01 6.3607849e-06
 1.7634222e-05 1.1392948e-05 7.3379674e-06 8.2642015e-05] [0.13811344 0.14072004 0.0926162  0.00197506 0.0365405  0.08038672
 0.13910669 0.28740114 0.08314019] [3.5904031e-06 6.1523783e-06 5.8542511e-05 9.9972409e-01 6.6562798e-06
 6.8897687e-05 3.4473771e-05 6.7968258e-06 9.0738584e-05] [0.03458471 0.03523744 0.3236841  0.09483009 0.05047034 0.1357466
 0.03483343 0.01199557 0.27861768] [1.9767475e-03 1.1718359e-03 4.7294534e-04 5.9071118e-03 5.1161735e-03
 1.4094315e-01 1.1806857e-02 3.9928807e-03 8.2861227e-01] [1.4848384e-05 2.2423319e-05 3.2437990e-06 5.5793516e-04 5.2680662e-05
 8.2819490e-04 3.2409758e-04 1.6914958e-03 9.9650514e-01] [1.1592732e-03 2.2893031e-03 6.1384321e-04 1.0885296e-01 2.4768037e-03
 1.9586444e-02 1.2827702e-02 6.6541815e-01 1.8677554e-01] [5.7406545e-05 4.4562636e-05 5.6188124e-05 2.4929551e-02 8.9472524e-05
 1.5007991e-03 3.5453375e-04 2.3762467e-04 9.7272980e-01] [1.8129778e-03 9.7740865e-01 2.0153565e-02 6.3001698e-06 9.5487434e-05
 5.3708918e-05 2.5085904e-04 1.2558639e-04 9.2795824e-05] [3.3360368e-05 2.3032564e-05 1.7664546e-05 7.9412269e-04 8.0367863e-05
 2.0016937e-03 4.2931479e-04 9.9474359e-01 1.8769066e-03] [7.6070632e-05 6.8594185e-05 3.3759536e-06 1.4970764e-04 9.9931395e-01
 1.6884285e-04 3.9470160e-05 2.7048136e-05 1.5292717e-04] [1.6791681e-04 1.7174349e-04 4.2954554e-05 1.0950064e-03 1.8495510e-04
 9.0918969e-04 2.0572028e-04 9.9558431e-01 1.6382872e-03] [8.8869256e-04 5.8203674e-04 1.9414512e-04 2.6576484e-03 3.5552362e-03
 8.2916496e-03 1.7238291e-01 3.2409881e-03 8.0820674e-01] [1.3340759e-03 7.4199663e-04 2.9144413e-04 3.9895736e-03 5.3370032e-03
 3.6689751e-02 2.3951396e-02 4.8652655e-03 9.2279947e-01] [1.1397178e-04 1.1656911e-04 2.9154982e-05 9.0332481e-04 9.9766773e-01
 9.2162983e-04 1.1970847e-04 6.0877534e-05 6.7017936e-05] [0.00881442 0.00490247 0.00192561 0.44222343 0.03526231 0.24241424
 0.1582502  0.03214547 0.07406188] [3.0835208e-03 9.8981524e-01 3.9692395e-03 9.2618306e-05 4.5557533e-04
 2.5624785e-04 1.1968601e-03 5.9917866e-04 5.3151639e-04] [1.02024460e-04 1.03949926e-04 5.80567721e-05 1.45898048e-06
 2.69924676e-05 3.83430743e-05 9.99542475e-01 3.53867836e-05
 9.13040712e-05] [0.0165303  0.01690701 0.00386175 0.8328644  0.01820761 0.02163499
 0.02025182 0.00882958 0.06091254]",0 4 0 4 4 1 0 3 7 0 2 2 8 0 5 6 6 3 4 1 1 8 6 4 3 0 6 7 0 1 6 3 0 5 2 2 3 6 6 7 6 7 7 8 5 6 2 0 5 7 5 2 2 3 2 2 5 0 7 6 1 4 6 5 6 0 8 8 5 0 3 1 7 4 0 4 7 6 7 7 5 0 2 3 1 7 5 4 5 3 4 0 0 3 2 0 1 4 1 7 1 1 2 0 4 1 6 3 8 1 2 2 2 5 6 8 6 0 7 8 5 1 6 5 0 7 7 8 5 7 5 2 2 5 1 2 5 7 5 6 8 0 4 4 8 2 2 8 8 4 6 3 3 7 0 1 6 4 7 4 2 8 2 5 2 4 0 3 3 4 0 1 3 3 3 8 3 4 5 4 1 5 8 1 6 6 6 7 5 8 3 8 2 1 4 1 8 3 1 3 3 8 8 7 8 1 7 4 7 8 8 4 3 1 6 5
1468,2,xgboost,0.02,856,0,0.9027777777777778,0.9925250771604939,"[1.4349832e-06 1.4979653e-06 9.2156215e-06 9.9967754e-01 4.0377890e-06
 8.0741993e-05 1.4658370e-05 5.1221932e-06 2.0573191e-04] [1.6928760e-05 1.9475687e-05 9.4023289e-06 5.4768268e-05 9.5170129e-05
 1.8631079e-04 5.5983844e-03 9.9246526e-01 1.5542863e-03] [0.00430275 0.0044916  0.00319256 0.0971482  0.01210718 0.4390147
 0.04146701 0.01535873 0.38291728] [1.4988733e-04 1.8407924e-04 7.1621726e-05 6.9648602e-05 4.1684096e-05
 2.1778652e-03 2.7874106e-04 9.9618608e-01 8.4039534e-04] [9.9849999e-01 8.1380166e-04 1.6605195e-04 1.1870076e-05 4.8309816e-05
 1.8100094e-04 1.3609091e-04 4.0516079e-05 1.0237473e-04] [7.2566254e-06 2.1125048e-05 9.9982041e-01 1.3216924e-04 3.0782476e-06
 7.8415778e-06 2.8703016e-06 2.7895260e-06 2.4539825e-06] [2.34081014e-03 8.57567284e-05 8.47341900e-04 9.72338300e-03
 1.10056164e-04 8.40759021e-04 9.76459146e-01 1.39613287e-04
 9.45310667e-03] [6.0853283e-05 5.9202950e-05 4.5606004e-05 3.7421072e-05 9.9941540e-01
 1.8602147e-04 3.5252007e-05 3.6831425e-05 1.2348277e-04] [2.3192486e-05 2.4210389e-05 1.7208355e-05 5.2364328e-04 6.5259541e-05
 6.5443683e-03 9.9193418e-01 8.2785824e-05 7.8511419e-04] [1.7637888e-04 1.7456822e-04 5.0239702e-05 4.8636948e-04 2.2676498e-04
 6.4938916e-03 2.9094578e-04 9.9145317e-01 6.4766075e-04] [1.2048125e-02 9.6752971e-02 8.4605086e-01 7.5730943e-04 3.0821576e-03
 7.3606898e-03 1.6176995e-02 3.0957272e-03 1.4675131e-02] [9.9840504e-01 2.0289194e-04 1.1233528e-04 1.8279547e-05 1.1339031e-04
 8.4921333e-04 1.0573040e-04 1.0275506e-04 9.0394882e-05] [2.1550155e-03 6.1064414e-03 9.4550377e-01 4.0286850e-02 5.5129710e-04
 9.2283828e-04 2.8935352e-03 5.5372430e-04 1.0265309e-03] [0.00330114 0.00417169 0.00095564 0.03037292 0.00193613 0.0406289
 0.8677781  0.00304656 0.04780887] [9.3057606e-05 6.0701754e-05 4.0145485e-05 3.7181652e-01 4.0635152e-04
 7.4845878e-03 1.8513353e-03 3.1192039e-04 6.1793536e-01] [9.9886549e-01 4.3514831e-04 1.6611272e-04 1.1874422e-05 4.8327500e-05
 8.0897284e-05 2.5365135e-04 4.8540249e-05 8.9987130e-05] [0.1301409  0.36876652 0.13371842 0.00818027 0.0332927  0.05572999
 0.17473991 0.03343929 0.06199196] [0.07904083 0.22396965 0.42267886 0.05615497 0.02022026 0.03384751
 0.10612796 0.02030929 0.0376507 ] [2.0391730e-04 2.6380102e-04 8.7617300e-05 5.4720434e-04 5.9222952e-05
 3.7630184e-03 9.9462342e-01 5.9483722e-05 3.9230817e-04] [0.05712024 0.16185564 0.05869047 0.00437058 0.01461253 0.34448206
 0.26477498 0.01467687 0.07941665] [9.9386531e-04 9.5786818e-04 9.3456802e-05 1.2681353e-01 2.4820201e-04
 1.2953036e-02 1.0906860e-03 4.2976189e-04 8.5641956e-01] [1.11354755e-04 1.28569096e-04 4.78458787e-05 2.98816391e-04
 3.23403510e-05 2.06083455e-03 2.01161078e-04 9.96904790e-01
 2.14230851e-04] [6.8838993e-04 2.2217366e-03 7.5850356e-04 1.9163768e-05 9.8419833e-01
 9.3965081e-04 5.7612156e-04 9.8602511e-03 7.3778239e-04] [1.2435936e-04 2.6871331e-04 9.9875164e-01 5.1307830e-04 3.1813670e-05
 5.2241754e-05 1.6697698e-04 3.1953754e-05 5.9237984e-05] [2.6335163e-04 1.6815320e-03 9.9375498e-01 3.7468972e-03 5.1273633e-05
 8.5828942e-05 2.6911442e-04 5.1499406e-05 9.5473006e-05] [9.8935410e-04 2.8034276e-03 9.9341440e-01 6.2187864e-05 2.5309704e-04
 4.2366923e-04 1.3284038e-03 2.5421148e-04 4.7127387e-04] [2.7642242e-04 7.8326900e-04 2.8402123e-04 2.8632569e-05 9.9761140e-01
 1.1837181e-04 3.7115172e-04 7.1025825e-05 4.5566642e-04] [2.7645504e-04 7.8336144e-04 2.8405475e-04 2.1153077e-05 9.9772912e-01
 2.9347072e-04 3.7119552e-04 7.1034206e-05 1.7020195e-04] [1.8168782e-04 5.2891899e-04 9.8968202e-01 8.8735418e-03 3.0432557e-04
 2.2634953e-04 7.1865201e-05 6.9842848e-05 6.1441606e-05] [1.1908109e-05 3.8728704e-05 8.8626546e-01 1.1361005e-01 7.9533493e-06
 3.3237455e-05 6.8983095e-06 7.2073722e-06 1.8515895e-05] [6.5675733e-04 9.7338265e-01 2.4549581e-02 3.1418222e-05 1.2786845e-04
 2.1404402e-04 6.7112938e-04 1.2843138e-04 2.3809458e-04] [1.6316885e-04 8.3905979e-05 1.3420617e-03 9.9351043e-01 1.1519998e-04
 3.2270604e-04 3.2442945e-04 4.9461163e-05 4.0886682e-03] [9.9846089e-01 4.3497205e-04 1.6604544e-04 1.1869612e-05 4.8307924e-05
 7.1570706e-05 6.6792878e-04 4.8520589e-05 8.9950685e-05] [9.7232359e-04 1.9282123e-04 9.3320321e-04 9.9511021e-01 8.2348335e-05
 2.0840131e-03 2.9197859e-04 4.3855911e-05 2.8923931e-04] [5.6083290e-06 4.2035217e-06 1.9247869e-05 9.9951398e-01 3.1528907e-05
 1.5886023e-04 1.4364546e-04 2.4201989e-05 9.8720055e-05] [1.1912744e-03 9.8299074e-01 1.2240220e-03 7.4879958e-05 3.0475235e-04
 7.1843648e-03 5.5220299e-03 3.0609395e-04 1.2018732e-03] [2.2616384e-04 9.9508166e-01 4.2062784e-03 1.0819317e-05 4.4033346e-05
 7.3709147e-05 2.3111308e-04 4.4227196e-05 8.1991304e-05] [7.3303265e-04 9.5869774e-01 3.8541235e-02 3.5067114e-05 1.4271888e-04
 2.1144567e-04 1.2296247e-03 1.4334719e-04 2.6574649e-04] [9.9757725e-01 1.0503721e-03 3.2594887e-04 2.3300192e-05 9.4828858e-05
 1.5873788e-04 4.9771846e-04 9.5246411e-05 1.7657412e-04] [9.59972967e-05 1.00210564e-04 8.71218363e-05 9.79840875e-01
 2.70119373e-04 9.79470834e-03 9.25156812e-04 3.42663378e-04
 8.54313653e-03] [0.02843639 0.02700736 0.11071203 0.0416714  0.01509362 0.1130405
 0.01407399 0.6106094  0.03935531] [1.65459332e-05 1.24014105e-05 9.18970454e-06 4.48581959e-05
 9.30179522e-05 9.92831826e-01 1.33855629e-03 7.14016787e-05
 5.58221620e-03] [6.7795641e-05 6.5956963e-05 5.0808845e-05 4.1690157e-05 9.9936086e-01
 2.0724344e-04 3.9273680e-05 4.1033243e-05 1.2538892e-04] [6.2874664e-05 6.1025126e-05 3.8862505e-05 1.6538182e-04 1.7691818e-04
 4.6648708e-04 1.1664057e-03 9.9448085e-01 3.3811699e-03] [4.67400023e-05 1.00994905e-04 9.98910427e-01 8.13255785e-04
 1.19570495e-05 1.96348883e-05 6.27577392e-05 1.20096884e-05
 2.22643557e-05] [3.3271412e-05 5.7839799e-05 2.1513828e-05 4.0920460e-04 9.3619863e-05
 9.9050295e-01 8.4713957e-04 1.3068566e-04 7.9037882e-03] [1.0954004e-05 8.2101806e-06 6.0839157e-06 2.9697740e-05 9.9885035e-01
 4.2510644e-04 2.8056360e-04 4.7270532e-05 3.4171395e-04] [2.2904300e-04 1.7411738e-05 1.1515351e-05 8.9862166e-05 1.1655808e-04
 1.1814649e-03 9.9525863e-01 2.5709521e-03 5.2450714e-04] [0.113929   0.19044621 0.08185167 0.12009188 0.03043687 0.14171194
 0.14859748 0.03057088 0.14236405] [7.1509538e-05 5.3597414e-05 3.9716801e-05 1.9387175e-04 4.0201261e-04
 3.4957088e-03 9.9271142e-01 3.0858981e-04 2.7235968e-03] [3.4674513e-04 9.9511654e-04 2.5727812e-04 6.9963993e-03 9.7567926e-04
 1.6986908e-02 3.9009564e-02 1.3619672e-03 9.3307042e-01] [6.3663334e-05 6.1790597e-05 4.1165687e-05 1.0455288e-03 1.7913734e-04
 1.9628408e-03 9.8939554e-04 9.5723510e-01 3.8421392e-02] [0.05579511 0.06385013 0.04130917 0.30221963 0.03568397 0.4083287
 0.03327338 0.03233704 0.02720287] [4.3384302e-05 3.1075015e-05 2.0658181e-05 2.6031869e-04 7.9094560e-04
 8.0868294e-03 9.7917183e-04 1.8721912e-04 9.8960042e-01] [0.00402966 0.00420652 0.00298993 0.0909823  0.01133875 0.41115084
 0.10230424 0.01438392 0.35861385] [8.4286472e-03 2.2946263e-02 7.2143767e-03 4.3594526e-04 2.1562206e-03
 5.7121948e-04 8.2373051e-03 9.4785404e-01 2.1559256e-03] [1.1687828e-03 9.9137574e-01 8.1606611e-04 4.9312683e-05 2.4390455e-04
 1.8125144e-03 3.4664918e-03 2.4497829e-04 8.2226231e-04] [3.6885616e-05 3.8504502e-05 2.7368384e-05 9.9311203e-01 1.0378959e-04
 3.7634796e-03 3.5547855e-04 1.3166362e-04 2.4307403e-03] [1.4458511e-04 1.0836857e-04 8.0303384e-05 3.9198919e-04 8.1282877e-04
 7.0679681e-03 3.7032429e-03 6.2393735e-04 9.8706681e-01] [2.7651177e-04 7.8352215e-04 2.8411302e-04 2.9547855e-05 9.9793386e-01
 1.1841008e-04 3.7127169e-04 7.1048788e-05 1.3171496e-04] [1.5392117e-04 2.4720226e-04 8.8515262e-05 1.7456530e-04 9.9901807e-01
 1.6556387e-05 1.4505466e-04 4.1302108e-05 1.1481500e-04] [8.3414465e-03 2.3636285e-02 8.5707512e-03 5.2431860e-04 2.1339129e-03
 3.5720421e-03 1.1200045e-02 9.3804783e-01 3.9734067e-03] [1.6595879e-05 3.7895712e-05 1.2313807e-05 2.8061503e-04 4.6697864e-05
 1.6383739e-03 9.9479610e-01 6.5186330e-05 3.1062099e-03] [0.27092743 0.03563539 0.27943876 0.1443931  0.00321721 0.01335009
 0.01688582 0.21704778 0.01910441] [9.7574937e-01 3.9408649e-03 1.8853912e-02 3.2416236e-05 1.3193025e-04
 2.2084323e-04 6.9244817e-04 1.3251105e-04 2.4565775e-04] [1.3188013e-03 1.5091939e-03 9.8235989e-01 2.9416319e-03 3.3304270e-03
 6.3167978e-03 7.8646664e-04 7.6433481e-04 6.7239493e-04] [0.00481266 0.00804494 0.5847296  0.3843359  0.00128573 0.00320883
 0.00627714 0.00129139 0.00601383] [3.9223870e-04 9.9346054e-01 1.3037208e-03 1.0452966e-05 5.1701223e-05
 3.8420444e-04 7.3480333e-04 3.4880044e-03 1.7429756e-04] [4.7725633e-05 5.3435495e-05 9.9344867e-01 6.1485115e-03 3.0523119e-05
 1.9071309e-04 2.8461151e-05 2.7660255e-05 2.4333063e-05] [6.1287152e-05 5.9625050e-05 3.8335769e-05 4.5033627e-05 4.0933333e-05
 1.8734774e-04 3.5503381e-05 9.9939489e-01 1.3699167e-04] [9.9843329e-01 8.0727186e-04 2.5156923e-04 6.1716551e-06 6.7995796e-05
 2.3627008e-05 1.9508926e-04 6.8295201e-05 1.4669859e-04] [1.5937313e-04 3.2228231e-04 4.6136487e-05 1.4663510e-03 9.3472685e-05
 1.9558517e-03 9.9225038e-01 1.4708249e-04 3.5590183e-03] [2.1640981e-05 2.2590788e-05 1.6057171e-05 4.8861321e-04 6.0893886e-05
 9.9823642e-01 2.0856108e-04 7.7247707e-05 8.6801877e-04] [1.12348891e-04 1.55865011e-04 6.69890869e-05 9.59763856e-05
 2.49101613e-05 9.23342814e-05 1.21615245e-04 9.99178469e-01
 1.51418164e-04] [4.4633946e-04 7.7592657e-04 2.8860994e-04 5.4895198e-03 1.2559202e-03
 7.7951193e-01 1.1364461e-02 1.7531603e-03 1.9911411e-01] [1.6628313e-05 7.6304597e-05 1.2337872e-05 2.8116346e-04 4.6789130e-05
 1.8540400e-03 9.9674028e-01 6.5313732e-05 9.0717582e-04] [9.94490504e-01 5.33973984e-03 1.57964660e-05 2.19976141e-06
 1.36454082e-05 1.02194375e-04 1.27236017e-05 1.23655600e-05
 1.08781342e-05] [2.7883143e-04 3.2193575e-04 1.1980572e-04 7.4823323e-04 8.0979917e-05
 5.6585069e-03 5.0370535e-04 9.9175161e-01 5.3643191e-04] [1.16347685e-04 1.42888763e-04 5.55953557e-05 5.40636865e-05
 3.23566601e-05 1.32257992e-03 2.16368615e-04 9.97407496e-01
 6.52344315e-04] [4.6021253e-04 9.9196386e-01 6.9066221e-03 8.1327253e-06 8.9601759e-05
 3.1134623e-05 2.5707949e-04 8.9996211e-05 1.9331272e-04] [2.3868321e-04 1.5240213e-03 9.9760687e-01 1.2905695e-04 4.6470785e-05
 7.7789337e-05 2.4390644e-04 4.6675359e-05 8.6529872e-05] [2.2428462e-04 9.9462515e-01 2.0586677e-04 7.1224504e-06 4.7618611e-05
 4.5894823e-04 5.0828420e-04 3.2125744e-03 7.1008154e-04] [1.4863834e-04 1.4460715e-04 9.2974878e-05 9.1403468e-05 9.9274599e-05
 4.5437034e-04 8.6105472e-05 9.9860770e-01 2.7490861e-04] [9.9888641e-01 5.7377387e-04 1.7880468e-04 4.3865484e-06 4.8328511e-05
 1.6793068e-05 1.3866099e-04 4.8541267e-05 1.0426710e-04] [0.0617434  0.17495577 0.06344071 0.00388101 0.01579523 0.55200523
 0.08290274 0.01586477 0.02941116] [0.09783516 0.11195942 0.07243448 0.01227881 0.06257085 0.46861115
 0.05834395 0.0567021  0.05926406] [6.7469287e-01 2.0520715e-03 9.1535901e-04 9.2278598e-05 2.2790261e-04
 3.8149511e-04 1.1961680e-03 2.2890588e-04 3.2021299e-01] [0.02811975 0.03217934 0.02081909 0.00352917 0.01798409 0.8472684
 0.0167692  0.0162973  0.01703366] [4.9051618e-05 7.2902425e-05 7.6248376e-05 1.1090837e-04 5.3072155e-05
 1.0332080e-03 9.9555486e-01 4.2974796e-05 3.0067568e-03] [6.1613374e-04 3.6467498e-04 2.0926012e-04 2.2555423e-04 2.2343920e-04
 2.1493442e-03 9.8655373e-01 9.0391794e-03 6.1874191e-04] [1.2669132e-04 3.5899179e-04 1.3017403e-04 7.9634410e-06 3.2410237e-05
 5.4252767e-05 1.7010812e-04 9.9905902e-01 6.0348808e-05] [9.9204892e-01 7.2673039e-04 2.7742045e-04 1.9831175e-05 8.0710473e-05
 1.3510440e-04 1.1159421e-03 5.4451032e-03 1.5028527e-04] [5.0689437e-04 4.9314694e-04 3.1706787e-04 3.4117978e-04 9.9598444e-01
 7.2833174e-04 2.9364144e-04 3.0679762e-04 1.0285841e-03] [7.7002951e-05 7.4914569e-05 4.8166170e-05 5.6825054e-05 9.9939883e-01
 1.1064171e-04 4.4607430e-05 4.6605961e-05 1.4241798e-04] [5.2213325e-04 9.9409074e-01 2.6551210e-03 3.4803739e-05 1.8067629e-04
 1.9714904e-03 1.6847081e-04 1.6373006e-04 2.1287020e-04] [9.9706107e-01 1.1000662e-03 4.9070205e-04 3.0018851e-05 1.2217318e-04
 2.0451046e-04 6.4123719e-04 1.2271102e-04 2.2748983e-04] [3.7583469e-03 1.0649630e-02 3.8616632e-03 2.3623854e-04 9.6146209e-04
 1.6094291e-03 5.0463229e-03 9.7208661e-01 1.7902689e-03] [0.02811117 0.15549067 0.7069572  0.00165142 0.01024397 0.07479919
 0.00524541 0.00775138 0.00974955] [6.56936681e-05 1.65505786e-04 1.46044826e-04 1.91106556e-05
 6.80624580e-05 4.67019994e-03 3.88635322e-04 1.11747205e-01
 8.82729530e-01] [9.59972967e-05 1.00210564e-04 8.71218363e-05 9.79840875e-01
 2.70119373e-04 9.79470834e-03 9.25156812e-04 3.42663378e-04
 8.54313653e-03] [1.2048057e-03 9.9415624e-01 1.2379254e-03 7.5730502e-05 3.0821393e-04
 5.1593169e-04 1.6176902e-03 3.0957078e-04 5.7390309e-04] [1.0092433e-05 1.7544902e-05 6.5259155e-06 1.2412656e-04 2.8398315e-05
 2.6753126e-03 9.9538571e-01 3.9641687e-05 1.7126148e-03] [1.1333082e-03 9.8940289e-01 7.8157475e-03 2.0027459e-05 2.2065121e-04
 7.6671320e-05 6.3307793e-04 2.2162258e-04 4.7604743e-04] [5.1138306e-04 5.3382781e-04 3.7943624e-04 1.1546082e-02 1.4389412e-03
 9.3332684e-01 4.9283626e-03 1.8253882e-03 4.5509800e-02] [8.1808204e-05 1.4221728e-04 1.2415674e-03 9.5125717e-01 2.3019379e-04
 8.1477603e-03 2.0829572e-03 3.2133138e-04 3.6495019e-02] [9.6025991e-01 2.7269160e-03 3.5884447e-02 2.5132644e-05 1.0228680e-04
 1.7122204e-04 5.3686200e-04 1.0273710e-04 1.9046085e-04] [6.7795641e-05 6.5956963e-05 5.0808845e-05 4.1690157e-05 9.9936086e-01
 2.0724344e-04 3.9273680e-05 4.1033243e-05 1.2538892e-04] [3.4838031e-05 2.6111597e-05 1.9349238e-05 9.4450472e-05 1.9585250e-04
 9.7497183e-01 2.4352141e-03 1.5033883e-04 2.2072030e-02] [5.2489300e-04 8.5475208e-04 9.9603444e-01 4.6093046e-05 3.3569738e-04
 1.1817123e-03 2.7020439e-04 3.0421122e-04 4.4798746e-04] [2.7650344e-04 7.8349857e-04 2.8410449e-04 2.1156780e-05 9.9790382e-01
 1.1840651e-04 3.7126051e-04 7.1046648e-05 1.7023175e-04] [0.01222402 0.01011431 0.00450284 0.00343654 0.00788047 0.9194849
 0.00945048 0.00714133 0.02576504] [0.02390218 0.0399554  0.01717239 0.02519514 0.00638562 0.81156105
 0.03117559 0.00641373 0.0382389 ] [1.4146600e-05 1.3730460e-05 9.1473994e-06 2.3232638e-04 3.9806026e-05
 2.8471384e-04 9.9551857e-01 5.0496434e-05 3.8370320e-03] [1.8720193e-04 3.1293073e-04 1.6114116e-04 2.1126673e-04 9.9840182e-01
 1.2723534e-04 2.4416737e-04 5.0232386e-05 3.0400281e-04] [0.1301409  0.36876652 0.13371842 0.00818027 0.0332927  0.05572999
 0.17473991 0.03343929 0.06199196] [2.3606709e-04 6.2990916e-04 1.5264461e-04 3.4646397e-03 6.6425104e-04
 6.2180245e-03 5.9113648e-02 9.2723907e-04 9.2859358e-01] [5.1058178e-05 6.4522843e-05 1.4780704e-05 4.6977331e-04 2.9945761e-05
 9.9742329e-01 8.2116440e-04 4.7120688e-05 1.0783045e-03] [3.6292264e-04 3.7885143e-04 2.6928162e-04 8.1941234e-03 3.3116648e-03
 3.7029419e-02 3.4976033e-03 1.2954568e-03 9.4566071e-01] [0.01347828 0.02620739 0.00335184 0.07433549 0.00679084 0.3879452
 0.02984131 0.01175834 0.44629133] [3.1305433e-04 2.0369913e-03 9.8973429e-01 7.4835527e-03 6.0950577e-05
 1.6146847e-05 2.3284645e-04 6.1218954e-05 6.0942268e-05] [2.9288107e-05 5.5272907e-05 1.6266780e-05 1.8014841e-03 1.6465192e-04
 1.2926138e-02 9.8356807e-01 1.3907684e-04 1.2997425e-03] [5.36269101e-04 9.78265822e-01 2.00457219e-02 2.56542571e-05
 1.04409708e-04 1.74775661e-04 5.48004289e-04 1.04869345e-04
 1.94413748e-04] [6.7795641e-05 6.5956963e-05 5.0808845e-05 4.1690157e-05 9.9936086e-01
 2.0724344e-04 3.9273680e-05 4.1033243e-05 1.2538892e-04] [5.1058178e-05 6.4522843e-05 1.4780704e-05 4.6977331e-04 2.9945761e-05
 9.9742329e-01 8.2116440e-04 4.7120688e-05 1.0783045e-03] [0.00710489 0.00820323 0.00305276 0.0190657  0.00206345 0.93193376
 0.01283489 0.00207253 0.0136688 ] [0.00432344 0.00546358 0.01132542 0.8410768  0.01001244 0.05321091
 0.00798303 0.00399002 0.0626144 ] [1.2396956e-04 2.6582016e-04 1.8752350e-02 9.2818201e-01 6.5890461e-04
 2.1847049e-02 2.6452905e-03 5.0578342e-04 2.7018849e-02] [1.5865414e-03 9.2083532e-01 1.6301550e-03 9.9725294e-05 4.0586980e-04
 6.7940168e-04 2.1302463e-03 7.1877062e-02 7.5574109e-04] [9.9118376e-01 8.7064058e-03 2.9331315e-05 1.7943515e-06 7.3027991e-06
 1.2224440e-05 3.8329414e-05 7.3349474e-06 1.3598012e-05] [2.2025120e-06 2.8079312e-06 1.8175796e-06 9.9937588e-01 6.1974793e-06
 1.6728208e-04 2.1226335e-05 7.8618978e-06 4.1478552e-04] [9.9826956e-01 4.3591062e-04 1.1232004e-04 1.8277067e-05 1.1337493e-04
 6.6575641e-04 1.9169523e-04 1.0274112e-04 9.0382615e-05] [0.10847882 0.18133558 0.07793601 0.11434688 0.02898082 0.1827711
 0.14148882 0.02910841 0.13555358] [2.3192486e-05 2.4210389e-05 1.7208355e-05 5.2364328e-04 6.5259541e-05
 6.5443683e-03 9.9193418e-01 8.2785824e-05 7.8511419e-04] [7.2379230e-06 1.3532903e-05 5.3703975e-06 1.2238401e-04 2.0366233e-05
 9.9680424e-01 5.0234894e-04 2.8429566e-05 2.4961384e-03] [0.01358853 0.03850439 0.01396208 0.00191724 0.00347622 0.00367178
 0.01824529 0.7279305  0.17870398] [7.1838277e-04 9.5920936e-05 1.0516975e-03 9.9749893e-01 6.5850836e-05
 2.7009557e-04 5.7115492e-05 5.9674476e-05 1.8235258e-04] [1.6843622e-04 1.7582893e-04 1.2497639e-04 3.8029773e-03 4.7394968e-04
 1.4488317e-02 1.6232737e-03 9.6415251e-01 1.4989738e-02] [0.4730697  0.22338592 0.08100196 0.00495532 0.02016756 0.03375928
 0.10585137 0.02025635 0.03755257] [2.4966217e-04 2.7953161e-04 9.9118304e-01 6.8418174e-03 1.5967245e-04
 8.6536037e-04 1.4888588e-04 1.4469610e-04 1.2729104e-04] [0.00757811 0.01266774 0.00544445 0.00798804 0.00202454 0.00515061
 0.00988413 0.00203346 0.9472289 ] [2.1220610e-04 1.7956292e-04 5.9109869e-05 7.7216025e-04 2.7500981e-04
 9.9622101e-01 4.6354008e-04 3.0138373e-04 1.5160452e-03] [1.7658682e-04 2.2315471e-04 5.1119587e-05 1.6247289e-03 1.0356855e-04
 2.1733490e-03 3.2605909e-04 1.6296854e-04 9.9515849e-01] [0.02565929 0.03559791 0.01529959 0.03271904 0.33309892 0.04238194
 0.02777561 0.38382074 0.10364696] [5.7406013e-04 9.9569136e-01 3.6511358e-04 5.0844508e-05 3.1539483e-04
 2.3029435e-03 1.6149755e-04 2.3865238e-04 3.0017277e-04] [0.00737481 0.00825713 0.80502117 0.1068496  0.00471659 0.05355156
 0.00439796 0.0042742  0.00555702] [5.0039038e-05 8.6988948e-05 3.2356009e-05 2.3440595e-03 1.4080098e-04
 1.2328941e-03 1.2740674e-03 2.7722835e-03 9.9206650e-01] [1.03352446e-04 1.02291458e-04 2.94388756e-05 3.40546307e-04
 9.94511127e-01 3.80521663e-03 1.70485204e-04 1.45620259e-04
 7.91913597e-04] [2.1677152e-03 3.5299731e-03 9.8362297e-01 1.9035612e-04 1.3863709e-03
 4.8802625e-03 1.1158962e-03 1.2563374e-03 1.8501091e-03] [0.82975644 0.07217275 0.02617056 0.00160099 0.00651585 0.01090713
 0.03419904 0.00654453 0.01213269] [6.0853945e-05 5.9203590e-05 4.5606499e-05 3.7421476e-05 9.9942625e-01
 1.8602349e-04 3.5252389e-05 3.6831825e-05 1.1255028e-04] [9.9886632e-01 1.4420798e-04 7.9843703e-05 1.2992427e-05 8.0593651e-05
 6.0358900e-04 7.5149270e-05 7.3034440e-05 6.4249347e-05] [7.3748798e-04 8.4395759e-04 5.4601574e-04 7.6036340e-05 4.7166340e-04
 3.5324220e-03 4.3980047e-04 9.9297661e-01 3.7601055e-04] [1.14210045e-04 1.19222750e-04 8.47416159e-05 6.80169743e-03
 3.21366795e-04 2.86598480e-03 1.10067870e-03 8.13011587e-01
 1.75580487e-01] [1.3547225e-04 9.9942446e-01 1.1957710e-04 7.3151700e-06 2.9771851e-05
 1.1154531e-04 8.3868639e-05 2.4968815e-05 6.3090454e-05] [2.7650344e-04 7.8349857e-04 2.8410449e-04 2.1156780e-05 9.9790382e-01
 1.1840651e-04 3.7126051e-04 7.1046648e-05 1.7023175e-04] [4.15144086e-06 3.11156350e-06 1.42478075e-05 9.99686718e-01
 2.33385763e-05 5.44072500e-05 1.23060920e-04 1.79149847e-05
 7.30753236e-05] [9.9886549e-01 4.3514831e-04 1.6611272e-04 1.1874422e-05 4.8327500e-05
 8.0897284e-05 2.5365135e-04 4.8540249e-05 8.9987130e-05] [2.14994783e-04 2.46033102e-04 9.96952772e-01 1.05650700e-03
 1.37500625e-04 1.02978270e-03 1.28211992e-04 1.24604005e-04
 1.09615656e-04] [1.8520650e-05 3.4068911e-05 1.0286473e-05 5.0211911e-05 1.0411941e-04
 9.9202430e-01 1.4300817e-03 7.9923295e-05 6.2484401e-03] [1.2435278e-04 2.6869908e-04 9.9869871e-01 5.6601339e-04 3.1811982e-05
 5.2238986e-05 1.6696814e-04 3.1952059e-05 5.9234848e-05] [2.1628302e-04 9.3486626e-04 7.3073439e-02 7.4472828e-03 9.1778386e-01
 2.1511377e-04 9.8990517e-05 3.1682808e-05 1.9841245e-04] [1.6020272e-03 4.5925932e-04 3.0185920e-03 9.9383575e-01 1.3842681e-04
 1.7058353e-04 3.5834155e-04 7.3721392e-05 3.4330963e-04] [1.7561782e-05 1.7381501e-05 1.0602318e-04 9.9493718e-01 2.2578655e-05
 4.3264736e-04 2.8969042e-05 2.4743986e-05 4.4129188e-03] [4.1781579e-05 5.4628428e-05 2.3205725e-05 9.0802198e-05 2.3488773e-04
 7.9121329e-03 7.1907189e-04 9.8860466e-01 2.3188626e-03] [0.01867655 0.02293701 0.00892436 0.00581145 0.00519401 0.27137068
 0.03473225 0.00521687 0.6271368 ] [7.9102254e-05 1.4550936e-04 4.3933840e-05 6.6160550e-04 4.4469722e-04
 2.7316399e-03 2.2380461e-03 1.7522732e-02 9.7613269e-01] [1.0237528e-03 9.7100496e-01 2.3069933e-02 7.0008922e-05 4.3427412e-04
 3.2524047e-03 4.0493740e-04 3.9354211e-04 3.4620377e-04] [9.05315334e-04 2.41569616e-03 5.85390721e-04 1.32868625e-02
 2.54739681e-03 2.38460768e-02 2.26700380e-01 3.55595560e-03
 7.26156950e-01] [9.9886632e-01 1.4420798e-04 7.9843703e-05 1.2992427e-05 8.0593651e-05
 6.0358900e-04 7.5149270e-05 7.3034440e-05 6.4249347e-05] [9.9894840e-01 1.4421984e-04 7.9850266e-05 1.2993495e-05 8.0600272e-05
 4.7329775e-04 1.2336987e-04 7.3040443e-05 6.4254622e-05] [1.2124609e-03 9.5441282e-01 2.2675723e-02 6.8812638e-05 4.2685340e-04
 3.1968288e-03 3.9801796e-04 1.7268270e-02 3.4028798e-04] [2.2031118e-06 2.2998095e-06 1.8180746e-06 9.9964797e-01 6.1991668e-06
 2.0534734e-04 2.1232116e-05 7.8640387e-06 1.0504772e-04] [7.1291986e-04 9.9654204e-01 7.3251780e-04 4.4812026e-05 1.8237947e-04
 3.0529246e-04 9.5723651e-04 1.8318255e-04 3.3959592e-04] [2.3252927e-05 2.9644554e-05 1.7253202e-05 5.2500796e-04 6.5429616e-05
 1.0638979e-03 9.9451929e-01 8.3001571e-05 3.6732594e-03] [1.65209894e-05 3.08896524e-05 1.22582405e-05 2.79348751e-04
 4.64871409e-05 8.47962126e-03 9.90307093e-01 6.48921778e-05
 7.62862503e-04] [3.9950068e-05 3.9539915e-05 1.1379353e-05 1.1016333e-04 9.9809247e-01
 1.4708750e-03 6.5899578e-05 5.6288303e-05 1.1343159e-04] [0.00454294 0.00574097 0.00131512 0.04179845 0.00266445 0.8373019
 0.00838833 0.0041926  0.09405527] [1.2114157e-03 1.9455721e-03 6.9664681e-04 1.3738913e-03 9.9193853e-01
 1.3030480e-04 1.1416320e-03 3.2506237e-04 1.2369569e-03] [3.9286428e-05 4.3986634e-05 9.9864858e-01 9.3532231e-04 2.5125790e-05
 2.4150831e-04 2.3428436e-05 2.2769162e-05 2.0030307e-05] [6.5675733e-04 9.7338265e-01 2.4549581e-02 3.1418222e-05 1.2786845e-04
 2.1404402e-04 6.7112938e-04 1.2843138e-04 2.3809458e-04] [3.4941596e-03 2.2310644e-02 9.6212500e-01 4.7304705e-03 6.8030087e-04
 1.1387828e-03 3.5706237e-03 6.8329606e-04 1.2667396e-03] [0.00784082 0.0058768  0.00435483 0.02125748 0.0440795  0.38329422
 0.20082597 0.03383597 0.2986344 ] [2.2389249e-06 5.1124539e-06 1.6612371e-06 3.7857353e-05 6.2999384e-06
 9.9935466e-01 1.5539271e-04 8.7941899e-06 4.2794805e-04] [7.3336501e-04 9.5913237e-01 3.8558707e-02 3.5083009e-05 1.4278358e-04
 2.3901126e-04 7.4941322e-04 1.4341218e-04 2.6586698e-04] [5.0663075e-05 4.7102858e-05 2.5314546e-05 7.1129980e-05 3.3837543e-05
 8.9667781e-05 2.4652740e-05 9.9958223e-01 7.5410688e-05] [9.7728115e-01 2.1854241e-03 1.4863713e-02 1.7976567e-05 7.3162446e-05
 1.2246959e-04 3.8400004e-04 4.9358779e-03 1.3623049e-04] [3.2832968e-04 3.7572990e-04 2.4308646e-04 4.9238814e-05 2.0998454e-04
 1.5726344e-03 9.9673671e-01 1.9028939e-04 2.9393609e-04] [1.6928760e-05 1.9475687e-05 9.4023289e-06 5.4768268e-05 9.5170129e-05
 1.8631079e-04 5.5983844e-03 9.9246526e-01 1.5542863e-03] [4.9444800e-05 3.7059574e-05 2.7461920e-05 4.1355286e-04 2.7796885e-04
 9.7502202e-01 1.2664249e-03 1.0953016e-02 1.1953086e-02] [1.8704750e-04 1.3966024e-03 9.9686205e-01 1.0110926e-03 4.7850579e-05
 3.1760479e-05 1.3728975e-04 4.8061233e-05 2.7827767e-04] [4.8494901e-04 9.9414873e-01 4.8279720e-03 7.3619703e-06 8.1110025e-05
 9.2758026e-05 1.2490412e-04 6.8024696e-05 1.6418430e-04] [1.6902390e-04 5.3952576e-04 4.8552820e-04 1.1421411e-05 1.7511861e-04
 4.1984040e-03 8.3767163e-04 1.4180104e-04 9.9344146e-01] [1.6507553e-04 3.0885065e-05 1.2256421e-05 2.7930728e-04 4.6480236e-05
 8.4783621e-03 9.9016005e-01 6.4882544e-05 7.6274923e-04] [1.9473465e-03 2.3915726e-03 9.3051547e-04 6.0594268e-04 5.4156320e-04
 9.8583025e-01 3.6214271e-03 5.4394727e-04 3.5874532e-03] [9.6538765e-03 1.2890181e-03 5.6676809e-03 8.4144050e-01 8.8492688e-04
 1.3772656e-01 7.6753815e-04 8.0192625e-04 1.7679784e-03] [1.5710325e-04 1.9853310e-04 4.5479384e-05 1.4454664e-03 9.2141396e-05
 1.8775521e-02 9.7811824e-01 1.4498766e-04 1.0225633e-03] [0.10443288 0.29592043 0.1073037  0.00799073 0.02671607 0.04472109
 0.14022182 0.02683369 0.24585956] [1.0554719e-02 6.7393161e-02 8.9937621e-01 5.0492096e-04 2.0549663e-03
 3.4398907e-03 1.0785688e-02 2.0640141e-03 3.8264061e-03] [9.4278040e-04 1.2588329e-04 5.1510543e-02 9.4658738e-01 8.6420347e-05
 3.5446399e-04 7.4956377e-05 7.8314697e-05 2.3931319e-04] [1.3003598e-06 1.3574331e-06 9.8788942e-06 9.9983144e-01 3.6589820e-06
 7.3167153e-05 1.2531984e-05 4.6416526e-06 6.2003077e-05] [4.7204558e-06 6.1718852e-06 2.6217679e-06 1.0258785e-05 2.6537467e-05
 9.9801350e-01 1.7898012e-04 2.2415454e-05 1.7347786e-03] [1.2496945e-04 1.2158018e-04 9.3657261e-05 7.6848621e-05 9.9882179e-01
 3.8201723e-04 7.2394192e-05 7.5637719e-05 2.3113267e-04] [1.5464197e-05 1.5009299e-05 9.9993786e-06 9.6730690e-04 4.3513515e-05
 1.3447226e-04 2.4033002e-04 1.8001869e-03 9.9677366e-01] [1.3302102e-04 3.8133629e-05 3.0696895e-03 9.9666935e-01 1.1493981e-05
 1.3894793e-05 2.9754125e-05 6.1213013e-06 2.8505996e-05] [1.6698878e-02 9.8010635e-01 8.5252651e-04 5.2153628e-05 2.1225870e-04
 3.5530847e-04 1.1140605e-03 2.1319333e-04 3.9523191e-04] [1.2669021e-04 4.7334292e-04 1.4011592e-04 2.9416972e-06 3.2409956e-05
 1.1261729e-05 9.2988601e-05 9.9905032e-01 6.9923364e-05] [9.9277824e-01 2.4101500e-04 1.3344290e-04 2.1714242e-05 1.3469618e-04
 1.0087792e-03 1.2559697e-04 5.4491060e-03 1.0737993e-04] [0.03059752 0.00260048 0.00151348 0.04605471 0.00573961 0.16958861
 0.01965812 0.00728106 0.7169664 ] [2.7651511e-04 7.8353169e-04 2.8411648e-04 1.7380906e-05 9.9794596e-01
 1.1841151e-04 3.7127620e-04 7.1049646e-05 1.3171656e-04] [2.3311366e-05 2.4334486e-05 1.7296561e-05 5.2632735e-04 6.5594046e-05
 1.3089156e-03 9.9701869e-01 8.3210172e-05 9.3236571e-04] [5.2389718e-05 3.9266830e-05 9.6729660e-04 9.9116045e-01 2.9452459e-04
 3.3324680e-03 1.3418528e-03 2.2608078e-04 2.5856963e-03] [9.9908364e-01 2.0525214e-04 9.0176225e-05 1.1068348e-05 8.0611186e-05
 2.8376517e-04 6.4884385e-05 7.3050331e-05 1.0757547e-04] [3.6900543e-04 9.9840826e-01 3.2570935e-04 1.9925399e-05 8.1093873e-05
 3.0383200e-04 2.5235009e-04 6.8011206e-05 1.7184853e-04] [2.2977212e-05 1.7221746e-05 1.2288943e-05 2.2534051e-04 1.2917334e-04
 5.6737673e-04 5.4423488e-04 9.9585992e-01 2.6214353e-03] [7.6993005e-05 7.4904892e-05 4.8159949e-05 4.7345977e-05 9.9926978e-01
 2.3535873e-04 4.4601671e-05 4.6599944e-05 1.5623331e-04] [2.3326904e-05 2.4350706e-05 1.7308090e-05 5.2667817e-04 6.5637767e-05
 6.4330327e-04 9.9768317e-01 8.3265630e-05 9.3298714e-04]",3 7 5 7 0 2 8 4 6 7 2 0 2 6 8 0 6 2 6 8 8 7 4 2 2 2 4 4 2 3 1 3 0 3 3 1 1 1 0 3 3 5 4 7 2 5 4 6 5 6 8 7 8 8 6 7 1 8 8 4 4 7 6 2 0 2 3 1 2 7 0 6 5 7 5 6 0 7 7 1 2 1 7 0 5 6 8 5 6 6 7 0 4 4 1 0 7 1 8 3 1 6 1 5 3 0 4 5 2 4 5 5 6 4 5 8 5 8 8 2 6 1 4 5 3 3 3 1 0 3 0 8 6 5 7 3 7 0 2 8 5 8 4 1 3 8 4 2 0 4 0 7 7 1 4 3 0 2 5 2 4 3 3 7 8 8 1 8 0 0 1 3 1 6 6 4 5 4 2 1 2 5 5 1 7 0 6 7 5 2 1 8 6 5 3 6 8 2 2 3 5 4 8 3 1 7 0 0 4 6 3 0 1 7 4 6
1468,3,xgboost,0.02,856,0,0.9444444444444444,0.99609375,"[9.9145970e-04 7.3581457e-04 4.5226814e-04 1.6114142e-03 3.0931584e-03
 2.8698784e-03 8.3903456e-04 7.4631290e-04 9.8866069e-01] [7.1821305e-05 1.3683565e-03 9.9763763e-01 4.3654500e-04 2.2377328e-05
 7.7494209e-05 1.8500688e-04 2.3039223e-05 1.7773875e-04] [1.3478023e-05 3.9643273e-06 2.7009726e-06 1.6419626e-04 1.7268469e-05
 3.0480398e-04 9.9916375e-01 3.8576407e-05 2.9130263e-04] [1.2404230e-04 8.7248947e-05 3.9691473e-03 9.2661577e-01 7.1168557e-04
 3.2904729e-02 1.5560727e-03 7.7799521e-04 3.3253301e-02] [4.7353618e-03 8.8181859e-04 1.7920161e-03 9.8693430e-01 1.2248445e-03
 2.3750775e-03 1.3222082e-03 5.2318996e-04 2.1123358e-04] [2.8804118e-06 2.4566518e-06 1.9705219e-06 3.2869542e-05 4.3025029e-05
 9.9845016e-01 7.2604918e-04 2.0951196e-05 7.1958505e-04] [4.3917767e-05 1.8479141e-04 3.5692530e-05 2.1698037e-03 2.2819759e-04
 9.8196191e-01 5.8651394e-03 5.0977559e-04 9.0007847e-03] [2.2876573e-05 1.7793251e-05 1.0006814e-05 1.5003223e-05 9.9964428e-01
 7.8662866e-05 2.7565638e-05 2.0801705e-05 1.6302915e-04] [1.90612933e-04 1.42564334e-03 9.97589111e-01 1.35962946e-05
 1.38676507e-04 3.04410409e-04 1.94881577e-04 1.12297654e-04
 3.07543633e-05] [0.00248902 0.00193595 0.00108876 0.9517873  0.00938032 0.01031824
 0.0029992  0.00226327 0.01773793] [2.1122722e-05 3.9395731e-05 1.4779793e-02 9.8293006e-01 1.2827746e-04
 1.1917717e-03 5.1061570e-04 6.2465188e-05 3.3652867e-04] [9.9938810e-01 2.4712336e-04 4.2680302e-05 1.2730128e-06 1.7277422e-05
 5.9832950e-05 1.7632822e-04 1.7788505e-05 4.9573708e-05] [7.0266935e-05 5.4653170e-05 3.0736603e-05 1.0442719e-04 2.6481340e-04
 4.9120636e-04 8.4669715e-05 9.9839848e-01 5.0075457e-04] [4.4211128e-04 4.7161430e-04 2.6405601e-02 9.2575812e-01 8.4774889e-04
 7.3911832e-03 5.4720137e-03 2.6837403e-03 3.0527910e-02] [5.7366659e-04 9.9625885e-01 1.7140966e-03 3.3111995e-05 2.2908127e-04
 8.3170983e-04 1.0690193e-04 1.8550594e-04 6.7116380e-05] [0.00126743 0.00151185 0.00103005 0.06261852 0.00658557 0.19993481
 0.02884396 0.01471165 0.6834962 ] [3.1065516e-05 2.6495225e-05 2.1252268e-05 3.5450116e-04 9.9057615e-01
 4.6254699e-03 2.1005513e-03 2.2596066e-04 2.0385443e-03] [1.43168611e-04 2.19227179e-04 1.37129857e-04 4.07978799e-03
 7.43906246e-04 8.01031053e-01 1.01059815e-02 1.66182988e-03
 1.81877911e-01] [2.5848689e-04 3.0833622e-04 2.1007560e-04 1.2770819e-02 1.3431018e-03
 4.0775970e-02 5.8826180e-03 3.0003870e-03 9.3545026e-01] [3.6632078e-05 2.7107730e-05 1.9226034e-05 7.3354703e-04 2.1017436e-04
 9.6680666e-04 3.3185636e-03 9.9337876e-01 1.3092175e-03] [2.1917692e-03 6.4178086e-03 1.6869340e-03 5.0315663e-05 9.7826493e-01
 2.3648895e-03 6.3609271e-03 7.0308795e-04 1.9593949e-03] [0.00151482 0.0016159  0.00090742 0.06622065 0.00290466 0.79429394
 0.01874887 0.00919536 0.10459842] [2.5957486e-05 3.0963431e-05 2.1095982e-05 1.2824570e-03 1.3487562e-04
 9.8850238e-01 3.3302431e-03 3.0130157e-04 6.3707787e-03] [3.4823268e-05 4.1538991e-05 2.8301316e-05 1.7204803e-03 1.8094238e-04
 9.7972965e-01 4.4676880e-03 4.0421111e-04 1.3392383e-02] [6.2818172e-06 6.3694206e-06 3.7630148e-06 2.3096582e-04 1.2045380e-05
 5.3840980e-04 9.9854445e-01 3.8132392e-05 6.1966066e-04] [9.9715132e-01 9.0388500e-04 2.3758810e-04 7.0864648e-06 9.6178097e-05
 3.3307163e-04 8.9587463e-04 9.9023047e-05 2.7596156e-04] [0.00228262 0.00960451 0.00185512 0.1127753  0.01186054 0.36008054
 0.04420085 0.02649553 0.43084502] [4.7436322e-05 8.9880894e-05 2.4126814e-05 8.7973940e-06 9.9826115e-01
 4.6040726e-04 7.7866600e-04 3.4545923e-05 2.9497579e-04] [2.7313695e-04 4.0499418e-04 9.9722725e-01 2.8051629e-05 2.9672950e-04
 8.5196673e-04 6.0725264e-04 2.4028623e-04 7.0263130e-05] [6.28673524e-06 4.27871373e-06 1.34282425e-04 9.95417833e-01
 5.71639357e-05 3.40384478e-03 1.04304956e-04 2.78361877e-05
 8.44117138e-04] [4.8620423e-06 3.5979099e-06 2.7721660e-06 1.7185314e-04 9.9924374e-01
 2.6205348e-04 4.0448238e-05 3.0494803e-05 2.4020403e-04] [9.5686120e-01 5.8557267e-05 4.1531403e-05 3.3013333e-02 4.5401187e-04
 5.6213965e-03 1.0642265e-03 4.9631338e-04 2.3894510e-03] [2.1784967e-04 5.3521682e-04 9.9672300e-01 1.3241369e-03 6.7875306e-05
 2.3505707e-04 6.3224131e-04 6.9883063e-05 1.9475303e-04] [3.9837050e-05 5.9147445e-05 2.1951781e-05 5.0477367e-05 9.9909377e-01
 1.0301793e-04 3.3241358e-05 3.6223861e-05 5.6238507e-04] [5.3326534e-05 7.9069956e-05 9.4976032e-01 4.9690481e-02 5.7932681e-05
 1.6633574e-04 1.1855835e-04 4.6912810e-05 2.7008289e-05] [3.3234367e-06 3.9643674e-06 2.7009999e-06 1.6419792e-04 1.7268643e-05
 3.0480706e-04 9.9917382e-01 3.8576796e-05 2.9130557e-04] [7.55086599e-04 5.64748747e-03 9.86264646e-01 4.23889095e-03
 5.49347606e-04 1.20588008e-03 7.71996565e-04 4.44851554e-04
 1.21829115e-04] [9.9976844e-01 2.9521489e-05 1.4985523e-05 2.5049437e-06 2.6497237e-05
 7.6078599e-05 5.4226191e-05 2.1456970e-05 6.2743243e-06] [1.3996601e-04 2.0753486e-04 8.5995183e-05 1.4374747e-05 1.5205573e-04
 4.3658091e-04 3.1117973e-04 9.9861634e-01 3.6005564e-05] [4.4468794e-05 4.7862497e-05 1.7795262e-05 6.2887186e-05 8.3080071e-05
 3.0174539e-03 9.9626899e-01 1.4744492e-05 4.4269138e-04] [5.5425320e-05 5.9123977e-05 3.8375962e-05 9.9377304e-01 1.0627812e-04
 1.1182484e-03 6.8599964e-04 3.3644741e-04 3.8271346e-03] [4.1523963e-05 2.4836078e-05 1.6604365e-05 2.5263921e-04 1.5649025e-04
 3.6394289e-03 9.9572635e-01 3.7757763e-05 1.0443772e-04] [5.7783804e-04 9.8277217e-01 4.4474329e-04 1.3265220e-05 1.8003651e-04
 8.0020092e-03 6.1282916e-03 6.0612487e-04 1.2755470e-03] [8.7902481e-05 3.9401886e-04 9.0449024e-04 5.4490236e-05 9.9739277e-01
 2.1461246e-04 3.2206532e-05 1.3163291e-05 9.0636569e-04] [2.5077694e-04 1.3690729e-03 9.9692363e-01 5.7569960e-06 7.8134435e-05
 2.7058518e-04 7.9741678e-04 8.0445658e-05 2.2418931e-04] [3.9077127e-06 3.3328183e-06 2.6733098e-06 4.4592489e-05 9.9923074e-01
 1.8100668e-04 2.4892524e-04 2.8423450e-05 2.5642710e-04] [3.3234367e-06 3.9643674e-06 2.7009999e-06 1.6419792e-04 1.7268643e-05
 3.0480706e-04 9.9917382e-01 3.8576796e-05 2.9130557e-04] [3.9775936e-05 4.2811451e-05 1.5917287e-05 4.9178874e-05 9.9930060e-01
 8.2295519e-05 6.0237922e-05 1.3188470e-05 3.9597350e-04] [0.08331669 0.24396296 0.06412618 0.06195367 0.11373194 0.08989763
 0.24180083 0.0267268  0.07448336] [1.3235922e-03 9.7945821e-04 6.9467566e-04 2.6504556e-02 7.5940341e-03
 3.4932703e-02 1.1990653e-01 8.3015934e-03 7.9976285e-01] [4.1609697e-04 9.9696237e-01 3.2025637e-04 9.5521946e-06 1.2964306e-04
 4.4896323e-04 1.2075923e-03 1.3347789e-04 3.7198179e-04] [3.1591239e-04 5.3987361e-04 2.5299782e-04 2.5157482e-05 8.9350011e-04
 6.8473519e-04 1.5760643e-02 9.7232878e-01 9.1984514e-03] [0.00092301 0.00110102 0.00075015 0.04560251 0.004796   0.5902661
 0.02100588 0.0107139  0.32484144] [1.4616844e-02 1.4749226e-01 7.8316176e-01 2.3429282e-04 1.2344193e-02
 1.0051063e-02 2.0302162e-02 3.2679231e-03 8.5294573e-03] [9.9896932e-01 2.7212338e-05 1.3813352e-05 2.3090040e-06 2.4424615e-05
 7.0127717e-05 8.6687598e-04 1.9778618e-05 6.2092954e-06] [9.3394925e-04 9.5976245e-01 7.1883056e-04 2.1440348e-05 2.9098993e-04
 1.2933504e-02 9.9050533e-03 2.9959742e-04 1.5134193e-02] [3.3199103e-03 9.8248231e-01 1.7344969e-03 5.1734281e-05 7.0214202e-04
 2.4315685e-03 6.5402752e-03 7.2291138e-04 2.0146396e-03] [6.1032701e-05 4.7470843e-05 2.6697307e-05 4.0027255e-05 2.3001253e-04
 2.5301089e-04 7.3542717e-05 9.9883324e-01 4.3494714e-04] [0.00475486 0.00284395 0.00190135 0.02168856 0.01791952 0.08637393
 0.02274055 0.0043236  0.8374537 ] [0.05079719 0.07531961 0.30209726 0.00521696 0.05518488 0.15844625
 0.11293503 0.04468771 0.19531512] [9.9943525e-01 2.9511650e-05 1.4980529e-05 2.5041090e-06 2.6488407e-05
 7.6053249e-05 5.4208118e-05 3.5470747e-04 6.2722333e-06] [1.0805396e-05 4.5465527e-05 8.7816852e-06 5.3385174e-04 5.6145000e-05
 1.1386221e-02 9.8648888e-01 1.2542366e-04 1.3443937e-03] [4.8189089e-04 9.9648213e-01 3.7089604e-04 1.1062597e-05 1.5014250e-04
 5.1995402e-04 1.3985389e-03 1.5458370e-04 4.3080034e-04] [6.6872199e-05 1.6412944e-04 1.3454161e-03 2.0676351e-05 9.9761677e-01
 9.5582043e-05 3.0611744e-05 4.5710258e-04 2.0289520e-04] [3.1591239e-04 5.3987361e-04 2.5299782e-04 2.5157482e-05 8.9350011e-04
 6.8473519e-04 1.5760643e-02 9.7232878e-01 9.1984514e-03] [2.9626606e-06 1.8580813e-06 7.9236866e-05 9.9934274e-01 3.2541826e-05
 2.5493884e-04 1.4730923e-04 1.5846361e-05 1.2259987e-04] [4.6937992e-03 9.6573466e-01 3.6126673e-03 1.0775397e-04 1.4624445e-03
 5.0645508e-03 1.3622302e-02 1.5057037e-03 4.1961581e-03] [3.2903193e-04 1.7082736e-04 2.6688209e-02 8.8700175e-01 2.9918172e-03
 5.7658415e-02 1.3543250e-02 1.4568763e-03 1.0159791e-02] [2.5848689e-04 3.0833622e-04 2.1007560e-04 1.2770819e-02 1.3431018e-03
 4.0775970e-02 5.8826180e-03 3.0003870e-03 9.3545026e-01] [2.7356880e-05 6.7210858e-05 9.9923325e-01 5.2149768e-04 8.5235688e-06
 2.9517732e-05 7.9394893e-05 8.7756962e-06 2.4456480e-05] [0.00243081 0.00289959 0.00197555 0.12009657 0.01263051 0.38345665
 0.05532006 0.0282156  0.3929747 ] [6.0880673e-05 4.7093683e-05 6.7024324e-05 3.5677937e-01 8.4653031e-05
 8.9071121e-04 5.4641487e-04 2.6798842e-04 6.4125586e-01] [2.1315378e-03 9.8875284e-01 1.1136280e-03 3.3215860e-05 4.5080800e-04
 1.5611806e-03 4.1991626e-03 4.6414291e-04 1.2934929e-03] [1.7708878e-04 9.9779969e-01 1.3266695e-03 1.7820113e-06 2.4919238e-05
 2.2308351e-04 8.0997153e-05 2.5656374e-05 3.4011254e-04] [9.8744780e-01 2.6018613e-03 8.1737321e-03 3.0397881e-05 3.1004541e-04
 6.8058487e-04 4.3570602e-04 2.5106926e-04 6.8759000e-05] [5.2879832e-04 3.9550196e-03 9.9221730e-01 1.1321458e-03 3.8471629e-04
 8.4449572e-04 5.4064061e-04 3.1153613e-04 8.5318738e-05] [1.3613686e-03 9.6523488e-01 2.9814219e-02 2.1821326e-05 2.9562024e-04
 9.3612575e-04 1.1787317e-03 3.0436469e-04 8.5288845e-04] [9.9937302e-01 2.9509813e-05 1.4979596e-05 2.5039531e-06 2.6486756e-05
 6.4075495e-05 5.4204742e-05 3.4976861e-04 8.5468258e-05] [3.7096142e-06 3.1638640e-06 2.5377883e-06 4.2331903e-05 5.5410976e-05
 3.2112765e-04 9.9935812e-01 2.6982549e-05 1.8656884e-04] [4.0021299e-05 3.1128278e-05 1.7506371e-05 2.6247262e-05 1.5082721e-04
 1.6590820e-04 9.9924684e-01 3.6391397e-05 2.8520994e-04] [4.1845633e-05 5.2059408e-05 9.9712962e-01 2.3298212e-03 1.9917131e-04
 1.0686839e-04 9.3033494e-05 3.6812780e-05 1.0764583e-05] [6.0630199e-03 4.2502839e-02 2.9723649e-03 8.7379907e-05 1.2241355e-03
 1.1984596e-02 6.2629571e-03 9.1750991e-01 1.1392723e-02] [1.4551128e-04 1.7677496e-04 2.8269043e-02 1.2941347e-01 8.4035605e-01
 3.4305882e-05 1.8695496e-04 4.8247093e-05 1.3696329e-03] [0.00449278 0.01456189 0.00359188 0.09458696 0.019318   0.17236921
 0.02934889 0.13468298 0.5270474 ] [3.4665152e-06 4.1350386e-06 2.8172813e-06 1.6657540e-04 1.8012082e-05
 2.6293256e-04 7.8890596e-05 1.2557820e-04 9.9933761e-01] [3.6818315e-03 3.5965469e-04 8.3647478e-01 1.4982623e-01 3.3036978e-03
 2.2729880e-03 5.5718381e-04 4.2046455e-04 3.1032143e-03] [1.3666787e-05 1.3857379e-05 8.1868548e-06 5.0249166e-04 2.6206080e-05
 1.1713704e-03 1.5778176e-04 8.2961225e-05 9.9802351e-01] [0.00124742 0.00155189 0.80179584 0.17964742 0.00135517 0.00318575
 0.00277333 0.00109739 0.00734577] [3.9238628e-04 9.9815387e-01 3.5593275e-04 1.6927033e-05 1.2225553e-04
 8.6892302e-05 4.6974162e-04 1.2587185e-04 2.7616133e-04] [3.3125555e-06 3.9513875e-06 2.6921566e-06 1.6366033e-04 1.7212105e-05
 3.4906194e-03 9.9590248e-01 1.2573115e-04 2.9035180e-04] [1.09529145e-04 1.30651999e-04 8.90158262e-05 5.41140605e-03
 5.69115626e-04 1.72780957e-02 2.49265530e-03 1.27136090e-03
 9.72648144e-01] [1.17940304e-04 1.80596442e-04 1.12965768e-04 3.36087355e-03
 9.24905181e-01 5.90101210e-03 1.47676491e-03 1.36899354e-03
 6.25756532e-02] [0.00114323 0.0013637  0.00092911 0.05648229 0.00594022 0.05691241
 0.04075305 0.01327    0.82320595] [1.47661252e-03 1.09269284e-03 7.74986751e-04 2.95687355e-02
 8.47197510e-03 1.04896665e-01 1.98587365e-02 9.26133711e-03
 8.24598312e-01] [5.7495163e-05 1.8635170e-04 4.5966139e-05 1.2445420e-03 2.4721705e-04
 9.5644653e-01 2.1173339e-03 5.5226346e-04 3.9102267e-02] [0.02127741 0.06022456 0.5019367  0.28392527 0.02311528 0.06261632
 0.0202761  0.01871834 0.00791   ] [9.9853218e-01 1.0427681e-03 4.3298729e-05 1.2914584e-06 1.7527766e-05
 6.0699913e-05 1.4491277e-04 1.8046238e-05 1.3921979e-04] [9.0996706e-01 7.6633133e-02 1.6370059e-03 4.8826456e-05 6.6267676e-04
 2.2948962e-03 6.1726631e-03 6.8227877e-04 1.9014031e-03] [1.48671488e-05 1.77343027e-05 1.20827335e-05 7.34527595e-04
 7.72500061e-05 1.85201212e-03 3.38345388e-04 9.94549692e-01
 2.40348908e-03] [5.0090940e-04 1.2306422e-03 9.8496312e-01 9.9337576e-03 1.5606798e-04
 1.1532226e-03 1.4537339e-03 1.6068449e-04 4.4780227e-04] [9.9947411e-01 1.4466418e-04 4.6582365e-05 1.3893986e-06 1.8857016e-05
 6.5303204e-05 1.7564835e-04 1.9414827e-05 5.4105996e-05] [9.8497316e-05 4.8453902e-04 8.9346642e-05 4.2490433e-06 9.9908268e-01
 2.1811826e-05 1.1791507e-04 3.1596530e-05 6.9322399e-05] [0.04502635 0.06676289 0.02766423 0.00462428 0.04891558 0.0685417
 0.5363185  0.03961095 0.16253553] [1.2423515e-05 5.2274034e-05 1.0096750e-05 6.1379687e-04 6.4552842e-05
 4.4729139e-04 9.9710971e-01 1.4420597e-04 1.5457188e-03] [1.8230496e-05 1.0909611e-05 8.9392706e-04 9.9458033e-01 1.6576599e-04
 3.2917119e-03 5.5540667e-04 8.0720340e-05 4.0298980e-04] [4.6718351e-06 3.9845245e-06 3.1960544e-06 7.9420242e-05 6.9783651e-05
 9.9746025e-01 1.1776027e-03 3.3981403e-05 1.1671182e-03] [9.9350536e-01 1.7863075e-03 5.7519774e-04 1.7156239e-05 2.3284592e-04
 8.0636225e-04 2.1689010e-03 2.3973350e-04 6.6809938e-04] [4.4466953e-05 8.9232744e-05 1.7794528e-05 6.2884588e-05 8.3076644e-05
 3.0173291e-03 9.9622786e-01 1.4743882e-05 4.4267310e-04] [4.8626544e-06 1.0650094e-05 2.7449696e-06 4.0846931e-05 9.9712950e-01
 1.7549167e-03 1.1722239e-04 2.8363680e-05 9.1095694e-04] [1.3782539e-04 2.4216808e-04 3.4049790e-05 1.5697388e-04 2.8509949e-04
 6.2899583e-04 5.6618752e-05 1.8232051e-04 9.9827600e-01] [9.9947411e-01 1.4466418e-04 4.6582365e-05 1.3893986e-06 1.8857016e-05
 6.5303204e-05 1.7564835e-04 1.9414827e-05 5.4105996e-05] [7.3555158e-05 4.7360434e-05 2.6635214e-05 8.5835163e-05 2.2947756e-04
 1.3756783e-04 3.2128097e-04 9.9651009e-01 2.5681562e-03] [7.3555158e-05 4.7360434e-05 2.6635214e-05 8.5835163e-05 2.2947756e-04
 1.3756783e-04 3.2128097e-04 9.9651009e-01 2.5681562e-03] [9.9336239e-06 1.1849340e-05 8.0731843e-06 4.9078127e-04 5.1615316e-05
 1.2374381e-03 2.2606840e-04 9.9635834e-01 1.6059128e-03] [9.8163600e-04 2.8743681e-03 7.5553358e-04 2.2535080e-05 3.0584770e-04
 1.0591726e-03 2.8488939e-03 9.9027443e-01 8.7756169e-04] [9.4204515e-05 8.0345344e-05 6.4446351e-05 1.0750046e-03 1.4071426e-03
 1.4026476e-02 9.7382867e-01 6.8521290e-04 8.7384311e-03] [1.7550538e-04 1.8889915e-04 7.0232658e-05 2.4819741e-04 3.2789289e-04
 3.6311673e-04 2.6579088e-04 9.9661320e-01 1.7471742e-03] [2.2714635e-06 1.9924416e-06 1.2273063e-04 9.9940836e-01 8.6790060e-06
 2.6349060e-04 3.8012960e-05 1.9388239e-05 1.3512866e-04] [5.8092765e-04 9.8802686e-01 4.4712125e-04 1.3336147e-05 1.8099915e-04
 3.4396001e-04 3.8225199e-03 1.8635330e-04 6.3978727e-03] [1.0950686e-04 1.3062543e-04 8.8997629e-05 5.4103024e-03 5.6899956e-04
 9.7222501e-01 2.4921461e-03 1.2711011e-03 1.7703354e-02] [2.1715737e-04 1.6890360e-04 9.4990341e-05 1.4241894e-04 9.9646962e-01
 9.0022531e-04 2.6166861e-04 1.9746154e-04 1.5475635e-03] [6.24345057e-06 1.80878305e-05 4.61413944e-03 9.94856477e-01
 5.70545717e-06 1.02875616e-04 2.60322959e-05 1.80619245e-05
 3.52409814e-04] [0.01497666 0.01342672 0.00825273 0.04076755 0.05644219 0.75029767
 0.01531023 0.01361829 0.08690791] [3.6987662e-04 9.9719715e-01 2.8468223e-04 8.4911335e-06 1.1524227e-04
 3.9909224e-04 1.1761283e-03 1.1865114e-04 3.3066195e-04] [5.7495163e-05 1.8635170e-04 4.5966139e-05 1.2445420e-03 2.4721705e-04
 9.5644653e-01 2.1173339e-03 5.5226346e-04 3.9102267e-02] [9.9963212e-01 1.0116468e-04 3.2575412e-05 9.7161626e-07 1.3186859e-05
 4.5667039e-05 1.2283227e-04 1.3576926e-05 3.7836751e-05] [3.5601038e-06 4.8297688e-06 2.2954234e-06 1.9294138e-03 6.2576561e-05
 2.6921276e-03 4.6354395e-05 4.1323910e-05 9.9521756e-01] [1.16484785e-04 7.78746733e-04 6.57556229e-05 9.78486496e-04
 1.39530958e-03 9.79890585e-01 2.43895780e-03 6.79450692e-04
 1.36561878e-02] [9.7432321e-01 3.8794151e-03 2.0599112e-02 6.1624878e-06 8.3485109e-05
 2.6436799e-04 5.3399755e-04 8.5954525e-05 2.2434609e-04] [1.1668941e-03 1.7302131e-03 9.7714406e-01 1.1130325e-02 1.2676860e-03
 3.6397674e-03 2.5943001e-03 1.0265495e-03 3.0017775e-04] [1.2247060e-05 1.4608926e-05 9.9533427e-06 6.0507894e-04 9.9560463e-01
 1.9319587e-03 2.7871737e-04 1.4215778e-04 1.4006339e-03] [2.7214108e-05 3.2462362e-05 2.2117276e-05 1.3445418e-03 1.4140492e-04
 9.9514514e-01 6.1933586e-04 3.1588777e-04 2.3518191e-03] [2.8398560e-04 2.2143644e-04 4.2905947e-04 9.7516870e-01 1.1815255e-03
 1.2934893e-02 1.4485233e-03 1.2916113e-03 7.0402264e-03] [9.9958259e-01 2.7973385e-04 3.2993223e-06 4.9466717e-06 2.8425542e-05
 3.1267740e-05 9.0885987e-06 6.8584723e-06 5.3751890e-05] [1.42115299e-04 4.16133495e-04 1.09381595e-04 3.26248983e-06
 4.42787859e-05 1.53340618e-04 4.12445690e-04 9.98591959e-01
 1.27048101e-04] [2.4966905e-05 4.0921655e-05 1.7626355e-05 5.2967638e-04 4.7874026e-05
 9.4151896e-05 1.7987010e-04 9.9508935e-01 3.9755842e-03] [0.03158064 0.04682624 0.01940317 0.00324339 0.03430847 0.75851995
 0.07021176 0.02778237 0.00812396] [9.9642462e-01 3.2994875e-03 2.0464995e-05 3.4208790e-06 3.6185978e-05
 1.0389682e-04 7.4054056e-05 2.9302733e-05 8.5685379e-06] [5.8988280e-05 4.3651307e-05 6.7828172e-05 9.9274492e-01 3.3844184e-04
 4.1904538e-03 7.9332455e-04 3.6997537e-04 1.3924562e-03] [3.3125555e-06 3.9513875e-06 2.6921566e-06 1.6366033e-04 1.7212105e-05
 3.4906194e-03 9.9590248e-01 1.2573115e-04 2.9035180e-04] [3.4823268e-05 4.1538991e-05 2.8301316e-05 1.7204803e-03 1.8094238e-04
 9.7972965e-01 4.4676880e-03 4.0421111e-04 1.3392383e-02] [0.38866022 0.11169858 0.00079301 0.03025629 0.00866897 0.03987745
 0.13687935 0.00947669 0.27368948] [2.1421672e-03 6.2725651e-03 9.7522753e-01 4.5596906e-03 6.6743349e-04
 2.3113703e-03 6.2169745e-03 6.8717625e-04 1.9150514e-03] [6.1318051e-04 2.5800604e-03 4.9833971e-04 2.9464979e-02 3.1860953e-03
 4.6509266e-02 1.1873672e-02 2.2213107e-02 8.8306129e-01] [8.47542882e-01 4.83747832e-02 1.27154160e-02 3.79258825e-04
 5.14733000e-03 1.78255681e-02 4.79460545e-02 5.29958820e-03
 1.47691155e-02] [2.7363023e-04 8.0122764e-04 2.1060443e-04 6.2816302e-06 8.5254818e-05
 2.9524328e-04 7.9412630e-04 9.9728906e-01 2.4461967e-04] [9.9822670e-01 4.8774437e-04 1.5705550e-04 4.6844489e-06 6.3577674e-05
 2.2017407e-04 5.9220998e-04 6.5458305e-05 1.8242194e-04] [4.4924524e-04 5.3588266e-04 6.1697169e-04 8.3713037e-01 2.3342862e-03
 7.0867866e-02 1.0223882e-02 5.2146171e-03 7.2626926e-02] [4.3535321e-05 5.1931183e-05 3.5381712e-05 2.1509086e-03 2.2621040e-04
 9.7341079e-01 6.8330704e-03 5.0533633e-04 1.6742874e-02] [0.01448766 0.14618875 0.77624035 0.00752194 0.01378327 0.00996223
 0.02012273 0.00323904 0.00845408] [4.30489454e-05 5.31271799e-05 2.64493210e-05 4.42119972e-06
 9.99616861e-01 1.11379901e-04 9.57087614e-05 3.78714030e-05
 1.10741385e-05] [0.00361222 0.00384117 0.00164499 0.01220499 0.00112546 0.09114495
 0.00722259 0.84354985 0.03565379] [9.9971193e-01 7.9226236e-05 2.5511146e-05 7.6091277e-07 1.0327172e-05
 3.5763707e-05 9.6194912e-05 1.0632641e-05 2.9631516e-05] [1.4036102e-03 9.5917434e-01 1.0803139e-03 3.2222208e-05 4.3732210e-04
 1.9437464e-02 1.4886069e-02 4.5025811e-04 3.0983952e-03] [1.4000405e-04 9.9766350e-01 1.7415347e-03 2.2441195e-06 3.0401750e-05
 9.6271746e-05 2.1305944e-04 3.1301035e-05 8.1697443e-05] [3.3128447e-06 3.9517327e-06 2.6923915e-06 1.6367460e-04 1.7213608e-05
 3.4909239e-03 9.9598938e-01 3.8453851e-05 2.9037715e-04] [1.6784112e-05 1.2553271e-04 9.9117416e-01 8.6122006e-03 1.2210935e-05
 2.6804366e-05 1.7159980e-05 9.8881883e-06 5.3316226e-06] [5.7808124e-04 9.8318577e-01 4.4493045e-04 1.3270803e-05 1.8011230e-04
 8.0053769e-03 6.1308709e-03 1.8544021e-04 1.2760838e-03] [5.8210283e-03 1.7044788e-02 4.4802595e-03 1.3363127e-04 1.8136548e-03
 6.2808134e-03 1.6893728e-02 1.8673025e-03 9.4566476e-01] [2.7500282e-04 4.0776102e-04 1.6896205e-04 2.8243259e-05 2.9875684e-04
 8.5778726e-04 6.1140134e-04 9.9728131e-01 7.0743125e-05] [4.8182646e-04 9.9634886e-01 3.7084642e-04 1.1061117e-05 1.5012242e-04
 5.1988446e-04 1.5321040e-03 1.5456304e-04 4.3074274e-04] [3.3074432e-06 3.9452893e-06 2.1325170e-06 7.8945945e-04 5.8135494e-05
 4.3804701e-03 9.9436545e-01 3.8391150e-05 3.5869595e-04] [4.8669834e-05 6.0549333e-05 9.9254084e-01 7.0092077e-03 5.2873798e-05
 1.2429664e-04 1.0820543e-04 4.2816260e-05 1.2520086e-05] [0.00838653 0.05000758 0.00381919 0.03204697 0.00261298 0.84579384
 0.02979025 0.00269028 0.02485238] [3.6406389e-05 6.3119922e-04 2.8020833e-05 9.4521090e-07 1.1343121e-05
 3.6802776e-05 9.9865890e-01 1.1678650e-05 5.8466580e-04] [1.1643537e-03 1.9834798e-02 1.2158426e-03 4.8200265e-05 9.8305044e-04
 8.0765998e-03 8.3827469e-03 7.1422139e-04 9.5958024e-01] [1.1288667e-04 5.1012612e-03 8.6885251e-05 2.9308478e-06 3.5172041e-05
 1.1411575e-04 9.7925675e-01 3.6212426e-05 1.5253754e-02] [9.4364959e-06 1.0146944e-05 6.2390282e-06 8.8239227e-05 5.4141376e-05
 5.9271930e-04 3.7535321e-04 9.9844557e-01 4.1817527e-04] [1.18116080e-03 5.53692924e-04 1.01982154e-01 8.92829776e-01
 7.09770597e-04 1.29186851e-03 3.01664462e-04 9.03331602e-05
 1.05955789e-03] [3.3234367e-06 3.9643674e-06 2.7009999e-06 1.6419792e-04 1.7268643e-05
 3.0480706e-04 9.9917382e-01 3.8576796e-05 2.9130557e-04] [2.0348445e-05 2.4272651e-05 1.3119912e-05 4.8570037e-03 3.5766774e-04
 4.0344638e-03 3.5885163e-04 2.3619460e-04 9.9009806e-01] [3.3156377e-06 5.0770759e-06 3.1757895e-06 9.4483694e-05 1.7228120e-05
 1.6608818e-03 9.9682909e-01 3.8486269e-05 1.3482762e-03] [7.4234966e-05 4.9629004e-04 4.1905612e-05 6.2358286e-04 8.8922138e-04
 9.8225015e-01 1.5543314e-03 4.3300938e-04 1.3637251e-02] [4.9764917e-06 1.2887029e-05 3.4690393e-06 2.6813881e-05 5.9610786e-05
 2.9748729e-03 9.9595839e-01 3.3508069e-04 6.2388543e-04] [3.9719203e-06 2.4925277e-05 9.9989069e-01 6.4206339e-05 2.8896889e-06
 6.2116683e-06 4.0608729e-06 2.3400185e-06 6.4084787e-07] [7.4449892e-04 2.4605982e-03 6.7533291e-04 2.9895513e-05 2.3196315e-04
 1.1606771e-04 1.6716962e-03 9.9382472e-01 2.4524968e-04] [0.00832034 0.0088477  0.00378905 0.02811278 0.00259236 0.17450869
 0.01663641 0.00266905 0.75452363] [3.8009610e-05 7.0891190e-05 4.0542176e-03 9.9043953e-01 2.3083089e-04
 3.4010792e-03 9.1883488e-04 1.1240394e-04 7.3414500e-04] [1.12594993e-04 2.74407939e-04 8.66607588e-05 2.58480304e-06
 9.98938739e-01 1.21488585e-04 3.26772162e-04 3.61188613e-05
 1.00657569e-04] [2.3041228e-04 7.5445016e-04 2.4060132e-04 8.4338872e-06 1.9453444e-04
 9.8578787e-01 4.6167597e-03 1.4133623e-04 8.0256341e-03] [2.2875218e-05 1.7792197e-05 1.0006221e-05 1.5002334e-05 9.9958509e-01
 7.8658210e-05 8.6770116e-05 2.0800471e-05 1.6301950e-04] [7.8598059e-05 5.8785517e-04 9.9857020e-01 4.4123211e-04 5.7182395e-05
 1.2552174e-04 8.0358201e-05 4.6305238e-05 1.2681369e-05] [9.8496224e-05 2.4004746e-04 7.5809388e-05 2.2611446e-06 9.9907160e-01
 1.0627619e-04 2.8585483e-04 3.1596177e-05 8.8053552e-05] [3.7825486e-04 3.2260676e-04 2.5876833e-04 4.1981786e-03 5.6500346e-03
 1.0007732e-02 1.6091086e-01 7.0641427e-03 8.1120944e-01] [3.7117302e-04 3.9949923e-04 1.4853373e-04 5.2490801e-04 9.9340773e-01
 7.6794869e-04 5.6211633e-04 1.2306951e-04 3.6950654e-03] [1.4904853e-04 2.4429589e-04 1.0522668e-04 3.1620855e-03 2.8580075e-04
 5.6207262e-04 1.0737963e-03 9.0476684e-04 9.9351293e-01] [3.6406389e-05 6.3119922e-04 2.8020833e-05 9.4521090e-07 1.1343121e-05
 3.6802776e-05 9.9865890e-01 1.1678650e-05 5.8466580e-04] [7.8794517e-04 9.7708172e-01 6.0645613e-04 1.8088575e-05 2.4549966e-04
 1.0911611e-02 8.3565973e-03 2.5276153e-04 1.7393471e-03] [2.7950853e-04 4.0333881e-03 2.1512876e-04 7.2568164e-06 9.8602724e-01
 2.8255174e-04 1.4145669e-03 8.9662331e-05 7.6506608e-03] [1.0840324e-05 6.7986812e-06 7.6797633e-03 9.8992294e-01 2.2573155e-04
 1.1868962e-03 5.3900172e-04 5.7981557e-05 3.7002639e-04] [6.68670964e-06 4.70330178e-06 3.81252403e-06 1.14349874e-04
 1.28759784e-04 6.29247981e-04 9.98760462e-01 4.19391472e-05
 3.10013071e-04] [0.02741416 0.16202927 0.5884509  0.14308433 0.00854142 0.00957312
 0.03281861 0.00879407 0.01929408] [0.09776819 0.286279   0.07524903 0.00224443 0.03046158 0.10549061
 0.28374183 0.03136263 0.08740269] [1.93998221e-05 2.31410886e-05 1.57664981e-05 9.58468707e-04
 1.00801764e-04 3.06029804e-03 4.41499200e-04 2.25183467e-04
 9.95155454e-01] [9.9947411e-01 1.4466418e-04 4.6582365e-05 1.3893986e-06 1.8857016e-05
 6.5303204e-05 1.7564835e-04 1.9414827e-05 5.4105996e-05] [1.4000842e-03 6.6862100e-01 3.2223582e-01 3.2141234e-05 4.3622334e-04
 1.5106720e-03 4.0633082e-03 4.4912676e-04 1.2516454e-03] [7.2637144e-05 1.2593531e-03 5.5906487e-05 1.8858597e-06 2.2631517e-05
 9.4508398e-01 8.3313452e-04 2.3300958e-05 5.2647177e-02] [9.9976844e-01 2.9521489e-05 1.4985523e-05 2.5049437e-06 2.6497237e-05
 7.6078599e-05 5.4226191e-05 2.1456970e-05 6.2743243e-06] [2.1648961e-04 2.4015193e-04 8.6568631e-05 1.3171626e-03 9.9340546e-01
 3.6009171e-03 6.0663425e-04 1.9685435e-04 3.2978092e-04] [1.7013948e-04 9.9718314e-01 2.1163956e-03 2.7271597e-06 3.6945668e-05
 1.1699395e-04 2.3631622e-04 3.8038484e-05 9.9282566e-05] [1.4863019e-03 9.8620284e-01 9.1318472e-04 1.5264573e-04 1.6146831e-03
 4.6360623e-03 3.3044242e-03 1.3075416e-03 3.8234380e-04] [5.5507699e-05 1.5216196e-04 3.6693633e-05 2.0831572e-03 2.3867133e-04
 9.7171772e-01 6.5904099e-04 5.3317304e-04 2.4523851e-02] [3.3215044e-06 4.4720241e-06 3.1814091e-06 4.1686893e-05 1.7258604e-05
 5.1382941e-04 9.9859291e-01 3.8554368e-05 7.8476261e-04] [9.7742552e-01 1.9199727e-02 8.7344676e-04 3.9896186e-05 2.9743442e-04
 6.1577378e-04 6.2771048e-04 3.0623254e-04 6.1420019e-04] [3.4593520e-04 6.0783041e-04 8.5463354e-05 1.2064097e-04 7.1558612e-04
 1.7102975e-03 1.4211037e-04 9.9293751e-01 3.3346547e-03] [8.78906358e-05 9.99242187e-01 4.58583876e-04 1.75706748e-06
 1.23676264e-05 2.10251037e-05 2.31666418e-05 4.10230496e-05
 1.12048634e-04] [7.3761803e-05 8.7986889e-05 5.9947164e-05 3.6442799e-03 3.8326759e-04
 4.5677833e-03 2.0536352e-03 8.5619028e-04 9.8827320e-01] [4.1733929e-03 1.2220281e-02 9.6052557e-01 9.5807089e-05 1.3003012e-03
 4.5030345e-03 1.2111971e-02 1.3387642e-03 3.7309241e-03] [9.9971193e-01 7.9226236e-05 2.5511146e-05 7.6091277e-07 1.0327172e-05
 3.5763707e-05 9.6194912e-05 1.0632641e-05 2.9631516e-05] [3.4823268e-05 4.1538991e-05 2.8301316e-05 1.7204803e-03 1.8094238e-04
 9.7972965e-01 4.4676880e-03 4.0421111e-04 1.3392383e-02] [1.5749616e-04 4.6117092e-04 1.2121977e-04 3.6155832e-06 4.9070997e-05
 1.6993623e-04 4.5708352e-04 9.9660766e-01 1.9727936e-03] [8.7791495e-04 7.4875803e-04 6.0059148e-04 9.7438125e-03 1.3113514e-02
 7.3189534e-02 5.9361789e-02 1.6395606e-02 8.2596850e-01] [0.00106059 0.00126513 0.01396304 0.6029864  0.00551085 0.16730677
 0.02413681 0.01231081 0.17145963] [9.9971193e-01 7.9226236e-05 2.5511146e-05 7.6091277e-07 1.0327172e-05
 3.5763707e-05 9.6194912e-05 1.0632641e-05 2.9631516e-05] [6.3082305e-05 9.3535426e-05 3.8757840e-05 6.4786605e-06 6.8531190e-05
 9.6027536e-05 7.5138727e-04 9.9880087e-01 8.1311271e-05] [3.2805669e-04 5.3769670e-04 2.3160444e-04 6.9597722e-03 9.4939667e-01
 1.2371253e-03 2.3634334e-03 1.9913972e-03 3.6954269e-02]",8 2 6 3 3 5 5 4 2 3 3 0 7 3 1 8 4 5 8 7 4 5 5 5 6 0 8 4 2 3 4 0 2 4 2 6 2 0 7 6 3 6 1 4 2 4 6 4 2 8 1 7 5 2 0 1 1 7 8 3 0 6 1 4 7 3 1 3 8 2 5 8 1 1 0 2 1 0 6 6 2 7 4 8 8 3 8 3 1 6 3 4 8 3 5 2 0 1 7 2 0 4 8 6 3 5 0 6 4 8 0 7 7 7 7 6 7 3 1 5 4 3 5 1 5 0 8 5 0 2 4 5 3 0 7 7 5 0 3 6 5 1 2 8 0 7 0 3 5 2 4 7 0 1 1 6 2 1 8 7 1 6 2 5 6 8 6 7 3 6 8 6 5 6 2 7 8 3 4 5 4 2 4 8 4 8 6 1 4 3 6 2 2 8 0 1 5 0 4 1 1 5 6 0 7 1 8 2 0 5 7 7 3 0 7 4
1468,4,xgboost,0.02,856,0,0.8935185185185185,0.9939236111111112,"[1.2042292e-02 7.8653961e-01 1.9396169e-01 2.8995666e-05 9.0087723e-04
 2.9028386e-03 2.2172001e-03 7.3493249e-04 6.7151303e-04] [4.1702248e-07 8.5147013e-07 1.7135115e-05 9.9994922e-01 7.9179540e-07
 1.9211660e-05 4.0780201e-06 1.0279637e-06 7.2507250e-06] [0.00094077 0.00076634 0.00043421 0.30016017 0.01062639 0.17149492
 0.02215957 0.4104701  0.08294755] [3.6805175e-06 7.8377498e-06 2.6305229e-06 2.0122790e-04 7.3292922e-06
 9.9829596e-01 8.3108294e-05 9.5153955e-06 1.3887163e-03] [2.4079827e-03 1.3918877e-02 7.4383314e-03 4.3252719e-05 1.2996314e-03
 1.9165268e-03 7.4148173e-03 9.6541500e-01 1.4556352e-04] [5.5909168e-05 4.5542823e-05 1.7591708e-05 1.5998360e-04 9.9306726e-01
 3.0972341e-03 1.8930574e-03 2.8741872e-04 1.3759886e-03] [3.2844171e-05 3.3128486e-05 2.9247196e-05 6.6004047e-04 1.2815355e-04
 9.9775177e-01 4.1341144e-04 1.9259882e-04 7.5885881e-04] [2.3509392e-03 1.9150412e-03 7.3971879e-04 1.0572818e-02 2.6554944e-02
 8.2250971e-01 7.9779223e-02 1.2085747e-02 4.3491840e-02] [1.0390121e-03 3.2864430e-03 1.3815780e-03 9.5530927e-01 5.6077336e-04
 2.9037541e-02 3.7184244e-03 4.5747694e-04 5.2095177e-03] [8.3321342e-05 9.9547869e-01 2.7459192e-03 1.3909112e-03 6.7077184e-05
 1.3050249e-04 4.0323783e-05 5.8914378e-05 4.3924374e-06] [9.91399169e-01 2.00722693e-03 1.08606636e-03 4.90284385e-03
 1.19717457e-04 2.91002099e-04 7.37766168e-05 1.05148705e-04
 1.50415526e-05] [5.1682098e-05 2.0518115e-05 1.6561851e-03 9.9622333e-01 1.2770332e-04
 1.7690514e-03 1.5583180e-05 3.6985475e-05 9.9000928e-05] [4.8035310e-04 8.0707390e-04 1.5114223e-04 5.0375485e-03 5.4258108e-03
 7.5184377e-03 2.1527790e-01 2.4694067e-03 7.6283234e-01] [8.4161249e-05 1.5672312e-04 4.4882105e-05 2.9318826e-04 9.9800819e-01
 2.9887623e-04 1.4955894e-04 3.7056190e-05 9.2737190e-04] [0.00248742 0.00250895 0.00221501 0.094037   0.00970558 0.08572406
 0.02557788 0.01458629 0.76315784] [1.00637716e-03 1.71506137e-04 5.62594541e-05 1.31581241e-04
 9.96170938e-01 5.42361522e-04 3.91346948e-05 1.18209784e-04
 1.76361261e-03] [0.0068741  0.00559954 0.00216292 0.01967018 0.07764608 0.38080847
 0.23275355 0.03533846 0.23914668] [5.4281321e-05 5.4751210e-05 4.8336624e-05 7.3432649e-04 2.1179845e-04
 9.0714115e-01 1.1756161e-02 3.1830667e-04 7.9680935e-02] [1.8157433e-04 1.2505717e-04 9.4721210e-05 2.1469402e-03 4.1504356e-04
 1.1078030e-02 7.6486025e-04 9.4076674e-03 9.7578615e-01] [1.7244589e-04 9.9528778e-01 5.3269055e-04 5.5109422e-06 9.3072129e-05
 3.1661442e-03 3.5952122e-04 7.5927921e-05 3.0689020e-04] [9.9977797e-01 9.5037780e-05 3.4374578e-05 5.2543436e-07 8.8738543e-06
 2.3398385e-05 4.7020603e-05 7.2392590e-06 5.5663718e-06] [1.5337282e-03 7.8102142e-01 2.0910496e-01 6.8045044e-03 1.1612638e-04
 5.0235324e-04 2.4549797e-04 9.4735493e-05 5.7668675e-04] [0.0632994  0.36588982 0.19553378 0.00202289 0.03416382 0.09008237
 0.19970702 0.02787072 0.02143021] [9.95494604e-01 2.16183718e-03 5.65453607e-04 8.64327922e-06
 1.45972925e-04 3.84897896e-04 1.02796941e-03 1.19084194e-04
 9.15655837e-05] [1.0066940e-04 8.2003811e-05 5.2872925e-05 9.7330314e-01 1.5764954e-03
 4.5825266e-03 1.7593377e-03 5.1752286e-04 1.8025450e-02] [2.33632323e-04 1.59398408e-03 1.03749284e-04 4.15919494e-04
 9.94828403e-01 7.85326469e-04 5.91345190e-04 1.02868289e-04
 1.34482165e-03] [1.3031612e-01 7.2122109e-01 6.8473272e-02 3.2977198e-04 1.1963706e-02
 2.6127337e-02 2.9459517e-02 9.7599495e-03 2.3492209e-03] [5.8118330e-05 9.9683064e-01 2.8358251e-03 1.4529894e-06 2.5560399e-05
 6.2045729e-05 1.4941509e-04 2.0852083e-05 1.6033471e-05] [7.34519836e-06 5.98329598e-06 2.62994877e-06 8.51959267e-05
 1.15026836e-04 9.68900442e-01 3.87627369e-04 3.77603137e-05
 3.04580107e-02] [6.9655340e-05 4.0262917e-04 2.1516746e-04 2.2260115e-06 3.7594233e-05
 9.9127654e-05 2.1975972e-04 9.9893028e-01 2.3582028e-05] [8.3407073e-04 3.4538135e-03 8.2064533e-01 2.4549680e-02 1.4689879e-01
 8.9769409e-04 2.1819146e-03 3.0450380e-04 2.3413751e-04] [0.00359717 0.00428637 0.00320322 0.04963347 0.01403568 0.16130202
 0.03297714 0.31814238 0.4128226 ] [0.00465529 0.00469559 0.00414546 0.0935533  0.01816432 0.5855057
 0.0585964  0.02729872 0.20338525] [5.8584824e-06 5.3034396e-06 2.2128216e-04 9.9803632e-01 2.0515718e-05
 2.5486769e-04 3.0886335e-05 3.0832565e-05 1.3941079e-03] [2.9936973e-05 1.4411021e-05 5.5673045e-06 3.1414445e-04 8.9693189e-05
 6.4778328e-04 2.2303842e-05 9.9687386e-01 2.0022984e-03] [1.1943385e-05 9.7289058e-06 3.7579630e-06 3.4175897e-05 9.9851900e-01
 6.6163467e-04 4.0439708e-04 6.1398692e-05 2.9394010e-04] [6.0882526e-06 6.1409496e-06 5.4214888e-06 1.2235020e-04 2.3755549e-05
 3.9417428e-04 9.9925739e-01 3.5701622e-05 1.4890707e-04] [0.0029851  0.00243162 0.0341168  0.5690302  0.03371809 0.1374479
 0.10107409 0.01534586 0.10385033] [5.5370459e-05 3.0475734e-05 1.1016441e-05 1.2432088e-04 9.9926001e-01
 2.8675306e-04 2.2360555e-05 4.8046171e-05 1.6158482e-04] [1.5807169e-03 9.8416501e-01 4.8828823e-03 5.0515780e-05 8.5314107e-04
 2.2495438e-03 4.9870959e-03 6.9598947e-04 5.3515646e-04] [5.1279744e-04 5.9382617e-03 9.9153930e-01 1.5578614e-04 4.1282328e-04
 8.0317172e-04 2.4817089e-04 3.6258568e-04 2.7033082e-05] [9.9814272e-01 2.8252171e-04 8.6547618e-05 7.7260353e-05 2.5841797e-04
 7.4876659e-04 1.4435536e-04 2.2697037e-04 3.2468175e-05] [0.06754863 0.3904517  0.2086598  0.00140233 0.03645721 0.074494
 0.1787276  0.02974166 0.01251706] [3.1286167e-05 1.5915200e-05 7.9716818e-05 9.9792212e-01 1.9393776e-05
 1.8681530e-03 1.2064652e-05 1.7033692e-05 3.4322093e-05] [9.9964881e-01 1.4330728e-04 5.1833355e-05 6.5620918e-07 1.3380878e-05
 6.3462750e-05 3.8251495e-05 1.0916074e-05 2.9388217e-05] [0.00122147 0.00099499 0.00571832 0.2615184  0.01379705 0.06862627
 0.04135835 0.5329445  0.07382068] [4.3704070e-04 3.5600711e-04 2.8879728e-04 9.3752146e-01 4.9365759e-03
 2.4211010e-02 1.4797989e-02 2.2467459e-03 1.5204447e-02] [5.9113000e-04 8.8147435e-04 1.5859419e-04 8.8314582e-03 2.8878420e-03
 1.5450333e-01 1.6608835e-03 1.8420327e-03 8.2864332e-01] [0.01251988 0.07236875 0.75639623 0.01707004 0.07457701 0.01781725
 0.03949972 0.00551251 0.00423865] [5.5064891e-05 3.7568671e-04 2.9365394e-05 1.9182693e-04 9.9858391e-01
 3.2526499e-04 1.5448709e-04 2.4245091e-05 2.6020926e-04] [1.8990604e-04 1.9924124e-04 3.0754778e-05 2.0317801e-03 5.6001369e-04
 8.0159992e-01 1.8761238e-01 1.0700839e-03 6.7058625e-03] [1.3743123e-04 1.5914715e-03 9.9768090e-01 3.1359006e-05 1.1063792e-04
 2.6893182e-04 6.8181282e-05 9.7174081e-05 1.3900766e-05] [1.1392700e-05 7.2702192e-06 9.9338537e-01 6.0224375e-03 1.1467603e-04
 4.4579044e-04 3.7894970e-06 6.7601941e-06 2.5639258e-06] [5.8099948e-05 5.4218148e-05 9.9254978e-01 7.0492113e-03 5.7399735e-05
 1.3823611e-04 3.5372937e-05 5.0414601e-05 7.2118160e-06] [1.7328049e-03 9.9649590e-01 6.1500177e-04 6.4341270e-06 1.3119943e-04
 5.2552746e-04 1.7941679e-04 1.0703203e-04 2.0672797e-04] [1.9148890e-04 1.1068643e-03 4.9967994e-04 2.1584969e-05 9.9491525e-01
 2.7251095e-04 6.0413947e-04 8.4312545e-05 2.3042229e-03] [1.5856494e-04 6.0960342e-04 3.2454687e-01 6.7404628e-01 5.6919856e-05
 1.5008489e-04 3.3272884e-04 4.6435016e-05 5.2498028e-05] [1.1934682e-05 9.7218172e-06 3.7552247e-06 3.4150991e-05 9.9779141e-01
 6.6115253e-04 1.1328527e-03 6.1353952e-05 2.9372593e-04] [9.99691248e-01 1.43313358e-04 5.18355519e-05 4.26305434e-07
 1.33814465e-05 4.68370672e-05 3.20810177e-05 1.09165376e-05
 9.97450752e-06] [0.00137413 0.00138602 0.00122364 0.03497064 0.00536166 0.24820718
 0.00807196 0.00805791 0.6913468 ] [9.9981266e-01 9.5041076e-05 3.4375767e-05 3.4134513e-07 8.8741626e-06
 1.5053306e-05 2.4375513e-05 7.2395101e-06 2.1152509e-06] [5.6527392e-04 1.1752059e-03 4.2920365e-04 2.7753156e-02 1.1958685e-03
 3.0974734e-01 6.9440883e-03 2.1204369e-02 6.3098550e-01] [2.7182128e-05 2.0920057e-05 9.9055582e-01 9.2828963e-03 2.2147671e-05
 5.3338357e-05 1.0904278e-05 1.9452460e-05 7.3776969e-06] [4.7707995e-03 1.8885814e-02 9.7295773e-01 4.4314514e-04 3.5690085e-04
 1.1500188e-03 8.7838853e-04 2.9115847e-04 2.6603352e-04] [2.8168035e-04 2.3558133e-04 2.0798091e-04 1.0026263e-02 9.1131794e-04
 3.4663793e-01 2.5035390e-03 1.3695979e-03 6.3782609e-01] [5.5744377e-04 6.0209411e-04 2.7251974e-04 1.6465265e-04 5.5072550e-04
 1.5957276e-03 3.3938797e-04 9.9584818e-01 6.9194313e-05] [9.9977797e-01 9.5037780e-05 3.4374578e-05 5.2543436e-07 8.8738543e-06
 2.3398385e-05 4.7020603e-05 7.2392590e-06 5.5663718e-06] [1.6547891e-04 9.8475862e-01 1.4416745e-02 3.4782809e-06 6.1188504e-05
 1.4852997e-04 3.5768168e-04 4.9917366e-05 3.8382186e-05] [1.2155158e-03 9.9014211e-04 3.8246004e-04 5.6557334e-03 1.3729816e-02
 3.3306140e-01 4.1156791e-02 5.3034723e-01 7.3460922e-02] [7.3913565e-05 8.5656199e-04 6.9127731e-05 2.9961354e-04 3.9892471e-05
 1.2307819e-03 9.9691582e-01 3.2544136e-05 4.8172838e-04] [1.8775237e-06 1.6996423e-06 5.3821615e-05 9.9971443e-01 6.5748668e-06
 1.5162643e-04 2.1209889e-05 9.8812052e-06 3.8797174e-05] [7.5452255e-05 1.4050542e-04 3.3506105e-05 2.6284915e-04 1.7465632e-04
 2.3503508e-03 9.9609804e-01 3.3221619e-05 8.3140749e-04] [1.2232459e-06 8.9429238e-07 5.0210299e-05 9.9982798e-01 1.2400714e-05
 3.5416884e-05 3.7172653e-05 5.6438389e-06 2.9030407e-05] [1.3249420e-05 1.0792782e-05 4.1689082e-06 3.7913131e-05 1.4965836e-04
 3.7783341e-04 9.9908018e-01 6.8112822e-05 2.5804521e-04] [2.0211776e-04 1.5256293e-03 3.9970349e-03 4.4113727e-05 9.8907989e-01
 6.2903948e-04 2.2899024e-03 1.1849775e-04 2.1137979e-03] [6.4724321e-05 8.3206964e-05 3.1642005e-05 2.7538284e-05 6.3944266e-05
 4.6633609e-04 3.9406048e-05 9.9912661e-01 9.6630902e-05] [3.0020134e-05 6.0361461e-04 9.9482983e-01 4.3953634e-03 1.3202833e-05
 3.1752970e-05 7.7178076e-05 1.0770823e-05 8.2818442e-06] [1.3396947e-04 1.3512907e-04 1.1929762e-04 2.6922657e-03 5.2273099e-04
 1.0374291e-02 8.7982463e-04 9.3866670e-01 4.6475824e-02] [2.6374319e-04 9.7769815e-01 2.0788532e-02 6.5937206e-06 1.1599405e-04
 2.8156585e-04 6.7805144e-04 9.4627547e-05 7.2760493e-05] [0.26558295 0.2868747  0.15330762 0.00158604 0.02678603 0.07062879
 0.15657963 0.02185195 0.01680228] [2.0211776e-04 1.5256293e-03 3.9970349e-03 4.4113727e-05 9.8907989e-01
 6.2903948e-04 2.2899024e-03 1.1849775e-04 2.1137979e-03] [1.6778674e-04 9.2349313e-05 3.3382654e-05 3.9560455e-04 5.0269993e-04
 6.9159223e-04 9.9772424e-01 1.4559226e-04 2.4671687e-04] [1.6025599e-05 8.0032987e-05 9.9944454e-01 3.6693367e-04 8.6493019e-06
 2.0801694e-05 5.0560098e-05 7.0560691e-06 5.4255142e-06] [5.8118330e-05 9.9683064e-01 2.8358251e-03 1.4529894e-06 2.5560399e-05
 6.2045729e-05 1.4941509e-04 2.0852083e-05 1.6033471e-05] [3.5636134e-05 4.1267090e-04 9.9918956e-01 2.1727591e-04 2.8688561e-05
 6.9734444e-05 1.7679498e-05 2.5197369e-05 3.6044871e-06] [2.4338216e-04 9.9769801e-01 6.1574369e-04 7.7778896e-06 1.3135769e-04
 3.4636096e-04 7.6786074e-04 1.0716115e-04 8.2397775e-05] [3.8850845e-03 9.7188967e-01 1.8993166e-03 1.1475409e-03 3.8382621e-03
 1.1121366e-02 2.3653521e-03 3.3711735e-03 4.8224730e-04] [4.18040407e-04 3.40529718e-04 1.31535606e-04 1.19621970e-03
 4.72196098e-03 9.65989232e-01 1.41546475e-02 2.14906898e-03
 1.08987698e-02] [6.0882526e-06 6.1409496e-06 5.4214888e-06 1.2235020e-04 2.3755549e-05
 3.9417428e-04 9.9925739e-01 3.5701622e-05 1.4890707e-04] [2.5161627e-05 5.6923604e-05 1.9104842e-05 2.3193499e-03 5.3230855e-05
 1.0518127e-03 2.7415701e-04 6.9107984e-05 9.9613118e-01] [5.5052614e-04 5.9462182e-04 2.6913761e-04 1.4969868e-04 5.4389128e-04
 1.6765689e-03 3.0040715e-04 9.9583888e-01 7.6243006e-05] [0.00307649 0.00250607 0.00096801 0.18012555 0.03475044 0.12412886
 0.11539704 0.0158157  0.5232318 ] [0.0632994  0.36588982 0.19553378 0.00202289 0.03416382 0.09008237
 0.19970702 0.02787072 0.02143021] [6.9600574e-05 4.0231258e-04 1.8161893e-04 7.8454996e-06 3.7564674e-05
 9.9049706e-05 2.1958693e-04 9.9814487e-01 8.3751761e-04] [7.5850141e-05 7.6506665e-05 6.7543297e-05 1.0261128e-03 2.9595708e-04
 1.7962502e-02 5.4540217e-04 4.4478656e-04 9.7950530e-01] [1.6171027e-05 1.3172690e-05 5.0881822e-06 4.6273250e-05 1.8265925e-04
 8.9583610e-04 5.4754311e-04 9.9796790e-01 3.2537602e-04] [4.9498340e-04 2.4719839e-03 9.7547203e-01 1.8704202e-02 2.6715148e-04
 6.4250262e-04 1.5616530e-03 2.1794125e-04 1.6757821e-04] [9.6431136e-01 3.7698040e-03 3.1151408e-02 4.0497234e-06 7.1241098e-05
 1.7293180e-04 4.1644482e-04 5.8118236e-05 4.4687957e-05] [1.3629026e-06 1.3746993e-06 1.2136412e-06 2.7389044e-05 5.3178587e-06
 9.3034469e-04 9.9815518e-01 7.9920856e-06 8.6981460e-04] [1.1921126e-05 9.7107741e-06 3.7509594e-06 2.7124715e-05 9.9665809e-01
 2.5995001e-03 2.1128909e-04 6.1284263e-05 4.1733269e-04] [2.9483463e-03 6.2439445e-02 4.3176622e-03 3.9220718e-04 1.5912759e-03
 4.0341010e-03 2.6775625e-02 1.2981571e-03 8.9620322e-01] [8.8967035e-06 8.9737096e-06 7.9223673e-06 2.2641495e-04 3.4713747e-05
 2.4550804e-03 9.9490190e-01 5.2170428e-05 2.3038713e-03] [1.4854751e-04 5.7109195e-04 3.2723796e-02 9.6597397e-01 5.3323918e-05
 1.4060334e-04 3.1170869e-04 4.3501463e-05 3.3448909e-05] [1.2933199e-03 3.0098751e-02 9.1831237e-01 4.4939112e-02 5.6880078e-04
 9.8368851e-04 3.2451942e-03 4.6402565e-04 9.4747345e-05] [3.59399215e-04 1.13841066e-04 2.71474983e-05 1.40792166e-04
 9.97113824e-01 4.49804880e-04 8.04277079e-05 2.69169741e-05
 1.68788515e-03] [7.0097190e-06 6.7962042e-06 2.2055947e-06 3.2615866e-05 7.9178033e-05
 3.9382980e-04 2.3734559e-04 9.9891317e-01 3.2791417e-04] [0.00075433 0.00076086 0.00067172 0.01919713 0.00294328 0.53169066
 0.10738572 0.00442339 0.33217293] [6.5646520e-05 2.0764307e-04 8.7290413e-05 2.0494778e-04 3.5430603e-05
 1.8346407e-03 9.9720639e-01 2.8904158e-05 3.2914605e-04] [5.3730470e-05 1.0005563e-04 2.3860104e-05 1.8717807e-04 1.2437490e-04
 9.9854600e-01 6.3095569e-05 2.3657522e-05 8.7807747e-04] [1.8775237e-06 1.6996423e-06 5.3821615e-05 9.9971443e-01 6.5748668e-06
 1.5162643e-04 2.1209889e-05 9.8812052e-06 3.8797174e-05] [2.0098237e-06 2.0108311e-05 9.9975449e-01 2.1512700e-04 1.6179911e-06
 3.8966168e-06 9.9709678e-07 1.4210932e-06 2.9890288e-07] [8.2559325e-04 4.7721812e-03 9.8950762e-01 2.6383910e-05 4.4558742e-04
 1.1749151e-03 2.6047125e-03 3.6350862e-04 2.7950711e-04] [8.1044942e-04 4.0474446e-03 9.6169537e-01 2.8769204e-02 4.3741424e-04
 1.0519869e-03 2.5569354e-03 3.5684099e-04 2.7438035e-04] [9.90127325e-01 9.79082938e-03 2.80515942e-05 2.90207339e-07
 4.90119737e-06 1.29233695e-05 2.86502946e-05 3.99837927e-06
 3.07441223e-06] [3.36245539e-05 6.76088617e-04 9.98298109e-01 8.34021310e-04
 1.47880537e-05 3.55654811e-05 8.64446047e-05 1.20640425e-05
 9.27621750e-06] [2.7631092e-04 3.5521408e-04 1.3508108e-04 8.1614206e-05 2.7298086e-04
 7.9096225e-04 1.6822612e-04 9.9788529e-01 3.4297856e-05] [9.9963844e-01 1.5474966e-04 5.5971992e-05 8.5556366e-07 1.4449277e-05
 3.8099501e-05 7.6563403e-05 1.1787669e-05 9.0637113e-06] [1.5267639e-03 1.2436799e-03 4.8039353e-04 2.4865286e-02 1.7245509e-02
 6.9800526e-01 3.5962608e-02 7.8488123e-03 2.1282168e-01] [4.5871871e-05 4.6268920e-05 1.1459141e-04 9.8273188e-01 1.7898591e-04
 9.7933523e-03 3.2984276e-04 2.6899349e-04 6.4902590e-03] [2.3477939e-04 1.3570965e-03 9.9701631e-01 7.4091768e-06 1.2671463e-04
 3.3411835e-04 7.4071955e-04 1.0337335e-04 7.9485268e-05] [5.9429503e-06 5.9943959e-06 5.2921000e-06 9.4091156e-05 2.3188599e-05
 4.9492042e-04 4.2732932e-05 5.5515151e-02 9.4381267e-01] [9.5208897e-04 1.1049155e-03 7.1916700e-05 3.7297423e-04 9.9352163e-01
 1.9331363e-03 3.2342170e-04 7.1306153e-05 1.6485881e-03] [1.9928681e-05 2.0101175e-05 1.7746162e-05 4.0048902e-04 7.7759047e-05
 9.7702253e-01 9.2565063e-03 1.1686214e-04 1.3068029e-02] [0.02667417 0.08437165 0.03546875 0.08327647 0.01439653 0.6381367
 0.05287698 0.01174464 0.05305415] [5.2910920e-05 9.9706984e-01 2.5817344e-03 1.3228012e-06 2.3270182e-05
 5.6486417e-05 1.8078377e-04 1.8983730e-05 1.4596867e-05] [4.73417895e-05 8.81587766e-05 2.10230846e-05 1.64922327e-04
 1.09586435e-04 1.68121900e-04 8.41289148e-05 2.08445872e-05
 9.99295831e-01] [4.5311000e-04 9.8761845e-01 1.3996712e-03 1.4480276e-05 2.4455166e-04
 8.3191982e-03 9.4466005e-04 1.9950439e-04 8.0636935e-04] [6.8588806e-06 3.4890995e-06 1.1713830e-03 9.9845970e-01 4.2517099e-06
 3.4040958e-04 2.6449391e-06 3.7343079e-06 7.5244548e-06] [0.00451161 0.10499635 0.8676271  0.00160215 0.0019842  0.00481649
 0.01159879 0.00161871 0.00124465] [4.2507996e-05 4.2875890e-05 3.7852635e-05 8.5424510e-04 1.6586036e-04
 9.9709022e-01 5.3505006e-04 2.4926741e-04 9.8213879e-04] [0.00465529 0.00469559 0.00414546 0.0935533  0.01816432 0.5855057
 0.0585964  0.02729872 0.20338525] [4.0232303e-04 2.2143747e-04 8.0045756e-05 9.0331881e-04 1.2053864e-03
 9.9550182e-01 1.6247253e-04 3.4910458e-04 1.1740795e-03] [2.1038673e-05 2.1220776e-05 1.8734576e-05 4.2279557e-04 8.2090010e-05
 8.3865359e-04 9.9187136e-01 1.2337115e-04 6.6008158e-03] [4.2398792e-04 2.4507795e-03 1.3097115e-03 7.6157648e-06 9.9395257e-01
 3.3745446e-04 1.3055719e-03 1.8668183e-04 2.5630239e-05] [9.9936372e-01 2.4856196e-04 1.3283301e-04 1.3742221e-06 2.3208691e-05
 6.1196115e-05 1.3566803e-04 1.8933570e-05 1.4558296e-05] [0.00120785 0.00121831 0.00107557 0.5722482  0.00471288 0.15191421
 0.01520331 0.00708287 0.24533673] [1.4606852e-04 1.0678807e-04 8.6314823e-05 9.8496729e-01 1.4807777e-03
 5.6965207e-03 4.4388119e-03 6.7393470e-04 2.4035210e-03] [1.3736286e-03 9.8893201e-01 3.4994958e-03 3.6203975e-05 6.1143475e-04
 1.6122161e-03 2.4193185e-03 4.9880624e-04 1.0168749e-03] [1.9173902e-03 9.8455065e-01 4.8847958e-03 5.0535578e-05 8.5347542e-04
 2.2504253e-03 3.3770227e-03 6.9626223e-04 1.4194121e-03] [5.1515386e-04 5.1961286e-04 4.5873586e-04 8.9969283e-01 2.0100607e-03
 6.4791948e-02 6.4842650e-03 3.0208703e-03 2.2506567e-02] [8.0749960e-05 1.8792511e-03 9.9777019e-01 2.0187924e-06 3.5513742e-05
 6.3106701e-05 1.2831956e-04 2.8971983e-05 1.1893730e-05] [2.6374319e-04 9.7769815e-01 2.0788532e-02 6.5937206e-06 1.1599405e-04
 2.8156585e-04 6.7805144e-04 9.4627547e-05 7.2760493e-05] [9.9962318e-01 3.5312091e-04 1.8599894e-06 1.1237810e-06 3.7587872e-06
 1.0891087e-05 2.3163752e-06 3.3013700e-06 4.7226189e-07] [4.9093313e-05 3.9990686e-05 2.2658978e-05 1.5663670e-02 5.5453181e-04
 1.4673317e-03 1.1563828e-03 1.7702103e-02 9.6334422e-01] [0.00241763 0.00196936 0.0007607  0.00661236 0.02730822 0.65318537
 0.08185969 0.01242858 0.21345809] [1.39140480e-04 7.65825025e-05 2.76832252e-05 8.37392115e-04
 4.16874245e-04 4.56275215e-04 1.02691396e-04 1.20735262e-04
 9.97822642e-01] [3.1161343e-04 5.8027927e-04 1.3837828e-04 1.0855522e-03 7.2132051e-04
 1.1066123e-03 5.5375358e-04 9.9206889e-01 3.4336648e-03] [1.1325598e-03 9.8865438e-01 3.4985135e-03 3.6193815e-05 6.1126309e-04
 1.6117635e-03 3.5731811e-03 4.9866625e-04 3.8343173e-04] [6.8060006e-04 5.5440678e-04 2.1414949e-04 1.1084431e-02 7.6876907e-03
 8.8915223e-01 1.6031396e-02 3.4988401e-03 7.1096219e-02] [4.0190214e-05 1.5130558e-04 5.3441119e-05 1.2547345e-04 2.1691398e-05
 1.1232073e-03 1.4383311e-04 9.9813938e-01 2.0151050e-04] [1.1325598e-03 9.8865438e-01 3.4985135e-03 3.6193815e-05 6.1126309e-04
 1.6117635e-03 3.5731811e-03 4.9866625e-04 3.8343173e-04] [4.2238286e-01 5.7614225e-01 4.8341067e-04 4.1420803e-06 8.4461906e-05
 4.0058556e-04 2.4786702e-04 6.8903719e-05 1.8550234e-04] [9.9958724e-01 1.5474173e-04 4.7254405e-05 6.0766946e-05 1.4448537e-05
 3.8097551e-05 7.6559481e-05 1.1787065e-05 9.0632466e-06] [3.5384684e-04 8.2348939e-03 9.8757172e-01 8.8463612e-06 2.3186253e-03
 3.7775838e-04 9.0969692e-04 1.2695554e-04 9.7617958e-05] [1.8530950e-04 4.1922924e-04 2.6908531e-04 9.8411512e-01 3.9203279e-04
 7.7463579e-03 2.0191043e-03 5.0896418e-04 4.3448471e-03] [9.9963701e-01 3.4016755e-04 1.7917606e-06 1.0825579e-06 3.6209058e-06
 1.0491576e-05 2.2314050e-06 3.1802676e-06 4.5493817e-07] [2.89081450e-04 9.60206497e-04 1.92626119e-01 8.05014908e-01
 1.03771104e-04 2.49570992e-04 6.06601534e-04 8.46561015e-05
 6.50933071e-05] [6.3493212e-06 6.4042842e-06 5.6539657e-06 9.3078357e-05 2.4774203e-05
 9.8687211e-05 9.9970287e-01 3.7232534e-05 2.4918292e-05] [3.0964138e-03 9.9195963e-01 1.3325107e-03 1.3940680e-05 2.8426689e-04
 1.3482205e-03 1.1087072e-03 2.3190393e-04 6.2433124e-04] [1.5511383e-04 9.9699319e-05 3.0729836e-05 2.1043637e-04 9.9568295e-01
 1.7584387e-03 4.9777166e-04 1.1160120e-04 1.4532966e-03] [5.2605881e-03 1.2308199e-05 4.7542653e-06 2.4608179e-04 1.7067190e-04
 1.6128516e-04 9.9288756e-01 7.7676559e-05 1.1791027e-03] [4.77977919e-05 2.63077582e-05 1.14203513e-05 1.07318396e-04
 9.99359310e-01 2.47535849e-04 1.93024607e-05 4.14751921e-05
 1.39486001e-04] [8.3836132e-01 1.6075416e-01 2.1411835e-04 1.8635827e-04 4.4310305e-05
 1.1683645e-04 2.5901900e-04 3.6148191e-05 2.7794869e-05] [4.5687900e-04 2.6409002e-03 1.4113131e-03 8.2065617e-06 2.4658575e-04
 3.6363248e-04 1.4068516e-03 9.9343795e-01 2.7618518e-05] [6.0779930e-06 6.1306018e-06 5.4123529e-06 1.2214403e-04 2.3715518e-05
 2.0906746e-03 9.9757355e-01 3.5641460e-05 1.3667630e-04] [6.1221726e-05 1.1400578e-04 2.7186778e-05 2.1327518e-04 9.9855655e-01
 2.1741282e-04 1.0879431e-04 2.6955919e-05 6.7460217e-04] [3.8074195e-05 6.1781066e-05 1.0214912e-05 6.4531702e-04 1.8600342e-04
 2.0760901e-03 9.9662977e-01 1.1864382e-04 2.3402994e-04] [1.6171027e-05 1.3172690e-05 5.0881822e-06 4.6273250e-05 1.8265925e-04
 8.9583610e-04 5.4754311e-04 9.9796790e-01 3.2537602e-04] [2.8102682e-04 1.4034688e-03 9.8920280e-01 7.4907448e-03 1.5167521e-04
 3.6478104e-04 8.8662852e-04 1.2373610e-04 9.5142488e-05] [1.3880269e-04 1.4000411e-04 1.2360151e-04 2.7893942e-03 5.4158946e-04
 1.7457500e-02 1.7471163e-03 9.7253090e-01 4.5311325e-03] [7.5452255e-05 1.4050542e-04 3.3506105e-05 2.6284915e-04 1.7465632e-04
 2.3503508e-03 9.9609804e-01 3.3221619e-05 8.3140749e-04] [1.3464420e-04 2.0230007e-05 9.9769896e-01 1.9985659e-03 2.1417132e-05
 9.1921531e-05 6.2275353e-06 1.8810821e-05 9.1899037e-06] [1.36086659e-04 2.83122499e-04 1.21182806e-04 1.00229243e-02
 5.30991412e-04 4.14008275e-03 9.38061357e-01 7.98014284e-04
 4.59062718e-02] [4.2380908e-04 2.4497458e-03 1.3091591e-03 1.3543886e-05 9.9353337e-01
 6.0312956e-04 1.3371002e-03 1.8660309e-04 1.4348184e-04] [2.3531873e-06 1.9168717e-06 7.4042657e-07 6.7336318e-06 2.6580345e-05
 9.9932873e-01 2.4453556e-04 1.2097303e-05 3.7636783e-04] [0.0632994  0.36588982 0.19553378 0.00202289 0.03416382 0.09008237
 0.19970702 0.02787072 0.02143021] [6.9421362e-06 5.6549616e-06 2.1843316e-06 3.2301410e-05 7.8414654e-05
 3.9003274e-04 2.3505749e-04 9.9900681e-01 2.4265482e-04] [2.0925270e-05 2.1106369e-05 1.8633591e-05 4.2051639e-04 8.1647529e-05
 9.8361450e-01 4.2424747e-03 1.2270604e-04 1.1457506e-02] [5.0322698e-05 5.0758321e-05 4.4811535e-05 7.3770946e-04 1.9635241e-04
 9.9783403e-01 6.0764037e-04 2.9509322e-04 1.8328312e-04] [7.8557496e-05 1.4628806e-04 3.4885084e-05 2.7366696e-04 1.8184449e-04
 2.7897622e-04 1.3960089e-04 9.9800056e-01 8.6562498e-04] [3.3769757e-05 3.4062054e-05 3.0071413e-05 6.7864079e-04 1.3176507e-04
 3.3962864e-03 4.2506144e-04 1.9802645e-04 9.9507231e-01] [1.38318619e-05 1.12672415e-05 4.95249924e-06 1.54159003e-04
 2.16608911e-04 2.89486226e-04 9.97362673e-01 7.11070606e-05
 1.87594595e-03] [6.0882526e-06 6.1409496e-06 5.4214888e-06 1.2235020e-04 2.3755549e-05
 3.9417428e-04 9.9925739e-01 3.5701622e-05 1.4890707e-04] [9.9976283e-01 9.5036339e-05 3.4374058e-05 5.2542640e-07 8.8737197e-06
 1.9959360e-05 6.5577362e-05 7.2391495e-06 5.5662872e-06] [3.2528108e-01 6.7162579e-01 1.0595595e-03 1.0961658e-05 1.8512709e-04
 4.8813864e-04 1.0821733e-03 1.5102603e-04 1.1612610e-04] [9.1799984e-06 4.5845616e-05 9.9701142e-01 2.8805507e-03 4.9546138e-06
 1.1915906e-05 2.8962546e-05 4.0419568e-06 3.1079194e-06] [4.9954797e-05 5.0387229e-05 4.4483921e-05 1.2713162e-03 1.9491691e-04
 3.0870559e-03 2.9344665e-04 2.9293582e-04 9.9471551e-01] [2.59818335e-05 1.89948350e-05 2.25211588e-05 9.96858001e-01
 2.63392081e-04 1.57198287e-03 7.91310798e-04 1.19875556e-04
 3.27889284e-04] [8.0427395e-05 3.8716000e-05 1.4956883e-05 8.4396714e-04 2.4096591e-04
 1.7403070e-03 5.9920607e-05 9.9160141e-01 5.3792899e-03] [0.6270092  0.10240059 0.23300052 0.00204329 0.00711881 0.01730397
 0.00397665 0.0062525  0.00089442] [2.2229383e-04 6.6618074e-04 8.0533110e-04 6.0840179e-05 9.0703840e-04
 4.0918705e-04 6.1627342e-03 9.7214925e-01 1.8617131e-02] [4.4289951e-05 9.3175200e-05 1.1107453e-02 9.8638803e-01 1.5898693e-05
 7.5089297e-04 1.0542247e-04 1.2970097e-05 1.4818039e-03] [6.7813658e-06 6.8400623e-06 5.3877995e-04 9.9822181e-01 2.6459982e-05
 7.7793875e-04 8.5357351e-05 3.9766048e-05 2.9627117e-04] [8.4154504e-05 5.7415350e-04 4.4878503e-05 1.0966975e-04 9.9792814e-01
 6.2088488e-04 2.3043485e-04 3.7053218e-05 3.7059706e-04] [5.4140936e-04 5.8477506e-04 2.6468083e-04 2.2134278e-04 5.3488434e-04
 1.5498279e-03 3.2962591e-04 9.9582136e-01 1.5214119e-04] [0.01161575 0.03674118 0.01544551 0.03626427 0.00626923 0.78873867
 0.04157056 0.00511442 0.05824043] [2.7629026e-04 3.5518757e-04 1.3507099e-04 1.1295489e-04 2.7296046e-04
 7.9090317e-04 1.6821356e-04 9.9781078e-01 7.7640238e-05] [0.00853242 0.00691761 0.00207211 0.01863125 0.00842959 0.9323726
 0.00524395 0.00740376 0.01039666] [9.9978608e-01 9.1551134e-05 3.3113476e-05 5.0615830e-07 8.5483080e-06
 2.2539969e-05 4.5295517e-05 6.9736793e-06 5.3621634e-06] [8.9450506e-05 6.9340465e-05 2.1372456e-05 1.6126831e-04 9.9769944e-01
 5.8887195e-04 3.2802086e-04 7.7618177e-05 9.6458057e-04] [2.2495259e-04 1.4183630e-04 1.2897603e-04 1.2079328e-04 5.1385170e-04
 4.0674236e-04 9.3527688e-03 3.2202568e-04 9.8878807e-01] [8.2215796e-05 8.2927429e-05 7.3211748e-05 2.0923354e-03 9.6236140e-01
 5.0806841e-03 4.8295522e-04 4.8211493e-04 2.9262170e-02] [2.0925270e-05 2.1106369e-05 1.8633591e-05 4.2051639e-04 8.1647529e-05
 9.8361450e-01 4.2424747e-03 1.2270604e-04 1.1457506e-02] [6.8317997e-01 2.1370529e-04 5.0961957e-05 3.9978724e-04 2.6564798e-04
 4.3881251e-03 3.1118241e-01 5.0529266e-05 2.6883624e-04] [6.8216206e-05 9.3349132e-05 2.4535806e-05 2.3814973e-03 1.5790638e-04
 7.1225287e-03 9.8983848e-01 3.0035591e-05 2.8342623e-04] [1.09066445e-04 6.30437338e-04 9.98489499e-01 1.27851803e-04
 5.88651055e-05 1.55214060e-04 3.44100088e-04 4.80219460e-05
 3.69247718e-05] [1.3638160e-06 1.3756205e-06 1.2144544e-06 2.7407397e-05 5.3214221e-06
 1.8454769e-04 9.9882406e-01 7.9974416e-06 9.4668806e-04] [5.3064129e-04 5.7314453e-04 2.5941659e-04 1.4429170e-04 5.2424613e-04
 1.6160118e-03 2.8955663e-04 9.9598926e-01 7.3489166e-05] [3.2818252e-06 2.3992836e-06 2.1700234e-04 9.9945623e-01 3.3269691e-05
 9.5019350e-05 9.9729863e-05 1.5141771e-05 7.7885248e-05] [1.1110795e-05 5.5488159e-05 9.9967039e-01 1.9890280e-04 5.9967001e-06
 1.4422136e-05 3.5054130e-05 4.8920870e-06 3.7615966e-06] [9.9834430e-01 2.5184662e-04 7.7150624e-05 6.8871719e-05 2.3035998e-04
 6.6746847e-04 1.2868183e-04 2.0232682e-04 2.8942910e-05] [4.0453323e-03 9.8946953e-01 2.1255794e-03 1.8212922e-05 3.7138295e-04
 1.7613926e-03 1.0898825e-03 3.0297291e-04 8.1566256e-04] [1.3790918e-04 1.4895549e-04 6.7420202e-05 4.0734398e-05 9.9883801e-01
 3.9477632e-04 2.3537957e-04 1.1966683e-04 1.7118375e-05] [0.07535827 0.3611794  0.19301651 0.00199685 0.033724   0.08892266
 0.19713601 0.02751192 0.02115432] [7.4473965e-06 7.5118655e-06 6.6317848e-06 1.0074958e-04 2.9058747e-05
 9.0787676e-04 9.9845028e-01 4.3671669e-05 4.4675605e-04] [9.9989569e-01 1.5859468e-05 4.8583852e-06 4.3370360e-06 1.4506394e-05
 4.2032287e-05 8.1034386e-06 1.2741071e-05 1.8226121e-06]",1 3 5 5 7 4 5 5 3 1 0 3 8 4 8 4 3 5 8 1 0 1 6 0 3 4 1 1 5 7 2 8 8 3 7 4 6 3 4 1 2 0 1 3 0 8 3 8 4 4 6 2 2 2 1 4 3 4 0 5 0 8 2 2 5 7 0 1 8 6 3 6 3 6 4 7 2 7 1 0 4 6 2 1 2 1 1 5 6 8 7 5 0 7 8 7 2 0 6 4 8 6 3 3 4 7 8 6 5 3 2 2 2 0 2 7 0 5 3 2 8 4 5 8 1 8 1 3 2 5 8 5 6 4 0 8 3 1 1 3 2 1 0 8 5 8 7 1 5 7 1 1 0 2 3 0 3 6 1 4 6 4 0 7 6 4 6 7 2 7 6 2 6 4 5 8 7 5 5 7 8 6 6 0 0 2 8 5 7 0 7 3 3 4 7 5 7 5 0 4 8 4 5 6 6 2 6 7 3 2 0 1 4 7 6 0
1468,0,xgboost,0.02,2000,2000,0.8472222222222222,0.9862557870370369,"[1.7794567e-03 1.5716552e-03 9.0659916e-04 5.2665696e-03 3.5862827e-03
 9.6996194e-01 2.1569873e-03 4.3529980e-03 1.0417561e-02] [0.12908396 0.32032812 0.0439187  0.03384927 0.01738044 0.05074609
 0.01823269 0.0438265  0.3426342 ] [5.8692636e-05 7.5089854e-05 4.9603661e-04 9.9844021e-01 6.6479122e-05
 2.2621242e-04 7.5277283e-05 3.5760511e-04 2.0441948e-04] [0.01440591 0.00857359 0.9350473  0.00460288 0.01448549 0.00351433
 0.00952723 0.00258578 0.00725743] [1.0257622e-04 9.7995850e-05 4.9528124e-05 1.6001588e-03 6.3622305e-05
 1.6951002e-04 9.9672252e-01 3.5601936e-04 8.3809945e-04] [0.00349896 0.01353332 0.8175004  0.14527951 0.0048737  0.00584194
 0.00349674 0.0042884  0.00168704] [0.00406704 0.00199245 0.00518033 0.00375494 0.00274777 0.00525385
 0.00380859 0.0029856  0.9702094 ] [2.7362455e-04 9.9629980e-01 2.8756011e-04 1.6180873e-04 2.2484378e-04
 2.9188080e-04 2.8994263e-04 1.5322235e-03 6.3828763e-04] [2.8920206e-04 5.8308395e-04 1.5499006e-03 3.1263396e-04 4.1764308e-04
 6.3090771e-04 3.5306354e-04 9.9484915e-01 1.0143706e-03] [7.4921074e-05 1.5912697e-04 1.7688001e-04 2.0345976e-04 9.9848819e-01
 1.5795852e-04 9.3466297e-05 2.1055444e-04 4.3539837e-04] [4.4687989e-04 8.7347504e-04 1.3092173e-03 9.8945468e-04 9.9201339e-01
 1.8863571e-03 5.0553150e-04 1.3798227e-03 5.9582532e-04] [0.02346344 0.00611485 0.00673002 0.8920518  0.0180198  0.00501837
 0.01871735 0.00371951 0.02616482] [0.8177842  0.06072991 0.09860911 0.00269657 0.00210672 0.00168336
 0.00634404 0.00342619 0.0066199 ] [0.00927731 0.02394544 0.02947751 0.01450275 0.0112604  0.02448807
 0.0114087  0.01296147 0.8626783 ] [9.9725360e-01 2.8472577e-04 3.4827043e-04 1.4996354e-04 1.2208088e-04
 7.4742816e-04 1.1819762e-04 7.0317743e-05 9.0545218e-04] [0.1529715  0.0433302  0.11042134 0.21984361 0.10994133 0.21580051
 0.02939606 0.01601314 0.10228227] [0.00204605 0.00228177 0.00163153 0.9288598  0.00160306 0.03089961
 0.00207836 0.02108555 0.00951423] [0.16531466 0.00723559 0.00478561 0.81362814 0.00146868 0.00261398
 0.00153663 0.00191601 0.00150066] [1.20686054e-04 3.31200077e-04 7.55142304e-04 1.04137708e-03
 1.80652612e-04 5.61378547e-04 1.65233185e-04 9.96120334e-01
 7.23995559e-04] [0.01248022 0.06285033 0.01547681 0.01779173 0.0184556  0.01179179
 0.04719432 0.7926244  0.0213348 ] [2.8184566e-03 9.7285789e-01 1.6952934e-02 2.3436616e-03 1.3645085e-03
 5.3094630e-04 2.8001968e-04 3.7066310e-04 2.4809600e-03] [9.1150403e-04 9.8851436e-01 4.8452662e-03 6.0452631e-04 3.3593798e-04
 1.2564971e-03 1.6737686e-03 3.2788570e-04 1.5302767e-03] [2.2022039e-05 4.9702780e-05 2.4833967e-05 2.4067599e-04 5.9463528e-05
 1.0000543e-03 9.9806398e-01 1.7475922e-04 3.6445929e-04] [0.00872648 0.01858476 0.09906569 0.02384887 0.02047545 0.03234453
 0.01264975 0.0211178  0.76318663] [9.9665689e-01 5.2435469e-04 5.0878647e-04 6.5464439e-04 1.3700634e-04
 1.1362921e-03 1.2133829e-04 1.5362797e-04 1.0704566e-04] [2.0998825e-04 4.0457814e-04 1.8399781e-04 5.5664306e-04 9.9244153e-01
 2.5892002e-03 8.3416834e-04 6.2163942e-04 2.1582060e-03] [2.6714240e-04 2.1793072e-04 9.6101326e-01 2.9819082e-02 2.7289914e-04
 1.7838374e-04 1.6224686e-04 7.2612613e-03 8.0779922e-04] [3.6802597e-04 4.0983420e-04 4.4177778e-04 5.1788439e-04 9.9643695e-01
 2.1188623e-04 1.0957216e-03 3.0475445e-04 2.1319909e-04] [0.0044484  0.00769572 0.00247168 0.03040459 0.00472932 0.01529613
 0.00644049 0.6660414  0.26247233] [6.7436765e-04 9.9428374e-01 1.8660633e-03 8.8222115e-04 5.5353518e-04
 3.5547899e-04 2.9292793e-04 5.8062485e-04 5.1106000e-04] [1.5350390e-04 9.1114991e-05 1.2537959e-04 1.0164564e-04 1.8789942e-04
 4.9422210e-04 2.5148760e-04 9.9839669e-01 1.9804048e-04] [0.00725972 0.00367439 0.01027502 0.01308157 0.02548889 0.12921129
 0.00543722 0.00686311 0.79870874] [5.8182282e-04 5.7320436e-04 3.8071524e-04 3.1547414e-04 9.9513006e-01
 2.5089481e-04 2.1963952e-04 1.5318226e-03 1.0164323e-03] [0.00307455 0.00532799 0.00347913 0.00667323 0.0149234  0.00377209
 0.00156292 0.00325248 0.9579342 ] [9.9835265e-01 9.1344569e-05 6.6875177e-04 2.8035080e-04 7.5812146e-05
 1.4418607e-04 1.5211811e-04 9.6081159e-05 1.3872338e-04] [0.0112469  0.02346812 0.02913857 0.630055   0.00859077 0.159844
 0.0367193  0.02143114 0.07950623] [0.0130273  0.01733208 0.06238212 0.80439156 0.00640284 0.02494962
 0.04365046 0.00894302 0.01892098] [9.9186498e-01 7.2407356e-04 3.5159148e-03 2.2065459e-04 3.9693329e-04
 3.6178672e-04 2.4737634e-03 3.1266763e-04 1.2918282e-04] [0.02599889 0.17847891 0.40332556 0.06608826 0.05894905 0.04805011
 0.0248439  0.04146519 0.15280008] [0.00918664 0.01077198 0.01629612 0.83077246 0.00893947 0.06606752
 0.00525232 0.02312168 0.02959174] [0.00676559 0.01325468 0.01135099 0.01356653 0.01699675 0.07167624
 0.01251894 0.02374122 0.8301291 ] [1.7704999e-04 1.1368667e-03 9.5306901e-04 3.0448078e-03 3.0592547e-04
 3.1281745e-03 4.8347304e-04 9.8316574e-01 7.6048942e-03] [2.7803930e-03 2.5096366e-03 9.7723126e-01 1.0245984e-02 1.0355195e-03
 1.3491386e-03 7.7061862e-04 7.1788154e-04 3.3595113e-03] [2.2952049e-03 1.6967639e-04 3.2717275e-04 2.0785777e-04 9.9600852e-01
 2.0152819e-04 1.7088393e-04 1.5663316e-04 4.6256123e-04] [2.18081215e-04 9.98396218e-01 3.89833614e-04 6.72645401e-05
 1.17612435e-04 4.20794277e-05 6.76416894e-05 9.58510500e-05
 6.05372246e-04] [8.8925197e-05 1.4469606e-03 7.8551697e-05 2.5670993e-04 3.7836595e-04
 4.8147276e-04 9.9620771e-01 5.3779004e-05 1.0075613e-03] [0.02189692 0.03109794 0.03043471 0.0303335  0.01848993 0.06506336
 0.02855626 0.34333244 0.4307949 ] [9.8955333e-01 1.1473201e-03 3.4844232e-04 3.4156209e-04 2.1633669e-04
 1.5452740e-03 3.6200874e-03 1.5876731e-03 1.6399110e-03] [1.4416817e-04 9.9821341e-01 4.3060715e-04 3.3831233e-04 7.1382230e-05
 6.9246096e-05 3.2167853e-04 2.7544497e-04 1.3572683e-04] [8.4316387e-04 1.2750045e-03 7.0926058e-04 2.4393471e-03 8.2369643e-04
 9.7431076e-01 3.7839403e-03 2.2540856e-03 1.3560754e-02] [0.05468502 0.01458847 0.0222518  0.06531626 0.01190181 0.31780472
 0.02155412 0.01029763 0.4816001 ] [8.6047636e-05 3.4983639e-04 9.9763346e-01 8.8242954e-04 1.2512898e-04
 3.2670266e-04 2.7471350e-04 8.2618964e-05 2.3911241e-04] [1.6889932e-03 9.8871207e-01 2.2556491e-03 1.0125746e-03 5.5880216e-04
 4.1160281e-04 5.4580695e-04 2.7565353e-03 2.0579484e-03] [0.00948087 0.00972303 0.01570345 0.06625202 0.04809979 0.04859278
 0.00878691 0.00678854 0.7865726 ] [2.7074828e-04 2.4069965e-04 9.8630917e-05 7.4894010e-04 9.9657273e-01
 1.1154497e-03 2.3892151e-04 4.1874903e-04 2.9518743e-04] [0.01915575 0.00769129 0.00472623 0.01186219 0.00647427 0.01361059
 0.00420159 0.9172031  0.01507497] [1.6286391e-03 8.7151915e-04 2.1512741e-03 9.6197957e-01 9.1860420e-04
 7.0765973e-03 2.8967266e-03 7.5013301e-04 2.1726903e-02] [3.3822213e-04 6.5205153e-04 9.9456006e-01 9.4570947e-04 1.5409438e-04
 9.2479073e-05 1.7784748e-04 2.5455114e-03 5.3404720e-04] [0.03210299 0.02722068 0.02658635 0.09949459 0.01356511 0.4716973
 0.02403646 0.01910323 0.28619325] [0.7309912  0.00589422 0.12962984 0.04641724 0.00335754 0.00937933
 0.0255406  0.04351812 0.00527193] [0.03383866 0.04248918 0.31821772 0.02526151 0.05031594 0.24935411
 0.08729951 0.12481219 0.06841116] [0.00917496 0.00827499 0.00906404 0.02385278 0.8449227  0.01341634
 0.01243445 0.07608412 0.00277565] [3.5556903e-04 2.7848486e-04 7.3855603e-04 2.8732078e-04 2.4393087e-04
 1.7620611e-04 2.1957120e-04 9.9747771e-01 2.2263051e-04] [3.1820574e-04 2.9635211e-04 3.6319380e-04 7.9291983e-04 3.6333755e-04
 2.3755233e-03 9.9454015e-01 4.6542438e-04 4.8487142e-04] [0.00281663 0.00929677 0.9448962  0.02726643 0.00227718 0.0037296
 0.00391725 0.00277087 0.00302903] [1.3197877e-03 9.8856109e-01 1.3430530e-03 4.1044250e-04 1.1288703e-03
 1.6318157e-03 1.0814524e-03 1.8531074e-03 2.6703700e-03] [0.05168086 0.8884374  0.0043559  0.00399766 0.00346946 0.01641142
 0.01213927 0.01531048 0.0041976 ] [0.00846559 0.00274101 0.00166279 0.01002579 0.00885626 0.02545738
 0.0074315  0.00444496 0.93091476] [6.0793577e-04 1.8212124e-04 3.3095479e-04 4.3495159e-04 1.8270141e-04
 1.7260037e-03 2.9614358e-04 9.9473625e-01 1.5029067e-03] [0.32395408 0.12870377 0.10256067 0.07404108 0.09062024 0.06506335
 0.08548976 0.09530047 0.03426654] [0.01746885 0.02947564 0.03247457 0.71143395 0.0170481  0.01855862
 0.01071899 0.03728066 0.12554063] [0.04587588 0.03718513 0.06067549 0.09660685 0.01311755 0.5238924
 0.03214846 0.02707157 0.16342662] [0.70360005 0.05513825 0.0572188  0.01457668 0.01590326 0.0503941
 0.01933656 0.03902446 0.04480791] [0.03367054 0.11666507 0.0180137  0.0104127  0.71288526 0.00908113
 0.01452997 0.02964257 0.05509905] [0.0034906  0.00482367 0.94040453 0.01764286 0.00581023 0.00270818
 0.00396381 0.01534403 0.00581205] [1.2167703e-03 1.0016545e-03 6.6790986e-04 1.2298727e-03 3.5309620e-04
 1.3602905e-03 9.9330115e-01 3.1692890e-04 5.5237964e-04] [7.4002263e-04 3.6422026e-04 1.8559968e-04 1.6283852e-03 2.7078841e-04
 3.1451171e-03 4.9370260e-04 9.9237084e-01 8.0127054e-04] [0.06933314 0.02309132 0.04256744 0.3711263  0.02031768 0.11771203
 0.16263041 0.01805811 0.17516357] [0.00534991 0.00465884 0.9375041  0.03214119 0.00364463 0.00585349
 0.00279213 0.00561172 0.00244392] [2.7074062e-04 2.2131119e-04 1.2143032e-03 5.2275090e-04 2.3424772e-04
 1.8030501e-04 1.1791540e-04 9.9699903e-01 2.3946613e-04] [0.03858584 0.02873903 0.02665942 0.16109645 0.0317636  0.09055043
 0.10188428 0.04695635 0.47376457] [0.01814344 0.02638213 0.05705564 0.01664719 0.01855219 0.24448326
 0.03722485 0.05436085 0.52715045] [9.9805188e-01 3.9439395e-04 3.3097345e-04 9.3024835e-05 7.9473335e-05
 6.3441333e-04 2.0990738e-04 1.0856296e-04 9.7406213e-05] [0.0029881  0.01805542 0.00232434 0.00809647 0.00263508 0.04110802
 0.90427905 0.00282877 0.01768477] [7.9801343e-03 9.7737074e-01 9.0072071e-03 8.3400978e-04 9.6091855e-04
 8.7124971e-04 7.3269295e-04 9.2577480e-04 1.3172087e-03] [9.9311030e-01 8.6599885e-04 1.5138906e-03 4.5554462e-04 6.4784026e-04
 6.5880234e-04 9.2071050e-04 1.1129581e-03 7.1400363e-04] [2.4280509e-04 3.4967868e-04 2.1147211e-03 9.9241966e-01 5.4274569e-04
 8.5753889e-04 9.0993627e-04 3.6075184e-04 2.2021013e-03] [5.9060164e-04 1.3777021e-03 3.8485173e-02 9.5017773e-01 7.7219395e-04
 1.8045525e-03 7.2589243e-04 4.3078186e-03 1.7583863e-03] [3.5999680e-04 2.0664332e-03 8.7520113e-04 2.6509485e-03 9.7712553e-01
 8.8495640e-03 3.3790909e-03 9.2084374e-04 3.7724068e-03] [3.92213318e-04 3.78385652e-03 9.31863760e-05 1.10138506e-04
 9.94039774e-01 2.40140551e-04 8.30272445e-04 2.49720702e-04
 2.60676548e-04] [2.6673961e-03 9.6405864e-01 1.4335863e-02 9.6797908e-04 9.6664048e-04
 6.1899895e-04 1.8124942e-03 2.0378742e-03 1.2534120e-02] [1.0548343e-04 2.5235163e-04 1.3202982e-04 1.1903071e-03 4.4457495e-04
 9.7123542e-05 9.9656123e-01 8.5427484e-05 1.1315005e-03] [0.02939469 0.34446734 0.33803734 0.01295072 0.02881613 0.12596078
 0.021247   0.04022394 0.05890203] [1.6337393e-03 1.3288464e-03 9.1251143e-04 1.3926126e-03 1.0033420e-03
 3.5193955e-04 7.6345052e-04 9.9188071e-01 7.3279085e-04] [8.9594623e-04 2.0848268e-03 1.6095227e-03 6.8558555e-04 8.8493247e-04
 9.8550296e-01 4.3345713e-03 3.2402778e-03 7.6137960e-04] [0.00503994 0.00630319 0.00452848 0.00321479 0.00579954 0.00273656
 0.00622315 0.9629465  0.00320783] [5.2257805e-05 8.7558932e-05 3.2182052e-05 6.0009192e-05 4.2175379e-05
 2.6600502e-04 9.9923384e-01 7.4354815e-05 1.5162540e-04] [9.9775249e-01 4.0940804e-04 3.4396251e-04 3.1521844e-04 1.4620386e-04
 2.0937245e-04 3.7273098e-04 2.4895178e-04 2.0170728e-04] [2.1365719e-04 2.9117127e-03 5.0423533e-04 2.3974017e-04 9.9342114e-01
 7.7712123e-04 3.8792822e-04 2.3727839e-04 1.3072497e-03] [0.00810766 0.02753844 0.04788985 0.85467285 0.01646556 0.00709544
 0.0245184  0.00317329 0.01053851] [0.03008649 0.04677969 0.03054404 0.04614808 0.05823471 0.32290393
 0.19086294 0.06313191 0.21130823] [5.6365191e-04 3.2743692e-04 1.4090490e-04 3.0186831e-04 2.0177961e-04
 9.9707901e-01 3.5473082e-04 2.0000267e-04 8.3066773e-04] [9.9617165e-01 1.5191309e-03 1.8262092e-04 2.5861332e-04 3.6524967e-04
 3.1615302e-04 2.8446919e-04 3.5872078e-04 5.4335379e-04] [0.01020172 0.25844482 0.1890858  0.05358771 0.04536574 0.01444952
 0.00852759 0.01330501 0.40703213] [1.1392787e-04 1.1034867e-04 1.1735223e-04 1.3741053e-03 2.2160666e-04
 8.9997466e-04 9.9401605e-01 1.0177024e-03 2.1288721e-03] [0.73230875 0.04631014 0.02004957 0.00990443 0.01449035 0.01092034
 0.08591139 0.01605385 0.06405119] [0.001994   0.00214424 0.0041719  0.06825802 0.00169209 0.00432951
 0.69099236 0.00930412 0.21711375] [9.9727976e-01 4.1499105e-04 1.3446678e-04 8.0299069e-05 5.7083722e-05
 1.3993072e-04 1.0326399e-03 1.2401100e-04 7.3676062e-04] [5.0916744e-04 1.1299412e-03 6.5588666e-04 1.1825173e-03 3.7471703e-04
 9.9503183e-01 3.1640686e-04 4.3655047e-04 3.6300792e-04] [0.00919562 0.02160748 0.01224047 0.02504615 0.01104088 0.03198247
 0.826383   0.01961263 0.04289129] [0.2010977  0.09397534 0.08238868 0.1807456  0.03729392 0.12919942
 0.04221037 0.18629065 0.0467983 ] [1.0028250e-04 4.7109701e-05 4.9611157e-05 1.9627975e-04 9.0029404e-05
 3.1073135e-04 9.9667740e-01 1.3237082e-03 1.2048548e-03] [0.01068478 0.00656225 0.02101702 0.00387792 0.07796563 0.00495697
 0.00681006 0.018952   0.8491733 ] [0.9613028  0.00905835 0.00577233 0.0029522  0.00699963 0.00494249
 0.00229922 0.00232083 0.00435211] [0.18421659 0.00956186 0.00768177 0.02307218 0.02978723 0.1007738
 0.03235621 0.05169395 0.56085646] [0.018376   0.03594728 0.00825816 0.02521242 0.02600233 0.47759384
 0.04135717 0.1226325  0.24462034] [6.7865908e-02 4.1342108e-03 3.7234396e-04 1.9199473e-03 3.5967957e-04
 1.7287262e-02 9.0496165e-01 8.5904094e-04 2.2399307e-03] [0.00229252 0.97419    0.00422041 0.00195628 0.00207274 0.00463256
 0.00262304 0.00406775 0.00394472] [1.5702010e-03 1.8396336e-03 1.0945839e-01 8.8143277e-01 1.0397802e-03
 1.0059290e-03 8.3932775e-04 2.2299865e-03 5.8399129e-04] [0.01692938 0.03275432 0.03420994 0.11347277 0.07579957 0.3697417
 0.01479019 0.00874443 0.3335577 ] [0.00439152 0.01807745 0.01462603 0.0130731  0.00889598 0.00474956
 0.00849556 0.91815674 0.00953408] [0.01459888 0.0279388  0.01201342 0.25704557 0.01822482 0.17268585
 0.04765867 0.04678103 0.403053  ] [1.5537933e-04 1.4475186e-04 2.6482789e-04 9.6726551e-04 7.6070653e-05
 3.4304301e-04 9.9739289e-01 3.3890127e-04 3.1687468e-04] [0.02000897 0.02037642 0.01390437 0.05069136 0.05605936 0.35345346
 0.03038081 0.04901834 0.40610698] [0.00640697 0.01165786 0.6247202  0.27172452 0.00361845 0.002313
 0.00431562 0.04707334 0.02817003] [2.1620412e-04 2.3916531e-04 9.8933369e-01 8.1565445e-03 1.3097045e-04
 8.7937579e-04 3.7529334e-04 1.7596055e-04 4.9280876e-04] [2.5389669e-04 3.3051020e-04 5.8368989e-04 1.6807750e-04 1.5575852e-04
 1.7966854e-04 9.9747074e-01 2.6806965e-04 5.8967032e-04] [0.13313118 0.06661212 0.00793356 0.01125202 0.02638408 0.00348374
 0.01752728 0.717623   0.01605299] [0.05607834 0.06676973 0.18327026 0.08092235 0.0612778  0.05420087
 0.27858838 0.14739655 0.07149576] [2.1809379e-04 9.9671578e-01 7.8018935e-04 1.8995359e-04 9.2283823e-04
 3.2992320e-04 2.6516293e-04 1.9905028e-04 3.7902180e-04] [4.2701716e-04 7.2637800e-04 3.5469470e-04 5.4002687e-04 2.9912899e-04
 9.9296749e-01 8.5147063e-04 2.2652720e-03 1.5685679e-03] [0.02635279 0.03694253 0.00444979 0.6280192  0.03584032 0.02125092
 0.04912018 0.00820359 0.18982069] [0.17675185 0.02714439 0.05850762 0.03674076 0.0721261  0.14952049
 0.23888214 0.09008313 0.15024357] [0.00739375 0.00491919 0.00413464 0.00900537 0.00293945 0.00562275
 0.00336594 0.00540629 0.95721257] [0.0015384  0.01681655 0.00152914 0.9488432  0.01345933 0.0023205
 0.00183055 0.00376278 0.00989957] [2.4108520e-04 1.0782733e-03 9.9588603e-01 1.9270142e-03 1.7702965e-04
 8.1538667e-05 7.2610019e-05 1.8817358e-04 3.4825498e-04] [0.08538702 0.06176747 0.05141086 0.07579599 0.16677298 0.20943606
 0.03680103 0.10021365 0.21241494] [1.05483916e-04 3.03862500e-04 1.29448454e-04 2.50154349e-04
 9.97007906e-01 1.63416518e-03 1.34024463e-04 3.39342456e-04
 9.55915166e-05] [1.2963376e-04 9.9563760e-01 1.1318099e-03 1.1960909e-03 2.0857945e-04
 9.5406931e-04 1.7241505e-04 4.3207355e-04 1.3780069e-04] [0.00207243 0.01070885 0.00453005 0.9562531  0.00192896 0.00493992
 0.00227047 0.00946133 0.00783493] [0.01085114 0.03369147 0.66046745 0.1068886  0.06100908 0.00998313
 0.02263371 0.02133122 0.07314426] [0.00743267 0.00885863 0.0051586  0.8566939  0.00257249 0.08722588
 0.00434102 0.00784238 0.01987442] [1.4092244e-04 9.9818879e-01 2.2525355e-04 2.1604016e-04 1.2423345e-04
 4.3567026e-04 1.8564262e-04 1.3015258e-04 3.5331128e-04] [0.01252826 0.00612803 0.00939177 0.8988616  0.00784748 0.0206605
 0.00898642 0.01825682 0.01733916] [0.03681705 0.01745127 0.02902119 0.02476704 0.01866146 0.1074943
 0.62438715 0.01472177 0.12667876] [0.00431221 0.00977996 0.00524993 0.03288589 0.00557    0.87946814
 0.00569234 0.01610877 0.04093273] [0.00150186 0.00250067 0.0464942  0.923197   0.00166034 0.01946202
 0.00195495 0.00126854 0.00196047] [4.1914621e-04 3.3467228e-04 7.5708394e-04 6.4004785e-03 9.9036181e-01
 2.4861813e-04 6.5371732e-04 4.0970623e-04 4.1482697e-04] [2.1452435e-04 5.8974657e-04 3.2940428e-04 1.2621090e-04 2.8314273e-04
 8.7749166e-04 6.4206467e-04 9.9469638e-01 2.2410173e-03] [4.8844091e-04 1.0507032e-03 5.4680362e-02 9.3900889e-01 5.5248011e-04
 1.7112156e-03 5.2388420e-04 5.4937287e-04 1.4345887e-03] [0.00391361 0.01917126 0.00571947 0.01673993 0.00598539 0.05119484
 0.7991695  0.02096343 0.07714257] [0.03693858 0.01365271 0.18206272 0.34557188 0.00780731 0.03955035
 0.0048652  0.36388442 0.00566686] [4.9278181e-04 1.2210882e-03 5.8726006e-04 2.2788751e-03 7.2763319e-04
 1.3766547e-03 4.1061727e-04 9.8859966e-01 4.3054428e-03] [0.11366995 0.361504   0.03050052 0.05331391 0.02618206 0.07922068
 0.05180431 0.23687203 0.04693259] [1.1602438e-03 9.9069339e-01 2.7697044e-03 2.9380075e-04 6.9045916e-04
 1.3545305e-03 1.2480723e-03 8.5941405e-04 9.3043997e-04] [0.00602019 0.02456437 0.01326201 0.00860354 0.00711812 0.00577148
 0.02509251 0.00860551 0.90096223] [0.01996077 0.20259488 0.01024443 0.07645464 0.01836615 0.4136858
 0.02123512 0.02167976 0.21577848] [2.7666346e-04 3.8033028e-04 8.2145713e-04 3.6510717e-04 1.9110809e-04
 9.9717951e-01 1.8883783e-04 2.7945900e-04 3.1753219e-04] [0.00903929 0.01793444 0.01680964 0.00666091 0.00881219 0.01654716
 0.01457929 0.01729872 0.89231837] [0.04435452 0.04639476 0.03742723 0.04712748 0.03564774 0.1472156
 0.11350957 0.49430624 0.03401681] [8.8090554e-04 9.8993731e-01 2.9901613e-03 7.1101577e-04 2.0948700e-03
 6.5717928e-04 3.8619171e-04 1.1986686e-03 1.1437432e-03] [2.9221454e-04 4.5742991e-04 7.9393864e-04 6.2998937e-04 1.3394995e-03
 2.8420539e-04 1.0225553e-03 9.9209130e-01 3.0889038e-03] [0.00252618 0.00420103 0.00217929 0.80711377 0.00400472 0.02950193
 0.01514485 0.00155038 0.1337778 ] [0.01232819 0.01589305 0.00751707 0.0565556  0.02077619 0.12945879
 0.08462077 0.05922487 0.61362547] [9.9771178e-01 3.1020425e-04 1.6878931e-04 2.7794120e-04 9.5596253e-05
 4.9384206e-04 2.5684040e-04 3.1303460e-04 3.7196971e-04] [9.4583869e-05 9.9787176e-01 3.3429885e-04 2.5913102e-04 1.4614007e-04
 2.0961487e-04 3.1843581e-04 3.1248672e-04 4.5359382e-04] [2.4333844e-04 3.0818974e-04 2.9631477e-04 3.0951254e-04 9.9537116e-01
 7.2028296e-04 8.0995244e-04 1.5079460e-04 1.7904816e-03] [0.01356106 0.04549168 0.01929288 0.12540889 0.0283022  0.28596422
 0.07796749 0.36712414 0.03688745] [1.6485008e-03 1.7190579e-03 1.0435327e-03 2.5031058e-02 9.0635516e-04
 2.5623587e-03 1.3603647e-03 3.2863831e-03 9.6244234e-01] [7.0056057e-04 2.1244753e-03 7.8581047e-04 3.3708813e-03 9.8410702e-01
 2.0811830e-03 5.3830375e-04 4.7692987e-03 1.5224677e-03] [1.0415767e-03 2.0957171e-04 5.0764339e-04 5.2120350e-04 3.7669466e-04
 2.3935095e-04 5.0552533e-04 9.9630380e-01 2.9464011e-04] [0.04039457 0.02841004 0.00838283 0.07878404 0.0129961  0.05313397
 0.07683793 0.03048579 0.6705747 ] [0.10818472 0.03141203 0.03399784 0.20374966 0.03794283 0.08485493
 0.11695686 0.03947747 0.34342363] [1.1343771e-04 2.8977948e-04 7.0665823e-04 5.1096966e-04 9.9561465e-01
 1.0697267e-04 2.2502111e-04 2.1516322e-03 2.8086305e-04] [2.8689427e-04 4.6556367e-04 1.3052208e-03 6.9501915e-04 3.5605923e-04
 4.3061952e-04 5.1075825e-04 9.9304432e-01 2.9054875e-03] [5.5609836e-04 7.2706571e-05 1.0822890e-04 6.2687061e-04 3.9465557e-04
 1.0419369e-03 9.9662268e-01 3.5429571e-04 2.2257483e-04] [0.02622867 0.07181187 0.03354846 0.5711589  0.03630764 0.14031109
 0.06686657 0.03262848 0.02113833] [0.97836554 0.00207065 0.00166739 0.00539686 0.00131008 0.00311312
 0.00110709 0.00221997 0.00474925] [1.6634272e-04 1.3026461e-03 1.3649718e-04 7.8027655e-04 9.9437732e-01
 1.2483685e-04 5.7554309e-04 1.6587169e-03 8.7774702e-04] [5.6638684e-05 6.7634392e-05 2.2878501e-04 2.0703665e-04 9.2441471e-05
 6.5635199e-05 9.9852175e-01 2.9336597e-04 4.6676415e-04] [0.03127097 0.01175507 0.07145216 0.20502417 0.0188199  0.15642685
 0.01251004 0.0211886  0.4715523 ] [8.0087723e-04 1.2215012e-03 2.4732486e-03 7.4123940e-04 9.8491549e-01
 1.3328606e-03 8.9492125e-04 8.4225641e-04 6.7776218e-03] [3.6976262e-04 3.9758175e-04 1.4941086e-04 1.0431757e-03 1.0036870e-03
 1.1463088e-03 9.9107891e-01 3.5680199e-04 4.4543929e-03] [9.94184673e-01 3.32182110e-03 1.06827589e-03 8.01534799e-04
 1.36806557e-04 1.05865925e-04 2.12962404e-04 9.50729736e-05
 7.29919557e-05] [0.00573457 0.0095684  0.03041954 0.02112609 0.00417034 0.01286204
 0.88708776 0.02073998 0.00829132] [0.9587138  0.00191438 0.00123401 0.0016345  0.00909082 0.01112475
 0.00177687 0.00355938 0.01095144] [0.1347787  0.0786894  0.16766758 0.04721858 0.03478221 0.06795332
 0.01863201 0.04335847 0.4069197 ] [0.01467289 0.01795241 0.00956656 0.03224811 0.01891346 0.23871276
 0.02391172 0.02727773 0.61674434] [3.9315849e-04 9.9503124e-01 4.6294724e-04 1.7843627e-04 5.3804833e-04
 1.4303165e-03 1.1010908e-03 4.8684934e-04 3.7789499e-04] [0.00782156 0.01611205 0.00565825 0.0173979  0.8946561  0.00930237
 0.01984609 0.01157341 0.01763224] [1.6277599e-04 2.9056882e-05 1.3427925e-04 9.9742883e-01 2.0493857e-04
 1.6992030e-04 1.4019903e-04 5.7033618e-04 1.1597044e-03] [5.6804909e-04 9.9377441e-01 1.6443544e-03 4.5892317e-04 3.7250994e-04
 9.7909488e-04 5.8390619e-04 1.4814461e-03 1.3727340e-04] [0.02456384 0.13969742 0.06428032 0.07874879 0.03843417 0.2018738
 0.24900368 0.07675775 0.12664028] [6.2360975e-04 3.2006728e-03 3.2944013e-03 7.1612257e-04 1.1283233e-03
 1.4022484e-03 5.2520214e-04 9.8816490e-01 9.4453391e-04] [2.9659731e-04 9.9135283e-04 6.8363198e-04 2.7013657e-04 1.0766278e-04
 2.9376679e-04 1.6045501e-04 9.9624997e-01 9.4641338e-04] [1.2796335e-03 8.2212652e-04 9.9201816e-01 1.9025106e-03 8.8013627e-04
 7.3327415e-04 7.6396199e-04 7.2178425e-04 8.7836437e-04] [0.03053043 0.04330888 0.00317953 0.03036662 0.00778285 0.84006715
 0.01946998 0.01050542 0.01478913] [0.00415552 0.00814314 0.9061851  0.05204887 0.00288473 0.00400669
 0.00182566 0.01041319 0.01033708] [0.00209873 0.00336465 0.01679942 0.00485166 0.9550876  0.00166156
 0.00218284 0.0093213  0.0046322 ] [0.13531062 0.11217283 0.09676272 0.12457851 0.04959627 0.10518056
 0.11361762 0.15431762 0.10846322] [0.03453042 0.05090811 0.01453    0.20342806 0.01880685 0.08824621
 0.04918608 0.01590858 0.52445567] [0.0226955  0.02124385 0.02375765 0.02441943 0.00879195 0.18192977
 0.01635705 0.03048513 0.6703197 ] [0.00174685 0.00561035 0.00152408 0.03249443 0.00339245 0.10020834
 0.10363722 0.00358244 0.74780387] [6.1907986e-04 5.1901623e-04 1.5385431e-04 1.1948467e-03 5.6008360e-04
 1.2537988e-03 9.9316216e-01 1.3062409e-03 1.2308973e-03] [0.01621198 0.0572601  0.13369398 0.20348825 0.02311951 0.0714963
 0.02712012 0.3030843  0.1645255 ] [0.9134692  0.01847754 0.04796631 0.00096807 0.00329092 0.00700048
 0.00250797 0.00469196 0.00162751] [7.2054689e-05 1.0636145e-04 2.4751991e-03 4.4817541e-05 6.0877781e-05
 1.3638532e-04 3.2593642e-05 9.9687958e-01 1.9212057e-04] [4.5369874e-04 9.9771047e-01 1.2407899e-04 1.6713333e-04 1.6771835e-04
 5.4878856e-05 2.4867174e-04 2.2696794e-04 8.4634783e-04] [1.0767218e-03 4.1513979e-03 9.6525520e-01 3.7344163e-03 9.6843801e-03
 1.2891492e-03 4.4362773e-03 7.9465436e-04 9.5778406e-03] [3.9928916e-04 6.8747677e-04 9.8984700e-04 8.0332602e-04 9.9551928e-01
 1.8144186e-04 2.8015216e-04 5.7242246e-04 5.6670501e-04] [3.5932328e-04 1.2393806e-03 9.9634439e-01 4.7231349e-04 1.6297799e-04
 4.0540702e-04 2.8742326e-04 1.5089210e-04 5.7792291e-04] [0.02357056 0.0069075  0.02182691 0.2753474  0.02580133 0.29257053
 0.02185519 0.01770787 0.31441268] [1.7569789e-04 5.2168612e-05 4.9310362e-05 4.0455896e-05 1.6960049e-04
 1.0628461e-04 9.9913365e-01 1.1643495e-04 1.5638223e-04] [2.0383317e-03 1.5727245e-03 8.8832539e-04 2.1447927e-02 1.3149983e-03
 7.9034325e-03 9.6039075e-01 1.0078808e-03 3.4356737e-03] [0.45922962 0.07311652 0.08907166 0.04241008 0.01595104 0.02298093
 0.04378331 0.08494084 0.16851597] [1.7900663e-04 3.2141581e-04 2.3437259e-04 6.4414984e-04 9.9448895e-01
 4.0823745e-04 2.5502774e-03 5.0894934e-04 6.6458818e-04]",5 0 3 2 6 2 8 1 7 4 4 3 0 8 0 5 3 0 7 7 1 1 6 8 0 4 2 4 7 1 7 8 4 8 0 3 3 0 2 3 8 7 2 4 1 6 7 0 1 5 8 2 1 8 4 7 3 2 5 0 5 4 7 6 2 1 1 5 7 1 2 5 0 4 2 6 7 8 2 7 8 5 0 6 1 0 3 3 4 4 1 6 5 7 5 7 6 0 4 0 5 5 0 2 6 0 6 0 5 3 2 6 8 0 8 5 6 1 3 8 7 6 6 6 2 2 6 1 2 1 5 3 4 8 3 2 3 4 1 3 2 5 1 3 8 5 3 4 7 3 6 2 7 1 1 8 5 5 8 5 1 7 3 8 0 1 4 7 8 4 7 8 8 4 7 6 3 0 4 6 3 4 6 0 6 0 2 5 1 4 3 1 5 7 7 2 5 2 4 3 8 8 8 6 5 0 7 1 2 4 2 3 6 6 0 4
1468,1,xgboost,0.02,2000,2000,0.875,0.9851224922839505,"[9.8621643e-01 3.5364949e-03 1.6731599e-03 9.8823395e-04 8.0544804e-04
 7.2078337e-04 3.3002903e-03 1.8884480e-03 8.7076414e-04] [1.0882142e-03 9.7665156e-04 7.8365876e-04 6.3663389e-04 9.9435645e-01
 5.1890005e-04 9.9320576e-05 1.3072862e-03 2.3287545e-04] [9.7585434e-01 7.3260441e-04 5.9937756e-04 1.8959086e-02 1.8405583e-04
 1.2567980e-03 1.5280303e-03 6.4410432e-04 2.4162207e-04] [6.1299681e-04 4.6909889e-04 2.0328085e-03 1.6716111e-03 9.9469614e-01
 9.2918577e-05 3.2132096e-04 8.0980972e-05 2.2143717e-05] [0.04637882 0.06503677 0.08115163 0.07754438 0.28239843 0.12663436
 0.13468252 0.03545225 0.1507208 ] [0.00701153 0.9572601  0.00298594 0.00354204 0.00278415 0.01332524
 0.00103633 0.00590815 0.00614648] [9.9899441e-01 2.5133140e-04 1.3063967e-04 3.7376925e-05 9.9819052e-05
 2.0057864e-04 3.9946375e-05 5.4497119e-05 1.9135806e-04] [2.0054220e-04 9.7733201e-04 2.9923726e-02 9.6541083e-01 1.7379331e-03
 3.1495007e-04 7.9685778e-05 8.0402067e-04 5.5103924e-04] [1.5944462e-04 4.8191793e-04 5.4929842e-04 2.2867764e-04 2.0723058e-04
 1.8422138e-04 1.1246481e-04 9.9205387e-01 6.0229148e-03] [9.9883431e-01 2.8904539e-04 3.2639730e-04 1.0728831e-04 6.9025220e-05
 1.4799632e-04 4.4770430e-05 3.7738821e-05 1.4346717e-04] [0.01066759 0.00980231 0.91667503 0.00420705 0.01832893 0.02433951
 0.00370228 0.00385686 0.00842044] [0.00653241 0.04279819 0.88076484 0.01593021 0.00755982 0.00726094
 0.00992351 0.02395367 0.00527636] [0.01156413 0.0172299  0.04500115 0.08089887 0.02554471 0.08930334
 0.05094017 0.07307214 0.6064456 ] [9.9857748e-01 2.9585601e-04 2.1587111e-04 2.2863114e-04 1.7632318e-04
 4.0256200e-05 2.9373675e-04 7.3241157e-05 9.8612880e-05] [1.6755249e-03 5.9211365e-04 2.5202187e-03 9.5571548e-04 1.1073411e-03
 9.9132067e-01 3.8460185e-04 6.4029556e-04 8.0357608e-04] [0.02345493 0.02313633 0.02611814 0.01932025 0.01052021 0.7489454
 0.06078284 0.05449203 0.0332299 ] [4.3282942e-03 9.2723052e-04 4.1015282e-05 8.3460771e-05 1.0484182e-04
 3.0811256e-04 9.9390984e-01 2.0471569e-04 9.2463568e-05] [0.02137163 0.00517219 0.01638945 0.9266734  0.00630516 0.00384765
 0.00155814 0.01447349 0.00420886] [7.4457133e-04 5.0368469e-04 6.1687728e-04 1.2281351e-03 9.9304539e-01
 9.4465155e-04 1.7924618e-03 6.8049104e-04 4.4369293e-04] [0.00315739 0.9484174  0.00382098 0.00724917 0.00412479 0.00281213
 0.01164425 0.0023622  0.0164116 ] [1.1891742e-03 9.9122018e-01 3.2612382e-04 4.1579967e-04 4.5447689e-03
 5.4460467e-04 5.0742360e-04 4.3527590e-04 8.1669586e-04] [0.66027105 0.01947917 0.00583968 0.02052016 0.04739886 0.04482619
 0.08075264 0.04042134 0.08049094] [5.0824968e-04 1.3581225e-04 6.2748010e-04 2.9728387e-04 1.3907712e-04
 6.7278225e-04 9.9600804e-01 6.1388989e-04 9.9732296e-04] [1.7305036e-03 1.5543468e-03 9.8343322e-04 1.4293501e-03 9.9265772e-01
 4.2330637e-04 2.0409038e-04 3.4303349e-04 6.7425176e-04] [0.13138221 0.03928303 0.08761232 0.14045511 0.03499446 0.06313937
 0.11771231 0.05029389 0.3351273 ] [9.8514974e-01 2.8897889e-03 9.1933255e-04 1.9993372e-03 7.6583616e-04
 5.8530754e-04 2.1574863e-03 4.7315150e-03 8.0169551e-04] [5.5353456e-05 6.7814981e-05 8.5586966e-05 9.1364476e-05 4.6363701e-05
 4.4827900e-04 9.9705911e-01 1.5422911e-04 1.9919875e-03] [0.00340977 0.00322233 0.00385562 0.01015223 0.0035915  0.00687142
 0.00316548 0.96203464 0.00369709] [0.3422431  0.18379751 0.1294948  0.02811121 0.02222359 0.053687
 0.13346289 0.08038396 0.02659591] [1.1358879e-03 9.9696583e-01 4.5420547e-04 2.7192035e-04 1.0467080e-04
 2.4876141e-04 1.9085698e-04 5.4318440e-04 8.4719410e-05] [0.00780486 0.00672951 0.00951539 0.02197984 0.01904544 0.06366096
 0.8416319  0.01280261 0.01682954] [0.00594738 0.00270451 0.02340019 0.9569138  0.00168421 0.00321684
 0.00310166 0.00117716 0.00185416] [9.9830639e-01 2.3164987e-04 4.9997499e-04 6.4230851e-05 1.6773262e-04
 3.7749560e-04 1.1583781e-04 1.2840971e-04 1.0829219e-04] [0.0150029  0.11996453 0.03893245 0.024582   0.09598274 0.3257111
 0.01558407 0.04835236 0.3158879 ] [1.4983157e-03 1.0063250e-03 9.9406296e-01 1.2810073e-03 3.7857817e-04
 7.6068833e-04 2.3630266e-04 3.0385531e-04 4.7194798e-04] [2.9731076e-03 6.2876460e-03 9.6680629e-01 5.0891968e-03 6.3577777e-04
 1.9845439e-03 1.3526278e-03 1.0546047e-03 1.3816145e-02] [0.11968531 0.03035774 0.09268062 0.3603653  0.09036322 0.0905572
 0.09451094 0.06167981 0.05979982] [0.00794599 0.05491516 0.00677431 0.02444059 0.01237866 0.06251641
 0.01537333 0.01190934 0.8037462 ] [6.7998706e-05 8.4529616e-05 2.7145402e-04 6.5201544e-05 7.4631855e-05
 1.8633858e-04 9.9909425e-01 7.5802280e-05 7.9785648e-05] [8.3883735e-04 1.7821483e-04 5.2341906e-04 1.0794853e-03 2.3943378e-04
 3.1633605e-03 2.7363864e-04 9.9067944e-01 3.0241860e-03] [1.5311496e-04 3.6955858e-04 7.0441039e-03 1.8113786e-03 4.5509095e-04
 3.5170457e-04 9.8848468e-01 2.8947194e-04 1.0409597e-03] [0.00954182 0.01482177 0.01013795 0.05681798 0.03839194 0.18363687
 0.03616078 0.36473128 0.2857596 ] [7.3371234e-04 4.1413019e-04 6.6445192e-04 6.4848887e-04 1.5984912e-04
 5.2561075e-04 1.0244607e-04 9.9659294e-01 1.5830535e-04] [0.00124    0.0014267  0.00170208 0.00386901 0.01064579 0.02830677
 0.00611557 0.00517324 0.94152087] [0.0342136  0.0263214  0.01722069 0.04036975 0.03590293 0.31999287
 0.03418225 0.12180024 0.36999628] [6.7492139e-05 6.7742272e-05 7.6600630e-04 7.3500101e-05 6.3178340e-05
 1.0151366e-03 9.9772042e-01 8.6541862e-05 1.3995383e-04] [1.3763160e-03 8.9806534e-04 9.8856419e-01 5.9400094e-03 7.4167777e-04
 5.8066734e-04 3.6136093e-04 8.3100650e-04 7.0664822e-04] [9.9930120e-01 2.3235155e-04 8.8965840e-05 6.4478576e-05 6.3208237e-05
 6.7476118e-05 4.3192580e-05 6.7556532e-05 7.1565868e-05] [2.6096031e-04 4.5700444e-04 1.8119377e-04 7.0652476e-04 3.3557124e-04
 9.9476695e-01 2.2253359e-04 2.4597434e-04 2.8233321e-03] [8.8326138e-04 9.5593533e-04 1.1044216e-03 7.3583494e-04 1.0677744e-03
 7.5634557e-04 2.9826949e-03 9.9116766e-01 3.4603657e-04] [1.7526696e-03 1.0402844e-03 5.7250325e-04 7.7976333e-04 3.6140988e-04
 9.9422139e-01 2.0357691e-04 3.9507338e-04 6.7332160e-04] [9.3221490e-04 1.7040602e-03 1.4496905e-01 8.4418958e-01 7.7494484e-04
 1.8176218e-03 1.7000283e-03 2.8950465e-03 1.0174357e-03] [0.01135301 0.01109227 0.01600744 0.88557625 0.03458448 0.00124463
 0.02792537 0.00817278 0.00404371] [5.6270077e-05 1.7470510e-04 4.3771057e-03 9.9398261e-01 1.1781656e-04
 6.1914267e-04 1.5296011e-04 1.7513947e-04 3.4426496e-04] [1.3029210e-03 9.7570737e-04 9.8018038e-01 1.6155086e-03 9.9885138e-04
 8.5656438e-03 2.0410493e-03 2.7230033e-03 1.5969478e-03] [8.3963457e-04 1.7694549e-03 9.9228561e-01 7.4376084e-04 4.0002266e-04
 1.6238041e-03 2.6345372e-04 1.3674010e-03 7.0680724e-04] [1.1064195e-03 3.1032535e-04 8.3154201e-04 2.0494456e-04 2.4644673e-04
 9.9491286e-01 4.7054273e-04 5.3919287e-04 1.3776831e-03] [9.9594456e-01 5.4279703e-04 7.1797578e-04 3.8394096e-04 5.4080359e-04
 6.5556174e-04 2.3552218e-04 3.9179026e-04 5.8701378e-04] [1.3000329e-03 1.7203193e-03 2.5270230e-03 1.8465436e-03 8.4850239e-04
 2.4726868e-03 3.0757242e-03 9.8204619e-01 4.1630124e-03] [1.0349955e-03 4.3059248e-04 1.5235278e-04 9.8673545e-04 6.1321398e-04
 6.1007054e-03 9.6920884e-01 1.3672605e-03 2.0105353e-02] [0.12147257 0.16246456 0.09640156 0.06389529 0.10489672 0.05786194
 0.06834289 0.15771355 0.16695094] [7.9198467e-04 8.5061026e-04 1.7704113e-03 7.4506889e-04 9.9071139e-01
 1.9211621e-03 2.9535967e-04 1.0045422e-03 1.9094230e-03] [1.6499936e-03 5.2682444e-04 4.6425147e-04 1.4544273e-03 5.5012817e-04
 1.9169167e-03 9.8964268e-01 1.3185950e-03 2.4762521e-03] [0.01565761 0.0058941  0.0325188  0.01594562 0.00809126 0.84807557
 0.03553485 0.01749497 0.02078723] [0.0127703  0.00838148 0.01355404 0.07690358 0.00696381 0.15807363
 0.67159706 0.01101584 0.04074029] [9.9405450e-01 9.5917127e-04 9.9566777e-04 3.0453008e-04 3.7736021e-04
 1.7587306e-03 2.2514572e-04 3.2886944e-04 9.9609187e-04] [0.01482252 0.00156319 0.00324182 0.00215902 0.00210189 0.01233327
 0.00179361 0.00207917 0.95990545] [0.16699125 0.01801615 0.0135617  0.01757263 0.02331821 0.06504532
 0.07127591 0.03270168 0.59151715] [0.0781592  0.02267627 0.04690231 0.05339545 0.01445012 0.4669884
 0.20449056 0.04983649 0.06310122] [9.9686545e-01 1.6802231e-04 9.9833484e-04 1.1925569e-04 2.2736429e-04
 6.6522084e-04 4.2614105e-04 1.9725497e-04 3.3292285e-04] [3.1582211e-04 8.0264360e-04 3.2432685e-03 9.8430389e-01 7.9956237e-04
 1.0587159e-03 9.5471210e-04 2.0124810e-04 8.3201462e-03] [0.00873973 0.8785342  0.01398598 0.00443    0.03861507 0.01932137
 0.00688974 0.01123734 0.01824665] [3.8242430e-04 1.8750975e-03 2.2581429e-04 2.3748513e-04 1.3663258e-02
 4.5291500e-04 3.0982174e-04 9.8229355e-01 5.5968139e-04] [2.87528062e-04 2.48630095e-04 1.16358344e-04 8.55190679e-04
 9.97607231e-01 1.43403289e-04 1.73094377e-04 1.54884634e-04
 4.13634116e-04] [9.9749196e-01 3.5405764e-04 7.2095828e-04 3.4276966e-04 1.8074512e-04
 5.3562614e-04 5.7630063e-05 8.4217092e-05 2.3202335e-04] [1.0834199e-03 2.4626337e-03 2.6229542e-04 1.6448565e-04 9.9481142e-01
 7.4844889e-04 1.8101964e-04 9.1003130e-05 1.9530136e-04] [5.3584093e-04 7.7330414e-04 3.5396747e-03 2.4320986e-03 6.0635875e-04
 1.7100654e-03 4.9254886e-04 9.8915136e-01 7.5876270e-04] [1.1700804e-04 9.8198951e-05 5.5155739e-05 1.7158160e-04 2.0591795e-04
 2.4910632e-04 9.9855584e-01 9.6585005e-05 4.5059176e-04] [1.0557664e-03 3.2601686e-04 8.3469349e-04 4.6076286e-03 4.8418657e-04
 6.4149494e-03 1.6264087e-03 9.8373729e-01 9.1310166e-04] [3.8393159e-04 1.2530356e-03 3.7163391e-04 5.2014075e-04 3.1219923e-04
 1.7947586e-03 4.0043349e-04 9.9348277e-01 1.4810368e-03] [7.6870783e-04 5.1646023e-03 1.3739332e-03 1.2533531e-03 6.7284179e-04
 9.8190159e-01 6.2233151e-04 2.5458280e-03 5.6968778e-03] [0.9169875  0.01131565 0.00510286 0.00406157 0.00719613 0.01444605
 0.00462151 0.03080725 0.00546147] [1.4843559e-03 1.4347425e-03 9.8030680e-01 5.3403695e-04 1.2739609e-03
 8.3582820e-03 2.0426991e-03 1.9926494e-03 2.5724217e-03] [0.01861863 0.00756874 0.00449763 0.91894263 0.01736562 0.00882834
 0.00852239 0.00451278 0.01114325] [3.3564580e-04 9.9779415e-01 3.3283344e-04 2.1693007e-04 2.5533806e-04
 2.9630077e-04 1.2728009e-04 3.4475292e-04 2.9675182e-04] [4.48513711e-05 9.00149753e-05 1.00477395e-04 2.49075092e-04
 5.28729834e-05 6.86736603e-04 9.07997310e-05 9.98279214e-01
 4.05966712e-04] [0.03328687 0.13484287 0.10530702 0.0360861  0.02941911 0.31596375
 0.16918579 0.04182452 0.13408397] [1.5683373e-04 2.9014103e-04 1.6312031e-03 1.1303708e-03 9.9539208e-01
 6.6022406e-04 2.2895445e-04 3.7286198e-04 1.3727869e-04] [7.9281162e-04 1.3413030e-03 3.4542056e-04 1.0308912e-03 2.2890423e-04
 9.9450207e-01 1.6685869e-04 1.0446432e-03 5.4714776e-04] [0.05105738 0.10957929 0.07166071 0.38733482 0.09176445 0.0656837
 0.02169167 0.10039198 0.100836  ] [3.4242420e-04 4.5850841e-04 1.9754884e-03 5.0627539e-04 9.9505460e-01
 5.5779697e-04 3.9020908e-04 5.5589952e-04 1.5879150e-04] [0.11936795 0.05707411 0.04517633 0.5833177  0.03332879 0.05833013
 0.02987338 0.03328583 0.0402458 ] [9.9543273e-01 4.8967480e-04 4.2876051e-04 1.1996308e-03 6.0012838e-04
 5.8400852e-04 6.0039142e-04 4.1895889e-04 2.4575662e-04] [8.3025696e-04 6.9734426e-03 2.4760714e-02 9.6269494e-01 6.5359252e-04
 6.3121732e-04 6.1420159e-04 1.2034238e-03 1.6382559e-03] [0.01836413 0.01925694 0.45143974 0.10398109 0.01051598 0.26690453
 0.0497758  0.02101691 0.05874489] [9.8782700e-01 3.9557507e-03 3.0232475e-03 6.7120482e-04 1.0368259e-03
 1.1746015e-03 8.6624344e-04 6.1899511e-04 8.2610128e-04] [0.00215778 0.9403686  0.03551379 0.00098145 0.00148344 0.00829806
 0.00226434 0.00415336 0.00477917] [9.97885130e-04 4.06512059e-04 6.53611380e-04 8.92451353e-05
 9.94240880e-01 2.89295451e-03 2.10419341e-04 3.87428503e-04
 1.21126715e-04] [0.12574105 0.5843662  0.02449689 0.0187509  0.01504557 0.12545504
 0.01703322 0.02384252 0.06526861] [3.44058615e-03 2.12015773e-04 1.77736729e-04 8.43336107e-04
 1.57117844e-04 7.65944191e-04 1.08287786e-04 9.94184315e-01
 1.10707842e-04] [0.07864464 0.4212821  0.12807848 0.06130967 0.02731674 0.02280001
 0.04943405 0.06741139 0.14372292] [3.1820596e-03 9.6479267e-01 4.6206047e-03 2.3378603e-02 2.5698449e-04
 2.7937334e-04 1.7609222e-04 6.9561263e-04 2.6179389e-03] [1.5938585e-03 1.6159925e-03 9.7044343e-01 1.5218170e-02 6.2699302e-04
 5.6887651e-04 5.1625026e-04 5.7546208e-03 3.6618230e-03] [0.9692551  0.00718144 0.00387257 0.00145763 0.00299275 0.00233604
 0.00446893 0.00272169 0.00571387] [0.00148637 0.04139652 0.00630446 0.00822932 0.9312029  0.00130464
 0.00341056 0.00234946 0.0043158 ] [5.6665707e-03 9.6943551e-01 1.2605692e-02 2.6167159e-03 8.7465008e-04
 1.3332745e-03 8.2753837e-04 4.3855566e-03 2.2544370e-03] [7.9123020e-05 1.2953553e-04 5.2892294e-05 2.6298917e-04 6.1465711e-05
 7.0763737e-05 9.9923730e-01 7.0253976e-05 3.5682620e-05] [0.06872461 0.06983119 0.03871774 0.15504402 0.03889658 0.12937956
 0.02887238 0.20227715 0.2682568 ] [0.01055834 0.00742686 0.00553482 0.01800536 0.01386098 0.36720148
 0.01701734 0.01024226 0.55015254] [0.06068325 0.06435332 0.51755327 0.0200588  0.01708254 0.07879725
 0.01700728 0.02499005 0.19947423] [0.02006467 0.02731741 0.3515689  0.10241035 0.00789417 0.01854426
 0.40866664 0.04098674 0.02254684] [2.0849211e-04 6.1067438e-04 9.9147582e-01 3.5466701e-03 5.0632836e-04
 4.3379641e-04 8.1373408e-04 3.6557007e-04 2.0389843e-03] [1.8125388e-03 6.9764606e-04 9.7636718e-01 9.6039930e-03 1.4674048e-03
 7.9551095e-04 7.3922210e-04 2.6142709e-03 5.9022154e-03] [9.1810864e-05 1.2621720e-04 9.2956732e-05 6.0324959e-04 2.9096846e-04
 9.9592680e-01 3.2601846e-04 5.5463079e-05 2.4864757e-03] [0.04804892 0.04649689 0.0141617  0.05464312 0.02312634 0.10731184
 0.62612456 0.0455907  0.03449589] [0.0395514  0.07426815 0.01661118 0.20595227 0.0541293  0.18561493
 0.21153499 0.11386719 0.09847058] [6.4492307e-04 1.3095756e-03 1.7827831e-03 2.6067900e-03 2.3570785e-03
 1.0038599e-02 9.7713202e-01 2.6560617e-03 1.4722282e-03] [0.9624738  0.0073718  0.00197972 0.00391287 0.00156636 0.00164426
 0.00309977 0.0010572  0.0168942 ] [1.1103854e-03 5.7871989e-04 2.0685334e-04 1.2362048e-03 2.0730728e-03
 4.5789923e-03 1.1843088e-03 9.8796415e-01 1.0672973e-03] [0.12536882 0.00793487 0.0083095  0.00817604 0.01458187 0.03235436
 0.03497165 0.00984744 0.7584554 ] [0.02055031 0.10215938 0.20595104 0.27529988 0.01151076 0.08993554
 0.06428435 0.06554667 0.16476211] [1.13615235e-04 9.91272271e-01 7.34807691e-03 5.53445891e-04
 2.16700486e-04 1.84551551e-04 5.57093590e-05 1.20256052e-04
 1.35414622e-04] [1.07865715e-04 1.24191749e-04 3.75885429e-05 2.73364712e-03
 7.07731888e-05 2.24115443e-03 9.94104683e-01 1.72327826e-04
 4.07753891e-04] [4.5955944e-04 2.1022046e-03 4.4783449e-04 6.8048539e-04 4.7278652e-04
 9.9363685e-01 1.0132586e-03 7.8342139e-04 4.0357624e-04] [0.39575326 0.15814793 0.12092854 0.06070882 0.03324597 0.05961467
 0.05504913 0.06171951 0.05483215] [0.05251738 0.0320616  0.08904929 0.12588918 0.03577415 0.04125933
 0.04659883 0.38813967 0.1887106 ] [1.1431868e-04 9.2953997e-05 7.2924292e-04 1.5648923e-04 7.3665098e-05
 1.4213005e-04 1.2573737e-04 9.9782455e-01 7.4089388e-04] [7.9489616e-04 4.8370924e-04 7.9353433e-04 1.8127018e-03 1.1846240e-03
 4.1223429e-03 2.3435196e-03 7.3275791e-04 9.8773193e-01] [7.0079265e-04 2.0914472e-04 8.9763751e-05 2.5294520e-04 1.9463539e-04
 9.9771899e-01 9.1689879e-05 4.4350993e-04 2.9854185e-04] [0.02622599 0.00424624 0.13980058 0.03498716 0.00596834 0.02202918
 0.03150541 0.7282373  0.00699984] [0.03156126 0.01549701 0.01880191 0.18835394 0.04526381 0.3286627
 0.01838003 0.06481767 0.28866166] [0.05179149 0.0549828  0.2244457  0.04740537 0.03114713 0.11310834
 0.11428881 0.31579873 0.0470316 ] [8.3296903e-04 1.8779025e-03 9.8688507e-01 2.9649218e-03 1.3622273e-03
 1.8334399e-03 9.0016134e-04 9.5570425e-04 2.3876082e-03] [0.02508205 0.00674609 0.00507292 0.14760672 0.01278947 0.0417202
 0.03131136 0.00735082 0.7223204 ] [1.8223609e-03 9.7674984e-01 9.5564425e-03 8.2866865e-04 6.3424478e-03
 1.1902902e-03 6.6734280e-04 2.2364666e-03 6.0617493e-04] [0.0794131  0.03904866 0.35620865 0.28132686 0.03641806 0.03260159
 0.02730054 0.03139051 0.11629204] [0.09704908 0.15839607 0.16614029 0.05807253 0.23960176 0.06007974
 0.10754237 0.06714985 0.04596831] [3.0006299e-04 1.2966443e-04 1.2248654e-04 1.5236537e-03 3.2705156e-04
 6.0308987e-04 1.9858049e-03 9.9484891e-01 1.5920882e-04] [2.0118833e-04 1.8771227e-04 7.0858421e-04 3.8655044e-03 1.8837203e-04
 9.9289143e-01 4.1471815e-04 7.2817795e-04 8.1434590e-04] [3.2597320e-05 9.3427589e-05 4.2369204e-05 1.3936276e-04 3.3488683e-05
 4.4662735e-04 9.9866498e-01 3.3117285e-05 5.1408308e-04] [6.0772029e-04 2.0771623e-02 2.7553833e-03 5.5842563e-03 1.1610121e-03
 1.3002093e-02 1.5566231e-03 1.7165823e-03 9.5284468e-01] [0.07226628 0.02171374 0.11098279 0.30018997 0.0271024  0.10823097
 0.0827779  0.01120499 0.26553097] [9.2936325e-04 1.9093060e-04 2.2312496e-03 3.0210200e-03 9.8692179e-01
 2.7122947e-03 1.4918311e-04 2.1044712e-04 3.6336973e-03] [2.2740623e-04 6.8913575e-04 1.8901732e-04 9.2338516e-05 9.9780840e-01
 1.9303619e-04 3.5445142e-04 3.4937009e-04 9.6882868e-05] [2.1858006e-03 7.0509431e-04 9.6882874e-04 1.7027220e-03 8.1127847e-04
 1.9421122e-03 1.5468984e-03 8.5277046e-04 9.8928446e-01] [9.5926557e-04 8.7616895e-04 9.9213248e-01 1.9021855e-03 2.7753061e-04
 1.9167033e-03 2.4291500e-04 1.2807210e-03 4.1203786e-04] [0.00498886 0.04194642 0.92567456 0.00524339 0.0037394  0.00301847
 0.00305468 0.00518828 0.00714593] [0.00464134 0.00324319 0.00610264 0.00184862 0.01030866 0.0103312
 0.0032952  0.00465075 0.9555784 ] [0.00590665 0.00356844 0.0076692  0.00761975 0.00471226 0.11092193
 0.01190233 0.00541231 0.8422871 ] [2.1971078e-03 1.3384005e-03 1.6408924e-03 1.0565419e-03 9.9159414e-01
 1.6053554e-04 4.1854507e-04 1.0604014e-03 5.3342024e-04] [0.04274768 0.19354483 0.14118934 0.02031862 0.11414661 0.10909259
 0.01969294 0.04460385 0.31466353] [0.00362349 0.01860677 0.01933767 0.9349798  0.00249588 0.00296817
 0.00186603 0.01056161 0.00556057] [1.4425207e-04 1.6745378e-04 2.9304420e-04 9.9744934e-01 1.9156990e-04
 4.8447680e-04 2.6015739e-04 3.7118484e-04 6.3846156e-04] [8.5538230e-04 9.2638016e-04 4.7689150e-04 5.7712401e-04 3.8257232e-03
 1.4081271e-04 2.3280990e-03 9.9023598e-01 6.3364004e-04] [9.7707582e-01 2.0592883e-03 8.7151775e-04 1.0745778e-03 2.5168108e-03
 7.9973129e-04 3.2802948e-03 1.3603279e-03 1.0961615e-02] [0.18026692 0.17533746 0.06144559 0.07541781 0.05147526 0.14705507
 0.11063592 0.06107476 0.13729121] [5.7395606e-05 6.7138171e-05 1.7149450e-04 3.6951358e-04 1.6323532e-04
 4.6363391e-04 9.9766064e-01 7.5434451e-05 9.7153161e-04] [9.6692395e-04 7.5039372e-04 6.5510825e-04 3.7796740e-04 9.9617481e-01
 2.9573444e-04 2.0688478e-04 1.7981439e-04 3.9236742e-04] [1.52469554e-04 3.50884831e-04 4.29487933e-04 1.19340424e-04
 4.33375040e-04 8.80518564e-05 2.56526575e-04 9.95982528e-01
 2.18731351e-03] [7.8062323e-04 1.0419716e-03 3.6276306e-04 3.3975425e-03 9.7668219e-01
 2.3355512e-03 4.1271854e-04 1.5437241e-03 1.3442949e-02] [0.03981372 0.15752788 0.04365278 0.43538243 0.03198519 0.0647661
 0.02663154 0.05426129 0.14597905] [0.00254336 0.00385258 0.00140747 0.00425304 0.00390574 0.03840739
 0.00420634 0.01284659 0.9285774 ] [0.0019283  0.00490352 0.9619784  0.01278554 0.00462266 0.00210223
 0.00272651 0.00295884 0.00599403] [0.06331723 0.02355975 0.01880922 0.04594592 0.01157836 0.63334143
 0.01317043 0.02759652 0.16268113] [2.02643263e-04 6.39582344e-04 9.94762003e-01 2.60243495e-03
 1.12095079e-03 1.96037290e-04 1.05456485e-04 3.03528330e-04
 6.74361727e-05] [2.3628114e-04 3.7694367e-04 8.0970110e-04 8.9738553e-04 9.9081516e-01
 1.9244873e-03 1.8602444e-03 1.8118162e-03 1.2679747e-03] [9.9353325e-01 1.4286094e-03 5.4505543e-04 7.6445634e-04 2.7695062e-04
 1.1610435e-03 2.7978455e-04 1.3073960e-03 7.0341380e-04] [0.00113805 0.00148476 0.00155912 0.96730405 0.00099705 0.01401331
 0.00159807 0.00194543 0.00996009] [0.00639868 0.00223822 0.00572701 0.8614048  0.01586448 0.07478548
 0.00474825 0.00733536 0.02149774] [2.2610788e-04 5.9653079e-04 1.2993928e-03 2.9291358e-04 9.9328929e-01
 1.0419170e-03 5.9002865e-04 3.8042763e-04 2.2834346e-03] [0.9711274  0.0054043  0.0043427  0.00191881 0.00177537 0.00658289
 0.00417448 0.00281008 0.00186402] [1.2316999e-04 9.9600679e-01 6.3230179e-04 3.7375960e-04 1.9407932e-04
 5.0627510e-04 1.0820415e-03 5.7078153e-04 5.1077886e-04] [0.00150581 0.00273697 0.00807684 0.96608293 0.00310341 0.00212752
 0.0064426  0.00189582 0.00802817] [0.01708336 0.02258209 0.35523868 0.08523472 0.03371637 0.03208582
 0.35355565 0.01109604 0.08940728] [0.00290889 0.00237552 0.04068894 0.9274842  0.00157554 0.00496963
 0.01227382 0.00466325 0.00306017] [0.01243041 0.02007042 0.00265672 0.07301267 0.01038051 0.03806234
 0.00767435 0.01887498 0.8168376 ] [0.00662353 0.00913457 0.00435352 0.01777617 0.01447732 0.03777296
 0.07128619 0.00915952 0.8294162 ] [1.2280479e-04 6.6034385e-04 6.0338527e-04 1.7431707e-03 9.9529111e-01
 7.0507813e-04 4.6439708e-04 1.8238695e-04 2.2738893e-04] [0.04645951 0.14356872 0.02589521 0.1457834  0.05701761 0.38837978
 0.05331336 0.08043642 0.05914603] [1.8189693e-04 2.1362255e-04 6.1624614e-04 3.7454901e-04 9.9794382e-01
 2.3802152e-04 1.5201390e-04 1.3768773e-04 1.4210393e-04] [2.04850847e-04 9.91234779e-01 1.39442261e-03 3.36485682e-04
 1.20193945e-04 2.09724734e-04 6.05404261e-04 4.46211547e-03
 1.43204501e-03] [0.01481808 0.00481973 0.00218445 0.01921373 0.00781118 0.775758
 0.00768391 0.13307528 0.03463563] [0.00278577 0.0056966  0.01429451 0.0152966  0.00390895 0.05717633
 0.0253462  0.62233716 0.2531579 ] [2.8208626e-04 9.8920792e-01 4.6989002e-04 1.3194181e-03 5.3157919e-04
 2.4309217e-03 2.3391659e-04 4.6608532e-03 8.6335395e-04] [6.3539657e-05 1.6830786e-04 1.1673631e-04 3.3185650e-05 2.3441714e-04
 7.1393377e-05 9.9918455e-01 7.2739022e-05 5.5101435e-05] [3.7877082e-05 6.7913788e-05 5.7897934e-05 1.9119943e-04 6.2755083e-05
 2.4391220e-04 9.9876994e-01 5.2858103e-04 3.9883809e-05] [7.7791850e-04 4.6055019e-04 4.0393419e-04 5.1646712e-03 2.8472815e-03
 1.1106554e-03 9.7798997e-01 3.7125086e-03 7.5325025e-03] [2.2920691e-04 3.0662003e-04 3.5919205e-04 7.3323579e-04 2.0027313e-04
 4.5482672e-04 3.3892423e-04 9.9343431e-01 3.9433809e-03] [0.05493525 0.04611182 0.10414681 0.14598262 0.03296952 0.2481718
 0.05119231 0.15489294 0.16159694] [0.00130248 0.0012577  0.00245726 0.00486994 0.0031208  0.01776091
 0.00245574 0.01060637 0.95616883] [2.0776184e-04 1.7068587e-04 8.3984894e-04 9.9585080e-01 1.5014500e-04
 1.0697769e-03 1.5473968e-04 2.0260019e-04 1.3536776e-03] [0.0045023  0.00133503 0.00187457 0.00184129 0.00274068 0.00375078
 0.00107276 0.00504549 0.9778371 ] [0.00343693 0.00405622 0.9772419  0.00441992 0.00208925 0.00411863
 0.00110238 0.00151392 0.00202083] [0.06548861 0.30895692 0.0977532  0.02119259 0.04022088 0.25697714
 0.10152649 0.01937106 0.08851311] [0.01035954 0.00989088 0.0011078  0.00145546 0.8993824  0.0412723
 0.00185204 0.0044888  0.03019077] [8.3806162e-04 9.9722278e-01 3.0991324e-04 1.0405355e-04 1.6329305e-04
 2.1973794e-04 3.7440582e-04 2.9877061e-04 4.6899251e-04] [0.11351111 0.0373367  0.13406007 0.03461797 0.0345951  0.20360917
 0.02095864 0.01734053 0.40397072] [6.7635259e-04 4.6882113e-03 1.4151023e-02 9.6216130e-01 5.7957359e-03
 3.6148415e-03 3.7159910e-03 1.5911934e-03 3.6053753e-03] [0.2702861  0.01472156 0.04880972 0.02143651 0.2017825  0.09704741
 0.05806369 0.1014213  0.1864312 ] [1.5425363e-03 5.3350534e-04 1.2283169e-02 9.7687817e-01 5.8050279e-04
 3.1699424e-03 9.7236404e-04 3.0208034e-03 1.0190019e-03] [0.02915447 0.07866953 0.10994524 0.41102308 0.17326812 0.03918378
 0.02320773 0.07770509 0.05784296] [0.00111867 0.00205049 0.00247739 0.00429744 0.00127772 0.03225275
 0.00232281 0.00102172 0.953181  ] [0.01096324 0.00804985 0.00961121 0.258123   0.02364705 0.0690215
 0.01477841 0.02112413 0.5846816 ] [0.02803566 0.01266602 0.01393978 0.11662621 0.02002062 0.2070657
 0.01739831 0.42109546 0.16315228] [0.01244028 0.03443416 0.0070247  0.16346961 0.00952422 0.01908684
 0.02984524 0.04946546 0.67470944] [2.2571548e-03 9.8193020e-01 7.3670046e-03 2.9799843e-03 7.9911132e-04
 1.1450256e-03 5.6300050e-04 1.3331572e-03 1.6253841e-03] [0.00164152 0.0023409  0.0142782  0.00766993 0.00112203 0.01568842
 0.00237708 0.9410694  0.01381248] [1.0659245e-03 1.1662591e-03 6.6731300e-04 3.2760019e-03 9.8002326e-01
 1.0888927e-03 2.0598136e-03 5.4007787e-03 5.2517783e-03] [4.3941123e-04 5.3710834e-04 1.4017498e-04 2.6835027e-04 1.5760987e-04
 3.4210336e-04 1.5012600e-04 9.9786466e-01 1.0045655e-04] [0.00597937 0.00149498 0.00194791 0.00287945 0.00207668 0.00919888
 0.00366901 0.00533005 0.9674237 ] [0.00184538 0.00279458 0.00165456 0.00478449 0.00355174 0.02843309
 0.00137734 0.00150569 0.95405316] [1.4036834e-04 1.2183632e-03 1.8843482e-04 4.3002874e-04 9.9647862e-01
 6.2462164e-04 2.6435079e-04 3.0472182e-04 3.5048224e-04] [0.21078426 0.0614462  0.03896851 0.12453674 0.05004005 0.15203631
 0.05554238 0.0605008  0.24614474] [0.01592884 0.9395627  0.00872939 0.00415533 0.00841594 0.00636746
 0.002889   0.00819202 0.00575931] [2.1136973e-04 1.2010920e-04 1.7067917e-04 3.1048188e-04 1.7010000e-04
 1.6430688e-04 9.9832958e-01 3.3482054e-04 1.8861084e-04] [0.01782493 0.03234455 0.01373265 0.11307442 0.06566395 0.16337235
 0.04714225 0.08362059 0.46322432]",0 4 0 4 4 1 0 3 7 0 2 2 8 0 5 6 6 3 4 1 1 8 6 4 3 0 6 7 0 1 6 3 0 5 2 2 3 6 6 7 6 7 7 8 5 6 2 0 5 7 5 2 2 3 2 2 5 0 7 6 1 4 6 5 6 0 8 8 5 0 3 1 7 4 0 4 7 6 7 7 5 0 2 3 1 7 5 4 5 3 4 0 0 3 2 0 1 4 1 7 1 1 2 0 4 1 6 3 8 1 2 2 2 5 6 8 6 0 7 8 5 1 6 5 0 7 7 8 5 7 5 2 2 5 1 2 5 7 5 6 8 0 4 4 8 2 2 8 8 4 6 3 3 7 0 1 6 4 7 4 2 8 2 5 2 4 0 3 3 4 0 1 3 3 3 8 3 4 5 4 1 5 8 1 6 6 6 7 5 8 3 8 2 1 4 1 8 3 1 3 3 8 8 7 8 1 7 4 7 8 8 4 3 1 6 5
1468,2,xgboost,0.02,2000,2000,0.8333333333333334,0.9786120756172839,"[2.8014416e-04 5.1156234e-04 1.4587545e-03 9.9295068e-01 2.9752671e-04
 1.0477176e-03 5.6848256e-04 5.6184625e-04 2.3233362e-03] [8.77429629e-05 1.72598026e-04 5.77785133e-04 1.05468025e-04
 2.88378244e-04 4.13652789e-03 3.48336878e-04 9.93181527e-01
 1.10155973e-03] [0.02349935 0.01337914 0.02338771 0.03528044 0.01577887 0.04523008
 0.01846772 0.04526674 0.77971   ] [8.5444766e-04 1.0787982e-03 5.4469192e-04 1.3230152e-04 5.0432130e-04
 6.7063165e-04 2.7774609e-04 9.9532133e-01 6.1575259e-04] [9.95063365e-01 3.50803486e-04 4.07866621e-03 1.11359244e-04
 6.83746985e-05 8.81357701e-05 8.32753867e-05 1.17712283e-04
 3.83262050e-05] [6.3802545e-05 1.1460344e-04 9.9889910e-01 3.6041683e-04 6.7164037e-05
 1.8753181e-04 5.5010143e-05 5.5264805e-05 1.9702653e-04] [2.2830096e-01 6.3359935e-04 1.1294619e-02 1.3856634e-03 4.8710059e-04
 8.3105953e-04 7.5431508e-01 5.8280583e-04 2.1691138e-03] [3.8459897e-04 5.7162129e-04 6.7154272e-04 1.8257972e-04 9.9750972e-01
 7.9610807e-05 1.7724694e-04 2.6731219e-04 1.5574291e-04] [5.4381497e-05 3.4667573e-05 2.7647389e-05 2.0974125e-04 8.1129605e-03
 4.2547891e-04 9.9090540e-01 5.6033954e-05 1.7367875e-04] [4.3105616e-04 1.2674605e-03 6.1650207e-04 1.8311354e-03 1.2549887e-03
 4.6619419e-03 9.6766080e-04 9.8218119e-01 6.7880717e-03] [0.04063527 0.06834526 0.06195529 0.12487632 0.39655745 0.03716953
 0.04567434 0.04242012 0.18236648] [9.8699653e-01 1.8764533e-03 5.5028959e-03 1.1147934e-03 2.2173615e-03
 9.6051733e-04 3.8790013e-04 6.1133842e-04 3.3221857e-04] [0.00773066 0.05028532 0.05398171 0.01596853 0.02284524 0.2430883
 0.01240291 0.02414132 0.569556  ] [0.03513835 0.02089055 0.00696413 0.08455121 0.01938034 0.01311423
 0.7584458  0.00995889 0.05155646] [0.02480732 0.01008553 0.03069703 0.2895531  0.01371998 0.03352023
 0.01393476 0.03763697 0.5460451 ] [9.98932183e-01 4.48685139e-04 1.05898376e-04 1.39037205e-04
 6.49835274e-05 1.02029677e-04 6.29089191e-05 5.50931327e-05
 8.91216405e-05] [0.01339536 0.03127606 0.05069983 0.00582586 0.74027556 0.02035295
 0.07851817 0.01764603 0.04201014] [0.03598036 0.08605632 0.06921211 0.18985912 0.0386323  0.11481555
 0.33516505 0.10607027 0.02420895] [3.8674388e-03 5.3961319e-04 8.4127860e-05 2.1362690e-04 5.3360043e-05
 6.4530941e-05 9.9482083e-01 2.8847184e-04 6.7980058e-05] [0.05504376 0.07909188 0.29722872 0.14060399 0.04053519 0.07268576
 0.0766625  0.22662175 0.01152645] [7.4437924e-04 1.4015019e-03 1.5000430e-03 7.8847986e-01 1.2363811e-03
 6.3507457e-04 5.3696492e-04 4.7486837e-04 2.0499094e-01] [7.7221153e-04 1.7311487e-03 1.2332005e-03 5.3570978e-04 2.7941362e-04
 9.4482047e-04 3.9779735e-04 9.9370849e-01 3.9720786e-04] [6.8282727e-03 3.2566019e-04 9.3100691e-04 3.2608781e-04 9.8949111e-01
 4.5430806e-04 7.8657462e-04 6.7398220e-04 1.8293491e-04] [2.5030778e-04 8.5991994e-04 9.9707818e-01 6.9458270e-04 1.6603053e-04
 3.1971192e-04 3.0743168e-04 1.3448102e-04 1.8942702e-04] [0.03365594 0.03240909 0.7528753  0.07697071 0.01470424 0.02505923
 0.01426003 0.04273849 0.00732689] [4.0677233e-04 4.8024259e-03 9.8720402e-01 1.6062633e-03 5.8792927e-04
 3.1662337e-03 1.0407842e-03 6.5596442e-04 5.2966416e-04] [4.3178623e-04 6.1715185e-04 7.0311100e-04 2.2701602e-04 9.9432617e-01
 3.6798225e-04 1.2534255e-03 1.6875758e-03 3.8580908e-04] [4.9806031e-04 2.1048632e-04 1.6239284e-04 2.8601440e-04 9.9700361e-01
 4.2230421e-04 9.6698717e-04 2.4024016e-04 2.0991219e-04] [3.7576669e-04 1.6830852e-03 9.8954469e-01 2.7258610e-03 3.6753001e-04
 5.1446562e-04 4.3654221e-04 2.0728910e-03 2.2791522e-03] [0.00139157 0.07195946 0.41229954 0.48385513 0.00163655 0.00080033
 0.0212303  0.00197425 0.0048529 ] [3.4565982e-04 9.9357021e-01 3.6920714e-03 3.4655994e-04 3.1090359e-04
 4.0661343e-04 2.8154871e-04 5.1593716e-04 5.3053134e-04] [0.00744144 0.00419877 0.00396602 0.94184357 0.00266218 0.00560943
 0.00541182 0.01277696 0.0160898 ] [9.9313003e-01 3.9359764e-04 5.8740559e-03 1.5077769e-04 6.3497908e-05
 7.8079705e-05 5.1538624e-05 2.1390054e-04 4.4493991e-05] [5.1456681e-03 2.5966000e-03 1.3767869e-02 9.5754200e-01 1.6045164e-02
 1.2633330e-03 9.6593826e-04 8.8935153e-04 1.7840383e-03] [1.5308469e-03 7.6120172e-04 4.2162549e-02 9.4654840e-01 8.5008895e-04
 3.7541729e-03 1.4721069e-03 1.0458861e-03 1.8747814e-03] [0.02882987 0.9315966  0.00196843 0.0193099  0.0037247  0.0059724
 0.00307554 0.00317023 0.00235231] [1.2844636e-03 9.9476457e-01 1.6020670e-03 2.9671684e-04 2.7052365e-04
 7.5517787e-04 3.1362596e-04 3.2956764e-04 3.8324916e-04] [4.9897018e-03 9.2384219e-01 2.2033912e-03 6.7461422e-04 6.1311051e-02
 1.9592564e-03 1.2190199e-03 2.4578001e-03 1.3430349e-03] [9.9551171e-01 3.9554466e-04 7.0098089e-04 1.5027899e-03 5.4731034e-04
 5.0251186e-04 9.8431155e-05 5.7098578e-04 1.6966261e-04] [0.00956909 0.00837446 0.00905492 0.78181374 0.00659116 0.11591157
 0.00770357 0.01544889 0.04553258] [0.5730147  0.14869224 0.03051952 0.01559739 0.03754283 0.05322126
 0.03855717 0.03068745 0.07216745] [5.17172622e-04 8.30978679e-05 1.14688504e-04 3.58217600e-04
 1.07162756e-04 9.96709585e-01 9.75639094e-04 3.90079455e-04
 7.44338089e-04] [4.2593610e-04 1.5113633e-03 6.4688426e-04 6.1314501e-04 9.9475396e-01
 5.4681732e-04 3.2534116e-04 8.8173989e-04 2.9475326e-04] [1.1433278e-03 5.3263997e-04 7.8584970e-04 7.3909867e-03 3.4001988e-04
 6.5560499e-04 4.6196997e-02 9.3447590e-01 8.4786182e-03] [0.00359273 0.04475476 0.8518288  0.04018731 0.02211703 0.00898187
 0.0120197  0.01148269 0.00503511] [7.9990998e-05 8.4866559e-05 6.9877606e-05 1.7936666e-04 6.0734277e-05
 9.9577004e-01 9.4026465e-05 2.0707522e-04 3.4540119e-03] [0.00203921 0.00274285 0.003747   0.00911606 0.9615398  0.0094383
 0.00218966 0.00366517 0.00552187] [1.8296575e-03 2.5822982e-04 3.8210124e-05 2.9550358e-03 8.4086132e-05
 2.1326068e-04 9.9392927e-01 5.1132749e-05 6.4106740e-04] [0.00972924 0.00770893 0.0080529  0.9175962  0.00789286 0.01730876
 0.01356954 0.00502569 0.01311585] [0.00172427 0.00119199 0.00212867 0.00963158 0.00172677 0.06145976
 0.8892248  0.00411752 0.02879465] [0.01030073 0.01154011 0.01014659 0.02636186 0.01709785 0.0913936
 0.10598793 0.01353488 0.71363646] [9.6497417e-05 1.4122155e-04 1.5820845e-04 3.9228061e-04 1.6986407e-04
 1.9818607e-03 1.9027592e-04 9.9379599e-01 3.0738381e-03] [0.15144378 0.1934613  0.1605432  0.20577013 0.03591975 0.08252267
 0.03420923 0.06630324 0.06982671] [0.01658314 0.00564196 0.00332576 0.00743172 0.00290429 0.05463519
 0.0143661  0.01548903 0.87962276] [0.00974211 0.01205944 0.02144953 0.01517017 0.07190926 0.02830041
 0.01269044 0.00828645 0.8203922 ] [0.00635353 0.01752543 0.06641629 0.04487825 0.00393728 0.00587313
 0.00169408 0.847376   0.00594606] [5.7878657e-03 9.6156418e-01 1.2844192e-03 4.9682608e-04 6.0066902e-03
 1.8412884e-02 7.2325068e-04 1.1642735e-03 4.5596627e-03] [0.02330554 0.01730367 0.02168473 0.36448318 0.03865995 0.06840767
 0.03086539 0.05289078 0.3823991 ] [0.00591296 0.00362279 0.00282078 0.00603717 0.01228308 0.00616425
 0.00282403 0.00281804 0.95751685] [1.5090194e-02 1.7690416e-03 3.0606962e-03 7.1283983e-04 9.7093844e-01
 8.2950329e-04 4.3109071e-04 1.0919308e-03 6.0763303e-03] [1.4386213e-04 3.9330631e-04 3.6932982e-04 3.0392592e-04 9.9798942e-01
 2.8531300e-04 1.3431039e-04 2.9822486e-04 8.2256462e-05] [0.0431191  0.11122201 0.08618302 0.12248039 0.0258153  0.04567567
 0.01781157 0.491441   0.05625196] [7.1836010e-05 7.5806107e-05 7.8976525e-05 9.2397787e-04 2.5753767e-04
 1.2778650e-03 9.9696594e-01 1.0521024e-04 2.4280082e-04] [1.1026930e-03 1.4041121e-03 7.8608662e-02 8.8593364e-01 8.0601231e-04
 6.3102180e-03 8.9258444e-04 2.3999937e-02 9.4208476e-04] [0.95504326 0.00865153 0.01403151 0.00147291 0.00292818 0.0059411
 0.00658458 0.00357086 0.00177605] [0.05121372 0.2459904  0.40874776 0.04336425 0.03992405 0.0552819
 0.02803577 0.08393822 0.04350392] [0.11479285 0.0258207  0.74460083 0.05637858 0.00818027 0.01042645
 0.02891278 0.00703253 0.00385499] [5.2546496e-03 9.6245944e-01 1.1204986e-02 2.1237375e-04 3.2559503e-03
 9.8248117e-04 9.4202859e-03 4.8229238e-03 2.3868566e-03] [1.9992981e-03 5.8949296e-04 9.8862678e-01 4.3442096e-03 4.3611435e-04
 2.1934310e-04 1.3355984e-03 1.2665746e-03 1.1826125e-03] [2.1758444e-04 2.6421889e-04 9.3132473e-04 2.6960147e-03 2.7552561e-04
 3.2478783e-04 4.6826756e-04 9.8723596e-01 7.5863865e-03] [9.9760252e-01 2.1431885e-04 4.6111620e-04 1.5337112e-04 1.5170692e-04
 3.2958342e-04 7.2265114e-04 1.0772322e-04 2.5696910e-04] [1.9573503e-04 9.6091587e-04 1.9406185e-04 2.3082014e-04 4.2727232e-04
 9.3300117e-04 9.9561042e-01 8.4256916e-04 6.0517743e-04] [1.6533566e-04 1.1462257e-04 7.7715587e-05 6.5914012e-04 5.4995803e-04
 9.9801648e-01 6.0184157e-05 1.2117564e-04 2.3542721e-04] [2.4762723e-04 3.4880068e-04 1.0849271e-03 4.1030775e-04 1.5738494e-04
 5.2704237e-04 4.3710665e-04 9.9631137e-01 4.7538875e-04] [0.01621033 0.01079738 0.01870611 0.04435035 0.01904526 0.7384449
 0.05952208 0.03389227 0.05903132] [0.00208146 0.00677863 0.0076294  0.00573255 0.0068838  0.01067029
 0.9257164  0.01395996 0.02054748] [0.8848586  0.00798067 0.06699075 0.00198904 0.00496548 0.01539127
 0.00481951 0.00509042 0.00791428] [0.01968142 0.02419837 0.01308126 0.01160087 0.01149339 0.07262494
 0.01090993 0.8085399  0.02786988] [3.9466290e-04 8.6078345e-04 6.3117623e-04 6.2814346e-03 2.1604965e-04
 3.0702542e-04 1.3932395e-04 9.9079585e-01 3.7361780e-04] [0.00263353 0.04005606 0.9447339  0.00244467 0.00169848 0.00154886
 0.00242108 0.00279962 0.00166383] [0.01939314 0.08142924 0.7309751  0.02096251 0.01964799 0.01287616
 0.01846147 0.02801715 0.06823721] [0.00179794 0.9555084  0.00506153 0.00413583 0.00193074 0.02601952
 0.0021273  0.00208146 0.00133722] [1.3801678e-03 2.3204719e-03 7.3243874e-01 2.8322837e-03 1.2951239e-03
 1.5176149e-03 1.2103919e-03 2.5638783e-01 6.1737816e-04] [9.8996091e-01 3.7525973e-04 9.1406265e-03 3.0258569e-05 9.2962560e-05
 1.4868556e-04 3.5119709e-05 1.2820982e-04 8.7983462e-05] [0.02570757 0.41856563 0.03410527 0.02965659 0.06010319 0.30227047
 0.02435452 0.03869867 0.0665381 ] [0.31672177 0.15151553 0.04894796 0.02750011 0.06306213 0.12513876
 0.03454705 0.04944992 0.18311682] [0.81216925 0.02785979 0.02739172 0.00539163 0.00451436 0.00458854
 0.03478236 0.04815864 0.03514366] [0.0546294  0.27555785 0.16311815 0.05916015 0.0721017  0.11362741
 0.05312591 0.1236984  0.08498102] [4.7320902e-04 8.4412948e-04 2.6032343e-04 2.9892160e-03 5.3439074e-04
 1.4012714e-02 9.7924805e-01 8.1764359e-04 8.2036835e-04] [6.7037246e-03 3.4749592e-03 4.1037297e-04 3.2735296e-04 8.1292767e-04
 5.5907859e-04 9.8669749e-01 5.7272532e-04 4.4142592e-04] [2.1373369e-03 4.6352432e-03 1.5995889e-03 1.4431841e-03 5.7357032e-04
 1.0717410e-03 9.5224229e-04 9.8652810e-01 1.0589700e-03] [9.9934465e-01 1.0673748e-04 7.9905098e-05 1.4728199e-04 7.0432267e-05
 1.0366061e-04 3.2914493e-05 7.2793147e-05 4.1649382e-05] [1.8623225e-04 1.0656100e-03 4.3688671e-04 1.8086833e-04 9.9767512e-01
 3.1793050e-05 1.2043179e-04 2.5942017e-04 4.3683900e-05] [1.48664389e-04 4.54656489e-04 3.98341974e-04 5.93029603e-04
 9.97786760e-01 3.87274078e-04 6.03512126e-05 1.09161105e-04
 6.17549522e-05] [8.9643704e-04 9.8406154e-01 8.6538466e-03 4.7193479e-04 2.8755623e-04
 1.1168772e-03 1.9754481e-03 1.8205945e-03 7.1577623e-04] [9.8988801e-01 8.8244490e-04 7.2705478e-04 2.0429599e-03 7.4697542e-04
 1.5568453e-03 7.5720897e-04 1.5031308e-03 1.8953347e-03] [0.00153018 0.01183825 0.00461907 0.00195151 0.00206675 0.00122768
 0.00440557 0.9677935  0.00456744] [0.02269902 0.2679812  0.4623622  0.03374464 0.02807717 0.04832821
 0.06650919 0.02897192 0.04132643] [0.0076973  0.01024995 0.00428122 0.00213031 0.00107202 0.0048684
 0.00797984 0.32700515 0.6347158 ] [0.00351828 0.05933921 0.0032934  0.8333365  0.00502881 0.0175538
 0.00772386 0.04920759 0.02099862] [2.3410916e-03 9.8038197e-01 2.7376583e-03 2.2001206e-03 1.0018585e-03
 1.3044897e-03 8.2915965e-03 5.9839222e-04 1.1428507e-03] [3.0051617e-04 6.9400360e-04 4.7530679e-04 6.6587055e-04 2.0722774e-04
 1.6707113e-03 9.9493474e-01 8.1876025e-04 2.3285025e-04] [0.01127353 0.87405705 0.07295069 0.00537481 0.00636869 0.01028148
 0.00754809 0.00562295 0.00652272] [0.13569358 0.01868757 0.02337831 0.08161661 0.01131696 0.5917272
 0.02787796 0.01931706 0.09038474] [7.1658735e-04 2.7542366e-03 2.6233045e-03 9.5423234e-01 8.9989882e-04
 2.3405693e-02 2.0884799e-03 9.9208932e-03 3.3585564e-03] [9.7907341e-01 2.0286641e-03 1.0426207e-02 1.1295270e-03 8.9390780e-04
 2.3649735e-03 1.0157153e-03 1.4331422e-03 1.6344453e-03] [2.1798609e-04 2.1532239e-04 2.2269179e-04 8.2057843e-04 9.9675190e-01
 2.6060050e-04 2.7344501e-04 3.1006426e-04 9.2747866e-04] [0.00660602 0.00464213 0.00639508 0.00975272 0.0036704  0.907126
 0.0036636  0.01291191 0.04523215] [2.0601817e-04 1.4236106e-03 9.9555606e-01 3.0498169e-04 2.8573998e-04
 1.4565654e-04 1.2287356e-04 3.1498467e-04 1.6401410e-03] [1.9036872e-04 6.6370890e-04 3.1990980e-04 1.0229926e-04 9.9794465e-01
 2.9765943e-04 1.3055281e-04 8.1925224e-05 2.6892388e-04] [0.05112215 0.14214507 0.04691032 0.36830342 0.08847397 0.19854757
 0.02331166 0.02305687 0.05812902] [0.05963595 0.13869864 0.06210031 0.07914805 0.06402446 0.15368511
 0.0786266  0.18889236 0.17518851] [5.9137577e-03 2.5430258e-04 1.2902418e-04 6.4986164e-04 6.8137721e-05
 1.6621138e-04 9.8869216e-01 1.4013198e-03 2.7252545e-03] [1.6811030e-04 2.1771922e-04 2.2674717e-04 1.6629205e-04 9.9865061e-01
 5.5207551e-05 2.0318179e-04 1.3360985e-04 1.7857010e-04] [0.0378792  0.2613076  0.24849707 0.18158281 0.05259226 0.02614154
 0.05088827 0.09002122 0.05109004] [0.07587572 0.0375548  0.02205898 0.08545746 0.03636535 0.07441168
 0.0475487  0.07801781 0.54270947] [6.0463563e-04 1.6289360e-04 3.7937955e-04 1.4313430e-03 1.6886836e-04
 9.9672735e-01 1.3224478e-04 1.3060639e-04 2.6265925e-04] [0.00247223 0.00179974 0.00806377 0.00885076 0.00793261 0.02520983
 0.00565405 0.00532411 0.9346929 ] [0.2754315  0.04068438 0.12785172 0.03760999 0.0184357  0.10728416
 0.15569927 0.02963391 0.20736936] [0.00724393 0.03794318 0.8019049  0.04056453 0.07043128 0.00845962
 0.01084199 0.01323063 0.00937987] [6.8637833e-04 8.9462526e-04 1.4421429e-03 1.3270081e-03 2.5543438e-03
 3.0350992e-03 9.7961867e-01 2.0631675e-03 8.3785141e-03] [8.2576333e-04 8.8590163e-01 1.0499129e-01 1.3122258e-03 7.6954404e-04
 9.4611582e-04 2.8292348e-03 1.1687863e-03 1.2553600e-03] [1.8840587e-04 1.1717245e-04 2.2206265e-04 2.0852282e-04 9.9810201e-01
 8.2540944e-05 1.2599380e-04 8.1471674e-04 1.3861277e-04] [8.6029107e-04 3.0898803e-04 3.0600277e-04 1.5283616e-03 5.1230524e-04
 9.9365789e-01 8.9205691e-04 5.2130769e-04 1.4128174e-03] [0.03611299 0.11291125 0.05649681 0.03912097 0.02826465 0.5339999
 0.03002424 0.12312884 0.03994033] [0.04095597 0.23628582 0.11867987 0.32567453 0.035731   0.03452601
 0.04969852 0.04643238 0.11201593] [0.00354359 0.00134165 0.01327011 0.93464404 0.00389316 0.00332753
 0.00369673 0.00331803 0.03296517] [1.6258740e-03 9.8603058e-01 1.4973991e-03 6.3653110e-04 7.1609853e-04
 7.5703562e-04 8.3788775e-04 7.4763638e-03 4.2223310e-04] [0.894444   0.00869924 0.01132427 0.00521464 0.00304742 0.06489693
 0.00522992 0.00239675 0.00474683] [1.8875481e-04 5.7156547e-04 4.1803086e-04 9.9624395e-01 2.1087706e-04
 8.1449549e-04 1.9157447e-04 1.8434784e-04 1.1764594e-03] [9.9059534e-01 2.2024271e-04 1.2087172e-04 1.1927000e-04 8.0311475e-03
 4.7146386e-04 1.1722508e-04 1.9061564e-04 1.3381896e-04] [0.08174364 0.42298844 0.02657272 0.03576978 0.01595862 0.01127103
 0.2356031  0.11219163 0.05790108] [4.9798813e-04 1.9713833e-04 7.6917539e-05 5.5909075e-04 3.6831552e-04
 4.1316673e-03 9.9253583e-01 1.3451785e-04 1.4985813e-03] [3.6878313e-04 3.6574822e-04 1.2144708e-04 2.2603539e-04 1.2310703e-04
 9.9778926e-01 4.2599082e-04 1.9398842e-04 3.8562709e-04] [0.06698988 0.25623327 0.12844378 0.03077698 0.02630408 0.0813555
 0.08409972 0.21265328 0.11314353] [0.00334656 0.01756438 0.03332113 0.91330373 0.00231598 0.00935104
 0.00250326 0.01463591 0.003658  ] [0.00474831 0.00413505 0.01424596 0.06127079 0.00734536 0.02629776
 0.05204104 0.81091285 0.01900291] [0.6623799  0.0834707  0.04427981 0.03552391 0.02834403 0.01663909
 0.06707083 0.0439209  0.01837077] [0.03608068 0.06079717 0.7559607  0.03409434 0.01341148 0.00719676
 0.01136445 0.06200458 0.01908985] [0.03724216 0.0602835  0.10414864 0.05733559 0.0430588  0.07946263
 0.06307224 0.11298219 0.44241422] [2.36509281e-04 1.13043534e-04 6.12407166e-05 1.55035290e-04
 4.62298267e-05 9.98896718e-01 1.72081069e-04 3.35089790e-05
 2.85639922e-04] [0.00780932 0.00275004 0.01382052 0.01187104 0.00702894 0.04611677
 0.0111354  0.00496446 0.8945035 ] [1.3403759e-03 2.7767753e-03 1.1827479e-03 2.1164033e-03 9.7934794e-01
 2.7509904e-03 6.1665021e-04 2.5926463e-03 7.2753904e-03] [4.31410590e-04 9.96951938e-01 1.05446519e-03 1.46503997e-04
 9.08764050e-05 1.60261960e-04 1.70127445e-04 1.14749106e-04
 8.79641273e-04] [0.02026444 0.24080035 0.5719039  0.04374169 0.03138995 0.02389168
 0.02085216 0.03522549 0.01193036] [7.9243880e-04 2.4567510e-04 3.0150442e-04 3.0106339e-03 9.8039617e-04
 2.7864280e-03 2.9175752e-04 7.7091268e-04 9.9082023e-01] [1.4408537e-03 1.0213704e-03 7.2021555e-04 4.7353678e-03 9.8854381e-01
 1.1276514e-03 3.6228113e-04 9.3437458e-04 1.1140310e-03] [4.7677243e-04 8.8724168e-04 9.8877114e-01 1.1460750e-03 4.5121447e-04
 3.6599275e-04 6.5046950e-04 4.8933951e-03 2.3577064e-03] [0.2319758  0.06539898 0.10300078 0.0499533  0.04256399 0.1164102
 0.07536758 0.03998058 0.27534878] [8.9172587e-05 1.1874419e-04 3.4799092e-04 1.4258492e-04 9.9878472e-01
 1.3853876e-04 1.1485366e-04 2.1789139e-04 4.5516892e-05] [9.9436164e-01 3.9517001e-04 4.2948108e-03 3.5679142e-04 1.2759188e-04
 1.2278550e-04 9.6963166e-05 6.3832667e-05 1.8042896e-04] [4.2294568e-04 1.0905390e-03 6.6241308e-04 3.3254232e-04 6.8917189e-04
 6.5379636e-04 2.8082140e-04 9.9487752e-01 9.9027832e-04] [0.00714944 0.01477808 0.01500959 0.08930098 0.01200498 0.73160446
 0.01470435 0.03118653 0.08426157] [0.02542383 0.94521284 0.01644839 0.00298114 0.00229659 0.00124997
 0.00246079 0.00170948 0.00221697] [4.5307080e-04 9.8102039e-04 5.7961576e-04 5.9362949e-04 9.9300247e-01
 2.1155556e-03 4.3881021e-04 1.4455687e-03 3.9027355e-04] [4.1291097e-04 1.9848261e-03 3.9260359e-03 9.8592860e-01 4.7211105e-04
 3.6321706e-03 2.6998459e-04 1.6829682e-03 1.6903868e-03] [9.9864119e-01 2.5094274e-04 2.5659127e-04 1.1761236e-04 1.3529381e-04
 2.2152440e-04 9.1863585e-05 1.6183703e-04 1.2317221e-04] [0.01129952 0.00607297 0.9161155  0.01325693 0.00394701 0.02529039
 0.01429791 0.00441375 0.00530597] [1.2330950e-04 6.1529783e-05 4.4349188e-05 2.2766966e-04 1.7620435e-04
 9.9816245e-01 8.0901053e-05 2.0391562e-04 9.1969804e-04] [2.3153683e-04 2.6325979e-03 9.9528933e-01 7.3339092e-04 2.0375592e-04
 2.5634342e-04 3.5693325e-04 1.6690990e-04 1.2920229e-04] [5.0241809e-04 2.6639350e-04 1.0722346e-03 1.5430719e-03 9.9609512e-01
 1.3429423e-04 6.9645226e-05 1.3801477e-04 1.7876287e-04] [0.00099383 0.03721136 0.00154356 0.94188184 0.00107651 0.00536717
 0.00728835 0.00147632 0.003161  ] [0.04026837 0.03921813 0.19150823 0.29696792 0.03852916 0.10387168
 0.05152273 0.06583521 0.1722786 ] [8.3318801e-04 3.4061464e-04 3.6014730e-04 4.6687112e-03 1.7504229e-03
 9.8524871e-04 4.1671721e-03 9.8317784e-01 3.7167158e-03] [0.80960053 0.00912922 0.00572734 0.00262816 0.00221242 0.00938637
 0.00442061 0.00178562 0.15510973] [0.02428136 0.00202818 0.00532899 0.00761815 0.00475985 0.22746794
 0.01813195 0.00532488 0.7050587 ] [3.6657013e-03 9.9287617e-01 2.0801059e-03 1.7753824e-04 1.5900422e-04
 2.7669963e-04 2.6300733e-04 2.6738818e-04 2.3435897e-04] [0.02188172 0.03768844 0.01054542 0.048809   0.02525831 0.10390796
 0.0433148  0.07355888 0.63503546] [9.9879199e-01 8.6852458e-05 3.7786076e-04 1.3385848e-04 1.9022153e-04
 1.5522941e-04 9.6147087e-05 8.2024191e-05 8.5818821e-05] [9.8611730e-01 3.9885980e-03 1.5540003e-03 8.1920216e-04 3.8927130e-04
 4.6041757e-03 5.7468575e-04 6.7859143e-04 1.2741234e-03] [1.5219698e-03 9.8734367e-01 1.4082982e-03 5.7047582e-04 3.5179712e-04
 4.5878384e-03 6.3258869e-04 6.6652265e-04 2.9168765e-03] [3.0611784e-04 3.6940866e-04 8.0254028e-04 9.9589515e-01 2.0064213e-04
 4.5322947e-04 8.3965843e-04 3.9366930e-04 7.3964853e-04] [3.8652830e-03 9.8632461e-01 9.3929598e-04 4.0551086e-04 3.5038176e-03
 8.8456238e-04 6.1002973e-04 9.2688255e-04 2.5400277e-03] [4.0980336e-05 4.3751206e-05 1.0479436e-04 7.6587970e-04 6.5115164e-05
 1.2919426e-04 9.9758124e-01 7.2583884e-05 1.1964496e-03] [1.3844861e-03 2.5483713e-04 1.7580115e-04 1.4211180e-03 1.2022309e-03
 3.1524687e-03 9.9041814e-01 4.0586616e-04 1.5850693e-03] [9.4121518e-05 1.3855261e-04 7.9672122e-05 6.8688643e-04 9.9786490e-01
 4.4688754e-04 8.5234606e-05 1.7247707e-04 4.3124822e-04] [0.0349475  0.01839865 0.02531678 0.23582229 0.03156553 0.07025747
 0.04286785 0.03293968 0.50788426] [1.2703023e-03 1.0293768e-03 3.2300747e-03 2.1857311e-04 9.9201876e-01
 3.9685247e-04 9.1530907e-04 4.2744956e-04 4.9332558e-04] [5.35505023e-05 2.02065494e-04 9.98989761e-01 4.02000849e-04
 6.57880664e-05 8.71504599e-05 1.07738655e-04 5.08378107e-05
 4.10493885e-05] [0.00163405 0.9632511  0.01923432 0.00335031 0.00096694 0.00247562
 0.00243537 0.00261783 0.00403447] [0.04703248 0.08064742 0.16848929 0.30745578 0.0359972  0.06301063
 0.12772767 0.09145074 0.07818878] [0.01958883 0.06047563 0.02928798 0.17608358 0.0187732  0.38436094
 0.09206392 0.05573312 0.16363281] [3.5398171e-04 5.8056092e-05 5.6609744e-05 4.7678122e-04 1.4138239e-04
 9.9846184e-01 6.1999563e-05 1.8533974e-04 2.0398204e-04] [1.0871614e-03 9.8647726e-01 6.8878834e-03 1.6137367e-03 4.2314650e-04
 6.2727596e-04 3.5720866e-04 4.4015175e-04 2.0861954e-03] [1.5211613e-04 5.4522307e-04 2.1341420e-04 6.2944979e-04 5.3836172e-04
 2.3950520e-04 8.3130132e-04 9.9646109e-01 3.8954767e-04] [9.9624783e-01 1.3626309e-03 8.8470773e-04 3.5382484e-04 2.2692997e-04
 1.6883106e-04 1.8324358e-04 3.1219574e-04 2.5982590e-04] [1.8192355e-04 4.4979647e-04 3.2040922e-04 8.3488936e-05 1.8611542e-04
 8.6582795e-04 9.9768162e-01 1.4258917e-04 8.8237917e-05] [4.2607606e-04 4.0731789e-04 2.8998032e-04 9.8347501e-04 3.9932993e-04
 1.0009900e-03 2.2304126e-03 9.9140561e-01 2.8568453e-03] [0.00121763 0.00343962 0.00101133 0.00858011 0.00121768 0.93995535
 0.00196561 0.00953651 0.03307613] [9.5661182e-04 4.0578917e-03 9.8367876e-01 1.2007202e-03 7.1252586e-04
 5.8417362e-03 1.1385289e-03 1.7582396e-03 6.5491110e-04] [0.00468373 0.9422257  0.0321455  0.00615015 0.00182709 0.00136148
 0.00137327 0.00608103 0.00415206] [0.00821328 0.03491988 0.00322843 0.01032189 0.01239394 0.00764762
 0.01338168 0.01477064 0.89512265] [1.6132926e-03 7.8130595e-04 4.3961496e-05 7.2394282e-04 6.3279469e-04
 1.4673619e-04 9.9560899e-01 2.3776488e-04 2.1122296e-04] [0.14041476 0.28291684 0.0672381  0.08797732 0.07391113 0.08613454
 0.07253993 0.11634769 0.07251965] [4.6288557e-03 1.2174291e-03 1.8034454e-02 9.3592042e-01 8.7984197e-04
 2.9704554e-02 1.0926694e-03 4.0257196e-03 4.4960734e-03] [8.2568580e-04 3.7660694e-04 2.9555339e-04 6.8763661e-04 6.1503559e-04
 1.1700690e-03 9.9481249e-01 2.3532067e-04 9.8163204e-04] [0.08382729 0.3953781  0.11033566 0.03810199 0.12977949 0.06810068
 0.04906579 0.05745542 0.06795555] [1.7136112e-03 7.3648449e-03 9.6184170e-01 1.9924918e-03 1.3996480e-03
 9.8758889e-03 8.3399808e-04 1.2435439e-03 1.3734231e-02] [1.6274561e-04 1.2746864e-03 7.0031011e-01 2.9705387e-01 2.9098941e-04
 1.9295359e-04 2.2474556e-04 2.1648618e-04 2.7338217e-04] [7.4052549e-04 5.8973352e-03 2.8972991e-02 9.1999942e-01 1.4490933e-03
 2.2862080e-02 1.2118164e-03 9.3898567e-04 1.7927794e-02] [3.68339912e-04 8.28673437e-05 4.40462100e-05 1.35518509e-04
 7.81024792e-05 9.98526931e-01 5.28055709e-04 1.07019274e-04
 1.29068227e-04] [7.0513495e-05 1.3091296e-04 8.5086576e-05 2.7837662e-04 9.9885166e-01
 8.3813226e-05 9.5072326e-05 3.5686564e-04 4.7644156e-05] [0.05263636 0.01944054 0.03846781 0.01526842 0.01530381 0.0337757
 0.02555271 0.01823407 0.7813206 ] [1.3105683e-03 8.8815193e-04 1.9299292e-03 9.9450421e-01 5.2972679e-04
 1.8426192e-04 2.4051225e-04 3.4749624e-04 6.5118002e-05] [4.7109876e-04 9.9519891e-01 1.7838688e-03 3.4455213e-04 3.5239849e-04
 7.5876008e-04 3.8799748e-04 4.8734454e-04 2.1513869e-04] [1.18288495e-04 5.89224335e-04 4.64733923e-04 1.27371715e-03
 1.37900657e-04 4.08443768e-04 1.33209716e-04 9.96496737e-01
 3.77716322e-04] [9.9896669e-01 6.4636304e-05 7.8583158e-05 4.8766090e-04 7.4289441e-05
 1.3825395e-04 6.9391870e-05 7.7928577e-05 4.2539119e-05] [0.58796394 0.0097629  0.00907331 0.04496786 0.01600196 0.06095814
 0.01402207 0.05824064 0.19900921] [1.39839511e-04 3.64738400e-04 4.54652961e-03 2.60597182e-04
 9.93467987e-01 3.25280533e-04 2.62720714e-04 5.17630600e-04
 1.14707225e-04] [3.29247741e-05 1.14433620e-04 3.98683187e-05 1.98048539e-04
 1.12944035e-04 1.49931206e-04 9.98722970e-01 5.93009536e-05
 5.69495722e-04] [6.1658621e-03 2.6587184e-04 3.0696980e-04 9.7272903e-01 2.2901998e-04
 2.6239245e-04 2.1988685e-04 1.5377911e-03 1.8283138e-02] [9.98424292e-01 3.69278365e-04 1.16089046e-04 1.61437652e-04
 2.17416353e-04 9.50967442e-05 2.51911231e-04 1.14027956e-04
 2.50478915e-04] [4.2290412e-04 9.9810094e-01 2.0908494e-04 2.2027128e-04 1.9562973e-04
 8.9930778e-05 1.4554142e-04 5.5232417e-04 6.3374449e-05] [5.39832166e-04 2.52843107e-04 1.21202116e-04 2.02246034e-03
 3.54982942e-04 6.32468658e-03 4.96289285e-04 9.72692847e-01
 1.71948969e-02] [1.1693304e-03 1.9102043e-02 2.2943348e-04 3.3068980e-04 9.7442585e-01
 1.4267453e-03 1.9329627e-03 7.3795643e-04 6.4504019e-04] [2.6093071e-04 1.4445656e-04 1.6406158e-04 3.0703834e-04 1.9542938e-04
 3.8914839e-04 9.9768269e-01 4.7040955e-04 3.8583070e-04]",3 7 5 7 0 2 8 4 6 7 2 0 2 6 8 0 6 2 6 8 8 7 4 2 2 2 4 4 2 3 1 3 0 3 3 1 1 1 0 3 3 5 4 7 2 5 4 6 5 6 8 7 8 8 6 7 1 8 8 4 4 7 6 2 0 2 3 1 2 7 0 6 5 7 5 6 0 7 7 1 2 1 7 0 5 6 8 5 6 6 7 0 4 4 1 0 7 1 8 3 1 6 1 5 3 0 4 5 2 4 5 5 6 4 5 8 5 8 8 2 6 1 4 5 3 3 3 1 0 3 0 8 6 5 7 3 7 0 2 8 5 8 4 1 3 8 4 2 0 4 0 7 7 1 4 3 0 2 5 2 4 3 3 7 8 8 1 8 0 0 1 3 1 6 6 4 5 4 2 1 2 5 5 1 7 0 6 7 5 2 1 8 6 5 3 6 8 2 2 3 5 4 8 3 1 7 0 0 4 6 3 0 1 7 4 6
1468,3,xgboost,0.02,2000,2000,0.9074074074074074,0.9909818672839505,"[0.3095685  0.04461833 0.07101723 0.03998924 0.03086497 0.26864067
 0.02808247 0.03905394 0.16816467] [1.2147154e-04 1.4094251e-03 9.9676311e-01 4.9292459e-04 2.2210341e-04
 1.4599010e-04 2.5897051e-04 2.3505400e-04 3.5091376e-04] [0.00679447 0.004588   0.00154039 0.01890552 0.00747465 0.00704712
 0.5214419  0.00228938 0.4299186 ] [0.00395787 0.02367471 0.15220067 0.7506628  0.00313812 0.03780087
 0.00458788 0.00997727 0.01399978] [0.00318625 0.00251118 0.00418755 0.97177505 0.001679   0.00232381
 0.00227823 0.00507603 0.00698287] [2.6653931e-04 6.7053369e-04 2.6263762e-04 3.3364538e-04 1.8659458e-04
 9.9504590e-01 3.2696067e-04 3.8346212e-04 2.5237759e-03] [9.8036500e-05 1.2398789e-04 9.0301757e-05 2.8732538e-04 1.7260028e-04
 9.9761057e-01 6.0120446e-04 4.2034066e-04 5.9562630e-04] [1.50199965e-04 1.11356995e-03 2.05308999e-04 1.65121528e-04
 9.97316182e-01 3.38419835e-04 1.18889584e-04 4.17349889e-04
 1.74949644e-04] [0.00509025 0.02073427 0.86179346 0.03867563 0.0061011  0.03201891
 0.01394056 0.01266787 0.00897793] [0.00958871 0.01284342 0.00798383 0.7862912  0.00513283 0.01238085
 0.00540476 0.13499725 0.02537717] [4.0626762e-04 7.3685462e-04 3.7719913e-02 9.4035912e-01 5.2996562e-04
 5.6357146e-03 1.0934962e-03 1.0742238e-03 1.2444458e-02] [9.9304539e-01 6.0338899e-04 6.1910722e-04 8.3060830e-04 1.2226688e-03
 7.4957672e-04 3.2301550e-04 3.6751560e-04 2.2387791e-03] [1.7202974e-04 1.8601470e-04 3.1384284e-04 3.5116632e-04 1.7934281e-04
 1.0976544e-04 2.8336523e-04 9.9833786e-01 6.6599918e-05] [0.01992085 0.01361788 0.31473002 0.34363806 0.0247638  0.16527165
 0.00990176 0.09099736 0.0171586 ] [5.1339838e-04 9.8823816e-01 5.3246585e-03 2.9942350e-04 1.1008123e-03
 7.2268606e-04 5.1325589e-04 2.0962041e-03 1.1913896e-03] [0.07376263 0.01367402 0.00749343 0.01486604 0.00604742 0.02308018
 0.02033075 0.00469736 0.8360482 ] [1.67144914e-04 1.08036125e-04 8.35827814e-05 9.32301336e-04
 9.94518340e-01 5.99988620e-04 9.28530644e-05 2.87862320e-04
 3.20987124e-03] [3.7555510e-04 1.2864677e-03 2.8145569e-04 1.4418813e-03 6.7179289e-04
 9.9232930e-01 1.3529174e-03 6.9698901e-04 1.5636720e-03] [0.0117119  0.00718342 0.00672365 0.0334303  0.01648381 0.04630209
 0.0348989  0.01298542 0.83028054] [0.00414859 0.00114659 0.00319959 0.02467685 0.00359103 0.01053668
 0.00685645 0.9394523  0.00639198] [5.9254101e-04 2.0208403e-03 4.4188488e-04 4.4998020e-04 9.9508345e-01
 2.8136853e-04 3.2263398e-04 2.6916311e-04 5.3813914e-04] [0.08030026 0.04914431 0.08581734 0.0844391  0.04039031 0.33124036
 0.064468   0.10733453 0.15686582] [6.24088338e-04 1.13903516e-04 1.46849707e-04 5.79193351e-04
 1.01527155e-04 9.95096266e-01 7.77750800e-04 7.31083332e-04
 1.82932068e-03] [3.6391005e-04 2.4867067e-04 1.5606056e-04 5.0018500e-03 4.1446040e-04
 9.7237927e-01 4.6778965e-04 4.7199167e-03 1.6248127e-02] [9.9384379e-05 1.7529684e-04 1.6696546e-04 2.7235929e-04 9.7385644e-05
 1.8470750e-04 9.9804109e-01 2.6597831e-04 6.9682230e-04] [9.9670756e-01 6.3054019e-04 1.7470287e-04 3.5579511e-04 3.3073957e-04
 6.8273558e-04 4.9568992e-04 3.2589497e-04 2.9630968e-04] [0.01571684 0.00907396 0.02358286 0.11103304 0.01829319 0.03997997
 0.02596505 0.02157488 0.7347802 ] [2.0915628e-04 1.7585210e-03 3.6444890e-04 9.9148427e-05 9.9378574e-01
 4.3136990e-04 8.8031183e-04 1.6668899e-03 8.0447330e-04] [1.0553368e-02 5.6044589e-04 9.8359871e-01 5.8056589e-04 8.0379070e-04
 1.4754825e-03 3.0938810e-04 4.1962732e-04 1.6985565e-03] [3.79489531e-04 1.59878458e-04 3.59909586e-03 9.91903603e-01
 1.68953877e-04 2.09375378e-03 8.72533477e-04 1.12213274e-04
 7.10459426e-04] [8.7211223e-04 9.5579168e-04 2.0763084e-04 1.9705563e-04 9.9438149e-01
 1.8914319e-03 3.2565295e-04 4.0504010e-04 7.6384906e-04] [9.8471129e-01 9.0768683e-04 1.0885819e-03 3.7755975e-03 5.8465212e-04
 5.2875471e-03 4.3237809e-04 1.1494170e-03 2.0628173e-03] [2.0428686e-03 1.4276777e-03 9.8078936e-01 3.5865023e-03 1.5641439e-03
 4.3756277e-03 2.7028534e-03 2.5889627e-03 9.2198944e-04] [5.4617983e-04 3.3665597e-04 8.7796547e-04 4.6186484e-04 9.9621385e-01
 5.3112826e-04 1.9333595e-04 6.0852041e-04 2.3046631e-04] [0.00605114 0.00998066 0.9393499  0.00998031 0.00245623 0.00444836
 0.00286624 0.0208818  0.00398537] [7.8314549e-04 1.0742025e-03 7.0968998e-04 4.8555271e-03 8.6186151e-04
 1.6043897e-03 9.8454249e-01 1.0663142e-03 4.5024571e-03] [0.01525914 0.03354811 0.80242836 0.05888691 0.01099137 0.02570304
 0.02276019 0.0153854  0.01503747] [9.9860281e-01 1.8682009e-04 3.2750727e-04 3.0259014e-04 9.0469104e-05
 4.9847706e-05 4.8540860e-05 1.0633660e-04 2.8514006e-04] [3.27164365e-04 6.56083575e-04 3.56628880e-04 1.80982533e-04
 2.93493707e-04 2.52594182e-04 1.00144025e-04 9.97597039e-01
 2.35822765e-04] [9.0027973e-03 6.9063064e-04 7.7763217e-04 2.5049341e-04 8.7480748e-04
 1.8934659e-03 9.8392385e-01 1.7770156e-03 8.0932002e-04] [0.08347421 0.03487785 0.02854712 0.39575246 0.02250835 0.01825241
 0.15990998 0.05613441 0.20054324] [6.6085762e-05 3.7744723e-04 8.8181980e-05 1.2534406e-04 4.8679121e-05
 1.6815650e-04 9.9900800e-01 3.4133725e-05 8.3958112e-05] [1.7839312e-04 9.9620998e-01 2.4880475e-04 4.7399141e-04 1.7328106e-04
 1.7175962e-03 2.2902220e-04 3.4148362e-04 4.2744522e-04] [9.2165043e-05 8.5389544e-04 1.9749834e-03 1.6646936e-04 9.9611050e-01
 3.0569269e-04 1.3067514e-04 3.0932383e-04 5.6262477e-05] [4.3291290e-04 1.0376304e-03 9.9386024e-01 5.1083794e-04 4.6409000e-04
 1.6155716e-03 4.8786032e-04 1.0553799e-03 5.3542608e-04] [0.00414402 0.00784502 0.00645068 0.00313349 0.9295075  0.01177392
 0.00771486 0.00722274 0.02220775] [1.8501493e-04 2.1871980e-02 3.5899959e-04 1.0443783e-03 2.8675603e-04
 1.0266439e-03 9.7359258e-01 1.0231492e-03 6.1049539e-04] [2.0614646e-04 2.1886014e-04 4.0550818e-04 1.1984862e-04 9.9774194e-01
 1.9893225e-04 3.6550665e-04 2.4825017e-04 4.9506559e-04] [0.00944861 0.15579966 0.03109466 0.35013688 0.01933164 0.01410648
 0.1393651  0.0437981  0.23691884] [0.07967975 0.03786052 0.07219117 0.07665394 0.02671422 0.14580311
 0.10020423 0.16552663 0.29536647] [2.9941110e-04 9.9270838e-01 7.6749962e-04 6.9261249e-04 5.3103926e-04
 1.0134560e-03 2.4296052e-03 4.4549390e-04 1.1125713e-03] [0.01659404 0.00358475 0.00332985 0.00208065 0.00502272 0.00410895
 0.00238035 0.94171923 0.02117946] [0.02659159 0.01436495 0.02659638 0.164861   0.03620037 0.18152177
 0.05583888 0.03708445 0.45694065] [0.10643356 0.11844187 0.25488642 0.08137769 0.02824237 0.126407
 0.01849679 0.07543955 0.19027479] [9.97499883e-01 1.15315524e-04 1.74633961e-03 9.05473353e-05
 7.23768171e-05 1.11897854e-04 2.26484161e-04 6.28118287e-05
 7.43257478e-05] [9.2622009e-04 9.9174130e-01 7.3877216e-04 1.1102421e-04 6.0249196e-04
 7.3190778e-04 1.2218988e-03 2.6730935e-03 1.2532462e-03] [7.8962330e-04 9.8383820e-01 2.2260745e-03 3.8974799e-04 1.1018632e-03
 1.6231866e-03 6.8467841e-03 1.1985453e-03 1.9859059e-03] [3.1697334e-04 4.3693956e-04 2.3244668e-04 8.3927566e-04 2.1844823e-04
 1.3630682e-03 5.0516106e-04 9.9504858e-01 1.0391257e-03] [0.01798977 0.03930898 0.13372634 0.09434189 0.02713055 0.29231668
 0.03445471 0.0628954  0.29783565] [0.00853178 0.09089024 0.7189602  0.01468576 0.02376294 0.03219296
 0.03211107 0.0381368  0.04072823] [9.8599327e-01 1.3272132e-03 7.0843226e-03 9.7257626e-04 4.7472256e-04
 6.7159836e-04 1.1396868e-03 1.1878199e-03 1.1487427e-03] [1.17773154e-04 3.84247134e-04 8.61155495e-05 6.08638802e-04
 1.70806306e-04 9.57682088e-04 9.96539235e-01 2.48656608e-04
 8.86895403e-04] [5.5209443e-05 9.9786323e-01 4.6588990e-04 6.3077448e-04 7.9113219e-05
 2.6983547e-04 3.2117646e-04 2.1037509e-04 1.0436503e-04] [5.3549469e-05 5.1198871e-04 3.0388224e-03 7.8303005e-05 9.9531037e-01
 3.3799440e-04 9.0074478e-05 1.7436416e-04 4.0456298e-04] [7.8960857e-04 7.5679952e-03 7.5420719e-03 1.1436457e-03 1.1818156e-03
 6.6265306e-03 8.0168946e-03 9.6338892e-01 3.7424886e-03] [0.00144897 0.00217472 0.01169428 0.97219086 0.00101488 0.00405227
 0.00154449 0.00120391 0.00467565] [0.00338153 0.9109026  0.00898898 0.00532447 0.00516558 0.04294703
 0.01079175 0.00313221 0.00936585] [4.1974385e-04 4.0127459e-04 6.8929011e-01 3.0280718e-01 5.8021821e-04
 2.2272454e-03 1.4050035e-03 4.2865513e-04 2.4405778e-03] [0.02104607 0.00791664 0.04017445 0.05646661 0.01169174 0.33255208
 0.01693243 0.02854411 0.48467585] [7.5030664e-04 1.2592766e-03 9.8860288e-01 3.8581558e-03 1.2552097e-03
 3.3153276e-04 1.0343547e-03 5.1387254e-04 2.3943752e-03] [0.01788194 0.01484997 0.04098394 0.17844063 0.06766538 0.26420888
 0.04289565 0.11512247 0.25795117] [0.00136102 0.00093018 0.00337297 0.40201202 0.0016436  0.00406964
 0.00274224 0.00208315 0.5817852 ] [1.8269580e-04 9.9372828e-01 3.1950702e-03 5.5249757e-04 3.1511000e-04
 6.0574873e-04 3.3388942e-04 3.3581149e-04 7.5085799e-04] [1.9277990e-04 9.9675262e-01 7.2910101e-04 5.0853047e-04 2.5097336e-04
 7.7413424e-05 8.5410487e-04 4.9862533e-04 1.3591598e-04] [9.5954365e-01 1.3758624e-03 1.3452505e-02 6.8971078e-04 1.1574801e-03
 1.6125349e-02 2.9587061e-03 2.5988708e-03 2.0978574e-03] [0.00864702 0.0222181  0.8207847  0.07287638 0.00602711 0.03232973
 0.00917267 0.01243705 0.01550725] [0.05412596 0.3967134  0.1306252  0.04306014 0.03260924 0.10955725
 0.04202002 0.14530548 0.04598326] [9.9858391e-01 7.8162826e-05 3.5555378e-05 8.7410648e-05 1.0136323e-04
 2.4696736e-04 1.6692428e-04 1.0791335e-04 5.9184816e-04] [3.4123808e-04 9.9686300e-04 1.0745610e-03 7.3939626e-04 6.8898080e-04
 4.6114135e-03 9.8563981e-01 1.0369917e-03 4.8707952e-03] [0.00821124 0.01138316 0.01555522 0.01904654 0.01736308 0.01095164
 0.8711999  0.01583829 0.03045092] [1.5164242e-03 1.2541763e-03 9.8730916e-01 3.7930259e-03 1.7213672e-03
 8.0312724e-04 2.7124370e-03 4.9062708e-04 3.9969012e-04] [0.01462377 0.03561091 0.14700834 0.3649131  0.0168041  0.02519243
 0.08727406 0.23320417 0.07536909] [4.8424982e-04 3.3493395e-04 4.0886470e-04 2.1997220e-03 9.9551457e-01
 1.9971780e-04 2.2441796e-04 2.7629113e-04 3.5721619e-04] [0.02140792 0.02784997 0.00780515 0.00682739 0.01126153 0.7638289
 0.03213315 0.00964782 0.1192382 ] [0.00440123 0.00397381 0.00476892 0.01008616 0.00537913 0.01371087
 0.00608529 0.01271492 0.93887967] [2.3850557e-04 4.3388930e-04 4.4378516e-01 5.5179125e-01 6.1851222e-04
 1.3651788e-03 2.2976374e-04 8.9263980e-04 6.4507610e-04] [0.00553525 0.00331834 0.00512582 0.0783807  0.00542923 0.13180842
 0.0048185  0.00620605 0.7593777 ] [0.01190718 0.01108227 0.7410513  0.13062662 0.01811437 0.01263469
 0.0229281  0.04087489 0.0107806 ] [1.4648243e-04 9.9519426e-01 1.4356484e-04 2.3675375e-03 5.2922155e-04
 4.5820579e-04 6.7193230e-04 3.0524845e-04 1.8349796e-04] [1.2314449e-04 2.1815929e-04 5.9510920e-05 3.6565668e-04 5.4732664e-05
 2.9544946e-04 9.9767512e-01 9.3504968e-05 1.1147296e-03] [0.02400362 0.02688302 0.01665742 0.15117076 0.01299256 0.09492611
 0.03147467 0.01908782 0.62280405] [4.1961958e-04 2.6456887e-04 5.8213505e-04 7.5772026e-04 9.9261415e-01
 2.4128852e-03 3.0163178e-04 1.7635805e-04 2.4709839e-03] [0.00490154 0.00451583 0.00605401 0.0331723  0.01112379 0.0152085
 0.02075111 0.0108677  0.89340526] [0.01823056 0.10005027 0.0187614  0.05795169 0.01647525 0.04982765
 0.02414926 0.02722338 0.68733054] [9.4098948e-05 1.1130940e-04 1.4301682e-04 4.8024231e-04 1.3212331e-04
 9.8848188e-01 2.9426473e-04 2.8942173e-04 9.9736108e-03] [0.07396839 0.18090501 0.17837894 0.21652849 0.05582884 0.12360851
 0.04766169 0.09344127 0.02967889] [9.9635845e-01 1.6102406e-04 6.5565313e-04 3.6489911e-04 1.9808282e-04
 2.9823481e-04 7.1119278e-04 8.4850128e-04 4.0388762e-04] [0.75945866 0.21442856 0.01297483 0.00107972 0.00376548 0.00313613
 0.00162406 0.00222869 0.00130385] [0.00249988 0.00125895 0.00102764 0.00404716 0.00099287 0.01839763
 0.00493011 0.95032024 0.01652547] [0.00865693 0.00556917 0.9413397  0.01794218 0.00446804 0.00496069
 0.00149558 0.00162378 0.01394396] [9.8436779e-01 1.1467522e-03 1.0601583e-02 6.6792755e-04 8.2041009e-04
 6.8335107e-04 4.6982162e-04 5.0930557e-04 7.3308538e-04] [2.0465961e-04 2.7270970e-04 3.5967230e-04 1.4947163e-04 9.9862874e-01
 9.6356889e-05 7.9106285e-05 1.6082556e-04 4.8447266e-05] [0.04108398 0.05703735 0.08566392 0.06204408 0.04804011 0.32144368
 0.04485313 0.0861628  0.25367096] [2.8471681e-04 1.4795952e-04 1.9266759e-04 1.0914430e-04 1.1451278e-04
 1.4926909e-04 9.9871933e-01 1.4394277e-04 1.3853115e-04] [6.2086928e-04 4.3402938e-04 1.1304661e-02 9.7341645e-01 5.0773937e-04
 2.6731323e-03 4.7316431e-04 3.1807537e-03 7.3891990e-03] [8.76462844e-04 2.80299515e-04 2.44268536e-04 6.30048104e-04
 4.39961732e-04 9.82441843e-01 3.39189253e-04 4.26700106e-04
 1.43212555e-02] [0.7763125  0.16835192 0.01388066 0.00137262 0.00617345 0.00665333
 0.00767262 0.00771608 0.01186686] [7.2808951e-05 2.4991910e-04 2.4549509e-04 8.2869636e-05 9.6186312e-05
 3.7557844e-04 9.9804616e-01 8.5672917e-05 7.4526120e-04] [7.7508274e-04 1.2502385e-03 7.2655448e-04 5.7020137e-04 9.8132497e-01
 5.2276468e-03 1.1745403e-03 1.0141873e-03 7.9366453e-03] [0.00404434 0.00159667 0.01079956 0.01356201 0.00489799 0.01419165
 0.00485141 0.00579198 0.94026434] [9.9828231e-01 5.1490893e-04 1.2468142e-04 1.8541972e-04 1.7004849e-04
 2.7794318e-04 2.4565667e-04 9.9897923e-05 9.9140940e-05] [2.2891283e-03 1.9231706e-04 3.1675023e-04 8.5896108e-04 2.1220770e-04
 2.5276202e-04 1.6403192e-04 9.9557316e-01 1.4069748e-04] [1.9297980e-04 6.7403700e-05 3.2937198e-04 1.4479187e-05 4.0699306e-05
 1.0782068e-04 8.8483379e-05 9.9904782e-01 1.1091700e-04] [8.5921679e-04 3.2215082e-04 2.7338159e-04 8.2921954e-03 2.7212367e-04
 2.2205841e-03 1.3203106e-03 9.7455662e-01 1.1883426e-02] [0.00196366 0.00304827 0.00628181 0.00230451 0.00213429 0.00337766
 0.00338657 0.97591144 0.00159178] [0.00175726 0.00288254 0.00289642 0.01664126 0.00462252 0.00583749
 0.9543769  0.00337564 0.00761008] [4.6232829e-04 6.8328867e-05 3.0637096e-04 6.2801068e-05 3.4176995e-04
 8.7858243e-05 4.3622171e-05 9.9755645e-01 1.0703887e-03] [4.5508030e-04 3.2426091e-04 4.3038498e-03 9.6802974e-01 3.5966525e-04
 3.1100767e-04 6.4202130e-04 3.8498011e-04 2.5189431e-02] [3.6293538e-03 9.7433496e-01 6.3430122e-04 3.2680592e-04 3.7029558e-03
 4.1086294e-04 1.3553850e-02 1.3315743e-03 2.0752763e-03] [0.23099256 0.01895379 0.01006622 0.02591576 0.01794795 0.51050025
 0.03254684 0.0742087  0.0788679 ] [4.5816245e-04 2.2864479e-04 4.3719163e-04 3.8617550e-04 9.9431133e-01
 3.1617624e-03 1.6975177e-04 4.9257284e-04 3.5437572e-04] [9.4645296e-04 2.5029122e-04 4.1079433e-03 9.9287134e-01 2.8884239e-04
 4.8828160e-04 1.8998524e-04 2.0471720e-04 6.5217837e-04] [0.03826448 0.02387476 0.01742666 0.06193993 0.01879333 0.73347247
 0.01226494 0.04354316 0.05042031] [2.0840745e-03 9.9178654e-01 4.2258872e-04 3.9939085e-04 8.0670544e-04
 6.7407585e-04 9.7390992e-04 2.3968341e-03 4.5592646e-04] [1.7850775e-03 8.4908307e-04 5.9863011e-04 2.4956104e-03 1.0726063e-03
 9.8233128e-01 1.6977951e-03 2.8120759e-03 6.3578128e-03] [9.9850214e-01 4.7131028e-04 9.2190239e-05 8.6009131e-05 1.0502963e-04
 1.3031767e-04 2.4106678e-04 1.9257846e-04 1.7943424e-04] [0.01808453 0.01275954 0.01872013 0.04083343 0.0147296  0.01886903
 0.01763883 0.0166564  0.8417085 ] [0.04428653 0.07556179 0.02089426 0.02349155 0.05389424 0.47712606
 0.14717495 0.03459681 0.12297385] [9.9765682e-01 7.5719436e-05 1.5234174e-03 2.2566231e-04 8.2565683e-05
 9.2704140e-05 7.0489150e-05 2.2571308e-04 4.6836620e-05] [0.00664592 0.01924705 0.77054334 0.00813622 0.03981652 0.10636996
 0.00410219 0.02125333 0.02388544] [3.0819877e-04 2.6642662e-04 3.8137345e-04 2.0255335e-04 9.9123889e-01
 2.3373265e-03 7.3624653e-04 5.3067284e-04 3.9982926e-03] [3.0830858e-04 1.5408646e-04 2.1240179e-04 4.4223904e-03 3.3146911e-04
 9.9280894e-01 6.2323333e-04 1.7202199e-04 9.6719060e-04] [0.00477492 0.00871    0.001861   0.92201716 0.00857733 0.03890847
 0.00448864 0.00256397 0.00809851] [9.8912889e-01 5.6615607e-03 6.4229214e-04 4.7021086e-04 5.3234131e-04
 5.8783760e-04 2.0955289e-03 3.1536838e-04 5.6601217e-04] [5.9524050e-04 2.3378422e-03 1.0889044e-03 4.7116219e-03 2.0946392e-03
 8.3296030e-04 1.1150982e-03 9.8678166e-01 4.4205968e-04] [1.0325234e-02 1.5938334e-03 4.6008764e-04 1.1529126e-03 1.3575706e-03
 9.2003186e-04 6.0316909e-04 9.8142070e-01 2.1664102e-03] [0.01604086 0.01305048 0.01780718 0.05158653 0.0075045  0.14650866
 0.02637563 0.7025171  0.01860906] [0.7035377  0.09382538 0.01858532 0.00519644 0.01525911 0.11189248
 0.010965   0.01415393 0.02658464] [0.00518086 0.0058503  0.00456048 0.91501623 0.00478969 0.03384858
 0.00425762 0.01004359 0.01645266] [0.00155386 0.00399166 0.00202168 0.0126392  0.00414971 0.01170665
 0.942016   0.00291516 0.01900613] [1.7626760e-04 4.3028340e-04 2.0665395e-04 7.3899556e-04 2.4654230e-04
 9.9347705e-01 2.2919863e-04 2.3414571e-04 4.2609028e-03] [0.4774826  0.10315587 0.02561511 0.02732613 0.02714254 0.04048836
 0.02005105 0.04174259 0.2369958 ] [0.00574045 0.01030901 0.83357376 0.12466321 0.00468003 0.00582181
 0.00619779 0.00339107 0.00562286] [0.00758281 0.01034983 0.01332267 0.10625689 0.01997059 0.07130373
 0.02549119 0.03137301 0.71434927] [0.27149168 0.0993353  0.10338843 0.12591162 0.03622118 0.0362169
 0.05006369 0.15071596 0.12665524] [0.00128722 0.00426725 0.00284342 0.00286053 0.00421365 0.00470577
 0.0043979  0.9716752  0.00374906] [9.8101074e-01 3.7352226e-03 2.2945462e-03 9.5111510e-04 1.4328755e-03
 3.1716856e-03 2.2983833e-03 4.3119933e-03 7.9343584e-04] [0.06025306 0.01201556 0.02346798 0.27917895 0.02574083 0.02602567
 0.02469038 0.02134678 0.5272808 ] [1.0024891e-04 5.9012535e-05 1.7483019e-04 2.6312913e-03 6.8865767e-05
 9.9646795e-01 9.6599579e-05 1.3692526e-04 2.6430388e-04] [0.03235498 0.07097533 0.14627083 0.05526084 0.02706847 0.10989241
 0.08396126 0.07107493 0.40314093] [1.4775808e-04 8.6441869e-04 2.3810343e-04 3.5181086e-04 9.9617887e-01
 2.6725820e-04 8.7254331e-04 4.0125966e-04 6.7793141e-04] [0.03394876 0.27985913 0.03647078 0.03848003 0.0185854  0.1334841
 0.03169506 0.35612723 0.0713495 ] [9.9856645e-01 2.8598725e-04 1.1988236e-04 2.0342563e-04 1.4341912e-04
 1.5577828e-04 2.6108089e-04 9.0891539e-05 1.7309746e-04] [3.9708559e-04 9.8946500e-01 5.7133581e-03 3.6808811e-04 3.3628684e-04
 1.9166484e-03 6.2706840e-04 3.5080430e-04 8.2565687e-04] [1.7359018e-04 9.9600273e-01 2.1977250e-03 1.0587863e-04 2.2170511e-04
 4.4201923e-04 4.2801013e-04 1.3136030e-04 2.9700203e-04] [9.9186982e-05 2.3411221e-03 1.2311537e-04 3.4843985e-04 1.3559852e-04
 4.6115875e-04 9.9598569e-01 8.5378393e-05 4.2025401e-04] [5.2752288e-04 8.5771055e-04 9.8939413e-01 2.2921050e-03 1.3047546e-03
 9.3351520e-04 1.1797001e-03 1.2935507e-03 2.2170139e-03] [7.4478303e-04 9.9662989e-01 2.8527179e-04 1.7475258e-04 5.7570514e-04
 6.6588109e-04 1.9234447e-04 3.5608275e-04 3.7531008e-04] [0.04380327 0.02890296 0.00458425 0.01791105 0.02245439 0.0051017
 0.00983693 0.06089685 0.8065086 ] [1.92337640e-04 2.41542890e-04 1.19810735e-04 7.24239071e-05
 9.70064502e-05 7.30251078e-04 3.25605419e-04 9.97966051e-01
 2.54968618e-04] [6.7795633e-04 9.9702710e-01 3.6046014e-04 3.5125919e-04 1.8252830e-04
 2.4355228e-04 5.3589500e-04 2.3796894e-04 3.8326567e-04] [3.7899979e-05 8.3183666e-05 9.7070920e-04 1.2112193e-04 5.1644445e-05
 3.3201353e-04 9.9795473e-01 1.9468248e-04 2.5398479e-04] [8.7842596e-04 1.9016817e-03 9.9127007e-01 6.9294818e-04 6.1989954e-04
 1.6399680e-03 1.0392130e-03 6.2514178e-04 1.3326452e-03] [0.0664705  0.07513399 0.06122784 0.06257142 0.08791753 0.31203765
 0.03924586 0.07944656 0.21594869] [1.8950807e-03 2.8663781e-03 2.3130279e-03 2.1362023e-03 2.7622216e-04
 5.8464182e-04 9.8857147e-01 8.5087202e-04 5.0615834e-04] [0.03767511 0.03401548 0.03643024 0.01204484 0.09938104 0.18656637
 0.03676271 0.0624253  0.49469894] [0.00240493 0.00258159 0.00433617 0.00481809 0.0016369  0.00234609
 0.9615996  0.01177808 0.00849862] [2.9414502e-04 9.3510078e-04 1.8115113e-04 1.1319684e-04 2.0313017e-04
 4.1886251e-03 2.3788057e-04 9.9281389e-01 1.0328814e-03] [8.5198553e-03 1.3102015e-03 9.3575522e-02 8.9254385e-01 5.9967284e-04
 1.7579421e-03 4.2111258e-04 8.1809494e-04 4.5371678e-04] [1.06002735e-04 3.38660058e-04 8.41729052e-05 1.77317800e-03
 1.50497712e-04 3.15558573e-04 9.82983708e-01 5.79569722e-04
 1.36686144e-02] [0.00714889 0.00371075 0.00335644 0.02401751 0.00721253 0.06612895
 0.00682049 0.00410618 0.87749827] [0.0057004  0.0069985  0.00232537 0.06952072 0.00575534 0.02035326
 0.8760255  0.00410365 0.00921727] [0.02283914 0.11712244 0.03000791 0.11331692 0.01426344 0.46721599
 0.06970558 0.05336763 0.11216096] [3.5045407e-05 6.9161656e-04 2.3875818e-05 3.5767799e-04 3.8933307e-05
 2.0973393e-04 9.9822146e-01 6.1419567e-05 3.6018313e-04] [7.1243281e-05 5.9673770e-05 9.9921048e-01 3.4169148e-04 4.6808786e-05
 3.2451124e-05 6.2829240e-05 6.1118968e-05 1.1368413e-04] [0.00778289 0.0073997  0.00357472 0.00199209 0.00289493 0.02240561
 0.00651939 0.9397489  0.00768185] [0.12384465 0.22637634 0.01999776 0.13534081 0.04372556 0.12642644
 0.02383594 0.01478435 0.28566813] [1.1319268e-03 8.7911158e-04 2.8747976e-01 7.0502156e-01 6.6143158e-04
 1.4428907e-03 1.7410595e-03 6.8180636e-04 9.6048019e-04] [1.2394245e-02 8.7458588e-04 8.6069008e-04 5.3493143e-04 9.8240811e-01
 4.0572535e-04 1.8131251e-04 3.0741197e-04 2.0329438e-03] [5.8171933e-04 3.6055039e-04 3.5085913e-04 3.7892422e-04 7.7141472e-04
 9.9272668e-01 5.8145588e-04 6.3788187e-04 3.6105260e-03] [7.8858045e-04 3.1394511e-04 1.8522568e-04 1.2135227e-04 9.9684012e-01
 2.7287888e-04 1.0542941e-03 2.4282018e-04 1.8074989e-04] [1.5087479e-03 3.0033060e-03 9.8093605e-01 1.5803522e-03 8.8449242e-04
 3.1121639e-03 7.0763207e-03 5.0247938e-04 1.3961158e-03] [6.5873755e-05 3.4962327e-04 1.6773284e-04 1.2682263e-04 9.9862957e-01
 1.5124970e-04 9.8940014e-05 1.6054770e-04 2.4967868e-04] [0.00242724 0.00179399 0.0075199  0.00877805 0.00667457 0.0129369
 0.01001964 0.00704262 0.9428071 ] [3.6503351e-04 3.2261654e-04 2.6576896e-04 8.7997701e-04 9.9533057e-01
 5.9242424e-04 1.5803652e-04 1.4591812e-03 6.2639639e-04] [0.09967245 0.03665449 0.08686559 0.08541555 0.05525883 0.20429775
 0.01792615 0.09718195 0.31672728] [0.00392469 0.01249362 0.0081018  0.02344935 0.00575114 0.0084079
 0.9028807  0.02080055 0.01419023] [0.00402966 0.96413535 0.00412744 0.00383912 0.00605857 0.00403472
 0.00315042 0.00612016 0.00450462] [8.8357294e-05 2.5088619e-04 1.6591691e-04 2.9726178e-04 9.9793637e-01
 1.4315076e-04 2.1314375e-04 7.0920173e-04 1.9577086e-04] [2.5842161e-04 1.5637551e-03 4.3325767e-02 9.4452864e-01 1.3126938e-03
 1.2132030e-03 7.9305127e-04 4.5772287e-04 6.5467525e-03] [9.3805036e-05 4.8361399e-05 1.5124769e-04 2.8440331e-03 5.1217179e-05
 5.4865988e-04 9.9581259e-01 8.0722602e-05 3.6939268e-04] [0.03201783 0.14165945 0.36726508 0.02562213 0.05503573 0.12002088
 0.06904347 0.1571405  0.03219492] [0.05281311 0.11426902 0.09373403 0.14319429 0.08185169 0.25121036
 0.10143222 0.04055674 0.12093854] [0.00505799 0.01411797 0.00593426 0.0355356  0.01796798 0.03375042
 0.0275612  0.01820794 0.8418666 ] [9.9862921e-01 1.6718658e-04 1.5552074e-04 9.0424481e-05 3.6963975e-04
 1.7885909e-04 9.7491175e-05 1.0470175e-04 2.0700622e-04] [4.8736678e-04 9.5800972e-01 1.0152284e-02 7.7793992e-04 5.9323251e-04
 4.6813455e-03 2.1334331e-02 2.5483889e-03 1.4154334e-03] [9.6051267e-04 1.1922390e-03 1.0447416e-03 4.0928926e-04 3.3676560e-04
 9.9296290e-01 5.7716010e-04 2.2370180e-03 2.7934616e-04] [9.9664634e-01 3.5511598e-04 1.6422221e-03 1.5333346e-04 3.9876212e-04
 3.2062238e-04 1.3913945e-04 1.5908130e-04 1.8540509e-04] [1.3254229e-04 3.7489715e-04 2.3500572e-04 9.7413477e-04 9.9436355e-01
 8.0728886e-04 3.8738354e-04 4.2301149e-04 2.3022264e-03] [1.8193565e-04 9.9740356e-01 8.0523273e-04 5.0380226e-04 1.9738139e-04
 2.3620846e-04 4.3005621e-04 1.4903407e-04 9.2785143e-05] [4.6391308e-04 9.9569798e-01 1.0906523e-03 2.4903359e-04 1.2122929e-04
 8.4666855e-04 6.9826446e-04 6.4818084e-04 1.8406521e-04] [0.06646352 0.02788933 0.03245051 0.16521247 0.03919953 0.39314526
 0.02760929 0.02984933 0.21818075] [5.0614873e-04 3.9432434e-04 6.9769233e-04 3.6312523e-03 1.3790943e-03
 1.2329514e-03 9.8875427e-01 1.1107934e-03 2.2935343e-03] [9.9212790e-01 6.6782680e-04 6.1238545e-04 1.7193883e-03 1.0693645e-03
 5.7818362e-04 7.6464243e-04 6.0954783e-04 1.8507409e-03] [0.00242771 0.00306891 0.00660355 0.01699275 0.00550817 0.00444171
 0.00796663 0.9306438  0.02234682] [1.0463570e-03 9.6507108e-01 1.9104034e-02 5.6884746e-04 1.6341481e-03
 4.1938350e-03 4.4890288e-03 2.0060791e-03 1.8866190e-03] [0.01227285 0.00533415 0.00676025 0.0154568  0.00707538 0.03202549
 0.04567568 0.04305581 0.83234364] [0.00488959 0.00779298 0.8840084  0.01430934 0.00917801 0.00778862
 0.00745412 0.02195173 0.04262717] [9.98840988e-01 1.81514013e-04 2.77744868e-04 1.18148906e-04
 1.06059000e-04 1.11255678e-04 7.08337539e-05 6.81107413e-05
 2.25399854e-04] [1.3121807e-03 3.2103711e-03 4.9778167e-04 2.6816248e-03 5.5815984e-04
 9.8305780e-01 2.9796262e-03 7.8713760e-04 4.9152956e-03] [6.0610066e-04 2.4445339e-03 3.4183235e-04 1.5025527e-03 2.9459948e-04
 8.5234863e-04 6.7482289e-04 9.9266607e-01 6.1718526e-04] [0.02806684 0.03317586 0.03592271 0.2244029  0.01280285 0.06777984
 0.04988926 0.01649165 0.5314681 ] [0.01773639 0.01268961 0.18946372 0.05684393 0.0151572  0.03514032
 0.32177988 0.14416292 0.207026  ] [9.9869353e-01 2.2229749e-04 1.8037891e-04 7.4747695e-05 1.5201238e-04
 1.0457487e-04 1.9183042e-04 2.2213726e-04 1.5854494e-04] [1.4674121e-04 2.5146190e-04 8.1117026e-04 5.2841544e-05 4.7623722e-05
 9.5734242e-05 3.2872544e-05 9.9824429e-01 3.1733271e-04] [5.0676977e-03 6.5067987e-04 1.5186798e-04 2.1436885e-03 9.8822206e-01
 1.6961863e-03 4.7792055e-04 8.8824099e-04 7.0167950e-04]",8 2 6 3 3 5 5 4 2 3 3 0 7 3 1 8 4 5 8 7 4 5 5 5 6 0 8 4 2 3 4 0 2 4 2 6 2 0 7 6 3 6 1 4 2 4 6 4 2 8 1 7 5 2 0 1 1 7 8 3 0 6 1 4 7 3 1 3 8 2 5 8 1 1 0 2 1 0 6 6 2 7 4 8 8 3 8 3 1 6 3 4 8 3 5 2 0 1 7 2 0 4 8 6 3 5 0 6 4 8 0 7 7 7 7 6 7 3 1 5 4 3 5 1 5 0 8 5 0 2 4 5 3 0 7 7 5 0 3 6 5 1 2 8 0 7 0 3 5 2 4 7 0 1 1 6 2 1 8 7 1 6 2 5 6 8 6 7 3 6 8 6 5 6 2 7 8 3 4 5 4 2 4 8 4 8 6 1 4 3 6 2 2 8 0 1 5 0 4 1 1 5 6 0 7 1 8 2 0 5 7 7 3 0 7 4
1468,4,xgboost,0.02,2000,2000,0.8796296296296297,0.9877266589506173,"[0.02249624 0.34277916 0.3662048  0.05302425 0.0714127  0.05620979
 0.02706249 0.04858259 0.01222796] [2.7376739e-04 6.4261025e-04 1.7352472e-03 9.9385262e-01 8.6850853e-04
 4.2174268e-04 3.0909720e-04 1.2848517e-03 6.1152561e-04] [0.05261635 0.06938492 0.00950445 0.34676653 0.03122528 0.04499019
 0.01443559 0.09606291 0.33501375] [3.1615052e-04 2.2424990e-04 3.1166131e-04 1.0268212e-03 3.5232762e-04
 9.9515629e-01 3.6545651e-04 1.3445226e-04 2.1126126e-03] [0.00801058 0.02652392 0.01447864 0.00268427 0.01051505 0.03621965
 0.00635509 0.8702189  0.02499395] [6.6679518e-04 4.8725592e-04 2.3232537e-04 3.4087128e-03 9.8447281e-01
 8.8980682e-03 8.7711966e-04 3.6549562e-04 5.9141667e-04] [2.3088962e-04 4.3811981e-04 3.7452544e-04 5.2719330e-04 3.8949662e-04
 9.9530822e-01 8.0568652e-04 1.5946716e-03 3.3122592e-04] [0.01929327 0.01106979 0.01404079 0.19166669 0.01879117 0.28062516
 0.05090261 0.02057318 0.39303735] [0.00590698 0.01066551 0.01118097 0.94184345 0.00219706 0.01486643
 0.00774456 0.0016546  0.0039404 ] [2.8703167e-04 9.9767882e-01 8.0681137e-05 2.2008260e-04 9.3710369e-05
 7.7373942e-04 5.2548229e-04 6.9060799e-05 2.7136068e-04] [5.4062670e-01 1.7670891e-03 6.5979650e-03 4.3799126e-01 3.6127947e-03
 7.2952970e-03 4.5248718e-04 7.5815257e-04 8.9827739e-04] [0.01247377 0.00703434 0.24460182 0.68952966 0.00356038 0.01480595
 0.0034402  0.01567701 0.00887686] [0.00481731 0.00319746 0.01802619 0.01075929 0.0054139  0.21792783
 0.00992981 0.01291619 0.71701205] [8.6894972e-05 4.2436898e-04 2.3998876e-04 3.7785736e-04 9.9847966e-01
 6.2606960e-05 1.4126078e-04 5.5347275e-05 1.3205849e-04] [0.05657206 0.06559235 0.04840922 0.16998261 0.05183246 0.28462264
 0.04901679 0.14638329 0.12758859] [1.7023807e-04 1.7335072e-04 1.8655603e-04 2.9286221e-04 9.9886358e-01
 1.1207510e-04 5.3905202e-05 1.0607738e-04 4.1392876e-05] [0.02272625 0.05301433 0.04570455 0.19906706 0.05570033 0.08276217
 0.07125083 0.06491549 0.40485895] [0.011686   0.02824323 0.01301969 0.01645905 0.00864474 0.6210566
 0.00694256 0.00926207 0.28468603] [0.04361588 0.01905732 0.06634394 0.09024289 0.05303997 0.23308182
 0.04373152 0.09719252 0.35369417] [6.4405228e-04 9.8676646e-01 3.4513786e-03 1.1400764e-03 6.3821161e-04
 1.8346275e-03 1.7219402e-03 1.1645615e-03 2.6387083e-03] [9.9850452e-01 3.2851103e-04 1.2347003e-04 5.8194604e-05 9.4497562e-05
 1.9680581e-04 5.3710864e-05 4.3342495e-04 2.0691051e-04] [2.9666757e-04 9.8192513e-01 6.7130821e-03 1.4354946e-03 5.7962788e-03
 2.8972811e-04 1.3357503e-04 2.5223454e-03 8.8772376e-04] [0.02080405 0.05368168 0.04288225 0.12468038 0.0389889  0.29910597
 0.0421856  0.33969337 0.03797783] [9.9440455e-01 1.8640266e-03 1.2267762e-03 3.4857364e-04 5.2876957e-04
 2.6103074e-04 3.9322875e-04 2.0367809e-04 7.6931115e-04] [0.01156096 0.03873852 0.00377827 0.4209728  0.00989316 0.41756952
 0.02015509 0.01414417 0.06318753] [3.4955080e-04 8.2897814e-04 1.9176494e-04 3.2680909e-04 9.9743515e-01
 2.6282194e-04 1.5015944e-04 2.8664566e-04 1.6815087e-04] [0.01902265 0.11326201 0.17321932 0.0127046  0.03674022 0.18526272
 0.3526592  0.02194542 0.08518387] [4.5423745e-04 9.9533445e-01 7.8782160e-04 3.2791495e-04 2.4830105e-04
 5.1365688e-04 4.7664050e-04 1.5534845e-03 3.0352842e-04] [1.0995846e-04 8.5400614e-05 6.8394475e-05 4.8955862e-04 8.1692451e-05
 9.9651378e-01 6.7767187e-04 4.4750728e-04 1.5260864e-03] [1.4242780e-03 6.1362390e-03 1.4226456e-03 2.2050973e-03 1.7080924e-03
 2.5691292e-03 8.2017097e-04 9.8265117e-01 1.0631650e-03] [0.01923474 0.08589092 0.48431507 0.1475837  0.14050122 0.01555816
 0.07347448 0.01610254 0.01733924] [0.00772543 0.6042379  0.02233707 0.02488352 0.00916559 0.10394962
 0.03296566 0.02454289 0.1701923 ] [0.02655173 0.01185065 0.00826623 0.09653446 0.01559523 0.05769506
 0.01426631 0.07787997 0.6913603 ] [0.00408027 0.00244374 0.00198335 0.9752569  0.00265484 0.0033516
 0.00249515 0.00199446 0.00573971] [3.9742456e-05 1.2961224e-04 1.2358370e-04 1.0134770e-04 3.8144135e-05
 3.6349759e-04 8.4587162e-05 9.9904722e-01 7.2200019e-05] [1.3909956e-03 7.9449976e-04 1.3508917e-03 1.7815571e-03 9.6480513e-01
 1.9930527e-03 1.0441550e-03 2.6193261e-03 2.4220444e-02] [5.1679184e-05 5.6997098e-05 7.3726391e-05 1.6352655e-04 1.3082985e-04
 7.2473945e-04 9.9498230e-01 2.9569180e-04 3.5205795e-03] [0.04149735 0.06543508 0.04946626 0.2511245  0.04941151 0.15594196
 0.07414209 0.07454826 0.23843294] [4.1050432e-04 2.2521277e-04 1.6037100e-04 1.6477924e-04 9.9806517e-01
 1.7601806e-04 1.2232784e-04 2.3881745e-04 4.3680085e-04] [0.00293333 0.95648414 0.01046766 0.00490249 0.00407265 0.00672595
 0.00402039 0.00596956 0.00442388] [0.01762711 0.04195128 0.8662035  0.00420847 0.01117143 0.01315593
 0.00439832 0.0296531  0.01163092] [9.9366355e-01 1.0926436e-03 4.5718066e-04 1.6951666e-03 9.7814470e-04
 1.0668595e-03 2.0160495e-04 2.8282739e-04 5.6197023e-04] [0.06838531 0.05090335 0.26746306 0.41572994 0.03430676 0.0571014
 0.04073    0.03866028 0.02671989] [0.00843706 0.00908592 0.00832736 0.6313828  0.0068826  0.28069037
 0.0185621  0.02960643 0.00702534] [9.7207391e-01 1.5521177e-02 2.4142065e-03 6.2311318e-04 1.0084364e-03
 2.7341192e-04 1.1589202e-03 5.0659612e-04 6.4202440e-03] [0.00534365 0.00766668 0.00170891 0.00626589 0.00177379 0.01517803
 0.00376525 0.00472849 0.9535693 ] [0.00301219 0.00377322 0.00233739 0.9004687  0.00702037 0.01873207
 0.00718764 0.00382508 0.05364329] [0.01291549 0.0030561  0.00392944 0.01191146 0.005882   0.00837794
 0.00664884 0.0057543  0.94152445] [0.09936167 0.08541465 0.13459405 0.09293451 0.19535619 0.11438871
 0.07078435 0.05699471 0.15017115] [3.9483799e-04 1.0444072e-02 6.3965493e-04 6.7726785e-04 9.8542935e-01
 1.3233132e-03 3.9041479e-04 4.0810174e-04 2.9302549e-04] [0.04480124 0.00723288 0.03693918 0.0287057  0.0652075  0.15956303
 0.38067222 0.0480655  0.22881271] [0.02531046 0.02673283 0.6976149  0.08938329 0.01084055 0.07299913
 0.02743692 0.02355954 0.02612242] [0.00399708 0.03492387 0.8090489  0.08071508 0.01539105 0.01908237
 0.00969916 0.02196232 0.00518015] [0.00740237 0.01727511 0.9001936  0.02507195 0.00407077 0.01877861
 0.00538331 0.00470778 0.01711649] [8.9271729e-05 9.9812597e-01 5.6966464e-04 2.8329861e-04 5.1448838e-05
 4.0928795e-04 2.0223088e-04 1.2946071e-04 1.3932872e-04] [0.01461098 0.00477182 0.00828027 0.00620044 0.954294   0.00197601
 0.00216182 0.00191889 0.0057858 ] [1.0405096e-03 2.5487468e-03 2.0394551e-03 9.8933524e-01 6.7769946e-04
 9.9442468e-04 1.6227864e-03 9.9843391e-04 7.4276183e-04] [1.7256811e-04 6.4951208e-05 5.0872506e-04 8.7884087e-05 9.9718493e-01
 2.0085833e-04 1.5281924e-04 1.5197034e-04 1.4753025e-03] [9.97624218e-01 6.87979627e-04 3.39510123e-04 1.18881515e-04
 1.43081954e-04 3.67353467e-04 7.35427893e-05 2.69338721e-04
 3.76111799e-04] [0.04248993 0.01234779 0.10493674 0.10656529 0.03213894 0.24872549
 0.2896129  0.08284259 0.08034036] [9.9727255e-01 3.5351320e-04 7.0814963e-04 2.1226970e-04 1.6416016e-04
 6.5507594e-04 1.9596871e-04 2.1698566e-04 2.2129359e-04] [0.00671399 0.01002543 0.00581882 0.02516553 0.00754751 0.13951017
 0.00704354 0.00873366 0.78944135] [0.00446083 0.0025892  0.77957946 0.17752007 0.0050521  0.00734853
 0.00400384 0.00679501 0.01265093] [0.04525343 0.10777727 0.2476503  0.12014726 0.10898954 0.07003582
 0.07379533 0.0287861  0.19756496] [0.01347317 0.05170298 0.01932988 0.07813537 0.01256013 0.1505388
 0.0910176  0.01949359 0.56374854] [8.2882098e-04 1.1273044e-03 2.4484461e-03 4.6757385e-03 5.8602152e-04
 1.5552662e-03 7.9042354e-04 9.8697519e-01 1.0128160e-03] [9.9502534e-01 1.8767624e-03 4.6278245e-04 2.8519440e-04 2.1802000e-04
 1.2075782e-03 3.3504868e-04 1.5393950e-04 4.3532019e-04] [2.4317772e-04 9.9745613e-01 6.2569691e-04 7.1859453e-04 1.4069055e-04
 1.4650919e-04 3.1435999e-04 1.5104879e-04 2.0378163e-04] [0.00711962 0.00558751 0.01066294 0.1427659  0.01090664 0.25307992
 0.00677472 0.01618244 0.54692036] [9.3933559e-05 2.5031637e-04 7.9509002e-05 3.0506428e-04 6.6363937e-05
 3.4437512e-04 9.9856263e-01 2.0163727e-04 9.6138850e-05] [1.2719046e-03 4.2491066e-04 2.5297506e-03 9.7512078e-01 1.8555655e-03
 6.9033741e-03 8.1707817e-04 7.3773232e-03 3.6993776e-03] [4.5269262e-05 9.5095937e-05 1.4435743e-04 9.8198114e-05 4.1613966e-05
 1.8659374e-04 9.9914742e-01 1.1533130e-04 1.2611895e-04] [1.0255508e-03 7.0290972e-04 1.8127623e-03 9.7956836e-01 7.6318253e-04
 8.8922577e-03 2.0581053e-03 1.4078368e-03 3.7690396e-03] [8.49741264e-05 3.18828243e-04 1.17465876e-04 4.54534777e-04
 3.45297187e-04 2.10361462e-03 9.95062172e-01 1.25954248e-04
 1.38718123e-03] [9.7808741e-05 6.7803368e-04 3.9964498e-04 1.6592556e-04 9.9489528e-01
 1.2122663e-03 6.7631318e-04 1.1830074e-03 6.9165434e-04] [9.6614944e-04 2.9459542e-03 3.4352418e-02 1.8322477e-03 1.3634159e-03
 3.0397514e-03 4.7673943e-04 9.2399806e-01 3.1025300e-02] [0.00852137 0.01524363 0.90623003 0.00764027 0.00206253 0.03290374
 0.01015422 0.00454765 0.01269659] [0.00176719 0.00115454 0.00091423 0.05330378 0.00452012 0.05657795
 0.00367708 0.84761626 0.03046883] [7.7788648e-03 9.7884309e-01 3.7448581e-03 1.2399913e-03 5.6885241e-04
 4.4613299e-03 5.7072681e-04 6.2681717e-04 2.1654363e-03] [0.31893    0.1376232  0.17053415 0.02715009 0.10426632 0.02600648
 0.11996698 0.0385907  0.05693208] [2.2137357e-04 3.1873235e-04 9.3852601e-04 1.1351883e-03 9.9572527e-01
 6.1540084e-04 5.6558591e-04 3.1767812e-04 1.6228939e-04] [0.00607824 0.00527524 0.01990032 0.00390895 0.00139348 0.00560697
 0.9267545  0.02656258 0.00451976] [0.00634571 0.00783435 0.96570057 0.0058793  0.00552744 0.00304784
 0.0019561  0.00131041 0.00239833] [9.61132464e-05 9.97685552e-01 1.16550957e-03 1.28090673e-04
 1.59274205e-04 1.08470551e-04 1.20179364e-04 2.88675510e-04
 2.48187862e-04] [5.7088956e-04 1.1841336e-03 9.9387413e-01 4.5521557e-04 1.1812021e-03
 1.6135176e-03 4.8008183e-04 4.2601963e-04 2.1482077e-04] [1.09750865e-04 9.97935057e-01 2.69201002e-04 3.47848458e-04
 1.32390735e-04 1.12821996e-04 1.55832196e-04 6.84034458e-05
 8.68725940e-04] [1.0129050e-03 9.9025446e-01 5.4760341e-04 6.4752577e-03 2.4611526e-04
 2.6949652e-04 6.2474812e-04 4.4202190e-04 1.2743876e-04] [0.00939195 0.0090161  0.00563738 0.01146218 0.00933888 0.8237278
 0.00487138 0.01509631 0.11145806] [5.0839801e-05 8.2195809e-05 9.3368530e-05 4.4321618e-04 1.9653657e-04
 8.0099597e-04 9.9109274e-01 2.0751233e-04 7.0326356e-03] [0.0067975  0.00548673 0.02844343 0.01270921 0.00727928 0.01693825
 0.00961013 0.01391582 0.8988196 ] [8.5442234e-04 4.0500960e-03 6.9682999e-03 6.3972891e-04 2.6071237e-03
 3.8404022e-03 6.7384832e-04 9.7680378e-01 3.5623075e-03] [0.00544262 0.0514843  0.0032198  0.13816683 0.11385901 0.53448033
 0.03219284 0.00838245 0.1127718 ] [0.06875573 0.42620483 0.11498973 0.03265941 0.03786448 0.0518223
 0.08131426 0.16085629 0.02553297] [1.1733812e-04 3.7901560e-04 1.9348921e-04 2.4855218e-04 2.9082285e-04
 2.7925734e-04 1.2186941e-04 9.9805766e-01 3.1198212e-04] [0.00322795 0.00245761 0.0013926  0.03354388 0.00219679 0.02630864
 0.00875749 0.00913962 0.91297543] [7.7646459e-05 5.3026390e-05 4.5629768e-05 4.3000127e-04 6.0780676e-05
 3.0162380e-04 1.9592102e-04 9.9847049e-01 3.6492464e-04] [0.0230655  0.03881284 0.55340004 0.1491463  0.03816114 0.04499631
 0.07019385 0.03331508 0.04890889] [0.93904036 0.00609684 0.02170753 0.00373797 0.00175559 0.01034843
 0.00358549 0.01166221 0.00206564] [3.1099538e-04 3.5879255e-04 2.3064140e-04 2.3369095e-03 6.6620624e-04
 5.5439253e-03 9.7823596e-01 1.3130646e-03 1.1003523e-02] [1.8663658e-04 2.1369112e-04 1.1612690e-04 5.4695591e-04 9.9325776e-01
 3.9587999e-03 1.9321039e-04 3.1468549e-04 1.2121705e-03] [0.03214205 0.08215348 0.11730903 0.0300868  0.04078536 0.14430028
 0.17844918 0.16266404 0.21210979] [8.1045655e-05 7.3885720e-05 2.0849936e-04 8.3210631e-05 9.3399409e-05
 6.1217096e-04 9.9856001e-01 1.3268289e-04 1.5507839e-04] [0.01429864 0.01662688 0.01692489 0.91906816 0.00305047 0.00444154
 0.00399896 0.00551972 0.01607073] [0.01622345 0.00765724 0.03281474 0.91894555 0.00310127 0.00651042
 0.00259443 0.01011484 0.00203811] [9.4552420e-04 6.4382714e-04 4.0760275e-04 3.1934550e-04 9.9637622e-01
 2.9538517e-04 1.5035020e-04 6.7798008e-04 1.8377844e-04] [3.5000537e-04 4.3534080e-04 9.6352235e-04 4.5369649e-03 4.7365681e-04
 7.6708044e-03 3.8133841e-04 9.7742802e-01 7.7603888e-03] [0.01680321 0.01066409 0.01352148 0.05587062 0.06510455 0.50738657
 0.04436891 0.01250923 0.27377138] [9.4722251e-05 6.5920799e-04 1.0259103e-04 4.3149659e-04 4.8543596e-05
 2.6188020e-04 9.9817824e-01 1.0685190e-04 1.1651002e-04] [1.0000830e-04 1.2685423e-04 7.0318044e-04 8.5141197e-05 6.5148670e-05
 9.9861348e-01 8.4394960e-05 4.8424219e-05 1.7331576e-04] [2.3571281e-03 2.7022167e-04 5.7908468e-04 9.9364471e-01 3.5257640e-04
 8.0100930e-04 4.3274823e-04 2.5047135e-04 1.3120396e-03] [3.0568577e-04 5.2768277e-04 9.9328762e-01 2.0426586e-03 1.5785465e-04
 3.0380222e-03 2.7802656e-04 2.0848503e-04 1.5394068e-04] [8.7333433e-03 3.2130321e-03 9.6588123e-01 9.3020010e-04 2.3805050e-03
 8.4432010e-03 1.5937260e-03 1.4183344e-03 7.4064694e-03] [0.05234841 0.3865782  0.23434073 0.04274208 0.02674883 0.11526284
 0.03015948 0.07402678 0.03779268] [9.7766507e-01 4.2558690e-03 3.6982773e-03 2.7212130e-03 8.7851752e-04
 2.6935528e-03 5.5767680e-03 1.6189739e-03 8.9179160e-04] [0.03759805 0.05853654 0.70336694 0.09135585 0.01370559 0.01241796
 0.02501766 0.02635582 0.03164562] [5.9143698e-04 1.9061936e-03 2.0537591e-03 5.5404374e-04 4.7966625e-04
 2.0831410e-04 4.0483419e-04 9.9342018e-01 3.8160500e-04] [9.9094403e-01 2.8209249e-03 8.7126018e-04 8.5669669e-04 9.1693539e-04
 2.2655325e-03 5.0964323e-04 4.4434794e-04 3.7060579e-04] [0.01033742 0.0131878  0.01051658 0.08445735 0.02342201 0.34170917
 0.03919587 0.04960196 0.4275719 ] [0.03131991 0.04033089 0.02098535 0.19246106 0.03213837 0.48641792
 0.006771   0.03919673 0.15037875] [6.5830711e-04 7.6184381e-04 9.9519557e-01 9.9949795e-04 4.6215547e-04
 1.5373722e-04 1.0386654e-03 4.2340384e-04 3.0686177e-04] [6.2089588e-04 1.9406605e-03 4.7084058e-04 3.9224088e-04 3.7493304e-04
 5.5329264e-03 6.6374819e-04 1.7645709e-01 8.1354666e-01] [5.8724743e-04 5.0710468e-04 6.0874928e-04 2.4277489e-03 9.9308336e-01
 9.0313918e-04 4.4467280e-04 6.6954124e-04 7.6844770e-04] [1.6909838e-04 7.9511607e-05 9.8907469e-05 2.2682460e-04 6.7483707e-05
 9.9883729e-01 8.3438936e-05 1.0323113e-04 3.3417266e-04] [0.05054875 0.19000122 0.2468143  0.08239684 0.04127282 0.32508725
 0.03474554 0.01729681 0.01183648] [1.0347945e-03 9.9439752e-01 1.8196747e-03 3.3366986e-04 1.8522044e-04
 3.4071121e-04 5.8885344e-04 8.4716000e-04 4.5238648e-04] [0.01064293 0.04013979 0.08523441 0.06748827 0.03056562 0.08688057
 0.01924366 0.01542665 0.6443781 ] [0.00178408 0.9377447  0.00447862 0.02601346 0.01473929 0.00824336
 0.00239685 0.0030424  0.0015573 ] [3.6745545e-04 1.9832754e-03 9.3758442e-03 9.8112303e-01 3.7666838e-04
 1.7026402e-03 1.0305420e-03 3.3014095e-03 7.3915278e-04] [0.06826983 0.07869982 0.09569136 0.37955493 0.07953554 0.06739295
 0.04618835 0.02051939 0.16414781] [0.00296919 0.00252849 0.00250436 0.01585233 0.00277148 0.93611115
 0.00370353 0.01001647 0.02354306] [0.02307927 0.03845451 0.01714086 0.04186462 0.02383678 0.2833022
 0.02217217 0.02137068 0.5287789 ] [0.01040945 0.021903   0.00580665 0.00754277 0.00420623 0.9347833
 0.0025748  0.00721356 0.00556021] [4.3135515e-05 5.9746366e-05 3.5938927e-05 1.3972813e-04 5.9988899e-05
 7.4858946e-04 9.9795997e-01 1.0400204e-04 8.4894936e-04] [1.5843823e-03 8.7517221e-04 9.6202909e-04 1.4927797e-03 9.9194837e-01
 6.3483993e-04 4.4101416e-04 7.6868845e-04 1.2927251e-03] [9.8235357e-01 6.9118952e-03 2.4309135e-03 1.1410175e-03 7.5121160e-04
 1.6024617e-03 1.9949046e-03 2.4592751e-03 3.5475503e-04] [0.09352733 0.05509859 0.03122029 0.09203694 0.0510762  0.1372669
 0.1021411  0.06003576 0.37759686] [0.00155915 0.00406989 0.03078808 0.9014221  0.00703205 0.00445599
 0.00334675 0.0292375  0.01808845] [0.00206738 0.9644917  0.01421635 0.00519211 0.0024223  0.00181021
 0.00475764 0.00187525 0.00316698] [0.02373303 0.866868   0.04367788 0.01432967 0.00573144 0.01769738
 0.00506618 0.00598965 0.01690681] [0.04723072 0.0850289  0.04258235 0.13812192 0.03393727 0.10086226
 0.16129512 0.27518395 0.1157575 ] [0.00463072 0.00762059 0.9338735  0.00411929 0.00329294 0.03729408
 0.00352272 0.0018749  0.00377133] [1.0135961e-03 9.8804677e-01 5.5752359e-03 3.9794669e-04 1.6369600e-03
 3.7583636e-04 2.3535370e-04 1.1115976e-03 1.6067370e-03] [9.9222398e-01 1.6624826e-03 5.7075568e-04 6.4545328e-04 1.2593459e-03
 4.9010530e-04 1.2001561e-03 4.4554053e-04 1.5021047e-03] [0.00292416 0.00120189 0.00132359 0.05542449 0.005272   0.00997856
 0.00989653 0.00208859 0.91189015] [0.04563642 0.06193993 0.06504551 0.25564748 0.04755888 0.17874068
 0.09405183 0.15234518 0.09903409] [0.00989005 0.0257789  0.02180086 0.01162874 0.00801747 0.01155713
 0.01261111 0.00531336 0.8934024 ] [5.4981757e-04 1.4175156e-03 1.7654005e-03 4.3242707e-04 5.1042356e-04
 4.7429156e-04 4.0068399e-04 9.9315202e-01 1.2974142e-03] [9.8326767e-04 9.7483987e-01 9.0307323e-03 5.6909020e-03 3.9665108e-03
 1.3234356e-03 6.8790471e-04 2.4793954e-03 9.9801400e-04] [0.03480347 0.02722269 0.01807531 0.10618703 0.0190608  0.60532194
 0.11071526 0.02304461 0.05556892] [1.6092385e-04 4.9032428e-04 3.5447171e-03 3.6617072e-04 1.6896115e-04
 2.7635825e-04 3.5246983e-04 9.9394906e-01 6.9098664e-04] [5.7670926e-03 9.8141700e-01 2.8366314e-03 5.1221359e-03 4.6424931e-04
 1.7505271e-03 1.2681786e-03 6.5774663e-04 7.1641902e-04] [0.1111453  0.5512617  0.01224226 0.04000586 0.01743663 0.04932257
 0.03415291 0.03988357 0.1445492 ] [9.6761614e-01 3.0477272e-04 1.4610637e-04 3.0471925e-02 1.0908102e-04
 3.8279319e-04 1.7049992e-04 2.9578261e-04 5.0289946e-04] [0.02555276 0.14112939 0.43495196 0.00519525 0.01185855 0.2928263
 0.01582346 0.041212   0.03145037] [0.02259953 0.05586086 0.08410951 0.21460584 0.16964908 0.08433925
 0.1235712  0.03077051 0.21449418] [9.9127287e-01 1.4351922e-03 7.0731790e-04 5.9203600e-04 1.1929434e-03
 5.2153203e-04 3.6809672e-04 5.1676575e-04 3.3932223e-03] [2.6235743e-03 2.5150659e-03 1.7428897e-02 9.6654683e-01 1.0591659e-03
 2.0175530e-03 8.3955145e-04 3.8678299e-03 3.1014816e-03] [1.9435714e-03 2.5482586e-04 4.6228300e-04 5.9826002e-03 4.9485784e-04
 3.7569560e-03 9.8314428e-01 2.6368138e-03 1.3238355e-03] [2.3255104e-04 9.9442130e-01 2.4876874e-03 3.1015961e-04 2.7756457e-04
 9.4191935e-05 2.6153077e-04 5.5840553e-04 1.3566355e-03] [8.2642172e-04 1.3459339e-03 7.5792364e-04 1.4686723e-03 9.9046046e-01
 1.9701519e-03 4.9752631e-04 1.8060054e-03 8.6686393e-04] [7.6185819e-03 1.5696971e-03 4.4354689e-04 7.5204251e-04 3.3306933e-04
 2.7190524e-03 9.8428035e-01 1.5291433e-03 7.5457344e-04] [1.11388596e-04 1.40882534e-04 1.61325239e-04 2.65298382e-04
 9.98991549e-01 1.13663555e-04 6.56520497e-05 1.05356259e-04
 4.48201135e-05] [0.2120661  0.00731016 0.00306838 0.767043   0.00112786 0.00114643
 0.00195633 0.00118942 0.00509234] [7.1128656e-04 3.0541100e-04 1.1410209e-03 1.0382622e-03 1.5911381e-04
 1.0192724e-03 2.7134092e-04 9.9516594e-01 1.8838359e-04] [1.0747272e-04 4.9685288e-05 8.0307873e-05 1.5359442e-04 2.1062576e-04
 8.2296057e-04 9.9801230e-01 2.7990161e-04 2.8308190e-04] [2.21500188e-04 1.85820187e-04 9.40311700e-04 5.02088631e-04
 9.97670591e-01 1.08435415e-04 1.60145180e-04 1.59651085e-04
 5.14091844e-05] [1.30796310e-04 8.13556835e-05 2.67182739e-04 4.27711144e-04
 1.15767434e-04 3.16125428e-04 9.98336673e-01 1.64532103e-04
 1.59832518e-04] [0.00326144 0.03979458 0.00177716 0.03450355 0.00200597 0.03535434
 0.00256859 0.8732659  0.00746849] [0.08286168 0.05262992 0.62236065 0.10431781 0.01828518 0.03033158
 0.04359271 0.03097381 0.01464666] [9.3814125e-04 2.5757067e-04 1.3205931e-03 9.1778848e-04 3.2551261e-04
 8.7909616e-04 2.1201416e-04 9.9219429e-01 2.9549473e-03] [5.9957703e-04 3.7527119e-04 1.0414518e-03 8.4869469e-05 6.1240469e-05
 4.6443319e-04 9.9729925e-01 2.9910099e-05 4.3978212e-05] [5.4300646e-04 7.0339255e-04 9.9479735e-01 1.3396275e-03 3.5688360e-04
 1.0731574e-03 2.9907183e-04 2.8221117e-04 6.0528994e-04] [0.01204454 0.03848795 0.01479213 0.00945973 0.01638491 0.0634286
 0.4061644  0.0236662  0.41557157] [3.5231607e-04 1.0149673e-03 3.1229985e-04 2.7934051e-04 9.9682426e-01
 3.0431079e-04 3.2616785e-04 2.6498779e-04 3.2140155e-04] [6.2972002e-05 5.1641913e-05 1.5969086e-04 2.0541195e-04 4.0695272e-04
 9.9743670e-01 4.9644179e-04 1.5009395e-04 1.0300927e-03] [0.07583048 0.07727642 0.13499965 0.0404284  0.03241419 0.03392982
 0.13262653 0.10049166 0.37200284] [4.0669966e-05 3.6895239e-05 2.3587767e-05 5.0439914e-05 7.7627577e-05
 2.2201843e-04 4.2515883e-05 9.9892199e-01 5.8426399e-04] [2.1669184e-04 1.3883245e-04 9.9543213e-05 5.8270729e-05 1.7165244e-04
 9.9818331e-01 2.4512780e-04 2.3456781e-04 6.5192283e-04] [1.0436127e-04 1.3490317e-04 7.6030010e-05 4.1811485e-04 9.1857182e-05
 9.9813086e-01 1.6494039e-04 2.2063886e-04 6.5826013e-04] [0.00266638 0.02896482 0.0026458  0.00231182 0.00276474 0.01954225
 0.00259962 0.9335516  0.00495302] [0.01570636 0.00689228 0.00756728 0.01134022 0.00846612 0.02609884
 0.01409682 0.01009812 0.899734  ] [4.8947535e-05 1.7584425e-04 9.7892320e-05 7.1948662e-04 8.9400986e-05
 1.1552121e-03 9.9724883e-01 7.8798192e-05 3.8560038e-04] [7.18336669e-05 1.20652971e-04 4.23101374e-05 5.26188524e-04
 1.15370334e-04 9.92889865e-04 9.97914016e-01 9.18126243e-05
 1.24927945e-04] [9.9847597e-01 1.8152522e-04 7.5854134e-04 4.3456585e-05 7.0310736e-05
 2.3773727e-04 6.5322289e-05 3.9121540e-05 1.2798158e-04] [0.5417648  0.29521483 0.03794181 0.00495075 0.03641963 0.00529746
 0.01518976 0.04728617 0.01593475] [0.00116911 0.00370493 0.971773   0.01075053 0.00115455 0.00565745
 0.00272997 0.00177956 0.00128087] [0.00132809 0.00149863 0.00097473 0.00376878 0.05575263 0.01736313
 0.00281793 0.00158758 0.9149085 ] [4.3753456e-04 4.4459809e-04 1.7975195e-04 9.9123538e-01 4.6145261e-04
 2.2065348e-03 2.7526491e-03 1.0302474e-03 1.2518080e-03] [3.2027418e-04 2.9817980e-04 8.0914196e-04 4.4031863e-04 1.0425369e-03
 6.1874598e-04 5.2802097e-05 9.9636382e-01 5.4200191e-05] [9.9057686e-01 8.7594974e-04 1.2722211e-03 5.6241051e-04 1.2491816e-03
 6.5104367e-04 1.7492282e-04 4.1016643e-03 5.3570600e-04] [1.55091155e-04 1.23883263e-04 3.18029488e-04 9.35353673e-05
 1.08650485e-04 2.27391225e-04 6.61861050e-05 9.96564329e-01
 2.34293914e-03] [0.00315105 0.00434268 0.01379751 0.96513146 0.00219393 0.00371401
 0.00099751 0.00300841 0.00366345] [5.3233979e-04 8.6700974e-04 2.0685464e-03 9.8372644e-01 2.2154402e-03
 2.4132084e-03 4.2054099e-03 2.4891933e-03 1.4824028e-03] [1.4261144e-03 1.8508377e-04 1.9787187e-03 1.6189439e-04 9.9542600e-01
 1.1371058e-04 2.5623073e-04 3.3951044e-04 1.1274856e-04] [0.0056484  0.00990271 0.01172082 0.00124106 0.00098515 0.00607734
 0.0049556  0.9572355  0.00223344] [0.2058819  0.2442054  0.09829336 0.03653017 0.06996762 0.15506117
 0.04837002 0.03815614 0.10353424] [3.8552647e-03 1.2483306e-03 1.7534858e-02 1.3351461e-03 6.5060327e-04
 9.2264742e-04 5.0601771e-04 9.7280562e-01 1.1414894e-03] [0.01843179 0.20015255 0.20148309 0.0737639  0.11221499 0.17748372
 0.11109853 0.0326762  0.07269523] [9.9726617e-01 3.5064650e-04 3.6509903e-04 5.0074671e-04 2.6499759e-04
 1.7695627e-04 3.4959905e-04 2.6683690e-04 4.5893976e-04] [4.2165679e-04 1.6376523e-04 1.9234876e-04 6.4680069e-05 9.9801981e-01
 2.8282360e-04 2.0158514e-04 1.0573458e-04 5.4755149e-04] [0.00518768 0.00983644 0.00379625 0.02050829 0.00736007 0.02058491
 0.00443396 0.00274193 0.92555046] [7.8225770e-05 1.2305081e-04 8.4194966e-05 4.3206228e-04 9.9636960e-01
 1.6265572e-04 1.4389664e-04 5.6889001e-04 2.0374514e-03] [1.1137762e-04 8.5295251e-05 5.4246546e-05 3.3028118e-04 6.2097432e-05
 9.9800760e-01 2.5668342e-04 1.0438661e-04 9.8807365e-04] [3.24068628e-02 1.00112615e-04 2.42429131e-04 5.32666018e-05
 9.27627916e-05 1.78428003e-04 9.66278315e-01 1.19937089e-04
 5.27868629e-04] [7.7905174e-04 1.6137262e-04 2.2857329e-04 2.2210502e-04 4.1888820e-04
 3.6953200e-04 9.9753112e-01 1.2249463e-04 1.6687156e-04] [2.1334044e-03 3.1835309e-03 9.8235530e-01 2.0786815e-03 2.2015553e-03
 1.8249062e-03 2.0300467e-03 8.4274076e-04 3.3497976e-03] [1.1795556e-04 1.9327938e-04 2.0538863e-04 6.0114841e-04 1.3689493e-04
 1.4572835e-03 9.9489814e-01 4.6095313e-04 1.9289590e-03] [1.0252127e-03 2.5567259e-03 9.5317503e-03 2.9393672e-03 1.3394210e-02
 1.8940292e-03 3.2233869e-04 9.6697193e-01 1.3644111e-03] [1.3818484e-04 1.7247230e-04 5.8184563e-05 9.9801230e-01 9.7442287e-05
 5.4165674e-04 4.1829090e-04 2.5614712e-04 3.0530058e-04] [4.1210104e-04 8.1101171e-04 9.9235511e-01 3.7611597e-03 9.2815555e-04
 5.2350794e-04 5.5920944e-04 5.1495910e-04 1.3473291e-04] [9.9154949e-01 7.5998524e-04 4.8323409e-04 2.2862242e-04 1.8383068e-04
 6.3961847e-03 1.3221409e-04 1.0757975e-04 1.5885841e-04] [0.00542758 0.89185697 0.02602203 0.00549565 0.00451186 0.03140993
 0.0059461  0.00845776 0.02087213] [3.6086669e-04 5.4624106e-04 2.5099318e-04 3.1384174e-04 9.9766904e-01
 2.4829127e-04 2.5049984e-04 2.7718340e-04 8.3015482e-05] [0.03894361 0.18439464 0.19788046 0.09927471 0.07341751 0.25790638
 0.03016711 0.04647905 0.07153656] [4.1516675e-03 1.0500018e-03 5.0007866e-04 4.8767161e-03 2.5666649e-03
 1.5751071e-02 9.5971900e-01 1.3612423e-03 1.0023565e-02] [9.9930465e-01 1.3035278e-04 8.4467385e-05 4.5242028e-05 1.4069516e-04
 1.3530663e-04 3.4936696e-05 4.9085131e-05 7.5284137e-05]",1 3 5 5 7 4 5 5 3 1 0 3 8 4 8 4 3 5 8 1 0 1 6 0 3 4 1 1 5 7 2 8 8 3 7 4 6 3 4 1 2 0 1 3 0 8 3 8 4 4 6 2 2 2 1 4 3 4 0 5 0 8 2 2 5 7 0 1 8 6 3 6 3 6 4 7 2 7 1 0 4 6 2 1 2 1 1 5 6 8 7 5 0 7 8 7 2 0 6 4 8 6 3 3 4 7 8 6 5 3 2 2 2 0 2 7 0 5 3 2 8 4 5 8 1 8 1 3 2 5 8 5 6 4 0 8 3 1 1 3 2 1 0 8 5 8 7 1 5 7 1 1 0 2 3 0 3 6 1 4 6 4 0 7 6 4 6 7 2 7 6 2 6 4 5 8 7 5 5 7 8 6 6 0 0 2 8 5 7 0 7 3 3 4 7 5 7 5 0 4 8 4 5 6 6 2 6 7 3 2 0 1 4 7 6 0
1468,0,xgboost,0.02,5000,5000,0.8564814814814815,0.9838927469135802,"[1.9004414e-04 1.2465515e-04 5.4091284e-05 6.3711654e-05 1.6128099e-04
 9.9889272e-01 9.9601697e-05 1.2040846e-04 2.9346038e-04] [0.12374879 0.09233744 0.07631447 0.01004867 0.08399191 0.06370436
 0.1284465  0.03399718 0.38741067] [1.7902577e-04 5.2862847e-04 9.4834861e-04 9.9569714e-01 3.2621628e-04
 7.3317485e-04 5.6229741e-04 2.2013113e-04 8.0498774e-04] [0.07003923 0.02755333 0.41950196 0.28074107 0.02037321 0.04864718
 0.08083877 0.02135197 0.03095329] [9.6422627e-05 4.0305272e-04 4.2086183e-05 1.0429730e-04 2.2782830e-03
 1.2585431e-04 9.9550998e-01 2.4744484e-04 1.1926101e-03] [2.6202263e-04 1.7552213e-03 9.9277461e-01 2.2435519e-03 7.5078045e-04
 2.1839843e-04 3.1237653e-04 3.3779626e-04 1.3452563e-03] [0.04233758 0.02382496 0.0538828  0.04669102 0.01313295 0.02780095
 0.0267044  0.0085325  0.75709283] [1.0020109e-03 9.9560285e-01 8.7156979e-04 7.6675805e-04 2.8746203e-04
 5.5643014e-04 4.2071589e-04 2.9733867e-04 1.9492117e-04] [6.9078623e-04 6.2489812e-04 5.7567243e-04 3.3316779e-04 8.9296896e-04
 1.6262570e-03 1.7583694e-03 9.9312031e-01 3.7755913e-04] [5.9198355e-04 5.3831213e-04 3.3712905e-04 8.7337155e-04 9.9632651e-01
 3.8683493e-04 2.9521558e-04 5.1909249e-04 1.3153366e-04] [1.4181703e-04 1.4852409e-04 2.9672976e-04 1.5472838e-04 9.9772769e-01
 4.2015393e-04 4.0729588e-04 5.7097455e-04 1.3212173e-04] [0.028474   0.01509701 0.42934355 0.4354651  0.01175641 0.01125588
 0.0222894  0.01672705 0.02959168] [0.93867016 0.0043186  0.0030401  0.00208946 0.00421276 0.03074327
 0.00365509 0.00836344 0.00490714] [0.00345274 0.00420788 0.00230255 0.00322618 0.0039113  0.01865125
 0.00746099 0.00258783 0.95419925] [9.9014038e-01 5.2695600e-03 9.6405472e-04 2.7159162e-04 2.1468198e-03
 2.2596920e-04 3.0861946e-04 3.1291234e-04 3.6008103e-04] [0.03120148 0.05210783 0.04484287 0.08365833 0.02488422 0.27794302
 0.04617884 0.16788487 0.27129853] [1.3687672e-03 9.6105202e-04 1.5505077e-03 9.7463018e-01 9.0465409e-04
 4.5700232e-03 1.3784729e-03 4.4067064e-03 1.0229643e-02] [0.43471014 0.06350017 0.06348734 0.36524817 0.01036561 0.0280109
 0.0092748  0.02009262 0.00531022] [5.9116323e-04 1.5275903e-03 1.3373356e-03 4.8776620e-04 4.2320168e-04
 1.9558021e-03 4.5326751e-04 9.8831367e-01 4.9101408e-03] [1.2127709e-03 5.5076526e-03 1.1207176e-02 6.9603632e-04 9.9910388e-04
 1.7200699e-03 9.5390272e-04 9.7695470e-01 7.4862147e-04] [1.4339178e-03 9.9575824e-01 6.8662211e-04 4.6270061e-04 3.2696547e-04
 6.0877315e-04 2.7919753e-04 2.8888526e-04 1.5465729e-04] [1.4827356e-03 9.8487860e-01 1.8287580e-03 4.2860498e-04 6.1363372e-04
 2.5625876e-03 1.1239259e-03 1.1110851e-03 5.9700310e-03] [5.1361767e-05 5.1665818e-05 4.6158784e-05 3.1231271e-04 9.0603891e-05
 1.0600571e-04 9.9870574e-01 9.6129530e-05 5.4005836e-04] [0.00265646 0.00440205 0.00405869 0.00725774 0.00499676 0.00674546
 0.00424555 0.00324867 0.9623886 ] [9.9805105e-01 4.5620755e-04 1.4465368e-04 5.5929551e-05 1.0569201e-04
 3.0730054e-04 2.0625714e-04 4.9471104e-04 1.7822308e-04] [0.00435435 0.00307714 0.00217345 0.00800758 0.94674593 0.01651491
 0.00734592 0.00847207 0.00330869] [7.1871682e-04 8.0786081e-04 9.9259430e-01 1.5887953e-03 3.7806915e-04
 4.5754138e-04 7.3424669e-04 3.7246308e-04 2.3480020e-03] [8.6255191e-04 5.9184933e-04 8.6086191e-04 2.3420545e-04 9.9497557e-01
 6.3248648e-04 3.6509181e-04 4.5434071e-04 1.0230874e-03] [0.02522663 0.01726619 0.01525126 0.04337139 0.01791899 0.06018104
 0.02167288 0.49434108 0.30477062] [1.5149837e-03 9.9314195e-01 5.4573931e-04 4.4147676e-04 5.2536052e-04
 1.1430605e-03 1.3840758e-03 4.1531539e-04 8.8807539e-04] [1.5065858e-04 2.1208187e-04 1.5900460e-04 2.2686394e-04 1.9198595e-04
 9.4865705e-04 9.3387825e-05 9.9724185e-01 7.7546440e-04] [1.3798169e-03 7.7199790e-04 8.0712914e-04 4.4669844e-02 4.7297098e-04
 6.6874693e-03 6.0490420e-04 9.8844944e-04 9.4361740e-01] [9.0384268e-04 1.3594975e-03 5.7581387e-04 1.1103227e-03 9.5055157e-01
 4.1696269e-02 7.5215794e-04 1.3846775e-03 1.6658175e-03] [0.00251933 0.00224825 0.0022175  0.0039612  0.00167233 0.00118353
 0.00166091 0.01274297 0.97179395] [9.9877888e-01 1.2520015e-04 9.3798313e-05 2.6140132e-04 4.1659741e-04
 9.0285423e-05 1.1958149e-04 6.3793341e-05 5.0480958e-05] [0.03386922 0.06236038 0.05130482 0.2789074  0.0566548  0.18008196
 0.05301323 0.06051308 0.22329511] [0.00485784 0.0034213  0.01505859 0.9385031  0.00837855 0.00883961
 0.00400856 0.01151745 0.00541506] [9.8221350e-01 1.7743242e-03 5.4097706e-03 3.1804070e-03 1.1056395e-03
 1.3884003e-03 8.1062363e-04 1.6206931e-03 2.4966800e-03] [0.03926987 0.09704182 0.17021208 0.27378556 0.02487226 0.1063289
 0.02357845 0.23530632 0.02960476] [9.9627359e-05 2.0634058e-04 2.0186367e-04 9.9718815e-01 1.1341034e-04
 1.5474547e-03 1.9258275e-04 1.8698935e-04 2.6357506e-04] [5.0496904e-04 4.2588462e-04 1.9551169e-04 4.7574863e-03 5.0707310e-03
 3.3709160e-03 4.7719310e-04 2.1101465e-03 9.8308718e-01] [0.00154546 0.00098067 0.00142889 0.00621979 0.00284302 0.00185551
 0.00372545 0.9759459  0.00545534] [1.1093926e-03 6.5237330e-03 9.8391920e-01 4.1366494e-03 7.9472299e-04
 8.8238623e-04 9.9518592e-04 1.0431310e-03 5.9552328e-04] [1.7642276e-04 1.6154330e-04 9.8465069e-05 3.0589561e-04 9.9846423e-01
 2.0180727e-04 1.5775723e-04 1.5772894e-04 2.7617393e-04] [5.5987242e-04 9.9330574e-01 2.3676937e-03 5.7528348e-04 2.7605219e-04
 2.3718498e-04 1.4454048e-03 1.0035877e-03 2.2920412e-04] [6.4671178e-05 1.0349289e-04 6.3782500e-05 4.9195212e-04 6.4499887e-05
 7.7157957e-04 9.9783427e-01 4.2784581e-04 1.7793744e-04] [0.00277446 0.00350973 0.01166563 0.00564509 0.00563798 0.01437004
 0.00656286 0.91638154 0.0334527 ] [9.9394208e-01 3.2965772e-04 4.4294522e-04 2.3238712e-04 3.9996466e-04
 6.5032399e-04 1.4537548e-03 2.0157516e-03 5.3308462e-04] [8.8671679e-03 9.8644942e-01 1.5202353e-03 2.6095976e-04 2.2715385e-04
 2.3009169e-03 1.2288577e-04 1.2401647e-04 1.2729739e-04] [1.2527188e-04 2.4869278e-04 8.0522877e-05 1.1895914e-04 1.6833752e-04
 9.9865746e-01 2.5412123e-04 1.6838890e-04 1.7817158e-04] [0.02083208 0.11309978 0.0170721  0.34129602 0.0153537  0.17181721
 0.04117134 0.04247371 0.23688406] [5.2180141e-04 3.5534592e-04 9.9544156e-01 1.5386067e-03 4.3180314e-04
 2.4198653e-04 5.1870989e-04 5.8038422e-04 3.6974819e-04] [0.01082515 0.8366325  0.00722917 0.03591166 0.00337007 0.00493567
 0.01003433 0.00881254 0.08224892] [0.06208676 0.0445888  0.02742455 0.21131617 0.04419806 0.09318374
 0.03013465 0.06063941 0.4264278 ] [1.9000446e-04 1.5938727e-04 2.1806172e-04 1.5841242e-03 9.9258643e-01
 4.2623016e-03 1.6125532e-04 1.9464742e-04 6.4378045e-04] [0.01147121 0.00285679 0.0053566  0.00608338 0.00855892 0.0347499
 0.01553999 0.904832   0.01055122] [3.4364659e-04 1.7872103e-03 3.9497935e-04 9.9171329e-01 9.0244343e-04
 1.8942400e-03 1.7126780e-03 6.5323431e-04 5.9825979e-04] [4.1765234e-04 1.2229208e-03 9.9582136e-01 7.6277484e-04 3.4399782e-04
 3.9403487e-04 3.9607994e-04 2.4265161e-04 3.9857833e-04] [5.1172222e-03 1.2936771e-03 1.5156529e-03 1.2345471e-03 8.3972386e-04
 9.8297381e-01 5.4132845e-04 1.4640861e-03 5.0199111e-03] [0.1050737  0.08140388 0.07860826 0.0144915  0.05855461 0.44005916
 0.09971152 0.10693777 0.01515967] [0.02032807 0.06078488 0.10457872 0.07283153 0.03174477 0.32942492
 0.2089083  0.05615487 0.11524397] [0.11403553 0.03404591 0.07014441 0.20682107 0.42407784 0.08640691
 0.03643844 0.0134041  0.01462583] [2.8805627e-04 1.8616943e-04 1.1609979e-04 2.1515941e-04 3.5450046e-04
 1.0039606e-03 1.8281773e-04 9.9733186e-01 3.2140026e-04] [8.7636872e-05 3.0482767e-04 4.9026980e-04 6.7484594e-04 2.0226080e-04
 6.5825548e-04 9.9713469e-01 8.6203589e-05 3.6101477e-04] [0.05138847 0.08438602 0.38972563 0.3031468  0.01631415 0.02546499
 0.05194405 0.04338535 0.03424451] [1.4029161e-04 9.9830258e-01 8.4101266e-05 9.1758899e-05 9.8991703e-05
 7.6276972e-04 2.3951639e-04 1.2385815e-04 1.5613897e-04] [1.1815903e-03 9.4713342e-01 1.2122029e-02 1.0384319e-03 4.8749894e-04
 6.0172146e-04 1.6754224e-03 3.2874253e-02 2.8856860e-03] [0.01190263 0.00737307 0.0059515  0.50987214 0.01498998 0.30623224
 0.01211184 0.0594991  0.07206751] [1.7529294e-04 1.3834173e-04 3.0908940e-04 1.5862578e-03 1.1984166e-04
 1.0711162e-03 1.3683684e-04 9.9616939e-01 2.9383771e-04] [0.07779223 0.13413236 0.1375643  0.06416411 0.08247244 0.21634717
 0.0857124  0.12716897 0.07464598] [0.09693088 0.03818534 0.2917179  0.25386348 0.03290125 0.05065867
 0.14269039 0.0692952  0.0237569 ] [0.03766738 0.05995207 0.01785493 0.155537   0.0946084  0.3723642
 0.09196752 0.04300412 0.12704441] [0.30742472 0.11881763 0.22610384 0.04547381 0.0481826  0.07918961
 0.06303944 0.05491607 0.05685229] [0.00441311 0.00400286 0.00580869 0.00206099 0.96346253 0.00538649
 0.0071075  0.00278231 0.00497551] [0.00877235 0.09561563 0.7246538  0.01433559 0.12871289 0.01318226
 0.00628426 0.0051168  0.0033264 ] [2.3765546e-04 6.8951235e-04 1.1029684e-04 1.3898154e-04 1.6550648e-04
 3.7875690e-04 9.9683869e-01 1.1495496e-03 2.9109162e-04] [1.3723722e-04 8.9270026e-05 5.7509460e-05 1.8166938e-03 1.3990367e-04
 2.0865617e-04 6.0466402e-05 9.7961146e-01 1.7878789e-02] [0.00909662 0.02367858 0.01811276 0.65532696 0.01969328 0.17235427
 0.02231851 0.02153799 0.05788098] [0.00354297 0.00674792 0.9311028  0.01244757 0.0035006  0.00777087
 0.00861349 0.02296516 0.00330854] [2.2843129e-04 4.3222492e-04 1.0425018e-03 7.0814509e-04 1.4613023e-04
 1.4547422e-04 1.6944387e-04 9.9658257e-01 5.4507295e-04] [0.01546036 0.00885783 0.01865633 0.48880422 0.00880416 0.1453661
 0.02237593 0.00785148 0.28382358] [0.0180207  0.0487624  0.02552343 0.09077848 0.01962878 0.59696245
 0.03470706 0.04314927 0.12246743] [9.9025095e-01 1.4771562e-04 7.6170596e-03 7.7140197e-04 3.0028497e-04
 2.1422385e-04 2.3222422e-04 2.9987833e-04 1.6630348e-04] [3.1207962e-04 3.1676207e-04 1.8526131e-04 4.5152887e-04 9.7282667e-04
 2.7909286e-03 9.9421567e-01 3.5728820e-04 3.9773496e-04] [3.6665125e-04 9.9647433e-01 3.8541594e-04 1.8920870e-04 6.8683387e-04
 8.3179295e-04 2.8838555e-04 3.4281597e-04 4.3460992e-04] [9.9495810e-01 3.7843175e-04 1.0860087e-03 6.4006145e-04 2.8785973e-04
 7.6571543e-04 8.6164306e-04 6.0097448e-04 4.2120577e-04] [3.5994843e-04 7.1542320e-04 1.8571547e-03 9.6781075e-01 3.0265131e-03
 3.0803396e-03 5.7006942e-04 3.0315510e-04 2.2276646e-02] [1.4714034e-03 1.9466308e-03 1.8575694e-03 9.8532969e-01 9.7463658e-04
 2.1745164e-03 1.9135306e-03 1.4535332e-03 2.8785556e-03] [0.00139178 0.00138413 0.00113965 0.02908121 0.95555377 0.00345845
 0.00111729 0.00250887 0.0043648 ] [9.2390161e-05 1.4770808e-04 8.2178414e-04 8.3570943e-05 9.9813420e-01
 2.3689737e-04 1.5971965e-04 1.8800845e-04 1.3574272e-04] [0.00250082 0.83735883 0.04381751 0.00421475 0.00245477 0.00333188
 0.00500839 0.00210888 0.0992042 ] [3.5488601e-03 7.4424414e-04 3.2180932e-03 6.0801771e-03 1.8721825e-03
 1.2924800e-03 9.6339589e-01 1.1361589e-03 1.8711938e-02] [0.17359515 0.0668155  0.2154655  0.05099444 0.13485648 0.12119513
 0.07160271 0.08820941 0.07726567] [1.3952311e-03 9.5298467e-03 4.2519025e-03 1.1618214e-03 7.6469564e-04
 1.3140569e-03 1.4491997e-03 9.7942209e-01 7.1112078e-04] [3.9430967e-04 8.2316657e-04 5.9587008e-04 7.1699329e-04 2.9047218e-04
 9.9491853e-01 8.0898061e-04 9.3392795e-04 5.1777973e-04] [1.2007352e-04 1.9723659e-04 4.7601497e-04 1.2252656e-04 1.7456886e-04
 1.4286878e-04 2.8986068e-04 9.9826235e-01 2.1446530e-04] [4.9649097e-04 1.4945719e-03 1.0787927e-03 2.3186065e-03 1.0389861e-03
 1.9803513e-02 9.6260935e-01 2.0256040e-03 9.1341101e-03] [9.9548858e-01 3.7328096e-04 4.9959944e-04 2.8276298e-04 1.6602981e-03
 2.2719581e-04 2.7286596e-04 1.9501911e-04 1.0003892e-03] [2.1686516e-04 9.8713739e-03 1.4079928e-03 2.7886484e-04 9.8712665e-01
 3.0782892e-04 2.3972824e-04 3.0367501e-04 2.4705654e-04] [0.04633142 0.05053642 0.26842064 0.35870656 0.01591886 0.01896875
 0.11716557 0.02810485 0.09584688] [0.02383659 0.04112866 0.06483887 0.13680464 0.0253889  0.23788813
 0.06036574 0.22983754 0.17991088] [5.1820348e-04 1.6613355e-03 4.1505627e-04 1.3831219e-03 1.2833693e-03
 9.8575264e-01 6.7919435e-04 1.3774538e-03 6.9295825e-03] [9.9658656e-01 1.4226855e-04 5.0669775e-04 7.0330885e-04 8.7335211e-04
 4.0198647e-04 4.5328165e-04 1.8114665e-04 1.5133810e-04] [0.01635407 0.04582854 0.71070033 0.12191445 0.02487636 0.01588928
 0.01007702 0.03902247 0.01533747] [4.1590666e-04 3.9906331e-04 3.7484811e-04 5.3341477e-04 5.4181740e-04
 1.3907109e-03 9.9438888e-01 1.3266080e-03 6.2875124e-04] [0.19172151 0.04215985 0.01573252 0.02075944 0.5959199  0.02608699
 0.06038779 0.02318335 0.02404867] [1.2011509e-03 1.6534715e-03 4.9940374e-04 1.5813356e-02 2.1985942e-03
 5.6953146e-03 8.1676710e-01 1.4558648e-02 1.4161299e-01] [9.9879611e-01 1.9761665e-04 1.3700964e-04 1.3635853e-04 1.3300430e-04
 3.5382676e-04 1.0675208e-04 8.3231251e-05 5.6022196e-05] [6.6792325e-04 2.7923891e-04 1.6273715e-04 5.7708815e-04 4.0392810e-04
 9.9678290e-01 6.6923606e-04 2.7079118e-04 1.8612464e-04] [0.19209343 0.08898538 0.1705516  0.10555844 0.04476376 0.17856422
 0.14128329 0.04498664 0.03321325] [0.02859957 0.09161216 0.14129573 0.34721282 0.0624756  0.2320691
 0.03133522 0.02107334 0.04432647] [1.23134203e-04 1.21028563e-04 6.37226694e-05 1.36155530e-03
 1.05259904e-04 8.50893743e-03 9.87074852e-01 1.32986650e-04
 2.50854157e-03] [0.00592745 0.01526612 0.01586991 0.00708705 0.00453112 0.09459262
 0.02844417 0.02959131 0.79869026] [0.9459494  0.01076156 0.01289874 0.00594912 0.00377723 0.00512042
 0.00341841 0.00671087 0.00541434] [0.00196317 0.00281268 0.00117245 0.0015693  0.00236431 0.00618271
 0.00195279 0.0041412  0.9778414 ] [0.00920004 0.21973847 0.00196528 0.05458508 0.01934493 0.5693523
 0.0175917  0.00990986 0.0983123 ] [1.2468876e-03 1.8820949e-04 6.3821921e-05 1.4893197e-04 6.7633977e-05
 7.0995395e-04 9.9669468e-01 1.4456142e-04 7.3537958e-04] [1.9265629e-03 9.7034746e-01 1.5868299e-02 4.1161294e-04 5.0496557e-03
 1.5995592e-03 3.2791258e-03 1.1401719e-03 3.7762686e-04] [0.001467   0.00502963 0.0112962  0.9586641  0.00212522 0.00179208
 0.00181962 0.0014117  0.01639451] [0.08199511 0.08745478 0.02730679 0.09366597 0.08029433 0.15953594
 0.03315402 0.30343288 0.13316019] [0.00572474 0.00361904 0.01279431 0.00483561 0.00278942 0.00288967
 0.00603356 0.9580168  0.00329684] [0.01398253 0.1385043  0.01781178 0.5395582  0.01332413 0.03125842
 0.09629148 0.01057324 0.13869594] [8.9560170e-05 4.2918016e-04 1.3880363e-04 4.0867198e-03 2.1554208e-04
 2.0538191e-03 9.9241078e-01 1.3299871e-04 4.4263789e-04] [0.01297819 0.01269161 0.00470397 0.01516649 0.08390662 0.02812718
 0.0113146  0.01403198 0.81707937] [0.00625461 0.00778094 0.14284739 0.7010465  0.00319454 0.01191388
 0.01947285 0.08075986 0.02672939] [6.6781449e-03 4.1875578e-04 9.8656267e-01 3.7028678e-03 2.5346412e-04
 7.5339212e-04 2.4349823e-04 9.4224454e-04 4.4496960e-04] [3.6798947e-04 4.1614767e-04 2.9274414e-03 1.5633245e-04 2.6502257e-04
 6.6916336e-04 9.9130356e-01 3.0667414e-03 8.2759548e-04] [0.5902331  0.01998717 0.12332974 0.01165284 0.02950788 0.05180643
 0.02074388 0.11933874 0.03340028] [0.0373214  0.075797   0.39916295 0.19378076 0.04746068 0.08133216
 0.03961998 0.03149549 0.09402959] [2.1513489e-03 9.8774326e-01 1.8572450e-03 8.3147164e-04 5.9552916e-04
 1.5355406e-03 1.6901646e-03 2.6926005e-03 9.0285437e-04] [1.4770887e-04 1.0392953e-04 1.1819143e-04 9.2472197e-05 2.1391296e-04
 9.9850130e-01 1.4534204e-04 1.2847839e-04 5.4869195e-04] [0.00789294 0.01572672 0.0065935  0.6389318  0.00428496 0.04653807
 0.1364094  0.08777939 0.05584322] [0.03743244 0.03043798 0.04183774 0.03583973 0.31916758 0.13342823
 0.0582271  0.11923669 0.22439252] [0.03302792 0.01834925 0.02185813 0.05952812 0.02263112 0.05181431
 0.02532675 0.03979268 0.72767174] [0.04236684 0.03338746 0.0086591  0.64761263 0.00850713 0.03516429
 0.04633403 0.13899504 0.03897347] [4.3621042e-04 4.3227212e-04 9.9589133e-01 9.1887574e-04 2.3690352e-04
 2.4337741e-04 2.1394900e-04 1.3702506e-03 2.5684483e-04] [0.00346566 0.00459733 0.00257354 0.04147399 0.01011648 0.08898535
 0.00691423 0.07212661 0.76974684] [1.7107349e-04 4.5522986e-04 1.1382755e-04 1.8747653e-04 9.9832946e-01
 1.5454614e-04 1.5891243e-04 2.0203402e-04 2.2738831e-04] [1.7723194e-04 9.9786478e-01 1.3451524e-04 2.8584601e-04 4.5729885e-04
 2.0702537e-04 2.0197946e-04 1.5690457e-04 5.1442737e-04] [0.00297733 0.00278292 0.00648199 0.94048196 0.00277477 0.02077721
 0.00319477 0.00721695 0.01331215] [0.02708315 0.0946313  0.69852215 0.04681578 0.01307409 0.03329732
 0.0154713  0.0332426  0.03786226] [0.04662235 0.00471812 0.00656545 0.7886807  0.02353872 0.10254674
 0.00592372 0.00950178 0.01190241] [1.0945790e-03 9.9043852e-01 6.8818039e-04 1.6325557e-03 8.2320708e-04
 8.2439341e-04 2.8107604e-03 8.5551228e-04 8.3230500e-04] [0.16625084 0.02256055 0.03282031 0.54314214 0.13594083 0.01710622
 0.02117635 0.05022943 0.01077331] [0.02275255 0.01711906 0.04515405 0.17300744 0.1952048  0.25683764
 0.06943277 0.02665156 0.19384012] [0.06464105 0.02810581 0.01833445 0.03129119 0.02120487 0.63829446
 0.08643498 0.04865716 0.06303602] [0.00182812 0.00274516 0.15427893 0.69078517 0.00124885 0.13505608
 0.00206997 0.00897536 0.00301233] [3.0061504e-04 4.1000464e-04 7.2177721e-04 1.4883475e-03 9.9506748e-01
 5.1701930e-04 7.5298140e-04 6.0459715e-04 1.3714143e-04] [2.1264945e-04 8.0101134e-04 5.8891374e-04 1.0638217e-03 3.1602019e-04
 5.0302758e-04 3.0630457e-04 9.9514270e-01 1.0655941e-03] [0.00088311 0.00150507 0.28897426 0.69578934 0.00070997 0.00313862
 0.00085874 0.00093084 0.00721011] [0.00108664 0.00216936 0.00136696 0.00745263 0.0324756  0.00291695
 0.9375526  0.00852115 0.00645812] [0.00674205 0.00506326 0.680824   0.2838821  0.00237796 0.00362925
 0.00989014 0.00240885 0.00518234] [6.6933717e-04 5.6225946e-04 6.3183927e-04 1.6226796e-03 4.3312929e-04
 1.7085248e-03 7.5314369e-04 9.9070704e-01 2.9120373e-03] [0.00662891 0.28703815 0.46329942 0.00732556 0.20246062 0.00794681
 0.00756621 0.00990897 0.00782529] [4.5795835e-04 9.9597198e-01 3.9656411e-04 5.6689675e-04 4.1645722e-04
 8.9908269e-04 2.0411299e-04 7.8137947e-04 3.0556103e-04] [0.00136087 0.00270186 0.01503399 0.00180909 0.00167537 0.00531366
 0.00761761 0.00800117 0.95648634] [0.0588259  0.03420662 0.00837941 0.04217492 0.02485702 0.42149487
 0.26595116 0.0809977  0.06311238] [3.1823904e-04 6.7541038e-04 1.4422680e-03 1.2145086e-04 1.7139244e-04
 9.9644333e-01 1.4798953e-04 1.2325477e-04 5.5668486e-04] [0.004511   0.00468904 0.00460646 0.00279087 0.00419555 0.00334601
 0.00888425 0.00295634 0.96402043] [0.04381378 0.06545927 0.19344403 0.20933221 0.023134   0.09070074
 0.2770319  0.04409185 0.0529922 ] [1.5647897e-03 9.6120465e-01 1.0630705e-02 3.8607004e-03 8.2611170e-04
 1.4919493e-02 2.0722346e-03 1.5967424e-03 3.3246039e-03] [0.00234058 0.00122942 0.00123553 0.00347417 0.00171692 0.00192063
 0.00156446 0.9721653  0.01435304] [0.00493569 0.00397779 0.00351729 0.92510533 0.0070181  0.00907371
 0.00465339 0.00473822 0.03698047] [0.02476327 0.04038601 0.06538457 0.14162089 0.04207662 0.24498442
 0.05079668 0.08078209 0.30920544] [9.99160767e-01 1.52218156e-04 5.06190154e-05 4.66831516e-05
 1.62186887e-04 1.17614982e-04 6.77642893e-05 1.34552072e-04
 1.07569096e-04] [2.73221434e-04 9.98523772e-01 1.28426400e-04 1.58245501e-04
 8.71019947e-05 1.92477994e-04 2.09339749e-04 1.09301756e-04
 3.18114326e-04] [2.0004614e-04 5.9210556e-04 8.0368458e-04 7.4438483e-04 9.9643242e-01
 4.5347353e-04 3.4706376e-04 2.2224984e-04 2.0451078e-04] [0.04849984 0.08558284 0.04235798 0.10811786 0.04324133 0.14438485
 0.06622058 0.08566345 0.3759313 ] [1.7127874e-03 1.2514850e-03 9.0909167e-04 1.1174578e-02 1.0352236e-03
 1.8733306e-03 1.4753180e-03 1.0927353e-03 9.7947550e-01] [0.00218907 0.00231344 0.0020828  0.00174416 0.9791804  0.00475185
 0.00206232 0.00453245 0.0011435 ] [5.7780743e-04 1.4778762e-04 7.8764679e-05 6.9960760e-04 2.4892247e-04
 2.9196529e-04 1.4924064e-04 9.9735731e-01 4.4851788e-04] [0.0433115  0.12271214 0.02089424 0.17181319 0.03139064 0.19708525
 0.04654361 0.01868173 0.3475677 ] [0.06550456 0.081918   0.02118099 0.02745781 0.05831353 0.07252355
 0.36683425 0.08873381 0.21753345] [1.0826862e-04 1.6223667e-04 7.4228286e-05 1.1027922e-04 9.9899191e-01
 2.4148355e-04 1.4647792e-04 1.1234463e-04 5.2726878e-05] [4.1965509e-04 9.6738013e-04 5.6599785e-04 2.0630250e-04 2.3169888e-03
 2.0308004e-04 3.9129850e-04 9.8900104e-01 5.9282114e-03] [1.3498751e-04 1.4428124e-03 9.9805293e-05 9.5906149e-04 4.1134073e-04
 9.0148393e-04 9.9544758e-01 2.2440417e-04 3.7846196e-04] [0.03297018 0.04754631 0.09363755 0.48401302 0.03368734 0.03934953
 0.05145055 0.18619208 0.0311534 ] [9.8144960e-01 4.8155882e-03 3.5103243e-03 1.8345939e-03 1.3589358e-03
 1.5370854e-03 2.2356845e-03 2.3546827e-03 9.0345985e-04] [7.5942808e-04 1.4309037e-03 4.7874590e-03 2.7499703e-04 9.9113351e-01
 3.0014731e-04 5.2599382e-04 6.1059161e-04 1.7703151e-04] [8.89996882e-05 1.08125656e-04 2.05872071e-04 8.22382135e-05
 1.34590722e-04 6.12618824e-05 9.98895228e-01 2.66932999e-04
 1.56823240e-04] [0.02186234 0.03793887 0.13131262 0.3025766  0.24550541 0.11731963
 0.04709839 0.05368239 0.04270372] [0.00625646 0.00555015 0.00305845 0.01148888 0.908352   0.03077159
 0.01106195 0.00829594 0.01516459] [1.1881732e-03 9.4484293e-04 5.8924616e-04 2.2147947e-03 2.4841002e-03
 2.6911306e-03 9.8062736e-01 6.1588583e-04 8.6444821e-03] [9.9518460e-01 8.4932288e-04 1.6462669e-03 2.4655633e-04 1.6343320e-04
 4.0304169e-04 3.7927416e-04 7.1861933e-04 4.0886601e-04] [0.00655327 0.00593268 0.01720092 0.00952727 0.00335731 0.01053984
 0.9229624  0.00468504 0.01924121] [0.94610447 0.00771247 0.00225012 0.00717079 0.00233909 0.02094145
 0.0047762  0.00392824 0.00477714] [0.03788392 0.17230824 0.25892076 0.11290596 0.0722582  0.16432586
 0.0756392  0.07328465 0.03247318] [0.03039978 0.02391677 0.00807887 0.08386901 0.01983514 0.6844143
 0.04659338 0.06764695 0.0352458 ] [2.5893813e-03 9.8956645e-01 6.3628366e-04 1.0123954e-03 5.0627417e-04
 9.8218431e-04 5.0947082e-04 2.7940313e-03 1.4035644e-03] [7.5872755e-04 5.5572548e-04 6.7114132e-04 3.5163332e-04 9.9422908e-01
 7.7061891e-04 3.9120234e-04 1.2631051e-03 1.0087149e-03] [6.6532363e-04 4.0962358e-04 6.1337691e-04 9.9402326e-01 5.2485120e-04
 9.1470237e-04 3.8854871e-04 7.0262671e-04 1.7576852e-03] [4.0836725e-04 9.9586171e-01 1.2310984e-03 3.2662138e-04 2.0486630e-04
 3.1289874e-04 4.8873742e-04 7.9202204e-04 3.7375433e-04] [0.02496263 0.03722578 0.03964273 0.3120204  0.02603878 0.0399667
 0.08173134 0.297459   0.14095257] [1.9345972e-03 7.6537568e-04 6.1239251e-03 1.8591934e-03 4.9049861e-04
 9.4683951e-04 1.0349446e-03 9.8479730e-01 2.0473446e-03] [1.3242721e-03 1.5763119e-03 4.6280501e-04 2.2038801e-03 2.1853806e-02
 1.4908466e-03 2.1518893e-03 9.6782446e-01 1.1116805e-03] [2.7891793e-03 1.7439597e-03 9.8650372e-01 7.4847502e-04 1.2149776e-03
 2.9692927e-03 1.4604090e-03 1.1992349e-03 1.3707529e-03] [0.03542718 0.0285747  0.00890051 0.06818825 0.02392605 0.70285285
 0.02963663 0.01930523 0.08318859] [0.10993181 0.05964103 0.1328913  0.4502115  0.02801096 0.06232421
 0.03220191 0.03224922 0.09253803] [0.07366215 0.05629005 0.11350676 0.05351613 0.49884847 0.0305965
 0.04532977 0.04573388 0.08251622] [0.05510722 0.05046614 0.0525314  0.3360553  0.04014585 0.10257279
 0.20110649 0.11743345 0.04458136] [0.00899669 0.02591603 0.00418295 0.5602966  0.01314239 0.050896
 0.02165071 0.02383313 0.2910855 ] [0.05165673 0.02556808 0.01632384 0.05604447 0.01435299 0.23790756
 0.08080273 0.08627547 0.43106806] [0.02909592 0.01856602 0.02843623 0.27812538 0.02986548 0.08015446
 0.03816054 0.01759776 0.4799982 ] [8.0098800e-04 3.1801814e-04 2.9290692e-04 3.3907380e-03 6.5274612e-04
 1.4851724e-03 9.8585576e-01 7.4523990e-04 6.4584357e-03] [0.06393395 0.03009255 0.07469298 0.02459827 0.0286902  0.06939653
 0.09020965 0.5475081  0.07087778] [9.9034286e-01 1.7006298e-03 2.5901983e-03 1.4057305e-03 2.8981428e-04
 1.0733959e-03 4.1489917e-04 1.3991728e-03 7.8334979e-04] [1.8006559e-04 1.4019739e-04 1.5253299e-04 1.7861270e-04 1.7524222e-04
 2.8030318e-04 1.3143648e-04 9.9810886e-01 6.5277965e-04] [2.3470183e-03 9.7866607e-01 1.4701833e-03 2.0510131e-03 3.9492952e-04
 6.3899736e-04 7.7374530e-04 1.0840716e-03 1.2573975e-02] [0.04083792 0.00127842 0.94376534 0.00148021 0.00276319 0.00328074
 0.00213215 0.00132401 0.00313805] [1.2512264e-03 1.7263959e-03 1.9308286e-03 9.9416273e-03 9.7970927e-01
 6.6243898e-04 1.8550728e-03 1.6318259e-03 1.2912365e-03] [4.1110572e-04 1.6274665e-03 9.9355948e-01 1.3531033e-03 5.0542160e-04
 6.3645281e-04 3.5995440e-04 6.2695285e-04 9.2009577e-04] [0.08197945 0.03225655 0.1189322  0.19004597 0.0311678  0.15924582
 0.03446462 0.04750459 0.304403  ] [4.2277563e-05 2.5828963e-04 5.3370331e-04 4.5079749e-05 1.3697553e-04
 4.9347931e-04 9.9833703e-01 1.0347356e-04 4.9608872e-05] [1.5416326e-03 4.1587319e-04 8.1900007e-04 1.0581217e-03 1.0937020e-03
 1.2945870e-03 9.7792119e-01 9.4659030e-03 6.3899411e-03] [0.08859985 0.09748372 0.5548134  0.0563832  0.01521441 0.05286103
 0.02983906 0.07690687 0.0278985 ] [1.07735461e-04 1.91157262e-04 2.26635835e-04 3.28269700e-04
 9.98422027e-01 4.05756931e-04 1.00534424e-04 1.27596883e-04
 9.02851025e-05]",5 0 3 2 6 2 8 1 7 4 4 3 0 8 0 5 3 0 7 7 1 1 6 8 0 4 2 4 7 1 7 8 4 8 0 3 3 0 2 3 8 7 2 4 1 6 7 0 1 5 8 2 1 8 4 7 3 2 5 0 5 4 7 6 2 1 1 5 7 1 2 5 0 4 2 6 7 8 2 7 8 5 0 6 1 0 3 3 4 4 1 6 5 7 5 7 6 0 4 0 5 5 0 2 6 0 6 0 5 3 2 6 8 0 8 5 6 1 3 8 7 6 6 6 2 2 6 1 2 1 5 3 4 8 3 2 3 4 1 3 2 5 1 3 8 5 3 4 7 3 6 2 7 1 1 8 5 5 8 5 1 7 3 8 0 1 4 7 8 4 7 8 8 4 7 6 3 0 4 6 3 4 6 0 6 0 2 5 1 4 3 1 5 7 7 2 5 2 4 3 8 8 8 6 5 0 7 1 2 4 2 3 6 6 0 4
1468,1,xgboost,0.02,5000,5000,0.8564814814814815,0.9834104938271605,"[9.8526961e-01 5.2248954e-04 3.2540681e-04 8.9959802e-05 8.0511498e-05
 1.3320588e-02 1.5536517e-04 9.8619828e-05 1.3745071e-04] [0.05817838 0.08342258 0.06736781 0.06297673 0.29661945 0.23816472
 0.10449031 0.05371381 0.03506619] [7.7793336e-01 4.4905720e-04 2.5777193e-03 2.1583849e-01 5.7592854e-04
 3.9408950e-04 5.9582398e-04 7.3468883e-04 9.0084871e-04] [2.0023773e-04 2.3342967e-04 1.0259507e-03 6.6511973e-05 9.9787390e-01
 8.3075458e-05 1.7922152e-04 2.5207509e-04 8.5633546e-05] [0.60196745 0.02249616 0.04303941 0.00656355 0.11426406 0.14493068
 0.01452273 0.01298962 0.03922633] [3.1156612e-03 9.7577477e-01 4.0988959e-03 3.5715541e-03 1.7675402e-03
 8.9169340e-04 1.6129953e-03 6.1280052e-03 3.0389116e-03] [9.9752635e-01 7.9884405e-05 5.1563507e-04 4.0980446e-04 7.1431474e-05
 7.8875979e-05 1.0837452e-03 8.7953929e-05 1.4632331e-04] [3.35940014e-04 6.28811948e-04 7.85177853e-03 9.90307570e-01
 9.70893816e-05 2.35504252e-04 1.25768522e-04 3.03967507e-04
 1.13615984e-04] [3.7878536e-04 3.3503666e-04 2.5785138e-04 8.4844668e-04 5.6649209e-04
 9.6712023e-04 4.7358061e-04 9.8673463e-01 9.4380202e-03] [9.9903095e-01 2.0818412e-04 2.0176916e-04 1.7986174e-04 5.4546166e-05
 5.2405987e-05 5.2802203e-05 1.1643642e-04 1.0300133e-04] [0.00241011 0.00343476 0.9509381  0.00711865 0.00223191 0.00195859
 0.00281392 0.02492785 0.00416617] [1.3552812e-03 1.9162077e-03 9.6674448e-01 1.0916656e-03 6.8860833e-04
 9.9623099e-04 2.3975099e-02 1.5258157e-03 1.7066827e-03] [0.01592173 0.00358215 0.00413251 0.00680265 0.00461222 0.01576519
 0.09849806 0.0050742  0.84561133] [9.9894613e-01 1.8401450e-04 1.3134505e-04 1.3962860e-04 7.4078082e-05
 1.3812326e-04 7.8124234e-05 1.7058713e-04 1.3795239e-04] [3.2583150e-04 7.0566981e-04 3.7366134e-04 2.7566674e-04 2.7739329e-04
 9.9586272e-01 1.1720926e-03 6.4955495e-04 3.5737432e-04] [0.07221514 0.20862806 0.18238896 0.19269536 0.07458572 0.04535969
 0.07517223 0.08821659 0.06073821] [1.32065977e-03 2.64841598e-04 1.26896193e-04 1.87370115e-05
 5.63395988e-05 6.66183303e-04 9.97371316e-01 5.33625280e-05
 1.21621255e-04] [0.0055913  0.00138776 0.00231336 0.97960794 0.00122207 0.0018275
 0.00196985 0.002317   0.00376321] [2.0997158e-04 1.6634120e-04 3.8434539e-04 1.6566171e-04 9.9861991e-01
 9.0156973e-05 1.3863432e-04 1.6297567e-04 6.2043386e-05] [3.5223068e-04 9.9262214e-01 5.1807892e-04 6.7385350e-04 3.2160708e-04
 2.2493969e-04 2.9741126e-04 2.6465021e-04 4.7250940e-03] [1.5345196e-03 9.8295319e-01 3.9476021e-03 5.1292507e-03 9.6011115e-04
 1.4356613e-03 1.2712469e-03 1.1129596e-03 1.6554195e-03] [0.62083936 0.00693202 0.00065353 0.00477762 0.00164073 0.00850932
 0.00111173 0.00699172 0.34854397] [9.9403274e-05 1.1193512e-04 9.5071613e-05 1.8661859e-04 8.8687331e-05
 1.6529582e-04 9.9859077e-01 3.5856682e-04 3.0358456e-04] [1.17811374e-04 1.52188455e-04 5.93653385e-05 2.44387542e-04
 9.98968720e-01 1.52560329e-04 1.23913371e-04 1.43339450e-04
 3.77551696e-05] [0.04433878 0.06984626 0.34930405 0.18398963 0.04408233 0.12351084
 0.08702115 0.05837139 0.03953557] [9.9814010e-01 4.9067568e-04 1.4125019e-04 6.2014209e-04 1.5216276e-04
 1.2647525e-04 1.3201055e-04 1.6122927e-04 3.5965437e-05] [3.9257301e-04 3.8099807e-04 3.0573836e-04 2.3981594e-04 2.0719376e-04
 1.5809261e-03 9.9554414e-01 2.8559630e-04 1.0630423e-03] [0.00524969 0.00903543 0.00847721 0.00415581 0.00584062 0.01364484
 0.00571334 0.9465947  0.00128835] [0.931676   0.0062838  0.00587373 0.00354026 0.02463941 0.00421238
 0.0048211  0.00488874 0.0140646 ] [1.0246602e-03 9.7944462e-01 5.2610575e-04 1.0044731e-03 2.2097310e-04
 5.2424386e-04 1.5362327e-02 1.4769402e-03 4.1570314e-04] [0.033173   0.10573294 0.04614691 0.04335675 0.026504   0.12921424
 0.4440413  0.10260659 0.06922424] [0.00314283 0.00414161 0.08857735 0.8739701  0.0026808  0.01079083
 0.00335847 0.00472002 0.00861803] [9.9619788e-01 1.1168176e-03 3.0695589e-04 5.0307572e-04 1.4500647e-04
 4.8642591e-04 2.8904175e-04 8.2004373e-04 1.3473298e-04] [0.02321504 0.02386842 0.0308479  0.02653819 0.02429279 0.7081554
 0.02407483 0.02035262 0.11865479] [3.97563097e-04 3.20600026e-04 9.97670472e-01 6.41871826e-04
 2.27690747e-04 3.12232471e-04 8.73976896e-05 1.17352785e-04
 2.24860647e-04] [9.2311477e-04 7.9377374e-04 9.9547112e-01 8.9039246e-04 3.0342911e-04
 2.5326308e-04 5.3683686e-04 4.5463964e-04 3.7341859e-04] [0.03618807 0.02108695 0.08550024 0.10701424 0.09634485 0.0338486
 0.02349778 0.03725016 0.5592691 ] [0.02233796 0.65524054 0.01671525 0.12205456 0.00525846 0.05212343
 0.01705705 0.00897682 0.10023598] [0.00438082 0.00459988 0.00320715 0.01240805 0.00301117 0.00352893
 0.95349103 0.00446232 0.01091067] [2.8619269e-04 9.2785252e-04 2.0751756e-04 7.7634970e-05 1.3896602e-04
 9.7958255e-04 1.2610787e-04 9.9500448e-01 2.2516456e-03] [1.0660131e-03 8.6127984e-04 1.5979436e-03 1.0559607e-03 1.2481596e-03
 7.2122156e-03 9.7913831e-01 5.6111929e-03 2.2089202e-03] [0.03630566 0.04183888 0.01699141 0.23711318 0.12080742 0.09866264
 0.06542969 0.10467097 0.27818015] [8.1404939e-04 8.3761872e-04 1.2405387e-03 1.1071641e-03 5.7687482e-04
 2.0126272e-03 1.9342441e-03 9.9069995e-01 7.7697507e-04] [3.7233953e-04 8.1894826e-04 5.0006906e-04 8.9357491e-04 5.3223519e-04
 4.5693191e-03 2.2883078e-03 6.9399050e-04 9.8933125e-01] [0.02930279 0.11872991 0.01113824 0.07812436 0.01407882 0.50711715
 0.15929377 0.02848466 0.05373028] [1.6922837e-04 1.6441110e-04 4.8878159e-05 2.2981521e-04 3.2745404e-05
 7.6392011e-05 9.9912292e-01 9.3136296e-05 6.2438361e-05] [7.3272147e-04 1.1850141e-03 9.9388027e-01 1.2129759e-03 5.1123672e-04
 4.8410767e-04 1.0201311e-03 4.4248998e-04 5.3105177e-04] [9.9592125e-01 5.5158359e-04 8.5500511e-04 1.5556313e-04 6.9677015e-04
 2.6300555e-04 2.2492133e-04 7.5017544e-04 5.8175699e-04] [2.4425064e-04 7.7777746e-05 4.7704345e-04 3.8785129e-04 2.0087141e-04
 9.9762005e-01 2.1881962e-04 2.4235218e-04 5.3096854e-04] [5.4227037e-04 1.2294111e-03 3.6292470e-03 9.3414384e-04 3.3074827e-04
 1.2935629e-03 4.0765997e-04 9.9060261e-01 1.0303048e-03] [3.0427666e-03 6.8544433e-04 2.0049976e-03 1.2612699e-03 4.7445894e-04
 9.8937571e-01 2.0479995e-03 7.0121756e-04 4.0617990e-04] [8.1091118e-04 2.3931863e-03 1.0593594e-01 8.8691080e-01 2.3894485e-04
 2.6361153e-03 4.8476472e-04 2.8916218e-04 3.0023479e-04] [0.07838485 0.00421264 0.03612175 0.76995194 0.01114186 0.07910918
 0.00649788 0.01111273 0.00346714] [2.13764972e-04 1.95163288e-04 9.27001704e-03 9.89041388e-01
 2.94586323e-04 2.66567629e-04 1.14716466e-04 3.75517149e-04
 2.28259523e-04] [3.5596588e-03 5.5811612e-04 9.9038345e-01 9.6899469e-04 1.6857090e-03
 3.0794923e-04 3.9724307e-04 7.5942749e-04 1.3795202e-03] [3.1413527e-03 1.9732555e-03 9.8655176e-01 1.2133253e-03 4.7477699e-04
 5.5643322e-04 4.1050412e-04 1.2961900e-03 4.3824040e-03] [1.6700018e-04 6.9906405e-04 2.6489940e-04 8.7778863e-05 2.3886769e-04
 9.9568522e-01 3.3818104e-04 2.2459424e-03 2.7304143e-04] [9.9382234e-01 1.0716710e-03 1.3816337e-03 5.9402501e-04 2.1672137e-04
 1.1051466e-03 6.0345116e-04 7.7158108e-04 4.3338796e-04] [1.6068331e-04 9.9684997e-04 2.3254579e-04 1.4198292e-03 2.8476567e-04
 2.8021130e-04 3.6318306e-04 9.9570078e-01 5.6115550e-04] [0.02445513 0.02003931 0.01405509 0.03437123 0.01057038 0.04286367
 0.6121387  0.00923901 0.23226747] [0.0717784  0.03999994 0.15623307 0.03358034 0.0295472  0.02124595
 0.09479222 0.35799304 0.1948299 ] [1.5869840e-03 3.7847945e-04 1.4322629e-03 5.0577172e-03 9.8450494e-01
 6.8517280e-04 2.5590747e-03 8.0917618e-04 2.9862442e-03] [1.14612150e-04 2.20901304e-04 8.16639149e-05 8.06130760e-04
 1.16102696e-04 4.13153612e-04 9.97581244e-01 2.50045094e-04
 4.16164548e-04] [5.3062930e-04 4.3286075e-04 5.5369543e-04 3.9714756e-03 7.2726520e-04
 9.6753466e-01 9.9496183e-04 1.4217411e-03 2.3832651e-02] [0.05063076 0.01678768 0.00884208 0.02295775 0.00837816 0.01251806
 0.79369915 0.00936363 0.07682277] [9.9618894e-01 1.1715600e-03 5.5606122e-04 3.7741440e-04 2.8309930e-04
 6.7691103e-04 2.0606421e-04 3.3268167e-04 2.0734081e-04] [0.02756173 0.00814198 0.00995491 0.01855158 0.00940017 0.05421957
 0.01080234 0.01495842 0.84640926] [0.00118516 0.00281337 0.0046882  0.00706678 0.00154161 0.00929941
 0.00524061 0.00175178 0.96641314] [0.02186684 0.05007573 0.44203502 0.03259346 0.09602374 0.12395623
 0.12568244 0.04306021 0.06470638] [9.9782395e-01 1.8091791e-04 2.0877073e-04 4.1100202e-04 9.9967452e-05
 1.1667077e-04 2.5661659e-04 4.3114350e-04 4.7092998e-04] [0.00213911 0.00129768 0.00569027 0.97852576 0.00201872 0.00196941
 0.00201519 0.00193994 0.00440393] [1.4209559e-03 9.9119419e-01 9.3698333e-04 9.0253248e-04 4.4721225e-04
 1.3028429e-03 2.3664548e-03 7.2894397e-04 6.9985731e-04] [1.6293341e-04 2.7596272e-04 5.8697077e-04 3.7859136e-04 1.4132618e-04
 4.7257941e-04 2.9758774e-04 9.9708694e-01 5.9716450e-04] [7.67071397e-05 9.59764700e-04 5.38973080e-04 1.65022109e-04
 9.96023059e-01 1.40857149e-03 1.13299444e-04 2.57648964e-04
 4.56949201e-04] [9.9890721e-01 2.4677251e-04 1.0922284e-04 4.5777459e-05 6.2816100e-05
 2.0540270e-04 1.1473680e-04 2.0843169e-04 9.9610072e-05] [2.4975906e-03 2.3751222e-03 3.9340872e-03 3.0935436e-04 9.8087341e-01
 1.5209118e-03 4.3207291e-03 1.1767602e-03 2.9920053e-03] [0.00177512 0.00273236 0.00532072 0.00161586 0.0016644  0.01183268
 0.00145608 0.9657078  0.00789503] [2.1729067e-03 6.7200199e-05 2.3719958e-04 1.6211248e-04 1.3579163e-04
 1.0572192e-03 9.9535453e-01 4.4713317e-05 7.6834677e-04] [1.5665423e-04 4.6824638e-04 4.8198766e-04 3.7943729e-04 6.6784752e-04
 5.1866833e-04 2.8985707e-04 9.9608934e-01 9.4794080e-04] [1.1432440e-03 7.5994391e-04 3.3208547e-04 7.0396956e-04 2.7405951e-04
 3.1321391e-04 8.3651574e-04 9.9526608e-01 3.7086758e-04] [5.3613319e-04 1.6205737e-03 2.3285518e-03 1.7059330e-03 1.3372641e-03
 9.8746490e-01 2.8782859e-03 1.3198431e-03 8.0856052e-04] [9.9576616e-01 2.9567425e-04 1.7103456e-03 3.1831861e-04 3.9298725e-04
 4.1248524e-04 2.6773792e-04 4.1872729e-04 4.1757763e-04] [0.03495548 0.01978056 0.7448448  0.07858237 0.02188052 0.01405992
 0.01486354 0.04928946 0.02174336] [0.02048451 0.00949602 0.01619949 0.8675675  0.00751333 0.02080133
 0.01464773 0.02221496 0.02107511] [2.7212792e-04 9.9827707e-01 7.4415293e-05 2.9254434e-04 7.8336234e-05
 2.4261404e-04 1.6628741e-04 2.4702927e-04 3.4962871e-04] [4.5236197e-04 4.9062419e-05 1.2112462e-04 1.6399918e-04 8.6551903e-05
 7.9992089e-05 7.0192538e-05 9.9692386e-01 2.0528894e-03] [3.1624306e-03 3.6365190e-03 8.6742034e-03 6.0351985e-04 1.4895053e-03
 8.4674752e-01 2.2150683e-03 1.1130970e-02 1.2234034e-01] [9.7923155e-05 2.2754488e-04 4.8335307e-04 3.5560111e-04 9.9803406e-01
 8.6309068e-05 4.0613051e-04 2.3581920e-04 7.3293297e-05] [2.2229438e-03 7.8672078e-03 1.4303208e-03 1.5097306e-02 3.9666035e-04
 9.6863413e-01 5.4621062e-04 2.5654831e-03 1.2396836e-03] [0.07730439 0.0220708  0.0154193  0.32998282 0.02423332 0.13776135
 0.04080963 0.08479328 0.26762515] [1.6060172e-04 2.6307662e-04 5.6559878e-04 2.0046844e-04 9.9826837e-01
 2.2467441e-04 1.4098168e-04 9.7033902e-05 7.9190795e-05] [0.00430867 0.00574689 0.00540354 0.96804595 0.00170819 0.00117617
 0.00400895 0.00499215 0.00460951] [9.3354088e-01 6.5533549e-04 5.4105383e-04 2.2013584e-04 4.7863540e-04
 2.1585510e-03 6.1219569e-02 5.6371978e-04 6.2208751e-04] [0.00108824 0.00275723 0.01506996 0.9695388  0.00133398 0.00207637
 0.0009966  0.00526427 0.00187449] [0.01839071 0.00982224 0.774366   0.08329426 0.00582865 0.0039989
 0.00488214 0.01390712 0.08550998] [0.52021694 0.109709   0.07026473 0.07167079 0.02113683 0.09046957
 0.03330914 0.0260038  0.0572192 ] [5.4759555e-04 9.8475939e-01 1.6788057e-03 4.1302136e-04 4.6348025e-04
 7.0969510e-04 2.1120915e-04 8.7579375e-04 1.0341027e-02] [1.8939272e-03 1.4169785e-03 1.2676234e-03 6.7800767e-04 9.8736084e-01
 1.5245212e-03 7.6920341e-04 1.3082544e-03 3.7806244e-03] [0.12107175 0.41741192 0.03115833 0.18119727 0.01909316 0.1390033
 0.02035321 0.01835794 0.05235316] [6.1287032e-04 5.6817650e-04 9.4412849e-04 8.6463324e-04 4.3454807e-04
 6.6686835e-04 1.1101337e-03 9.9260908e-01 2.1895957e-03] [0.01980296 0.81617266 0.04781807 0.02718128 0.0120895  0.03497164
 0.01431331 0.01896791 0.00868264] [3.2803946e-04 9.9667943e-01 2.1879871e-04 5.4329779e-04 1.5161021e-04
 1.5214104e-04 2.7666293e-04 3.0820363e-04 1.3418285e-03] [4.6372600e-04 6.8983337e-04 9.9430841e-01 7.8590092e-04 2.2412810e-04
 1.8593646e-03 5.7307997e-04 9.4589585e-04 1.4968014e-04] [0.89673704 0.00772409 0.01123725 0.01083502 0.0400429  0.00796356
 0.00752072 0.01065372 0.00728571] [1.7455919e-03 3.3501892e-03 1.3751963e-02 2.5699926e-03 9.7371608e-01
 8.2575931e-04 1.2532958e-03 1.1475711e-03 1.6395707e-03] [5.0336932e-04 9.9184930e-01 1.7622544e-03 4.8552387e-04 1.8523098e-04
 2.2183964e-03 6.1543187e-04 5.1845750e-04 1.8620298e-03] [9.3387192e-05 1.3916058e-04 1.5358947e-04 3.5568497e-05 7.0509494e-05
 2.9445323e-04 9.9887317e-01 1.0644880e-04 2.3366479e-04] [0.05039533 0.09312113 0.05749199 0.10818749 0.04454708 0.12914574
 0.07325351 0.05021324 0.39364448] [0.0077623  0.01968223 0.01154519 0.06308391 0.0093296  0.73602957
 0.00983926 0.0188237  0.12390418] [0.9065142  0.00530415 0.00323003 0.01244965 0.00431809 0.01053081
 0.03308099 0.01272458 0.01184748] [0.1259807  0.07447419 0.4827814  0.17856991 0.01937021 0.02277942
 0.02870361 0.03281434 0.03452615] [0.00168754 0.00518179 0.9660447  0.00834048 0.0012128  0.0028988
 0.00568454 0.00541693 0.00353236] [5.2394142e-04 1.5937103e-03 9.9443263e-01 4.4952877e-04 5.3421716e-04
 4.1270352e-04 7.0269284e-04 5.7444681e-04 7.7617762e-04] [8.2786544e-04 3.9033941e-04 3.2692865e-04 1.6875115e-04 2.2473378e-04
 9.9605834e-01 4.0338741e-04 1.1515360e-03 4.4814692e-04] [0.0173027  0.01360433 0.02722753 0.09535569 0.00951662 0.29891765
 0.01821818 0.04394625 0.47591105] [0.01671278 0.01202017 0.0083422  0.01488774 0.01316212 0.02197182
 0.5307763  0.01220458 0.36992225] [2.8100633e-04 4.7932574e-04 1.3502280e-03 3.3577313e-04 2.1297913e-03
 9.6584833e-04 9.9103218e-01 5.3683214e-04 2.8890423e-03] [9.9458283e-01 7.4239681e-04 1.2881706e-03 6.7550008e-04 4.3876353e-04
 3.4132571e-04 9.3133270e-04 6.6947198e-04 3.3024608e-04] [1.4399549e-03 2.4683485e-03 6.6440279e-04 1.2127227e-02 1.7228112e-02
 1.0422691e-02 3.3400320e-02 9.1178656e-01 1.0462406e-02] [0.00923709 0.03093038 0.01198156 0.05836046 0.00535032 0.04450547
 0.02848969 0.01944141 0.7917036 ] [0.03024837 0.01759986 0.00461799 0.6350606  0.01247053 0.11740787
 0.01901274 0.00778196 0.15580004] [2.5596473e-04 9.9819034e-01 1.4741776e-04 3.8493684e-04 1.0488175e-04
 1.2290379e-04 2.0821021e-04 2.1061992e-04 3.7474497e-04] [1.0426154e-04 1.8763336e-04 1.1248337e-04 3.2108108e-04 3.5647515e-03
 8.5022178e-04 9.9439067e-01 2.2424776e-04 2.4461668e-04] [8.65240872e-05 2.12371015e-04 2.33857761e-04 2.99241568e-04
 1.12555579e-04 9.98477638e-01 1.20470846e-04 2.36214881e-04
 2.21130802e-04] [0.5575031  0.06673688 0.0248733  0.04465813 0.02214964 0.02844467
 0.11476585 0.04728124 0.09358718] [0.01981221 0.01525867 0.00497158 0.01210197 0.00923896 0.01982266
 0.00789737 0.67666924 0.23422734] [9.2835864e-04 1.3176473e-04 5.6575588e-04 5.1038910e-04 2.4087176e-04
 1.9848424e-04 1.4140039e-04 9.9704748e-01 2.3549669e-04] [0.00370842 0.001687   0.00138039 0.00509335 0.00226463 0.00730101
 0.00210149 0.00171003 0.9747536 ] [5.1888661e-04 1.3226618e-04 1.3405317e-04 7.1721891e-04 1.1995129e-04
 9.9580163e-01 1.9055340e-04 1.3230377e-04 2.2531704e-03] [0.0081708  0.00501859 0.00968264 0.00690594 0.00219099 0.00231125
 0.00605716 0.94699556 0.01266705] [0.05529406 0.05144909 0.100139   0.0671263  0.056471   0.10780847
 0.18335149 0.13322875 0.24513185] [0.03936964 0.05752076 0.04231904 0.32774588 0.03097852 0.23592627
 0.05870597 0.06535121 0.14208269] [0.00499523 0.00228597 0.9612496  0.00175033 0.00178195 0.0167918
 0.00223508 0.00322256 0.00568753] [0.02353537 0.03885757 0.02505207 0.129595   0.01774023 0.58317435
 0.03728393 0.04436385 0.10039764] [1.7603934e-03 9.8225349e-01 2.9530157e-03 1.4629079e-03 4.1448858e-04
 4.4486544e-04 3.6585517e-03 7.5821811e-04 6.2941033e-03] [0.07618205 0.06422449 0.41002887 0.03997935 0.02649405 0.11251654
 0.04214872 0.13375017 0.09467568] [0.17870581 0.03227322 0.43432587 0.01270429 0.05555924 0.08958933
 0.03551909 0.08753784 0.07378534] [1.9419786e-04 1.4229841e-04 4.5608284e-04 2.9515242e-04 2.6839177e-04
 1.6890820e-03 7.1985378e-05 9.8564225e-01 1.1240564e-02] [1.3461024e-04 4.0471306e-04 1.3336183e-04 2.1900239e-03 2.6788321e-04
 9.9558938e-01 1.5942064e-04 5.8057834e-04 5.4000888e-04] [7.06316569e-05 5.85757989e-05 1.03514525e-04 7.38423114e-05
 6.89410663e-05 5.50400990e-04 9.98896956e-01 1.06210100e-04
 7.09508458e-05] [0.01595501 0.01225432 0.00981566 0.07769516 0.00703333 0.06694606
 0.01766346 0.01385674 0.7787802 ] [0.07734912 0.19049525 0.21881609 0.06349194 0.12197197 0.1280596
 0.06180207 0.07271876 0.06529516] [1.7101617e-04 1.7897645e-04 3.1026102e-05 2.5979106e-03 9.9597734e-01
 2.9198703e-04 1.7942129e-04 2.9081458e-04 2.8157322e-04] [1.1594935e-03 2.6388690e-04 1.8931623e-04 7.6557329e-04 9.9666792e-01
 4.2356518e-05 6.7436404e-04 1.7256633e-04 6.4524604e-05] [0.00286892 0.04850375 0.00834185 0.01795054 0.00253975 0.01978675
 0.00981989 0.01837071 0.8718179 ] [1.4046270e-03 5.1414582e-04 9.8565489e-01 2.0738621e-03 4.1836049e-04
 9.9848723e-04 5.3802715e-03 2.2764041e-03 1.2789834e-03] [2.4252958e-03 2.2541808e-03 9.8695779e-01 2.3526151e-03 8.6911971e-04
 2.6603916e-03 5.7983934e-04 1.2690657e-03 6.3168234e-04] [0.0160765  0.00636507 0.00632665 0.00488701 0.00388235 0.00926596
 0.01918465 0.01345331 0.9205585 ] [0.01618029 0.01474469 0.01760054 0.00293929 0.0048405  0.00594963
 0.00696648 0.00528364 0.9254949 ] [0.02743074 0.00564188 0.01129396 0.00237428 0.9159698  0.01143004
 0.01305413 0.00530669 0.00749853] [0.05075962 0.2132714  0.12667373 0.15963331 0.13202496 0.057759
 0.04673183 0.09190065 0.12124556] [7.0912582e-05 2.5881713e-04 2.0998786e-03 9.9712509e-01 5.8588219e-05
 1.0595812e-04 1.2334451e-04 9.8151053e-05 5.9266742e-05] [2.0969904e-04 3.4926500e-04 2.6053775e-03 9.8682189e-01 3.9012535e-04
 1.9364160e-03 1.4938220e-03 5.8169657e-04 5.6117112e-03] [1.1156413e-03 9.9610933e-04 3.4202232e-03 1.2023340e-03 8.3386083e-04
 1.4445550e-03 9.1596454e-04 9.8628020e-01 3.7911315e-03] [0.7871415  0.01478135 0.00952667 0.04479744 0.00634241 0.01462862
 0.03819186 0.01612442 0.06846569] [0.12075403 0.16213939 0.05541825 0.13337381 0.03504009 0.05726507
 0.03149622 0.24990422 0.15460888] [8.1562270e-05 6.1175182e-05 1.2434970e-04 1.7845156e-04 1.4663718e-04
 7.2830770e-04 9.9774784e-01 9.4246199e-05 8.3742838e-04] [6.6081702e-04 1.9134079e-04 8.8520203e-05 1.1585700e-04 9.9760759e-01
 7.4935285e-04 1.6830879e-04 2.0830626e-04 2.0991762e-04] [8.0945625e-05 9.9348086e-05 7.4774412e-05 8.6518232e-04 1.8804561e-04
 1.5244033e-04 1.5912855e-04 9.9816966e-01 2.1050192e-04] [0.03465841 0.05870595 0.03559249 0.07009037 0.13352032 0.22863825
 0.07043491 0.1105548  0.25780448] [0.06647533 0.13168666 0.28358358 0.22471431 0.05429075 0.02923342
 0.07782391 0.07306417 0.05912789] [0.00647857 0.01715195 0.00617768 0.01664674 0.00772795 0.01933073
 0.03720096 0.01366925 0.8756161 ] [3.6813796e-04 1.8585125e-03 9.8735124e-01 5.9871995e-03 7.5853342e-04
 5.6972227e-04 2.3051570e-03 4.8070276e-04 3.2082445e-04] [6.0201786e-04 3.4159256e-04 3.5839275e-04 4.8230097e-04 1.9852025e-04
 9.9631858e-01 6.8763545e-04 3.9899969e-04 6.1198947e-04] [5.4365618e-04 1.5660591e-03 9.9446809e-01 9.2043763e-04 4.4867274e-04
 4.6430877e-04 3.8689445e-04 3.8570230e-04 8.1615034e-04] [0.00321143 0.01188887 0.01167811 0.24498396 0.67369473 0.00903411
 0.01027653 0.00394298 0.0312893 ] [9.98497486e-01 1.22378828e-04 4.32863191e-04 1.67775128e-04
 8.71525554e-05 3.91634676e-04 1.05465755e-04 7.11009779e-05
 1.24200087e-04] [1.2400434e-03 4.4078619e-04 2.1017576e-03 9.8572898e-01 6.4171635e-04
 3.6158408e-03 2.0271919e-03 1.3978889e-03 2.8057247e-03] [6.5381889e-04 4.9702509e-04 7.5061899e-04 9.7526336e-01 4.6394084e-04
 1.4717635e-02 3.3695521e-04 3.5408661e-03 3.7757929e-03] [1.1874554e-04 2.6214027e-04 3.7092224e-04 2.2999455e-04 9.9748433e-01
 2.1168562e-04 7.5762760e-04 1.7806685e-04 3.8644919e-04] [0.9362914  0.01772675 0.00430687 0.00718945 0.00479548 0.0068861
 0.00536249 0.01007556 0.00736592] [5.6974499e-05 9.9876523e-01 5.0445355e-04 7.2126844e-05 4.7518970e-05
 9.5606243e-05 6.8945061e-05 1.5863769e-04 2.3058832e-04] [1.7907843e-04 3.5886170e-04 1.0084119e-03 9.9668932e-01 1.2434329e-04
 4.8501388e-04 2.7146851e-04 1.6742865e-04 7.1599340e-04] [0.04666413 0.24221441 0.22339834 0.04352033 0.03993715 0.09631609
 0.12371534 0.09386749 0.09036677] [8.7147659e-05 1.1352158e-04 2.0415273e-03 9.9624616e-01 9.6992335e-05
 8.3817920e-04 7.3024959e-05 2.7883687e-04 2.2457475e-04] [0.00220151 0.00655003 0.00265676 0.01290413 0.09614121 0.01678825
 0.00761647 0.00930787 0.8458338 ] [0.0086001  0.00961764 0.01345092 0.3192042  0.0069114  0.04714116
 0.00948196 0.01260981 0.5729828 ] [1.2812355e-03 1.1154159e-03 1.0595035e-03 3.3494916e-03 9.8609644e-01
 1.9597246e-03 2.0351761e-03 2.5373581e-03 5.6563731e-04] [0.01908358 0.06637396 0.02084721 0.04166244 0.04058724 0.6588486
 0.02490526 0.01939193 0.10829975] [2.2782554e-04 1.3648385e-04 3.7396682e-04 6.6751461e-05 9.9804890e-01
 3.3760883e-04 1.6177884e-04 3.9572763e-04 2.5096806e-04] [1.7142482e-04 9.9786514e-01 5.7926355e-04 9.6791322e-05 7.0921633e-05
 2.4695913e-04 1.7361864e-04 5.8744062e-04 2.0843596e-04] [1.0591774e-03 3.4834823e-04 5.1394379e-04 9.9655217e-04 1.7397616e-04
 9.9285686e-01 6.9946435e-04 9.0739265e-04 2.4442894e-03] [0.00119728 0.00109119 0.00207376 0.00446831 0.00073589 0.00311381
 0.00269601 0.6279318  0.35669205] [2.1751089e-02 9.6591818e-01 2.6224430e-03 9.2374592e-04 8.5963891e-04
 1.6977524e-03 1.0417047e-03 1.6302635e-03 3.5552550e-03] [8.7298907e-04 4.6667730e-04 4.2548100e-04 2.9619713e-04 1.8626731e-04
 2.7269921e-03 9.9448746e-01 3.0803680e-04 2.2990943e-04] [1.1749996e-03 4.3782423e-04 1.3515962e-03 8.8251161e-04 4.3425118e-04
 4.1993262e-04 9.9343091e-01 7.1839092e-04 1.1495651e-03] [1.0976596e-04 6.8099944e-05 6.3434854e-05 1.0763571e-04 8.3052371e-05
 3.3840761e-04 9.9751472e-01 1.4138869e-04 1.5735114e-03] [3.3216880e-04 1.9766895e-04 2.0905836e-04 3.3619010e-04 2.5943771e-04
 6.0927647e-04 5.9623894e-04 9.9697518e-01 4.8475593e-04] [0.04998099 0.03976626 0.08182116 0.05729719 0.03357826 0.32281598
 0.04148739 0.05496792 0.31828484] [0.01690356 0.00863964 0.002255   0.00630319 0.00378819 0.0425862
 0.00387194 0.00551017 0.9101421 ] [3.1247776e-04 5.1103329e-04 3.9485283e-03 9.8815644e-01 3.4636280e-03
 1.3048323e-03 3.5276852e-04 5.4818543e-04 1.4021461e-03] [0.00964574 0.00819172 0.01121493 0.01631668 0.01334352 0.02457263
 0.01801991 0.0102418  0.8884531 ] [0.00988986 0.05358567 0.8743975  0.02117643 0.00870008 0.01750212
 0.00429793 0.00418299 0.00626743] [0.27421996 0.10669507 0.11927179 0.06636804 0.04166928 0.08939493
 0.16206817 0.08957262 0.0507401 ] [4.4071808e-04 4.3609398e-04 4.7698591e-04 8.4125478e-04 9.7639537e-01
 1.6245150e-03 8.7273790e-04 4.5747912e-04 1.8454796e-02] [1.5894210e-03 9.9170047e-01 6.1782368e-04 1.8286641e-03 6.0706789e-04
 1.1623275e-03 8.1309699e-04 9.7447389e-04 7.0664787e-04] [0.02592402 0.01217215 0.03745503 0.1319767  0.00858046 0.10413678
 0.02607193 0.04268556 0.6109973 ] [1.3058288e-04 2.3987149e-04 6.5789785e-04 9.9388945e-01 2.0310060e-04
 1.3712933e-03 9.7096449e-04 7.1423437e-04 1.8225494e-03] [0.01085078 0.00640035 0.01083476 0.00494207 0.00313138 0.11642915
 0.01281787 0.03994859 0.7946451 ] [1.3912809e-03 1.0365704e-03 1.8115982e-03 9.9312943e-01 2.7911901e-04
 7.0866797e-04 4.1452554e-04 4.2147157e-04 8.0733653e-04] [0.03807566 0.06953248 0.04135764 0.5984098  0.04761006 0.09057791
 0.03782007 0.04183103 0.03478538] [0.00467081 0.01386702 0.00122561 0.00476576 0.00247016 0.03717477
 0.00310111 0.00225246 0.9304723 ] [0.02346973 0.03113652 0.02186526 0.03362575 0.00981172 0.05618146
 0.01187887 0.01466875 0.7973619 ] [0.00680751 0.0119206  0.02810497 0.14498924 0.0148804  0.14412843
 0.0121793  0.59840643 0.03858316] [0.0302751  0.0484808  0.00719644 0.01885637 0.01489805 0.15740904
 0.02262954 0.0307682  0.6694864 ] [2.2304775e-03 9.9201512e-01 1.2404536e-03 4.1026517e-04 3.5408579e-04
 2.1984680e-03 3.4036854e-04 5.3529104e-04 6.7540281e-04] [0.00242951 0.003402   0.00286097 0.00681349 0.00584563 0.00709577
 0.00530702 0.94951415 0.01673144] [0.00856016 0.02831184 0.0040153  0.00613    0.9286893  0.00159715
 0.01094277 0.00751875 0.00423471] [1.8579795e-04 2.9364793e-04 1.1743470e-04 5.4196309e-04 1.1124274e-04
 3.4451354e-04 2.6801205e-04 9.9801266e-01 1.2473790e-04] [0.00133287 0.00297172 0.00338321 0.00528761 0.00494191 0.04684803
 0.00401256 0.00276699 0.92845505] [0.01147054 0.00256627 0.00188484 0.0043921  0.0012027  0.06147055
 0.00378165 0.00128246 0.91194886] [3.9835850e-04 5.0758338e-04 2.5549904e-04 2.8426910e-04 9.9728107e-01
 6.3806871e-04 3.1501544e-04 1.7197519e-04 1.4808514e-04] [0.01303479 0.01096612 0.00986793 0.63721055 0.04006346 0.10409865
 0.03253933 0.02983375 0.1223854 ] [1.2749915e-03 9.8493516e-01 1.0837350e-03 4.6299235e-04 6.8692601e-04
 6.0156793e-03 1.0646341e-03 2.5546358e-03 1.9213043e-03] [8.0613929e-05 1.0861465e-04 5.4184510e-04 3.9044633e-05 3.1616109e-05
 4.7808979e-05 9.9903858e-01 4.5470271e-05 6.6382650e-05] [0.12481724 0.18734314 0.08578111 0.30815217 0.05137836 0.07907071
 0.0663526  0.07179541 0.02530926]",0 4 0 4 4 1 0 3 7 0 2 2 8 0 5 6 6 3 4 1 1 8 6 4 3 0 6 7 0 1 6 3 0 5 2 2 3 6 6 7 6 7 7 8 5 6 2 0 5 7 5 2 2 3 2 2 5 0 7 6 1 4 6 5 6 0 8 8 5 0 3 1 7 4 0 4 7 6 7 7 5 0 2 3 1 7 5 4 5 3 4 0 0 3 2 0 1 4 1 7 1 1 2 0 4 1 6 3 8 1 2 2 2 5 6 8 6 0 7 8 5 1 6 5 0 7 7 8 5 7 5 2 2 5 1 2 5 7 5 6 8 0 4 4 8 2 2 8 8 4 6 3 3 7 0 1 6 4 7 4 2 8 2 5 2 4 0 3 3 4 0 1 3 3 3 8 3 4 5 4 1 5 8 1 6 6 6 7 5 8 3 8 2 1 4 1 8 3 1 3 3 8 8 7 8 1 7 4 7 8 8 4 3 1 6 5
1468,2,xgboost,0.02,5000,5000,0.875,0.9867621527777778,"[1.2832838e-03 5.3050864e-04 5.0304248e-03 9.6422499e-01 3.4568114e-03
 1.6084069e-02 1.1473848e-03 1.2087022e-03 7.0338771e-03] [1.6993620e-04 9.9705991e-05 3.3451623e-04 1.1423414e-04 2.1793455e-04
 1.1778314e-04 1.7446291e-04 9.9007857e-01 8.6928513e-03] [0.01289928 0.01575848 0.01183772 0.02301136 0.00966717 0.5732822
 0.16970514 0.03290909 0.15092957] [8.6097122e-04 1.7395845e-03 4.3527287e-04 9.8994887e-04 8.8450249e-04
 5.8663992e-04 2.0350802e-03 9.9182135e-01 6.4662722e-04] [9.9842215e-01 2.5343482e-04 1.9243034e-04 8.0149824e-05 7.7905417e-05
 4.4884495e-04 5.4704265e-05 4.2215842e-04 4.8287995e-05] [3.31666786e-04 1.36505623e-04 9.98967171e-01 1.10903806e-04
 5.15932115e-05 1.45555110e-04 1.13812413e-04 5.97824328e-05
 8.30632707e-05] [1.3597342e-01 2.2492402e-04 9.5491286e-04 1.0541892e-03 5.6144087e-05
 5.9865561e-04 8.6018640e-01 9.6484691e-05 8.5494516e-04] [1.2216861e-04 8.1729813e-05 7.7680357e-05 1.1520312e-04 9.9909496e-01
 1.5950212e-04 9.0157024e-05 1.9156505e-04 6.7028603e-05] [2.1953345e-04 9.5674841e-05 6.0111048e-05 2.1634810e-04 8.5149681e-05
 1.1417863e-03 9.9722630e-01 4.0677981e-04 5.4834475e-04] [5.9810327e-04 5.9194071e-04 1.2538228e-03 1.4223842e-03 5.7558040e-04
 1.1036994e-03 1.5024403e-03 9.9172324e-01 1.2288046e-03] [0.00426047 0.00225833 0.96537304 0.00233022 0.00337661 0.01419254
 0.00341416 0.00252813 0.00226651] [9.98146296e-01 2.15621985e-04 1.36158356e-04 1.01925776e-04
 5.84272639e-05 2.71920522e-04 7.63072967e-05 1.38928081e-04
 8.54482641e-04] [0.06037931 0.32509744 0.17347129 0.07378715 0.09005999 0.0623206
 0.12494842 0.05059207 0.03934377] [0.01397006 0.02481499 0.00779287 0.03609627 0.01195612 0.00990207
 0.6582908  0.01063767 0.22653915] [0.06977116 0.03592499 0.04484858 0.3264796  0.01626366 0.20119688
 0.08986682 0.0241526  0.19149573] [9.9636370e-01 6.3323090e-04 4.2616826e-04 6.4957590e-04 5.3803070e-04
 1.9632505e-04 4.8500960e-04 3.1698568e-04 3.9098857e-04] [0.07303987 0.2089097  0.17425384 0.1051071  0.09390872 0.03955822
 0.09438926 0.06527855 0.1455547 ] [0.1286902  0.04387547 0.28963706 0.05962831 0.03645483 0.23233165
 0.05028185 0.06594353 0.09315711] [5.3346221e-04 1.4452005e-04 6.4156071e-04 9.8035525e-05 5.1517723e-05
 1.4260167e-04 9.9823356e-01 7.7633587e-05 7.7097058e-05] [0.03730282 0.26587626 0.22633207 0.05282633 0.09637057 0.09995815
 0.04593929 0.08674578 0.08864875] [3.8201368e-04 1.8859548e-03 7.1583391e-04 8.0342299e-01 2.0312455e-03
 6.3013932e-04 3.4094794e-04 7.4053337e-03 1.8318549e-01] [2.3077548e-04 5.0751871e-04 2.2888786e-04 1.8518502e-03 3.8573369e-03
 3.1141905e-04 2.1653378e-04 9.8883247e-01 3.9632549e-03] [0.00252863 0.0014793  0.0024302  0.00170457 0.9766593  0.00810937
 0.00204754 0.00116355 0.00387752] [4.6599351e-04 2.1281953e-03 9.9463403e-01 1.0515788e-03 2.7155044e-04
 3.9858653e-04 2.7570469e-04 3.1510860e-04 4.5922594e-04] [7.3929010e-03 3.1968262e-03 9.5308626e-01 2.1163672e-03 2.7229263e-02
 1.2626948e-03 7.4377470e-04 3.3651814e-03 1.6066888e-03] [4.4360329e-04 1.7385321e-03 9.9126476e-01 5.7707634e-04 3.1039598e-03
 7.7742402e-04 8.1024662e-04 6.9765910e-04 5.8672100e-04] [3.8734588e-04 1.0269764e-03 6.0790597e-04 7.9246354e-04 9.9552637e-01
 4.4719654e-04 4.3589715e-04 2.6432521e-04 5.1149778e-04] [0.06671476 0.01197338 0.02433114 0.04588116 0.37773272 0.3720901
 0.01533833 0.07712877 0.00880971] [4.2196200e-04 7.4046396e-04 9.9414563e-01 2.2658941e-03 4.7587627e-04
 1.0775434e-03 3.4778600e-04 2.3404940e-04 2.9072852e-04] [0.0037942  0.00454964 0.23062691 0.6866782  0.01072518 0.02308343
 0.01473926 0.01744178 0.00836141] [9.6440973e-04 9.9201995e-01 2.2168935e-03 4.0484231e-04 1.3202797e-03
 1.3702353e-03 7.4018934e-04 4.6672448e-04 4.9649028e-04] [0.0025756  0.01748304 0.00413914 0.95503104 0.00669861 0.00141245
 0.00253041 0.00741979 0.00270995] [9.9845922e-01 1.0055265e-04 1.1367983e-04 2.6668955e-04 7.1741975e-05
 1.3997374e-04 4.8480640e-04 1.8007246e-04 1.8322888e-04] [1.1981663e-03 2.2122620e-03 1.2207371e-03 9.8409480e-01 4.4613243e-03
 2.0626958e-03 9.7280357e-04 2.5496350e-03 1.2276263e-03] [8.8431523e-04 7.0050248e-04 1.4617448e-03 9.9051267e-01 1.0097217e-03
 8.9881173e-04 5.6854589e-04 9.3998411e-04 3.0237488e-03] [1.5479976e-03 9.8973209e-01 2.1092587e-03 7.7958335e-04 2.9975121e-04
 6.0166541e-04 3.2147742e-03 1.3309874e-03 3.8388281e-04] [9.2228688e-04 9.9264091e-01 1.8432188e-03 4.8263054e-04 2.9833504e-04
 4.4097850e-04 1.4942245e-03 2.6656440e-04 1.6108388e-03] [0.00821249 0.69752693 0.24358182 0.01310635 0.00416194 0.00573448
 0.01644793 0.00670853 0.00451953] [9.9737930e-01 1.4373736e-03 1.4631430e-04 1.3206665e-04 1.1689627e-04
 1.3983742e-04 3.8099141e-04 1.8968691e-04 7.7595934e-05] [6.1943927e-03 1.4875797e-03 6.1578391e-04 9.6826774e-01 1.6540324e-03
 4.5945761e-03 2.7369312e-03 1.4219107e-03 1.3027087e-02] [0.00260758 0.03756978 0.00397657 0.01870574 0.00129453 0.01424928
 0.00760686 0.01333971 0.9006499 ] [1.22689991e-04 6.58818681e-05 2.27571247e-04 3.25189292e-04
 1.20029516e-04 9.98092592e-01 2.32113467e-04 1.79128008e-04
 6.34804135e-04] [1.2121438e-03 1.0937339e-02 3.9605633e-03 6.7393654e-03 9.5848477e-01
 6.2401919e-03 1.5979271e-03 9.9178525e-03 9.0988586e-04] [3.7903289e-04 2.1439145e-04 1.4460359e-04 3.1930252e-04 1.9491246e-04
 7.2009681e-04 3.1041150e-04 9.9661750e-01 1.0997887e-03] [1.1020368e-03 4.2389645e-04 9.9662906e-01 4.8028221e-04 2.2246549e-04
 1.6220217e-04 2.1235843e-04 4.1319404e-04 3.5446259e-04] [5.3840098e-03 1.1003865e-03 3.3568501e-04 1.6027241e-03 5.5617727e-03
 9.6795470e-01 5.0682453e-03 1.8471032e-03 1.1145341e-02] [2.9141214e-04 1.2866459e-04 1.5178215e-04 6.2149513e-04 9.9597591e-01
 1.0003690e-03 1.0183110e-03 1.2703978e-04 6.8501389e-04] [6.2239389e-03 5.3205760e-04 1.3046227e-04 8.4041408e-04 1.2422705e-04
 1.0872033e-03 9.9047929e-01 3.1540918e-04 2.6696993e-04] [0.24240309 0.11667573 0.15184951 0.05380242 0.03301396 0.0651645
 0.20100924 0.09157924 0.04450237] [0.00360379 0.00306528 0.00398736 0.00354773 0.001887   0.01540443
 0.9277487  0.00735232 0.03340346] [0.00421248 0.00313443 0.00433507 0.02616429 0.00573855 0.04417933
 0.5492905  0.01861807 0.3443273 ] [4.7701350e-04 5.9471908e-04 1.2674351e-04 6.9596549e-04 1.9131403e-04
 7.2555535e-04 1.9967298e-04 9.9237663e-01 4.6123834e-03] [0.0184385  0.03867878 0.09990174 0.21644105 0.01667762 0.05779969
 0.0881485  0.05013746 0.41377664] [3.8302425e-04 5.8709353e-04 1.8149590e-04 5.3456239e-04 3.0323421e-04
 8.1380474e-04 5.8930996e-04 1.9846656e-03 9.9462283e-01] [0.02923335 0.06410957 0.12556149 0.13114406 0.0442987  0.06682178
 0.05230733 0.28082705 0.20569666] [0.00263237 0.00338843 0.00170273 0.0041626  0.00140505 0.00608349
 0.00212918 0.97695667 0.00153949] [1.2327117e-03 9.8741072e-01 1.3133986e-03 8.8935631e-04 3.2866857e-04
 8.3281833e-04 6.1864755e-03 9.8440424e-04 8.2147674e-04] [0.01834518 0.00907052 0.00477424 0.36092186 0.00517601 0.01969179
 0.03980124 0.00917995 0.5330392 ] [0.00374817 0.00238937 0.00419305 0.00708816 0.00139866 0.04172931
 0.00335569 0.00454314 0.9315545 ] [0.0067901  0.01477826 0.00479712 0.01317653 0.94867766 0.00358786
 0.0026432  0.00331327 0.00223605] [9.7390468e-05 2.8569123e-04 5.7499594e-04 2.5428183e-04 9.9747866e-01
 3.0971383e-04 6.0198636e-04 2.0390344e-04 1.9342455e-04] [0.0043298  0.00656615 0.04098845 0.00147428 0.00644179 0.00534647
 0.00142571 0.9308561  0.00257125] [1.7404874e-04 4.8251063e-04 2.0577520e-04 1.9191354e-04 9.8987529e-04
 2.9876253e-03 9.9219936e-01 4.7603314e-04 2.2928359e-03] [0.00164572 0.00394261 0.19666398 0.04855017 0.7273772  0.00447025
 0.00659146 0.00416586 0.00659275] [9.0176076e-01 8.8017323e-04 6.1633862e-03 2.4005934e-04 8.7565176e-02
 1.3595686e-03 7.3420448e-04 8.4361195e-04 4.5306308e-04] [0.00674214 0.00718371 0.9635308  0.00624208 0.00191899 0.00211739
 0.00287308 0.00484438 0.00454741] [0.04410698 0.03275137 0.39259923 0.03258355 0.30503398 0.02831299
 0.05305688 0.0302336  0.08132142] [6.7593390e-04 9.6132779e-01 3.1994041e-02 9.0244465e-04 1.4833026e-04
 1.6801620e-03 5.6733779e-04 2.2466225e-03 4.5734999e-04] [9.4504852e-04 9.3931321e-04 9.9058998e-01 2.0450871e-03 3.9890592e-04
 1.9080795e-03 7.3145761e-04 1.8375861e-03 6.0459517e-04] [2.9511249e-04 1.7816386e-04 2.0419597e-04 1.1170037e-04 2.0085427e-04
 3.6495613e-04 1.2894109e-04 9.9841428e-01 1.0173820e-04] [9.9907827e-01 6.2998988e-05 3.7568761e-04 8.4449704e-05 5.6048819e-05
 8.5545696e-05 1.0127994e-04 7.1517839e-05 8.4189007e-05] [1.5117503e-04 1.0940764e-04 6.1532060e-05 7.2168984e-04 3.9199465e-03
 1.6777606e-04 9.9460655e-01 9.5905394e-05 1.6597219e-04] [0.00200345 0.00154197 0.00122452 0.01642857 0.00193011 0.89824486
 0.00234727 0.00103583 0.07524348] [2.55503372e-04 3.16970603e-04 3.10576404e-04 5.42550755e-04
 1.89110855e-04 5.04792144e-04 1.16104515e-04 9.97436106e-01
 3.28252499e-04] [0.01613514 0.00946488 0.03025184 0.07146531 0.01211612 0.5811374
 0.02643105 0.08544164 0.16755663] [1.2325359e-04 3.8874915e-04 1.2009889e-04 1.5687289e-04 6.3253639e-05
 4.3333808e-04 9.9795544e-01 8.4259606e-05 6.7476335e-04] [9.7513831e-01 7.8349849e-03 3.3203650e-03 7.2560314e-04 5.6792155e-04
 4.8066904e-03 5.6963670e-03 1.2351767e-03 6.7461422e-04] [1.4703448e-03 1.2786374e-03 5.3320255e-04 8.4453163e-04 4.1415491e-03
 1.0972433e-03 7.8510278e-04 9.8916757e-01 6.8177609e-04] [4.7787576e-04 6.6687504e-04 1.1875960e-03 2.5480095e-04 2.6784526e-04
 1.4698638e-03 2.6477425e-04 9.9501932e-01 3.9102897e-04] [5.1564327e-04 9.9223936e-01 3.7424711e-03 1.8077329e-03 1.7723785e-04
 3.0983760e-04 4.0446559e-04 4.6257328e-04 3.4071278e-04] [0.00123593 0.00263129 0.9571667  0.02534434 0.00099251 0.00701107
 0.00111002 0.00203039 0.0024777 ] [1.6476623e-03 9.8427147e-01 8.0081576e-04 3.1554557e-03 4.4521368e-03
 2.1937925e-03 1.2716415e-03 1.0762474e-03 1.1308477e-03] [0.00118941 0.00169041 0.00190843 0.00207249 0.00189758 0.00821962
 0.00342015 0.9778631  0.00173889] [9.98232543e-01 6.29962888e-04 1.37944196e-04 1.64945552e-04
 1.47630519e-04 2.78599124e-04 1.54667068e-04 1.43689133e-04
 1.10016146e-04] [0.18801263 0.11804214 0.1147837  0.04106194 0.05545916 0.31123015
 0.04690462 0.03700585 0.0874998 ] [0.12523384 0.15020421 0.14478546 0.07212742 0.05820068 0.11652254
 0.06838409 0.12993696 0.13460474] [0.41713572 0.01564882 0.00443809 0.01317914 0.01587845 0.00362901
 0.00295392 0.01733831 0.5097985 ] [0.01932066 0.08706638 0.06078636 0.13453169 0.01989806 0.55921495
 0.02950544 0.02549327 0.06418322] [4.4011467e-04 1.2699780e-03 6.7317887e-04 4.5136514e-04 5.4731144e-04
 1.4805706e-03 9.9288881e-01 4.8310799e-04 1.7655942e-03] [1.2875280e-03 4.5936578e-04 1.3303293e-04 5.6630783e-05 7.6562275e-05
 1.2769710e-04 9.9693906e-01 4.9469649e-04 4.2539771e-04] [2.6882425e-04 1.6663731e-04 2.0659468e-04 1.0312549e-03 2.6892632e-04
 6.3043856e-04 1.9191220e-04 9.9688345e-01 3.5194925e-04] [9.9452412e-01 1.1920610e-03 3.8054786e-05 2.4568196e-04 7.0115049e-05
 8.4677471e-05 3.1441329e-03 8.0783320e-05 6.2044046e-04] [8.6828040e-05 1.0976427e-04 7.4738782e-04 1.6354595e-04 9.9825686e-01
 1.5447449e-04 2.4859916e-04 1.1493745e-04 1.1761184e-04] [1.2677402e-03 3.5436053e-04 7.3808676e-04 4.5390578e-04 9.9476516e-01
 1.0927872e-03 2.1675781e-04 5.5129151e-04 5.5987667e-04] [7.7602644e-03 9.7892684e-01 4.0580551e-03 2.1843016e-03 9.0068433e-04
 1.4214756e-03 1.2422474e-03 1.1041262e-03 2.4020125e-03] [0.8441296  0.02022134 0.02639196 0.01746319 0.00697009 0.01644395
 0.01717437 0.02916781 0.02203767] [0.01659221 0.01353715 0.00404009 0.00679446 0.01072629 0.02123453
 0.01588372 0.8904945  0.02069706] [0.03523584 0.04056352 0.8621317  0.00829336 0.00896573 0.01031852
 0.0135623  0.01021906 0.01070994] [0.0156677  0.00586409 0.02433081 0.00528948 0.00108774 0.02420248
 0.01289994 0.571869   0.33878872] [0.01649882 0.01317289 0.01311399 0.84739614 0.01430906 0.01595733
 0.01834309 0.02407677 0.03713197] [8.1332121e-04 9.9462068e-01 7.7060779e-04 1.0997656e-03 3.0443486e-04
 7.9327828e-04 3.3978460e-04 2.9504672e-04 9.6302922e-04] [2.2156013e-04 3.9414503e-04 2.7587122e-04 8.2132552e-04 6.6428556e-04
 7.9386233e-04 9.9057591e-01 1.0628427e-03 5.1901303e-03] [0.03603967 0.65637696 0.12296738 0.01049101 0.08424413 0.01173032
 0.0326362  0.0127121  0.03280221] [0.02607171 0.01468359 0.00943606 0.01106897 0.01252336 0.07577536
 0.0287298  0.00896569 0.8127455 ] [0.00978913 0.00401468 0.01927305 0.850528   0.00608533 0.05881676
 0.0052277  0.02047163 0.02579375] [9.7922963e-01 2.4794457e-03 1.3469692e-02 4.2900059e-04 5.4875267e-04
 8.6133135e-04 9.1559539e-04 7.3448947e-04 1.3320206e-03] [0.00305553 0.00882108 0.0013083  0.00116363 0.9581586  0.00226597
 0.00120259 0.01653633 0.00748789] [0.00489853 0.00341454 0.00277256 0.00861919 0.00462386 0.53215164
 0.00996843 0.00497923 0.428572  ] [3.5205786e-04 6.9067610e-04 9.9538815e-01 2.0950435e-04 3.0675088e-04
 5.9524470e-04 1.3579644e-03 8.1073603e-04 2.8894318e-04] [0.01545839 0.01516376 0.03291734 0.05041876 0.76334715 0.02395599
 0.02360911 0.06036967 0.01475988] [0.0173817  0.09022337 0.57792586 0.04293312 0.02137616 0.08329319
 0.04210893 0.09163573 0.03312192] [0.00698364 0.08740524 0.02216483 0.00746076 0.02618887 0.74632
 0.06887186 0.01883573 0.01576908] [5.0198700e-04 2.8957997e-04 2.8198329e-04 4.4090074e-04 2.1792328e-04
 2.2452499e-03 9.9320483e-01 2.2542643e-04 2.5921541e-03] [4.5523819e-04 4.0582151e-04 9.8338431e-05 1.2210017e-04 9.9744165e-01
 2.2393711e-04 9.4660565e-05 1.0358767e-03 1.2235370e-04] [0.06462789 0.3058226  0.0251969  0.12006242 0.07812331 0.15031181
 0.04474353 0.18407555 0.02703599] [0.0211305  0.01324983 0.00674306 0.00416728 0.00637078 0.01014371
 0.01535236 0.00570639 0.9171361 ] [1.9976823e-04 1.1425027e-04 8.4245279e-05 7.4301369e-04 1.5842186e-04
 9.9553800e-01 1.8803554e-04 3.8316179e-04 2.5910859e-03] [0.00502756 0.00217203 0.00326617 0.03048651 0.0135101  0.01330641
 0.00784369 0.0052962  0.9190913 ] [0.06465755 0.04817139 0.01963411 0.02425116 0.03546916 0.0411287
 0.08398679 0.04082607 0.6418751 ] [0.00178363 0.00318691 0.954696   0.00185008 0.00210936 0.01463942
 0.00207993 0.01257238 0.00708233] [0.0109701  0.00380372 0.00407964 0.02868596 0.00444743 0.01986777
 0.8968614  0.02355391 0.00773016] [6.1198743e-04 9.8289615e-01 1.1354700e-02 1.3947040e-03 6.9142290e-04
 8.9658110e-04 1.1672302e-03 4.3955757e-04 5.4769625e-04] [2.7850913e-03 1.5307030e-03 1.0589347e-03 4.5593415e-04 9.8446900e-01
 2.2940484e-03 4.6998039e-03 2.1623643e-03 5.4418860e-04] [3.23474145e-04 4.56439331e-04 1.10691355e-04 6.26390567e-04
 2.62289337e-04 9.95352983e-01 1.18316070e-03 3.42138723e-04
 1.34238799e-03] [0.11134938 0.035223   0.10815869 0.04052088 0.03628472 0.28211206
 0.02329396 0.05478391 0.3082734 ] [0.06833932 0.02360537 0.13128027 0.51357144 0.15927468 0.02141727
 0.02563943 0.03040379 0.02646841] [0.00272225 0.00482563 0.04570834 0.90519935 0.00386849 0.02200729
 0.0040906  0.00516046 0.00641762] [1.1491466e-03 9.8583734e-01 2.1502611e-03 4.0320822e-04 3.2488711e-04
 5.3066545e-04 6.1805092e-04 7.2104963e-03 1.7759198e-03] [0.8791962  0.04072014 0.01200959 0.01167137 0.01164011 0.01228896
 0.01273566 0.00804406 0.01169389] [1.2479552e-04 2.2595179e-04 9.8989876e-05 9.9703503e-01 1.0460042e-04
 1.2851853e-03 1.5980811e-04 6.1616139e-04 3.4945007e-04] [9.8454177e-01 9.2051402e-03 5.2946009e-04 3.7826161e-04 2.3552810e-04
 2.4121998e-04 2.9668936e-03 8.3805720e-04 1.0636437e-03] [0.02702613 0.072026   0.07497051 0.04365588 0.09672491 0.3968982
 0.143312   0.05631189 0.08907445] [2.7821193e-04 2.1751969e-04 3.2829712e-04 1.8091040e-03 1.1894114e-04
 1.0807198e-03 9.9493611e-01 1.7416799e-04 1.0568998e-03] [1.40393444e-04 1.17633805e-04 1.12126385e-04 1.82380114e-04
 7.09061787e-05 9.98752832e-01 1.06153260e-04 1.34102025e-04
 3.83481529e-04] [0.07423656 0.08853187 0.03384123 0.05563597 0.04255838 0.0863708
 0.06605228 0.38722438 0.1655485 ] [0.00629566 0.00421416 0.02003315 0.9578079  0.00166882 0.00228643
 0.00144466 0.00401426 0.00223499] [1.3544929e-03 7.4310991e-04 5.4103270e-04 1.0465786e-03 1.0091717e-03
 6.4114351e-03 7.8914093e-04 9.7775024e-01 1.0354807e-02] [0.8072083  0.03639322 0.00946362 0.02043362 0.01138886 0.01215568
 0.03813633 0.0334658  0.03135452] [0.02494179 0.05362429 0.5356369  0.02043336 0.01138875 0.03771105
 0.29584867 0.00815541 0.01225981] [0.01533073 0.00860948 0.05704024 0.01804458 0.00656326 0.00942257
 0.01195293 0.01823856 0.85479766] [2.9179335e-04 3.4375853e-04 1.3255368e-03 6.9941167e-04 6.3188537e-04
 8.8370848e-01 1.6430495e-04 3.5865392e-04 1.1247617e-01] [1.8942184e-03 7.4811658e-04 7.9278776e-04 4.7175856e-03 6.3066976e-04
 2.9837096e-03 1.5136618e-03 2.4889512e-03 9.8423034e-01] [0.01182838 0.07291875 0.01043817 0.03341767 0.5819969  0.00881569
 0.08755127 0.06353597 0.1294972 ] [1.35361362e-04 9.98136044e-01 2.96798273e-04 1.62460143e-04
 1.19717384e-04 1.66833343e-04 1.15558323e-04 4.45459067e-04
 4.21694858e-04] [0.05702319 0.02669434 0.52885455 0.1981097  0.02673767 0.05157218
 0.02796701 0.0595915  0.02344986] [8.4845605e-04 4.4671176e-03 1.1234591e-03 2.5955772e-03 1.9652366e-03
 2.1475512e-03 2.4646744e-03 1.0017813e-02 9.7437018e-01] [0.00332739 0.00421451 0.00454879 0.01516497 0.9401517  0.00483884
 0.0033893  0.00856024 0.01580422] [0.00510506 0.00313477 0.90399355 0.00486816 0.01574511 0.01717976
 0.0309029  0.00516006 0.01391063] [0.594764   0.03035863 0.06507723 0.05584654 0.02217463 0.03459176
 0.0555692  0.09186222 0.04975579] [7.0122973e-05 1.1925974e-04 8.2357961e-05 3.2976753e-04 9.9898070e-01
 6.2351282e-05 8.1815138e-05 1.2035110e-04 1.5328669e-04] [9.9464285e-01 8.1604463e-04 6.5096497e-04 8.0069801e-04 2.0543326e-04
 3.6503692e-04 5.0519063e-04 1.3871158e-03 6.2663917e-04] [0.00412721 0.0059434  0.0088077  0.00383257 0.01783709 0.00865695
 0.00934171 0.9376423  0.0038111 ] [0.00276397 0.00279436 0.00737658 0.00556215 0.00237882 0.04604395
 0.00487527 0.03666303 0.89154184] [1.9810890e-04 9.9715889e-01 3.9322721e-04 3.0566182e-04 2.1868572e-04
 1.3582181e-04 4.7039217e-04 4.4300739e-04 6.7622325e-04] [0.03553094 0.06009239 0.4685945  0.03434615 0.1555807  0.16332361
 0.03156137 0.03374332 0.01722704] [2.5732000e-04 3.1884844e-04 1.1417879e-03 9.9573660e-01 1.9254924e-04
 8.9108868e-04 3.3472871e-04 3.3021386e-04 7.9679926e-04] [9.98860121e-01 1.89823841e-04 1.15699957e-04 1.02501544e-04
 1.09121909e-04 1.03383740e-04 1.25762264e-04 3.42843152e-04
 5.07794612e-05] [0.00300333 0.00375881 0.9251839  0.00851454 0.00203914 0.00180916
 0.04020695 0.00426316 0.011221  ] [3.9768501e-04 3.7597414e-04 9.0229187e-05 1.6056861e-04 2.0814067e-04
 9.9654073e-01 1.1824714e-04 2.7671549e-04 1.8316355e-03] [4.2106849e-04 3.5471743e-04 9.9627101e-01 6.4462773e-04 1.8275413e-04
 2.7648656e-04 1.3431739e-03 2.7375107e-04 2.3242837e-04] [3.1043059e-04 2.2488857e-04 2.8125984e-03 4.6709899e-04 9.9512213e-01
 1.3339870e-04 2.0987105e-04 3.3890113e-04 3.8068823e-04] [1.0650085e-03 5.6653406e-04 1.1819763e-03 9.9258399e-01 4.0156578e-04
 2.1658025e-03 1.1635211e-03 5.5350637e-04 3.1812640e-04] [0.05860509 0.01944038 0.07052437 0.4950023  0.08293021 0.12291354
 0.02175521 0.02316401 0.10566486] [1.2345288e-04 8.7239008e-05 1.0903065e-04 4.3320954e-03 1.3988149e-04
 1.4035868e-03 7.6649652e-04 9.9268156e-01 3.5664267e-04] [0.04319183 0.13029245 0.041985   0.04702709 0.03313835 0.06001185
 0.03082039 0.05556785 0.55796516] [1.5094184e-04 8.4478769e-04 2.1104753e-04 4.1971932e-04 6.7370466e-04
 2.2629111e-03 4.8216517e-04 3.2964468e-03 9.9165827e-01] [0.00136106 0.95200455 0.0271615  0.00577128 0.00235984 0.00132709
 0.00266051 0.00427231 0.0030819 ] [0.02033868 0.01671245 0.00668944 0.05355389 0.01103678 0.0162152
 0.04186016 0.04624734 0.78734607] [9.9873906e-01 1.8046818e-04 3.0403270e-04 9.9154713e-05 4.0796079e-04
 6.7182991e-05 9.7621371e-05 6.7689376e-05 3.6797865e-05] [9.9857533e-01 1.3504758e-04 2.2053093e-04 1.4200617e-04 5.7145618e-05
 1.0587428e-04 1.9012259e-04 6.0603103e-05 5.1335449e-04] [3.7899520e-04 9.8877001e-01 7.6301764e-03 5.9137808e-04 3.3807123e-04
 1.2151024e-03 5.7057850e-04 2.7577876e-04 2.2997131e-04] [2.0137445e-04 8.9914427e-04 6.5980516e-05 9.9650240e-01 9.6405602e-05
 6.9511164e-04 4.7571465e-04 2.3094060e-04 8.3297060e-04] [9.0174575e-04 9.8377615e-01 1.1397075e-03 3.6026444e-03 7.7761553e-04
 4.6425061e-03 2.8850536e-03 1.0735976e-03 1.2010040e-03] [8.4817357e-04 1.5946394e-03 5.5572565e-04 1.1630006e-03 4.8669623e-03
 8.7693511e-03 9.7002673e-01 7.1341451e-04 1.1461991e-02] [3.3874243e-05 4.1846863e-05 1.1187284e-04 3.3941912e-04 5.9587150e-05
 5.1196286e-04 9.9861109e-01 9.6825723e-05 1.9351603e-04] [1.9126451e-04 2.0624451e-04 9.3318720e-04 3.4255473e-04 9.9723828e-01
 4.0301000e-04 1.4011371e-04 1.6569905e-04 3.7958290e-04] [0.02940863 0.09331796 0.03556506 0.4171606  0.04326805 0.07396813
 0.11603045 0.03952267 0.15175846] [3.2456653e-04 6.7415723e-04 4.2483478e-04 2.6952196e-04 9.9729997e-01
 2.8525540e-04 2.1588711e-04 3.4431019e-04 1.6151812e-04] [9.0959459e-04 8.9575828e-04 9.9300402e-01 2.0857432e-03 3.7931808e-04
 6.1911118e-04 4.1233550e-04 1.1638186e-03 5.3030986e-04] [4.6735659e-04 9.8779160e-01 9.1218799e-03 2.3014682e-04 3.1706179e-04
 4.3254840e-04 3.2582096e-04 4.8535236e-04 8.2821300e-04] [0.02020978 0.03738232 0.54606605 0.07845402 0.01832723 0.06060732
 0.03940365 0.18643114 0.01311852] [0.04649921 0.10522884 0.08960715 0.03871736 0.18261354 0.09505086
 0.04037517 0.03926943 0.36263844] [1.9917600e-03 1.2948548e-03 1.2495286e-03 8.8007760e-04 9.0536749e-04
 9.8191607e-01 1.5450572e-03 1.1340235e-03 9.0832394e-03] [1.4062230e-03 9.7809625e-01 6.9953529e-03 4.9126655e-04 1.0879013e-02
 7.8582717e-04 4.0378701e-04 3.1434762e-04 6.2792888e-04] [1.1762777e-04 2.1295941e-04 7.4786738e-05 1.2829293e-04 4.7656220e-05
 8.9206755e-05 7.1880488e-05 9.9911982e-01 1.3779951e-04] [9.9623799e-01 1.1209168e-03 2.1688174e-03 1.8759529e-04 5.6912664e-05
 6.3377898e-05 7.5906384e-05 5.0943450e-05 3.7532976e-05] [9.5101731e-04 9.0920611e-04 3.9262665e-04 7.3977740e-04 4.7945228e-04
 4.4536060e-03 9.8961627e-01 1.4491528e-03 1.0089484e-03] [4.8131819e-04 4.1800982e-04 2.6719275e-04 1.8728372e-04 1.7345973e-04
 1.5016936e-03 2.8283393e-04 9.8262125e-01 1.4066964e-02] [0.00280781 0.0114962  0.00277162 0.05928585 0.01098787 0.8467761
 0.01282747 0.00564041 0.04740668] [1.9212031e-03 2.1411895e-03 9.7916955e-01 7.6854310e-04 6.9462025e-04
 1.0581305e-02 1.0029909e-03 1.8800788e-03 1.8405711e-03] [7.1921124e-04 7.4336606e-01 1.6626745e-02 3.5531138e-04 5.7629403e-04
 1.2241052e-03 4.0973542e-04 1.1909553e-03 2.3553155e-01] [0.00635066 0.01802853 0.00408053 0.01069248 0.02436537 0.01719573
 0.00559662 0.00411645 0.9095736 ] [2.5873667e-02 9.6876832e-04 6.2576600e-04 4.5627984e-04 5.8582879e-04
 2.8311883e-03 9.6610850e-01 3.4820670e-04 2.2017723e-03] [0.02155632 0.04465735 0.11688764 0.04562976 0.02687921 0.10091029
 0.02636456 0.09427502 0.52283984] [9.4520710e-03 4.3971452e-04 2.9950330e-03 8.6786896e-01 5.2189216e-04
 1.1321989e-02 7.3013722e-04 4.3837153e-03 1.0228649e-01] [1.2470782e-04 3.2147311e-04 1.9355932e-04 5.6494324e-04 2.1674062e-04
 1.7497529e-03 9.9598384e-01 8.6746571e-05 7.5820723e-04] [0.08736184 0.09980719 0.17382702 0.17184277 0.10360648 0.09279626
 0.09412628 0.05810364 0.11852852] [0.00564771 0.01968063 0.9168104  0.01506278 0.0078667  0.00620507
 0.00651898 0.00655924 0.01564852] [0.00143035 0.0011401  0.75233674 0.23824732 0.00097715 0.00133716
 0.00254489 0.00118898 0.00079729] [4.3445532e-04 2.3623809e-04 1.1456956e-03 9.9169523e-01 3.6474198e-04
 2.7667885e-03 5.8152899e-04 9.5567317e-04 1.8196169e-03] [8.83399334e-05 2.18189962e-04 1.16332470e-04 2.40328023e-04
 3.47043213e-04 9.98410344e-01 1.19121883e-04 1.13202266e-04
 3.47058609e-04] [1.4466839e-04 2.8467138e-04 1.4077641e-04 1.8141138e-04 9.9762625e-01
 3.9986151e-04 1.7888866e-04 3.3438494e-04 7.0908241e-04] [1.2260077e-03 6.6358707e-04 2.1019604e-03 2.6077768e-03 1.2976201e-03
 1.4396699e-02 6.9813186e-04 1.7708266e-03 9.7523743e-01] [8.1771088e-04 4.3276197e-04 1.2792103e-02 9.8208690e-01 6.3057768e-04
 5.7898520e-04 1.8543594e-03 3.3586964e-04 4.7077984e-04] [1.4494061e-03 9.9263316e-01 1.3025947e-03 3.3994863e-04 4.6466821e-04
 9.8969007e-04 5.9608358e-04 6.8040448e-04 1.5440499e-03] [3.1078787e-04 1.1828062e-03 3.5786189e-04 2.0142665e-04 2.7836961e-04
 3.2123123e-04 3.5318232e-04 9.9671412e-01 2.8023843e-04] [9.98744845e-01 4.65877034e-04 1.23797989e-04 6.43193271e-05
 8.31027719e-05 1.88327031e-04 7.60133917e-05 1.42277015e-04
 1.11427915e-04] [0.63640416 0.02133015 0.00404137 0.02103317 0.04088841 0.12292795
 0.00761435 0.11986625 0.02589417] [0.00807243 0.0051687  0.0075171  0.01591788 0.91515577 0.02117622
 0.0061385  0.00751395 0.01333943] [6.4231717e-04 1.1304562e-03 2.2235898e-04 6.3200417e-04 4.8760080e-04
 2.7100237e-03 9.9263269e-01 6.4613490e-04 8.9634996e-04] [0.00119642 0.00222768 0.00114151 0.9802777  0.00239828 0.00432663
 0.00170116 0.00131008 0.00542049] [9.99186575e-01 8.04007504e-05 1.10804038e-04 1.26207378e-04
 7.91673810e-05 1.04500454e-04 6.92532194e-05 1.48553838e-04
 9.45622887e-05] [6.4165931e-04 9.9046165e-01 1.5755581e-03 2.6178540e-04 4.3617212e-03
 7.7993557e-04 5.9186300e-04 4.5673689e-04 8.6907507e-04] [7.0205919e-04 4.5824627e-04 6.3521345e-04 5.2109552e-03 4.5210854e-04
 5.6080138e-03 8.3245151e-04 9.8466057e-01 1.4403902e-03] [2.2837594e-03 9.4378227e-03 2.6613416e-03 4.0363605e-04 9.7906190e-01
 2.7721252e-03 1.8685616e-03 5.9205177e-04 9.1886456e-04] [6.3968662e-05 2.2942101e-04 9.0223177e-05 2.2141507e-04 6.7636262e-05
 8.5121358e-04 9.9785811e-01 1.5654748e-04 4.6144976e-04]",3 7 5 7 0 2 8 4 6 7 2 0 2 6 8 0 6 2 6 8 8 7 4 2 2 2 4 4 2 3 1 3 0 3 3 1 1 1 0 3 3 5 4 7 2 5 4 6 5 6 8 7 8 8 6 7 1 8 8 4 4 7 6 2 0 2 3 1 2 7 0 6 5 7 5 6 0 7 7 1 2 1 7 0 5 6 8 5 6 6 7 0 4 4 1 0 7 1 8 3 1 6 1 5 3 0 4 5 2 4 5 5 6 4 5 8 5 8 8 2 6 1 4 5 3 3 3 1 0 3 0 8 6 5 7 3 7 0 2 8 5 8 4 1 3 8 4 2 0 4 0 7 7 1 4 3 0 2 5 2 4 3 3 7 8 8 1 8 0 0 1 3 1 6 6 4 5 4 2 1 2 5 5 1 7 0 6 7 5 2 1 8 6 5 3 6 8 2 2 3 5 4 8 3 1 7 0 0 4 6 3 0 1 7 4 6
1468,3,xgboost,0.02,5000,5000,0.9120370370370371,0.9928626543209877,"[0.00986894 0.01020217 0.00793303 0.11526822 0.00581794 0.01648396
 0.00811374 0.04546593 0.78084606] [3.9005908e-04 4.5311789e-04 9.9618149e-01 3.0867045e-04 4.1215189e-04
 6.0409098e-04 5.4480165e-04 5.7323411e-04 5.3239253e-04] [2.2730588e-03 5.2944408e-04 1.2733022e-03 1.8717385e-03 1.8719902e-03
 6.1661140e-03 9.8206490e-01 7.8771467e-04 3.1617219e-03] [0.0052417  0.01431436 0.20012721 0.09493999 0.013106   0.5553557
 0.03848567 0.02099686 0.0574325 ] [0.01900538 0.0079618  0.00506806 0.9492861  0.00305547 0.0020841
 0.00236596 0.00424018 0.00693288] [1.7884822e-04 8.5486485e-05 8.1893231e-05 8.6570930e-05 9.8177450e-05
 9.9771857e-01 2.5893658e-04 1.6608172e-04 1.3254128e-03] [1.9537358e-04 1.6424856e-04 3.2510023e-04 3.3758846e-04 2.1400652e-04
 9.9022794e-01 1.2620186e-03 2.3858812e-04 7.0351460e-03] [2.8930031e-04 1.8145365e-04 1.7998817e-04 4.4955290e-04 9.9810517e-01
 1.4590727e-04 3.8104405e-04 9.9457226e-05 1.6810215e-04] [6.3602527e-04 1.3613786e-03 9.8627263e-01 1.5277633e-03 1.3844614e-03
 1.0012104e-03 1.2216198e-03 1.7781194e-03 4.8167673e-03] [4.2907021e-04 1.3470137e-03 1.6196154e-03 9.9154258e-01 4.3521821e-04
 7.7656138e-04 1.8772463e-03 1.5469105e-03 4.2571287e-04] [2.1339844e-04 4.4842417e-04 9.5972985e-02 8.9982128e-01 1.9132125e-04
 7.3415425e-04 2.3865033e-04 3.6164501e-04 2.0181786e-03] [9.9858439e-01 3.1441078e-04 1.1086120e-04 1.6345644e-04 1.0594553e-04
 1.5815403e-04 1.8499815e-04 1.5698525e-04 2.2085852e-04] [6.0004799e-04 4.2362913e-04 7.3904713e-04 5.5581087e-04 3.5735121e-04
 7.8966265e-04 4.9778091e-04 9.9539953e-01 6.3719746e-04] [0.04663265 0.0307545  0.10242537 0.12830482 0.18368424 0.11489516
 0.1317392  0.02378368 0.23778039] [4.1722122e-04 9.9185818e-01 3.7431070e-03 5.3724268e-04 3.3450112e-04
 1.6064961e-03 3.6181492e-04 3.0769364e-04 8.3369273e-04] [0.03765972 0.02324274 0.02581422 0.07055619 0.09062185 0.09239489
 0.03246947 0.0710519  0.556189  ] [2.4704650e-04 2.6644673e-04 7.4355892e-04 7.6109177e-04 9.9504459e-01
 6.3562975e-04 1.0379682e-03 3.0830051e-04 9.5535931e-04] [1.40093383e-04 5.33389684e-04 2.40626207e-04 2.95495847e-04
 1.18956719e-04 9.96593535e-01 1.32883945e-03 1.16496136e-04
 6.32540323e-04] [6.8277150e-04 2.6179419e-03 5.6736311e-04 1.2637647e-03 2.1790836e-03
 1.0789295e-02 1.9345661e-03 5.9802718e-03 9.7398496e-01] [0.00231302 0.00246488 0.00122066 0.00358346 0.00155656 0.00798559
 0.00158691 0.97556984 0.00371913] [0.00373868 0.00439285 0.01373047 0.00674184 0.9164502  0.03945847
 0.00949928 0.00396286 0.00202535] [0.01318222 0.01776379 0.01111803 0.01553353 0.01341648 0.88065714
 0.01722377 0.01805345 0.01305161] [2.3826395e-04 1.7602090e-04 4.2668683e-04 6.3040620e-04 1.4227472e-04
 9.9486452e-01 2.0202830e-04 1.3907308e-04 3.1807392e-03] [8.4894105e-05 1.2133378e-04 1.4077315e-04 5.5917911e-04 1.6116125e-04
 9.9728823e-01 7.2691555e-04 3.5219107e-04 5.6537811e-04] [0.01720308 0.01958477 0.01450342 0.04667341 0.00479878 0.02190299
 0.8093235  0.03241353 0.03359654] [9.9247169e-01 4.8897404e-04 5.2553095e-04 2.0122146e-03 6.8984844e-04
 5.7492737e-04 1.5748894e-03 4.4024392e-04 1.2216327e-03] [0.06630459 0.10237614 0.03110913 0.25660077 0.05693613 0.16003352
 0.12579349 0.10911701 0.09172922] [1.4357663e-04 2.6336833e-04 1.2243673e-03 2.1727175e-04 9.9647164e-01
 4.3007909e-04 1.9510224e-04 7.9566613e-04 2.5890960e-04] [9.3981629e-04 6.7595823e-04 9.9448353e-01 2.9946948e-04 9.6572202e-04
 1.2218930e-03 4.5647877e-04 5.7860190e-04 3.7852733e-04] [2.0202443e-03 5.3113425e-04 1.7409408e-03 9.8654824e-01 5.8300036e-04
 3.4826722e-03 1.2637038e-03 1.8567326e-04 3.6443362e-03] [1.85458819e-04 1.10439076e-04 8.45697286e-05 7.58103211e-04
 9.97170985e-01 7.87847152e-04 1.54835361e-04 2.18469911e-04
 5.29340527e-04] [9.9076009e-01 2.9471095e-04 1.2730517e-04 7.0528965e-03 1.3658164e-04
 6.2479300e-04 1.8264446e-04 3.5371268e-04 4.6726290e-04] [0.02362332 0.05768219 0.6226691  0.14201574 0.01965425 0.03282479
 0.0207351  0.01536699 0.06542855] [4.93157095e-05 5.25703770e-04 1.48859210e-04 1.43406563e-04
 9.98584747e-01 1.73128865e-04 1.05609644e-04 1.22036137e-04
 1.47207335e-04] [0.00259538 0.00657958 0.9583984  0.01251206 0.00299712 0.00546482
 0.00373302 0.00254269 0.00517694] [6.9598478e-05 6.4093806e-04 4.5792651e-05 2.3309981e-04 8.6182554e-05
 1.7985360e-03 9.9657780e-01 6.9674985e-05 4.7831624e-04] [0.01242627 0.0045331  0.9340672  0.00429731 0.01115322 0.00818399
 0.00392986 0.01655155 0.00485753] [9.9836081e-01 1.4983682e-04 5.2568910e-04 6.7321445e-05 6.0137325e-05
 1.1537862e-04 1.5918650e-04 1.7041400e-04 3.9125464e-04] [2.5898556e-04 5.1949185e-04 2.4775555e-04 2.9215080e-04 2.1361715e-04
 3.0132031e-04 3.6218486e-04 9.9745435e-01 3.5017895e-04] [1.2777965e-03 4.3189037e-03 1.8536946e-03 4.8879278e-04 5.6928035e-04
 2.2023709e-03 9.8817760e-01 6.4576545e-04 4.6580058e-04] [0.01500491 0.05376137 0.03796986 0.7109906  0.02582976 0.05210427
 0.04219928 0.01639843 0.04574152] [9.97267271e-05 2.77265062e-04 1.80319534e-04 1.17671545e-04
 8.20355563e-05 3.51451628e-04 9.98594105e-01 1.10024412e-04
 1.87377504e-04] [6.3071202e-04 9.9769258e-01 9.8761811e-05 5.8789243e-05 2.7842002e-04
 7.9566689e-04 1.5799304e-04 1.7446009e-04 1.1258244e-04] [5.3853957e-05 2.1365426e-04 8.4879005e-04 1.8360591e-04 9.9836236e-01
 9.4795847e-05 8.1806458e-05 1.2278368e-04 3.8325281e-05] [1.0235893e-03 1.1535005e-03 9.9502993e-01 3.9498083e-04 4.0573353e-04
 4.0807037e-04 4.0287836e-04 2.2385672e-04 9.5747644e-04] [8.86223133e-05 1.05802326e-04 1.15782765e-04 3.76871350e-04
 9.96736348e-01 3.69386049e-04 3.78684257e-04 1.73422406e-04
 1.65505137e-03] [4.0894742e-03 1.2627125e-04 1.4733672e-04 4.8403448e-04 4.5147448e-04
 1.4085454e-03 9.8850727e-01 3.8956216e-04 4.3960270e-03] [8.1528982e-05 1.5468607e-04 4.6278408e-05 4.6551562e-05 9.9893230e-01
 2.2402787e-04 2.8365455e-04 1.6921351e-04 6.1741062e-05] [0.10700002 0.22860849 0.2615989  0.06374819 0.05275958 0.17232247
 0.06231127 0.03221736 0.01943369] [0.0085146  0.01295299 0.01801986 0.1795709  0.00959257 0.18005936
 0.05783578 0.07053453 0.46291935] [0.00173979 0.97243845 0.0074709  0.00230492 0.00243823 0.00444075
 0.00420518 0.00259011 0.00237167] [0.01396465 0.00641385 0.01115582 0.02238666 0.0056044  0.01319901
 0.02351795 0.641358   0.26239967] [0.02263921 0.03072378 0.01577688 0.01915069 0.01581923 0.716514
 0.02022033 0.03097826 0.12817763] [0.12081528 0.06630925 0.29256016 0.11678306 0.14880672 0.10970792
 0.036367   0.05179346 0.05685712] [9.9615073e-01 1.5549573e-04 1.5177898e-04 1.3489323e-04 5.3133706e-05
 2.1609620e-03 2.3751907e-04 6.0331635e-04 3.5224541e-04] [4.1517871e-04 9.9808300e-01 1.0156671e-04 2.7618019e-04 1.2649936e-04
 5.1368162e-04 1.3418164e-04 1.3223889e-04 2.1753884e-04] [0.02228341 0.87723637 0.00995461 0.01048476 0.00677217 0.00536604
 0.01702076 0.02199466 0.02888722] [1.4656960e-04 1.8505742e-04 1.7859043e-04 8.6467902e-05 9.0246045e-05
 2.1350841e-04 2.8745580e-04 9.9869090e-01 1.2122214e-04] [9.0160832e-04 4.7751898e-03 1.5620056e-03 9.2597242e-04 7.2475558e-04
 3.2284015e-03 3.1388383e-03 6.5966748e-04 9.8408359e-01] [0.08008534 0.15177816 0.06594921 0.01125851 0.14655071 0.03920941
 0.04485363 0.28148857 0.17882644] [9.97923315e-01 1.82046599e-04 2.56500236e-04 2.60218192e-04
 3.02721222e-04 2.85763264e-04 1.66345344e-04 1.11962756e-04
 5.11142076e-04] [9.22622348e-05 1.62483382e-04 1.12694055e-04 1.21771060e-04
 1.40410892e-04 1.41720602e-03 9.96576250e-01 2.29838857e-04
 1.14701223e-03] [4.1293475e-04 9.9719065e-01 5.1289797e-04 2.7816347e-04 1.3096677e-04
 3.1177260e-04 3.1903278e-04 3.2918857e-04 5.1441527e-04] [2.23574621e-04 4.90746752e-04 4.64640703e-04 7.97955727e-05
 9.97995734e-01 2.64751026e-04 1.97366768e-04 1.08987966e-04
 1.74376837e-04] [0.02923006 0.0204301  0.0199798  0.01211456 0.01135373 0.03483981
 0.02087483 0.77934664 0.07183052] [9.2916784e-04 2.1003450e-04 1.2620254e-03 9.9298662e-01 2.1379339e-04
 3.0251299e-03 3.3376814e-04 6.6741533e-04 3.7200347e-04] [0.0318788  0.39732987 0.02388788 0.07083426 0.01814836 0.16035314
 0.10667887 0.150388   0.04050085] [0.00304743 0.00224744 0.42377648 0.52970845 0.00297607 0.01492687
 0.00643349 0.00236882 0.01451496] [0.00128294 0.00185932 0.00187772 0.00170616 0.00257044 0.06339952
 0.00519707 0.00140562 0.9207012 ] [4.2047942e-04 1.3622664e-03 9.9232352e-01 6.0270168e-04 4.0324486e-04
 8.1972312e-04 2.4779534e-03 8.4460381e-04 7.4546941e-04] [0.05147006 0.05155321 0.16814707 0.09011647 0.0344173  0.14748725
 0.08990037 0.14079419 0.22611405] [2.9452445e-03 1.3017546e-03 4.6699212e-04 6.7041767e-01 5.7572441e-04
 2.2951229e-03 4.1516189e-04 1.0505324e-03 3.2053176e-01] [3.4762649e-03 9.8793101e-01 5.9778203e-04 1.9261936e-03 9.6449669e-04
 1.3434910e-03 8.6510781e-04 1.9191370e-03 9.7651005e-04] [5.3483318e-04 9.9495763e-01 8.4581104e-04 2.7969200e-04 1.1387174e-03
 6.2876713e-04 4.2534003e-04 4.2977347e-04 7.5941213e-04] [0.9206649  0.02917391 0.01206338 0.00936781 0.00320194 0.0037931
 0.00489212 0.00903316 0.00780971] [0.0517199  0.0318242  0.57014483 0.10873064 0.0400993  0.01177682
 0.05442723 0.08208257 0.04919446] [0.01172437 0.8020845  0.14575869 0.01245073 0.00296145 0.0099527
 0.00437415 0.00342219 0.00727116] [9.9772924e-01 2.3645081e-04 3.4413364e-04 1.3772640e-04 8.9233268e-05
 2.1495261e-04 1.5346272e-04 7.6012177e-05 1.0188374e-03] [9.7035326e-04 7.6563063e-04 7.1096898e-04 7.3895598e-04 2.0732223e-03
 3.8887826e-03 9.8568070e-01 4.9021741e-04 4.6811723e-03] [1.1321914e-03 8.6256908e-04 4.5338906e-03 9.8344975e-04 6.0551259e-04
 8.0300734e-04 9.8609108e-01 1.0860515e-03 3.9021936e-03] [4.3138284e-03 5.2031521e-03 9.6174741e-01 5.9985602e-03 7.7625248e-03
 9.3878154e-03 2.1589566e-03 2.5870570e-03 8.4074901e-04] [0.00291832 0.00226878 0.00271603 0.0022731  0.00771377 0.00267149
 0.00435725 0.9712852  0.00379604] [2.1079851e-04 1.1511545e-04 8.5613591e-04 6.5697014e-04 9.9742776e-01
 5.2713855e-05 2.3494328e-04 2.6589495e-04 1.7960943e-04] [0.00699295 0.00428341 0.00821848 0.08148947 0.01617069 0.04288822
 0.0097539  0.00627396 0.823929  ] [4.4732774e-04 3.0167593e-04 2.4252923e-04 2.8927946e-03 2.5329756e-04
 1.0853868e-03 7.0998695e-04 7.9608930e-04 9.9327093e-01] [1.03492197e-03 4.49647196e-04 1.03539273e-01 8.92670512e-01
 3.51919938e-04 8.91620992e-04 4.23612015e-04 5.18623681e-04
 1.19872224e-04] [7.3990674e-04 1.3005666e-03 8.9147454e-04 1.0242561e-03 5.6090509e-04
 6.1586900e-03 1.3150040e-03 6.9458701e-04 9.8731458e-01] [0.02778314 0.06591261 0.41496298 0.03889311 0.1678849  0.01533031
 0.09562573 0.15603562 0.01757157] [4.3581289e-04 9.9482346e-01 1.7803053e-04 3.9375568e-04 1.1277600e-04
 1.3254852e-03 3.7098909e-04 1.7932720e-03 5.6639366e-04] [2.3840691e-03 1.1248809e-03 5.2978127e-04 1.8986485e-03 5.1675580e-04
 4.6765986e-03 9.8431855e-01 3.3619478e-03 1.1887169e-03] [0.01445585 0.10195325 0.01728835 0.10967199 0.02072871 0.10582338
 0.04371576 0.01776665 0.56859607] [0.00118098 0.00211541 0.00109209 0.00432044 0.9617932  0.01069318
 0.00205347 0.01346286 0.00328836] [0.02728385 0.00881593 0.03205267 0.02533584 0.01354034 0.13055077
 0.0363331  0.0352896  0.6907979 ] [0.01979616 0.01805738 0.01933611 0.02746878 0.0301748  0.25301647
 0.05679024 0.11211219 0.46324787] [2.2503218e-04 2.7678694e-04 8.6390159e-05 7.6281623e-04 1.5772483e-04
 9.9699390e-01 4.7090815e-04 2.1394617e-04 8.1244513e-04] [0.0399105  0.06493024 0.3670389  0.0988126  0.03394322 0.03773304
 0.07200011 0.20206365 0.08356773] [9.98872697e-01 2.12383748e-04 1.02827806e-04 1.80591844e-04
 9.86753512e-05 1.13355069e-04 1.08886270e-04 2.34979103e-04
 7.55503788e-05] [0.8405536  0.12058879 0.00211473 0.0085887  0.00377978 0.00943942
 0.00590609 0.0058185  0.00321037] [9.1565616e-04 8.4207993e-04 3.1758752e-04 6.7495968e-04 7.1033224e-04
 3.1725562e-03 1.7835282e-03 9.9077028e-01 8.1306510e-04] [0.01858375 0.06189574 0.21293491 0.04077163 0.07107583 0.12370103
 0.02538614 0.3941076  0.05154336] [9.9835616e-01 2.0520738e-04 5.6656840e-04 1.1160188e-04 9.4264637e-05
 1.1106390e-04 8.0123056e-05 1.7775621e-04 2.9723370e-04] [6.8093621e-05 3.1906302e-04 2.4313045e-04 8.5477070e-05 9.9878806e-01
 5.9833019e-05 1.1317739e-04 1.4335767e-04 1.7980258e-04] [0.13354559 0.06472438 0.14336592 0.02123339 0.03594491 0.07709044
 0.10572247 0.3086875  0.10968542] [8.3666749e-04 9.3241100e-04 2.3856528e-04 9.9514425e-04 1.7485966e-03
 3.2744376e-04 9.9033242e-01 3.6754398e-04 4.2212047e-03] [3.7234506e-04 8.2105580e-05 1.1643604e-03 9.9563640e-01 2.5443966e-04
 1.5774708e-03 4.3636750e-04 1.5953250e-04 3.1698155e-04] [1.7110351e-04 3.9947761e-04 1.9543264e-04 3.6000987e-04 1.9070765e-04
 9.9557221e-01 2.3314971e-04 9.3126926e-04 1.9465653e-03] [0.9524521  0.0076144  0.01070393 0.00268051 0.00434105 0.00597668
 0.00846023 0.00519926 0.00257185] [1.17809155e-04 4.73134685e-04 7.10107997e-05 5.66105824e-04
 6.72198730e-05 4.93642176e-04 9.97933984e-01 1.87865720e-04
 8.91903983e-05] [1.9769029e-04 1.6955641e-04 1.1405984e-04 9.0658817e-05 9.9822921e-01
 5.8715185e-04 2.2540128e-04 1.8313306e-04 2.0314701e-04] [2.4628481e-03 4.7456953e-03 4.7781407e-03 1.7980859e-03 4.8172558e-03
 2.5342910e-02 9.1643533e-04 1.3787422e-03 9.5375985e-01] [9.9479008e-01 1.4033725e-03 6.6830235e-04 8.0454207e-05 2.4795943e-04
 6.9730054e-04 6.5459014e-04 9.7068615e-04 4.8727353e-04] [8.9617562e-04 4.8277510e-04 4.5165670e-04 1.6334228e-04 2.6178354e-04
 3.6283224e-04 5.9053383e-04 9.9609935e-01 6.9149520e-04] [7.6451615e-05 1.4988499e-04 5.3547212e-04 1.6575873e-04 1.1209723e-04
 1.6390900e-04 1.7249271e-04 9.9809045e-01 5.3346925e-04] [3.5922634e-04 2.2858195e-04 2.1754792e-04 8.5706514e-04 2.5629278e-04
 3.6248791e-03 1.0508435e-03 9.9259818e-01 8.0735370e-04] [6.4067123e-04 1.5628044e-03 8.5446867e-04 5.1032356e-04 3.6912216e-04
 8.6100405e-04 5.3093705e-04 9.9342972e-01 1.2409270e-03] [0.01101152 0.00891824 0.00618951 0.01628337 0.00815949 0.09502646
 0.7640135  0.01728322 0.07311466] [4.5525559e-04 2.6134853e-04 4.3146161e-04 1.7686728e-04 5.6795671e-04
 5.0381437e-04 2.4569131e-04 9.9690163e-01 4.5597623e-04] [0.00641235 0.00370325 0.40677565 0.5535144  0.00325475 0.01209526
 0.00479893 0.0050643  0.0043811 ] [1.17075935e-04 9.95777249e-01 3.60212784e-04 5.41730609e-04
 3.54962336e-04 1.89969564e-04 8.63923924e-04 2.78787513e-04
 1.51612167e-03] [0.05116997 0.03772553 0.03440394 0.05743194 0.03114673 0.27435544
 0.06338868 0.0350144  0.41536337] [0.00874691 0.00892362 0.00450871 0.00314499 0.9361675  0.00309732
 0.00631418 0.00663703 0.0224598 ] [2.14378713e-04 7.46005535e-05 1.40509161e-03 9.97536778e-01
 5.51938538e-05 4.15584182e-05 8.75472979e-05 1.16098956e-04
 4.68777900e-04] [0.04718477 0.09158433 0.07166885 0.05702851 0.01894912 0.5062281
 0.05209491 0.05368714 0.10157431] [1.1216174e-03 9.9431372e-01 7.5159769e-04 5.5809272e-04 2.3693754e-04
 9.2976342e-04 8.6595694e-04 9.3623658e-04 2.8610177e-04] [0.00490778 0.00297581 0.00270718 0.01021378 0.00178516 0.89896536
 0.00916785 0.02272267 0.04655437] [9.9633056e-01 4.4229758e-04 6.1851379e-04 3.4434901e-04 6.1397033e-04
 6.6588429e-04 5.2351254e-04 2.4272129e-04 2.1815051e-04] [1.3560731e-03 1.0201735e-03 5.5596628e-04 7.8688463e-04 5.1592087e-04
 5.4357937e-03 1.8786406e-03 1.0980337e-03 9.8735249e-01] [0.01201548 0.06858476 0.04594478 0.08232716 0.04211646 0.43441474
 0.03498567 0.02527436 0.25433657] [0.9521852  0.00276385 0.02568409 0.0061255  0.00207734 0.00102513
 0.0023572  0.00424305 0.00353863] [0.01655536 0.00551487 0.9301937  0.01015948 0.00764922 0.0096139
 0.0094259  0.00289391 0.00799365] [2.1749212e-04 1.7344100e-04 1.2422274e-04 2.2537231e-04 9.9704868e-01
 1.7613914e-03 1.6243425e-04 1.2561755e-04 1.6133519e-04] [0.02319392 0.0168848  0.02424125 0.04643399 0.01165997 0.5999829
 0.02752701 0.01589209 0.23418401] [1.1581815e-03 1.1311488e-03 1.2687569e-03 9.8572820e-01 1.3042571e-03
 2.7465483e-03 9.5299759e-04 1.8466325e-03 3.8632348e-03] [9.8181492e-01 3.0924771e-03 1.4275647e-03 7.7897720e-03 5.9048604e-04
 2.6185112e-03 1.0184312e-03 8.3352922e-04 8.1429275e-04] [2.8980221e-04 1.7850827e-04 1.6635911e-04 8.9302273e-05 1.3516983e-04
 1.4777192e-04 1.5096464e-04 9.9870849e-01 1.3363811e-04] [1.8246447e-04 1.9364740e-04 2.9189457e-04 1.5875905e-04 1.4888922e-04
 2.2573220e-03 3.6092012e-04 9.9560875e-01 7.9738908e-04] [0.07555529 0.04046107 0.12871131 0.06572782 0.03453109 0.3288179
 0.19560334 0.03612364 0.09446853] [0.9572776  0.02133253 0.00398705 0.00274931 0.00144181 0.00126682
 0.00252191 0.00335874 0.00606427] [0.00159158 0.00303599 0.00647857 0.9345621  0.00722039 0.00752588
 0.01858384 0.00326967 0.01773196] [1.5590286e-03 7.7064510e-04 3.5937727e-04 1.3489296e-03 2.0516734e-03
 4.7606966e-03 9.7887015e-01 1.5455071e-03 8.7339263e-03] [6.4990419e-04 4.1990107e-04 9.2399959e-04 1.1773487e-03 6.4204220e-04
 9.8904580e-01 1.3850798e-03 2.0779844e-03 3.6778622e-03] [0.27348343 0.34413123 0.02940695 0.0077468  0.01068726 0.0086708
 0.11262331 0.01413735 0.19911286] [0.0025487  0.02899466 0.94079477 0.01021676 0.00255671 0.00490495
 0.00202029 0.00351706 0.00444605] [0.01590148 0.02163441 0.03955349 0.06069488 0.05132152 0.1694498
 0.10799273 0.04559056 0.48786107] [0.15521675 0.04837591 0.16059977 0.08581556 0.14838646 0.11977335
 0.06535515 0.05814157 0.15833549] [4.2984248e-04 1.5259606e-03 7.7625671e-03 2.2901658e-03 4.3440942e-04
 7.4733392e-04 8.0592344e-03 9.7652119e-01 2.2292936e-03] [0.9188401  0.01150852 0.00957809 0.00354438 0.01213152 0.01426339
 0.01347552 0.00877366 0.00788481] [0.02918494 0.06663849 0.0723435  0.39589748 0.0209236  0.13056311
 0.04521856 0.03557015 0.20366018] [5.7090796e-04 1.7386320e-04 1.6399568e-04 1.7176144e-04 1.9007500e-03
 9.9372935e-01 6.0689141e-04 1.1415322e-03 1.5409648e-03] [0.08507363 0.07301225 0.54599476 0.08144563 0.02467586 0.04395811
 0.02273456 0.07469164 0.04841351] [6.8022386e-04 4.5290863e-04 3.0108879e-04 3.6395216e-04 9.9434680e-01
 3.7054304e-04 4.1054355e-04 2.4660772e-03 6.0790993e-04] [1.2061669e-03 1.1984552e-03 1.7743187e-03 7.3607673e-04 1.6901727e-03
 7.9355473e-03 1.0781316e-03 9.8286736e-01 1.5137987e-03] [9.9837166e-01 2.7655551e-04 7.0583257e-05 3.6337031e-05 5.9828839e-05
 5.2047657e-05 1.0110619e-03 5.9775917e-05 6.2222061e-05] [3.3791296e-03 9.9222904e-01 3.7027962e-04 1.8956146e-04 5.5677799e-04
 4.9427082e-04 6.2842510e-04 9.4278145e-04 1.2097048e-03] [1.8811109e-04 9.9546611e-01 2.3244610e-03 3.8140611e-04 1.7816731e-04
 2.7525518e-04 7.8740000e-04 2.2533713e-04 1.7374387e-04] [0.00308851 0.00582254 0.00124253 0.00154289 0.00112237 0.00230864
 0.97835344 0.00285144 0.00366763] [2.4844718e-04 4.2602062e-04 9.9330407e-01 5.0982842e-03 2.7309128e-04
 1.3570835e-04 1.9154524e-04 1.5458747e-04 1.6827682e-04] [6.8718212e-04 9.9730575e-01 5.6760688e-04 1.2429946e-04 1.3332881e-04
 1.6300195e-04 3.9722075e-04 2.4088338e-04 3.8066934e-04] [1.4556590e-03 1.8461247e-03 7.5663817e-03 1.5647982e-03 1.9944746e-03
 8.6918310e-04 1.7415737e-03 2.2964089e-03 9.8066539e-01] [2.3404890e-04 4.3914336e-04 8.3561538e-04 2.0830086e-04 2.0632456e-04
 8.9966273e-04 3.4068470e-04 9.9642354e-01 4.1270227e-04] [1.4410142e-04 9.9532497e-01 1.4963093e-03 3.3900398e-04 1.6585433e-04
 6.9278403e-04 9.2973240e-04 3.5067659e-04 5.5658689e-04] [4.9421367e-05 7.1974348e-05 2.8186152e-05 3.9389521e-05 4.4262342e-05
 3.7660592e-04 9.9928600e-01 4.2699750e-05 6.1514271e-05] [0.0166089  0.00252596 0.94850266 0.01608611 0.00245022 0.00396386
 0.00343785 0.00453007 0.00189431] [0.02912193 0.07727332 0.02130057 0.06992606 0.0210789  0.654974
 0.04139541 0.03057913 0.05435071] [1.0300077e-03 6.6399120e-04 8.0320961e-04 5.9331406e-04 1.1427248e-03
 3.9050484e-04 9.9300838e-01 8.5949386e-04 1.5083551e-03] [0.00339083 0.02451915 0.01841176 0.0094178  0.00893353 0.01034227
 0.00707222 0.02869766 0.8892148 ] [6.3722621e-04 1.3550854e-03 9.4503816e-04 2.3041120e-04 4.6016523e-04
 3.5723511e-04 9.9432051e-01 2.9264475e-04 1.4016317e-03] [2.1786120e-04 3.8647073e-04 2.7758436e-04 1.0293622e-03 1.6531732e-04
 6.3027430e-04 1.4204581e-03 9.9554175e-01 3.3092091e-04] [1.7708769e-03 8.6836761e-04 4.3471705e-02 9.4754100e-01 1.0504414e-03
 1.3184826e-03 3.2020295e-03 3.3452161e-04 4.4262427e-04] [1.6984539e-04 6.8254094e-04 2.5612133e-04 1.0292737e-02 4.7234198e-04
 3.4570168e-03 9.8117656e-01 3.9196637e-04 3.1009221e-03] [0.00293016 0.00160989 0.002219   0.00244025 0.00352244 0.00714308
 0.00301115 0.01037433 0.9667497 ] [4.1505456e-04 4.8891484e-04 2.6291175e-04 1.5009769e-03 9.6921722e-04
 1.1429153e-02 9.7948831e-01 8.9302100e-04 4.5524314e-03] [0.0090492  0.00623067 0.00489484 0.00648594 0.00987389 0.56601995
 0.03166806 0.01020687 0.35557055] [3.4041182e-04 6.6210203e-05 1.7965502e-05 2.1026377e-04 3.9761009e-05
 1.7566502e-04 9.9864286e-01 5.8505859e-05 4.4836701e-04] [6.4202379e-03 2.7067433e-04 9.9052435e-01 1.2253034e-03 1.4605810e-04
 4.8174290e-04 1.6297284e-04 5.5265293e-04 2.1601371e-04] [2.4024908e-04 9.9296030e-04 6.5664755e-04 5.0356594e-04 6.1080913e-04
 3.8442036e-04 2.6012172e-03 9.9355620e-01 4.5393084e-04] [0.06897467 0.0540237  0.19920684 0.11333335 0.10937861 0.10452708
 0.04212316 0.16501357 0.14341898] [0.00123079 0.00132774 0.32927912 0.62886554 0.00133821 0.00717725
 0.00269013 0.00147754 0.02661364] [1.0578536e-04 1.9191366e-04 1.2919528e-04 2.0121933e-04 9.9672854e-01
 6.5583474e-04 2.3757119e-04 2.2021733e-04 1.5297626e-03] [0.00441664 0.0041509  0.00119728 0.00327116 0.00622632 0.95609933
 0.00710841 0.00245421 0.01507578] [3.0334119e-04 2.0846605e-04 8.0236197e-05 1.2726794e-04 9.9775982e-01
 7.4244122e-04 2.5751919e-04 3.6846433e-04 1.5241670e-04] [0.00112502 0.01331448 0.96709466 0.00199778 0.00379247 0.00266169
 0.00254987 0.00219621 0.00526787] [3.09434312e-04 9.61271580e-04 2.05100980e-04 1.27413630e-04
 9.97627318e-01 3.39432852e-04 1.84782592e-04 1.08287066e-04
 1.37021940e-04] [0.01322604 0.00785803 0.0078344  0.01115184 0.00668292 0.03562819
 0.02672377 0.01370959 0.8771852 ] [0.00698979 0.00856013 0.08906969 0.05756117 0.6802206  0.12081412
 0.01507827 0.01335349 0.00835268] [0.01166251 0.05831376 0.0149151  0.01471567 0.01325387 0.02961851
 0.01834919 0.01376454 0.82540685] [3.3448174e-04 5.0046504e-04 3.3992536e-03 2.9900810e-04 7.4676861e-04
 2.7253237e-04 9.9384016e-01 2.2076868e-04 3.8660163e-04] [1.3717177e-03 9.8289639e-01 3.1243204e-03 9.6319983e-04 1.1810216e-03
 5.8014062e-03 2.2132425e-03 1.7867347e-03 6.6197268e-04] [2.69143115e-04 2.69142591e-04 4.11048299e-04 3.12438118e-04
 9.97846007e-01 4.11721761e-04 1.39041455e-04 1.11656496e-04
 2.29815007e-04] [0.00922298 0.00287875 0.08685301 0.82711315 0.00380401 0.01377902
 0.01128941 0.00353742 0.04152229] [5.6256176e-05 1.8094145e-04 1.0634799e-04 3.0044711e-04 1.6804060e-04
 2.3928800e-04 9.9855167e-01 1.1429915e-04 2.8273292e-04] [0.12381903 0.16985206 0.09990332 0.04356618 0.03502857 0.32412836
 0.08381027 0.07651209 0.04338014] [0.09018186 0.3061611  0.23489629 0.05816602 0.03064562 0.05104238
 0.10070073 0.06568278 0.06252322] [0.00413604 0.00442001 0.0017294  0.00496311 0.00403749 0.02542695
 0.0063569  0.02162861 0.9273015 ] [9.9154609e-01 4.7445201e-04 2.8155961e-03 2.7800270e-04 7.2887645e-04
 1.1633241e-03 5.0950563e-04 1.5519534e-03 9.3223382e-04] [3.5986339e-03 9.6792161e-01 1.7946038e-02 3.3445691e-03 2.0386276e-03
 1.6125764e-03 1.5301488e-03 1.5590178e-03 4.4877964e-04] [0.01535551 0.02754736 0.02078683 0.01684642 0.00726032 0.8800116
 0.00819073 0.00841023 0.01559097] [9.97258067e-01 2.70000717e-04 1.97724105e-04 1.21746576e-04
 2.31431331e-04 4.73263586e-04 1.63058852e-04 2.63510359e-04
 1.02114922e-03] [1.2448368e-03 1.3919458e-03 1.9876335e-03 2.0280823e-03 9.8736548e-01
 1.8295358e-03 1.5352489e-03 6.6368567e-04 1.9535793e-03] [2.9222190e-04 9.9740320e-01 7.1221427e-04 2.1157555e-04 1.8978826e-04
 3.2555530e-04 6.1624899e-04 1.0706626e-04 1.4212722e-04] [4.3841517e-03 9.8084050e-01 2.6555518e-03 3.1448600e-03 9.0738048e-04
 1.2573185e-03 1.8149486e-03 8.9648762e-04 4.0987926e-03] [0.01396631 0.01896941 0.01920916 0.08947039 0.01312085 0.6810954
 0.05819016 0.05505896 0.05091935] [1.1689150e-03 9.9108543e-04 5.1636365e-04 4.6529677e-03 2.8461388e-03
 4.2636422e-03 9.7266960e-01 9.0866704e-03 3.8045992e-03] [9.9337363e-01 3.9649845e-04 1.6102061e-03 3.5152159e-04 3.5096140e-04
 1.1452255e-04 5.4367766e-04 3.9443717e-04 2.8645440e-03] [1.9093150e-03 2.1668121e-03 5.0227907e-03 8.7753840e-04 2.6829382e-03
 1.3342299e-02 1.4898703e-03 9.6927053e-01 3.2379390e-03] [3.9340492e-04 9.9508107e-01 1.2570722e-03 5.1219616e-04 3.8547875e-04
 8.7074348e-04 4.0316366e-04 3.2808236e-04 7.6878647e-04] [1.0221561e-03 4.3745304e-04 9.4712561e-04 4.2801201e-03 6.4658030e-04
 1.5734925e-03 2.4369080e-03 1.8024773e-03 9.8685372e-01] [0.03235158 0.02047948 0.76734054 0.00825408 0.01473022 0.05262173
 0.04106654 0.03213397 0.0310219 ] [9.9893373e-01 4.2710706e-04 1.7837629e-04 3.1515141e-05 5.4726661e-05
 9.2636466e-05 9.5368276e-05 8.2045379e-05 1.0443895e-04] [3.5058329e-04 3.8844539e-04 9.5776841e-04 3.0343130e-04 3.1407698e-04
 9.9634153e-01 1.3812582e-04 4.1619790e-04 7.8978535e-04] [5.9818820e-04 8.7039563e-04 2.9049025e-04 8.4447529e-04 1.4318397e-03
 4.4527845e-04 1.3878130e-03 9.9284875e-01 1.2827927e-03] [0.01562935 0.04763757 0.0248471  0.0542636  0.0333589  0.58967775
 0.02206516 0.02830543 0.18421517] [0.00541283 0.01073047 0.02156764 0.0644657  0.05267045 0.07499865
 0.0311188  0.01049675 0.7285387 ] [9.9597317e-01 5.3269992e-04 1.1100959e-03 2.7296311e-04 5.3451228e-04
 8.4276206e-04 3.1227432e-04 1.7529853e-04 2.4615871e-04] [2.06718425e-04 1.00178375e-04 1.90590916e-04 1.92528110e-04
 1.31535257e-04 2.02809082e-04 6.82510901e-04 9.97756541e-01
 5.36607346e-04] [0.00127843 0.0024329  0.00231437 0.00701344 0.9638226  0.00713046
 0.0033212  0.00316803 0.00951851]",8 2 6 3 3 5 5 4 2 3 3 0 7 3 1 8 4 5 8 7 4 5 5 5 6 0 8 4 2 3 4 0 2 4 2 6 2 0 7 6 3 6 1 4 2 4 6 4 2 8 1 7 5 2 0 1 1 7 8 3 0 6 1 4 7 3 1 3 8 2 5 8 1 1 0 2 1 0 6 6 2 7 4 8 8 3 8 3 1 6 3 4 8 3 5 2 0 1 7 2 0 4 8 6 3 5 0 6 4 8 0 7 7 7 7 6 7 3 1 5 4 3 5 1 5 0 8 5 0 2 4 5 3 0 7 7 5 0 3 6 5 1 2 8 0 7 0 3 5 2 4 7 0 1 1 6 2 1 8 7 1 6 2 5 6 8 6 7 3 6 8 6 5 6 2 7 8 3 4 5 4 2 4 8 4 8 6 1 4 3 6 2 2 8 0 1 5 0 4 1 1 5 6 0 7 1 8 2 0 5 7 7 3 0 7 4
1468,4,xgboost,0.02,5000,5000,0.8703703703703703,0.99047550154321,"[0.02355812 0.67842954 0.12066264 0.03163799 0.02979608 0.02877892
 0.05549941 0.01031062 0.02132666] [0.00409622 0.00166345 0.04805077 0.9242511  0.00264668 0.00730065
 0.00183538 0.00748153 0.00267423] [0.01044383 0.00982018 0.04833953 0.35950044 0.01242487 0.14387256
 0.0479096  0.2533343  0.11435466] [5.1185192e-04 7.2950788e-04 2.1459849e-04 5.6627236e-04 2.2090228e-04
 9.9577016e-01 8.0054050e-04 3.5532902e-04 8.3077006e-04] [0.00617208 0.0041198  0.02406849 0.00249911 0.00472698 0.01510214
 0.00778087 0.9269142  0.00861634] [0.07898289 0.0490016  0.02458799 0.07655314 0.5052681  0.13441254
 0.04019535 0.0394477  0.05155073] [6.6010276e-04 2.3107658e-04 3.0382437e-04 5.1148352e-04 5.2398315e-04
 9.9387276e-01 8.6362293e-04 5.1711459e-04 2.5161037e-03] [0.01110735 0.00204748 0.00150911 0.00803826 0.0025189  0.5540964
 0.004659   0.00271117 0.4133123 ] [0.00815548 0.03852856 0.03234918 0.82653695 0.00957088 0.03726003
 0.01375041 0.01902296 0.01482554] [1.2783281e-04 9.9811757e-01 7.2533195e-04 1.3405173e-04 1.0596066e-04
 2.7130815e-04 2.4796405e-04 2.0507265e-04 6.4984422e-05] [0.7129689  0.00816475 0.20103902 0.04963446 0.00292813 0.01504916
 0.00234924 0.00451265 0.00335372] [0.00575096 0.00386945 0.02502988 0.9444244  0.00254015 0.00449255
 0.00259408 0.00550923 0.00578928] [0.00185983 0.00149465 0.00363599 0.00989851 0.00177435 0.00498286
 0.01693333 0.00203805 0.95738244] [1.2967095e-04 1.9111634e-04 2.0634019e-04 4.1992296e-04 9.9776375e-01
 1.4067664e-04 1.5820138e-04 4.9301726e-04 4.9728202e-04] [0.04537042 0.08626941 0.06419192 0.08740179 0.0840843  0.0815715
 0.15894751 0.18054941 0.21161368] [7.1047762e-05 1.4822475e-04 1.7654241e-04 7.3736926e-05 9.9898022e-01
 8.4355052e-05 2.1566512e-04 1.1370748e-04 1.3648516e-04] [0.0285395  0.02787331 0.0242845  0.33593822 0.03078412 0.16836637
 0.05411682 0.04059886 0.2894983 ] [0.02522693 0.57434595 0.01012268 0.00935744 0.07219801 0.15140194
 0.01679991 0.02632446 0.11422271] [0.01716444 0.24485235 0.05603993 0.16048823 0.08703445 0.20301607
 0.03364909 0.03369757 0.1640579 ] [5.2440941e-04 9.9571532e-01 5.7911524e-04 4.6301723e-04 2.0958799e-04
 2.2214158e-04 1.6829654e-03 3.1074899e-04 2.9265977e-04] [9.98834312e-01 1.29221895e-04 2.53054866e-04 1.24088154e-04
 9.22540712e-05 2.63791211e-04 1.14115704e-04 1.16546806e-04
 7.26121434e-05] [6.2039937e-04 9.8860407e-01 5.1985472e-03 3.2365944e-03 1.0056059e-04
 1.0224716e-03 2.5505538e-04 4.9855094e-04 4.6379390e-04] [0.03775699 0.07879856 0.64638513 0.11440578 0.0144102  0.04788695
 0.02385581 0.02442714 0.0120734 ] [9.9234641e-01 6.5745239e-04 5.3384533e-04 7.4610463e-04 1.0193831e-03
 1.3440076e-03 9.7923889e-04 6.3029717e-04 1.7432064e-03] [0.02416408 0.01683199 0.11791653 0.5752888  0.04353888 0.05177503
 0.02301383 0.07083007 0.07664078] [0.02918295 0.0309608  0.03210256 0.03882784 0.74074113 0.02814188
 0.04841628 0.0313622  0.02026437] [0.02263995 0.61116934 0.02076375 0.09922396 0.02596788 0.03174529
 0.08422502 0.04513609 0.05912868] [1.17562864e-04 9.97561455e-01 1.28701958e-03 5.38750144e-04
 8.58267085e-05 1.21236073e-04 7.73716238e-05 1.29533058e-04
 8.12096696e-05] [2.2607243e-04 3.4065318e-04 5.1027123e-04 8.2032112e-03 8.6378008e-03
 8.5876280e-01 5.3950999e-04 2.8862635e-04 1.2249103e-01] [3.0333956e-04 1.1313820e-03 3.0397548e-04 5.0287001e-04 8.1819750e-04
 4.3742466e-04 2.9162227e-04 9.9593204e-01 2.7916103e-04] [0.04928875 0.10902346 0.23774047 0.21435785 0.2619197  0.04850528
 0.03332223 0.02956759 0.01627465] [0.01343798 0.28516918 0.03502873 0.04626938 0.0428405  0.12444717
 0.01865815 0.05480072 0.3793482 ] [0.07395583 0.07042135 0.03827351 0.22817926 0.05963333 0.10316823
 0.07561629 0.06412064 0.28663155] [2.3087854e-03 1.6942214e-03 9.1691129e-04 9.8192143e-01 1.5008689e-03
 2.7564310e-03 2.6299465e-03 1.1646885e-03 5.1067416e-03] [1.2976954e-04 2.3645627e-04 2.4654833e-04 3.9063723e-04 1.6552393e-04
 5.0766120e-04 1.0483082e-04 9.9765611e-01 5.6242163e-04] [2.0055106e-04 1.5998643e-04 9.3045819e-05 2.3330694e-04 9.9798381e-01
 8.8244276e-05 2.0370616e-04 3.7233683e-04 6.6500972e-04] [6.7931524e-04 2.2854218e-03 2.7694658e-03 2.3747396e-03 1.6565720e-03
 3.0345486e-03 9.8341519e-01 6.7566475e-04 3.1090600e-03] [0.04626052 0.01714626 0.05779969 0.3059393  0.01921024 0.02439421
 0.04861061 0.02052579 0.4601134 ] [2.2480194e-04 6.4325507e-04 7.5497001e-04 1.1163758e-03 9.9541736e-01
 3.8195052e-04 4.7878831e-04 4.4258154e-04 5.3991767e-04] [0.00520482 0.95179325 0.00195377 0.000987   0.02692938 0.00270158
 0.0029078  0.00587361 0.00164877] [0.02279779 0.01398713 0.90786546 0.01259332 0.00811661 0.00978536
 0.00853541 0.00753118 0.00878773] [9.9009985e-01 1.4813439e-03 2.1133188e-03 1.8646629e-04 4.7940642e-04
 7.3315756e-04 7.9810759e-04 5.6810002e-04 3.5402772e-03] [0.5464964  0.09981339 0.15573405 0.01696452 0.02974063 0.02472881
 0.02538344 0.03315544 0.06798339] [6.5190397e-04 6.2736956e-04 1.2054980e-03 9.9378139e-01 3.2515734e-04
 8.3009899e-04 1.1024867e-03 5.7369820e-04 9.0244593e-04] [9.9672002e-01 5.2063219e-04 4.3495596e-04 1.6293311e-04 2.9271352e-04
 4.7438018e-04 6.4362743e-04 5.0520577e-04 2.4557931e-04] [0.0293173  0.0121814  0.317543   0.05380782 0.04124493 0.01411883
 0.0123265  0.01380607 0.50565416] [6.4046454e-04 5.2689912e-04 1.1599129e-03 2.3255664e-01 1.4647362e-03
 5.3752577e-03 1.6027978e-03 1.7340087e-03 7.5493932e-01] [0.00433521 0.00284942 0.01128916 0.00559863 0.00203517 0.01740961
 0.02031476 0.01316209 0.9230059 ] [0.01969149 0.02792585 0.01870531 0.01797184 0.85632014 0.00922807
 0.02156584 0.01384313 0.0147483 ] [3.3949732e-04 2.5806372e-04 3.2232964e-04 3.4724429e-04 9.9780542e-01
 2.0983795e-04 1.6957740e-04 1.7799680e-04 3.7000663e-04] [0.03727051 0.01447298 0.03490561 0.0285873  0.03750215 0.099907
 0.55326194 0.07395696 0.12013557] [0.01056614 0.02113249 0.8683239  0.01306033 0.01586533 0.02758577
 0.01411309 0.01112369 0.01822927] [0.02652183 0.01969995 0.9166485  0.00801521 0.0053599  0.00488398
 0.00903483 0.0032898  0.00654593] [0.00557758 0.02363183 0.89873505 0.02257988 0.00690744 0.01192088
 0.00713596 0.00853778 0.0149736 ] [5.1988597e-04 9.9730009e-01 4.7769590e-04 2.8332233e-04 2.9072270e-04
 2.7929881e-04 2.3730379e-04 2.8935709e-04 3.2237938e-04] [2.2784199e-04 8.4661157e-04 5.5052986e-04 1.6011510e-04 9.9669880e-01
 3.9968983e-04 2.1353393e-04 4.5674798e-04 4.4612188e-04] [0.00572624 0.00405053 0.02400503 0.93126255 0.00184484 0.00310528
 0.02038792 0.0021006  0.00751706] [1.5160617e-04 1.0769646e-04 6.9930946e-05 8.8311848e-04 9.9715769e-01
 7.4336148e-04 5.0185417e-04 1.2706904e-04 2.5764250e-04] [9.9265444e-01 6.1102229e-04 4.8465363e-04 3.8426800e-03 5.9288257e-04
 2.5420217e-04 3.3810662e-04 5.3237297e-04 6.8961392e-04] [0.23573026 0.09606338 0.04678632 0.06363469 0.0357281  0.19015285
 0.06645006 0.02789432 0.23756002] [9.9943930e-01 4.8098304e-05 8.8609268e-05 3.9994404e-05 7.2141127e-05
 9.7093623e-05 4.1977739e-05 8.5789230e-05 8.7004126e-05] [0.01779122 0.01791871 0.05219924 0.10857202 0.01115223 0.0710853
 0.01214467 0.02319995 0.6859366 ] [0.00307089 0.00267426 0.97706443 0.00791164 0.00124301 0.00143676
 0.00229151 0.00313723 0.00117026] [0.01312409 0.07771606 0.68015033 0.0844099  0.01658806 0.03831107
 0.02738667 0.04157187 0.02074197] [0.01243204 0.0483161  0.01189372 0.31030387 0.04346699 0.11874126
 0.05105438 0.2305685  0.17322317] [1.4097247e-03 6.7769468e-04 8.7579148e-04 4.8826609e-04 5.2860391e-04
 6.2727998e-04 4.9052545e-04 9.9463367e-01 2.6841561e-04] [9.9716514e-01 3.5907648e-04 2.8237724e-04 9.1733981e-04 5.3058373e-04
 1.7715733e-04 1.2776336e-04 2.6434308e-04 1.7624901e-04] [2.2262496e-04 9.9702495e-01 7.1570807e-04 1.7035179e-04 1.0083148e-04
 4.5327653e-04 1.0347283e-03 1.2861795e-04 1.4888943e-04] [0.04897847 0.01826447 0.03615175 0.09024463 0.02538071 0.21196218
 0.04667605 0.07157521 0.45076656] [6.6044282e-05 1.3579481e-04 6.2000865e-05 8.2037055e-05 9.5381802e-05
 3.9371327e-04 9.9894005e-01 9.0383997e-05 1.3456700e-04] [2.7414964e-04 5.4382574e-04 8.6007616e-04 9.9536091e-01 2.4370103e-04
 9.6972572e-04 3.4400864e-04 5.6603149e-04 8.3759968e-04] [8.7089509e-05 6.9048830e-05 3.8250546e-05 6.4910954e-04 4.1040563e-05
 2.8372588e-04 9.9877387e-01 3.9342842e-05 1.8546069e-05] [2.3874894e-03 5.0484191e-04 1.1624393e-02 9.8118252e-01 4.4965290e-04
 9.0260041e-04 9.1551204e-04 4.3226880e-04 1.6007024e-03] [1.3939176e-04 8.7286979e-05 7.0452938e-05 8.1319064e-05 1.5419451e-04
 4.0065963e-04 9.9854988e-01 1.4707015e-04 3.6978122e-04] [1.4093647e-03 2.2045805e-03 1.8123263e-02 1.1096646e-03 9.7300357e-01
 2.2044787e-03 4.8144796e-04 1.0231135e-03 4.4057480e-04] [0.00177804 0.00158805 0.00177819 0.00845455 0.0015702  0.00300997
 0.00335935 0.93707645 0.04138518] [0.00442263 0.0032622  0.958647   0.01453977 0.00335704 0.00536423
 0.00245062 0.00225294 0.00570356] [7.0969475e-04 7.3795032e-04 4.6267387e-04 5.4084160e-04 4.8566479e-04
 2.7240794e-03 8.5452269e-04 9.9138618e-01 2.0984330e-03] [1.4059746e-03 9.8246461e-01 5.7711569e-03 1.8625000e-03 6.3585211e-04
 7.1546709e-04 8.5076276e-04 4.8405319e-03 1.4531320e-03] [0.10530192 0.07399395 0.08193513 0.05695311 0.08122486 0.20472923
 0.12850437 0.15524596 0.1121115 ] [2.3802568e-04 3.9164125e-04 3.9820159e-03 7.1986295e-05 9.9399382e-01
 3.3330978e-04 1.7278137e-04 4.4502737e-04 3.7137765e-04] [5.5943942e-04 3.4551232e-04 2.1777500e-04 2.8511303e-04 9.3498042e-05
 1.4255958e-04 9.9798846e-01 1.2695037e-04 2.4063780e-04] [2.5695108e-04 1.5649226e-04 9.9781525e-01 2.5105700e-04 1.3202224e-04
 7.1641203e-04 3.3315964e-04 2.6920924e-04 6.9406677e-05] [5.69527096e-04 9.97085869e-01 1.09929289e-03 2.53392442e-04
 1.66682905e-04 3.14537727e-04 1.95458910e-04 1.94574939e-04
 1.20729565e-04] [2.6201925e-04 2.8346412e-04 9.9837780e-01 2.8801154e-04 1.8649946e-04
 8.9132678e-05 2.1657208e-04 1.3786195e-04 1.5863788e-04] [2.7884467e-04 9.9861979e-01 1.0757373e-04 9.8667864e-05 6.8037240e-05
 1.3045364e-04 2.1091741e-04 1.4462505e-04 3.4113388e-04] [1.92782449e-04 9.98434484e-01 2.12365892e-04 1.03872946e-04
 2.90394062e-04 3.46881512e-04 1.99235757e-04 1.38489268e-04
 8.14888263e-05] [0.01971497 0.07025352 0.033073   0.00949766 0.00444857 0.8321409
 0.00615134 0.0077434  0.0169766 ] [1.5200430e-04 1.0955562e-04 1.1187462e-04 6.1448105e-04 9.0312438e-05
 1.2974672e-03 9.9712354e-01 3.3864437e-04 1.6215038e-04] [0.05150019 0.0622999  0.01629004 0.0106083  0.4559509  0.0203872
 0.03348022 0.01887303 0.33061028] [1.8243394e-03 1.0571212e-03 1.0818763e-03 3.5588551e-04 5.7158957e-04
 1.3850718e-03 2.4699004e-04 9.9313933e-01 3.3777504e-04] [0.02726876 0.02040613 0.0443736  0.47954622 0.02212714 0.0658951
 0.07922178 0.030676   0.23048525] [0.2088147  0.2856814  0.05583982 0.03697663 0.04077862 0.09563662
 0.04523211 0.18938567 0.04165447] [1.8075039e-04 3.6997700e-04 3.4815734e-04 2.3160230e-04 2.2207799e-04
 3.2137815e-04 2.8748126e-04 9.9790633e-01 1.3228017e-04] [1.0718947e-03 8.5951510e-04 1.1686295e-03 2.4354286e-03 1.7630588e-03
 3.7472683e-03 2.9669139e-03 3.8868557e-03 9.8210043e-01] [2.2259480e-04 1.6313301e-04 1.4441900e-04 3.0264893e-04 1.3745419e-04
 7.8398624e-04 6.1375694e-04 9.9686986e-01 7.6217816e-04] [0.01516946 0.04832413 0.7710484  0.02485194 0.00784833 0.00593944
 0.00499742 0.01028786 0.11153306] [0.8605532  0.0159864  0.06194127 0.0303307  0.00393447 0.01051854
 0.00289865 0.00905604 0.00478078] [2.5040607e-04 1.8415794e-04 2.0900073e-04 3.1820944e-04 1.7876559e-04
 4.8787720e-03 9.9300307e-01 6.8589021e-04 2.9170117e-04] [7.35713111e-04 1.52326145e-04 1.06780724e-04 1.90797233e-04
 9.97641802e-01 3.07244860e-04 2.50012090e-04 1.69439008e-04
 4.45942627e-04] [0.08072853 0.05893819 0.3520107  0.0962999  0.07470354 0.16300304
 0.05797026 0.03927602 0.0770698 ] [0.00829825 0.00385594 0.00729477 0.0352137  0.00381062 0.12295552
 0.7934702  0.00644924 0.0186518 ] [0.00648898 0.00420475 0.04120063 0.9047049  0.00204383 0.01084344
 0.02257134 0.00314274 0.00479937] [0.00632353 0.01048276 0.02494224 0.89723414 0.03266507 0.00567847
 0.00989642 0.00417138 0.00860599] [1.4233650e-04 5.0019805e-04 4.1451544e-04 9.9445437e-04 9.9627942e-01
 1.5057507e-04 1.0675096e-03 1.1127748e-04 3.3968748e-04] [1.9588972e-04 1.2173965e-04 1.0637620e-04 2.0708080e-04 2.2532731e-04
 3.1172842e-04 2.4345948e-04 9.9418277e-01 4.4056154e-03] [0.0455669  0.02823927 0.16773446 0.03026584 0.07171723 0.13771313
 0.03535641 0.03006892 0.45333785] [7.8585421e-05 2.9853347e-04 1.2873494e-04 6.4440166e-05 4.6309280e-05
 1.6739950e-04 9.9901927e-01 1.1288610e-04 8.3881663e-05] [1.3432000e-03 2.2983882e-03 5.9054175e-04 4.6187520e-04 5.5845483e-04
 9.9319309e-01 4.4321248e-04 4.9723318e-04 6.1404117e-04] [1.5983424e-04 1.5813053e-04 1.8179982e-03 9.9531388e-01 1.0199825e-04
 1.2407482e-03 1.8292871e-04 3.6920063e-04 6.5524905e-04] [7.8507309e-04 2.0026888e-03 9.8159558e-01 8.3378581e-03 9.7617868e-04
 1.3210347e-03 3.3235147e-03 7.1591215e-04 9.4209576e-04] [3.2893000e-03 1.8377603e-03 9.7979075e-01 1.0816099e-03 9.1422087e-04
 4.5211315e-03 1.5010646e-03 5.0413259e-03 2.0227821e-03] [0.05344736 0.09019753 0.62119496 0.03827032 0.03898219 0.09356186
 0.0188172  0.02832318 0.01720539] [0.9291961  0.02142906 0.00724491 0.00293018 0.00216719 0.02107178
 0.00445578 0.00519247 0.00631249] [0.00332846 0.00963131 0.92773986 0.01982874 0.00480118 0.00896465
 0.0161534  0.0028644  0.00668796] [3.2481037e-03 2.5301324e-03 7.4241607e-04 1.0937534e-03 1.0126221e-03
 1.4369311e-03 1.5343621e-03 9.8728508e-01 1.1165587e-03] [9.97259378e-01 4.14016424e-04 5.45723655e-04 9.66399384e-04
 1.74202331e-04 1.65008067e-04 1.92974883e-04 1.08739434e-04
 1.73477019e-04] [0.01666856 0.02608531 0.03084167 0.3496203  0.01732546 0.34582686
 0.01511439 0.02760921 0.17090823] [0.01299057 0.02686786 0.01915696 0.3587298  0.03794269 0.15899225
 0.01791551 0.12865135 0.238753  ] [9.5247856e-04 9.0783741e-04 9.8782557e-01 5.9220713e-04 2.7090951e-03
 1.4281743e-03 2.3991778e-03 9.9353236e-04 2.1919054e-03] [2.0751136e-04 1.2365842e-04 2.1785365e-04 1.9592482e-04 2.2476005e-04
 5.5289600e-04 2.3667915e-04 5.3603254e-02 9.4463742e-01] [1.0697676e-04 2.0037265e-04 9.9148056e-05 2.1637285e-04 9.9885392e-01
 1.1753996e-04 1.3071639e-04 1.7535011e-04 9.9618446e-05] [1.9530872e-04 3.7120102e-04 1.0711867e-04 1.3115515e-03 2.2692946e-04
 9.9629301e-01 4.8471353e-04 7.6140417e-04 2.4871257e-04] [0.02746089 0.05372572 0.35327822 0.06405209 0.06377045 0.213268
 0.05605526 0.09441298 0.07397641] [2.63398571e-04 9.98178363e-01 8.51849443e-04 1.38195173e-04
 1.59390736e-04 5.31900914e-05 1.19041855e-04 1.12616734e-04
 1.23932768e-04] [0.0043347  0.00475059 0.00488255 0.00429543 0.01896321 0.00978557
 0.00323178 0.00209567 0.94766045] [7.5596245e-04 9.8564655e-01 9.0983007e-03 3.6440289e-04 6.0959696e-04
 1.0948629e-03 1.0384209e-03 6.2448264e-04 7.6743599e-04] [9.9341723e-04 1.1101273e-03 5.5371705e-03 9.8785609e-01 4.3646147e-04
 1.4827615e-03 4.7864081e-04 3.1417329e-04 1.7912011e-03] [0.03846166 0.0672215  0.27390346 0.21653526 0.02733242 0.08465692
 0.15577687 0.04078513 0.09532673] [5.1749911e-04 5.0386664e-04 6.5430504e-04 6.7783147e-04 4.4805789e-04
 9.9258316e-01 8.5132703e-04 8.5775775e-04 2.9061579e-03] [0.11636677 0.01033643 0.01576838 0.06622731 0.01824751 0.64782786
 0.03047235 0.04933299 0.04542034] [1.2983378e-03 8.6877384e-04 8.6648064e-04 6.5563450e-04 1.2791436e-03
 9.9038190e-01 9.9499978e-04 2.1815659e-03 1.4731596e-03] [1.3843282e-04 2.3285284e-04 7.2895557e-05 4.5925120e-04 1.2783191e-04
 2.8335306e-04 9.9780208e-01 9.1447386e-05 7.9179776e-04] [0.00613097 0.00790918 0.01090897 0.00433045 0.9224286  0.020807
 0.0119753  0.01086412 0.00464546] [9.9257237e-01 1.0944551e-03 1.9592131e-03 5.9077860e-04 5.2883168e-04
 7.7395875e-04 7.5722317e-04 1.2076314e-03 5.1551039e-04] [0.03188661 0.03728275 0.01225265 0.09724446 0.03893971 0.18345636
 0.06296796 0.11115952 0.42481002] [5.2838461e-03 3.0627835e-04 6.1325816e-04 9.8724431e-01 4.2706437e-04
 3.8533644e-03 1.1615929e-03 2.3728875e-04 8.7296538e-04] [2.2754367e-03 9.9081504e-01 1.6572044e-03 7.4389088e-04 4.8913358e-04
 8.9423388e-04 9.7852154e-04 1.1294218e-03 1.0170571e-03] [4.9849339e-03 9.7706997e-01 8.1964703e-03 1.8634000e-03 2.3854873e-03
 1.4793102e-03 1.2428887e-03 1.8820381e-03 8.9553860e-04] [0.06738448 0.07315212 0.13580628 0.13758644 0.04198593 0.23962979
 0.1848356  0.02664504 0.09297427] [3.5340356e-04 1.4866187e-03 9.9292254e-01 5.5746472e-04 3.3278804e-04
 2.3423654e-03 7.4366643e-04 6.1340578e-04 6.4777065e-04] [6.1277620e-04 9.9261415e-01 1.7851664e-03 9.5597329e-04 1.3378124e-03
 1.2675698e-03 6.8358227e-04 2.7222108e-04 4.7069599e-04] [9.7355425e-01 8.2784034e-03 8.7733809e-03 1.4104987e-03 8.8876364e-04
 7.6380791e-04 2.6987586e-03 1.8558700e-03 1.7761928e-03] [0.00206627 0.00229054 0.00205443 0.00257101 0.00164061 0.01014179
 0.00373515 0.00178349 0.9737167 ] [0.02433803 0.01490904 0.0325341  0.07921279 0.04607811 0.62173724
 0.05127653 0.07695839 0.05295577] [0.00625222 0.00566996 0.02101585 0.01305857 0.00444127 0.005289
 0.04184156 0.01759017 0.8848414 ] [4.0767906e-04 7.0572691e-04 2.2409344e-03 6.0557347e-04 3.0092528e-04
 1.5682986e-03 5.0692708e-04 9.9300802e-01 6.5590360e-04] [0.0015109  0.96692175 0.00146556 0.00610352 0.01803461 0.00224869
 0.00108316 0.00125257 0.00137921] [0.02908602 0.05222148 0.02989689 0.03405995 0.03119161 0.62078327
 0.06600918 0.04174153 0.09501003] [1.7127801e-04 1.2768897e-04 1.3784812e-04 2.5102729e-04 1.6576170e-04
 2.6125123e-04 3.7841510e-04 9.9838066e-01 1.2603632e-04] [1.2280490e-02 9.7292942e-01 3.6569708e-03 8.5176207e-04 1.3034022e-03
 1.6572007e-03 1.9305198e-03 1.4300098e-03 3.9602062e-03] [0.07616699 0.14883597 0.10153881 0.05902826 0.10263301 0.22713727
 0.16652456 0.06979191 0.04834326] [9.9025738e-01 3.9800815e-04 2.3547393e-04 7.2401357e-03 1.7123399e-04
 5.2447588e-04 4.6613615e-04 4.5478347e-04 2.5232954e-04] [0.00187225 0.01963522 0.9603772  0.00180776 0.00130237 0.0086425
 0.0027208  0.00106244 0.00257939] [0.04502508 0.10685034 0.04313612 0.21970664 0.04537814 0.25463894
 0.14512055 0.07272304 0.06742112] [9.9623090e-01 5.8597932e-04 5.4110255e-04 3.3651662e-04 2.8970258e-04
 4.9544784e-04 2.9004319e-04 4.8691058e-04 7.4339128e-04] [3.2184165e-04 5.2738929e-04 1.5122823e-02 9.8100489e-01 3.1026301e-04
 2.5739084e-04 7.9243025e-04 1.5399160e-03 1.2302092e-04] [8.8350958e-04 9.2418218e-04 6.8427983e-04 1.7530774e-03 1.7523009e-03
 9.5452339e-04 8.0730361e-01 1.7290245e-03 1.8401544e-01] [0.00414795 0.9687673  0.00378956 0.00307235 0.00239773 0.00724314
 0.00458768 0.00265987 0.00333444] [3.3822467e-04 7.0398150e-04 1.7796021e-03 7.1460480e-04 9.9301034e-01
 3.6532723e-04 4.3003945e-04 2.3659684e-03 2.9190481e-04] [3.0857488e-03 3.3444949e-04 3.4747543e-05 4.8187768e-04 5.2693227e-05
 4.3294425e-04 9.8258579e-01 6.9480739e-05 1.2922302e-02] [2.20484115e-04 1.43271303e-04 8.62906309e-05 2.65825511e-04
 9.98650968e-01 8.19202105e-05 2.10916362e-04 2.30668622e-04
 1.09727625e-04] [5.4679651e-02 1.7618949e-03 3.8919819e-03 9.3612587e-01 8.5400441e-04
 5.2227988e-04 3.8245888e-04 1.2998190e-03 4.8203347e-04] [5.4715556e-04 6.1793654e-04 1.2195327e-03 1.3847268e-03 3.5845305e-04
 3.5848483e-04 6.7083479e-04 9.9128258e-01 3.5602648e-03] [3.6637601e-04 2.2298316e-04 6.0130173e-04 3.2578420e-04 2.4594789e-04
 1.7827965e-03 9.9359435e-01 6.6754076e-04 2.1929555e-03] [1.2112440e-04 6.2886812e-04 1.0828908e-04 8.1218946e-05 9.9848062e-01
 8.9437002e-05 1.0943283e-04 2.9682205e-04 8.4184314e-05] [1.6934943e-04 6.1735751e-05 7.6803481e-05 5.8196660e-05 4.1555239e-05
 6.8749097e-04 9.9875784e-01 9.1526599e-05 5.5497971e-05] [2.9925854e-04 3.6279208e-04 6.1795820e-04 2.0174820e-03 9.6629857e-04
 1.2313511e-03 1.0818918e-03 9.9132115e-01 2.1018884e-03] [0.02847958 0.01225988 0.52520037 0.01470201 0.3458153  0.01200843
 0.01606841 0.00937268 0.0360934 ] [3.5164721e-04 3.5624491e-04 3.0252745e-04 4.0404350e-03 3.9333187e-04
 3.1971009e-04 1.6594646e-03 9.9216366e-01 4.1298298e-04] [4.3715097e-04 8.5611880e-04 1.0395775e-03 1.6798063e-03 7.7784905e-04
 2.9029765e-03 9.9097192e-01 8.0937590e-04 5.2523846e-04] [3.9927996e-04 2.5174086e-04 9.9726093e-01 6.8391248e-04 2.2980143e-04
 2.3190015e-04 1.6514811e-04 7.2491443e-04 5.2392523e-05] [0.00828047 0.00388174 0.00477622 0.03693596 0.00571213 0.03741403
 0.79728085 0.00645346 0.09926511] [3.4409351e-04 1.0085857e-03 2.8978095e-03 4.5630895e-04 9.9358797e-01
 7.4605207e-04 3.5132264e-04 2.5990838e-04 3.4796138e-04] [2.5580788e-04 8.7373477e-04 1.3574470e-04 1.0729170e-03 2.5476611e-04
 9.9554574e-01 6.2985439e-04 1.9361096e-04 1.0377741e-03] [0.02773002 0.2826355  0.06725878 0.05253716 0.0339944  0.02300333
 0.23433995 0.01867532 0.2598255 ] [1.14711496e-04 3.17685190e-04 1.24393293e-04 3.65868065e-04
 4.41106129e-03 4.33144683e-04 2.97332503e-04 9.90217090e-01
 3.71874659e-03] [8.3350991e-05 1.0480681e-04 9.9552970e-05 1.3384607e-04 4.7737377e-04
 9.9869651e-01 1.7042400e-04 8.8065244e-05 1.4611433e-04] [3.3499461e-04 2.2167990e-04 7.0671528e-04 5.1642791e-04 2.7793305e-04
 9.9562562e-01 3.7563604e-04 6.0331682e-04 1.3376911e-03] [1.0764883e-03 3.5075273e-03 9.2083903e-04 1.0035305e-03 7.8651513e-04
 1.5668086e-03 3.6024448e-04 9.9016577e-01 6.1226811e-04] [2.1111664e-04 5.1731896e-04 3.6322424e-04 3.3649200e-04 1.5441499e-04
 9.1844931e-04 5.3934380e-04 2.6659458e-04 9.9669302e-01] [3.9052218e-05 1.2725212e-04 4.2023366e-05 1.2522670e-04 2.9805925e-04
 9.7963282e-05 9.9876201e-01 2.9345771e-05 4.7903115e-04] [0.00290231 0.00191081 0.00127668 0.01033364 0.0018342  0.00766075
 0.95572066 0.00455743 0.01380347] [9.9889392e-01 3.4657330e-04 9.5301111e-05 3.9732487e-05 5.0105198e-05
 5.2678279e-05 6.5973189e-05 1.7228157e-04 2.8346680e-04] [0.12761831 0.16679555 0.06897063 0.10189378 0.06991243 0.15264803
 0.15064311 0.10595778 0.05556043] [1.98507711e-04 2.15951863e-04 9.97506797e-01 6.40179904e-04
 1.16768686e-04 7.37302995e-04 2.81381013e-04 1.54492140e-04
 1.48619263e-04] [0.00185674 0.00339676 0.00231378 0.00401791 0.00284338 0.0093249
 0.00352685 0.00387246 0.9688473 ] [0.01098842 0.00559059 0.00281157 0.74808276 0.00732815 0.17674485
 0.03115748 0.00267881 0.01461733] [1.2507509e-04 7.6856311e-05 8.6326705e-04 5.8582082e-04 9.1377995e-05
 2.7999637e-04 2.4648823e-04 9.9703348e-01 6.9758791e-04] [0.89891285 0.0033442  0.04623703 0.00356662 0.00178038 0.01110944
 0.00440623 0.00552245 0.02512079] [1.5745292e-04 5.4549600e-04 4.5445218e-04 2.4552731e-04 2.1799217e-04
 3.3676045e-04 5.0726067e-04 9.8665905e-01 1.0876039e-02] [1.2552611e-03 2.3002489e-03 4.4451252e-02 9.4242239e-01 1.4532122e-03
 3.6167691e-03 2.3521360e-03 1.3856582e-03 7.6307135e-04] [0.00283868 0.00355569 0.02692619 0.9088677  0.00478614 0.02845757
 0.00596244 0.00236078 0.01624482] [2.0320891e-04 2.1806061e-04 2.6349904e-04 1.9761441e-04 9.9816209e-01
 3.0298953e-04 3.6297247e-04 1.5594749e-04 1.3363584e-04] [0.00311726 0.00955064 0.01379189 0.00845993 0.00322542 0.01662061
 0.00494021 0.9363913  0.00390275] [0.0475898  0.15117085 0.06131139 0.08815654 0.0361685  0.26273656
 0.03408611 0.02824693 0.29053336] [0.0029725  0.0055495  0.0397124  0.00262198 0.00694711 0.00481199
 0.00385276 0.9076146  0.02591718] [0.04059453 0.09953473 0.263082   0.10504322 0.15646224 0.17823574
 0.03540244 0.08627447 0.03537066] [9.9812680e-01 5.2168011e-04 1.4957701e-04 1.5957003e-04 5.8703707e-05
 4.8178394e-04 1.2985899e-04 1.4708765e-04 2.2490771e-04] [1.04734914e-04 9.28550508e-05 8.36388717e-05 3.41225765e-04
 9.98754978e-01 7.45695143e-05 1.09299654e-04 8.57833220e-05
 3.52884497e-04] [1.8746242e-03 1.1559499e-03 2.1061020e-03 7.3807855e-04 8.6474454e-04
 9.6969842e-04 2.6001930e-03 5.9722364e-04 9.8909342e-01] [1.4481565e-04 1.0831461e-04 1.1700551e-04 1.1154612e-04 9.9814379e-01
 3.4176954e-04 2.6484989e-04 1.0822747e-04 6.5969775e-04] [1.2950566e-04 2.4978680e-04 1.5942109e-04 1.4089244e-04 1.3598529e-04
 9.9597782e-01 1.4499942e-03 1.5795737e-04 1.5986712e-03] [0.16271375 0.00475513 0.01231827 0.00393385 0.00410313 0.00793873
 0.79619575 0.00365356 0.00438775] [2.0801914e-03 5.8052582e-03 7.2687876e-04 2.0158426e-03 6.7579088e-04
 8.5893702e-03 9.7810978e-01 8.3350140e-04 1.1633753e-03] [0.00724473 0.01082822 0.95735276 0.00985918 0.00178454 0.00192936
 0.00291024 0.00402032 0.00407066] [2.4662580e-04 1.1181100e-04 2.4226794e-04 1.8601687e-04 8.5542430e-05
 7.1939413e-04 9.9736458e-01 1.2441377e-04 9.1931882e-04] [0.00684416 0.00971008 0.00798917 0.00944948 0.00434868 0.01558096
 0.00544587 0.934149   0.00648255] [2.7024109e-04 1.6527777e-04 3.1275084e-04 9.9808866e-01 2.8507400e-04
 3.1969522e-04 1.3326091e-04 1.2908196e-04 2.9588045e-04] [1.4133491e-03 1.2438409e-03 9.8105317e-01 3.9077597e-03 1.1934235e-03
 6.6166543e-03 6.6955748e-04 8.7089941e-04 3.0313712e-03] [9.9688089e-01 1.0939143e-03 6.3398085e-04 1.7409735e-04 1.9279699e-04
 1.9644662e-04 2.4024425e-04 1.6458261e-04 4.2303157e-04] [0.0134068  0.9323257  0.01370673 0.01021275 0.00385151 0.00712279
 0.00345149 0.00291042 0.01301184] [4.3646808e-04 8.0890697e-04 6.8288605e-04 3.0922017e-04 9.9580514e-01
 2.0063587e-04 6.3801458e-04 3.2756705e-04 7.9115538e-04] [0.02819377 0.7070924  0.13639972 0.02587447 0.01805816 0.02464987
 0.03094339 0.01267334 0.01611483] [4.5111403e-04 1.6916840e-04 1.0261727e-04 1.7119711e-04 1.3530580e-04
 5.6684448e-04 9.9574345e-01 1.7049114e-04 2.4898357e-03] [9.9862003e-01 1.8464377e-04 2.7326317e-04 5.4974746e-05 2.1708995e-04
 1.9918729e-04 1.7046233e-04 1.8104757e-04 9.9299788e-05]",1 3 5 5 7 4 5 5 3 1 0 3 8 4 8 4 3 5 8 1 0 1 6 0 3 4 1 1 5 7 2 8 8 3 7 4 6 3 4 1 2 0 1 3 0 8 3 8 4 4 6 2 2 2 1 4 3 4 0 5 0 8 2 2 5 7 0 1 8 6 3 6 3 6 4 7 2 7 1 0 4 6 2 1 2 1 1 5 6 8 7 5 0 7 8 7 2 0 6 4 8 6 3 3 4 7 8 6 5 3 2 2 2 0 2 7 0 5 3 2 8 4 5 8 1 8 1 3 2 5 8 5 6 4 0 8 3 1 1 3 2 1 0 8 5 8 7 1 5 7 1 1 0 2 3 0 3 6 1 4 6 4 0 7 6 4 6 7 2 7 6 2 6 4 5 8 7 5 5 7 8 6 6 0 0 2 8 5 7 0 7 3 3 4 7 5 7 5 0 4 8 4 5 6 6 2 6 7 3 2 0 1 4 7 6 0
1468,0,xgboost,0.02,10000,10000,0.875,0.9864245756172841,"[1.3692555e-03 6.3822622e-04 1.2491025e-03 5.3116991e-03 8.8838412e-04
 9.7631115e-01 1.1496644e-02 8.9822715e-04 1.8372986e-03] [0.22065143 0.05609032 0.0899782  0.07405162 0.09131168 0.1728457
 0.12809743 0.14440131 0.02257235] [2.4647653e-04 2.8521102e-04 3.8431056e-03 9.8624891e-01 2.5992471e-04
 6.8965806e-03 6.3259574e-04 7.1554905e-04 8.7165280e-04] [0.02076713 0.01071998 0.09534723 0.7051836  0.01285903 0.01361988
 0.01073505 0.12147833 0.00928973] [1.2950892e-04 2.4201862e-04 1.1040022e-04 9.6505151e-05 6.2322972e-05
 2.9769426e-04 9.9841940e-01 4.0942058e-04 2.3270510e-04] [1.3721592e-04 1.0584125e-03 9.9728417e-01 7.1521552e-04 1.9309307e-04
 2.3745871e-04 1.7424287e-04 1.2823309e-04 7.1929979e-05] [0.0062857  0.01430406 0.00583783 0.0090673  0.0068304  0.00393647
 0.01545748 0.00339563 0.9348852 ] [2.8134280e-04 9.9685872e-01 6.7277823e-04 3.1012736e-04 3.0398369e-04
 6.1790639e-04 4.2961593e-04 2.3628032e-04 2.8927735e-04] [9.9757186e-04 1.8004505e-03 8.5042638e-04 1.1895197e-03 5.2256149e-04
 1.0669667e-03 1.3315637e-03 9.9138606e-01 8.5488893e-04] [1.8315231e-03 1.6715679e-03 3.3174483e-03 3.3352827e-03 9.7755927e-01
 1.8015663e-03 2.1464350e-03 7.6861107e-03 6.5075554e-04] [2.4791819e-04 2.7269855e-04 2.7104878e-04 1.1641286e-04 9.9800617e-01
 1.6188643e-04 1.3408178e-04 6.8714487e-04 1.0269971e-04] [0.00407923 0.00314668 0.00575564 0.9708474  0.00455954 0.00442601
 0.00224363 0.00289798 0.00204394] [0.9180962  0.01475539 0.01087198 0.01297029 0.00353018 0.01401792
 0.007232   0.01596042 0.00256562] [0.0048487  0.00360441 0.00836057 0.00647866 0.00362558 0.00652901
 0.00828211 0.00781809 0.9504529 ] [9.8350108e-01 8.4317342e-04 2.2017488e-03 6.7912322e-04 1.1719860e-03
 1.3217079e-03 1.4494299e-03 1.6469685e-03 7.1848049e-03] [0.01769148 0.03254782 0.01238241 0.0178875  0.01757662 0.22174604
 0.01930496 0.01439731 0.64646584] [0.00095706 0.00155147 0.00459381 0.9216711  0.00228902 0.01558865
 0.00199539 0.03801562 0.01333788] [0.04536459 0.01101727 0.02516416 0.8584021  0.00851931 0.00881346
 0.00617042 0.02316344 0.01338533] [1.5131446e-03 1.5116415e-04 6.3656870e-04 1.9655708e-04 1.4677594e-04
 1.1318908e-04 2.1882114e-04 9.9657047e-01 4.5332924e-04] [0.00838513 0.00989248 0.01202274 0.00261589 0.11164848 0.00437315
 0.00833015 0.83777016 0.00496175] [1.1352554e-03 9.7984731e-01 9.1880569e-03 1.5231241e-03 1.1138669e-03
 1.5897219e-03 2.8026493e-03 2.0824613e-03 7.1756478e-04] [4.3029708e-04 9.9583828e-01 5.0505257e-04 4.6296447e-04 4.7551232e-04
 2.8664700e-04 4.5390474e-04 8.2328974e-04 7.2404259e-04] [1.6312217e-04 2.0751012e-04 6.7436100e-05 5.2251387e-04 5.9316557e-05
 2.2816363e-04 9.9802881e-01 4.9474605e-05 6.7368837e-04] [0.0049629  0.0548293  0.01021731 0.01416049 0.00951418 0.02660484
 0.01257913 0.00396483 0.863167  ] [9.9696070e-01 3.8230728e-04 1.0857993e-03 1.0461448e-04 1.1176200e-04
 2.3699240e-04 1.7566624e-04 4.6369544e-04 4.7844299e-04] [2.0117665e-04 1.9128446e-04 4.5240234e-04 5.6734902e-04 9.9643445e-01
 5.5761129e-04 8.6803577e-04 3.5798943e-04 3.6974903e-04] [0.00143939 0.00225951 0.9776139  0.00916306 0.00129724 0.0015872
 0.00305503 0.0022472  0.00133738] [2.7242833e-04 7.6141598e-04 5.7528139e-04 2.8738406e-04 9.9494559e-01
 2.3790576e-04 1.8789461e-04 1.6628992e-04 2.5658538e-03] [0.05239724 0.01208331 0.01419104 0.09911063 0.01687369 0.2088634
 0.00859305 0.07237945 0.5155082 ] [4.6786573e-04 9.9408913e-01 1.0551409e-03 8.0796325e-04 9.4483717e-04
 6.3959911e-04 9.9726848e-04 5.9527485e-04 4.0299652e-04] [4.7691740e-04 3.6470173e-04 1.5221709e-04 2.4705061e-03 2.1439088e-04
 1.1125922e-02 3.4971710e-04 9.8408186e-01 7.6381449e-04] [0.00298285 0.00912493 0.00295219 0.01071163 0.00647282 0.01267233
 0.00812079 0.0050699  0.94189256] [1.1173392e-03 3.8203690e-03 2.0815008e-03 1.3547781e-03 9.8778409e-01
 7.3954300e-04 6.9503061e-04 5.1792321e-04 1.8894279e-03] [0.00570902 0.0053937  0.00573624 0.0072632  0.00480514 0.02105704
 0.00767498 0.00836376 0.93399686] [9.99204576e-01 5.99259401e-05 1.11282156e-04 6.03816661e-05
 5.84378067e-05 5.22069131e-05 1.13227397e-04 8.93100005e-05
 2.50647194e-04] [0.03620464 0.01598502 0.06595021 0.31637612 0.02418331 0.29026622
 0.0111091  0.02401854 0.21590687] [9.1975566e-04 8.8585156e-04 2.5435768e-03 9.8376912e-01 9.5347024e-04
 7.4575772e-04 5.6152986e-03 2.6818474e-03 1.8853773e-03] [0.973975   0.0046072  0.00480537 0.00336143 0.00156314 0.00331358
 0.00325507 0.00119456 0.00392468] [0.01526963 0.01651179 0.86013275 0.0141769  0.00854512 0.04051047
 0.01110856 0.00850187 0.02524295] [0.00442105 0.00421554 0.00950979 0.8796309  0.00592661 0.05207023
 0.01885363 0.00584234 0.0195299 ] [6.0457125e-04 8.6843531e-04 7.8370603e-04 1.1545690e-03 1.4824802e-03
 2.1970239e-03 7.9631410e-04 7.9606049e-04 9.9131680e-01] [0.00145962 0.01330444 0.00246662 0.00833808 0.0024778  0.00233438
 0.00124568 0.9604045  0.00796888] [3.4914113e-04 2.1866955e-04 9.9511683e-01 2.6827480e-03 3.4494323e-04
 4.2665380e-04 2.9296763e-04 2.0518550e-04 3.6284409e-04] [1.9849667e-04 2.8697966e-04 6.5693649e-04 3.6408810e-04 9.8621053e-01
 3.0846204e-04 6.8205100e-04 1.1005494e-02 2.8701659e-04] [1.03638464e-04 9.97904539e-01 8.13525054e-04 1.95614368e-04
 1.13307098e-04 3.95750540e-05 8.67474082e-05 2.06385448e-04
 5.36658277e-04] [1.4878063e-03 4.3777670e-04 8.1918167e-04 1.3243365e-03 2.8457809e-03
 2.0244268e-03 9.8933768e-01 5.8461807e-04 1.1384329e-03] [0.00603757 0.00506722 0.00265588 0.06038986 0.0081802  0.0955696
 0.01606441 0.58274907 0.22328618] [9.9356329e-01 1.0049850e-03 7.5518683e-04 9.5832156e-04 8.2347414e-04
 6.7621976e-04 4.9443817e-04 5.3682533e-04 1.1872788e-03] [7.0171343e-04 9.9110365e-01 2.2654643e-03 2.0607233e-03 2.9651768e-04
 2.3386041e-03 2.5254177e-04 6.9480366e-04 2.8600363e-04] [2.6482000e-04 6.6690787e-05 8.8623761e-05 2.2187531e-03 9.0278423e-05
 9.9650466e-01 1.5658778e-04 1.4009130e-04 4.6951388e-04] [0.03232531 0.24464577 0.11937228 0.15658687 0.02598624 0.09951051
 0.03976679 0.0245459  0.2572603 ] [4.2575289e-04 8.6683081e-04 9.9384636e-01 3.1351177e-03 3.5699818e-04
 2.7439665e-04 1.9553847e-04 7.1046734e-04 1.8850178e-04] [0.0035019  0.97578365 0.00754631 0.00184881 0.00425908 0.0024022
 0.00109156 0.00141355 0.00215292] [0.0241385  0.04096181 0.06113094 0.0612839  0.04581055 0.11589564
 0.06804149 0.07176321 0.510974  ] [8.1826915e-04 1.1400303e-03 4.1742809e-04 1.0568155e-03 9.9054974e-01
 1.0121997e-03 1.6130456e-03 1.3895698e-03 2.0029594e-03] [0.02108966 0.00352308 0.00269289 0.00574455 0.00557842 0.06113458
 0.00561445 0.8529115  0.04171086] [2.0821673e-04 2.5240352e-04 3.7509302e-04 9.8896968e-01 3.5520579e-04
 1.4406202e-03 8.3618460e-04 6.5403589e-04 6.9086025e-03] [3.0574051e-04 9.9078170e-04 9.8189229e-01 1.1500872e-03 3.2504002e-04
 1.3805312e-04 2.2431217e-04 1.4556702e-02 4.1697494e-04] [0.00960453 0.01537971 0.05811699 0.05158432 0.01872397 0.17396696
 0.01300641 0.0087706  0.6508465 ] [0.9152806  0.00327291 0.01270118 0.04326803 0.00151738 0.01005953
 0.0082049  0.00418933 0.00150615] [0.06111688 0.14575961 0.15104565 0.02792169 0.04831107 0.12202183
 0.09825248 0.02954747 0.31602332] [3.8954380e-04 3.5625559e-04 2.2249441e-03 1.2471176e-02 9.7877252e-01
 8.4522879e-04 4.0203441e-04 3.9181490e-03 6.2013778e-04] [1.0653652e-03 2.0814820e-03 1.6532886e-03 9.4272092e-04 1.0479678e-03
 1.0276845e-03 1.2747967e-03 9.7917503e-01 1.1731647e-02] [7.0194440e-04 2.0989068e-03 1.0230470e-03 1.8009207e-03 1.3574023e-03
 1.1222967e-02 9.6847636e-01 9.9182175e-04 1.2326700e-02] [0.00584626 0.00269254 0.9480733  0.0229883  0.00390894 0.0100732
 0.00228932 0.00241359 0.00171444] [5.7425199e-04 9.9368578e-01 5.9407140e-04 1.1857068e-03 7.3618419e-04
 2.5291328e-04 1.5668640e-03 1.1134160e-03 2.9080585e-04] [1.5504763e-04 9.9767476e-01 1.9542298e-04 8.1286242e-04 8.0286067e-05
 4.0428722e-04 8.9823567e-05 2.7156176e-04 3.1593931e-04] [0.02420265 0.04162615 0.02442226 0.04962539 0.02435819 0.1091245
 0.15101779 0.024732   0.55089104] [1.55807618e-04 1.14444745e-04 1.81400319e-04 4.46549384e-04
 1.85768717e-04 4.74613043e-04 1.30893590e-04 9.97144997e-01
 1.16556208e-03] [0.05417547 0.11191729 0.3199322  0.05637538 0.08867405 0.06296103
 0.06095207 0.04478968 0.20022282] [0.05559351 0.3786709  0.04947934 0.1357384  0.04980896 0.09038153
 0.05777079 0.03077074 0.15178588] [0.04979432 0.0272764  0.04654253 0.18373893 0.03090563 0.4529039
 0.05404492 0.02824202 0.12655129] [0.02996941 0.13604544 0.05108894 0.03744105 0.05232571 0.02024683
 0.05796352 0.02318102 0.5917381 ] [4.2595647e-04 1.9308506e-04 8.1639132e-04 1.6615712e-04 9.9667799e-01
 7.6940324e-04 1.6949890e-04 3.2129034e-04 4.6024250e-04] [0.02471873 0.02785636 0.8565865  0.00419198 0.01025951 0.01139079
 0.05756067 0.00545645 0.00197901] [1.15975694e-04 1.63280929e-04 2.63082504e-04 7.65118093e-05
 9.95843875e-05 3.86142026e-04 9.98432457e-01 3.51173978e-04
 1.11805261e-04] [1.17584306e-04 2.38282839e-04 8.67718772e-05 3.86138039e-04
 1.10309600e-04 1.26675551e-03 4.19049349e-04 9.48238730e-01
 4.91364226e-02] [0.00960623 0.00715087 0.02037352 0.84887457 0.00417956 0.03149048
 0.00986619 0.00556115 0.06289744] [0.00348344 0.00281264 0.93920994 0.01022886 0.01215622 0.0128966
 0.00953529 0.0049229  0.00475413] [7.0868101e-04 4.5317685e-04 4.4121337e-04 6.7932007e-04 1.7238045e-03
 9.2935323e-04 9.4116671e-04 9.9338359e-01 7.3965511e-04] [0.00501945 0.01846952 0.03152668 0.02947509 0.01186253 0.06517676
 0.03695701 0.01495829 0.7865547 ] [0.01097238 0.03078622 0.0205602  0.03567863 0.0257916  0.68795186
 0.02152808 0.01252933 0.15420167] [9.9841321e-01 1.1125216e-04 2.6739671e-04 2.5832167e-04 1.8006416e-04
 1.5132703e-04 2.0954089e-04 2.7465279e-04 1.3422259e-04] [4.4732398e-04 2.2346147e-04 8.7919332e-05 8.7705156e-04 3.6960939e-04
 1.7583574e-03 9.9466079e-01 3.8760688e-04 1.1879177e-03] [5.0543237e-04 9.9223423e-01 9.7873691e-04 6.3996069e-04 7.5702730e-04
 2.5359415e-03 1.2020350e-03 4.5193516e-04 6.9466681e-04] [9.9551600e-01 6.6903338e-04 3.1537807e-04 3.3656580e-04 7.7737903e-04
 3.0258775e-04 4.4994851e-04 1.0555172e-03 5.7757535e-04] [2.62427551e-04 8.68028364e-05 4.48952866e-04 9.97551382e-01
 1.10914894e-04 3.42761137e-04 2.86305323e-04 1.44839054e-04
 7.65659555e-04] [0.00913032 0.00193436 0.0076731  0.9567034  0.00559971 0.00969656
 0.0022275  0.00267399 0.004361  ] [5.1500060e-04 5.3378177e-04 4.7013559e-04 3.3579613e-04 9.9411219e-01
 2.2978389e-03 6.9550582e-04 3.0372693e-04 7.3598407e-04] [2.9488769e-04 3.1700736e-04 3.4598555e-04 1.6394451e-04 9.9694318e-01
 4.9706496e-04 1.8739501e-04 1.1497244e-03 1.0075891e-04] [0.00173177 0.9612558  0.01664118 0.00365051 0.00514496 0.00175137
 0.00447509 0.00250893 0.00284044] [0.00123745 0.0019984  0.00126852 0.00357406 0.00259649 0.00171907
 0.9783326  0.00245558 0.0068178 ] [0.10430464 0.09031083 0.15584956 0.09487434 0.08734691 0.21121736
 0.05887751 0.09733979 0.09987904] [0.00563385 0.00969729 0.03526165 0.0122739  0.00674626 0.00961258
 0.00394712 0.9002497  0.01657759] [5.7084585e-04 3.5845407e-04 4.2350762e-04 1.7275337e-04 1.9876035e-04
 9.9789375e-01 2.0116581e-04 9.3856324e-05 8.6916392e-05] [3.2968662e-04 5.8179465e-04 9.4509288e-04 5.5983849e-04 2.8225931e-04
 5.9209811e-04 6.8258407e-04 9.9568945e-01 3.3716805e-04] [2.8277771e-04 3.4737901e-04 4.8922189e-04 4.6813927e-04 3.1900889e-04
 1.5875689e-03 9.9494827e-01 5.2395317e-04 1.0336707e-03] [9.9763322e-01 9.0048875e-04 1.6798422e-04 4.5287318e-04 2.2489084e-04
 1.7785293e-04 8.3901359e-05 1.4481670e-04 2.1397561e-04] [3.2534639e-04 3.6498436e-04 1.3254810e-03 4.4153404e-04 9.9236226e-01
 5.4843939e-04 7.5292820e-04 3.4967379e-03 3.8232253e-04] [0.00494749 0.0864772  0.13022164 0.64673316 0.00675336 0.0074746
 0.01036392 0.09968551 0.00734307] [0.02893392 0.07535767 0.01835336 0.09432547 0.03339623 0.26467755
 0.06180745 0.17538667 0.2477617 ] [4.3583965e-05 4.4292228e-05 5.8152553e-05 8.0338745e-05 2.1037520e-04
 9.9885690e-01 1.2946327e-04 8.8707253e-05 4.8817351e-04] [9.9055636e-01 3.3834663e-03 7.2122709e-04 3.0706861e-04 7.2711735e-04
 1.6200232e-03 1.2375951e-03 5.9481151e-04 8.5230888e-04] [0.00659596 0.01009716 0.73678863 0.20780508 0.00711443 0.00566004
 0.00848055 0.00975005 0.00770813] [7.6271965e-05 9.5740681e-05 4.0190702e-05 9.1297214e-04 6.3608604e-05
 1.6343186e-04 9.9817050e-01 8.5372165e-05 3.9194085e-04] [0.833448   0.01759474 0.03698899 0.00728177 0.01093465 0.01320823
 0.03913388 0.0092242  0.03218561] [8.4485946e-04 6.3366573e-03 5.0606746e-03 2.0304888e-03 1.3452690e-03
 9.4434209e-03 9.4603312e-01 4.1147177e-03 2.4790788e-02] [9.9467355e-01 9.6748670e-04 1.1130236e-03 5.2109204e-04 5.7969976e-04
 4.2617021e-04 7.5885293e-04 3.4993113e-04 6.1019172e-04] [4.3126108e-04 4.0363785e-04 8.8627153e-04 1.2840632e-03 3.3159280e-04
 9.9374110e-01 7.5973093e-04 3.1707381e-04 1.8452458e-03] [0.1755096  0.32558584 0.09690699 0.2533799  0.02321535 0.02740186
 0.03817175 0.0504062  0.0094225 ] [0.05414678 0.1397542  0.39500156 0.15084094 0.04926886 0.0482973
 0.04550364 0.05065633 0.06653042] [9.6088479e-05 3.4672293e-04 1.9201254e-04 1.7240231e-03 2.0776063e-04
 2.4655708e-03 9.9412471e-01 2.0282307e-04 6.4026006e-04] [0.00821933 0.0033834  0.00680086 0.00441833 0.00325813 0.00874216
 0.00295315 0.00905421 0.9531704 ] [0.21277557 0.03142839 0.0799393  0.01948599 0.03253426 0.08223975
 0.01860581 0.0153296  0.5076613 ] [1.7367171e-03 8.5856649e-04 1.9355594e-03 6.7882645e-03 1.2169812e-03
 2.3881248e-03 9.2072360e-04 4.9546566e-03 9.7920036e-01] [0.01039689 0.03091282 0.0082316  0.17642322 0.01177107 0.69908005
 0.01028473 0.00525371 0.04764592] [1.5953945e-03 4.1156809e-04 1.1327658e-04 3.6330317e-04 1.2793901e-04
 2.0275295e-03 9.9451810e-01 1.7422286e-04 6.6871155e-04] [0.00531659 0.8928314  0.06085306 0.00506014 0.0112182  0.00469125
 0.00425733 0.0094692  0.00630289] [0.00599855 0.00266896 0.01114344 0.967975   0.00300974 0.00323672
 0.00299772 0.00128591 0.00168398] [0.02703749 0.02427147 0.02384673 0.11772897 0.03203012 0.17309809
 0.03549444 0.12076414 0.4457285 ] [0.0049893  0.00575613 0.00239937 0.00755434 0.00116426 0.00129121
 0.0010567  0.9746826  0.00110608] [0.05415624 0.06137211 0.04002477 0.23230338 0.06008452 0.17455262
 0.10519116 0.04301444 0.22930071] [5.9787933e-05 4.6733944e-04 1.2078346e-04 1.6312387e-04 3.5600350e-04
 2.5859491e-03 9.9477226e-01 7.6704237e-05 1.3980089e-03] [0.00959984 0.00814022 0.00458169 0.0135141  0.0041855  0.0374899
 0.01741134 0.0354082  0.8696692 ] [0.00161693 0.01770964 0.10335115 0.8622112  0.00217949 0.0053045
 0.00177885 0.00240195 0.0034463 ] [9.9996233e-04 1.6612223e-03 9.8574322e-01 4.5788493e-03 1.7869301e-03
 5.5237679e-04 1.5818422e-03 2.2995330e-03 7.9605810e-04] [2.0937543e-04 5.4436974e-04 9.8248268e-04 3.1214763e-04 3.0036987e-04
 6.2763621e-04 9.9649906e-01 3.5986165e-04 1.6470955e-04] [0.08891525 0.2108899  0.08580212 0.05056775 0.13983151 0.06219488
 0.05563413 0.09941351 0.20675097] [0.04876797 0.12826002 0.20741008 0.22837469 0.02947741 0.03263341
 0.02217644 0.28120434 0.02169563] [1.2779343e-03 9.9681312e-01 5.0679874e-04 2.6194990e-04 1.6810323e-04
 4.1368496e-04 1.9480557e-04 1.2097795e-04 2.4261780e-04] [5.4700060e-05 1.4433292e-04 7.0064067e-05 2.5590026e-04 6.6010638e-05
 9.9894732e-01 2.1489755e-04 4.6741770e-05 2.0002441e-04] [4.4188558e-04 1.4191277e-03 5.8608560e-04 9.7920281e-01 9.8412461e-04
 3.2803908e-03 1.6502063e-03 6.6102645e-04 1.1774337e-02] [0.03220337 0.0207006  0.03745577 0.03832969 0.0451942  0.5482266
 0.09328166 0.04242108 0.14218706] [7.4072013e-04 1.4140289e-03 2.4540816e-03 1.0807010e-03 1.1761423e-03
 1.0328759e-02 9.0222224e-04 3.1879861e-03 9.7871530e-01] [0.00186981 0.00318985 0.00170013 0.94531363 0.00376149 0.01611823
 0.00809067 0.00346853 0.01648768] [2.7158768e-03 1.0370356e-03 9.8493356e-01 6.1834650e-03 2.0611540e-03
 4.8089086e-04 1.1852906e-03 1.0966323e-03 3.0608062e-04] [0.00303281 0.00889156 0.01079354 0.0085179  0.00413195 0.08055403
 0.00333087 0.0061987  0.8745486 ] [1.5027091e-04 3.7722371e-04 4.4533866e-04 1.4914729e-04 9.9795854e-01
 1.3010247e-04 2.7285150e-04 2.2004732e-04 2.9646803e-04] [3.3132924e-04 9.9729306e-01 1.1219889e-03 1.5203566e-04 1.7928195e-04
 2.7668232e-04 1.8720191e-04 3.7799188e-04 8.0414400e-05] [0.00399946 0.00268325 0.00202854 0.9666149  0.0021395  0.00164529
 0.00521041 0.00147859 0.0142001 ] [0.01005509 0.04381473 0.6385698  0.17775264 0.01591299 0.01002052
 0.01236258 0.07807689 0.01343481] [0.00619147 0.0118678  0.00514854 0.6778794  0.00428522 0.21423873
 0.00995062 0.00696209 0.06347612] [1.5025600e-03 9.9430817e-01 1.3183331e-03 4.3622113e-04 5.4466957e-04
 4.6695417e-04 4.2353652e-04 4.5348358e-04 5.4614834e-04] [0.0033249  0.01508783 0.02789959 0.9207637  0.0060956  0.00999885
 0.00583411 0.00481062 0.0061849 ] [0.02001815 0.01878938 0.01740718 0.07293556 0.02147802 0.12082083
 0.04414755 0.05430351 0.63009983] [0.03983981 0.05561281 0.05752915 0.1822979  0.04798549 0.15969874
 0.12667683 0.1282673  0.20209193] [5.4494268e-04 3.2560501e-04 2.7608519e-02 9.5769626e-01 6.6393783e-04
 1.3386713e-03 8.4264652e-04 8.6875260e-03 2.2919492e-03] [2.9431353e-04 6.6114566e-04 1.5043208e-03 2.0181367e-03 9.9428588e-01
 1.4590418e-04 2.7354297e-04 1.9598458e-04 6.2075013e-04] [6.2113849e-04 1.0083410e-03 1.4485491e-03 3.3431334e-04 4.4657296e-04
 6.6794408e-04 7.0431619e-04 9.9095118e-01 3.8176214e-03] [8.8281580e-04 9.7211567e-04 4.1889418e-02 9.4627398e-01 7.0191087e-04
 5.1764823e-03 1.3467540e-03 1.3849504e-03 1.3715854e-03] [2.04565891e-04 1.02932165e-04 1.63990655e-04 5.81213273e-04
 4.31932538e-04 3.16658727e-04 9.97057438e-01 3.50329821e-04
 7.90919876e-04] [0.06627798 0.03282735 0.61204255 0.16555311 0.04186011 0.03625312
 0.00696143 0.01254747 0.0256769 ] [2.5720359e-04 3.2063547e-04 2.6416342e-04 4.7434191e-04 2.8537033e-04
 5.3856219e-04 1.3903539e-03 9.9312240e-01 3.3469808e-03] [0.00400823 0.9145286  0.01948464 0.00730518 0.00576145 0.01067737
 0.00939403 0.02030983 0.00853061] [1.0219192e-03 9.9379867e-01 9.3636359e-04 5.5349234e-04 5.2825571e-04
 3.4457206e-04 7.7412208e-04 1.3372913e-03 7.0526579e-04] [0.01054377 0.00926004 0.01335412 0.00559514 0.00673193 0.00919158
 0.00720117 0.01199695 0.92612535] [0.03113903 0.03696964 0.03704635 0.10606504 0.04159036 0.10534123
 0.04389381 0.08657321 0.5113813 ] [1.50791762e-04 8.31594109e-04 1.20993915e-04 7.40044343e-05
 2.31556609e-04 9.98116732e-01 2.80321692e-04 8.46375042e-05
 1.09386900e-04] [0.00261173 0.00400569 0.00191215 0.00536257 0.00214027 0.01714936
 0.00960611 0.01632743 0.9408847 ] [0.04151399 0.03824434 0.23491724 0.20363843 0.05503777 0.13480361
 0.10391283 0.07889111 0.10904064] [1.8610985e-03 9.8661089e-01 3.4868000e-03 1.7904725e-03 1.0766388e-03
 1.8756915e-03 1.7906911e-03 5.4923195e-04 9.5850253e-04] [0.00938013 0.01299969 0.00696492 0.00532934 0.00680752 0.02075609
 0.00928307 0.8557979  0.07268134] [5.2129221e-04 2.4736337e-03 7.1098184e-04 9.7189486e-01 4.3553935e-04
 1.3565427e-02 3.0207420e-03 8.5280038e-04 6.5247621e-03] [0.0708677  0.0571631  0.0181444  0.22553691 0.07977848 0.06485364
 0.05086803 0.05401649 0.37877122] [9.98961926e-01 1.05101848e-04 3.08376970e-04 7.36346628e-05
 1.38849733e-04 1.05826926e-04 8.45157629e-05 1.00826015e-04
 1.20905279e-04] [3.2491545e-04 9.9683279e-01 3.7589442e-04 7.2765327e-04 3.7134014e-04
 2.5806506e-04 2.3049493e-04 2.2895304e-04 6.4996385e-04] [2.6592807e-04 1.0813623e-03 3.6662552e-04 2.2477777e-04 9.9653554e-01
 9.9104934e-04 2.3687664e-04 1.9234755e-04 1.0551864e-04] [0.04536699 0.02030713 0.05045974 0.13265842 0.04241567 0.08961201
 0.12616104 0.11195446 0.38106453] [0.00201668 0.00213194 0.00300409 0.00776747 0.00414316 0.0910309
 0.00931507 0.00532615 0.8752645 ] [3.4223413e-04 4.7775815e-04 2.1453260e-03 1.0405991e-03 9.9271035e-01
 4.0349018e-04 1.7886729e-03 4.8427252e-04 6.0730462e-04] [1.2337124e-04 1.3609523e-04 3.3443354e-04 9.7859374e-05 1.5477024e-04
 2.1211148e-04 1.7125723e-04 9.9859744e-01 1.7266131e-04] [0.01698823 0.01598466 0.03349901 0.23805732 0.01178549 0.03793055
 0.02425718 0.0086666  0.61283094] [0.05289683 0.03150248 0.04802829 0.1807293  0.07644735 0.15858562
 0.10320143 0.0734255  0.27518317] [1.5370079e-04 7.9353055e-04 2.8156760e-04 2.8846259e-04 9.9755633e-01
 9.4394498e-05 1.1340278e-04 4.4006924e-04 2.7850017e-04] [6.9411774e-04 5.7417806e-04 7.2765880e-04 5.6114903e-04 5.5991526e-04
 1.6021018e-03 1.9168183e-03 9.6919549e-01 2.4168562e-02] [8.1447535e-04 5.9203361e-04 6.2185485e-04 5.2955197e-03 1.2998719e-03
 8.8696880e-03 9.6134776e-01 1.8730514e-02 2.4283368e-03] [0.1731705  0.01082087 0.04697755 0.61371773 0.01451024 0.0813942
 0.02408971 0.01168342 0.02363578] [0.5446039  0.08174773 0.03532447 0.01547726 0.02296117 0.12302541
 0.04434571 0.03577887 0.09673551] [4.0439205e-04 5.0853920e-04 5.9152622e-04 5.5681152e-04 9.9536395e-01
 7.0798508e-04 9.7651547e-04 2.7717586e-04 6.1314227e-04] [1.19852804e-04 1.22570127e-04 1.20803213e-03 7.33686684e-05
 1.34681031e-04 1.08835287e-04 9.97909963e-01 1.72716958e-04
 1.49984553e-04] [0.01505136 0.00915936 0.07946468 0.4576007  0.01631242 0.20324545
 0.01512462 0.01805084 0.18599056] [0.00699417 0.00819587 0.00772835 0.04009508 0.8878246  0.01211956
 0.0140938  0.01420864 0.0087399 ] [2.5755182e-04 8.1806170e-04 5.2146800e-04 1.6667676e-03 4.7860495e-04
 2.8412004e-03 9.9133366e-01 4.1793857e-04 1.6647136e-03] [9.9020797e-01 1.2392062e-03 3.0021139e-03 4.0326701e-04 7.1754440e-04
 1.1950174e-03 6.9350668e-04 6.7078468e-04 1.8706048e-03] [0.00947786 0.01512223 0.05386213 0.00752643 0.01078843 0.00660489
 0.8406728  0.00546266 0.05048255] [9.9357271e-01 2.8990640e-04 1.9797350e-04 2.4761078e-03 3.4890589e-04
 9.5777289e-04 5.1925902e-04 2.0464702e-04 1.4327866e-03] [0.00783143 0.1008768  0.8216755  0.01735332 0.00663381 0.0090874
 0.02348449 0.00548514 0.00757214] [0.03067274 0.04978608 0.01658416 0.17946213 0.05823806 0.2905453
 0.09563414 0.04911919 0.22995816] [0.00294212 0.97357064 0.0020319  0.00423014 0.00239511 0.00379571
 0.0041739  0.00535768 0.00150283] [0.02408182 0.01680575 0.02918463 0.01853781 0.84496313 0.01953492
 0.01371877 0.01107335 0.0220998 ] [5.4048427e-04 1.0308017e-03 1.6597391e-03 9.8803258e-01 9.6268626e-04
 2.2643944e-03 1.0732614e-03 3.1607752e-03 1.2753046e-03] [1.9112844e-03 9.9013358e-01 1.5287834e-03 1.0700685e-03 6.5632118e-04
 9.5504365e-04 9.7443478e-04 6.8275729e-04 2.0877277e-03] [0.0951327  0.04609388 0.04094503 0.07587659 0.08835923 0.41135642
 0.0659406  0.08953562 0.0867599 ] [1.5349980e-03 1.1085781e-03 6.8755792e-03 7.5403904e-04 1.3680806e-03
 1.9439476e-03 1.6933500e-03 9.8405886e-01 6.6257798e-04] [1.8495013e-04 1.1075629e-03 2.0927556e-04 2.4320303e-04 3.1106707e-04
 8.1355131e-04 1.6944128e-04 9.9649698e-01 4.6394186e-04] [6.3617434e-04 4.0221261e-03 9.8970872e-01 6.2742509e-04 8.9023507e-04
 1.7471747e-03 1.0780415e-03 7.3657808e-04 5.5352441e-04] [0.05039844 0.05061108 0.09508296 0.07192949 0.28784636 0.22481285
 0.03615586 0.0402246  0.14293838] [0.02078336 0.10318102 0.471488   0.34702066 0.01025478 0.00842565
 0.01166362 0.02006503 0.0071179 ] [0.00229437 0.00506047 0.01041111 0.00388315 0.956202   0.00615384
 0.00713122 0.00267949 0.00618432] [0.10542938 0.13895471 0.14507662 0.07170154 0.07622796 0.05194742
 0.15723646 0.11881173 0.1346142 ] [0.01742383 0.0104837  0.01448058 0.04934235 0.00651936 0.02348845
 0.00677578 0.00602897 0.865457  ] [0.04275372 0.01140471 0.00724785 0.02744501 0.03049157 0.09261525
 0.07739829 0.01634718 0.6942964 ] [0.01074417 0.01575975 0.00278473 0.00666795 0.00459049 0.0732144
 0.00634355 0.00715939 0.8727356 ] [9.7413920e-04 1.6972594e-03 9.5104350e-04 3.6658947e-03 1.0000431e-03
 1.1344149e-03 9.8041588e-01 6.5672270e-04 9.5046367e-03] [0.03436479 0.10250977 0.14816685 0.09917358 0.04327356 0.35810748
 0.04336054 0.0955661  0.07547731] [0.91787976 0.00810687 0.00703635 0.00840574 0.01261363 0.01332743
 0.00583111 0.00922639 0.0175727 ] [7.0807793e-05 1.0013670e-04 2.2911203e-04 5.8247009e-05 5.3119649e-05
 1.8250557e-04 8.2246253e-05 9.9902439e-01 1.9941489e-04] [1.9333705e-04 9.9534118e-01 1.3298662e-03 8.4376872e-05 2.3236117e-04
 3.9388059e-04 1.5390789e-04 2.4323018e-04 2.0279258e-03] [5.6255056e-04 2.8728737e-04 9.8931795e-01 1.4214361e-03 5.1294407e-04
 6.3468115e-03 9.1512781e-04 3.4204585e-04 2.9381819e-04] [3.4168842e-03 3.2421444e-03 6.1921808e-03 2.1210455e-03 9.7740197e-01
 8.8056276e-04 1.2354987e-03 2.0061010e-03 3.5035720e-03] [2.4986074e-03 7.3932239e-04 9.9472815e-01 5.0216296e-04 5.4541591e-04
 3.0368654e-04 3.1374162e-04 2.0567495e-04 1.6327664e-04] [0.01934197 0.09373251 0.05869415 0.48657086 0.02117404 0.10767493
 0.0300956  0.02178511 0.16093081] [7.1117567e-05 1.2996640e-04 7.2440749e-04 8.2530634e-05 6.7211382e-05
 3.5557005e-04 9.9840862e-01 5.5109282e-05 1.0549379e-04] [0.0015103  0.00540644 0.00127502 0.00162283 0.00132956 0.00991761
 0.9184175  0.00132299 0.05919768] [0.34011045 0.18225968 0.03241518 0.0744371  0.01514241 0.02905225
 0.01512613 0.28458318 0.02687363] [4.0074417e-04 1.7334998e-04 1.5922346e-04 8.4366318e-04 9.9635422e-01
 2.7045462e-04 1.5290409e-04 4.5360962e-04 1.1918437e-03]",5 0 3 2 6 2 8 1 7 4 4 3 0 8 0 5 3 0 7 7 1 1 6 8 0 4 2 4 7 1 7 8 4 8 0 3 3 0 2 3 8 7 2 4 1 6 7 0 1 5 8 2 1 8 4 7 3 2 5 0 5 4 7 6 2 1 1 5 7 1 2 5 0 4 2 6 7 8 2 7 8 5 0 6 1 0 3 3 4 4 1 6 5 7 5 7 6 0 4 0 5 5 0 2 6 0 6 0 5 3 2 6 8 0 8 5 6 1 3 8 7 6 6 6 2 2 6 1 2 1 5 3 4 8 3 2 3 4 1 3 2 5 1 3 8 5 3 4 7 3 6 2 7 1 1 8 5 5 8 5 1 7 3 8 0 1 4 7 8 4 7 8 8 4 7 6 3 0 4 6 3 4 6 0 6 0 2 5 1 4 3 1 5 7 7 2 5 2 4 3 8 8 8 6 5 0 7 1 2 4 2 3 6 6 0 4
1468,1,xgboost,0.02,10000,10000,0.8425925925925926,0.9839650848765431,"[9.9447566e-01 9.5001003e-04 2.2554507e-04 1.0838503e-04 2.4912241e-04
 1.3460105e-04 1.2333947e-04 1.7202311e-04 3.5613263e-03] [0.00386947 0.00207377 0.00294195 0.00464471 0.97617143 0.00168011
 0.00125477 0.00470675 0.00265706] [9.9315357e-01 5.0429231e-04 8.5723388e-04 2.8116091e-03 3.1497009e-04
 7.4691733e-04 2.2374740e-04 2.6822099e-04 1.1194831e-03] [1.0481904e-03 3.1321953e-04 1.4452465e-03 2.3259058e-04 9.9548990e-01
 2.6547379e-04 1.3336315e-04 6.9402240e-04 3.7796333e-04] [0.03717475 0.01830939 0.05042523 0.02412908 0.6560822  0.02916709
 0.02196491 0.09022773 0.07251962] [0.00786149 0.8852489  0.01033691 0.00537896 0.01154999 0.02759283
 0.01143975 0.01017648 0.03041472] [9.9870455e-01 1.9463005e-04 2.8712902e-04 1.3585319e-04 9.7240212e-05
 1.9856440e-04 8.1122118e-05 1.6711041e-04 1.3379585e-04] [1.1328566e-03 1.0611389e-03 5.1202815e-02 9.3180346e-01 1.5467731e-03
 1.6372313e-03 6.7371246e-04 1.0010276e-02 9.3178556e-04] [6.0217472e-04 4.0670991e-04 2.6213664e-03 9.9363283e-04 8.3851046e-04
 3.8713787e-04 4.0223561e-03 9.8772568e-01 2.4024860e-03] [9.9833316e-01 2.8324014e-04 2.7639224e-04 1.9956047e-04 1.9471209e-04
 1.7185413e-04 1.0327265e-04 1.4795776e-04 2.8991495e-04] [0.00567868 0.01884956 0.8770884  0.00530307 0.00567704 0.01122248
 0.00453801 0.00982336 0.06181937] [5.8136781e-04 2.3131655e-04 9.9509084e-01 6.4724591e-04 4.8524170e-04
 3.3489612e-04 4.2316047e-04 1.8647946e-03 3.4106278e-04] [0.00278215 0.001685   0.00154735 0.02815634 0.00146172 0.00334194
 0.00311816 0.00432704 0.9535803 ] [9.9719352e-01 2.2658049e-04 2.9820902e-04 1.3794682e-04 2.2392730e-04
 1.3239258e-03 2.2336635e-04 1.2597124e-04 2.4660374e-04] [5.4658524e-04 1.9574324e-04 4.1947630e-04 1.2252817e-04 2.4755666e-04
 9.9743420e-01 2.9163685e-04 4.7259973e-04 2.6970453e-04] [0.04426831 0.04792975 0.30189458 0.02816019 0.02925195 0.06501848
 0.39900187 0.02205394 0.06242092] [2.1838939e-02 6.7139696e-04 2.1446552e-04 9.5120042e-05 6.8019050e-05
 1.4584268e-03 9.7541577e-01 1.8912173e-04 4.8708614e-05] [0.00695649 0.00396546 0.18797654 0.7587865  0.0074929  0.01537977
 0.00489277 0.0063862  0.0081634 ] [1.2611790e-03 4.9552263e-04 4.0126863e-04 5.8211223e-04 9.9526817e-01
 4.3562785e-04 6.9747900e-04 3.1416051e-04 5.4451457e-04] [2.8874867e-03 9.8654199e-01 1.7858762e-03 2.3946268e-03 8.0157194e-04
 1.0277277e-03 9.8422135e-04 1.1307657e-03 2.4457022e-03] [1.8325120e-03 9.8815560e-01 1.7741405e-03 8.9772575e-04 2.2488064e-03
 9.0039492e-04 1.6861055e-03 9.8515523e-04 1.5195578e-03] [0.9631345  0.00261892 0.00129642 0.00111045 0.00111884 0.0127211
 0.00167188 0.0015112  0.01481671] [0.00300945 0.00479059 0.00267833 0.0049079  0.00204617 0.01211179
 0.95226437 0.00360567 0.01458582] [4.6608978e-04 5.8423635e-04 2.1569044e-03 4.0673240e-04 9.9175560e-01
 4.9755420e-04 3.1915279e-03 7.5829832e-04 1.8305201e-04] [0.08166765 0.05409867 0.02477118 0.06251796 0.0284532  0.21272506
 0.08165542 0.03065378 0.42345706] [9.9846506e-01 1.6971410e-04 1.9497829e-04 3.7258546e-04 7.5407406e-05
 2.6402986e-04 2.2444989e-04 1.5226980e-04 8.1537422e-05] [1.3586088e-03 5.2954000e-03 7.1926834e-04 9.6691679e-03 2.6685349e-03
 1.2031173e-03 9.7090954e-01 2.3132986e-03 5.8630249e-03] [2.6929490e-03 7.7840959e-04 1.5879389e-03 1.5763014e-03 1.5351778e-03
 8.9431473e-04 1.8732227e-02 9.7162074e-01 5.8190257e-04] [9.8253733e-01 2.3667226e-03 1.7939911e-03 9.4313675e-04 1.3572773e-03
 2.2464895e-03 4.0805880e-03 2.8328905e-03 1.8416259e-03] [2.9889570e-04 9.9743563e-01 9.1054686e-04 1.3237435e-04 3.3233265e-04
 3.3958969e-04 1.3434871e-04 2.4858094e-04 1.6769199e-04] [0.00474468 0.00358533 0.01877798 0.00507893 0.00947232 0.05616919
 0.87673086 0.00556721 0.01987358] [0.01106779 0.00888119 0.4360424  0.47588533 0.00742942 0.02706599
 0.00394475 0.01084471 0.01883843] [9.9722642e-01 1.5848773e-04 1.5670659e-04 8.3764398e-04 1.7285958e-04
 1.0425965e-04 1.5767409e-04 1.0644168e-04 1.0794352e-03] [0.01346238 0.02047709 0.01353644 0.07280514 0.03723762 0.6634712
 0.03159207 0.09068067 0.05673734] [4.9475941e-04 9.2147005e-04 9.9435580e-01 1.7245052e-03 4.4493435e-04
 7.8520569e-04 3.7814473e-04 3.5362100e-04 5.4164283e-04] [0.00450863 0.00230283 0.97542405 0.00220945 0.00275602 0.00212893
 0.00292814 0.00625313 0.00148874] [0.01354805 0.0094429  0.04244694 0.57007545 0.0183528  0.24118744
 0.01858021 0.01998246 0.06638375] [0.01401688 0.09793712 0.02099218 0.10355738 0.0237874  0.0358792
 0.01520797 0.01667676 0.67194515] [6.4563559e-04 7.2821148e-04 3.0313304e-03 6.1771274e-04 6.7548850e-04
 3.8111815e-04 9.9082714e-01 9.5049711e-04 2.1428678e-03] [3.1917254e-04 3.9870644e-04 1.0953902e-03 8.2521804e-04 5.4305815e-04
 1.4677623e-03 3.2136857e-04 9.9109077e-01 3.9385399e-03] [2.1026430e-04 2.4076249e-04 8.4137492e-04 8.8906998e-04 3.2548921e-04
 2.3609030e-03 9.9334335e-01 2.8179196e-04 1.5069477e-03] [0.0084713  0.0121279  0.00982802 0.00785431 0.01143354 0.09702333
 0.0112957  0.6990307  0.1429352 ] [0.00606755 0.02498698 0.00910855 0.0051043  0.01101574 0.0093129
 0.01575919 0.9093967  0.00924806] [1.8655176e-03 5.6199712e-04 4.3057406e-04 1.9122841e-03 2.1546562e-03
 2.8783197e-03 7.7603356e-04 1.6145874e-02 9.7327471e-01] [0.04902354 0.02515191 0.01869177 0.173466   0.02327338 0.11892449
 0.0169527  0.50278306 0.07173314] [7.4791358e-05 9.8896664e-05 7.7299679e-05 1.2553680e-04 9.1501803e-05
 7.2070339e-05 9.9934834e-01 3.8916609e-05 7.2606643e-05] [4.5621942e-04 5.2471692e-04 9.9251759e-01 2.4719739e-03 1.6216169e-03
 2.7189622e-04 4.8926251e-04 1.2340365e-03 4.1263853e-04] [9.9894625e-01 8.1836581e-05 9.0088863e-05 2.7515975e-04 1.8636964e-04
 1.4440298e-04 7.1448121e-05 1.1961852e-04 8.4789477e-05] [2.2719520e-04 3.7556773e-04 2.2155263e-04 2.6805265e-04 2.1720860e-04
 9.9661821e-01 9.5378573e-04 3.4922734e-04 7.6917699e-04] [9.1176096e-04 2.7793270e-04 6.8707537e-04 1.4057027e-03 4.0653732e-04
 3.3025755e-04 4.7079031e-04 9.9528259e-01 2.2730287e-04] [4.9925334e-04 1.8008378e-03 4.7723411e-04 4.2803289e-04 2.6277182e-04
 9.9540436e-01 3.4767517e-04 3.1225197e-04 4.6760967e-04] [5.7147630e-04 6.7157025e-04 1.6650194e-01 8.2932562e-01 7.2680635e-04
 7.6709618e-04 3.4375570e-04 7.6081965e-04 3.3088992e-04] [0.00492047 0.0016261  0.00456616 0.9546964  0.02337856 0.00158955
 0.00392939 0.00111801 0.00417529] [3.4957094e-04 2.8493517e-04 3.8717969e-03 9.9186230e-01 2.6808385e-04
 1.2262660e-03 7.2702649e-04 1.0589730e-03 3.5100858e-04] [0.00794005 0.00216947 0.97631943 0.00267678 0.00222342 0.00126716
 0.00101826 0.00310427 0.00328115] [0.00245271 0.00635747 0.969829   0.0090637  0.00184096 0.00270168
 0.00220366 0.00282563 0.00272517] [3.3513777e-04 5.3134270e-04 6.0184766e-04 1.7170676e-04 1.6822289e-04
 9.9646157e-01 4.3034757e-04 9.9340093e-04 3.0642343e-04] [9.9056226e-01 1.8933936e-03 4.5599940e-04 1.2437812e-03 7.0193998e-04
 5.5815041e-04 1.9876296e-03 6.4097985e-04 1.9559287e-03] [0.0020774  0.00508084 0.00335659 0.01285797 0.00186262 0.00631115
 0.01563588 0.94833636 0.00448119] [0.00142535 0.00300969 0.00118764 0.00585974 0.00125418 0.00154308
 0.9697843  0.00147803 0.014458  ] [0.12795372 0.20697755 0.09212857 0.08650692 0.16337827 0.09594929
 0.12204167 0.0575263  0.04753768] [4.7125676e-04 1.8877552e-04 4.7828510e-04 1.6310476e-04 9.9769586e-01
 2.3308887e-04 1.6218975e-04 1.6595240e-04 4.4151788e-04] [8.42548325e-05 1.04971994e-04 1.15823219e-04 1.85651559e-04
 4.73779801e-05 2.92835932e-04 9.98929203e-01 6.30671930e-05
 1.76857415e-04] [2.2277924e-04 2.7030896e-04 3.0471140e-04 2.1740401e-03 7.9614710e-04
 9.9128658e-01 2.3705028e-04 3.7034694e-04 4.3380838e-03] [0.00668482 0.00490174 0.00197893 0.00660249 0.00447044 0.04885621
 0.9161379  0.00237309 0.00799446] [9.9147147e-01 1.1200486e-03 1.6167329e-03 3.4220362e-04 7.2171364e-04
 2.9362069e-04 5.5428740e-04 2.3766749e-03 1.5032518e-03] [0.00128351 0.00143586 0.00129099 0.0026699  0.00156087 0.00433689
 0.0025394  0.00371456 0.98116803] [5.8518164e-04 1.2325126e-03 8.4641681e-04 4.3412545e-03 2.9670047e-03
 3.0218454e-03 1.6136003e-03 8.3420792e-04 9.8455793e-01] [0.24313137 0.04417879 0.1550788  0.14209805 0.07258324 0.0944012
 0.03043232 0.1830777  0.03501857] [9.9879068e-01 9.3487739e-05 1.4528034e-04 2.8922249e-04 9.6394484e-05
 1.8369133e-04 9.9616409e-05 6.8036286e-05 2.3359424e-04] [3.4028836e-04 5.2665127e-04 1.9874540e-03 9.9292749e-01 3.8022993e-04
 2.1704796e-03 4.4827728e-04 2.1800646e-04 1.0011222e-03] [0.00560096 0.9747249  0.00311864 0.00326886 0.00162456 0.0027901
 0.00415439 0.0015944  0.00312322] [2.2268486e-04 2.6518377e-04 4.3210600e-04 5.4011401e-04 1.9162212e-04
 1.5917969e-04 2.0149333e-04 9.9651837e-01 1.4692956e-03] [1.0676240e-03 2.1082482e-03 5.2448304e-04 5.1611685e-04 9.9307537e-01
 1.2078540e-03 4.7842998e-04 3.7223546e-04 6.4968376e-04] [9.9537635e-01 5.5687898e-04 1.4256855e-03 3.9830583e-04 3.9807989e-04
 3.5373709e-04 6.2939897e-04 5.8772106e-04 2.7384897e-04] [2.0036643e-04 1.6853874e-04 1.1099968e-03 5.4419029e-04 9.9662304e-01
 3.2612847e-04 1.6908029e-04 2.6961530e-04 5.8903266e-04] [0.00628069 0.00379516 0.00744599 0.00316664 0.00190238 0.00177534
 0.00216678 0.9689359  0.00453114] [2.0493488e-04 7.4398151e-04 2.7119109e-04 5.4048019e-04 4.3920978e-04
 7.4938731e-03 9.8883110e-01 3.7920912e-04 1.0960365e-03] [3.0282055e-04 1.1494714e-03 5.2737654e-04 1.0513209e-03 3.9830795e-04
 8.3690020e-04 1.1089717e-03 9.9284184e-01 1.7829555e-03] [5.7408656e-04 4.6654657e-04 7.2934135e-04 5.8550591e-04 4.8863544e-04
 1.3969235e-04 4.6689465e-04 9.9611652e-01 4.3274130e-04] [3.5704090e-04 4.1172473e-04 3.8924537e-04 1.8952708e-04 4.1978862e-04
 9.9684215e-01 6.0329051e-04 2.1640772e-04 5.7085644e-04] [9.8665231e-01 6.3354387e-03 6.7751599e-04 3.9008845e-04 6.0632947e-04
 5.2855903e-04 2.2384964e-03 1.4279807e-03 1.1432243e-03] [0.00239385 0.00129006 0.9856431  0.00170791 0.00165988 0.00159295
 0.00233736 0.00163716 0.00173781] [0.00230455 0.00495026 0.00723068 0.95594186 0.00145032 0.00623738
 0.0113826  0.00313158 0.00737069] [1.0787247e-03 9.8865718e-01 1.1998285e-03 5.5680214e-03 9.8611799e-04
 6.1116810e-04 7.5906381e-04 5.6395843e-04 5.7595142e-04] [1.8218695e-04 1.6581191e-04 1.1964120e-04 3.8231822e-04 2.0352138e-04
 2.9000084e-04 1.3480271e-04 9.9841070e-01 1.1094642e-04] [0.03327311 0.06555606 0.03274089 0.06108777 0.10893697 0.31952676
 0.25546637 0.03516489 0.08824717] [4.4627592e-04 1.7053474e-04 1.0663280e-03 6.1997841e-04 9.9669266e-01
 1.1123512e-04 1.5371791e-04 1.8941410e-04 5.4982310e-04] [6.0763728e-04 9.4054565e-03 9.2366536e-04 7.3167239e-04 4.2644239e-04
 9.8435366e-01 4.4468118e-04 8.0850616e-04 2.2982808e-03] [0.13923636 0.06335067 0.26369435 0.11761898 0.0759488  0.05499003
 0.03488112 0.1498217  0.10045801] [1.0503934e-03 2.8105831e-04 1.3763625e-03 1.2537152e-04 9.9570447e-01
 5.8310822e-04 3.9350445e-04 1.4201051e-04 3.4368952e-04] [0.04369533 0.04193237 0.00483855 0.87406707 0.0049634  0.00484754
 0.00960523 0.00241833 0.01363212] [9.7418708e-01 2.8927410e-03 1.9528052e-03 1.0361378e-02 1.3902865e-03
 9.8684372e-04 8.5256231e-04 6.0554738e-03 1.3208602e-03] [0.00201266 0.00335736 0.10152868 0.8799836  0.00204068 0.00334852
 0.00221717 0.00227926 0.00323207] [0.02638155 0.02371253 0.7894526  0.04068189 0.01927867 0.04325045
 0.01200632 0.03790012 0.00733589] [0.90710044 0.02737451 0.01940834 0.007914   0.00848291 0.01066991
 0.00939358 0.00440978 0.00524659] [4.6212915e-03 9.7245049e-01 8.8283345e-03 5.9920563e-03 1.0432178e-03
 3.6532369e-03 1.1331531e-03 1.3172050e-03 9.6095190e-04] [1.2025216e-03 2.2980859e-04 5.1887979e-04 5.8151194e-04 9.9470562e-01
 1.0527498e-03 3.1134734e-04 1.2286888e-03 1.6893807e-04] [0.02906353 0.82822263 0.03668167 0.01075596 0.0118246  0.01631637
 0.03243684 0.01758875 0.01710965] [1.0711356e-03 4.8713508e-04 8.5721584e-04 6.7480659e-04 4.5537812e-04
 4.8320039e-04 1.0199562e-03 9.9350303e-01 1.4481840e-03] [0.05745228 0.65757674 0.03241479 0.02268815 0.03249505 0.04973793
 0.02625022 0.0441984  0.07718641] [7.8273262e-04 9.8500359e-01 5.8157649e-04 7.2663347e-03 1.9878091e-03
 1.2948856e-03 2.6160537e-04 4.9124885e-04 2.3302161e-03] [4.6882834e-03 1.2444373e-03 9.8428220e-01 4.0860069e-03 1.1143023e-03
 1.9927179e-03 5.6588830e-04 1.0188743e-03 1.0072985e-03] [9.7408968e-01 2.2891806e-03 3.7892582e-03 1.0103622e-02 1.0857172e-03
 4.4032712e-03 8.3474064e-04 1.8428225e-03 1.5617087e-03] [0.00213132 0.02036549 0.00426062 0.00231167 0.95389205 0.00396548
 0.00169813 0.0021643  0.0092109 ] [1.4631936e-03 9.8771369e-01 5.2793836e-03 1.4164823e-03 1.2282721e-03
 6.5079523e-04 4.7775239e-04 1.2275723e-03 5.4285978e-04] [9.9089943e-05 6.6450251e-05 1.2808097e-04 1.0965065e-04 7.1924514e-05
 1.5854910e-04 9.9919134e-01 4.7527235e-05 1.2743085e-04] [0.05367398 0.04802623 0.02780239 0.11070807 0.05967444 0.5145751
 0.04274113 0.04587783 0.0969208 ] [0.03996925 0.0280742  0.0082803  0.08551947 0.08786066 0.2823405
 0.01356214 0.05907167 0.3953218 ] [0.27892604 0.04753843 0.03431894 0.04579926 0.01420764 0.0787727
 0.01684031 0.01989613 0.4637005 ] [0.00971989 0.02462773 0.8753334  0.01334345 0.04474375 0.00524027
 0.00833355 0.00969698 0.00896093] [0.00171462 0.00347612 0.97834694 0.00133262 0.00160427 0.00766362
 0.00132457 0.00124901 0.00328829] [0.00182298 0.0059207  0.970435   0.01054599 0.0017203  0.00222399
 0.00125734 0.00417478 0.00189888] [7.0924922e-05 6.6176627e-04 3.2061076e-04 3.8145829e-04 1.8059397e-04
 9.9650949e-01 2.3086737e-04 1.4095032e-04 1.5032722e-03] [0.04094582 0.03927158 0.01571819 0.04680427 0.0323271  0.4019242
 0.04722233 0.02767024 0.34811628] [0.03609363 0.02575136 0.02337478 0.05153377 0.02438573 0.43707407
 0.01836016 0.03300509 0.3504214 ] [8.7320637e-05 1.1312982e-04 6.0048540e-05 5.0587166e-04 1.5508293e-04
 3.4647185e-04 9.9680519e-01 1.6767056e-04 1.7591686e-03] [9.9726933e-01 2.6395827e-04 5.0761609e-04 3.4966919e-04 4.1073479e-04
 4.6389317e-04 2.1519970e-04 1.6261468e-04 3.5699876e-04] [0.00771635 0.00389102 0.00663298 0.01093921 0.00247152 0.0508603
 0.00925098 0.8845836  0.02365405] [8.2887034e-04 1.0620295e-03 1.1531487e-03 3.4779760e-03 7.9526188e-04
 6.3127498e-03 1.0393905e-03 2.0598387e-03 9.8327070e-01] [1.9543720e-03 8.9270779e-04 5.9787650e-04 9.5291704e-01 1.0361029e-03
 2.5036000e-03 1.4398383e-02 3.0582459e-03 2.2641664e-02] [2.8944100e-04 9.9551457e-01 5.6052377e-04 1.6722080e-04 1.1692946e-04
 2.6809361e-03 1.6796192e-04 3.1116995e-04 1.9127835e-04] [9.2001479e-05 1.3970087e-04 1.8442115e-04 2.1915158e-04 1.0792262e-04
 3.1809025e-03 9.9460065e-01 5.2583066e-04 9.4948179e-04] [0.00375785 0.00266413 0.00381242 0.00551258 0.00202936 0.9726812
 0.00279536 0.00281971 0.0039274 ] [0.18784891 0.07072876 0.2527664  0.10207063 0.05570751 0.1102147
 0.10861018 0.08013865 0.03191422] [0.01249727 0.00795331 0.01920078 0.00684132 0.00775435 0.00436867
 0.01740788 0.9183426  0.00563382] [3.5180183e-04 1.1798391e-04 1.5247663e-04 2.2427793e-04 4.1469012e-04
 5.6197727e-04 3.0348048e-04 9.9675673e-01 1.1166068e-03] [0.00379583 0.00552366 0.00293648 0.03020417 0.00316281 0.00540216
 0.01464214 0.00676052 0.92757225] [1.7245978e-04 4.8204939e-04 3.3202473e-04 2.1511870e-03 2.3783180e-04
 9.9502242e-01 1.0152151e-03 2.1341603e-04 3.7337883e-04] [0.03393586 0.1052753  0.44519845 0.05116242 0.02820517 0.03916594
 0.02397008 0.24915886 0.02392794] [0.01583434 0.01257578 0.02999577 0.12188104 0.01160017 0.6606847
 0.00817372 0.06073637 0.07851809] [0.10442238 0.03523062 0.07135576 0.24647121 0.04321328 0.26857778
 0.03811863 0.04677571 0.14583461] [0.02343096 0.06464487 0.6858369  0.02840484 0.025925   0.04248504
 0.07479438 0.02283931 0.03163869] [0.00956662 0.02621192 0.04976297 0.04281529 0.01985027 0.7747238
 0.01323565 0.01420901 0.04962447] [7.7790610e-04 9.8455495e-01 1.1250030e-02 2.7407415e-04 5.8626552e-04
 8.0816186e-04 6.2148710e-04 6.0700381e-04 5.2013528e-04] [0.04030506 0.09656364 0.13901097 0.03546953 0.03054529 0.4593721
 0.03073868 0.05442563 0.11356906] [0.04310336 0.5178423  0.03114906 0.03528382 0.03469722 0.09684087
 0.05627517 0.10578482 0.07902335] [3.3841672e-04 1.5002185e-04 5.2127504e-04 3.8480459e-04 2.4572195e-04
 3.8238321e-03 5.7988835e-04 9.9345446e-01 5.0164480e-04] [3.7119095e-04 3.2658668e-04 1.4906695e-04 7.1370142e-04 3.6628818e-04
 9.9544442e-01 2.4857634e-04 3.6075013e-04 2.0194931e-03] [1.0976673e-04 7.2433504e-05 4.2263790e-05 1.6677278e-04 6.0855680e-05
 1.0615545e-03 9.9762350e-01 4.5660719e-05 8.1722729e-04] [0.00352677 0.00104775 0.00299924 0.00435009 0.00146641 0.03686263
 0.00120798 0.00124602 0.9472931 ] [0.1407016  0.6495886  0.0766473  0.02570258 0.01637569 0.01781478
 0.04993056 0.01447838 0.00876051] [4.86776815e-04 1.18263015e-04 1.03991690e-04 1.14007504e-04
 9.98050928e-01 2.00919851e-04 1.58043607e-04 2.80262582e-04
 4.86864563e-04] [1.07782034e-04 1.67381659e-04 2.03003059e-04 1.48141946e-04
 9.98587012e-01 2.40755035e-04 1.41949466e-04 2.71194120e-04
 1.32859321e-04] [0.00496595 0.00169199 0.00612053 0.02363633 0.0043865  0.01199857
 0.02244061 0.00181621 0.92294335] [0.00610789 0.00926191 0.91537905 0.03622446 0.02342786 0.00272083
 0.00184657 0.00312689 0.00190449] [0.0240267  0.02941496 0.8399749  0.01444474 0.01917425 0.02151712
 0.01004664 0.02975205 0.01164862] [1.6512311e-03 6.2939961e-04 1.5754632e-03 3.5602789e-02 6.8470516e-04
 3.8916983e-03 1.0029282e-03 4.7248257e-03 9.5023692e-01] [0.04381423 0.05043362 0.15105411 0.01348722 0.02809564 0.02263227
 0.03235959 0.02933643 0.6287869 ] [4.8802691e-04 1.4306474e-03 6.7214051e-04 6.1267323e-04 9.9149537e-01
 2.5024714e-03 7.6587370e-04 1.5274356e-03 5.0537719e-04] [0.27138597 0.08763842 0.04745001 0.15154669 0.08346371 0.0487246
 0.04230077 0.15850851 0.10898133] [1.7305141e-03 8.0343027e-04 7.2815302e-03 9.8574233e-01 4.9955340e-04
 7.0228108e-04 6.6206494e-04 9.4531983e-04 1.6329987e-03] [0.0024556  0.00155974 0.00464046 0.9683252  0.00101442 0.0103316
 0.00136379 0.00171071 0.0085985 ] [3.9473621e-04 4.1213958e-04 3.9403443e-04 1.9385391e-04 2.5178885e-04
 1.6817264e-04 1.7822623e-04 9.9792588e-01 8.1183425e-05] [9.7825485e-01 9.0428966e-04 2.8414240e-03 8.1158092e-04 6.8648515e-04
 1.3571061e-03 5.7215657e-04 1.4884078e-03 1.3083620e-02] [0.25988096 0.19898705 0.06302615 0.04143175 0.03755285 0.1171243
 0.18084018 0.04659371 0.05456308] [2.99567881e-04 1.53998437e-04 1.05367624e-04 3.50011978e-04
 2.22588089e-04 1.57703715e-03 9.95770037e-01 7.07332976e-04
 8.13980005e-04] [3.8738546e-04 1.8374530e-04 1.8691890e-04 1.7056856e-04 9.9672782e-01
 5.7559262e-04 1.2014876e-04 3.6981859e-04 1.2780339e-03] [3.56705888e-04 1.85778583e-04 1.31636887e-04 3.66426189e-04
 9.26238572e-05 8.81698215e-05 3.85119114e-04 9.98289287e-01
 1.04238774e-04] [0.01005552 0.01489523 0.01682252 0.4426581  0.31663305 0.12204288
 0.02571704 0.01110195 0.04007368] [0.29913783 0.05614044 0.18885909 0.23469812 0.05630509 0.01968694
 0.02379524 0.0313542  0.09002306] [9.4456179e-04 1.9636950e-03 1.2079126e-03 4.4097323e-03 7.9839397e-04
 2.3802100e-03 2.1857913e-03 1.1127907e-03 9.8499691e-01] [2.1960941e-04 4.0456041e-04 9.9477452e-01 1.0680237e-03 4.8803302e-04
 7.8644324e-04 7.1707886e-04 4.6688365e-04 1.0748308e-03] [6.2428054e-04 6.4413418e-04 2.7673526e-04 1.8123531e-03 3.7260004e-04
 9.9279177e-01 2.9830754e-04 2.0429633e-04 2.9754965e-03] [9.4391411e-04 1.2048697e-03 9.9666035e-01 1.9456816e-04 1.7748692e-04
 1.7477109e-04 1.8150557e-04 3.0502453e-04 1.5748122e-04] [0.00595361 0.00432537 0.00718249 0.01618221 0.8625451  0.03121122
 0.00628305 0.00572415 0.0605928 ] [9.9741530e-01 1.3557616e-04 4.2007570e-04 1.0986797e-03 1.6056720e-04
 1.3050635e-04 1.4678318e-04 1.2967315e-04 3.6276839e-04] [0.00371282 0.00374162 0.0035842  0.9193494  0.00511499 0.03649176
 0.00232856 0.01580702 0.00986965] [1.9224502e-04 2.4951086e-04 5.6671677e-04 9.8695183e-01 3.2222996e-04
 1.0169625e-02 3.4127172e-04 5.0278689e-04 7.0375251e-04] [4.2327956e-04 1.3928358e-04 5.1949802e-04 3.4503540e-04 9.9761224e-01
 1.2061314e-04 3.1132734e-04 1.4949404e-04 3.7921153e-04] [0.9483782  0.00460312 0.00270121 0.02581546 0.00338846 0.00340053
 0.00190653 0.00402248 0.00578404] [1.0258950e-04 9.9530518e-01 3.7888829e-03 8.6559987e-05 1.3830177e-04
 1.4161390e-04 9.7122203e-05 5.4739143e-05 2.8503637e-04] [2.4740205e-03 2.3178684e-03 2.5334160e-03 9.8442787e-01 6.6993735e-04
 5.2987244e-03 1.2397621e-03 4.8482994e-04 5.5357435e-04] [0.05828283 0.03659303 0.08519688 0.07851929 0.19947226 0.22426692
 0.1242047  0.12766336 0.06580077] [2.4924745e-04 3.0874970e-04 6.4909402e-03 9.9182290e-01 3.0137555e-04
 1.5773917e-04 2.2758046e-04 2.0960756e-04 2.3180497e-04] [0.00165207 0.00958769 0.01799297 0.00425661 0.00193127 0.0014147
 0.00711165 0.00184981 0.95420325] [0.01903013 0.0149267  0.03907005 0.05692447 0.01572615 0.07219849
 0.01272233 0.0394508  0.7299509 ] [0.00635631 0.0013989  0.00160886 0.0051569  0.97595793 0.00286366
 0.00146274 0.00223264 0.00296207] [0.00374456 0.00924118 0.00282378 0.00486635 0.00459617 0.95028126
 0.00535522 0.00777207 0.0113194 ] [1.2797282e-04 1.0815496e-03 3.7084092e-04 7.5709962e-05 9.9728858e-01
 3.0695394e-04 2.8419207e-04 3.2653022e-04 1.3771297e-04] [2.26467033e-04 9.98161852e-01 4.87690355e-04 6.76280688e-05
 1.68073369e-04 1.30731511e-04 4.79860493e-04 1.66304206e-04
 1.11444235e-04] [1.5745091e-03 1.2674746e-03 5.0892634e-04 1.0904642e-03 6.0184440e-03
 9.7670263e-01 6.1051254e-03 2.6163652e-03 4.1160756e-03] [8.9696009e-04 3.5577084e-04 4.9000204e-04 2.5911503e-03 7.6094002e-04
 5.3298725e-03 4.0393279e-04 8.9729518e-01 9.1876157e-02] [1.1274571e-03 9.9068123e-01 8.7009708e-04 5.8806263e-04 5.7243509e-04
 4.0679267e-03 7.4702589e-04 6.8739726e-04 6.5838604e-04] [1.45243059e-04 8.77795537e-05 1.53800574e-04 3.23329368e-05
 1.06351006e-04 3.55995726e-04 9.98804808e-01 1.17414864e-04
 1.96230321e-04] [4.0642431e-04 3.6852891e-04 1.7745224e-04 5.9017882e-04 1.9518650e-04
 6.1917253e-04 9.9675167e-01 1.3103415e-04 7.6032447e-04] [2.7069595e-04 2.3431316e-04 1.2180981e-04 3.4862553e-04 1.3642129e-04
 8.9376367e-04 9.9669659e-01 1.7121559e-04 1.1266387e-03] [3.7850445e-04 4.8377120e-04 7.8428769e-04 8.0987811e-03 1.0775203e-03
 2.2362359e-03 3.9257957e-03 9.8133022e-01 1.6848536e-03] [0.06663355 0.04975049 0.24401069 0.11976404 0.05300514 0.15730153
 0.09002569 0.08552478 0.13398412] [0.0028573  0.00379764 0.00881244 0.00516982 0.00259152 0.02851218
 0.00259751 0.00646011 0.93920153] [1.8911206e-03 4.4165968e-04 3.1093243e-03 9.9150836e-01 4.5990819e-04
 1.2058803e-03 2.4391554e-04 2.7799050e-04 8.6179195e-04] [0.00897979 0.01366182 0.04589391 0.0075723  0.00846853 0.02465
 0.01933724 0.00399557 0.8674408 ] [0.00503818 0.00334474 0.9536069  0.01783565 0.00397383 0.00167489
 0.00449036 0.0064035  0.00363202] [0.04291146 0.08733854 0.39994878 0.18553746 0.0294026  0.09808072
 0.02762025 0.03840038 0.09075983] [1.1678414e-03 7.0681743e-04 7.4393186e-04 2.1418382e-03 9.4655043e-01
 2.5159761e-03 8.9686795e-04 6.8445120e-04 4.4591907e-02] [9.9941634e-04 9.5430899e-01 3.3535205e-02 3.7247096e-03 6.0583110e-04
 5.5775169e-04 4.1432818e-03 1.6372922e-03 4.8749981e-04] [0.01051718 0.00884322 0.01894729 0.11631818 0.00770313 0.14292367
 0.00805782 0.01773886 0.6689506 ] [4.4541579e-04 4.7100949e-04 4.1066823e-03 9.8599678e-01 6.7379419e-04
 2.1563121e-03 1.8333896e-03 4.6025787e-04 3.8564310e-03] [0.03188082 0.04132258 0.6031309  0.03891727 0.02084088 0.03743417
 0.01935161 0.17128158 0.03584028] [6.0404779e-04 3.3565090e-04 3.4757184e-03 9.8700303e-01 1.5725898e-04
 7.7936202e-03 2.1321682e-04 1.9965730e-04 2.1780195e-04] [0.08156671 0.05529018 0.20631671 0.13643625 0.04299357 0.08709729
 0.14418764 0.13838556 0.10772607] [3.7439938e-03 1.5781249e-03 9.2886807e-04 6.0987226e-03 5.4348279e-03
 1.3491708e-02 1.8711723e-03 2.1156855e-03 9.6473688e-01] [0.02223169 0.01622002 0.01104888 0.12705985 0.01362298 0.09996618
 0.01391462 0.02152363 0.67441213] [0.01161549 0.06123874 0.03217664 0.02640479 0.03119343 0.50716275
 0.03127662 0.11785042 0.18108109] [0.03246927 0.02357071 0.09454915 0.48446023 0.03927954 0.03609504
 0.05117945 0.06621352 0.17218314] [2.6719784e-04 9.9586260e-01 1.6876684e-03 2.2274598e-04 3.6585404e-04
 2.9322522e-04 2.1046490e-04 5.6728383e-04 5.2289956e-04] [1.3732852e-03 8.5078168e-04 3.6695696e-04 5.2314659e-04 3.9103086e-04
 1.0934051e-03 3.7261809e-04 9.9299318e-01 2.0355172e-03] [5.0447771e-04 2.7520626e-04 1.3347100e-03 8.5362763e-04 9.9382859e-01
 5.1317667e-04 1.3425095e-03 5.7389267e-04 7.7375415e-04] [1.4477026e-03 4.1687413e-04 3.0482141e-04 4.5663095e-04 6.4788875e-04
 1.1136216e-03 6.4172776e-04 9.9401045e-01 9.6033234e-04] [0.00143937 0.00263441 0.00254859 0.01574546 0.00293363 0.04556044
 0.001522   0.00236643 0.9252497 ] [5.0605508e-04 1.5739901e-03 1.4903633e-03 1.3207897e-03 2.9281785e-03
 4.1044210e-03 6.2575692e-04 1.4513185e-03 9.8599905e-01] [4.1626047e-04 6.8633212e-04 6.0039276e-04 7.4905803e-04 9.9393153e-01
 5.9962884e-04 6.7370781e-04 1.1290965e-03 1.2139665e-03] [0.01724715 0.01175863 0.01554696 0.5126864  0.01046931 0.07632641
 0.0150665  0.02228979 0.31860885] [0.00380618 0.9518349  0.00381844 0.00695174 0.00277887 0.00125143
 0.00472822 0.01234159 0.01248859] [1.2817059e-03 2.4144575e-03 2.1494667e-03 1.4530267e-03 1.4044195e-03
 2.5248674e-03 9.8696566e-01 1.1196906e-03 6.8674947e-04] [0.08786836 0.13027187 0.09833292 0.08135798 0.08006134 0.08221152
 0.12849766 0.0806438  0.23075457]",0 4 0 4 4 1 0 3 7 0 2 2 8 0 5 6 6 3 4 1 1 8 6 4 3 0 6 7 0 1 6 3 0 5 2 2 3 6 6 7 6 7 7 8 5 6 2 0 5 7 5 2 2 3 2 2 5 0 7 6 1 4 6 5 6 0 8 8 5 0 3 1 7 4 0 4 7 6 7 7 5 0 2 3 1 7 5 4 5 3 4 0 0 3 2 0 1 4 1 7 1 1 2 0 4 1 6 3 8 1 2 2 2 5 6 8 6 0 7 8 5 1 6 5 0 7 7 8 5 7 5 2 2 5 1 2 5 7 5 6 8 0 4 4 8 2 2 8 8 4 6 3 3 7 0 1 6 4 7 4 2 8 2 5 2 4 0 3 3 4 0 1 3 3 3 8 3 4 5 4 1 5 8 1 6 6 6 7 5 8 3 8 2 1 4 1 8 3 1 3 3 8 8 7 8 1 7 4 7 8 8 4 3 1 6 5
1468,2,xgboost,0.02,10000,10000,0.8518518518518519,0.9854359567901234,"[0.00715558 0.00406118 0.01521808 0.90054035 0.00609884 0.023743
 0.00747962 0.00521763 0.03048568] [0.00356771 0.00199743 0.00161745 0.00447212 0.00307499 0.00325423
 0.00235605 0.9435616  0.03609848] [0.02636397 0.03711173 0.03923044 0.06215842 0.04489252 0.12151393
 0.02967691 0.04198509 0.59706694] [6.7572796e-04 7.1951182e-04 9.2050130e-04 3.7550058e-03 2.6185182e-03
 5.0705201e-03 9.3964004e-04 9.8474795e-01 5.5264879e-04] [9.9680114e-01 7.7725470e-04 2.1420122e-04 4.0204462e-04 3.6725329e-04
 3.0859746e-04 2.7038710e-04 3.3440418e-04 5.2465120e-04] [6.5866481e-03 9.2703970e-03 9.6087754e-01 7.6818904e-03 2.2598868e-03
 1.5253765e-03 6.8581025e-03 4.3074405e-03 6.3265930e-04] [0.63566923 0.00293277 0.00913514 0.00609274 0.00145298 0.00217467
 0.33636427 0.00087815 0.00530006] [2.0626983e-04 2.1672212e-04 3.4409517e-04 2.8577217e-04 9.9770421e-01
 2.5152246e-04 1.1742919e-04 5.5372558e-04 3.2028201e-04] [2.3398930e-03 6.8032101e-04 4.7548645e-04 2.1930891e-03 8.5147691e-04
 7.0687756e-02 9.1221523e-01 1.1953894e-03 9.3613174e-03] [0.00216233 0.00445143 0.01843691 0.00457718 0.00355222 0.00449014
 0.00279258 0.9301645  0.02937268] [0.00895393 0.00922974 0.9169494  0.01542009 0.00612022 0.01406001
 0.00529507 0.0092417  0.01472978] [9.9688381e-01 1.9972415e-04 2.9994815e-04 1.0794231e-04 4.0380144e-04
 1.6954193e-03 1.2847080e-04 1.8649550e-04 9.4376934e-05] [0.0682772  0.22602266 0.07412957 0.09221382 0.0474988  0.13549927
 0.0480929  0.13538267 0.17288317] [0.03442882 0.01248904 0.01258822 0.04611388 0.01180672 0.0964983
 0.6818404  0.00717728 0.09705729] [0.01501726 0.03075804 0.01249891 0.04328667 0.03119166 0.09818217
 0.0117681  0.05080199 0.7064952 ] [9.9927121e-01 1.1529116e-04 5.8336351e-05 7.7027857e-05 8.9687775e-05
 7.4958734e-05 1.1111608e-04 6.2673804e-05 1.3964833e-04] [0.12646584 0.08060221 0.24563816 0.03701461 0.20323801 0.12618613
 0.0849853  0.04636246 0.04950723] [0.0503367  0.71467453 0.06178705 0.02519097 0.02776114 0.01490173
 0.05052862 0.01758747 0.03723178] [2.5763508e-04 2.6345113e-04 1.7858835e-04 1.0301732e-04 9.4090959e-05
 1.0200920e-04 9.9882883e-01 1.3346749e-04 3.8942806e-05] [0.07287496 0.06229553 0.1338171  0.0565376  0.07608968 0.32305828
 0.04023106 0.0704721  0.16462371] [5.6589639e-04 3.6040822e-04 4.8973161e-04 9.2306000e-01 2.4140054e-04
 9.3987753e-04 3.8156778e-04 6.5232068e-04 7.3308788e-02] [4.3074321e-04 1.6666611e-04 4.6285157e-04 5.0759548e-04 2.1580480e-04
 1.5455217e-03 1.9651951e-04 9.9602652e-01 4.4784296e-04] [4.0270036e-04 8.8534458e-04 6.4819999e-04 1.0170907e-03 9.9448979e-01
 1.1005535e-03 2.5158274e-04 3.0374527e-04 9.0098853e-04] [1.7216576e-03 9.3755079e-04 9.9349988e-01 1.6110153e-03 3.1468924e-04
 2.8639668e-04 5.2993424e-04 8.1340858e-04 2.8546818e-04] [0.02658497 0.00259683 0.9477923  0.00182805 0.00206951 0.00179228
 0.01240904 0.00298972 0.00193731] [9.4370212e-04 8.3616106e-03 9.8031425e-01 2.5939932e-03 8.9281058e-04
 1.1874174e-03 1.5047361e-03 3.2781328e-03 9.2330179e-04] [5.3359946e-04 8.9761504e-04 1.4255330e-03 7.5557869e-04 9.9406463e-01
 4.8227754e-04 3.3608472e-04 1.0125437e-03 4.9221871e-04] [1.6669052e-03 1.0902777e-03 2.0781355e-03 2.8174759e-03 9.8717272e-01
 7.2571938e-04 8.1980100e-04 1.4949732e-03 2.1340018e-03] [3.1072900e-04 3.1599691e-04 9.9733526e-01 3.9872335e-04 1.4601680e-04
 7.4669853e-04 2.2356222e-04 4.4303379e-04 8.0006626e-05] [0.02223839 0.00874043 0.04102249 0.90164846 0.0037187  0.00365529
 0.00388057 0.00753488 0.00756076] [1.9222959e-03 9.3823403e-01 4.5733962e-02 2.0467143e-03 1.4648971e-03
 1.4278207e-03 6.6676748e-04 1.5149248e-03 6.9885827e-03] [0.00185929 0.06305924 0.00230624 0.89853996 0.002922   0.00611611
 0.00173223 0.00525907 0.01820592] [9.9617368e-01 8.7361952e-04 6.9427228e-04 1.9424126e-04 2.8604190e-04
 5.1245699e-04 5.6830695e-04 2.2163088e-04 4.7582810e-04] [0.00417948 0.03859675 0.01232288 0.91461974 0.0077226  0.00564725
 0.00866266 0.00595959 0.002289  ] [3.9298582e-04 4.0990874e-04 6.6014740e-04 9.8543555e-01 2.6415795e-04
 7.6066132e-04 4.5771583e-04 1.6718280e-03 9.9470522e-03] [1.4336652e-03 9.9659353e-01 1.8551431e-04 2.3193334e-04 2.8818721e-04
 6.1539997e-04 2.2258615e-04 1.3948840e-04 2.8966769e-04] [2.6349039e-04 9.9756962e-01 6.5812439e-04 1.3778660e-04 5.0281431e-04
 2.3632350e-04 2.2031597e-04 2.0155667e-04 2.0998131e-04] [4.7744048e-04 9.9025995e-01 6.0539292e-03 2.4825093e-04 4.4982327e-04
 1.6351728e-04 5.1438698e-04 1.4417138e-03 3.9096797e-04] [9.9304610e-01 8.8547304e-04 7.3746504e-04 1.8075865e-03 5.5947201e-04
 8.2847720e-04 4.4952295e-04 1.0135080e-03 6.7237532e-04] [0.00191482 0.00521212 0.00193046 0.87580335 0.0028619  0.00469927
 0.0039931  0.00391122 0.09967379] [0.31805792 0.07331181 0.10495126 0.07979167 0.06323685 0.03396979
 0.02997717 0.19881639 0.09788716] [1.6862268e-04 7.5537966e-05 1.5983185e-04 7.0744823e-04 2.8954260e-04
 9.9559814e-01 3.2159145e-04 2.4104422e-04 2.4382677e-03] [0.00105376 0.00176385 0.00143639 0.00227391 0.9822958  0.00258818
 0.00233293 0.00127996 0.00497514] [5.1422778e-04 9.1032434e-04 1.1349879e-03 2.0532347e-03 9.0965920e-04
 8.5414322e-03 1.2133555e-03 9.7400284e-01 1.0719989e-02] [3.1001409e-04 3.7415061e-04 9.9682629e-01 6.3375576e-04 5.5702310e-04
 3.1421543e-04 2.5482781e-04 3.0797254e-04 4.2183427e-04] [1.4793024e-04 1.8718300e-04 2.0009733e-04 1.1292381e-03 1.6555430e-04
 9.9456918e-01 3.9469669e-04 4.3692064e-04 2.7692271e-03] [6.2874582e-04 1.4515633e-04 1.6176613e-04 1.6079958e-03 9.9503583e-01
 1.5663854e-03 2.2298002e-04 2.3597335e-04 3.9508945e-04] [2.7374730e-03 7.8471325e-04 2.1907102e-04 2.7756259e-04 7.1558019e-04
 9.5759734e-04 9.9299276e-01 1.1243344e-03 1.9097878e-04] [0.1087966  0.34250942 0.07590379 0.03541932 0.05525833 0.11704762
 0.03812398 0.16701742 0.05992355] [0.02413531 0.04489623 0.02595383 0.04442395 0.17568809 0.04103845
 0.30565804 0.20604257 0.13216357] [0.01027947 0.0299187  0.01549056 0.02071549 0.02318468 0.04068099
 0.0191883  0.01466551 0.8258763 ] [2.7413658e-04 1.9549289e-04 4.2965717e-04 6.5502996e-04 4.0394580e-04
 9.3812071e-04 3.9530330e-04 9.9614894e-01 5.5942283e-04] [0.08463548 0.14475013 0.07855412 0.3581653  0.05350318 0.06317752
 0.07533158 0.08275498 0.05912772] [1.8380696e-03 5.4440135e-04 7.9621328e-04 1.6389139e-03 4.8276247e-04
 5.5826954e-03 5.4238626e-04 3.5264660e-04 9.8822194e-01] [0.04366873 0.01856394 0.02241715 0.01201714 0.0213914  0.07362767
 0.02904928 0.02872726 0.7505374 ] [0.00862321 0.02171149 0.03734863 0.01007618 0.00905463 0.0259652
 0.01806972 0.8479772  0.02117375] [6.9938187e-04 9.8839056e-01 2.5078787e-03 2.7671471e-04 2.0775741e-03
 9.8246464e-04 2.9483796e-03 9.4839837e-04 1.1686339e-03] [0.06572311 0.04403699 0.03987851 0.29987678 0.03250902 0.18555701
 0.04979049 0.02955835 0.25306973] [3.3119174e-03 2.2443624e-03 1.4553880e-03 6.1818813e-03 6.9891277e-04
 3.6263147e-03 2.9046508e-03 9.1490062e-04 9.7866166e-01] [3.1886494e-04 9.7840058e-04 6.0095586e-04 2.9947705e-04 9.9599898e-01
 2.8017384e-04 6.8264938e-04 5.0309714e-04 3.3738613e-04] [3.7130082e-04 7.0711941e-04 5.0215208e-04 1.4138909e-04 9.9742609e-01
 1.0241650e-04 2.0526722e-04 2.3355713e-04 3.1065181e-04] [0.0051972  0.00619037 0.02854512 0.00176904 0.00330416 0.01102022
 0.00430696 0.9272755  0.01239139] [1.6929608e-04 9.6607144e-04 4.7398009e-04 5.9553189e-04 5.7945790e-04
 5.5002089e-04 9.9596018e-01 2.0538816e-04 5.0011504e-04] [0.00249521 0.00319144 0.5716539  0.39110595 0.00272926 0.00153463
 0.0027089  0.00304966 0.02153108] [0.9496973  0.01473881 0.01490998 0.00381052 0.00266512 0.0022277
 0.00418199 0.00480691 0.00296163] [0.02001443 0.04336113 0.6844707  0.01806275 0.02007481 0.13525735
 0.02020649 0.02529272 0.0332596 ] [0.05485156 0.0158726  0.5615388  0.20923    0.01933591 0.05748013
 0.03196749 0.02812412 0.02159937] [5.8755564e-04 9.8746055e-01 7.2585344e-03 3.1683242e-03 4.6042932e-04
 3.9806252e-04 2.5354631e-04 1.8695297e-04 2.2599961e-04] [6.8737468e-04 9.4009488e-04 9.9295759e-01 2.6313064e-03 4.0532585e-04
 3.6809553e-04 2.3741183e-04 1.2893518e-03 4.8346873e-04] [0.00429545 0.00889868 0.01024981 0.03616967 0.04513848 0.00476391
 0.00850942 0.8784198  0.00355477] [9.7992557e-01 8.0898963e-03 1.1144085e-03 9.1147404e-03 3.7046618e-04
 3.1494698e-04 5.2259845e-04 3.0165756e-04 2.4565693e-04] [7.2148949e-04 6.7562854e-04 1.2961490e-03 1.4738521e-03 7.7287090e-04
 6.5848610e-04 9.9141592e-01 1.2103630e-03 1.7752440e-03] [6.5443382e-05 1.2309429e-04 7.8141566e-05 3.8840907e-04 1.0941845e-04
 9.9816281e-01 5.2716862e-04 1.7841242e-04 3.6710722e-04] [9.3007507e-04 1.1525893e-03 1.3460242e-03 1.4918252e-03 5.7913701e-04
 8.8177534e-04 7.8708713e-04 9.9219841e-01 6.3304749e-04] [0.00854609 0.00906151 0.02269694 0.03457954 0.020921   0.6987422
 0.00700934 0.02104117 0.17740221] [6.4676779e-04 2.6121776e-04 8.3592953e-04 4.2540231e-04 9.4971876e-04
 4.2962655e-03 9.9051732e-01 4.3522409e-04 1.6321006e-03] [9.9076205e-01 7.3742034e-04 4.3977649e-04 1.7138181e-03 4.4629513e-03
 3.3261415e-04 3.7693820e-04 9.1307267e-04 2.6131695e-04] [0.00936752 0.00936611 0.0029306  0.00435545 0.00388683 0.00639855
 0.00420595 0.9574906  0.00199831] [4.0416062e-04 6.4926810e-04 1.0874958e-03 2.8158777e-04 2.9062029e-04
 9.3226263e-04 2.2330090e-04 9.9431866e-01 1.8126945e-03] [2.3981181e-03 9.9058187e-01 4.2126696e-03 6.1095029e-04 5.1479717e-04
 4.6606635e-04 4.5009333e-04 4.4296007e-04 3.2250842e-04] [8.6325902e-04 7.8983331e-04 9.9480599e-01 1.0190493e-03 3.7266407e-04
 4.9563957e-04 8.9698110e-04 3.0868372e-04 4.4786526e-04] [1.7867628e-03 9.9042249e-01 1.9194612e-03 6.2562036e-04 8.4303116e-04
 1.4064985e-03 8.6383254e-04 6.8566448e-04 1.4466664e-03] [2.9248811e-04 5.4230721e-04 5.7621847e-04 2.8965864e-04 3.7658805e-04
 9.9115330e-04 3.9148564e-04 9.9595249e-01 5.8763969e-04] [9.98511016e-01 1.03133956e-04 3.43846856e-04 8.50765427e-05
 1.82677439e-04 2.90504133e-04 1.48453692e-04 2.28507590e-04
 1.06785134e-04] [0.07535852 0.04173259 0.03622833 0.05941529 0.02005209 0.6380902
 0.05856626 0.0126763  0.05788046] [0.08521285 0.10767385 0.06544975 0.04297634 0.41301987 0.04970593
 0.05075016 0.07833018 0.10688103] [0.7970642  0.00750704 0.00247026 0.00736455 0.00335627 0.00111297
 0.00446313 0.00138074 0.17528088] [0.05095998 0.02100184 0.05989256 0.09118616 0.04049205 0.05747556
 0.11843459 0.44068637 0.11987088] [4.85919241e-04 1.41202821e-04 6.19527476e-04 7.46108184e-04
 1.20883764e-04 5.59400627e-03 9.91907954e-01 3.22241132e-04
 6.21312283e-05] [6.6373358e-04 1.2093367e-04 3.4289071e-04 4.4358970e-04 9.5674892e-05
 1.2507584e-04 9.9729627e-01 7.7354087e-04 1.3825211e-04] [0.03129954 0.0323672  0.02284718 0.00506245 0.0085353  0.01657904
 0.00488433 0.8737639  0.00466109] [9.9901271e-01 1.1315179e-04 2.0837778e-04 8.6560547e-05 8.5883818e-05
 1.6256531e-04 9.3161390e-05 1.3236888e-04 1.0516655e-04] [9.0250462e-05 4.4382058e-04 2.9969576e-04 1.7961221e-04 9.9741286e-01
 5.9962965e-04 1.9666452e-04 1.6261544e-04 6.1482849e-04] [1.3989388e-03 1.0482880e-03 2.9869337e-04 7.4921758e-04 9.9380386e-01
 7.7478163e-04 9.8158605e-04 5.0243229e-04 4.4224039e-04] [8.9717394e-04 9.9401206e-01 3.4692872e-03 3.3913978e-04 3.8082828e-04
 2.8158689e-04 2.4557795e-04 2.1852116e-04 1.5577287e-04] [8.6917323e-01 8.0094211e-02 1.5612759e-02 8.0498762e-04 8.5845077e-03
 6.6814371e-03 1.1455647e-03 9.5506525e-04 1.6948232e-02] [0.0065763  0.00263797 0.00347569 0.00543093 0.00128207 0.00186271
 0.00442877 0.96678144 0.00752412] [0.03884044 0.32414353 0.43906868 0.03468172 0.03212005 0.04882556
 0.02189022 0.01599084 0.044439  ] [1.0940772e-03 2.9686603e-03 7.3078123e-04 6.5651431e-04 4.4550337e-03
 3.0725285e-02 8.7363977e-04 6.6616839e-01 2.9232764e-01] [0.00170663 0.00437567 0.00197435 0.9655935  0.00321106 0.01261655
 0.00178205 0.00116398 0.00757623] [8.4010459e-04 9.8882514e-01 2.1430065e-03 1.0231450e-03 1.3057060e-03
 1.0546225e-03 7.9065689e-04 1.7260100e-03 2.2916696e-03] [0.00352353 0.00451611 0.01177985 0.00458257 0.010119   0.09988503
 0.840182   0.0078078  0.01760418] [0.01450612 0.50851715 0.37567362 0.02379774 0.0224596  0.01071008
 0.01009702 0.01856212 0.01567651] [0.01620532 0.01828414 0.02612208 0.03092707 0.00969268 0.8231702
 0.03311449 0.02662809 0.01585591] [0.00902113 0.00648782 0.01216307 0.54851604 0.00809241 0.1295646
 0.01278723 0.00791859 0.2654491 ] [0.9138773  0.0116452  0.05664223 0.00720028 0.00104606 0.00098578
 0.00268327 0.00293873 0.00298114] [4.2124084e-04 5.0861208e-04 3.6288751e-04 1.0159056e-03 9.9698871e-01
 2.1629324e-04 1.7662939e-04 1.8328545e-04 1.2647762e-04] [0.05381888 0.07902411 0.01730466 0.03508512 0.01204643 0.62636995
 0.01444193 0.02749599 0.13441288] [0.01118574 0.00773499 0.9585194  0.00311478 0.00237824 0.00231554
 0.00383059 0.00795508 0.00296565] [0.01487463 0.01527985 0.0118156  0.01930742 0.9067933  0.00233533
 0.00511769 0.01297519 0.01150095] [0.10586087 0.09849798 0.24004701 0.06678    0.04737261 0.1496481
 0.09969012 0.08921821 0.10288506] [0.04509417 0.05196031 0.01869274 0.04415424 0.04078015 0.14943516
 0.04366509 0.5574516  0.04876653] [1.3050181e-03 2.1820248e-03 8.4592076e-04 3.9006930e-03 2.4387124e-03
 4.7635306e-03 9.7374547e-01 4.3053753e-03 6.5131970e-03] [2.5475762e-04 1.3186358e-04 2.3326915e-04 7.8695346e-05 9.9893421e-01
 6.5025939e-05 1.7947372e-04 6.4645981e-05 5.8002242e-05] [0.09067731 0.10266475 0.04853132 0.04733587 0.04005515 0.45912442
 0.08881216 0.04933471 0.07346427] [0.00279288 0.00347897 0.00181508 0.00410686 0.00285453 0.0140511
 0.00514916 0.0041634  0.96158797] [2.33355866e-04 7.24686775e-04 8.40295033e-05 1.13879541e-04
 1.16631600e-04 9.97567832e-01 1.04450424e-04 1.59285657e-04
 8.95818695e-04] [0.01147947 0.00556786 0.00438397 0.0065433  0.00568054 0.00886924
 0.00244328 0.00339504 0.9516373 ] [0.01035627 0.02229561 0.00631777 0.07184724 0.01239315 0.04946444
 0.04901046 0.01051505 0.7678    ] [0.00462835 0.01560344 0.9579562  0.00269771 0.0049651  0.00352536
 0.00316472 0.00221483 0.00524427] [5.3349312e-04 1.0435954e-03 1.2214022e-03 1.5560533e-03 6.2727038e-04
 1.1479828e-03 9.9264598e-01 5.7299220e-04 6.5126416e-04] [6.3296309e-04 9.8431015e-01 1.2474059e-02 2.8657803e-04 6.2749285e-04
 3.7557387e-04 3.0557319e-04 5.9150311e-04 3.9612330e-04] [9.1793644e-04 3.8940206e-04 4.1992537e-04 2.3831436e-04 9.9665821e-01
 2.4263722e-04 6.0056784e-04 2.8754782e-04 2.4543580e-04] [1.0756939e-04 1.1176991e-04 1.0177456e-04 2.7118612e-04 1.6964391e-04
 9.9861288e-01 1.7043868e-04 1.4010441e-04 3.1465557e-04] [0.18338236 0.07382005 0.04562629 0.10709579 0.03198044 0.32285747
 0.10647837 0.03658335 0.09217589] [0.01925314 0.02498016 0.03438422 0.61945826 0.02852025 0.04628095
 0.06187931 0.10469674 0.06054692] [0.00683402 0.00602474 0.01036399 0.92668575 0.00482836 0.03122123
 0.00636707 0.00347389 0.00420088] [3.1426485e-04 9.9696404e-01 8.5356092e-04 2.2950636e-04 2.3226708e-04
 2.4579739e-04 3.2462773e-04 5.5333978e-04 2.8264086e-04] [9.9441481e-01 1.5248391e-03 5.5538362e-04 7.9522189e-04 3.9361248e-04
 3.0532779e-04 1.1067578e-03 4.5269864e-04 4.5136551e-04] [0.00468557 0.00323967 0.00233553 0.95650697 0.00313272 0.01128726
 0.00379905 0.0047135  0.01029972] [9.98666644e-01 1.36505434e-04 2.97557912e-04 1.04475264e-04
 1.51981920e-04 1.25442442e-04 1.11183013e-04 2.30618796e-04
 1.75617606e-04] [0.10204019 0.07330683 0.10224778 0.07911729 0.108048   0.08656467
 0.22786382 0.07341765 0.14739373] [2.4012572e-04 3.2581782e-04 5.3122023e-04 4.8743832e-04 4.2142015e-04
 1.0178201e-02 9.8245162e-01 4.3905298e-03 9.7364507e-04] [1.00648205e-04 1.89179380e-04 1.47854968e-04 8.69079842e-04
 1.63983001e-04 9.97304797e-01 3.70666792e-04 3.50136630e-04
 5.03606338e-04] [0.03885282 0.06677503 0.12120096 0.03870206 0.03751729 0.1474167
 0.05307081 0.29239997 0.20406435] [2.6080885e-03 1.0922144e-03 1.9336350e-02 9.6202457e-01 8.2391221e-04
 1.0936658e-03 8.9625316e-04 1.3974585e-03 1.0727452e-02] [2.4525195e-03 1.2702740e-03 4.5096671e-04 6.2921795e-04 4.8211202e-04
 1.5087331e-03 4.1401086e-04 9.9115378e-01 1.6383844e-03] [0.51783484 0.04711438 0.04876395 0.05603379 0.06821094 0.06401881
 0.06033779 0.11051675 0.02716871] [0.01781926 0.01883855 0.77571726 0.06153867 0.01163613 0.01258328
 0.04832477 0.0087463  0.04479574] [0.00583961 0.04382098 0.0056405  0.01315795 0.01106071 0.04184294
 0.05703119 0.00980699 0.81179917] [3.8892814e-04 3.5093978e-04 5.0542079e-04 6.6060701e-04 8.1016961e-04
 9.8937863e-01 1.8997978e-04 1.1922704e-03 6.5230457e-03] [2.5985334e-03 8.7576103e-04 7.4801227e-04 1.4899299e-03 1.1201293e-03
 6.0529620e-03 5.9476163e-04 1.5930430e-03 9.8492682e-01] [1.4979655e-03 6.6267478e-04 9.8836503e-04 6.4268528e-04 9.9317509e-01
 4.9429759e-04 8.1180991e-04 5.9351214e-04 1.1336278e-03] [2.3644217e-03 9.8988134e-01 1.7367086e-03 8.0863870e-04 1.0916439e-03
 6.1436748e-04 7.6934526e-04 1.9607549e-03 7.7271374e-04] [0.02637825 0.01290434 0.7559533  0.02658173 0.01787625 0.06314079
 0.00964293 0.03551827 0.05200412] [1.4413160e-03 1.5450534e-03 1.2666815e-03 1.3621623e-03 1.9300464e-03
 2.0479877e-03 9.1385160e-04 9.2224689e-04 9.8857063e-01] [1.3170870e-03 1.2351143e-03 1.5838835e-03 3.9645266e-03 9.8157758e-01
 1.2568787e-03 1.3937259e-03 8.9096726e-04 6.7802360e-03] [0.02733812 0.00771018 0.80907774 0.00797181 0.09809668 0.01876814
 0.00687912 0.01473063 0.00942753] [0.24913998 0.4036812  0.02285426 0.03798688 0.02731787 0.01336417
 0.20132436 0.01611992 0.02821136] [4.4904841e-04 2.6637010e-04 3.2867520e-04 1.6724254e-04 9.9773139e-01
 3.4162684e-04 3.7211200e-04 1.4912769e-04 1.9443853e-04] [9.97587442e-01 1.00835372e-04 9.10082890e-04 1.57007045e-04
 3.32980679e-04 1.21276586e-04 2.19473499e-04 3.29073402e-04
 2.41856411e-04] [9.5363206e-04 7.7594467e-04 3.8776079e-03 4.8144525e-03 7.5861573e-04
 9.5261767e-04 2.4736372e-03 9.8452652e-01 8.6700858e-04] [0.0026041  0.00516702 0.00237976 0.00544045 0.00370456 0.00534111
 0.00273726 0.00438149 0.96824425] [6.4495392e-04 9.9166065e-01 1.6497597e-03 8.5746334e-04 1.0465790e-03
 8.4403838e-04 7.4132218e-04 1.4570657e-03 1.0982268e-03] [0.00270565 0.02094793 0.00576405 0.00427578 0.93776876 0.0038318
 0.00502159 0.00981336 0.00987103] [5.0462323e-04 9.5784944e-04 2.6891876e-03 9.8617667e-01 4.9510604e-04
 1.3712202e-03 1.4964474e-03 1.1610806e-03 5.1478413e-03] [9.9382943e-01 8.5089257e-04 6.7028287e-04 3.8961493e-04 1.1394194e-03
 8.8906311e-04 6.7845924e-04 3.9293969e-04 1.1599540e-03] [0.01103545 0.06869959 0.7434966  0.01919643 0.02374403 0.02378662
 0.05003661 0.03409599 0.02590869] [1.3193696e-04 2.0243175e-04 2.3909705e-04 8.6100226e-05 9.1197304e-05
 9.9808609e-01 1.1363312e-04 8.2077493e-04 2.2870024e-04] [6.5215060e-04 8.2235283e-04 9.9598455e-01 1.1378474e-03 3.2458603e-04
 4.6830610e-04 1.5173355e-04 2.1444846e-04 2.4409428e-04] [2.4224680e-04 3.2246986e-04 1.0667173e-02 5.4966507e-04 9.8691642e-01
 3.6599737e-04 3.5591197e-04 3.0360976e-04 2.7645487e-04] [1.2284709e-03 9.2347275e-04 5.2900187e-04 9.9223620e-01 6.1825645e-04
 1.3840538e-03 5.3276762e-04 1.9713973e-03 5.7641056e-04] [0.04241921 0.01885851 0.15694505 0.15530169 0.02410668 0.20280033
 0.0248081  0.01894708 0.35581338] [1.6561216e-04 1.1478197e-04 8.9185698e-05 8.3523257e-05 1.1422788e-04
 5.4104161e-04 9.6835829e-05 9.9768829e-01 1.1065319e-03] [0.10960259 0.06766457 0.12443635 0.10230988 0.21361953 0.09193069
 0.03414265 0.07815199 0.17814182] [3.0662611e-04 3.1462281e-03 2.0061756e-04 6.6623691e-04 2.9022389e-04
 5.0249957e-03 3.5726896e-03 1.0319116e-03 9.8576051e-01] [1.6976614e-03 9.9070054e-01 3.7740057e-03 4.8777708e-04 9.3679450e-04
 9.4167970e-04 5.7659141e-04 4.6086812e-04 4.2407791e-04] [0.02185811 0.01528502 0.0136489  0.04207296 0.05796947 0.41320342
 0.05495119 0.03128359 0.3497274 ] [9.98933375e-01 1.42944351e-04 9.14303964e-05 1.89112092e-04
 1.06704851e-04 1.28798158e-04 5.58544816e-05 1.09283836e-04
 2.42465336e-04] [9.9777919e-01 2.8966926e-04 2.2095483e-04 1.8928309e-04 5.9738621e-04
 1.4667564e-04 2.3731616e-04 2.0762408e-04 3.3189944e-04] [4.7931778e-03 9.5202088e-01 3.0461345e-02 1.6594758e-03 2.0241297e-03
 1.1668936e-03 1.4656357e-03 5.4941061e-03 9.1440068e-04] [0.00678924 0.00519632 0.02286517 0.8593306  0.02646402 0.0358734
 0.00747929 0.00478756 0.03121442] [2.9589480e-04 9.9650687e-01 3.1109748e-04 6.6400692e-04 7.3219935e-04
 4.8332024e-04 3.0781544e-04 3.3828779e-04 3.6043773e-04] [0.00159564 0.00262121 0.00297778 0.02318272 0.00210646 0.00704541
 0.9338601  0.00130667 0.02530395] [0.01304084 0.01565107 0.00243565 0.0118571  0.00372254 0.07976892
 0.48833802 0.00473609 0.38044977] [2.7130716e-04 2.6869311e-04 2.9225866e-04 2.9051962e-04 9.9462944e-01
 1.2572171e-03 2.3450251e-04 2.0985997e-03 6.5748789e-04] [0.04200187 0.03960864 0.12141807 0.09735708 0.04585116 0.16109909
 0.04997814 0.04777271 0.3949133 ] [7.1126613e-04 8.8398950e-04 5.7192839e-04 6.1791769e-04 9.9396122e-01
 9.8480249e-04 8.5086416e-04 9.7627437e-04 4.4171265e-04] [1.3141018e-04 1.2964114e-04 9.9812526e-01 5.5869709e-04 1.4832079e-04
 1.2474423e-04 4.0674093e-04 2.6488461e-04 1.1033392e-04] [0.00815095 0.8708952  0.07824651 0.00478191 0.00473233 0.00364367
 0.01746058 0.00828677 0.00380209] [0.04197608 0.12882616 0.39911345 0.02215732 0.05595789 0.12498377
 0.01600921 0.02139081 0.18958528] [0.03208606 0.02242146 0.01120721 0.09214898 0.1003468  0.22196595
 0.07467529 0.16499889 0.28014937] [7.96838794e-05 1.30086133e-04 7.91023122e-05 1.38247822e-04
 8.13854858e-05 9.97069418e-01 5.85740840e-04 1.12240654e-04
 1.72406400e-03] [1.9715915e-03 9.9257201e-01 2.4750771e-03 4.6239045e-04 2.9035087e-04
 4.1930715e-04 5.1616062e-04 4.9073045e-04 8.0234680e-04] [1.9070375e-03 7.0485775e-04 2.2704627e-03 1.3799793e-03 4.3525425e-04
 6.4839516e-04 1.4036337e-03 9.8910576e-01 2.1446184e-03] [9.8820508e-01 9.4556151e-04 3.6489458e-03 3.6752073e-04 6.6427275e-04
 1.9908932e-03 6.2785263e-04 2.3401142e-03 1.2097751e-03] [1.25799663e-04 1.19537144e-04 1.92749838e-04 1.72106229e-04
 8.96725687e-05 1.74341025e-04 9.98764634e-01 1.79841911e-04
 1.81322976e-04] [1.8613199e-03 2.6665008e-04 1.3015048e-04 3.7734007e-04 2.7539115e-04
 3.4543949e-03 2.9661221e-04 9.8761290e-01 5.7252129e-03] [0.00444067 0.02203199 0.00299873 0.09062691 0.00225625 0.8520206
 0.0036298  0.0060553  0.01593969] [0.01613893 0.03002159 0.8732374  0.00468972 0.01077514 0.01951206
 0.02524552 0.01047231 0.00990736] [7.79333815e-04 9.81784940e-01 1.10598225e-02 7.91255501e-04
 1.44731894e-03 9.25463741e-04 9.96847288e-04 7.85820885e-04
 1.42926874e-03] [9.0128407e-03 1.5557035e-03 3.1105839e-02 1.1992569e-03 4.1351439e-03
 4.4939443e-03 2.3947572e-03 8.6333195e-04 9.4523913e-01] [1.4346347e-02 1.2534992e-04 1.3872724e-04 2.6300107e-04 5.9592485e-04
 2.6166798e-03 9.8092055e-01 1.9305939e-04 8.0035545e-04] [0.06930486 0.03751554 0.0279027  0.05530721 0.01870939 0.7000124
 0.02952359 0.02184125 0.03988308] [0.00792201 0.01073504 0.01442323 0.8614109  0.00280168 0.08272031
 0.00622602 0.01012181 0.00363901] [0.00247398 0.00212517 0.00242315 0.00381021 0.00484775 0.01756859
 0.9564025  0.00209768 0.00825102] [0.06292103 0.03179333 0.04571722 0.05383667 0.06067398 0.03132881
 0.03063889 0.04517557 0.6379145 ] [0.04310735 0.0443499  0.61990744 0.04660864 0.05219094 0.02352877
 0.04137415 0.0317696  0.09716324] [2.9904768e-04 1.9275589e-04 1.8553929e-02 9.7948408e-01 1.7190413e-04
 2.1130337e-04 1.4929011e-04 1.7735419e-04 7.6030887e-04] [2.8403651e-04 1.6174438e-04 7.7062845e-04 9.9225837e-01 5.3208001e-04
 1.1084605e-03 3.0395988e-04 4.0972134e-04 4.1709892e-03] [1.2842365e-04 3.0337420e-04 2.8065796e-04 3.5188600e-04 1.8896525e-04
 9.9793696e-01 1.9304357e-04 2.1098538e-04 4.0573833e-04] [6.7384425e-04 2.2195030e-03 6.1891298e-04 1.1027642e-03 9.9300003e-01
 4.3322844e-04 3.9539096e-04 5.0485384e-04 1.0515075e-03] [8.4197061e-04 2.7559989e-03 7.6473062e-04 6.3020282e-04 8.8195864e-04
 9.2840323e-04 5.1897918e-03 1.5775014e-03 9.8642945e-01] [8.1284251e-04 9.2790498e-05 1.0370070e-02 9.8790902e-01 1.3340860e-04
 8.8263347e-05 2.1530657e-04 9.5574418e-05 2.8279066e-04] [2.6158434e-03 9.9467951e-01 5.2884867e-04 4.2749001e-04 4.6896358e-04
 3.0991220e-04 2.2311261e-04 2.8013031e-04 4.6613265e-04] [6.2523206e-04 1.0886139e-03 9.1907271e-04 1.1513208e-03 1.5203131e-03
 4.6298356e-04 2.1934671e-04 9.9364519e-01 3.6796124e-04] [9.9821496e-01 3.1062186e-04 2.1235645e-04 8.6111177e-05 2.4164576e-04
 1.6123873e-04 4.2578558e-04 2.2618702e-04 1.2111516e-04] [0.04702281 0.01067464 0.00701112 0.01033656 0.00831012 0.05143166
 0.0147427  0.01442542 0.8360449 ] [1.2959655e-03 6.7134429e-04 6.8600680e-04 8.6862507e-04 9.9101615e-01
 1.6471223e-03 1.8661200e-03 9.1135356e-04 1.0373396e-03] [1.11871304e-04 7.01008030e-05 9.04210974e-05 4.18047915e-04
 1.51147513e-04 3.71806906e-04 9.95706618e-01 1.43346188e-04
 2.93661444e-03] [0.00319342 0.00166451 0.00361052 0.9583631  0.00289311 0.00761784
 0.00807487 0.00444785 0.01013478] [9.9807692e-01 4.0072182e-04 2.0973456e-04 1.2499242e-04 1.3407606e-04
 7.8473044e-05 2.0139912e-04 1.2956168e-04 6.4413436e-04] [1.2635552e-04 9.9887794e-01 1.3582586e-04 1.0016862e-04 1.3450089e-04
 8.6385342e-05 1.3344796e-04 2.3342379e-04 1.7194677e-04] [1.6618537e-03 7.7853614e-04 1.2293872e-03 4.1933735e-03 1.4913812e-03
 2.5913105e-03 4.9967663e-03 9.8014325e-01 2.9140795e-03] [3.7278319e-03 1.4023528e-04 2.6171803e-04 1.7413443e-04 9.9424642e-01
 3.7340476e-04 5.9213949e-04 2.1463967e-04 2.6953316e-04] [2.5827988e-04 1.6687796e-04 1.5002933e-04 4.3004649e-04 3.3399332e-04
 3.4257077e-04 9.9571592e-01 4.8454225e-04 2.1177281e-03]",3 7 5 7 0 2 8 4 6 7 2 0 2 6 8 0 6 2 6 8 8 7 4 2 2 2 4 4 2 3 1 3 0 3 3 1 1 1 0 3 3 5 4 7 2 5 4 6 5 6 8 7 8 8 6 7 1 8 8 4 4 7 6 2 0 2 3 1 2 7 0 6 5 7 5 6 0 7 7 1 2 1 7 0 5 6 8 5 6 6 7 0 4 4 1 0 7 1 8 3 1 6 1 5 3 0 4 5 2 4 5 5 6 4 5 8 5 8 8 2 6 1 4 5 3 3 3 1 0 3 0 8 6 5 7 3 7 0 2 8 5 8 4 1 3 8 4 2 0 4 0 7 7 1 4 3 0 2 5 2 4 3 3 7 8 8 1 8 0 0 1 3 1 6 6 4 5 4 2 1 2 5 5 1 7 0 6 7 5 2 1 8 6 5 3 6 8 2 2 3 5 4 8 3 1 7 0 0 4 6 3 0 1 7 4 6
1468,3,xgboost,0.02,10000,10000,0.8842592592592593,0.9906201774691357,"[0.04115488 0.08644845 0.10916664 0.07398906 0.02012586 0.04245179
 0.03526084 0.02983393 0.56156856] [1.2402995e-04 1.4758573e-04 9.9898380e-01 8.2500970e-05 8.3440194e-05
 1.6330442e-04 2.1274836e-04 1.4707977e-04 5.5547123e-05] [2.6504419e-04 1.5793418e-04 1.0619724e-04 1.8093828e-04 1.6533927e-04
 6.3714030e-04 9.9788022e-01 1.8109677e-04 4.2614419e-04] [0.01821788 0.02492137 0.6464752  0.07415194 0.01326641 0.13494503
 0.02632357 0.02032489 0.04137368] [0.00245627 0.00428386 0.00243659 0.9751187  0.00220653 0.00474114
 0.00174936 0.00260387 0.00440368] [1.2636940e-04 4.1193114e-05 2.7369452e-04 9.9165489e-05 1.6999623e-04
 9.9896193e-01 7.8326157e-05 1.3261079e-04 1.1667112e-04] [2.6604551e-04 1.0468489e-04 8.5972606e-05 4.2449145e-05 7.8554818e-05
 9.9863404e-01 3.9959585e-04 1.7772074e-04 2.1095666e-04] [5.0350570e-04 3.3035199e-04 5.2082934e-04 2.2344827e-04 9.9734890e-01
 2.5814402e-04 2.7844307e-04 1.5763570e-04 3.7870836e-04] [0.00283406 0.06737389 0.88226736 0.00754444 0.00556299 0.0141742
 0.01242535 0.00325113 0.00456652] [0.0080407  0.00589536 0.01027172 0.94495773 0.00363918 0.00698996
 0.00693599 0.00574189 0.00752745] [2.65589362e-04 2.10208105e-04 1.20580554e-01 8.75687301e-01
 1.70872416e-04 1.07608282e-03 8.62165645e-04 5.10069949e-04
 6.37123710e-04] [9.9717158e-01 3.7878638e-04 2.7694690e-04 1.8909496e-04 2.2213829e-04
 5.2864110e-04 7.7422085e-04 3.5784283e-04 1.0073471e-04] [5.3647248e-04 1.8596889e-04 2.7335869e-04 2.2913932e-04 3.3246129e-04
 5.2919536e-04 5.0815934e-04 9.9676406e-01 6.4120640e-04] [0.05234587 0.05040647 0.12817243 0.2841589  0.06105584 0.076608
 0.03325902 0.2354826  0.07851086] [1.5251419e-03 9.8696309e-01 4.2074271e-03 3.7876415e-04 7.0096308e-04
 2.0185956e-03 2.8619864e-03 5.5759557e-04 7.8648201e-04] [0.08529081 0.01863954 0.02761707 0.02127384 0.05231476 0.14540137
 0.02201826 0.04869488 0.5787495 ] [6.1757490e-04 7.3883386e-04 8.8206329e-04 1.5386303e-03 9.8432201e-01
 3.4825713e-03 1.8540424e-03 2.5952978e-03 3.9689080e-03] [7.8470516e-04 1.9849131e-04 1.0753864e-04 3.6132598e-04 1.6402549e-04
 9.9342769e-01 8.5983833e-04 2.2289921e-04 3.8734262e-03] [5.0642928e-03 1.4670867e-03 8.2610408e-04 9.1401022e-04 1.4357192e-03
 2.2603660e-03 2.3641251e-03 6.6058896e-04 9.8500764e-01] [4.5156197e-04 8.3668937e-04 4.5476519e-04 1.9395728e-04 3.3229569e-04
 3.1879099e-04 1.9857152e-03 9.9208730e-01 3.3389244e-03] [2.1515891e-03 2.8527642e-03 1.8205955e-03 6.7774212e-04 9.7389674e-01
 1.0127029e-03 2.8678093e-03 1.3738980e-02 9.8111632e-04] [0.02980052 0.02313556 0.01224029 0.03457709 0.0214923  0.7750157
 0.01802956 0.01723428 0.0684747 ] [1.8851942e-04 2.1651198e-04 2.3041276e-04 2.5250923e-04 3.1286324e-04
 9.9755365e-01 1.8215836e-04 7.4058253e-04 3.2284565e-04] [8.6131738e-04 2.5615963e-04 1.8202813e-04 8.6496520e-04 4.1358452e-04
 9.9571085e-01 7.8384543e-04 2.4064751e-04 6.8655080e-04] [6.2937493e-04 2.5570186e-04 7.0881192e-04 4.5489200e-04 2.3999168e-04
 3.1534070e-04 9.9481153e-01 5.9823121e-04 1.9860789e-03] [9.9274921e-01 1.8501894e-03 7.6839537e-04 2.8518046e-04 5.9939845e-04
 5.3906831e-04 2.0254352e-03 8.6797139e-04 3.1507527e-04] [0.02371949 0.07895809 0.14641787 0.11415415 0.04425089 0.25878498
 0.21738183 0.03403464 0.08229806] [5.4778229e-04 3.0130756e-04 1.7029008e-04 4.6791945e-04 9.9652988e-01
 4.2272030e-04 8.3184527e-04 4.6882758e-04 2.5942773e-04] [9.6001988e-04 1.2384590e-03 9.8853755e-01 1.4757448e-03 1.7262388e-03
 2.8451530e-03 1.3840670e-03 1.4982276e-03 3.3455266e-04] [0.00115784 0.00354543 0.01900896 0.9509788  0.00196979 0.00874611
 0.00543841 0.00333515 0.00581945] [2.1818886e-04 5.1825884e-04 2.5064644e-04 3.3052675e-03 9.9237651e-01
 2.1784406e-03 3.6825781e-04 2.8876177e-04 4.9569446e-04] [9.9245328e-01 2.5623682e-04 1.2826014e-04 1.2990137e-03 8.6902728e-04
 1.7427276e-03 9.1048051e-04 5.5605010e-04 1.7849418e-03] [0.05072924 0.01996642 0.72675747 0.01248943 0.02575217 0.03580273
 0.02915341 0.04525949 0.05408965] [1.53702611e-04 1.96541194e-03 2.11737715e-04 2.92482146e-04
 9.96379673e-01 1.06249623e-04 1.15149436e-04 2.40927446e-04
 5.34656225e-04] [0.02203713 0.00724078 0.8903149  0.01814167 0.01932709 0.01556356
 0.01582943 0.00885574 0.00268974] [3.4448408e-04 4.2074252e-04 1.6946392e-04 5.0744263e-04 4.2087416e-04
 1.6860947e-03 9.9497765e-01 6.1397930e-04 8.5929176e-04] [0.00609236 0.01785592 0.94877976 0.0041812  0.00539509 0.00591917
 0.0049854  0.00495049 0.00184062] [9.9737406e-01 4.6796896e-04 4.8894592e-04 3.6665887e-04 2.0900463e-04
 1.9974349e-04 2.6814928e-04 2.4508865e-04 3.8032871e-04] [2.3045824e-04 6.6203537e-04 6.2875124e-04 3.9643535e-04 2.6740099e-04
 2.9882477e-04 7.6393347e-04 9.9668932e-01 6.2777726e-05] [2.6561631e-04 1.5221065e-04 1.4288192e-04 5.3278840e-04 1.6818353e-04
 7.1323302e-04 9.9611449e-01 6.3255173e-04 1.2780724e-03] [0.04768664 0.04549316 0.03851066 0.06308351 0.03151583 0.44241482
 0.02359802 0.05578288 0.2519145 ] [1.8708227e-04 9.5122668e-05 9.5835909e-05 8.0928359e-05 5.5001350e-05
 8.4508225e-05 9.9929678e-01 5.3287589e-05 5.1389175e-05] [3.26132547e-04 9.97655869e-01 6.25992019e-04 1.02159895e-04
 1.55179921e-04 2.57683510e-04 1.60195821e-04 2.71910365e-04
 4.44813573e-04] [9.0055331e-04 9.3685923e-04 5.4118447e-03 7.1091758e-04 9.8941445e-01
 7.8776578e-04 1.1369084e-03 3.5017086e-04 3.5053137e-04] [1.9473089e-04 1.8495606e-04 9.9835616e-01 4.4746714e-04 1.5260759e-04
 2.1361280e-04 9.2110153e-05 3.1437102e-04 4.3983022e-05] [7.9792732e-04 3.6223224e-04 3.3668612e-04 2.9086575e-03 9.8587984e-01
 2.1865659e-03 7.1041955e-04 5.1444052e-03 1.6733244e-03] [7.5870630e-05 5.5989076e-05 6.8929570e-05 7.7527839e-05 7.1199604e-05
 8.6730113e-04 9.9807334e-01 8.1741680e-05 6.2807347e-04] [1.8039767e-03 1.0926317e-03 9.1770850e-04 1.7318439e-04 9.9518520e-01
 1.9248977e-04 1.7554899e-04 3.6514085e-04 9.4090501e-05] [0.14963256 0.11401363 0.22605377 0.08372439 0.10335214 0.06727751
 0.10167127 0.05014553 0.10412914] [0.00472898 0.00748369 0.01891401 0.01410628 0.00955849 0.11418149
 0.01447571 0.00591491 0.81063646] [6.8936258e-04 9.9511957e-01 1.2685776e-03 1.0833845e-03 3.6818348e-04
 4.8165963e-04 4.6794175e-04 2.2572877e-04 2.9559335e-04] [0.00741339 0.01017011 0.00653401 0.02066069 0.0072873  0.14598837
 0.02560336 0.7686901  0.00765268] [0.02891912 0.02161789 0.01198179 0.14394787 0.01834458 0.06872345
 0.03413342 0.02879416 0.6435377 ] [0.04519447 0.25313407 0.32238364 0.0696433  0.05761725 0.02528795
 0.0901055  0.05796805 0.07866581] [9.9883658e-01 3.5501044e-04 1.5174474e-04 6.9393151e-05 9.3198447e-05
 2.5048701e-04 8.3964675e-05 7.1127295e-05 8.8500870e-05] [1.2356185e-04 9.9853933e-01 2.6989268e-04 6.4843342e-05 1.4738915e-04
 1.6050090e-04 1.3042397e-04 3.7338815e-04 1.9064733e-04] [0.00431483 0.97498995 0.00668565 0.00159939 0.0020489  0.00320746
 0.00171018 0.00434787 0.00109572] [1.6139101e-04 2.1664929e-04 9.1058966e-05 1.7694428e-04 3.0383802e-04
 4.6655949e-04 8.8013119e-05 9.9841857e-01 7.6982898e-05] [0.01426164 0.06015551 0.10818857 0.04021465 0.021131   0.6409282
 0.02497845 0.05096357 0.03917844] [0.11637424 0.04799487 0.39113927 0.04789227 0.08015327 0.05003954
 0.04187453 0.05437172 0.17016035] [9.9551904e-01 5.5483717e-04 5.0504989e-04 2.8789078e-04 4.7194114e-04
 1.1486717e-03 2.8152610e-04 5.2933389e-04 7.0173992e-04] [2.8118741e-04 5.0711603e-04 1.8106031e-04 4.4054212e-04 1.9826238e-04
 7.9501956e-04 9.9620372e-01 2.6332014e-04 1.1297927e-03] [2.0263546e-04 9.9554282e-01 7.8042038e-04 2.2692776e-04 2.8191213e-04
 3.5036955e-04 2.4200421e-04 3.7460439e-04 1.9983419e-03] [3.8601863e-04 1.2372290e-04 2.6874517e-03 7.5038013e-05 9.9588376e-01
 9.7071868e-05 4.1354058e-04 1.9769167e-04 1.3564738e-04] [0.00705112 0.00797868 0.02042917 0.00788949 0.00839865 0.01604342
 0.00847529 0.8992825  0.0244517 ] [0.00341877 0.00243216 0.00696138 0.9729092  0.0030426  0.00436333
 0.00248947 0.00206021 0.0023229 ] [0.02397884 0.86458033 0.01392218 0.01311543 0.01269004 0.00763941
 0.00801552 0.0051721  0.05088615] [0.0061732  0.00306054 0.54887056 0.3226732  0.00467602 0.05816303
 0.01296683 0.0085067  0.03490997] [0.00902045 0.00824631 0.0058814  0.02106397 0.00934682 0.0122112
 0.0070898  0.01205358 0.9150865 ] [2.2068508e-03 1.1293980e-03 9.6862644e-01 8.3162384e-03 1.1718541e-03
 1.3294121e-03 1.4904059e-03 1.5158499e-02 5.7092600e-04] [0.05639886 0.08487386 0.08855269 0.15077071 0.03562631 0.19882227
 0.05393489 0.08308011 0.24794027] [0.00333495 0.0021975  0.00284757 0.39156    0.00243537 0.00550493
 0.0084802  0.0025863  0.5810532 ] [1.6170607e-03 9.8533708e-01 2.5605939e-03 1.2314793e-03 7.1814528e-04
 4.0110963e-04 5.7040225e-04 6.6893189e-03 8.7486790e-04] [1.56253154e-04 9.97920573e-01 1.10739551e-03 2.43248476e-04
 1.01881065e-04 5.79516200e-05 6.74444818e-05 1.07552340e-04
 2.37661894e-04] [0.91110593 0.00325616 0.00777764 0.02042066 0.00210478 0.0077657
 0.03532647 0.00340093 0.00884168] [0.02252326 0.05120439 0.6252533  0.0380947  0.0318164  0.01892409
 0.13379152 0.02188636 0.05650592] [0.05856711 0.56593084 0.19825403 0.02455262 0.02111088 0.02725832
 0.05022534 0.03092863 0.02317223] [9.9674195e-01 3.5680149e-04 4.5169189e-04 1.3853920e-04 2.4211069e-04
 3.3340676e-04 2.9954588e-04 2.0447133e-04 1.2314947e-03] [1.1923349e-03 4.5088201e-04 3.9174876e-04 1.3553932e-03 3.7758169e-04
 5.1578844e-04 9.9340504e-01 5.3607713e-04 1.7751622e-03] [8.0661877e-04 1.3014013e-03 5.7986862e-04 8.1790960e-04 3.1913634e-04
 2.1333985e-04 9.9337417e-01 6.7117525e-04 1.9163288e-03] [3.6174207e-04 4.1468235e-04 9.9727100e-01 5.8871234e-04 2.8791206e-04
 1.9770801e-04 3.6648955e-04 2.7820337e-04 2.3357428e-04] [7.4137566e-03 1.5400620e-03 2.7105727e-03 7.2006311e-04 3.7087349e-03
 1.6827664e-03 2.0829688e-03 9.6619743e-01 1.3943720e-02] [0.02495461 0.0100361  0.00671469 0.02059895 0.901835   0.01134955
 0.00563771 0.01206287 0.00681051] [0.01913133 0.02492671 0.0206165  0.02229005 0.02202843 0.11459825
 0.02506018 0.02074536 0.73060316] [1.7628168e-04 2.2322398e-04 1.8557541e-04 1.9742046e-04 1.8997458e-04
 3.4737337e-04 2.4329814e-04 1.5067174e-04 9.9828619e-01] [0.00212464 0.00153708 0.78043604 0.19634356 0.00427874 0.00500929
 0.00214767 0.00645925 0.00166377] [3.9201937e-04 9.8702044e-04 3.5103396e-04 1.7577303e-03 5.9201120e-04
 1.1262096e-03 1.3182253e-03 9.3045575e-04 9.9254531e-01] [0.05751121 0.03845315 0.28321466 0.0537122  0.12653916 0.03646806
 0.2769634  0.05618576 0.07095244] [3.4105676e-04 9.9760687e-01 2.8358339e-04 1.6321905e-04 2.0408805e-04
 2.7969715e-04 2.5824032e-04 2.6303949e-04 6.0024241e-04] [2.7591127e-04 8.1716556e-05 2.1710804e-04 7.0086983e-04 2.3447972e-04
 3.3447074e-03 9.9378091e-01 1.3496497e-04 1.2293215e-03] [0.08582561 0.05737949 0.02059064 0.16771051 0.05065389 0.12973525
 0.11069398 0.07832598 0.29908466] [0.0011177  0.00133562 0.0016822  0.00122489 0.982781   0.00327293
 0.00169353 0.00190347 0.00498862] [0.00726209 0.01421332 0.06954579 0.00822176 0.0202409  0.54064137
 0.02437299 0.02998344 0.28551835] [0.06660084 0.22189821 0.04802579 0.05799447 0.07885435 0.15610476
 0.05719741 0.0614004  0.25192374] [5.3151487e-04 2.0256391e-04 6.3607426e-05 1.4655451e-04 2.8326109e-04
 9.9823195e-01 1.4368891e-04 1.4357084e-04 2.5330897e-04] [0.01892476 0.05815847 0.664524   0.03595292 0.03916205 0.0347045
 0.06875835 0.04567062 0.03414432] [9.9856180e-01 1.1777079e-04 4.8732659e-04 3.5100800e-04 1.9059455e-04
 9.7172451e-05 8.8944704e-05 5.5173379e-05 5.0222905e-05] [8.8906479e-01 9.5378444e-02 1.4719681e-03 9.6746976e-04 2.0542170e-03
 8.1791217e-04 6.4115054e-03 2.7125299e-03 1.1211400e-03] [7.1742071e-04 9.4898476e-04 1.4759870e-03 1.1568468e-03 1.1299875e-03
 3.7297681e-03 1.1952645e-03 9.8683470e-01 2.8110035e-03] [0.05545548 0.02461781 0.5841073  0.07057659 0.01809882 0.17325199
 0.02856365 0.02241468 0.02291371] [9.7866780e-01 1.3421610e-03 3.1087275e-03 1.5472765e-03 2.9605802e-03
 6.2873965e-04 2.7857150e-03 4.7445893e-03 4.2143832e-03] [4.8524974e-04 8.4944925e-04 2.2985395e-03 8.7177055e-04 9.9188590e-01
 7.7621109e-04 9.4201963e-04 1.1742254e-03 7.1668555e-04] [0.07129326 0.05036363 0.1901032  0.14758351 0.09114201 0.08042118
 0.0586132  0.16081394 0.14966606] [1.82056465e-04 7.63614298e-05 2.95616162e-04 1.52662193e-04
 1.21833225e-04 1.77581183e-04 9.98262942e-01 1.09883913e-04
 6.21054380e-04] [1.8761377e-04 9.8972589e-05 1.6670501e-02 9.8021710e-01 2.0172949e-04
 7.5319369e-04 7.3347864e-04 1.3153632e-04 1.0058772e-03] [5.2764692e-04 7.6842713e-05 2.9247606e-04 5.8995257e-04 1.7269193e-04
 9.9470139e-01 4.0820139e-04 1.7119499e-04 3.0596647e-03] [0.95224607 0.00574836 0.00368563 0.00225147 0.00602368 0.00250783
 0.00335343 0.01951206 0.00467146] [2.6421188e-03 1.5652768e-03 9.3936705e-04 1.0287778e-03 2.0146084e-03
 2.7381692e-03 9.8631603e-01 2.3010105e-03 4.5465998e-04] [2.1430435e-04 1.7805230e-04 2.1551049e-04 4.9566821e-04 9.9707949e-01
 3.7232327e-04 5.2865653e-04 2.9546177e-04 6.2055152e-04] [2.4782012e-03 2.2183985e-03 8.6627610e-04 4.0151612e-03 2.2433169e-02
 3.0166823e-03 1.6095632e-03 4.6033673e-03 9.5875919e-01] [9.9699616e-01 2.0594800e-04 1.5189216e-04 9.9922720e-05 1.3054696e-04
 1.9395046e-03 2.6358361e-04 8.3227649e-05 1.2921765e-04] [5.2919163e-04 5.4011663e-04 1.0301777e-03 9.0363104e-04 3.3602346e-04
 4.0590152e-04 5.0277496e-04 9.9497920e-01 7.7298883e-04] [1.8529316e-04 1.5996974e-04 1.2246231e-04 3.0924208e-04 1.3314778e-04
 2.0432635e-04 1.8724203e-04 9.9855179e-01 1.4651229e-04] [2.9242775e-04 2.6554542e-04 4.5291489e-04 3.8650780e-04 8.5380772e-04
 1.0524895e-03 2.3701244e-04 9.9479878e-01 1.6605163e-03] [0.00230805 0.00564299 0.00262166 0.00473344 0.00170965 0.00680641
 0.00180486 0.97277313 0.00159977] [0.0041599  0.00415289 0.00688619 0.01770677 0.0039296  0.06225552
 0.8789009  0.00642039 0.01558781] [1.1455716e-03 1.3974904e-03 1.4916838e-03 1.9278929e-03 1.1913490e-03
 4.0199922e-04 1.4370789e-03 9.9024409e-01 7.6281762e-04] [0.0010051  0.00157994 0.29665923 0.680815   0.00131743 0.00584006
 0.00519299 0.00281144 0.00477882] [2.0111243e-04 9.9294758e-01 1.4708789e-04 7.4576070e-05 2.6022232e-04
 7.8950550e-05 2.1632608e-04 1.7163499e-04 5.9024552e-03] [0.01301139 0.02739202 0.01252547 0.03852348 0.01645999 0.50065905
 0.01554206 0.21307744 0.16280909] [3.1289335e-03 2.6788006e-03 3.2741444e-03 1.5691905e-03 9.8399240e-01
 1.8390253e-03 1.1725558e-03 7.3814910e-04 1.6067646e-03] [1.5349590e-04 2.1010215e-04 7.8756921e-03 9.8613316e-01 1.5576910e-04
 3.7361385e-04 1.3061798e-04 2.7906310e-04 4.6884245e-03] [0.07122978 0.03507742 0.01806807 0.02198119 0.03946298 0.6609411
 0.0656084  0.0440651  0.04356596] [3.40062834e-04 9.97817516e-01 2.75906932e-04 2.37095664e-04
 3.49167443e-04 3.79462872e-04 2.73168815e-04 1.03224615e-04
 2.24440635e-04] [0.00159243 0.00244003 0.00325728 0.00503342 0.00343238 0.96689665
 0.00295269 0.00438065 0.01001442] [0.9417762  0.00376579 0.0119894  0.01063407 0.00419783 0.00497095
 0.01120634 0.00421189 0.00724748] [6.5566180e-04 7.4640551e-04 1.5299232e-03 3.9338493e-03 1.0492479e-03
 1.3141216e-03 2.0795458e-03 7.3314906e-04 9.8795807e-01] [0.01776003 0.02875257 0.02216165 0.03222432 0.02796722 0.77440155
 0.02670265 0.03473762 0.03529243] [9.8771381e-01 8.2813473e-03 1.6497649e-03 4.2719554e-04 4.6270015e-04
 2.6226588e-04 5.1922858e-04 2.0894011e-04 4.7471854e-04] [0.058021   0.05647926 0.61542314 0.05252711 0.04590954 0.09088342
 0.0192792  0.04468136 0.01679596] [2.0832145e-04 1.3784473e-04 1.9219275e-04 2.0891603e-03 9.9434620e-01
 1.9369819e-03 1.8953327e-04 4.1889094e-04 4.8089240e-04] [9.0274389e-04 2.5853366e-04 2.6887146e-04 6.9912494e-04 3.4978267e-04
 9.9321967e-01 1.4045332e-03 5.3293339e-04 2.3638180e-03] [6.3108950e-04 3.0945585e-04 1.2242788e-03 9.9318838e-01 3.6249837e-04
 1.3018753e-03 7.7494117e-04 5.8247126e-04 1.6249638e-03] [9.9578971e-01 5.8655767e-04 2.9359912e-04 7.6439918e-04 2.9412936e-04
 6.2551029e-04 9.3412009e-04 4.5312484e-04 2.5891952e-04] [5.6815700e-04 6.4956956e-04 3.8424588e-04 1.9438882e-04 2.2900516e-04
 5.3670711e-04 3.5821565e-04 9.9688005e-01 1.9965027e-04] [2.9931802e-04 5.6752440e-04 2.6566756e-04 7.1938307e-04 7.2286493e-04
 7.5636158e-04 3.9247135e-03 9.9176496e-01 9.7916357e-04] [0.07227569 0.02964792 0.08546437 0.04258975 0.05567033 0.11298916
 0.39792773 0.03299952 0.17043556] [9.7854704e-01 9.3003446e-03 1.0333953e-03 9.7384589e-04 1.3208267e-03
 1.2104341e-03 4.5773736e-03 2.1938204e-03 8.4288750e-04] [4.0399567e-03 1.6289559e-03 8.8102272e-04 9.7148335e-01 1.1790780e-03
 1.2087376e-02 1.3583199e-03 1.0882489e-03 6.2536900e-03] [3.4638372e-04 5.5176322e-04 3.7246523e-04 2.0968441e-04 2.7912165e-04
 2.3272575e-03 9.9481481e-01 2.4707970e-04 8.5136836e-04] [3.4413981e-04 1.7073241e-04 2.7081952e-04 9.6593943e-04 3.2536456e-04
 9.9631703e-01 1.5303784e-04 1.2648961e-03 1.8801783e-04] [0.33215153 0.11269822 0.02024356 0.14707723 0.0396182  0.03073791
 0.02536654 0.22887431 0.06323254] [0.00312399 0.00283839 0.95126075 0.02513825 0.00266103 0.00163842
 0.0038432  0.00443    0.00506598] [0.01793581 0.05409699 0.01286593 0.37780917 0.01494544 0.04499196
 0.11069732 0.04544454 0.32121283] [0.14225899 0.51352936 0.06832785 0.05978326 0.03475402 0.04653415
 0.03745484 0.07498553 0.022372  ] [5.2574306e-04 2.6244007e-03 1.1722839e-03 4.9726624e-04 4.1103907e-04
 4.0491359e-04 1.6418626e-03 9.9227786e-01 4.4458464e-04] [0.9344811  0.00566104 0.01827839 0.00897186 0.00707693 0.00760926
 0.00474905 0.00445064 0.00872169] [0.05530302 0.0467784  0.06057914 0.36807835 0.05609395 0.1489868
 0.07150216 0.05584155 0.13683662] [1.7550029e-04 8.9925365e-04 8.7401582e-05 1.7572453e-04 2.0911753e-04
 9.9698347e-01 1.2299366e-04 5.4573297e-04 8.0084777e-04] [0.05332644 0.10383648 0.34657604 0.12310387 0.08393271 0.10662974
 0.07068247 0.05880525 0.05310697] [1.1232862e-03 5.8195787e-04 1.4665636e-03 6.9095701e-04 9.9158454e-01
 7.7723735e-04 9.5502951e-04 1.3444936e-03 1.4758926e-03] [0.00289546 0.0031359  0.00247701 0.0112553  0.00279048 0.00383366
 0.00224175 0.968309   0.00306146] [9.9542445e-01 3.5243027e-04 6.4948830e-04 2.9143336e-04 3.3756826e-04
 3.7502756e-04 1.4443449e-03 2.6621259e-04 8.5909653e-04] [2.2230092e-04 9.9718249e-01 4.3003593e-04 2.0048080e-04 5.0551584e-04
 7.9263502e-04 1.9162697e-04 2.8547677e-04 1.8949453e-04] [3.51816561e-04 9.98315811e-01 3.81323305e-04 8.93854958e-05
 3.94705974e-04 1.13492468e-04 1.00725156e-04 1.52492023e-04
 1.00275451e-04] [1.6982056e-03 5.3176476e-04 9.0529246e-04 1.5665909e-03 3.0324919e-04
 1.3510280e-03 9.9025565e-01 3.0614508e-04 3.0821064e-03] [7.7469880e-04 2.4945200e-03 9.8894042e-01 2.2600302e-03 1.3760639e-03
 2.6258444e-03 4.3369285e-04 6.3316355e-04 4.6151970e-04] [8.2918996e-04 9.7804594e-01 3.1427334e-03 8.5666042e-04 6.9933955e-04
 6.7699659e-03 1.3424476e-03 7.4560830e-04 7.5681317e-03] [0.02762031 0.026996   0.03360275 0.01888816 0.02765439 0.03057742
 0.03838272 0.02057738 0.7757009 ] [2.1298551e-04 1.0282147e-03 2.9894715e-04 1.7918424e-04 1.9801286e-04
 1.8316864e-04 7.2608452e-04 9.9684274e-01 3.3063462e-04] [7.1742450e-04 9.9543518e-01 6.5920578e-04 3.9333856e-04 2.9348006e-04
 2.1019971e-04 2.3496123e-04 1.7282774e-04 1.8833575e-03] [3.1168467e-05 5.1671126e-05 3.4171069e-05 9.1667942e-05 4.6165602e-05
 2.6833217e-04 9.9901700e-01 7.5133808e-05 3.8471443e-04] [0.00213933 0.00397889 0.9513835  0.01805581 0.00268218 0.00390703
 0.00724732 0.00319674 0.00740926] [0.05136808 0.11125735 0.09014929 0.07401939 0.22094919 0.20410526
 0.10200998 0.03649307 0.10964842] [1.8925752e-04 4.1057199e-04 9.9803256e-05 1.7669600e-04 2.1832240e-04
 4.9450714e-04 9.9748272e-01 5.6276697e-04 3.6540144e-04] [0.00559863 0.00413932 0.0032842  0.0065343  0.01189524 0.023458
 0.00781855 0.01434236 0.9229294 ] [1.1420575e-03 2.4037874e-04 3.1839724e-04 1.6603011e-04 4.4482329e-04
 2.1490584e-04 9.9653947e-01 2.8888008e-04 6.4507301e-04] [1.5715946e-04 1.2142987e-03 1.1521762e-04 3.3166018e-04 4.5442863e-04
 7.2193820e-05 1.3508745e-04 9.9737668e-01 1.4324905e-04] [9.3495291e-05 3.6374205e-03 2.1775164e-02 9.7296900e-01 1.2784082e-04
 7.5147755e-04 3.8881897e-04 1.8168960e-04 7.5053751e-05] [0.00138087 0.00122805 0.00474289 0.00361143 0.00123763 0.00241502
 0.93095726 0.02293381 0.03149309] [9.0190285e-04 3.9998110e-04 3.4353670e-04 3.4592196e-04 4.1212610e-04
 1.0182151e-02 6.1179488e-03 6.5438345e-04 9.8064202e-01] [2.1468304e-04 2.7398058e-04 4.3774082e-04 5.7591108e-04 1.2996508e-04
 4.2378949e-03 9.9035305e-01 1.9121036e-04 3.5855367e-03] [0.01665244 0.13537015 0.02299879 0.14338052 0.0499144  0.49757907
 0.02593253 0.04324761 0.06492445] [3.1761989e-05 1.9589308e-04 9.5151343e-05 3.0589709e-04 1.6251447e-04
 4.6626632e-05 9.9891758e-01 6.6657085e-05 1.7789364e-04] [1.3240434e-03 1.9751640e-02 9.7424364e-01 1.3548180e-03 5.5635796e-04
 9.9628430e-04 8.5387751e-04 5.6726113e-04 3.5209284e-04] [1.2663384e-03 6.1472575e-04 9.7606296e-04 2.0877547e-03 4.8839115e-04
 1.2185264e-03 4.7789657e-04 9.9123764e-01 1.6327359e-03] [0.00816313 0.84386194 0.00556285 0.03991937 0.01653188 0.04852374
 0.00764037 0.01703963 0.0127571 ] [0.00234438 0.00210921 0.61654586 0.3518526  0.00392905 0.00839641
 0.00614728 0.00199105 0.00668419] [1.8099458e-04 2.6364412e-04 5.7688454e-04 1.6016113e-04 9.9747318e-01
 3.0522852e-04 4.2855539e-04 5.1566906e-04 9.5640869e-05] [3.1385245e-04 9.2972972e-04 1.1912821e-03 2.0294724e-04 1.8271392e-04
 9.9265987e-01 1.5914874e-04 2.2439440e-03 2.1165861e-03] [2.3901204e-04 2.8833683e-04 1.6217417e-04 1.5464748e-04 9.9457717e-01
 5.6999485e-04 2.5706890e-04 3.4792949e-03 2.7227966e-04] [1.0218166e-03 1.6714297e-03 9.8650813e-01 6.1951840e-04 3.6064771e-03
 2.2204686e-03 2.9434350e-03 8.3515991e-04 5.7359639e-04] [1.6930737e-04 1.3149149e-03 3.3077598e-04 2.0984914e-04 9.9678683e-01
 2.0760836e-04 1.7888940e-04 2.3995279e-04 5.6188816e-04] [0.05632443 0.03273113 0.02627114 0.13513592 0.03236394 0.18195444
 0.04966596 0.05759884 0.42795417] [0.01588593 0.0228599  0.01832958 0.03952071 0.8539315  0.0134492
 0.01783088 0.00729256 0.01089974] [0.00574019 0.00485719 0.00550899 0.01769197 0.00320162 0.00857305
 0.02255487 0.00476326 0.9271089 ] [0.00991765 0.0067513  0.01045255 0.01246148 0.00938178 0.00329984
 0.924033   0.01085825 0.01284419] [4.3645609e-04 9.9359024e-01 5.2802626e-04 1.0182768e-03 9.3119859e-04
 1.2985524e-03 9.9684845e-04 5.3902739e-04 6.6139700e-04] [2.6767797e-04 2.0038005e-04 9.9432764e-05 2.1362836e-04 9.9851269e-01
 5.6921697e-05 1.3944415e-04 2.8141373e-04 2.2834915e-04] [0.0021988  0.00139849 0.01073751 0.9111783  0.0024508  0.06234205
 0.00148787 0.00414171 0.0040645 ] [1.18914642e-04 7.83941650e-05 1.17300151e-04 9.67210566e-04
 7.17154981e-05 8.75540660e-04 9.97499764e-01 1.02149264e-04
 1.69052742e-04] [0.053729   0.1493473  0.10331649 0.04303453 0.19147463 0.04316306
 0.12702458 0.13750345 0.15140696] [0.08706482 0.12112574 0.09925519 0.09986496 0.06907521 0.07903653
 0.09284557 0.23726308 0.11446893] [4.8625952e-04 2.0167944e-03 1.0754517e-03 1.3399412e-03 6.5779302e-04
 1.0543198e-03 1.4334031e-03 7.7935378e-04 9.9115670e-01] [9.9033302e-01 9.2328060e-04 3.1528035e-03 4.9871829e-04 7.2328694e-04
 6.9365517e-04 1.3843736e-03 8.5077528e-04 1.4400803e-03] [0.00227912 0.8275903  0.15161315 0.00272758 0.00237385 0.0020979
 0.00621898 0.00139622 0.00370291] [5.1523099e-04 1.3063102e-03 7.7290769e-04 4.3066163e-04 8.9500297e-04
 9.8646533e-01 4.7368777e-04 3.4531663e-04 8.7955529e-03] [9.9829668e-01 2.3529396e-04 4.6341345e-04 1.7109838e-04 1.2436687e-04
 1.9652180e-04 1.1265845e-04 2.2045424e-04 1.7949591e-04] [6.9073174e-04 1.0584339e-03 1.7217514e-03 1.4608155e-03 9.9185330e-01
 7.6074392e-04 1.6205648e-03 5.5298762e-04 2.8065182e-04] [4.4993995e-04 9.9702197e-01 7.9469959e-04 9.6099573e-04 1.5554862e-04
 1.0057955e-04 2.1014862e-04 8.7966313e-05 2.1816745e-04] [1.3589876e-03 9.9231672e-01 9.8376267e-04 5.0252228e-04 1.6861879e-03
 1.2259712e-03 9.1011869e-04 4.8923347e-04 5.2650878e-04] [0.00671348 0.01603567 0.01056614 0.04570371 0.01456541 0.84927803
 0.01975194 0.01471037 0.02267529] [1.9977357e-04 6.2385434e-04 6.8037822e-05 3.3676490e-04 2.9193424e-04
 4.1898523e-04 9.9745768e-01 1.8073530e-04 4.2219847e-04] [9.9467248e-01 7.8938395e-04 1.1093018e-03 1.4815487e-04 6.1640248e-04
 7.6814700e-04 1.0507001e-03 5.8133621e-04 2.6414206e-04] [0.02309581 0.01356299 0.149817   0.01711632 0.02132302 0.1162574
 0.05534048 0.57083046 0.03265646] [0.00289545 0.94252443 0.01670493 0.00887387 0.00266372 0.00492014
 0.00149333 0.0049512  0.01497289] [0.01115562 0.0109164  0.00743766 0.03157385 0.0120082  0.03963762
 0.0114165  0.01454269 0.8613115 ] [0.03443789 0.0186806  0.7454991  0.05084197 0.02722444 0.01245406
 0.06971547 0.03402565 0.00712091] [9.9684000e-01 2.2804839e-04 5.6597433e-04 1.6335135e-04 2.5992977e-04
 2.0574476e-04 2.2030184e-04 2.8052359e-04 1.2360789e-03] [9.9710131e-05 9.8565673e-05 8.1431113e-05 2.0791685e-04 3.4603651e-04
 9.9812037e-01 2.3779589e-04 3.6067236e-04 4.4752145e-04] [2.5073104e-04 3.0307114e-04 2.1827854e-04 5.4191827e-04 1.6728927e-04
 2.4912765e-04 2.1601675e-04 9.9791211e-01 1.4148645e-04] [0.01232515 0.01123246 0.01012042 0.02106825 0.01762577 0.05394429
 0.01821542 0.01031915 0.84514904] [0.05732684 0.10899577 0.07312743 0.22786288 0.19690266 0.05988746
 0.06687167 0.07091925 0.13810605] [9.98476565e-01 1.15370545e-04 1.89994666e-04 8.22488364e-05
 2.17785098e-04 3.78190918e-04 2.46178737e-04 1.32985355e-04
 1.60716285e-04] [1.20572753e-04 1.25996361e-04 1.70103434e-04 8.31481229e-05
 1.33842070e-04 1.08601875e-04 2.58511223e-04 9.98619080e-01
 3.80130048e-04] [0.00285997 0.00365875 0.00394797 0.02325024 0.9473161  0.0045794
 0.00516172 0.00342945 0.00579642]",8 2 6 3 3 5 5 4 2 3 3 0 7 3 1 8 4 5 8 7 4 5 5 5 6 0 8 4 2 3 4 0 2 4 2 6 2 0 7 6 3 6 1 4 2 4 6 4 2 8 1 7 5 2 0 1 1 7 8 3 0 6 1 4 7 3 1 3 8 2 5 8 1 1 0 2 1 0 6 6 2 7 4 8 8 3 8 3 1 6 3 4 8 3 5 2 0 1 7 2 0 4 8 6 3 5 0 6 4 8 0 7 7 7 7 6 7 3 1 5 4 3 5 1 5 0 8 5 0 2 4 5 3 0 7 7 5 0 3 6 5 1 2 8 0 7 0 3 5 2 4 7 0 1 1 6 2 1 8 7 1 6 2 5 6 8 6 7 3 6 8 6 5 6 2 7 8 3 4 5 4 2 4 8 4 8 6 1 4 3 6 2 2 8 0 1 5 0 4 1 1 5 6 0 7 1 8 2 0 5 7 7 3 0 7 4
1468,4,xgboost,0.02,10000,10000,0.8657407407407407,0.9907648533950617,"[0.00709343 0.7939345  0.08217927 0.01450528 0.01603878 0.04438779
 0.01430223 0.01208881 0.01546991] [7.6364912e-04 1.0624845e-03 1.6546443e-03 9.9085230e-01 7.2969019e-04
 1.0836851e-03 7.9071114e-04 7.8226969e-04 2.2805471e-03] [0.06286563 0.16839758 0.10554444 0.20714545 0.04526539 0.15699703
 0.02921013 0.03625286 0.1883215 ] [5.2986003e-04 2.8061584e-04 2.8414957e-04 7.1258319e-04 3.1750547e-04
 9.9654418e-01 3.1569690e-04 5.4346788e-04 4.7198581e-04] [0.01679403 0.02880147 0.01922362 0.01612942 0.03014179 0.008051
 0.01931218 0.84026986 0.0212766 ] [2.2009360e-04 2.0336006e-04 8.5186283e-04 4.6738302e-03 9.8397517e-01
 5.8154557e-03 8.7488187e-04 3.6335472e-04 3.0219385e-03] [8.4446766e-04 3.4503191e-04 2.9891022e-04 1.5324672e-03 3.5910655e-04
 9.9066025e-01 6.2362559e-04 4.3970887e-03 9.3901175e-04] [0.01086223 0.01937613 0.01796214 0.05953049 0.01478387 0.6029434
 0.01896653 0.14413416 0.11144103] [0.01961442 0.00647932 0.01876704 0.81082135 0.01053294 0.01225206
 0.00551798 0.00583151 0.11018334] [6.58019781e-05 9.97360647e-01 9.65414656e-05 9.52786795e-05
 9.96352828e-05 1.32311136e-04 1.38305622e-04 1.04724335e-04
 1.90677913e-03] [0.5499256  0.00625833 0.04079217 0.37288085 0.00236641 0.0054635
 0.0032241  0.00723718 0.01185181] [0.00983193 0.00575716 0.6133883  0.28079498 0.00921802 0.03740266
 0.02492674 0.01369221 0.00498803] [0.0150234  0.00514498 0.00990645 0.02468868 0.00532193 0.02737653
 0.00562227 0.01169164 0.8952241 ] [2.3178726e-04 1.2057083e-04 5.3156202e-04 3.9608640e-04 9.9778074e-01
 1.4184134e-04 2.8875293e-04 1.9071701e-04 3.1796127e-04] [0.01683557 0.03132842 0.05437465 0.01550352 0.02866757 0.14501537
 0.05778876 0.02013315 0.630353  ] [3.9550231e-04 2.4890338e-04 6.5876171e-04 1.6087982e-04 9.9652219e-01
 7.5073191e-04 2.0986727e-04 1.2877899e-04 9.2441216e-04] [0.11019858 0.01346252 0.21019484 0.11201356 0.0634653  0.33747756
 0.02528048 0.04043712 0.08747001] [0.00475821 0.00343858 0.0015879  0.01019452 0.00282346 0.84361494
 0.00684624 0.00425866 0.12247749] [0.0118012  0.03946475 0.03292209 0.23802668 0.05873027 0.2748381
 0.03039771 0.01334148 0.30047774] [9.1917947e-04 9.8113626e-01 4.7421618e-03 7.4317330e-04 1.9360295e-03
 6.7327758e-03 1.0409412e-03 1.3586897e-03 1.3907789e-03] [9.9899775e-01 1.6326355e-04 1.6219894e-04 9.4071162e-05 9.6730371e-05
 1.7130595e-04 1.4398330e-04 6.3403451e-05 1.0725246e-04] [3.0855860e-03 9.7572917e-01 4.0834374e-03 1.5726547e-03 1.1292116e-03
 5.9944071e-04 1.3133752e-03 1.1661745e-02 8.2543341e-04] [0.10396224 0.10898207 0.08810195 0.03548803 0.13948892 0.25554997
 0.13035294 0.04321792 0.09485595] [0.9862196  0.00102939 0.00432687 0.00227998 0.00123077 0.00136077
 0.00119394 0.00136902 0.00098967] [0.02671743 0.00789772 0.01123699 0.64462453 0.00997246 0.1783237
 0.01279297 0.02813131 0.08030289] [0.00275508 0.00207487 0.00421538 0.00278544 0.97740114 0.00349766
 0.00160212 0.0031564  0.00251185] [0.11090837 0.06590512 0.15568738 0.05383887 0.13310336 0.14204684
 0.08321282 0.23176244 0.02353485] [1.4609193e-04 9.9725097e-01 6.6890445e-04 2.4085796e-04 1.4398989e-04
 7.4283889e-05 1.0683820e-04 1.2768329e-03 9.1245951e-05] [1.8457083e-04 3.6510904e-05 8.8193541e-05 1.3265903e-03 1.9573180e-04
 9.9767739e-01 1.7074781e-04 5.9212372e-05 2.6101791e-04] [5.0916162e-04 4.8887351e-04 4.2982685e-04 2.8668050e-04 5.8846473e-04
 4.6211906e-04 1.6830560e-04 9.9662447e-01 4.4212141e-04] [0.02364434 0.03659665 0.0464214  0.01207304 0.62253153 0.02284759
 0.00951378 0.2186804  0.0076913 ] [0.0376987  0.27872282 0.06229388 0.16450776 0.028575   0.14792985
 0.05170425 0.03216295 0.19640477] [0.0642118  0.08816395 0.03304757 0.05110099 0.07508942 0.27581272
 0.09090139 0.15463485 0.16703728] [0.00583536 0.0184611  0.00815029 0.8746324  0.00800497 0.03074561
 0.00822359 0.01425935 0.0316873 ] [7.4863696e-04 8.1919652e-04 4.0309539e-04 2.6374665e-04 6.9403206e-04
 9.6046441e-04 3.9329700e-04 9.9496752e-01 7.5001334e-04] [4.6416916e-04 1.3641351e-04 7.0572342e-04 7.1951636e-04 9.9584818e-01
 5.5497879e-04 1.0561238e-03 2.9616008e-04 2.1872010e-04] [9.7348687e-04 3.8282486e-04 5.2212051e-04 5.5862434e-04 3.5295912e-04
 2.3966187e-03 9.9366802e-01 4.6159662e-04 6.8378221e-04] [0.04149334 0.16464196 0.09899766 0.23498768 0.05036433 0.14243925
 0.07459871 0.09915751 0.09331956] [2.7874048e-04 1.9541180e-03 6.2355673e-04 1.4078259e-04 9.9579549e-01
 5.0786219e-04 1.2226761e-04 5.1911309e-04 5.8067169e-05] [0.03433549 0.7768779  0.0300756  0.03341563 0.01939921 0.01136545
 0.03887334 0.02037181 0.03528553] [0.00758637 0.01238103 0.9149317  0.02022156 0.00736896 0.01183856
 0.00595086 0.00761038 0.01211052] [9.8896325e-01 8.1052835e-04 2.9197573e-03 1.2868587e-03 4.5521624e-04
 2.0765271e-03 4.8368287e-04 1.4212801e-03 1.5829343e-03] [0.19192268 0.0874947  0.08496346 0.06049892 0.13915226 0.09232795
 0.0750723  0.13488267 0.13368505] [0.00419399 0.00868265 0.00469473 0.96107364 0.00178744 0.00738876
 0.00342886 0.00346153 0.00528843] [9.9833739e-01 7.3863899e-05 2.6054177e-04 2.1415483e-04 1.3458126e-04
 2.0523522e-04 1.5510047e-04 2.1085117e-04 4.0821987e-04] [0.02945235 0.07954918 0.01195951 0.16166574 0.02234767 0.08043822
 0.03436904 0.0194069  0.56081134] [0.0037233  0.00339029 0.00494012 0.95861065 0.0015773  0.00727531
 0.00187903 0.00436635 0.01423772] [3.2587261e-03 1.5928178e-03 5.2476884e-04 1.0263508e-02 9.2761940e-04
 2.2901823e-03 1.3615235e-03 1.5180260e-03 9.7826284e-01] [0.06512716 0.05761423 0.2445102  0.15987867 0.16185178 0.07145554
 0.07863429 0.07472739 0.08620077] [7.2018692e-04 4.5444822e-04 1.6078779e-04 6.5578677e-04 9.9657530e-01
 3.1323856e-04 6.8059628e-04 1.6674188e-04 2.7287274e-04] [0.00403647 0.00340564 0.00631746 0.01391152 0.0031649  0.01696861
 0.8854364  0.05679586 0.00996305] [0.0011455  0.00197876 0.9794464  0.00484901 0.00156564 0.00167718
 0.00200974 0.00562996 0.00169778] [0.00232553 0.00636616 0.7898668  0.02907666 0.01813259 0.07608565
 0.01871429 0.04929039 0.01014197] [0.0018748  0.0034108  0.9720286  0.00582033 0.00307069 0.00200493
 0.00140992 0.00793673 0.00244317] [1.3093694e-04 9.9806613e-01 2.9131610e-04 5.0255290e-04 1.8955035e-04
 1.5862238e-04 1.3047883e-04 1.1867698e-04 4.1179609e-04] [1.7764731e-04 2.3935719e-04 4.4587994e-04 3.3984513e-03 9.9453461e-01
 1.5950756e-04 3.4063667e-04 3.8012583e-04 3.2375733e-04] [7.5251330e-04 1.1788066e-03 5.9348335e-03 9.8541045e-01 9.5080788e-04
 3.2137223e-03 5.0334999e-04 9.2431315e-04 1.1311935e-03] [2.3672301e-03 1.5369552e-03 1.4341958e-03 7.2261398e-03 9.7502577e-01
 6.3363472e-03 7.0251810e-04 1.3418749e-03 4.0290030e-03] [9.6809590e-01 1.9666504e-03 6.2517542e-03 7.7518565e-04 1.4154825e-03
 4.2001302e-03 4.2126281e-03 1.8672845e-03 1.1214996e-02] [0.04970462 0.10233966 0.03128636 0.12376373 0.23111658 0.1017968
 0.0499422  0.02162665 0.28842336] [9.9297136e-01 3.2379963e-03 1.5732289e-03 2.2572381e-04 2.8263146e-04
 4.3093148e-04 6.9744297e-04 1.4701387e-04 4.3368555e-04] [0.02338398 0.02658632 0.03919031 0.10746679 0.05301942 0.5322794
 0.0793843  0.02419535 0.11449414] [7.9944724e-04 1.3052190e-03 9.8359722e-01 1.0162494e-02 5.6178175e-04
 1.1645175e-03 3.6546146e-04 1.0022935e-03 1.0415248e-03] [0.08505327 0.03318232 0.20305468 0.48751023 0.03225357 0.05436647
 0.02975094 0.04315146 0.03167712] [0.01895615 0.01303842 0.01317269 0.04514718 0.03392581 0.33598828
 0.06823016 0.04371985 0.4278215 ] [0.00160068 0.00145477 0.00539993 0.00208902 0.00131389 0.00157321
 0.00753022 0.97383106 0.00520718] [9.99046028e-01 1.01215162e-04 1.16247560e-04 7.77321256e-05
 2.11490158e-04 1.05156825e-04 1.49172192e-04 8.13311490e-05
 1.11639492e-04] [1.1705485e-03 9.9442756e-01 1.1410755e-03 5.8127014e-04 7.3455891e-04
 7.3280622e-04 5.9891061e-04 2.2046101e-04 3.9281152e-04] [0.03148119 0.01005482 0.01751377 0.03476078 0.04550773 0.28971115
 0.06451633 0.02599604 0.48045826] [9.7493622e-03 9.7920757e-04 6.0243520e-04 9.3051948e-04 5.4860086e-04
 4.9912417e-04 9.8402077e-01 1.8578010e-03 8.1216596e-04] [0.00444474 0.00250391 0.00648675 0.95356643 0.00579666 0.0044976
 0.00256565 0.00490498 0.01523331] [6.4380634e-05 4.9956740e-05 1.0874852e-04 1.6945285e-04 4.9176553e-05
 9.1224247e-05 9.9938214e-01 3.6198708e-05 4.8750513e-05] [0.00227389 0.00245896 0.00267414 0.9671661  0.00282099 0.00808045
 0.00235115 0.00512256 0.00705176] [0.00234624 0.00365231 0.00173062 0.01105281 0.01265526 0.02833665
 0.9332999  0.00244482 0.00448136] [4.4246641e-04 2.6227208e-03 1.9174853e-03 9.0313773e-04 9.9105799e-01
 1.2994582e-03 3.7562667e-04 8.4360590e-04 5.3749670e-04] [2.3557986e-03 1.6060469e-03 1.5159161e-02 4.5478457e-04 7.1036920e-04
 2.4917775e-03 1.1480319e-03 9.7324163e-01 2.8323822e-03] [0.01635798 0.00364985 0.9480142  0.00851966 0.00425092 0.00900133
 0.00331567 0.00313628 0.0037541 ] [0.01762039 0.03073476 0.01246904 0.06005755 0.04032502 0.03066093
 0.0415598  0.69514513 0.07142738] [0.03101532 0.5951365  0.15285765 0.01079429 0.05332208 0.06885842
 0.02789087 0.02323089 0.03689402] [0.39511916 0.01330294 0.06302551 0.01329283 0.02658605 0.4201218
 0.02383207 0.03005308 0.01466657] [1.0179324e-03 4.2276125e-04 3.9627915e-03 2.9839310e-04 9.9250561e-01
 7.1815931e-04 2.7717627e-04 4.6664674e-04 3.3050281e-04] [4.1717934e-04 5.9349743e-05 1.2020490e-03 8.6260028e-05 5.1102110e-05
 1.6713461e-04 9.9786657e-01 6.3965606e-05 8.6413995e-05] [5.5807235e-04 1.3429396e-03 9.9512827e-01 4.6150366e-04 4.3438273e-04
 4.4111093e-04 7.1047933e-04 3.1692346e-04 6.0629821e-04] [2.4912585e-04 9.9751759e-01 4.0739309e-04 2.1701226e-04 7.0852670e-04
 3.4743958e-04 2.6994737e-04 9.0441485e-05 1.9259915e-04] [3.5166595e-04 3.4867629e-04 9.9721730e-01 3.7147416e-04 2.2260315e-04
 4.9609051e-04 3.0299500e-04 5.5929879e-04 1.2991040e-04] [8.1396819e-04 9.9018085e-01 2.2964294e-03 2.3315398e-03 5.5951747e-04
 1.1965977e-03 4.4260695e-04 1.5724309e-03 6.0608395e-04] [1.4360475e-03 9.8148119e-01 9.0231365e-03 1.9433019e-03 5.1372359e-04
 4.4419145e-04 3.0138893e-03 1.0955401e-03 1.0489218e-03] [0.00638208 0.00410352 0.00243249 0.15371028 0.01249093 0.7785762
 0.00718625 0.00907607 0.02604215] [0.00111993 0.00184543 0.00145776 0.00172544 0.00187661 0.00716953
 0.9667127  0.01408281 0.00400981] [1.0694454e-03 7.9782365e-04 9.0267591e-04 2.9062235e-03 1.0869862e-03
 9.0988202e-04 2.1875331e-03 6.6366624e-03 9.8350281e-01] [0.00298187 0.00178176 0.00227284 0.00285261 0.00314797 0.00377768
 0.01459169 0.96483165 0.00376197] [0.02180651 0.0266611  0.01790452 0.5416965  0.01508615 0.09076116
 0.04018421 0.02006285 0.22583704] [0.11183119 0.13146381 0.16351466 0.07511973 0.04244987 0.22610016
 0.06287836 0.08924246 0.09739979] [1.2065769e-03 4.8245190e-04 3.8006218e-04 3.2420392e-04 4.7409517e-04
 6.7627372e-04 4.0405703e-04 9.9495810e-01 1.0941735e-03] [1.4360022e-03 9.5181435e-04 3.6051939e-04 3.8699780e-03 8.5060269e-04
 1.6361510e-02 3.5577323e-03 8.5155678e-04 9.7176027e-01] [2.3500901e-04 3.1238861e-04 1.2624156e-04 8.5301074e-04 2.3685899e-04
 3.2286477e-04 8.1994291e-04 9.9482900e-01 2.2647318e-03] [0.06899615 0.06456003 0.2884668  0.1573367  0.04395082 0.0495501
 0.07775944 0.15931958 0.09006039] [0.90557194 0.01463084 0.04950029 0.00780676 0.00340884 0.00771848
 0.00318638 0.00514449 0.00303193] [5.4024998e-04 6.9292073e-05 8.4397587e-05 1.8185150e-04 1.9800563e-04
 1.0348941e-03 9.9649745e-01 5.0738524e-04 8.8646496e-04] [2.0715702e-04 1.6354247e-04 4.1835578e-04 1.2238666e-04 9.9431640e-01
 1.5240302e-03 4.1669933e-04 2.0362248e-03 7.9521071e-04] [0.0951215  0.11615749 0.1627839  0.03756782 0.05947905 0.0401521
 0.08225656 0.04482112 0.36166045] [2.0015681e-04 1.3661619e-04 3.5704410e-04 2.6924091e-03 5.6544546e-04
 2.4955084e-03 9.9157226e-01 2.2385053e-04 1.7567171e-03] [0.0178853  0.00331838 0.01650766 0.9487446  0.00102811 0.00424027
 0.00153555 0.00143954 0.00530063] [0.107659   0.0279719  0.08856572 0.6848433  0.0129257  0.02325666
 0.02495388 0.01666285 0.01316097] [3.8163114e-04 2.2834094e-04 3.1795166e-04 2.6265346e-04 9.9729013e-01
 2.7188973e-04 7.0809963e-04 3.3608390e-04 2.0326930e-04] [3.6718487e-03 4.0119155e-03 9.5724699e-04 4.6225898e-03 9.8272995e-04
 1.0923644e-02 1.6065913e-03 9.6422380e-01 8.9997025e-03] [0.03515629 0.0271532  0.06036036 0.05416881 0.02788395 0.47427145
 0.10799506 0.0485615  0.16444933] [1.10462475e-04 6.01330248e-04 1.82409320e-04 5.54390281e-05
 1.01464138e-04 2.27677054e-04 9.98362362e-01 1.52600696e-04
 2.06230994e-04] [2.2146057e-03 1.2414954e-03 1.7382416e-03 2.8823916e-04 4.2584768e-04
 9.9203253e-01 5.5263989e-04 6.6198118e-04 8.4447651e-04] [9.4987988e-04 5.6195684e-04 6.6255190e-04 9.8762941e-01 3.8512863e-04
 5.5700168e-03 8.9756359e-04 1.4765307e-03 1.8669724e-03] [5.2754354e-04 9.5575675e-04 9.9496645e-01 7.5504265e-04 3.2630379e-04
 3.9773004e-04 3.9188916e-04 5.6454277e-04 1.1147372e-03] [0.00337997 0.13936178 0.83470815 0.00153945 0.00275606 0.00538312
 0.00664518 0.00194263 0.00428364] [0.04726362 0.06458146 0.20080452 0.05670177 0.14342909 0.30664283
 0.07902702 0.03785378 0.06369591] [9.8392570e-01 2.3434043e-03 9.9944929e-04 2.4394637e-03 7.9343445e-04
 2.5432515e-03 1.3090126e-03 1.8129282e-03 3.8333400e-03] [0.04799547 0.08104085 0.58059907 0.04160269 0.03544172 0.05859907
 0.03131867 0.05962794 0.06377454] [5.3991412e-04 7.6983380e-04 1.3650804e-03 2.9719985e-04 8.4514957e-04
 7.1848085e-04 5.0597941e-04 9.9436200e-01 5.9637084e-04] [9.9574512e-01 1.2854648e-04 8.2131109e-04 6.2416570e-05 2.0602666e-04
 6.4540346e-04 2.9308302e-04 1.8387174e-03 2.5938044e-04] [0.02923718 0.00637246 0.01246727 0.02365193 0.0108626  0.8221432
 0.0424435  0.00554706 0.04727482] [0.01561242 0.02237426 0.01993864 0.7199537  0.0103564  0.02432857
 0.01294774 0.00932296 0.16516526] [2.0010286e-04 1.5091395e-04 9.9737203e-01 6.2614644e-04 1.2412008e-04
 7.0728210e-04 3.5423494e-04 2.8914353e-04 1.7601512e-04] [8.0707477e-04 2.1502018e-04 2.5883163e-04 1.7116489e-04 9.2304178e-04
 1.3595192e-03 2.9266276e-04 1.4823759e-01 8.4773517e-01] [6.9368770e-04 2.1646607e-04 7.1157045e-03 6.4267253e-04 9.8775721e-01
 9.9129078e-04 1.7670841e-03 2.2888985e-04 5.8698154e-04] [5.9041340e-05 1.2385636e-04 4.6501715e-05 1.3238733e-04 4.7141937e-05
 9.9919683e-01 1.3190013e-04 1.9588132e-04 6.6502216e-05] [0.08759416 0.06064281 0.08103011 0.07291491 0.05872314 0.16273597
 0.23015292 0.18012016 0.06608582] [6.2151754e-05 9.9904257e-01 2.5800767e-04 6.4675995e-05 1.7898108e-04
 9.6300806e-05 5.2929467e-05 1.5467292e-04 8.9692228e-05] [0.00103747 0.0035499  0.00115386 0.00146359 0.00384581 0.00173694
 0.009558   0.0013385  0.9763159 ] [1.6279221e-03 9.8629540e-01 1.1931880e-03 8.4958278e-04 1.0480691e-03
 4.1143051e-03 8.6564716e-04 8.4685179e-04 3.1590944e-03] [7.9527666e-04 1.9300007e-04 1.3703263e-03 9.9620229e-01 3.3248917e-04
 4.2149224e-04 1.9545210e-04 2.0738809e-04 2.8223533e-04] [0.07674741 0.54757005 0.14516552 0.05695041 0.05078905 0.03260805
 0.03200447 0.03249167 0.02567341] [4.7770471e-04 2.2707891e-04 2.1809037e-04 5.8910175e-04 2.9037270e-04
 9.9381083e-01 9.4587164e-04 8.9105527e-04 2.5499181e-03] [0.0031493  0.00206205 0.00362076 0.0384872  0.00844039 0.02143563
 0.0061079  0.00280127 0.9138954 ] [2.9235166e-03 2.5802600e-04 1.9078637e-03 1.0074321e-03 5.3036452e-04
 9.9166077e-01 3.4236445e-04 9.8556397e-04 3.8410307e-04] [3.8484606e-04 3.6206335e-04 4.7804535e-04 1.0638676e-03 3.0745755e-04
 2.4935589e-03 9.9121535e-01 1.0417902e-03 2.6530346e-03] [0.00199834 0.00940835 0.00192051 0.00221947 0.9790204  0.00141171
 0.00127249 0.00136641 0.00138233] [9.9520832e-01 1.8717948e-03 4.1283807e-04 1.4672836e-03 2.3091446e-04
 1.6499848e-04 1.5621564e-04 2.5092222e-04 2.3665548e-04] [0.03063828 0.05699446 0.01982431 0.09307959 0.02717295 0.2645172
 0.10896713 0.1590256  0.2397805 ] [5.1252486e-04 4.6234520e-04 2.5563009e-04 9.8532957e-01 9.1260660e-04
 2.4355794e-03 2.6092427e-03 5.0745234e-03 2.4080516e-03] [0.00699799 0.6506685  0.2637272  0.01298945 0.0043298  0.0120531
 0.00349287 0.03495149 0.01078955] [0.01232633 0.9252944  0.00808406 0.01583475 0.01035938 0.00577658
 0.00667611 0.00597839 0.00966997] [0.03312653 0.02641079 0.05252115 0.5276765  0.03060402 0.03843099
 0.02882598 0.11742526 0.14497872] [0.01091131 0.01774551 0.9438651  0.00720744 0.00543837 0.00360102
 0.00448463 0.00355666 0.00318996] [1.2897803e-03 9.8403901e-01 6.2957592e-03 2.3458076e-03 9.9833589e-04
 1.9232943e-03 1.1182756e-03 1.1680755e-03 8.2164077e-04] [9.8722911e-01 6.2243361e-03 4.8899138e-04 2.3412434e-03 6.7258318e-04
 9.5061434e-04 6.4945075e-04 7.0437597e-04 7.3934859e-04] [4.4965584e-04 2.4858466e-04 4.7346784e-04 2.2356964e-03 1.7540678e-04
 1.6240401e-03 6.5154064e-04 2.8502806e-03 9.9129140e-01] [0.05895023 0.01661913 0.01847606 0.07023994 0.04215661 0.52471566
 0.11995837 0.03857684 0.11030715] [0.06976265 0.01739788 0.07500075 0.08215904 0.03209157 0.01017196
 0.02189983 0.08716174 0.6043546 ] [1.1498122e-03 9.6278707e-04 2.7443185e-03 1.1492182e-03 6.8312796e-04
 1.7342981e-03 8.3363289e-04 9.7838587e-01 1.2356908e-02] [2.4743490e-03 9.8988777e-01 1.6086628e-03 6.5344555e-04 4.6700804e-04
 3.9196579e-04 9.8165136e-04 2.8805535e-03 6.5464061e-04] [0.00902737 0.01380771 0.01095753 0.20026043 0.01244671 0.6368141
 0.02126771 0.07257443 0.02284402] [1.0980730e-04 2.5686409e-04 4.6429847e-04 2.5686386e-04 1.4366632e-04
 1.9749808e-04 1.6440368e-04 9.9828064e-01 1.2602501e-04] [0.03072997 0.12087337 0.38919744 0.07577106 0.04282503 0.1906143
 0.03379916 0.09664934 0.01954037] [0.05255168 0.48465863 0.06066113 0.11131562 0.09018114 0.05953599
 0.0357174  0.05275844 0.05262001] [9.1402668e-01 1.6651647e-03 6.3632539e-04 7.8986250e-02 7.6545950e-04
 5.0870015e-04 1.1329822e-03 1.5043905e-03 7.7407161e-04] [0.00774941 0.00312194 0.9442671  0.00186293 0.0047435  0.022391
 0.00906455 0.00233179 0.00446784] [0.05638351 0.0342454  0.12652954 0.3124731  0.06208989 0.10267326
 0.11268338 0.10201743 0.09090453] [9.9382621e-01 1.1520408e-03 8.9237100e-04 4.4160511e-04 4.3698336e-04
 1.5077428e-03 6.0625805e-04 3.3281909e-04 8.0398837e-04] [0.00217167 0.00238465 0.01983744 0.9547808  0.00220233 0.00177703
 0.00603351 0.00506945 0.0057431 ] [1.3962519e-04 4.8876356e-04 1.7046196e-04 4.2543965e-04 2.7082255e-04
 2.4330520e-04 9.9695647e-01 3.2124526e-04 9.8393206e-04] [1.0985233e-03 9.9539775e-01 5.1926810e-04 3.3340420e-04 3.7238791e-04
 1.0197343e-03 5.4197619e-04 5.1957817e-04 1.9732308e-04] [0.00130873 0.00101701 0.00223093 0.00849012 0.977234   0.00520226
 0.00113487 0.00207078 0.00131132] [0.05596759 0.00172238 0.00102268 0.00238978 0.00156375 0.00304513
 0.9224434  0.00206059 0.00978473] [3.3769457e-04 2.4604474e-04 6.2898372e-04 1.6413294e-04 9.9755055e-01
 1.5540003e-04 5.7565008e-04 9.5647738e-05 2.4594855e-04] [0.16872196 0.00579018 0.02447074 0.77668536 0.00246462 0.00962043
 0.00371328 0.00518817 0.0033453 ] [2.1674507e-04 1.0847272e-03 3.5052581e-04 6.3351227e-04 8.2169182e-04
 6.3784065e-04 5.4791471e-04 9.9513561e-01 5.7138933e-04] [7.0165738e-04 4.2625988e-04 2.0123708e-04 1.1489958e-03 4.2708244e-04
 2.0066295e-03 9.8984617e-01 7.0028298e-04 4.5416066e-03] [2.9960696e-03 5.0928642e-04 2.2913190e-03 4.2560749e-04 9.8936379e-01
 1.9081973e-03 6.6349452e-04 1.1940459e-03 6.4818282e-04] [4.2134288e-04 1.4478546e-04 1.8136676e-04 1.3797155e-04 2.5092330e-04
 6.7847047e-04 9.9773103e-01 2.1749716e-04 2.3666646e-04] [5.7513278e-04 6.3573243e-04 1.2854303e-03 8.8298443e-04 6.1890442e-04
 1.2886055e-03 1.0769999e-03 9.9261087e-01 1.0253290e-03] [0.02104279 0.02727186 0.62093604 0.03912064 0.03495616 0.17312431
 0.02315665 0.03415308 0.02623848] [1.2255718e-03 2.2866167e-03 2.2127980e-04 1.9228030e-03 3.4025827e-04
 9.9271792e-04 4.4994772e-04 9.9059719e-01 1.9635845e-03] [5.9270323e-04 6.5090251e-04 3.0179743e-03 9.0855290e-04 5.3907087e-04
 5.3995484e-03 9.8116791e-01 6.8284976e-03 8.9476950e-04] [2.1704590e-04 6.4045395e-04 9.9763787e-01 1.7664261e-04 5.9750187e-04
 1.4980287e-04 1.1752356e-04 3.0993111e-04 1.5320272e-04] [0.00775167 0.0078683  0.00234844 0.00274029 0.00214028 0.00687091
 0.93674105 0.00214368 0.03139541] [1.3305000e-03 1.9268410e-03 2.0217707e-03 2.3579551e-02 9.6011126e-01
 8.4368244e-04 6.5837777e-04 8.2641039e-03 1.2639479e-03] [1.3111069e-04 9.7024094e-05 1.9354999e-04 1.3629324e-04 7.3418123e-05
 9.9813420e-01 9.9206802e-05 1.9527723e-04 9.3996699e-04] [0.05041825 0.09954576 0.05264433 0.04136034 0.04716822 0.11087196
 0.04306543 0.06096488 0.4939608 ] [1.1584600e-03 1.0792336e-04 1.3942925e-04 1.9061481e-04 5.1194173e-04
 3.7796877e-04 3.0344762e-04 9.8942310e-01 7.7870740e-03] [1.4534434e-04 7.0076785e-05 5.4353026e-05 2.0645640e-04 1.3947455e-04
 9.9837142e-01 1.6525730e-04 1.1865114e-04 7.2894705e-04] [1.3321450e-04 2.0667071e-04 1.7012109e-04 4.8527226e-04 4.3028218e-04
 9.9665415e-01 4.5110052e-04 5.9561169e-04 8.7351131e-04] [0.0016222  0.00178177 0.00262915 0.00765093 0.00251412 0.00460355
 0.00646444 0.9688504  0.00388346] [4.8883614e-04 3.4598412e-04 3.8901155e-04 6.9460238e-04 7.4525079e-04
 1.2289896e-03 1.1876901e-03 8.7418326e-04 9.9404538e-01] [7.8587087e-05 2.9353190e-05 3.1490596e-05 7.6609591e-05 8.3161227e-05
 4.2710919e-05 9.9930811e-01 2.3040826e-04 1.1956353e-04] [2.5886859e-04 2.1908585e-04 2.6677028e-04 2.9882268e-04 3.5106848e-04
 8.6091924e-04 9.9687922e-01 3.1064142e-04 5.5464654e-04] [9.9860460e-01 2.6615182e-04 1.6756907e-04 2.3300343e-04 7.1129500e-05
 1.9253341e-04 2.9001979e-04 1.1282406e-04 6.2156563e-05] [0.04542619 0.2023476  0.05645713 0.08782794 0.03283134 0.22070047
 0.15530166 0.1795947  0.01951295] [0.00389648 0.00683389 0.96026266 0.01125869 0.00340058 0.00626707
 0.00303882 0.00160985 0.00343196] [0.00696097 0.01042764 0.00253161 0.00980301 0.00354153 0.01490292
 0.00447538 0.0037211  0.9436358 ] [0.00185818 0.00429056 0.00204861 0.9360937  0.00213786 0.02580016
 0.00314941 0.00534022 0.01928133] [9.6464872e-05 2.4320702e-04 5.3535734e-04 1.6898979e-04 1.6119568e-04
 7.3915573e-05 1.5947959e-04 9.9749643e-01 1.0649250e-03] [0.7671078  0.02266151 0.13745181 0.01842184 0.01057345 0.01601388
 0.00657276 0.00742274 0.01377419] [1.6390014e-04 4.7555089e-04 3.5396250e-04 2.4936651e-04 1.5384723e-04
 2.5552751e-03 2.3122356e-04 9.8828566e-01 7.5312788e-03] [1.6119910e-03 1.0264296e-03 4.8122872e-03 9.7364140e-01 7.6604332e-04
 1.0298487e-02 5.6275413e-03 8.0375525e-04 1.4120302e-03] [1.6546871e-03 2.0310630e-03 8.0102478e-04 9.8935109e-01 4.3534808e-04
 1.8053247e-03 1.3131112e-03 7.7635801e-04 1.8320309e-03] [2.1841451e-04 2.6240604e-04 6.4873928e-04 7.5946352e-04 9.9605227e-01
 2.5431637e-04 1.3221611e-04 4.6902985e-04 1.2031270e-03] [0.00318014 0.00127048 0.01898377 0.00105131 0.00455044 0.00140527
 0.0048995  0.96160835 0.00305067] [0.0414733  0.2440005  0.19132929 0.04347982 0.05928722 0.30654767
 0.02754542 0.06091542 0.02542141] [0.0083464  0.0051497  0.00324898 0.0040458  0.00253011 0.00980409
 0.0051991  0.9575272  0.00414853] [0.02689822 0.04483581 0.46258458 0.07274804 0.05620663 0.07390795
 0.05286714 0.08595828 0.1239933 ] [9.92732465e-01 5.05399052e-03 3.00877058e-04 1.05915235e-04
 2.30284859e-04 1.85724348e-04 2.52562459e-04 9.54013260e-04
 1.84218239e-04] [2.4145741e-04 5.4258126e-04 4.4991050e-04 2.5795563e-04 9.9656785e-01
 1.0328010e-03 1.6021611e-04 3.8489338e-04 3.6226938e-04] [4.0079947e-04 2.7705700e-04 2.5166757e-04 1.4286475e-04 1.4285930e-04
 5.3686061e-04 2.2538887e-04 2.2804613e-04 9.9779451e-01] [1.8783454e-04 4.8388453e-04 1.8201138e-04 4.9925962e-04 9.9510181e-01
 2.3985864e-03 1.1602363e-04 1.2445939e-04 9.0612000e-04] [8.42883092e-05 4.55442605e-05 1.54742054e-04 1.89640763e-04
 7.42670090e-05 9.99140382e-01 1.14100934e-04 4.21956938e-05
 1.54845227e-04] [7.9807483e-02 1.2093518e-03 1.3803160e-03 2.7555202e-03 2.0188519e-03
 4.9318760e-03 9.0587813e-01 4.0724158e-04 1.6112317e-03] [2.3418930e-04 1.2572722e-04 5.7090237e-04 2.7110064e-04 2.0273832e-04
 6.3096324e-04 9.9736649e-01 4.4873054e-04 1.4917826e-04] [0.00702386 0.00297391 0.9634187  0.00920298 0.00228641 0.00409065
 0.00122719 0.0012448  0.00853145] [2.1754606e-03 1.0058278e-03 1.5471807e-03 2.3402581e-03 6.1205344e-04
 4.2115212e-03 9.6900326e-01 7.9847447e-04 1.8305998e-02] [1.1475448e-03 7.1293296e-04 1.3685257e-03 2.6715320e-04 1.1050244e-03
 7.2938984e-04 6.5889565e-04 9.9286401e-01 1.1465040e-03] [1.9145728e-04 2.0458357e-04 1.9980648e-04 9.9390793e-01 5.8262539e-04
 2.0775148e-03 1.1828786e-04 3.7226413e-04 2.3454917e-03] [1.4602304e-04 4.1923649e-04 9.9446869e-01 3.2454701e-03 1.8654006e-04
 8.9397625e-05 1.3422836e-04 6.6438894e-04 6.4596190e-04] [9.8416382e-01 3.0494891e-03 2.9139444e-03 2.4201504e-03 1.4229027e-03
 1.0936884e-03 2.9078955e-03 8.6176588e-04 1.1663779e-03] [0.28095493 0.26798245 0.06562788 0.02797927 0.08992913 0.13087
 0.03987853 0.03327336 0.06350449] [3.1092460e-04 3.2818047e-04 4.1394366e-04 5.4676773e-04 9.9466801e-01
 2.3297074e-03 2.8910302e-04 7.2075223e-04 3.9268786e-04] [0.14567062 0.19913776 0.11180147 0.05876921 0.13665506 0.06936457
 0.10537269 0.07041597 0.10281265] [1.7728728e-04 1.6397364e-04 6.7970395e-05 6.6117116e-04 2.1653708e-04
 1.6406013e-04 9.9733150e-01 3.5505070e-04 8.6248235e-04] [9.9827349e-01 3.2950423e-04 2.2384232e-04 9.2871116e-05 1.2379195e-04
 1.1250521e-04 3.3017391e-04 9.1798422e-05 4.2203919e-04]",1 3 5 5 7 4 5 5 3 1 0 3 8 4 8 4 3 5 8 1 0 1 6 0 3 4 1 1 5 7 2 8 8 3 7 4 6 3 4 1 2 0 1 3 0 8 3 8 4 4 6 2 2 2 1 4 3 4 0 5 0 8 2 2 5 7 0 1 8 6 3 6 3 6 4 7 2 7 1 0 4 6 2 1 2 1 1 5 6 8 7 5 0 7 8 7 2 0 6 4 8 6 3 3 4 7 8 6 5 3 2 2 2 0 2 7 0 5 3 2 8 4 5 8 1 8 1 3 2 5 8 5 6 4 0 8 3 1 1 3 2 1 0 8 5 8 7 1 5 7 1 1 0 2 3 0 3 6 1 4 6 4 0 7 6 4 6 7 2 7 6 2 6 4 5 8 7 5 5 7 8 6 6 0 0 2 8 5 7 0 7 3 3 4 7 5 7 5 0 4 8 4 5 6 6 2 6 7 3 2 0 1 4 7 6 0
1468,0,xgboost,0.02,20000,20000,0.8611111111111112,0.9866415895061729,"[1.0135063e-04 3.6785091e-04 2.0424987e-04 4.5189579e-04 1.2504956e-04
 9.9814284e-01 1.0664369e-04 1.2163190e-04 3.7843644e-04] [0.12493849 0.26915503 0.11195869 0.10158075 0.1275601  0.03848697
 0.12565862 0.04992055 0.05074083] [1.2936839e-04 8.8259701e-05 1.0700140e-03 9.9739134e-01 7.5725424e-05
 5.0811609e-04 1.2623427e-04 1.1908022e-04 4.9182685e-04] [0.02627    0.09660538 0.45048377 0.2497745  0.0319317  0.02601082
 0.03620013 0.02533584 0.05738783] [9.3925955e-05 9.0475995e-05 8.1299855e-05 1.1605079e-04 8.7033150e-05
 2.8742684e-04 9.9881124e-01 2.0724979e-04 2.2536219e-04] [2.1990701e-03 3.5862802e-03 9.8582143e-01 1.5395420e-03 3.9202590e-03
 6.8975869e-04 5.6506344e-04 1.1701646e-03 5.0840148e-04] [7.8094116e-04 2.5801703e-03 2.1365518e-03 1.9949249e-03 1.1043600e-03
 1.0256056e-03 9.7960315e-04 6.6639704e-04 9.8873144e-01] [9.0274843e-04 9.9471009e-01 4.8633953e-04 6.5563899e-04 5.3834182e-04
 5.9993897e-04 8.1377523e-04 3.9810583e-04 8.9508103e-04] [4.2934520e-03 3.5633552e-03 8.9705118e-04 1.2123146e-03 6.8867649e-04
 1.3160767e-03 8.1562082e-04 9.8640311e-01 8.1031502e-04] [0.00203067 0.00143373 0.00450344 0.00172529 0.9721762  0.00142563
 0.00177435 0.01116611 0.00376454] [1.9769614e-04 5.7264516e-04 2.4090278e-04 1.5693821e-04 9.9790657e-01
 3.7298715e-04 1.7625059e-04 1.6093841e-04 2.1513560e-04] [0.00591452 0.01763948 0.0239297  0.8922933  0.00929607 0.00766733
 0.02792557 0.00822832 0.00710574] [0.907389   0.01345366 0.01371838 0.00424072 0.00465898 0.00887133
 0.01685179 0.02255073 0.00826544] [0.0023709  0.006048   0.00361805 0.00232324 0.00179581 0.00609987
 0.00849103 0.0019898  0.9672633 ] [9.9345845e-01 4.6630960e-04 1.3248108e-03 9.6172182e-04 4.8131534e-04
 1.0265339e-03 6.7307643e-04 1.0798858e-03 5.2785908e-04] [0.08898742 0.05679105 0.0687042  0.16372806 0.06123435 0.17078727
 0.09305672 0.19681278 0.09989814] [9.4789092e-04 6.2294322e-04 2.0720514e-03 9.7278237e-01 1.2799799e-03
 1.5840461e-02 1.6905422e-03 1.1541928e-03 3.6095590e-03] [0.21251169 0.03688709 0.00592769 0.6658406  0.02079598 0.03211634
 0.01088163 0.007521   0.00751793] [3.9943287e-04 1.3175704e-04 1.4031176e-04 2.5923215e-04 2.5596001e-04
 1.7832968e-04 1.9017575e-04 9.9628496e-01 2.1597778e-03] [0.01013016 0.02388797 0.06169866 0.01247707 0.01839492 0.01466655
 0.07739212 0.7429428  0.03840972] [0.00890412 0.96292293 0.01065624 0.00201508 0.00225368 0.00177004
 0.0031239  0.00410741 0.00424663] [0.00734438 0.9670865  0.00660451 0.0013384  0.00321336 0.00301011
 0.00327334 0.00437883 0.00375057] [1.7853029e-04 6.5792599e-05 6.3308151e-05 1.4969864e-04 7.8502439e-05
 1.8190812e-04 9.9900323e-01 1.5136605e-04 1.2771328e-04] [0.02202734 0.01356525 0.00977152 0.02218085 0.00994245 0.0170187
 0.0068418  0.01546025 0.8831918 ] [9.9438888e-01 1.3724253e-04 2.7240498e-04 2.6363271e-04 1.6033929e-04
 4.9115589e-04 3.6765188e-03 1.7998397e-04 4.2986998e-04] [6.5713970e-04 3.7964564e-04 2.4234952e-04 1.5103831e-03 9.8691505e-01
 1.0676282e-03 4.0531481e-04 6.6252996e-04 8.1600053e-03] [0.00409734 0.0017162  0.97980416 0.00527295 0.00166338 0.00125122
 0.00147157 0.00231454 0.00240861] [2.2470251e-04 4.0822267e-04 6.5847393e-04 1.3820555e-04 9.9580008e-01
 1.2019003e-03 3.3839393e-04 5.1605416e-04 7.1397412e-04] [0.01865743 0.01563983 0.02411563 0.070626   0.01317765 0.14128199
 0.01562723 0.13660805 0.5642662 ] [7.5490930e-04 9.9248987e-01 1.1793444e-03 1.0481507e-03 5.9482810e-04
 7.9058448e-04 8.8580587e-04 9.6057309e-04 1.2959181e-03] [1.6436938e-04 4.2686105e-04 3.8381276e-04 7.4777438e-04 2.0591408e-04
 2.1419559e-04 8.7981141e-04 9.9488318e-01 2.0941193e-03] [2.1406810e-03 1.0501540e-03 8.9931651e-04 1.9282933e-03 8.3782367e-04
 8.7636057e-03 1.3153517e-03 1.5115232e-03 9.8155320e-01] [0.00556417 0.0040953  0.00607157 0.00348668 0.9503869  0.01867325
 0.0019886  0.00721965 0.00251387] [5.8700860e-04 1.0497899e-03 2.1783656e-03 8.9352089e-04 7.3688832e-04
 6.3198050e-03 1.3927419e-03 2.7838121e-03 9.8405808e-01] [9.9912351e-01 4.5721656e-05 1.6292511e-04 5.4082586e-05 9.6155156e-05
 4.7525322e-05 2.3301915e-04 1.4318826e-04 9.3862625e-05] [0.01113383 0.01072429 0.03121772 0.31226075 0.01717175 0.08495511
 0.03341279 0.01624784 0.4828759 ] [0.01277122 0.01147913 0.03763186 0.85037583 0.01697184 0.01443733
 0.01215869 0.03888799 0.0052861 ] [0.94805    0.01261727 0.00469014 0.00373173 0.0052426  0.0040935
 0.00501961 0.01238962 0.00416559] [0.02771501 0.02249977 0.56830806 0.0303162  0.03470595 0.03535654
 0.06882872 0.08711162 0.1251581 ] [4.4043048e-04 5.4661382e-04 9.5872948e-04 9.9354023e-01 4.7270133e-04
 1.3108547e-03 5.2124442e-04 4.0376568e-04 1.8055080e-03] [7.0108176e-04 4.0664710e-04 7.3683739e-04 1.7415052e-03 9.2255784e-04
 6.2727922e-04 7.1332121e-04 1.4993297e-03 9.9265140e-01] [0.00300593 0.00433562 0.00397997 0.00647657 0.00314833 0.0095886
 0.00307157 0.959339   0.00705437] [0.00361491 0.01367075 0.93076617 0.02195277 0.00459476 0.00933326
 0.01070947 0.00295098 0.00240696] [3.6287965e-04 5.1602098e-04 1.2274036e-03 6.8262778e-04 9.9343359e-01
 2.2865504e-03 4.2706166e-04 6.3561345e-04 4.2826970e-04] [4.0313136e-04 9.9525994e-01 1.6366879e-03 1.3931317e-04 2.6509655e-04
 2.6052355e-04 2.0671508e-04 3.3573623e-04 1.4929239e-03] [6.1770668e-04 8.3734794e-04 3.9119273e-04 1.8400549e-03 4.3015752e-04
 2.4439455e-03 9.9235511e-01 4.7716606e-04 6.0731691e-04] [0.00589319 0.00695747 0.00640532 0.02862285 0.00965944 0.03721313
 0.01275228 0.7043413  0.18815508] [9.9689591e-01 6.0969713e-04 2.7240688e-04 1.4842009e-04 1.7720107e-04
 1.5668782e-04 1.4317203e-03 1.2818965e-04 1.7976256e-04] [1.1325930e-03 9.9298429e-01 1.1589824e-03 4.9492781e-04 1.9000159e-04
 4.3567480e-04 1.4935301e-04 7.0317066e-04 2.7510216e-03] [1.3814741e-04 8.7667337e-05 5.2320756e-05 1.5190986e-04 1.0320943e-04
 9.9898642e-01 1.1825596e-04 4.9564082e-05 3.1253224e-04] [0.02086468 0.02297688 0.01021546 0.0497209  0.02787945 0.35494053
 0.0263986  0.02890958 0.45809388] [2.0170963e-04 2.1004646e-04 9.9651551e-01 1.2462682e-03 2.8449710e-04
 3.8842336e-04 7.3833560e-04 1.5569248e-04 2.5951257e-04] [0.01267311 0.8970914  0.00694338 0.02219315 0.00567    0.01111636
 0.01508264 0.01957809 0.00965194] [0.09793683 0.03619825 0.07084626 0.07901604 0.03173984 0.04492778
 0.03710918 0.07030445 0.5319214 ] [4.6921911e-04 2.5952744e-04 2.3773593e-04 8.2064513e-04 9.9602050e-01
 3.4979713e-04 7.9714879e-04 8.0169953e-04 2.4375602e-04] [0.01834585 0.00846379 0.00878669 0.05927983 0.01030261 0.24662113
 0.02756713 0.55944324 0.06118971] [6.0720782e-04 2.4661825e-03 9.6154289e-04 9.8934793e-01 1.1941789e-03
 2.2819173e-03 6.8093213e-04 9.3147653e-04 1.5285759e-03] [1.9818601e-04 2.9595967e-04 9.9834263e-01 3.1162833e-04 1.5628093e-04
 1.8366252e-04 1.8961534e-04 2.5675440e-04 6.5235559e-05] [0.00810783 0.0161121  0.03245475 0.02006445 0.00852512 0.5999719
 0.00885357 0.00804015 0.2978702 ] [0.75996304 0.03847718 0.01654651 0.06224828 0.03826575 0.042528
 0.00939718 0.01087121 0.02170288] [0.02022584 0.02494402 0.0853081  0.21117616 0.02316672 0.54684
 0.02409402 0.03885045 0.02539467] [0.01126385 0.01171392 0.0265331  0.11982923 0.8149242  0.00385694
 0.00477982 0.00320092 0.00389805] [1.3303866e-03 2.6640281e-04 4.1345335e-04 3.9225057e-04 3.6131611e-04
 5.4456055e-04 5.0688488e-04 9.9532473e-01 8.5993751e-04] [2.0236244e-04 1.4565531e-04 5.9962925e-04 1.5417284e-04 1.2396184e-04
 2.1378677e-03 9.9583638e-01 6.3504936e-04 1.6488704e-04] [0.00361999 0.00951221 0.95434296 0.01603271 0.00631132 0.00328716
 0.00328649 0.00262933 0.00097784] [5.2801427e-04 9.9703789e-01 5.7038531e-04 2.9135891e-04 3.5751585e-04
 1.5884569e-04 3.1099172e-04 3.7648343e-04 3.6857184e-04] [8.0565497e-04 9.8982596e-01 1.0957188e-03 3.7879116e-04 2.5558018e-04
 1.2819974e-03 5.6664394e-03 2.8888424e-04 4.0093990e-04] [0.0241403  0.0227676  0.02320677 0.03591985 0.06237202 0.49023154
 0.03193397 0.09925636 0.21017164] [4.1519874e-04 2.2252480e-04 1.3509367e-04 5.1091774e-04 2.1863989e-04
 2.9083467e-04 2.7232605e-04 9.9718767e-01 7.4674503e-04] [0.04072994 0.16756733 0.08450883 0.02757178 0.10944725 0.31286722
 0.1445905  0.03231022 0.08040691] [0.07237279 0.056439   0.08237753 0.37464467 0.14674132 0.07725298
 0.03445103 0.09276196 0.06295875] [0.0560879  0.09554461 0.02868632 0.0804098  0.04461128 0.31954125
 0.14443137 0.0954435  0.135244  ] [0.30754206 0.10258885 0.09394624 0.06781951 0.03654115 0.10823502
 0.13505839 0.06323093 0.0850379 ] [8.1165624e-04 8.9868030e-04 3.9139744e-03 2.4808783e-03 9.8607546e-01
 4.9161643e-04 1.4378509e-03 1.7191614e-03 2.1707846e-03] [0.05334372 0.0376844  0.63781524 0.10081686 0.03825096 0.02728193
 0.02414805 0.04505985 0.035599  ] [0.00224412 0.00244082 0.00233207 0.00217443 0.00172333 0.0040487
 0.9796331  0.0038853  0.00151818] [1.4823138e-03 2.0670979e-03 7.5092289e-04 3.1047156e-03 9.1477600e-04
 1.1939887e-02 1.5447132e-03 9.4893646e-01 2.9259093e-02] [0.01194925 0.00408892 0.00899457 0.43831232 0.01884717 0.07856881
 0.01177176 0.00796447 0.41950268] [0.00120016 0.00157748 0.9672469  0.01286975 0.00151772 0.00418313
 0.00392073 0.00269633 0.00478785] [5.2988698e-04 9.3159918e-04 8.4544130e-04 3.3804282e-04 1.8615430e-04
 1.5541655e-03 3.3046820e-04 9.9491209e-01 3.7216608e-04] [0.02726066 0.02009486 0.00703613 0.01484063 0.00768754 0.01405495
 0.01383393 0.03831777 0.8568736 ] [0.01128106 0.01597655 0.00737995 0.04799035 0.00970073 0.50013596
 0.01088941 0.01608683 0.38055918] [9.9762100e-01 1.1179645e-04 1.3484823e-03 6.9403817e-05 8.0414997e-05
 1.3714279e-04 8.6639513e-05 4.7815507e-04 6.6978755e-05] [0.00117584 0.00134092 0.00539485 0.00437006 0.00143073 0.02568369
 0.94307387 0.0021771  0.01535295] [2.5491364e-04 9.9812001e-01 2.4245468e-04 1.3293038e-04 1.7099129e-04
 3.7453618e-04 2.2974027e-04 3.3703900e-04 1.3741109e-04] [0.85825384 0.06411182 0.00944385 0.00738297 0.00851831 0.01764982
 0.01166346 0.01010783 0.01286809] [5.1919959e-04 3.0473803e-04 3.9732750e-04 9.9310005e-01 2.1318297e-04
 3.6117597e-03 6.0707942e-04 3.5158155e-04 8.9507038e-04] [4.5703546e-04 4.2503217e-04 9.7914564e-04 9.9414355e-01 4.5818518e-04
 3.2172119e-04 5.1902694e-04 9.0473908e-04 1.7916106e-03] [1.0798678e-04 8.7387417e-04 2.7530087e-04 3.2533266e-04 9.9638569e-01
 3.7112477e-04 8.0626959e-04 6.3432916e-04 2.2011450e-04] [8.6082367e-04 3.5776608e-04 7.7867712e-04 3.2248592e-04 9.9500149e-01
 1.6709565e-03 3.9048720e-04 3.2840011e-04 2.8889428e-04] [0.00326721 0.9318135  0.00727288 0.00200824 0.04034329 0.00205015
 0.00743984 0.00317827 0.00262668] [1.3477224e-04 2.1032775e-04 2.0650923e-04 3.5360269e-04 1.7500689e-04
 5.9212931e-04 9.9773765e-01 2.1798765e-04 3.7199710e-04] [0.02910376 0.032777   0.46445617 0.04278102 0.01620291 0.03718271
 0.01314005 0.02035305 0.3440033 ] [7.4890006e-04 7.0855902e-03 7.1439048e-04 1.3760646e-03 4.4455573e-02
 8.3526119e-04 1.1310227e-03 9.4260120e-01 1.0519874e-03] [1.5754277e-03 2.8868648e-03 1.0404346e-02 1.4521675e-03 1.2090190e-03
 9.7944838e-01 1.3955827e-03 1.1260884e-03 5.0213287e-04] [5.4909574e-04 1.2413549e-03 1.6728543e-03 8.1263232e-04 8.8827248e-04
 8.1191893e-04 1.0536762e-03 9.9003708e-01 2.9331325e-03] [1.18511605e-04 2.18528410e-04 8.11950522e-05 1.30356057e-04
 1.39311727e-04 7.38401199e-04 9.98280168e-01 8.81632950e-05
 2.05418663e-04] [9.9453777e-01 5.8225816e-04 5.9267716e-04 3.3332495e-04 7.2570419e-04
 1.2865139e-03 5.6394067e-04 8.2555780e-04 5.5223831e-04] [2.4015176e-04 1.3893722e-04 2.1409872e-04 6.5517763e-04 9.9767619e-01
 1.9681382e-04 3.3441986e-04 1.2213971e-04 4.2210758e-04] [0.07174841 0.07366812 0.00778795 0.79886454 0.00723236 0.02438084
 0.00276344 0.00541472 0.00813964] [0.0159185  0.02027183 0.03403189 0.29127973 0.01784656 0.4482797
 0.01795854 0.02620378 0.12820946] [1.03796025e-04 1.10519279e-04 3.06444854e-04 1.31657449e-04
 1.34861766e-04 9.98761415e-01 1.45937214e-04 9.04344779e-05
 2.14982589e-04] [9.9073738e-01 6.6894892e-04 1.4551767e-03 5.9396919e-04 6.1108579e-04
 2.8171393e-03 8.9322618e-04 1.6977957e-03 5.2525586e-04] [0.01928267 0.5878508  0.19705015 0.0917115  0.02086196 0.01503592
 0.01491865 0.02517981 0.02810853] [9.0810616e-05 1.2997938e-04 1.3514853e-04 2.4759196e-04 8.6683169e-05
 3.2126365e-04 9.9859113e-01 1.7054944e-04 2.2677715e-04] [0.34661323 0.12974712 0.06080711 0.04858774 0.03476474 0.24127506
 0.04221762 0.0484335  0.04755389] [2.6832413e-04 2.1010709e-04 1.0001023e-04 2.4515559e-04 1.4722762e-04
 4.7793277e-04 9.9066669e-01 3.6032725e-04 7.5241630e-03] [9.9140513e-01 5.0641303e-03 6.8054069e-04 2.9744607e-04 2.5825336e-04
 7.3100370e-04 8.1246026e-04 3.0611019e-04 4.4489568e-04] [1.2603711e-04 2.4971014e-04 3.8247826e-04 4.2913490e-04 1.8906542e-04
 9.9770540e-01 5.2038900e-04 9.3052331e-05 3.0477735e-04] [0.04844283 0.09019355 0.2495881  0.20726004 0.04332608 0.14358191
 0.09630189 0.04179155 0.07951402] [0.04916702 0.09068728 0.18415467 0.17852335 0.20532791 0.17618644
 0.05038813 0.04172892 0.02383626] [5.3019240e-04 2.2248576e-04 2.6112952e-04 3.3175172e-03 3.5729943e-04
 9.9976477e-04 9.9288142e-01 4.2793737e-04 1.0022559e-03] [0.00600225 0.01026812 0.01260067 0.01028249 0.03799869 0.02110735
 0.00840184 0.01473941 0.8785991 ] [0.90570605 0.00517783 0.03841846 0.00615422 0.00700293 0.01155717
 0.01396035 0.00675733 0.00526564] [3.9226166e-04 2.7752746e-04 1.1071864e-03 6.5504166e-04 4.3121530e-04
 1.7188560e-03 6.9150963e-04 4.6084353e-04 9.9426562e-01] [0.00729366 0.0410174  0.0104258  0.02420418 0.00810758 0.83372706
 0.00686736 0.01330188 0.05505514] [0.24239765 0.00248247 0.00710581 0.00542424 0.00349169 0.01936339
 0.7071813  0.00422989 0.0083236 ] [1.3061444e-03 9.7947431e-01 9.4081294e-03 9.6746540e-04 1.9586438e-03
 1.3852679e-03 2.0947894e-03 1.0050416e-03 2.4001747e-03] [0.01699676 0.10775037 0.20377108 0.59494317 0.00691901 0.01140166
 0.0170635  0.02538838 0.01576609] [0.07839343 0.1146497  0.03610361 0.10740702 0.04799088 0.297707
 0.1279384  0.07184386 0.11796612] [0.00646298 0.01031916 0.00565456 0.00590394 0.00373154 0.00713932
 0.00300711 0.9301913  0.02759015] [0.12396946 0.02041776 0.03012394 0.05644597 0.02492614 0.07688164
 0.15606695 0.03270138 0.47846675] [5.4011442e-04 1.4863974e-04 4.1774139e-05 2.3208797e-04 7.2950927e-05
 6.6209474e-04 9.9758899e-01 4.2759627e-04 2.8570893e-04] [0.0053249  0.00542305 0.00248836 0.01078709 0.0178322  0.11672243
 0.00615055 0.00581186 0.82945955] [0.00214822 0.001328   0.17161469 0.80044764 0.00621902 0.00617621
 0.00082488 0.00406531 0.00717601] [3.5456015e-04 3.0743430e-04 9.9416488e-01 3.3671425e-03 4.7781933e-04
 1.6033831e-04 4.6733863e-04 3.4176436e-04 3.5873978e-04] [7.4928254e-04 2.7791937e-04 6.7035638e-04 1.1666441e-04 2.3153720e-04
 4.5897174e-04 9.9609995e-01 4.5093845e-04 9.4431103e-04] [0.09783258 0.17413458 0.02784983 0.04543695 0.0156218  0.08940506
 0.02061006 0.49305952 0.03604959] [0.10706148 0.2854022  0.17134592 0.0750912  0.05274674 0.05235656
 0.11839316 0.05364541 0.08395732] [0.00256212 0.98021644 0.00553955 0.00102348 0.00152499 0.0023808
 0.0033841  0.00123236 0.0021362 ] [1.21185556e-04 5.74153208e-04 8.26760952e-04 3.37691628e-04
 1.66061101e-04 9.96474564e-01 2.60812638e-04 2.96094076e-04
 9.42707818e-04] [0.00483193 0.00318816 0.00223163 0.9175869  0.00215816 0.04439982
 0.00885235 0.00528232 0.01146875] [0.02192028 0.03128066 0.02844785 0.08082839 0.03335834 0.46143308
 0.03058217 0.04801456 0.26413465] [0.00510821 0.00818448 0.00337393 0.01335529 0.00323798 0.03259505
 0.01634702 0.03114667 0.8866514 ] [0.00206161 0.00119262 0.00142812 0.9763307  0.00161096 0.0058427
 0.00194822 0.00636899 0.00321609] [4.2120166e-04 2.9586037e-03 9.9291903e-01 1.0598891e-03 2.4788140e-04
 1.0478621e-03 6.0623232e-04 4.9242971e-04 2.4691690e-04] [0.00141762 0.00458053 0.00585792 0.00594703 0.00218867 0.70742905
 0.00375497 0.013622   0.2552022 ] [6.1675726e-04 4.6382807e-04 1.0093147e-03 1.0709992e-03 9.9302977e-01
 1.3772522e-03 5.7211245e-04 3.3759608e-04 1.5223869e-03] [4.2851531e-04 9.9642217e-01 6.4905576e-04 2.1191017e-04 1.3601470e-04
 2.7884543e-04 5.6705886e-04 4.3259613e-04 8.7387906e-04] [1.4858219e-03 1.1816218e-03 7.9674745e-04 9.8051584e-01 1.0980852e-03
 3.8127198e-03 5.6091715e-03 1.3681396e-03 4.1318494e-03] [0.01026075 0.07675458 0.54768866 0.05722293 0.00731234 0.01155805
 0.2729976  0.00862486 0.00758021] [0.00278894 0.0072321  0.00564409 0.8263796  0.00238523 0.12384576
 0.00383565 0.01357133 0.01431734] [1.9544997e-04 9.9741203e-01 3.9899899e-04 2.6922263e-04 2.5365670e-04
 5.6094147e-04 4.4896788e-04 2.2112665e-04 2.3958519e-04] [0.05112871 0.00306162 0.00641863 0.888767   0.00809944 0.01101795
 0.00952152 0.01486965 0.00711549] [0.07974453 0.02037152 0.01979415 0.17413846 0.03223138 0.5251306
 0.03580871 0.02865368 0.08412696] [0.00363669 0.00342746 0.00272314 0.0061093  0.00418394 0.95148915
 0.00562622 0.00491969 0.01788437] [0.00099928 0.00119373 0.76706094 0.21630804 0.00156282 0.00137713
 0.00100342 0.00327327 0.00722139] [1.6147865e-04 1.9283696e-04 7.4630702e-04 6.2626047e-04 9.9707329e-01
 2.3604625e-04 1.0003668e-04 3.4154562e-04 5.2217493e-04] [6.0311105e-04 1.4244040e-03 1.6852517e-03 1.6019579e-03 2.0364777e-03
 4.0441006e-03 1.7327848e-03 9.8278356e-01 4.0883915e-03] [0.00167223 0.00124774 0.07616447 0.90569395 0.00130141 0.00397853
 0.00277043 0.00245854 0.00471268] [2.42851384e-04 1.19065699e-04 1.26583385e-04 3.14853794e-04
 1.15354116e-04 6.45121036e-04 9.97961283e-01 1.94228298e-04
 2.80644483e-04] [0.04941962 0.08617013 0.44577432 0.29998037 0.01376971 0.03236859
 0.03520961 0.02218184 0.01512585] [4.8691276e-04 2.8612852e-04 2.4025075e-04 2.9733032e-04 1.6699870e-04
 1.2636133e-03 3.1624790e-04 9.9653709e-01 4.0548053e-04] [0.02126904 0.7911064  0.02602374 0.07472875 0.01512101 0.01651032
 0.01568015 0.02130065 0.01825997] [1.1030330e-03 9.9120295e-01 1.1566314e-03 6.6969555e-04 5.1553536e-04
 1.8190034e-03 1.0156975e-03 1.2822892e-03 1.2351676e-03] [0.00148343 0.0012026  0.00388382 0.00171959 0.00097665 0.01376731
 0.00184415 0.00112267 0.97399974] [0.03362979 0.01582772 0.0142412  0.13531442 0.02249527 0.26848152
 0.03824414 0.02334228 0.44842368] [9.1977534e-04 3.9317863e-04 4.9741487e-03 6.3269725e-04 6.6109514e-04
 9.8992413e-01 7.3081534e-04 7.9458585e-04 9.6963864e-04] [0.09319753 0.05024373 0.08086154 0.05633152 0.0431237  0.07338711
 0.06090638 0.04070091 0.50124764] [0.02785679 0.02562857 0.09910157 0.0813548  0.02129967 0.6174481
 0.05825006 0.02230059 0.04675987] [0.00235948 0.96805614 0.00530605 0.00218359 0.00276943 0.00561272
 0.00842762 0.00282665 0.00245832] [0.00357814 0.00419325 0.01288059 0.00321988 0.00268696 0.00204733
 0.00466526 0.9515799  0.01514867] [5.7813089e-04 2.8262637e-04 5.6682369e-03 9.8734260e-01 4.2083423e-04
 1.2603500e-03 9.0220978e-04 6.4917799e-04 2.8958335e-03] [0.01177653 0.0041459  0.01865133 0.0082019  0.00376998 0.13603014
 0.01836728 0.01045005 0.7886069 ] [9.9082679e-01 2.8533998e-04 1.0009925e-03 1.8014094e-04 2.9086712e-04
 6.3713850e-04 7.3179719e-04 5.8646202e-03 1.8227498e-04] [5.0805364e-04 9.9535793e-01 4.3843387e-04 5.9141486e-04 2.7006128e-04
 8.6708716e-04 6.0580490e-04 6.3201040e-04 7.2916760e-04] [3.1173110e-04 4.2029116e-03 4.1460834e-04 5.0286361e-04 9.9182278e-01
 8.2000758e-04 6.2630716e-04 7.8312482e-04 5.1570800e-04] [0.07483473 0.03803781 0.09288059 0.04615523 0.03826164 0.09585509
 0.06858907 0.37764412 0.16774176] [3.7332816e-04 1.5205519e-03 5.8052712e-04 1.1760682e-03 4.0977530e-04
 2.4886231e-03 1.1087995e-03 8.5899013e-04 9.9148327e-01] [0.01487797 0.02300795 0.00771184 0.01315106 0.9024369  0.01563687
 0.00534512 0.00674286 0.01108934] [1.6391493e-04 2.0250889e-04 3.6068968e-04 2.0160976e-04 2.4549750e-04
 5.1666662e-04 3.6434605e-04 9.9782383e-01 1.2090305e-04] [0.01634651 0.01955383 0.01196327 0.05640239 0.01794044 0.0851813
 0.03921147 0.03282594 0.72057486] [0.02363777 0.73760724 0.03980707 0.01799833 0.02532145 0.07603133
 0.02052699 0.03446122 0.02460857] [3.0491286e-04 7.6582958e-04 1.4300556e-03 6.6330016e-04 9.9329174e-01
 1.2122282e-03 6.8307825e-04 6.0756906e-04 1.0412458e-03] [0.00166964 0.00156265 0.00422617 0.00326121 0.00107766 0.00240306
 0.00167817 0.973579   0.01054243] [0.00730367 0.08328179 0.00219949 0.00371075 0.0048747  0.03567468
 0.8250358  0.01217025 0.02574884] [0.05233572 0.11119076 0.21304716 0.15080352 0.06600279 0.02791711
 0.11446903 0.04689725 0.21733665] [0.5077934  0.0343217  0.12563238 0.01538856 0.02818797 0.0428982
 0.02385022 0.02898724 0.19294031] [1.4659225e-03 5.1967526e-04 5.8748142e-04 6.9417519e-04 9.9240899e-01
 2.0493309e-03 7.4806827e-04 8.7396597e-04 6.5236038e-04] [9.3817012e-05 3.1591608e-04 1.3365378e-04 1.0592990e-04 6.5831300e-05
 1.9593502e-04 9.9881232e-01 9.0680041e-05 1.8589344e-04] [0.01651293 0.050845   0.02704433 0.53136015 0.00942677 0.15972456
 0.16264164 0.01493699 0.02750761] [0.00837912 0.01352486 0.00968875 0.01912871 0.75406826 0.01349534
 0.01286657 0.03182167 0.13702676] [1.0863332e-04 9.3939561e-05 9.4319112e-05 2.3663251e-04 3.8438968e-04
 4.9695470e-03 9.9351197e-01 4.1145927e-04 1.8915441e-04] [9.9529123e-01 1.2413773e-04 3.2098347e-03 2.3108417e-04 2.1500092e-04
 2.1943347e-04 1.3897980e-04 1.9779913e-04 3.7247554e-04] [0.05258486 0.06258935 0.136837   0.04834359 0.16602488 0.06331985
 0.31714815 0.07867509 0.07447721] [9.72371936e-01 3.64372157e-03 6.94591203e-04 1.80037855e-03
 1.16520771e-03 2.88240029e-03 1.32509265e-02 1.67439121e-03
 2.51647877e-03] [0.08782598 0.16621079 0.19799371 0.08176722 0.05249314 0.10697949
 0.03267702 0.08976615 0.18428652] [0.03618564 0.0244753  0.01159582 0.03142971 0.01241085 0.64601314
 0.03181266 0.01809762 0.1879793 ] [7.7436410e-04 9.7839475e-01 1.9510306e-03 1.2147918e-03 4.2068516e-03
 5.4772380e-03 3.7709435e-03 1.7031112e-03 2.5069618e-03] [1.2223205e-03 1.2782679e-03 1.6464345e-03 1.0309130e-03 9.8868459e-01
 3.1603358e-03 1.3021812e-03 8.5533975e-04 8.1965094e-04] [2.9560723e-04 2.5963914e-04 5.3083699e-04 9.9252373e-01 3.0835276e-03
 1.0118537e-03 1.0954362e-03 4.0099994e-04 7.9838419e-04] [0.00285251 0.9477197  0.00864462 0.00379544 0.00441629 0.01202976
 0.00725446 0.00618459 0.00710262] [0.03560497 0.03979573 0.04239644 0.08466661 0.04786658 0.5127292
 0.10271997 0.03180872 0.10241172] [1.1233106e-03 1.0507222e-03 3.4475520e-03 1.1816862e-03 5.0024304e-04
 1.0992477e-03 3.7756062e-04 9.9072611e-01 4.9352215e-04] [0.00297404 0.00637113 0.00178978 0.00363401 0.00567192 0.01071368
 0.00499932 0.9576031  0.00624302] [1.2794366e-03 2.8843952e-03 9.8831254e-01 6.0434063e-04 1.8335957e-03
 7.2114007e-04 1.8645633e-03 1.6890530e-03 8.1095536e-04] [0.05736976 0.04298894 0.02810055 0.16221665 0.04562986 0.3843046
 0.11664341 0.04515437 0.11759186] [0.01264538 0.0962716  0.7992181  0.0448697  0.00683799 0.0193792
 0.00734088 0.00495365 0.00848343] [0.00488578 0.12251681 0.01083746 0.00477558 0.83444244 0.00593954
 0.00378923 0.00729429 0.00551892] [0.07812234 0.14451091 0.24431288 0.0813956  0.05456509 0.10584624
 0.04679755 0.07353113 0.1709183 ] [0.00260783 0.00140279 0.0035649  0.04788699 0.00222919 0.00541318
 0.0012014  0.00237673 0.93331695] [0.01886853 0.01467325 0.02452784 0.05701512 0.01257027 0.03507392
 0.03092511 0.02512411 0.7812218 ] [0.00738815 0.00947508 0.00277015 0.00708342 0.00418484 0.02915694
 0.00617739 0.00983157 0.92393243] [2.2839723e-04 9.4112736e-05 9.2120958e-05 1.5565397e-03 1.7037505e-04
 2.6805114e-04 9.9674088e-01 3.0328464e-04 5.4625666e-04] [0.03703595 0.35902703 0.04180431 0.05987233 0.02371281 0.37796393
 0.0318955  0.03600652 0.03268166] [9.9398583e-01 1.2320896e-03 5.8893982e-04 7.5135200e-04 5.0281623e-04
 5.4116407e-04 1.1249781e-03 7.7007484e-04 5.0280662e-04] [1.61579417e-04 1.45788144e-04 1.08093058e-03 8.22309012e-05
 1.88858830e-04 1.04444065e-04 4.35807655e-04 9.93193805e-01
 4.60654590e-03] [2.2317178e-03 9.8943383e-01 8.2081760e-04 2.7422505e-04 2.4415241e-04
 1.9715701e-03 7.1138446e-04 8.7760063e-04 3.4346823e-03] [8.0976897e-04 1.6399614e-03 9.9235278e-01 1.0598872e-03 7.8339753e-04
 8.1242993e-04 1.1943653e-03 3.2532745e-04 1.0220436e-03] [8.1497204e-04 9.1946870e-03 1.9158609e-02 6.5855507e-04 9.6176529e-01
 6.9501111e-03 5.7980290e-04 4.7062678e-04 4.0733139e-04] [0.00306253 0.02011021 0.9254951  0.0152769  0.00318088 0.00898773
 0.00657328 0.00945123 0.00786212] [0.03120854 0.09392207 0.02357712 0.27067658 0.03649303 0.32939523
 0.02189372 0.03193394 0.16089983] [1.6070250e-04 6.9490845e-05 7.1676908e-04 6.6131113e-05 1.2724503e-04
 4.7157344e-04 9.9774289e-01 2.1197283e-04 4.3319640e-04] [2.6438924e-04 1.0828845e-04 2.1379309e-04 5.9218146e-04 2.7807365e-04
 3.2438876e-04 9.9725002e-01 2.5987503e-04 7.0898642e-04] [0.09613074 0.63543826 0.07173579 0.0182738  0.06575809 0.02408652
 0.03269486 0.02233287 0.03354904] [5.0661177e-04 1.3753895e-04 1.2335816e-04 3.2363620e-04 9.9692541e-01
 9.3310088e-04 2.9898706e-04 2.1815674e-04 5.3315278e-04]",5 0 3 2 6 2 8 1 7 4 4 3 0 8 0 5 3 0 7 7 1 1 6 8 0 4 2 4 7 1 7 8 4 8 0 3 3 0 2 3 8 7 2 4 1 6 7 0 1 5 8 2 1 8 4 7 3 2 5 0 5 4 7 6 2 1 1 5 7 1 2 5 0 4 2 6 7 8 2 7 8 5 0 6 1 0 3 3 4 4 1 6 5 7 5 7 6 0 4 0 5 5 0 2 6 0 6 0 5 3 2 6 8 0 8 5 6 1 3 8 7 6 6 6 2 2 6 1 2 1 5 3 4 8 3 2 3 4 1 3 2 5 1 3 8 5 3 4 7 3 6 2 7 1 1 8 5 5 8 5 1 7 3 8 0 1 4 7 8 4 7 8 8 4 7 6 3 0 4 6 3 4 6 0 6 0 2 5 1 4 3 1 5 7 7 2 5 2 4 3 8 8 8 6 5 0 7 1 2 4 2 3 6 6 0 4
1468,1,xgboost,0.02,20000,20000,0.8703703703703703,0.9853395061728395,"[9.9500000e-01 1.9318638e-04 9.7412628e-04 1.0774706e-03 3.6528343e-04
 7.3544629e-04 9.7981864e-04 3.0211985e-04 3.7260138e-04] [3.7746859e-04 3.3113049e-04 5.5484235e-04 7.6172658e-04 9.9398392e-01
 7.9110509e-04 1.7839241e-03 4.6628088e-04 9.4964029e-04] [0.6639334  0.00428506 0.0015294  0.31900585 0.00193441 0.00352255
 0.00163574 0.00084748 0.00330608] [3.4016566e-04 6.1741372e-04 3.7782995e-03 2.1769314e-04 9.9184471e-01
 1.2602225e-04 1.9866113e-04 2.2572081e-03 6.1986508e-04] [0.04448868 0.24018723 0.27407947 0.01346766 0.22888288 0.12681536
 0.02495991 0.03581524 0.01130363] [0.00423654 0.9604571  0.0056746  0.0061334  0.01046197 0.00333057
 0.00311775 0.00225146 0.00433661] [9.9396402e-01 1.0685757e-04 1.7418792e-04 4.4991937e-04 4.5077251e-03
 4.0170591e-04 1.1872027e-04 1.5329677e-04 1.2352680e-04] [6.5608876e-04 7.9163496e-04 3.2279719e-02 9.6334070e-01 4.1052955e-04
 4.7055728e-04 3.4528304e-04 7.6433533e-04 9.4110612e-04] [7.9397560e-04 2.2093477e-03 7.6300424e-04 5.0659984e-04 3.8612686e-04
 8.5575768e-04 1.8557321e-03 9.8503727e-01 7.5922105e-03] [9.8501509e-01 1.0307345e-02 1.1435836e-03 8.2810392e-04 4.4552941e-04
 6.3425483e-04 4.1020298e-04 6.3505076e-04 5.8087514e-04] [0.01609822 0.01221402 0.8624612  0.02200262 0.00943521 0.02423271
 0.01020296 0.01496111 0.02839201] [0.0014497  0.00184545 0.98367494 0.00195134 0.00173524 0.00350744
 0.0022813  0.00110588 0.00244864] [0.00989221 0.00472715 0.00539194 0.04380696 0.00993246 0.02808005
 0.01576962 0.01580784 0.8665918 ] [9.98562276e-01 2.00599752e-04 9.35782082e-05 2.10112688e-04
 2.83860107e-04 8.81505330e-05 1.21398916e-04 2.43931005e-04
 1.96130466e-04] [6.7498127e-04 6.1272876e-04 5.0792051e-04 9.5825194e-04 5.3936947e-04
 9.9140877e-01 9.2767063e-04 1.8038948e-03 2.5663993e-03] [0.06029988 0.17093164 0.12618186 0.10778778 0.11598878 0.09836413
 0.10670719 0.05133779 0.16240099] [3.4342015e-03 1.0939640e-04 2.3015046e-04 1.0983833e-03 4.1149603e-04
 7.7181787e-04 9.9334782e-01 1.0522787e-04 4.9151562e-04] [0.00225304 0.00206363 0.00272902 0.9812337  0.00247154 0.00114484
 0.00148492 0.00211447 0.00450489] [1.7823219e-04 1.3031256e-04 4.2906590e-04 1.0732231e-03 9.9576616e-01
 5.4609129e-04 1.1743475e-03 3.2168991e-04 3.8082781e-04] [0.0036562  0.907945   0.00644121 0.00565673 0.00255055 0.01918705
 0.01343586 0.00220004 0.0389274 ] [1.0980522e-03 9.9434000e-01 8.5912319e-04 3.2835896e-04 8.5169059e-04
 2.8520270e-04 5.7454669e-04 4.5157500e-04 1.2115105e-03] [9.7141045e-01 4.1961325e-03 1.1313001e-03 5.4659764e-03 9.0453442e-04
 1.4144866e-03 6.0690922e-04 2.5066626e-03 1.2363514e-02] [1.66303507e-04 1.54078807e-04 1.76539732e-04 3.33496835e-04
 1.15944866e-04 4.53152898e-04 9.98281360e-01 1.46826729e-04
 1.72327214e-04] [3.1412928e-04 2.7379434e-04 9.3900214e-04 1.1971067e-03 9.9405283e-01
 2.9579393e-04 1.2409909e-03 5.0177419e-04 1.1845543e-03] [0.03568104 0.03648958 0.09184453 0.5331889  0.11142618 0.10567894
 0.02464424 0.02134041 0.03970622] [9.98281837e-01 1.22683079e-04 5.37436979e-04 2.06036246e-04
 1.13618553e-04 2.00068142e-04 1.91520900e-04 1.02857375e-04
 2.43934366e-04] [2.4028996e-03 9.2696905e-04 6.0494413e-04 2.2823351e-02 2.4009722e-03
 3.7040892e-03 9.5836914e-01 9.8692742e-04 7.7806627e-03] [3.9441936e-04 1.7119165e-03 6.3581794e-04 3.3885523e-04 4.8932951e-04
 6.2615331e-04 3.8160355e-04 9.9443108e-01 9.9079264e-04] [0.90959364 0.01684569 0.01194244 0.00502382 0.00933811 0.00373767
 0.02219444 0.00970262 0.0116216 ] [2.2266801e-04 9.9609333e-01 9.0252905e-04 4.3953990e-04 2.2965520e-04
 7.1705721e-04 4.4168523e-04 4.2064142e-04 5.3293665e-04] [0.02729989 0.01175752 0.02156714 0.00606536 0.00690927 0.02642524
 0.8054662  0.01206108 0.08244835] [0.00327112 0.00456233 0.04425223 0.9301828  0.00266128 0.0023942
 0.0037248  0.00456297 0.00438828] [0.97106993 0.01377753 0.00324258 0.00118355 0.00285606 0.00249602
 0.00129317 0.00130842 0.00277272] [0.25094503 0.03818069 0.06076141 0.08180536 0.04006791 0.11396265
 0.24368766 0.05174995 0.11883935] [2.3996232e-04 6.0350948e-04 9.9776423e-01 5.6896009e-04 2.0424389e-04
 1.6538723e-04 1.3398883e-04 1.3668808e-04 1.8304620e-04] [5.8427162e-04 1.0233991e-03 9.9266714e-01 4.4622266e-04 4.2213281e-04
 8.8986382e-04 5.8996317e-04 3.9396327e-04 2.9830381e-03] [0.04869682 0.11392692 0.10584638 0.14746878 0.1034254  0.28246194
 0.04979024 0.04734387 0.10103961] [0.01760327 0.01029893 0.00530953 0.02000393 0.00774144 0.02621034
 0.06751884 0.01100761 0.8343062 ] [1.9210533e-03 2.8230210e-03 1.3985353e-03 5.8552006e-04 1.2631281e-03
 7.5301243e-04 9.8988372e-01 8.0974097e-04 5.6229491e-04] [3.2228307e-04 1.8522029e-03 4.1564976e-04 2.2594985e-03 5.0803844e-04
 2.9371607e-03 6.2467990e-04 9.8169488e-01 9.3855942e-03] [1.12217356e-04 1.37053023e-04 8.14477899e-05 1.89425424e-04
 1.03914143e-04 7.74774060e-04 9.97180104e-01 8.71391458e-05
 1.33394112e-03] [0.03932431 0.04101172 0.02344004 0.16770865 0.18478669 0.21662752
 0.06611496 0.08346532 0.17752078] [2.3248715e-04 5.1854592e-04 4.5966962e-04 3.3435968e-04 2.5149435e-04
 4.6222453e-04 5.6495238e-04 9.9677104e-01 4.0517174e-04] [1.7837586e-03 5.9999590e-04 5.0250744e-04 3.0585623e-03 1.7303809e-03
 8.0923829e-03 7.3145854e-04 7.9108990e-04 9.8270988e-01] [0.02438692 0.05478209 0.01384649 0.03592151 0.01399946 0.6850093
 0.03393024 0.02134395 0.11678004] [1.3759825e-04 1.0549270e-04 1.8559660e-04 2.3091459e-04 1.2437168e-04
 8.8920386e-04 9.9812979e-01 9.6602002e-05 1.0044990e-04] [2.4584837e-03 2.2463212e-03 9.6900004e-01 8.1483899e-03 3.0028669e-03
 8.8443141e-04 5.6176777e-03 2.1127614e-03 6.5289959e-03] [9.9822479e-01 2.6558034e-04 2.5572738e-04 4.4439308e-04 1.4386572e-04
 9.7501252e-05 2.3354407e-04 1.3456507e-04 1.9999586e-04] [3.6848488e-03 6.5430743e-04 1.0303679e-03 1.4098700e-03 1.6451869e-03
 9.7933656e-01 1.0172456e-03 6.4279122e-04 1.0578851e-02] [6.0036208e-04 4.6102132e-04 2.1008321e-03 5.2150810e-04 4.2528912e-04
 1.8452895e-04 6.3920161e-04 9.9427128e-01 7.9594768e-04] [7.0722797e-04 2.6053737e-04 7.8148209e-04 4.7015556e-04 2.7440136e-04
 9.9666059e-01 2.0682425e-04 3.7171869e-04 2.6712491e-04] [3.9213733e-03 2.0419504e-03 2.0361027e-01 7.8489572e-01 2.1907862e-03
 6.0318824e-04 7.7707559e-04 7.3673920e-04 1.2229558e-03] [1.0793378e-03 1.2773315e-03 1.3729910e-03 9.8071516e-01 3.9775232e-03
 4.3738303e-03 2.4257277e-03 3.8340401e-03 9.4403717e-04] [2.5669640e-04 1.8569356e-04 5.1252963e-03 9.9271834e-01 4.1597089e-04
 3.2860250e-04 2.3265883e-04 4.2993433e-04 3.0680551e-04] [0.03303358 0.00580691 0.8893328  0.03761829 0.00355272 0.00859917
 0.00427517 0.01255332 0.00522804] [6.0684863e-04 1.5971096e-03 9.9063724e-01 2.2815333e-03 8.4173318e-04
 8.3626283e-04 5.4244063e-04 9.2349108e-04 1.7333105e-03] [7.7030598e-04 2.2065672e-03 8.7720668e-04 1.3196385e-03 1.0840480e-03
 9.5402777e-01 6.0184468e-03 5.3487328e-04 3.3161152e-02] [9.8836970e-01 1.6093920e-03 5.2110651e-03 5.6796521e-04 8.2623004e-04
 4.3118573e-04 8.6508144e-04 3.8260038e-04 1.7367159e-03] [2.1681769e-04 2.3426887e-04 5.9435959e-04 1.3064045e-03 3.1759060e-04
 4.6849198e-04 1.5337128e-04 9.9642354e-01 2.8513087e-04] [1.5979109e-04 1.4357634e-04 1.4856829e-04 1.3946906e-04 2.0684577e-04
 1.6248833e-03 9.9699724e-01 1.4148175e-04 4.3814213e-04] [0.07311101 0.49733642 0.09218545 0.05094329 0.03006284 0.04429241
 0.02443628 0.09088887 0.09674339] [1.13570844e-04 1.63047254e-04 3.63623607e-04 1.94792368e-03
 9.95485365e-01 1.41086464e-03 1.61559932e-04 1.72225366e-04
 1.81732146e-04] [1.4393172e-03 7.2918023e-04 1.3415527e-03 1.1716419e-03 1.2280305e-03
 8.1791012e-03 9.8140323e-01 1.3501600e-03 3.1578264e-03] [2.8311153e-04 3.4278163e-04 3.4845021e-04 3.8670786e-04 2.6841526e-04
 9.9299461e-01 5.6882447e-04 3.2266462e-04 4.4844570e-03] [0.01222398 0.00744754 0.00540464 0.00983427 0.0037565  0.02006934
 0.9084024  0.00786924 0.02499213] [9.9625695e-01 6.6106656e-04 5.7194149e-04 3.7235371e-04 2.1496913e-04
 2.9491493e-04 8.2972849e-04 6.0801482e-04 1.9004839e-04] [0.00786837 0.00671139 0.0109426  0.00774217 0.0130436  0.00306515
 0.00567963 0.00437967 0.9405675 ] [1.3999154e-03 6.7836040e-04 3.2705907e-04 4.6347067e-04 6.4714235e-04
 1.3309319e-03 5.3779635e-04 4.4817521e-04 9.9416709e-01] [0.01301637 0.02287756 0.18797404 0.01869997 0.01679971 0.56438124
 0.15299459 0.00974633 0.0135102 ] [9.9816340e-01 6.0653168e-04 1.2683138e-04 2.3807844e-04 2.7469432e-04
 2.3222160e-04 1.9502443e-04 1.2689961e-04 3.6353395e-05] [0.0020574  0.00576929 0.02695099 0.9179595  0.00475893 0.0115723
 0.00518032 0.00346315 0.02228813] [3.3479473e-03 9.9060178e-01 1.0885791e-03 4.4935758e-04 8.2726084e-04
 7.4904901e-04 4.0677501e-04 1.5035435e-03 1.0257000e-03] [1.6156428e-04 1.7463752e-04 2.7806629e-04 1.6420249e-04 1.3960918e-04
 5.8058457e-04 6.0904946e-04 9.9729294e-01 5.9939298e-04] [3.8242619e-04 4.4057748e-04 3.2459374e-04 1.2324935e-04 9.9659157e-01
 1.1138655e-03 2.7154517e-04 2.6668081e-04 4.8552183e-04] [9.9846125e-01 6.6494913e-04 8.1246806e-05 1.6420259e-04 1.7388511e-04
 5.0614028e-05 1.2503244e-04 1.5732390e-04 1.2150882e-04] [2.0570710e-04 2.6032869e-03 2.4157405e-04 3.4407250e-04 9.9531734e-01
 6.2329893e-04 1.6837765e-04 2.8304022e-04 2.1331200e-04] [0.00118086 0.00125312 0.00141382 0.00203585 0.00794543 0.00247343
 0.00159527 0.9792402  0.00286208] [4.7769796e-04 1.3409257e-04 1.1755678e-04 2.1628210e-04 1.1663244e-03
 1.5838317e-03 9.9447411e-01 1.0764786e-03 7.5359712e-04] [3.2924931e-04 1.1411218e-03 3.4875228e-04 2.4889535e-03 2.4159737e-04
 9.6903357e-04 6.5036438e-04 9.8971975e-01 4.1111666e-03] [1.8181080e-03 4.0873972e-04 6.4885401e-04 3.5034842e-04 5.5357569e-04
 3.4208232e-04 9.4482052e-04 9.9437124e-01 5.6224124e-04] [5.5857858e-04 7.2505919e-04 2.7265919e-03 3.4397049e-03 8.0202491e-04
 9.8864740e-01 1.5750498e-03 6.9487328e-04 8.3075231e-04] [0.9844789  0.00240366 0.00252915 0.00125545 0.00183028 0.00162366
 0.00198326 0.00239105 0.00150464] [0.01859977 0.00672882 0.8325376  0.04243591 0.00797702 0.01135549
 0.01460837 0.02135945 0.0443976 ] [0.00229219 0.00105155 0.00303216 0.9818947  0.00154734 0.00258447
 0.00433645 0.00183003 0.00143111] [2.3923864e-04 9.9766624e-01 2.4038492e-04 2.5367827e-04 1.9354082e-04
 3.0722836e-04 3.9095464e-04 2.2742090e-04 4.8133711e-04] [1.5805649e-04 3.5218385e-04 1.3508578e-04 1.6361757e-03 1.3849052e-04
 1.5066222e-03 1.7142345e-04 9.9525023e-01 6.5171858e-04] [0.04681587 0.06532391 0.13213156 0.2338552  0.02892278 0.25994217
 0.10553901 0.09456217 0.03290733] [1.7585801e-03 1.6299664e-04 2.5292888e-04 1.9782857e-04 9.9704593e-01
 8.6528737e-05 2.2049408e-04 1.4104637e-04 1.3363698e-04] [5.1678708e-03 2.0086579e-03 3.5326211e-03 3.9950074e-04 6.3781516e-04
 9.8477674e-01 5.4575130e-04 1.1828567e-03 1.7481314e-03] [0.03264555 0.32176822 0.05370251 0.0916756  0.10576931 0.17815863
 0.04776267 0.04003588 0.12848163] [3.9013242e-04 1.4109765e-03 4.4823596e-03 8.0370944e-04 9.8971868e-01
 3.9734025e-04 9.4622618e-04 4.6017786e-04 1.3904143e-03] [0.09428411 0.02206769 0.01643341 0.7928855  0.01090489 0.02371947
 0.02223876 0.00951329 0.00795291] [0.9741287  0.00769879 0.0014123  0.00179495 0.00154092 0.0035939
 0.00143172 0.00558078 0.00281793] [0.00279435 0.001491   0.0262599  0.96025276 0.00119365 0.00177134
 0.00096527 0.00166869 0.00360307] [0.02491645 0.01672254 0.6558383  0.1571558  0.0131798  0.04168795
 0.05863617 0.00818991 0.02367312] [0.9174068  0.0114472  0.00724841 0.00490339 0.00729365 0.02903561
 0.00480204 0.0145756  0.00328731] [3.4883374e-04 9.8537040e-01 6.9512217e-03 4.5179459e-03 7.5631303e-04
 5.2258885e-04 7.4434362e-04 2.5667137e-04 5.3172233e-04] [1.8033826e-03 6.5225246e-03 2.2735742e-04 3.4768274e-04 9.8907030e-01
 1.0238859e-03 4.4318009e-04 3.0743156e-04 2.5424798e-04] [0.02453393 0.926142   0.01107338 0.00376611 0.00229963 0.02141657
 0.00313816 0.00187749 0.00575279] [1.3977019e-04 2.9679053e-04 2.7569814e-04 2.3201702e-04 1.5451053e-04
 1.3972688e-04 1.2334640e-04 9.9840599e-01 2.3221115e-04] [0.10001574 0.36178243 0.10982505 0.15472253 0.03381667 0.05549254
 0.02703482 0.07605646 0.08125374] [2.4155529e-04 9.9312383e-01 2.3933950e-04 1.7844520e-03 9.8747223e-05
 3.1280189e-04 2.8950445e-04 2.9992114e-04 3.6098177e-03] [0.00534812 0.00256522 0.9529991  0.01480179 0.00373413 0.00642544
 0.00498852 0.00302095 0.00611666] [0.8735782  0.00632216 0.03210904 0.00760467 0.01347323 0.02198901
 0.00883668 0.01889491 0.01719207] [9.5702766e-04 1.0603236e-03 2.8083415e-03 1.1667603e-03 9.8819226e-01
 1.6390514e-03 1.3975750e-03 9.4231969e-04 1.8363482e-03] [0.01224369 0.84844244 0.0345539  0.00337503 0.00231153 0.00583979
 0.00139544 0.00270733 0.08913083] [8.0018217e-05 1.8107328e-04 1.4753718e-04 6.0256392e-05 1.7824883e-04
 3.0346197e-04 9.9881232e-01 1.9532010e-04 4.1727955e-05] [0.04694664 0.02432299 0.03262967 0.5334734  0.03290597 0.12456478
 0.06895193 0.07670062 0.05950403] [0.01777737 0.01492898 0.01229546 0.0725916  0.02748904 0.5079338
 0.01687706 0.06727606 0.26283067] [0.07238622 0.12653823 0.2268075  0.11789741 0.08731669 0.07284387
 0.06782512 0.05847819 0.16990672] [0.01580813 0.01758878 0.8637291  0.03345983 0.01275293 0.0072126
 0.01117006 0.02345271 0.01482585] [0.0090005  0.0094195  0.93762296 0.01096374 0.00249285 0.00387331
 0.00263675 0.00235956 0.02163084] [6.4385135e-04 7.7294889e-03 9.8583555e-01 2.1813505e-03 6.0907344e-04
 4.4240349e-04 7.2601961e-04 5.9890188e-04 1.2333131e-03] [0.01056293 0.00367398 0.00220153 0.00289276 0.00391653 0.9431086
 0.00307076 0.00406008 0.02651287] [0.11797251 0.04728222 0.03058915 0.08394892 0.04790131 0.24492571
 0.03238562 0.03074602 0.36424857] [0.05976202 0.03967296 0.13949265 0.04599664 0.04278392 0.09038963
 0.06182102 0.3593069  0.16077426] [1.81036972e-04 1.11892135e-04 7.65693694e-05 4.07462736e-04
 9.39028323e-05 2.36458101e-04 9.97748554e-01 2.08497702e-04
 9.35573888e-04] [0.9023789  0.01489114 0.02465852 0.0134026  0.00915314 0.00570655
 0.00764386 0.00684499 0.01532031] [0.0076339  0.00572395 0.00155198 0.00929607 0.00198758 0.01932565
 0.00352815 0.9360965  0.01485618] [0.00969069 0.00841475 0.00970276 0.01396708 0.01871226 0.02610232
 0.0258548  0.0101836  0.8773717 ] [0.00411214 0.00192933 0.00136884 0.92600405 0.00479473 0.01012123
 0.00852237 0.00158621 0.04156111] [1.2160716e-04 9.9689168e-01 6.0092425e-04 1.8166182e-04 1.4899843e-03
 3.5594366e-04 8.0888334e-05 1.8259106e-04 9.4788171e-05] [3.5297021e-04 7.9651730e-04 3.0965754e-04 7.7958149e-04 1.4640515e-04
 2.8097902e-03 9.9422628e-01 1.6883058e-04 4.1003971e-04] [2.7880698e-04 1.7841246e-04 2.6358830e-04 9.0239308e-05 1.2065994e-04
 9.9686927e-01 1.7645536e-04 6.9697661e-04 1.3256378e-03] [0.75371593 0.06493779 0.02936124 0.02780399 0.02183975 0.02020674
 0.03104831 0.02353343 0.02755284] [0.01372389 0.05286768 0.02754732 0.02813672 0.01213898 0.02044085
 0.02371851 0.7999029  0.02152319] [7.9331710e-04 4.3215873e-04 3.1736572e-04 1.7025118e-04 1.9808352e-04
 6.1136251e-04 8.8666496e-04 9.9619859e-01 3.9223515e-04] [5.8455911e-04 8.6338294e-04 1.2075969e-03 3.9013878e-03 8.6483744e-04
 5.1233132e-04 5.0833076e-04 1.2077374e-03 9.9034989e-01] [4.6893017e-04 4.6682253e-04 4.4350486e-04 7.5623958e-04 8.8285201e-04
 9.9541521e-01 5.6457223e-04 4.5625310e-04 5.4554577e-04] [0.00193104 0.00226973 0.00347765 0.00683372 0.00274297 0.00437358
 0.00135471 0.9724817  0.00453486] [0.12761082 0.04289199 0.06156446 0.04472428 0.17044333 0.18468702
 0.16265836 0.04232524 0.16309449] [0.03625003 0.03068111 0.47064263 0.05840249 0.11022414 0.03266048
 0.07906459 0.06055309 0.12152142] [0.00166393 0.00164388 0.97563124 0.00132765 0.0093681  0.00329409
 0.00224781 0.0018041  0.0030192 ] [0.0203321  0.13329595 0.03964787 0.25451562 0.10247245 0.30179125
 0.05116774 0.056355   0.04042204] [1.5721221e-03 9.7444564e-01 1.0725927e-02 1.4974993e-03 7.9858402e-04
 2.6653430e-03 7.8235194e-04 2.5962337e-03 4.9162894e-03] [0.02131228 0.04682825 0.5354502  0.16654472 0.12904572 0.00590267
 0.0460402  0.02626865 0.02260726] [0.05770749 0.11722021 0.13620026 0.05164161 0.06364629 0.19956893
 0.24358669 0.04567874 0.08474975] [8.3587371e-04 3.3123017e-04 4.3708208e-04 4.5663277e-03 1.6947440e-04
 1.5236253e-03 1.0656560e-03 9.9047476e-01 5.9597695e-04] [2.1324710e-04 3.9366996e-04 1.9070244e-04 3.2484593e-04 2.9112975e-04
 9.9748755e-01 3.5800962e-04 1.5966200e-04 5.8120955e-04] [2.6926919e-04 1.9646531e-04 1.0124353e-04 4.0835555e-04 1.3657057e-04
 2.2261876e-03 9.9615085e-01 1.6596663e-04 3.4515891e-04] [0.00147432 0.00193587 0.00147547 0.00771175 0.0020106  0.01217878
 0.0028321  0.00441949 0.96596164] [0.721116   0.03877563 0.07045014 0.02357485 0.02683108 0.03683795
 0.01784607 0.01397424 0.05059398] [2.0793892e-04 6.3783134e-04 2.0448722e-04 1.2486714e-03 9.7632420e-01
 3.5249346e-03 3.0208888e-04 1.2886067e-02 4.6637314e-03] [2.3622166e-04 1.1818525e-04 2.3025807e-04 2.1009611e-04 9.9569440e-01
 2.6563954e-04 1.3730953e-04 2.6637991e-03 4.4412134e-04] [0.00343053 0.00498025 0.0036262  0.02808279 0.00531678 0.05658235
 0.00614658 0.00586736 0.88596714] [1.4793471e-02 1.3880298e-03 9.7554588e-01 2.1287294e-03 5.3468527e-04
 7.1558141e-04 2.4108142e-03 1.2105550e-03 1.2722764e-03] [0.00344305 0.00482826 0.97302014 0.0055992  0.00245731 0.00338654
 0.00213057 0.00243331 0.00270163] [1.4507330e-04 2.6011217e-04 5.4859673e-04 6.7210087e-04 5.2254071e-04
 2.0421706e-03 5.3334457e-04 5.4470968e-04 9.9473131e-01] [0.00368019 0.00196176 0.00262691 0.00233443 0.00254278 0.00817995
 0.0013753  0.00233183 0.9749669 ] [0.01481857 0.00776865 0.02359475 0.00959265 0.9054686  0.00677425
 0.01317156 0.00633707 0.01247394] [0.18388091 0.1230804  0.08022879 0.04055623 0.06028533 0.08403843
 0.02463545 0.29824    0.10505448] [0.00494759 0.01791385 0.02475765 0.8677231  0.00680568 0.03960926
 0.00657181 0.01324961 0.01842144] [4.1153596e-04 8.0607751e-05 8.4941892e-04 9.9679035e-01 1.0769736e-04
 6.1186886e-04 1.7751177e-04 8.2920698e-05 8.8806229e-04] [1.1751587e-03 7.8474166e-04 1.3524961e-03 9.5236243e-04 5.0511665e-04
 4.6400542e-04 1.3619752e-03 9.9222744e-01 1.1767652e-03] [9.7108859e-01 1.3148221e-03 1.7940305e-03 4.0966799e-04 9.5620420e-04
 1.7883542e-03 9.0302649e-04 2.2863506e-03 1.9458910e-02] [0.18295401 0.09436037 0.10951538 0.22719122 0.06102798 0.09862144
 0.08113641 0.04444179 0.10075134] [9.7656657e-04 1.1255638e-03 2.7061769e-04 7.5635343e-04 3.3376252e-04
 9.4860280e-04 9.9331939e-01 2.3629192e-04 2.0328865e-03] [2.0663717e-04 2.3262219e-04 1.8006377e-04 1.1610523e-04 9.9789512e-01
 8.5680382e-05 2.5076602e-04 1.4646357e-04 8.8648591e-04] [3.6908130e-04 1.3008407e-04 3.0983554e-04 2.3226354e-04 7.4348290e-04
 4.0685287e-04 5.5422320e-04 9.9702495e-01 2.2918267e-04] [7.3096453e-04 2.1188248e-02 4.2423783e-04 2.5820693e-03 9.6747357e-01
 1.3697249e-03 1.3474205e-03 1.2169163e-03 3.6668519e-03] [0.13446844 0.11021437 0.15484872 0.04889641 0.1307873  0.06040014
 0.06249555 0.19989103 0.09799805] [0.01478866 0.00426339 0.00924203 0.20225236 0.01136395 0.02385006
 0.00696562 0.01027269 0.71700126] [0.00479843 0.00443797 0.9227286  0.04063094 0.00376992 0.00886891
 0.00504666 0.00431537 0.00540318] [2.7885448e-04 2.3676049e-04 6.3310622e-04 8.6872681e-04 1.0179238e-03
 9.9402845e-01 7.4929511e-04 1.5247742e-03 6.6217099e-04] [3.1178803e-04 7.4769376e-04 9.9669504e-01 6.4375676e-04 2.7079572e-04
 2.2375688e-04 4.6279639e-04 4.5801295e-04 1.8634782e-04] [0.00801459 0.00318279 0.00545404 0.04707126 0.854052   0.00896705
 0.00735012 0.00500237 0.06090573] [9.9701947e-01 6.2713813e-04 2.9341193e-04 1.4011169e-04 1.5051686e-04
 5.5873214e-04 2.2452734e-04 5.0427538e-04 4.8173851e-04] [1.1740373e-03 7.5793633e-04 8.5172715e-04 9.7579598e-01 7.7342987e-04
 9.6331537e-03 8.8473718e-04 9.2062139e-04 9.2084045e-03] [0.00311261 0.00327905 0.00268844 0.95055836 0.00214063 0.01365757
 0.0087533  0.00567064 0.01013939] [4.1509885e-04 2.8914333e-04 3.5798745e-04 1.3603852e-04 9.9710423e-01
 9.3963528e-05 4.4852126e-04 1.8795331e-04 9.6707599e-04] [0.92327297 0.00926325 0.02004443 0.00731397 0.01234157 0.00499648
 0.00459141 0.00958701 0.0085889 ] [3.1121550e-04 9.9592811e-01 1.4924048e-03 2.4370645e-04 3.7698561e-04
 3.9697482e-04 2.2420353e-04 2.9802017e-04 7.2839163e-04] [0.0098253  0.00518032 0.00622522 0.9536612  0.00315124 0.00447895
 0.0052027  0.00268142 0.00959365] [0.08173021 0.04080361 0.3728698  0.03834155 0.03444064 0.14570746
 0.02911492 0.08358344 0.17340843] [5.5465300e-04 1.1799388e-03 1.2678330e-02 9.8129785e-01 1.5767869e-03
 4.8097494e-04 9.6124731e-04 5.1002338e-04 7.6018705e-04] [0.00783361 0.01915364 0.01098312 0.09479453 0.01377656 0.07409501
 0.0111044  0.01658258 0.75167656] [0.084559   0.04640467 0.13046896 0.09665491 0.04437139 0.08549938
 0.04030967 0.04669809 0.42503387] [0.00402812 0.02398596 0.0089701  0.00867315 0.91628927 0.00529698
 0.00397293 0.00330999 0.02547351] [0.02085288 0.03604598 0.02678382 0.03944727 0.02086352 0.4207732
 0.02069924 0.01655223 0.39798185] [2.2055842e-04 6.1091018e-04 8.8567229e-04 9.7541325e-04 9.9547631e-01
 1.0219460e-03 2.4261820e-04 4.0106024e-04 1.6550600e-04] [2.5892403e-04 9.9716884e-01 7.0699910e-04 3.1469204e-04 1.2220223e-04
 3.2587603e-04 1.0473305e-04 8.2958513e-04 1.6819770e-04] [0.00665044 0.00297012 0.00187637 0.02159793 0.00268815 0.9186413
 0.00130691 0.00661233 0.03765641] [2.3825171e-03 6.8479602e-04 6.9798913e-04 8.9461415e-04 1.0324391e-03
 1.5210522e-03 1.5206975e-03 1.5369245e-01 8.3757347e-01] [2.6151016e-03 9.7947478e-01 3.2523531e-03 4.0303022e-03 1.2447814e-03
 4.1972990e-03 2.7289789e-03 7.7647524e-04 1.6799639e-03] [5.7119055e-04 1.1392478e-03 5.8772252e-04 1.1684034e-03 6.5289676e-04
 3.7731326e-03 9.9064660e-01 5.8368128e-04 8.7709812e-04] [3.0514805e-04 5.7503622e-04 5.2131666e-04 4.5177076e-04 4.7988651e-04
 6.4833323e-04 9.9638039e-01 3.3170480e-04 3.0648289e-04] [1.2505590e-04 2.0130338e-04 5.5815712e-05 1.1486286e-04 2.2506627e-04
 2.4236985e-04 9.9867046e-01 1.5400193e-04 2.1104403e-04] [4.9260473e-03 1.1257520e-03 7.8594312e-04 3.9734226e-03 2.4172014e-03
 2.5540162e-03 1.2621972e-03 9.8088992e-01 2.0654292e-03] [0.03515463 0.56468976 0.04094978 0.04438944 0.0313501  0.06506575
 0.10860845 0.02716117 0.08263094] [0.0033253  0.00112136 0.00220533 0.00261025 0.00134703 0.01506779
 0.00165021 0.00107172 0.971601  ] [9.1430347e-04 5.7973957e-04 1.1127270e-02 9.8230779e-01 5.6370703e-04
 4.7256963e-04 7.6598016e-04 1.0716598e-03 2.1969927e-03] [0.00988546 0.03444794 0.01153567 0.02079178 0.0152111  0.01300907
 0.02445624 0.01491923 0.8557435 ] [0.00139391 0.00207267 0.9786026  0.00553443 0.00154998 0.00407094
 0.00234853 0.00239126 0.00203573] [0.20551431 0.10339849 0.07845682 0.04707899 0.03902989 0.05511731
 0.18057232 0.08292641 0.20790544] [0.00698195 0.01132475 0.00951606 0.02071123 0.9074958  0.01229717
 0.0111895  0.00368903 0.01679454] [0.00308689 0.92281187 0.00855543 0.00355991 0.02861392 0.02379738
 0.0030698  0.00218917 0.00431569] [0.2089751  0.03977359 0.03083741 0.02430503 0.03204385 0.1535291
 0.05925855 0.04182952 0.4094479 ] [5.2763766e-04 2.9783626e-04 1.3579783e-03 9.9062222e-01 5.2203063e-04
 2.2141831e-03 9.5397257e-04 9.9209475e-04 2.5120648e-03] [0.02035744 0.02537532 0.04766753 0.0285276  0.4609477  0.01427248
 0.01799671 0.34016916 0.04468604] [0.00168086 0.00122423 0.01497744 0.9663675  0.00169795 0.00575886
 0.00163125 0.00202655 0.00463534] [0.24058695 0.04942104 0.07228794 0.17778814 0.05986903 0.07349294
 0.16213046 0.05659449 0.10782904] [0.00115791 0.00187369 0.00186432 0.00734972 0.00130525 0.00504298
 0.00619643 0.00218173 0.97302806] [1.1909306e-03 9.5524784e-04 1.4309251e-03 2.4852036e-03 6.2562195e-03
 1.0054488e-02 3.8693862e-03 3.6787170e-03 9.7007889e-01] [0.00518247 0.00530532 0.02140341 0.0372467  0.00430625 0.04972371
 0.02139141 0.8004756  0.05496517] [0.05953549 0.03709805 0.01653362 0.20773503 0.03416349 0.33921647
 0.06425808 0.05211588 0.18934391] [0.01855823 0.8712336  0.0594642  0.01525763 0.0076739  0.00928281
 0.00514967 0.00549266 0.00788731] [0.01229266 0.01020432 0.02182967 0.04240834 0.05694448 0.06747989
 0.01056251 0.7411759  0.03710227] [1.4405994e-04 4.2936960e-04 2.9677982e-04 5.5910810e-04 9.9778181e-01
 1.3701180e-04 1.7279478e-04 1.8822026e-04 2.9079962e-04] [2.4592257e-04 3.1611940e-04 6.8093766e-04 2.9190214e-04 4.8545017e-03
 9.0533635e-04 2.5058194e-04 9.9210393e-01 3.5079525e-04] [0.00340123 0.00305158 0.00227829 0.00638275 0.00253043 0.01493659
 0.00644913 0.00268077 0.9582892 ] [0.00514043 0.00346503 0.00323864 0.0065513  0.0063647  0.03036007
 0.00256199 0.00384308 0.9384747 ] [6.1729271e-04 5.3948525e-04 2.0630420e-04 7.9965102e-04 9.9627292e-01
 1.7059284e-04 9.2091283e-04 1.7799484e-04 2.9479511e-04] [0.0371252  0.05965119 0.02005599 0.41415384 0.03711263 0.10737519
 0.03857093 0.01609253 0.26986253] [0.02110493 0.7858947  0.04761238 0.00739585 0.03281872 0.02297852
 0.0219276  0.03162173 0.02864556] [3.6240713e-04 2.4547477e-04 7.6393416e-04 2.2718344e-04 3.1321729e-04
 1.0310072e-04 9.9622834e-01 4.3103413e-04 1.3252909e-03] [0.05125019 0.17528425 0.13393454 0.06025265 0.08021998 0.08420426
 0.08493056 0.08373046 0.24619311]",0 4 0 4 4 1 0 3 7 0 2 2 8 0 5 6 6 3 4 1 1 8 6 4 3 0 6 7 0 1 6 3 0 5 2 2 3 6 6 7 6 7 7 8 5 6 2 0 5 7 5 2 2 3 2 2 5 0 7 6 1 4 6 5 6 0 8 8 5 0 3 1 7 4 0 4 7 6 7 7 5 0 2 3 1 7 5 4 5 3 4 0 0 3 2 0 1 4 1 7 1 1 2 0 4 1 6 3 8 1 2 2 2 5 6 8 6 0 7 8 5 1 6 5 0 7 7 8 5 7 5 2 2 5 1 2 5 7 5 6 8 0 4 4 8 2 2 8 8 4 6 3 3 7 0 1 6 4 7 4 2 8 2 5 2 4 0 3 3 4 0 1 3 3 3 8 3 4 5 4 1 5 8 1 6 6 6 7 5 8 3 8 2 1 4 1 8 3 1 3 3 8 8 7 8 1 7 4 7 8 8 4 3 1 6 5
1468,2,xgboost,0.02,20000,20000,0.8842592592592593,0.9896315586419752,"[8.9432299e-04 5.6983408e-04 1.3563582e-03 9.8836470e-01 6.2169705e-04
 1.9146786e-03 5.6343764e-04 1.2830269e-03 4.4319704e-03] [8.9996372e-04 8.3571672e-04 4.4741377e-04 1.7268767e-03 6.8894780e-04
 4.0073050e-03 8.0556789e-04 9.7742653e-01 1.3161645e-02] [0.04249175 0.03637385 0.1453784  0.19710794 0.03144677 0.2086544
 0.04005613 0.18058637 0.11790444] [0.00229363 0.00126101 0.01252529 0.0018928  0.00331801 0.00564316
 0.00218511 0.96927476 0.00160624] [9.9700552e-01 5.3240900e-04 4.4927158e-04 2.2075171e-04 1.7733077e-04
 3.3156172e-04 2.2047988e-04 6.9496769e-04 3.6768537e-04] [8.1776024e-04 2.5024428e-04 9.9323446e-01 1.2937742e-03 3.8669762e-04
 9.0113253e-04 3.1958541e-04 2.3573372e-03 4.3898198e-04] [7.5477995e-02 1.2937767e-03 1.5925406e-03 1.9373015e-03 4.5043192e-04
 1.8844780e-03 9.0095508e-01 2.3369909e-04 1.6174715e-02] [2.6660340e-04 4.3716739e-04 1.2805672e-04 1.4911999e-04 9.9776161e-01
 3.3336994e-04 1.7724166e-04 5.6630227e-04 1.8051523e-04] [7.4674009e-04 1.3759503e-03 4.4303687e-04 2.1610914e-03 5.9921475e-04
 4.0994007e-03 9.6611440e-01 1.5920544e-03 2.2868099e-02] [0.0030827  0.00299811 0.00490626 0.00381942 0.00352176 0.00209644
 0.00301329 0.97153014 0.00503191] [0.04476143 0.06426822 0.19654773 0.04422092 0.0680337  0.47441512
 0.02469971 0.03884648 0.04420675] [9.8926836e-01 1.2448605e-03 9.0005680e-04 2.1962741e-04 8.4983592e-04
 2.5514101e-03 1.4107160e-03 3.8849615e-04 3.1666562e-03] [0.05521016 0.21103854 0.23023733 0.06564592 0.09789748 0.08667518
 0.03347891 0.16293293 0.05688352] [0.09524065 0.05707414 0.04977064 0.07337757 0.02076762 0.02976795
 0.61016464 0.03807238 0.02576439] [0.02577285 0.03100923 0.01601204 0.18403476 0.02339248 0.06605211
 0.02527836 0.02542915 0.60301906] [9.9624676e-01 1.2022445e-03 6.6726166e-04 1.6999852e-04 5.5681553e-04
 2.6545100e-04 4.1113229e-04 2.1998311e-04 2.6040262e-04] [0.05100553 0.09449162 0.28147015 0.07518178 0.05600332 0.1811029
 0.0496115  0.09902366 0.11210956] [0.05039638 0.06692448 0.19747917 0.03287745 0.07061771 0.21715231
 0.13713194 0.10662205 0.12079856] [1.96720517e-04 1.56546084e-04 3.95042531e-04 2.83098198e-04
 1.70344691e-04 1.11519024e-04 9.97493267e-01 7.29146821e-04
 4.64280340e-04] [0.09480122 0.2149808  0.16883954 0.0714253  0.05503905 0.1327452
 0.03973727 0.10324056 0.1191911 ] [0.00458935 0.00126264 0.00165569 0.530596   0.00304255 0.00083772
 0.00143755 0.02052332 0.4360552 ] [3.5550617e-04 4.5629925e-04 2.7892480e-04 2.0581791e-04 2.1532990e-04
 3.9638445e-04 2.2726784e-04 9.9764436e-01 2.2013001e-04] [5.7561044e-04 9.6007879e-04 1.2189642e-03 6.5944425e-04 9.9191874e-01
 8.7404792e-04 6.2418438e-04 1.0041217e-03 2.1648714e-03] [5.8235484e-04 4.8884569e-04 9.9627185e-01 7.3845289e-04 3.1385833e-04
 3.8362510e-04 5.1672914e-04 4.1105284e-04 2.9320587e-04] [0.00413434 0.00433881 0.9701885  0.00418783 0.00465003 0.0031593
 0.00235332 0.00364728 0.00334053] [8.6004788e-04 5.3669268e-04 9.9368358e-01 8.0840883e-04 4.0377231e-04
 1.2301701e-03 9.6924539e-04 4.5020418e-04 1.0579505e-03] [4.8455829e-04 1.0713764e-03 9.2885277e-04 2.1489678e-04 9.9421072e-01
 3.0316433e-04 1.2002841e-03 8.6784764e-04 7.1832875e-04] [1.7976741e-03 1.0301733e-03 2.3140803e-03 2.9820085e-03 9.8851621e-01
 4.9080985e-04 1.6564708e-03 8.2415913e-04 3.8844682e-04] [0.00137441 0.00288115 0.98191845 0.00404848 0.00240148 0.00249379
 0.00129682 0.00170643 0.00187898] [0.00375443 0.00279953 0.11237247 0.84899026 0.00413763 0.01596096
 0.00562521 0.00306185 0.00329765] [2.9618405e-03 9.7480696e-01 6.8226708e-03 2.1343774e-03 1.1240045e-03
 1.3119482e-03 3.6979779e-03 6.2833400e-03 8.5690414e-04] [6.5421080e-04 9.9282060e-04 6.2368969e-03 9.8312885e-01 1.3940727e-03
 1.3094415e-03 2.4417182e-03 1.3142950e-03 2.5276481e-03] [9.9699700e-01 1.0309367e-03 1.2638139e-04 2.3964109e-04 1.5216094e-04
 8.7778206e-04 1.1878072e-04 1.0359773e-04 3.5371579e-04] [9.0990879e-04 1.1009703e-03 2.0605586e-03 9.8776931e-01 1.3161706e-03
 7.8758772e-04 4.0541911e-03 9.4817934e-04 1.0531886e-03] [4.9297465e-04 3.1783883e-04 1.7574804e-03 9.8677337e-01 6.5880665e-04
 1.7629368e-03 1.2667913e-03 4.2597414e-04 6.5437923e-03] [1.1063176e-03 9.9664921e-01 3.7894843e-04 3.3312978e-04 5.1867758e-04
 2.7268147e-04 2.8035438e-04 1.9673861e-04 2.6392521e-04] [6.2885071e-04 9.7328544e-01 2.2627454e-02 4.2068167e-04 5.5023335e-04
 7.5673393e-04 3.5537491e-04 1.0163161e-03 3.5889781e-04] [5.1506481e-04 9.9019086e-01 6.2966202e-03 9.7353174e-04 3.1166786e-04
 2.4511473e-04 3.8169450e-04 2.4685398e-04 8.3858718e-04] [9.9478406e-01 8.9309178e-04 1.3961162e-03 5.0568633e-04 6.0039683e-04
 2.8012419e-04 5.6020351e-04 4.8405529e-04 4.9629016e-04] [0.00349403 0.00826159 0.00427898 0.827333   0.00670297 0.11077666
 0.01197954 0.00389847 0.02327477] [0.09132531 0.07306937 0.03278045 0.52669746 0.03965696 0.06743778
 0.05947571 0.02547074 0.08408624] [1.5202466e-04 2.5839289e-04 1.8426274e-04 7.4913952e-04 8.2793384e-05
 9.9687296e-01 3.6170424e-04 9.8572884e-05 1.2401729e-03] [2.1856783e-04 2.1053790e-04 4.1465927e-04 1.5693009e-04 9.9705195e-01
 8.4925140e-04 3.0032909e-04 4.6412810e-04 3.3364407e-04] [1.2030369e-03 2.6236786e-04 3.0664375e-04 1.8268124e-03 7.3526945e-04
 3.9380263e-03 4.1003132e-04 9.8929530e-01 2.0224664e-03] [6.4545457e-04 7.8826660e-04 9.8736095e-01 5.2659372e-03 4.0895279e-04
 3.1845069e-03 6.2497973e-04 3.7300438e-04 1.3478870e-03] [1.5802137e-04 2.6943145e-04 2.1048238e-04 6.3727115e-04 1.4349204e-04
 9.9774677e-01 2.1409610e-04 2.7971587e-04 3.4069395e-04] [0.00619374 0.00290564 0.001811   0.01384912 0.9068392  0.00492483
 0.00571378 0.00330649 0.0544562 ] [4.3629657e-02 6.5824774e-04 3.9067469e-04 5.0878711e-03 1.0157775e-03
 8.4158536e-03 8.6096972e-01 1.2150173e-03 7.8617156e-02] [0.16289999 0.07798083 0.06158524 0.06880865 0.05213542 0.1545363
 0.17139623 0.09167954 0.1589778 ] [0.00896826 0.02884904 0.01661762 0.06995236 0.00993298 0.05658424
 0.7460139  0.01361106 0.04947056] [0.04922621 0.0772223  0.017642   0.05829009 0.03575967 0.10462928
 0.0228113  0.2548433  0.37957588] [6.0085638e-04 5.4385141e-04 2.6058214e-04 7.7797053e-04 6.9598906e-04
 5.1572714e-03 8.6481997e-04 9.8944807e-01 1.6506424e-03] [0.11878721 0.18244949 0.07611276 0.06836131 0.04362101 0.03423662
 0.07686077 0.0511427  0.34842813] [7.2809961e-04 3.8257663e-04 5.1105215e-04 1.0588269e-02 1.3743887e-03
 1.9231824e-03 1.5961367e-03 3.7407974e-04 9.8252225e-01] [0.0859803  0.17357808 0.14134547 0.16946666 0.08446767 0.06098784
 0.03368927 0.1043786  0.14610608] [0.07269428 0.0797631  0.07529057 0.03455378 0.07632328 0.07887518
 0.04097655 0.4554575  0.08606581] [0.00586186 0.97544175 0.00278739 0.00572838 0.00187931 0.00186738
 0.0031804  0.00187128 0.00138226] [0.02645525 0.15931274 0.01834631 0.1431359  0.06195254 0.32015988
 0.03700131 0.04198095 0.19165511] [1.7035364e-03 2.3049087e-04 2.7349807e-04 3.2043164e-03 5.3757778e-04
 2.5920160e-03 2.3314977e-04 2.3675337e-04 9.9098867e-01] [0.00466076 0.03364013 0.01434236 0.00574939 0.92322147 0.00338802
 0.00364847 0.00327741 0.00807202] [4.4904719e-04 4.6851469e-04 6.9132453e-04 8.5192162e-04 9.9224442e-01
 5.8706931e-04 3.7168697e-03 5.8591872e-04 4.0496097e-04] [0.0234637  0.02804983 0.05854419 0.02990403 0.01915201 0.0451387
 0.02175752 0.7591034  0.01488658] [1.06846346e-04 3.53353098e-04 7.35746944e-05 2.64443515e-04
 8.54413083e-05 4.60170442e-04 9.97946560e-01 1.55660498e-04
 5.53977909e-04] [0.17714511 0.01159198 0.09791479 0.61870164 0.00459138 0.00947738
 0.01584949 0.05241584 0.01231239] [0.6435046  0.0063047  0.2772316  0.00468558 0.00272954 0.04525779
 0.00340254 0.00741994 0.00946365] [0.00497988 0.00179156 0.9673256  0.00334175 0.00440534 0.00452386
 0.00325899 0.00742111 0.00295186] [0.01207157 0.03496492 0.8409534  0.02315352 0.0093608  0.01433351
 0.04843532 0.00797199 0.00875495] [4.8640935e-04 9.9310678e-01 2.0408262e-03 8.2629238e-04 9.4227016e-04
 1.8297139e-03 5.3890946e-04 1.4951466e-04 7.9351383e-05] [2.5123360e-03 5.8284943e-04 9.6320742e-01 2.6846586e-03 2.2733413e-02
 9.6215284e-04 5.7914844e-03 5.8878865e-04 9.3686051e-04] [0.03167228 0.08781641 0.02294085 0.04673404 0.01902035 0.01669676
 0.0190224  0.73695296 0.01914397] [9.98466372e-01 1.96078909e-04 4.23890480e-04 1.41099357e-04
 1.48290550e-04 3.12941702e-04 9.80046316e-05 1.10526453e-04
 1.02799495e-04] [4.8281852e-04 3.0991344e-03 1.5260293e-03 1.5639421e-03 8.0230943e-04
 7.0391688e-03 9.8268914e-01 1.5469316e-03 1.2504897e-03] [9.3179912e-04 1.5144603e-04 6.7209476e-05 1.5409086e-04 6.6371530e-04
 9.9716043e-01 1.6623769e-04 1.4204967e-04 5.6305050e-04] [5.9196068e-04 8.8809099e-04 3.0166120e-03 3.9970744e-03 5.7799078e-04
 2.7788017e-04 4.5233415e-04 9.8915440e-01 1.0437110e-03] [0.13324273 0.07073812 0.02492977 0.09924298 0.04787164 0.26445034
 0.0333431  0.03718451 0.28899682] [0.00132564 0.00206563 0.00106053 0.00406827 0.00185906 0.00674415
 0.97833556 0.00134168 0.00319943] [0.9726465  0.00609672 0.00173834 0.00345122 0.00583243 0.0019523
 0.00187891 0.0042402  0.00216344] [4.5600598e-04 1.1190460e-03 1.4505722e-03 1.1595412e-03 7.1870256e-04
 1.4295984e-03 1.8778557e-03 9.9114251e-01 6.4613280e-04] [2.4112298e-04 1.3959601e-04 1.6210231e-04 3.7005119e-04 1.2751375e-04
 4.0740857e-04 1.7513387e-04 9.9824834e-01 1.2872629e-04] [1.3902712e-03 9.7432601e-01 2.1169124e-02 3.9122737e-04 3.3896210e-04
 4.6218288e-04 8.6233940e-04 4.0648595e-04 6.5337610e-04] [0.00306353 0.00575274 0.92220813 0.05393013 0.0019274  0.00490891
 0.00328079 0.00208311 0.00284529] [3.0459238e-03 9.8748183e-01 1.1204161e-03 4.2147323e-04 5.9267582e-04
 1.8202199e-03 2.4548785e-03 1.0979812e-03 1.9646278e-03] [5.6317181e-04 5.6495803e-04 7.8347285e-04 2.3815115e-03 1.7274581e-03
 4.1668062e-04 7.5780880e-04 9.9188411e-01 9.2077861e-04] [9.9822253e-01 3.4078129e-04 1.6158276e-04 1.7658624e-04 7.7504897e-05
 7.4277236e-04 7.8757570e-05 9.4076182e-05 1.0538485e-04] [0.19427276 0.07007106 0.11344999 0.07353593 0.107031   0.15307139
 0.13175151 0.05039218 0.10642419] [0.07167253 0.15567467 0.08912414 0.04692556 0.11224433 0.05274887
 0.07516874 0.07321642 0.32322475] [0.03818995 0.01656259 0.00322029 0.00365426 0.00495114 0.00440999
 0.00304885 0.00352411 0.92243886] [0.05021862 0.40600964 0.05147617 0.02552766 0.05609732 0.26258346
 0.04014554 0.06866368 0.03927796] [3.6771662e-04 1.1591426e-04 9.5413605e-05 1.8229056e-04 1.1117618e-04
 3.1287482e-04 9.9846435e-01 1.9737359e-04 1.5288401e-04] [6.8890100e-04 4.8871065e-04 7.2149059e-04 6.8296463e-04 4.5060040e-04
 2.7169471e-04 9.9572927e-01 9.0110372e-04 6.5267079e-05] [3.2712024e-04 6.5942266e-04 1.0056687e-03 6.2660774e-04 3.7040739e-04
 5.9751992e-04 3.5562244e-04 9.9589044e-01 1.6721184e-04] [9.9890423e-01 2.3515982e-04 1.1703269e-04 1.0848826e-04 1.6137438e-04
 1.1455016e-04 6.5207736e-05 1.0179444e-04 1.9216169e-04] [1.2363149e-04 2.8294919e-04 1.8995568e-04 2.3439020e-04 9.9815255e-01
 2.5229773e-04 3.0027636e-04 3.0341285e-04 1.6053884e-04] [2.1307359e-03 1.0859432e-04 1.5688656e-04 1.5091589e-04 9.9682754e-01
 2.1030972e-04 8.2014936e-05 1.1679506e-04 2.1621167e-04] [2.9387444e-03 9.7357720e-01 1.0771487e-02 3.6392605e-03 1.4481466e-03
 1.5040918e-03 6.9961051e-04 4.3132319e-03 1.1081824e-03] [0.8597034  0.0118291  0.02128901 0.01446871 0.00637309 0.00448558
 0.00774363 0.04657487 0.02753251] [0.02023526 0.03853417 0.01231025 0.00843545 0.01257264 0.01909236
 0.01709444 0.8649629  0.00676259] [0.0108877  0.8567428  0.04926969 0.01260099 0.01138645 0.00359432
 0.00915374 0.03645378 0.00991056] [5.0953580e-03 6.4674497e-04 2.2448597e-03 2.5411118e-03 6.6515757e-04
 1.5683521e-02 1.1626770e-03 7.6883191e-01 2.0312867e-01] [0.00218285 0.00229275 0.00135197 0.95102227 0.00456131 0.02730578
 0.00202847 0.00204234 0.00721223] [4.9351004e-04 9.9484223e-01 9.0672204e-04 4.9140042e-04 1.0596052e-03
 4.0486737e-04 4.9115682e-04 8.1601832e-04 4.9445982e-04] [5.7764334e-04 1.4395781e-03 1.5240166e-03 6.8478042e-04 6.2997005e-04
 3.3726653e-03 9.8856121e-01 1.0712657e-03 2.1388433e-03] [0.00780487 0.90715694 0.03502421 0.00655859 0.00599726 0.00961113
 0.00511369 0.00670033 0.01603306] [0.03766691 0.04821097 0.02199781 0.17686462 0.04911033 0.52851963
 0.06483252 0.01797133 0.05482585] [0.00149109 0.00166365 0.00113304 0.95796615 0.00730912 0.00391729
 0.00381555 0.01414052 0.00856353] [9.7737998e-01 6.1239128e-04 8.3955154e-03 6.1312556e-04 2.1763789e-03
 4.5191171e-04 5.5584796e-03 2.6299979e-03 2.1822483e-03] [1.3487742e-03 3.3728378e-03 2.3445147e-03 1.5337464e-03 9.8865181e-01
 4.8171345e-04 7.2435028e-04 1.1583559e-03 3.8389434e-04] [0.00508498 0.0032006  0.01448411 0.01733899 0.00352977 0.90982825
 0.0040641  0.00471227 0.03775699] [2.4119824e-04 3.2998089e-04 9.9783546e-01 1.6031574e-04 3.5015409e-04
 2.8239758e-04 2.0802188e-04 2.7391725e-04 3.1858854e-04] [0.00517813 0.00818454 0.00856653 0.00352692 0.9271564  0.00714299
 0.01311419 0.0060254  0.02110491] [0.15478353 0.05153116 0.02118135 0.08263517 0.04693129 0.47724673
 0.06894153 0.04134107 0.05540816] [0.02399163 0.04281137 0.06783871 0.05317229 0.0233657  0.68923116
 0.03718822 0.02571586 0.0366851 ] [5.1207014e-04 1.8329234e-04 2.1233593e-04 8.0497423e-04 9.2949596e-04
 8.4017136e-04 9.9311465e-01 3.0003381e-03 4.0268002e-04] [1.9523059e-04 2.3577505e-04 2.7215062e-04 4.1417201e-04 9.9801373e-01
 1.6258359e-04 2.3799506e-04 1.0084431e-04 3.6744468e-04] [0.12742528 0.16406272 0.06687651 0.282546   0.04211548 0.04125265
 0.07434431 0.06915506 0.13222201] [0.02830072 0.06020872 0.02959103 0.06769688 0.03921029 0.03822517
 0.09241602 0.03046611 0.61388505] [1.4147637e-04 4.8198077e-04 1.4952121e-04 7.6109811e-04 1.4428930e-04
 9.9614382e-01 5.0814135e-04 1.3533898e-03 3.1629438e-04] [3.8790744e-04 4.3077118e-04 2.1790317e-04 5.3586699e-03 4.1512301e-04
 2.3489329e-03 7.0843473e-04 3.6714130e-04 9.8976517e-01] [0.20478478 0.06526325 0.08490326 0.05252993 0.04633664 0.01594987
 0.03409651 0.03213187 0.46400386] [1.3017312e-03 1.3033373e-03 9.8687834e-01 3.4214966e-03 7.9405465e-04
 1.1297169e-03 3.3474721e-03 9.0845587e-04 9.1534347e-04] [0.00107468 0.00611322 0.00193839 0.01657215 0.00352315 0.0254138
 0.91719615 0.01716142 0.01100705] [0.00218811 0.88142806 0.0828592  0.00151223 0.00451891 0.00191415
 0.0137133  0.00889052 0.00297548] [3.21336091e-04 6.79916935e-04 2.22291739e-04 2.63529771e-04
 9.97561693e-01 1.33366077e-04 4.61334421e-04 2.38673529e-04
 1.17886906e-04] [3.3897877e-04 2.6091756e-04 1.6719660e-04 3.3724695e-04 3.2253726e-04
 9.9751163e-01 2.4493039e-04 2.0675681e-04 6.0982269e-04] [0.19498625 0.07227214 0.09034374 0.05044443 0.04027948 0.0704542
 0.2877611  0.06803384 0.12542485] [0.07321312 0.01887242 0.02992231 0.53529704 0.07760005 0.04852545
 0.17063843 0.02583792 0.02009328] [0.00241266 0.00930114 0.03324869 0.9176207  0.00386961 0.02497563
 0.00311979 0.00235323 0.00309851] [5.9551123e-04 9.8478371e-01 1.6880993e-03 1.0453919e-03 3.3111779e-03
 1.1350340e-03 1.1087462e-03 5.8010663e-03 5.3127744e-04] [0.47318795 0.15086022 0.07037561 0.01170396 0.08248156 0.01610703
 0.04946588 0.09321283 0.05260498] [6.3498854e-03 7.2459341e-04 8.5649092e-04 9.8556453e-01 6.5005396e-04
 6.6368451e-04 7.6814351e-04 4.8603985e-04 3.9365175e-03] [9.9349070e-01 7.2587404e-04 7.6007063e-04 1.7185797e-03 7.9404621e-04
 9.8056812e-04 4.7566160e-04 6.8921543e-04 3.6537446e-04] [0.01380726 0.02309933 0.72185403 0.00597459 0.01250345 0.17042392
 0.01405419 0.01865986 0.01962335] [4.2883900e-04 4.9485476e-04 3.9299898e-04 1.1008414e-03 5.1854941e-04
 2.9171843e-03 9.8248911e-01 5.0535169e-04 1.1152315e-02] [2.1273026e-04 1.5821305e-04 1.5480796e-04 2.3791986e-04 9.4301213e-05
 9.9810946e-01 1.3472272e-04 2.4636436e-04 6.5150612e-04] [0.08809124 0.08793025 0.2076719  0.03461337 0.05044007 0.15750115
 0.04965441 0.15404552 0.1700521 ] [0.0018748  0.00207163 0.2086068  0.77235615 0.00556461 0.00339395
 0.00192366 0.00176305 0.00244536] [0.00164009 0.00272774 0.00238196 0.00291882 0.00389578 0.00528942
 0.00736009 0.9643876  0.00939853] [0.8030585  0.07287951 0.02838013 0.01206874 0.02120126 0.02396592
 0.00760878 0.01336637 0.01747075] [0.01160543 0.00766127 0.88179934 0.05222924 0.00711887 0.00739026
 0.01433311 0.00649636 0.01136619] [0.00241597 0.0034995  0.00319332 0.00372987 0.00471149 0.00122989
 0.0015211  0.00222444 0.9774744 ] [6.6471129e-04 1.3865723e-03 2.1611220e-04 4.6454012e-04 5.8986951e-04
 9.8803258e-01 1.0398860e-03 6.4923065e-03 1.1133837e-03] [2.3105778e-03 1.4946521e-03 4.1976362e-04 7.8360044e-04 8.3702098e-04
 7.8483892e-04 1.1284265e-03 1.2648394e-03 9.9097627e-01] [1.7092896e-03 3.3770876e-03 3.6468150e-03 1.1284218e-02 9.6333188e-01
 9.5699425e-04 2.0716120e-03 7.2332234e-03 6.3889069e-03] [1.9369395e-04 9.9446905e-01 1.9928328e-04 2.0817837e-03 2.0826256e-04
 6.9021757e-05 2.0031070e-03 6.1152951e-04 1.6422405e-04] [0.03511127 0.09599418 0.32440707 0.13798189 0.11138038 0.08794961
 0.0685399  0.08021954 0.05841615] [0.02385951 0.03099883 0.02294869 0.02326239 0.02350691 0.05702094
 0.04397894 0.03419909 0.74022466] [4.8915570e-04 1.5740321e-03 9.4347727e-04 6.3083298e-03 9.8667729e-01
 7.2295114e-04 1.2428758e-03 8.8456523e-04 1.1572858e-03] [0.00499392 0.00902642 0.952657   0.00889481 0.00339751 0.00501282
 0.00822266 0.00390832 0.00388658] [0.8742133  0.00869987 0.01625985 0.0097188  0.02992353 0.01513207
 0.00816097 0.02088499 0.0170066 ] [4.2631655e-04 3.5349948e-03 3.5187675e-04 1.1645870e-03 9.9308312e-01
 2.7817406e-04 6.5956952e-04 1.7674232e-04 3.2458725e-04] [9.9732852e-01 4.4921340e-04 1.1243221e-03 1.4364022e-04 1.8890192e-04
 2.8156050e-04 1.1089561e-04 1.8168130e-04 1.9129347e-04] [0.00531646 0.01010026 0.0066043  0.00597928 0.00245969 0.00273212
 0.00264975 0.9608947  0.00326342] [0.01585948 0.02287934 0.0320209  0.08156748 0.02307792 0.06321041
 0.02459528 0.1192389  0.6175503 ] [3.3216519e-04 9.9561125e-01 6.2811933e-04 1.9638924e-04 4.1455362e-04
 6.3534128e-04 5.6001288e-04 8.2566426e-04 7.9649762e-04] [0.00202605 0.00213809 0.05296566 0.00180215 0.9260242  0.00339608
 0.00302607 0.00142177 0.00719992] [3.0671919e-04 2.7451239e-04 8.4157800e-04 9.9178910e-01 2.9770687e-04
 4.4824183e-03 3.5770301e-04 4.5059505e-04 1.1996614e-03] [9.9480903e-01 8.1619079e-04 1.2879636e-03 2.8480409e-04 4.7281955e-04
 3.1105353e-04 6.5531593e-04 1.2023564e-03 1.6044099e-04] [0.03645924 0.02247883 0.72209764 0.10189142 0.02199966 0.01857414
 0.02667712 0.02056976 0.02925222] [9.02537940e-05 4.56564274e-04 1.16969764e-04 1.04401610e-04
 1.44773338e-04 9.98270035e-01 2.34176914e-04 1.64644036e-04
 4.18116950e-04] [0.00378195 0.00166589 0.98115176 0.00290894 0.00135922 0.00226038
 0.00220893 0.00289355 0.00176944] [5.0397107e-04 5.7527976e-04 2.5942886e-02 2.9203193e-03 9.6645051e-01
 4.5718701e-04 5.7081378e-04 1.5624921e-03 1.0165429e-03] [1.1185318e-03 1.4513816e-03 2.4214920e-03 9.8299754e-01 1.2198283e-03
 5.1767065e-04 8.6499611e-04 4.8353397e-03 4.5732292e-03] [0.01014781 0.01134512 0.02961654 0.06445944 0.00806905 0.01346972
 0.00992933 0.01511833 0.83784467] [1.4179535e-04 8.4395768e-05 8.7356500e-05 2.1534308e-04 2.5875593e-04
 2.1440301e-03 1.2817670e-04 9.9624121e-01 6.9895730e-04] [0.00935714 0.01612609 0.01730909 0.01645347 0.01945371 0.03422083
 0.01617501 0.38065162 0.49025297] [1.0146742e-03 1.4655720e-03 5.2209559e-04 7.9831919e-03 2.8328551e-03
 2.8937578e-03 2.4949105e-03 1.1419914e-02 9.6937299e-01] [1.7091290e-03 9.8428935e-01 7.8797117e-03 9.5634465e-04 1.1126888e-03
 3.5366148e-04 4.1874463e-04 1.8260871e-03 1.4542408e-03] [0.00749399 0.01735011 0.03269291 0.04396188 0.03814786 0.22746749
 0.01833028 0.02420547 0.59035003] [9.97799695e-01 4.42267221e-04 1.17920776e-04 2.18974063e-04
 2.00549432e-04 7.56753027e-04 1.14393275e-04 1.52302047e-04
 1.97148940e-04] [9.9754071e-01 2.7790971e-04 1.6332157e-04 1.0443872e-04 4.4547368e-04
 1.8997886e-04 2.2922122e-04 2.9325503e-04 7.5570715e-04] [2.0763876e-04 9.5796770e-01 3.8565047e-02 4.1558160e-04 2.9471650e-04
 1.5236967e-04 4.2741938e-04 1.5981506e-03 3.7133830e-04] [0.00348147 0.00235239 0.00345631 0.9540787  0.01109385 0.00639491
 0.00262415 0.00729973 0.00921846] [2.6969283e-04 9.9783796e-01 6.3302281e-04 2.2918938e-04 1.7739998e-04
 2.9643785e-04 1.9628112e-04 2.3088143e-04 1.2915555e-04] [5.8711175e-04 1.6320748e-03 2.9661835e-04 3.2670535e-03 1.1741248e-03
 1.4598479e-03 9.8990017e-01 6.0902251e-04 1.0739942e-03] [0.00125581 0.0012583  0.0019596  0.00309952 0.00114242 0.00566368
 0.9786401  0.00147002 0.00551057] [2.5076771e-04 1.6829662e-04 1.4916527e-04 3.8296427e-04 9.9820065e-01
 2.1144284e-04 2.2510163e-04 1.9926739e-04 2.1236556e-04] [0.12826858 0.0915995  0.08523532 0.31520766 0.05281805 0.07960577
 0.04481484 0.04299912 0.15945116] [1.1904996e-03 1.4486810e-03 1.3895897e-03 1.1414200e-03 9.9071926e-01
 1.1105728e-03 6.6863501e-04 1.5672403e-03 7.6417159e-04] [1.1535081e-03 4.6958242e-04 9.9318212e-01 1.9571311e-03 3.6603931e-04
 5.7943538e-04 1.4336439e-03 4.1028074e-04 4.4830094e-04] [2.6424173e-03 9.8518372e-01 3.6386258e-03 8.5440994e-04 9.1408333e-04
 2.0832217e-03 1.3577311e-03 8.7756763e-04 2.4482454e-03] [0.05419905 0.01166556 0.77183026 0.01356648 0.01311683 0.03439945
 0.02805311 0.01282438 0.06034485] [0.02638805 0.02628272 0.01634693 0.03258564 0.01941372 0.55298656
 0.18434086 0.01821096 0.12344455] [2.7104089e-04 2.3661538e-04 1.9718701e-04 4.0701253e-04 3.9650133e-04
 9.9732542e-01 2.5517601e-04 3.7953389e-04 5.3145888e-04] [0.00307177 0.90597945 0.07322388 0.00289264 0.00240445 0.0037999
 0.00141034 0.00346179 0.00375573] [1.5271090e-04 4.4251245e-04 3.7568563e-04 1.2929211e-04 1.6216724e-04
 1.3838922e-04 7.6647394e-04 9.9765152e-01 1.8124012e-04] [9.9607855e-01 3.5604258e-04 1.1264536e-03 1.0407933e-03 2.5703106e-04
 1.7130960e-04 2.4715750e-04 4.8935460e-04 2.3331234e-04] [0.00145969 0.00140518 0.00356074 0.00254687 0.00300194 0.00991094
 0.9743953  0.00247731 0.00124208] [0.0017259  0.00212959 0.00122691 0.00227299 0.00148602 0.00453529
 0.00170931 0.97549385 0.00942021] [0.00482182 0.00251681 0.00136533 0.00281134 0.00177914 0.8359546
 0.00104286 0.00231449 0.14739357] [1.3601518e-03 1.2385198e-02 9.5944732e-01 4.3933694e-03 9.0408028e-04
 7.5314627e-03 1.1514855e-03 1.1703691e-02 1.1233041e-03] [0.00535128 0.9558701  0.01805029 0.00114929 0.00433049 0.00426116
 0.00277443 0.00506814 0.00314478] [0.01344467 0.00772269 0.00470946 0.00813777 0.00586401 0.01317415
 0.00410059 0.00815038 0.93469626] [6.2375837e-03 1.1023511e-04 9.7706215e-05 5.1521749e-04 1.1075386e-04
 1.2043110e-03 9.9103570e-01 1.4013921e-04 5.4837944e-04] [0.14180021 0.06652146 0.05917198 0.03729122 0.05982228 0.5295203
 0.03836553 0.03806543 0.02944157] [0.02505683 0.02432182 0.01933491 0.752385   0.0099466  0.07098418
 0.03263424 0.03767454 0.02766182] [5.71449091e-05 1.21890887e-04 2.09779668e-04 1.12758695e-04
 7.71875420e-05 3.61640676e-04 9.98917341e-01 5.62098357e-05
 8.61053122e-05] [0.05417122 0.10043716 0.09957815 0.05274205 0.05452292 0.08822137
 0.07640482 0.412169   0.06175329] [0.03288417 0.11151489 0.6242262  0.02507813 0.0248148  0.0127454
 0.03695497 0.05208799 0.07969343] [0.00245514 0.00266449 0.55927277 0.4194241  0.00103508 0.00788054
 0.00155214 0.00382901 0.00188669] [1.8752998e-04 1.2686384e-04 7.6655706e-04 9.9361056e-01 1.8045402e-04
 3.1885980e-03 1.1494430e-03 1.5878516e-04 6.3122826e-04] [3.0270489e-03 3.8876178e-04 1.4068233e-04 2.5250547e-04 1.4259377e-04
 9.9536163e-01 3.5233313e-04 1.0071906e-04 2.3377247e-04] [2.1929521e-04 4.5256651e-04 2.1162668e-04 2.0697608e-04 9.9720770e-01
 9.0406457e-04 4.9601099e-04 1.5884715e-04 1.4292679e-04] [3.9467454e-04 7.7803677e-04 2.2776533e-04 4.2371969e-03 7.6993665e-04
 4.2074472e-03 9.0060051e-04 8.9410471e-04 9.8759019e-01] [2.0579486e-03 2.0968027e-03 3.8919949e-03 9.8884505e-01 6.8463874e-04
 3.4753545e-04 9.5503865e-04 6.9905014e-04 4.2187999e-04] [1.6926702e-03 9.9593061e-01 3.5376957e-04 1.9579985e-04 5.3328299e-04
 1.9889652e-04 2.2443254e-04 2.7812849e-04 5.9241068e-04] [4.5675490e-04 5.4062734e-04 2.9130952e-04 3.6736196e-04 2.1339367e-04
 6.2192837e-04 3.1569041e-04 9.9704474e-01 1.4814553e-04] [9.9839216e-01 2.0937827e-04 7.9918827e-05 5.4300873e-04 1.2793373e-04
 1.4588131e-04 1.6800415e-04 7.9253885e-05 2.5443247e-04] [0.47197506 0.16636159 0.01485536 0.14462322 0.02170565 0.07137895
 0.01728427 0.021273   0.07054287] [4.0686238e-04 2.3353684e-03 9.4766659e-04 5.3032866e-04 9.9139977e-01
 2.6518857e-04 2.9563368e-04 3.2532733e-04 3.4938229e-03] [6.1591377e-04 9.0864784e-04 1.2267425e-03 8.5880636e-04 3.4322520e-04
 4.3011182e-03 9.8935962e-01 3.7084235e-04 2.0150729e-03] [0.00328429 0.00813757 0.00470614 0.89919144 0.00163971 0.00850953
 0.00521202 0.06186785 0.00745145] [9.9841762e-01 3.5657673e-04 6.2348779e-05 5.2987464e-04 2.2517888e-04
 9.0292022e-05 1.2658017e-04 7.9562225e-05 1.1195660e-04] [5.8267097e-04 9.9444264e-01 5.4263789e-04 2.5177747e-04 3.8439638e-04
 2.0873960e-04 2.1153609e-03 1.0984703e-03 3.7327869e-04] [0.0017268  0.005172   0.00255454 0.00692501 0.00299345 0.00462907
 0.00148833 0.961832   0.01267877] [1.63347053e-04 2.21399023e-04 2.53113423e-04 1.51370288e-04
 9.98529196e-01 1.56499431e-04 1.12893584e-04 3.16120044e-04
 9.60691032e-05] [1.7024837e-04 4.1725260e-04 1.7923379e-04 1.8612214e-04 1.8581089e-04
 1.6350260e-03 9.9640453e-01 3.6125028e-04 4.6053197e-04]",3 7 5 7 0 2 8 4 6 7 2 0 2 6 8 0 6 2 6 8 8 7 4 2 2 2 4 4 2 3 1 3 0 3 3 1 1 1 0 3 3 5 4 7 2 5 4 6 5 6 8 7 8 8 6 7 1 8 8 4 4 7 6 2 0 2 3 1 2 7 0 6 5 7 5 6 0 7 7 1 2 1 7 0 5 6 8 5 6 6 7 0 4 4 1 0 7 1 8 3 1 6 1 5 3 0 4 5 2 4 5 5 6 4 5 8 5 8 8 2 6 1 4 5 3 3 3 1 0 3 0 8 6 5 7 3 7 0 2 8 5 8 4 1 3 8 4 2 0 4 0 7 7 1 4 3 0 2 5 2 4 3 3 7 8 8 1 8 0 0 1 3 1 6 6 4 5 4 2 1 2 5 5 1 7 0 6 7 5 2 1 8 6 5 3 6 8 2 2 3 5 4 8 3 1 7 0 0 4 6 3 0 1 7 4 6
1468,3,xgboost,0.02,20000,20000,0.8842592592592593,0.9907648533950617,"[0.03977518 0.03641272 0.04646278 0.03353199 0.04012243 0.01913399
 0.12700772 0.04326395 0.6142892 ] [1.49267536e-04 3.57993616e-04 9.98304129e-01 3.62432969e-04
 1.19549724e-04 2.20192625e-04 2.09039397e-04 1.59945790e-04
 1.17375479e-04] [2.2563203e-04 7.2869478e-04 2.5498768e-04 7.7697879e-04 3.0449565e-04
 5.7515786e-03 9.9000192e-01 5.2547699e-04 1.4302824e-03] [0.03734735 0.03498389 0.43545672 0.13769476 0.02349376 0.08548045
 0.09381691 0.04641161 0.10531452] [0.00135891 0.00123317 0.01416824 0.97006243 0.00280109 0.00260225
 0.00301858 0.00236337 0.00239196] [2.2878720e-04 2.9246369e-04 8.2889647e-04 1.2199500e-03 2.4048163e-04
 9.9472284e-01 4.8891536e-04 6.9078594e-04 1.2869422e-03] [1.2457330e-04 4.1077504e-04 1.7386115e-04 2.6734770e-04 2.1232710e-04
 9.9562800e-01 3.6298652e-04 1.6995192e-04 2.6501168e-03] [1.3763145e-04 1.3978055e-04 1.3861991e-04 2.7460724e-04 9.9873334e-01
 1.1142514e-04 1.3992953e-04 1.7977867e-04 1.4484358e-04] [6.2365783e-04 1.1476338e-03 9.8978418e-01 4.8384714e-04 6.0922303e-04
 1.1058374e-03 4.3533393e-03 1.0635835e-03 8.2875346e-04] [4.1883302e-04 8.6642394e-04 1.8623607e-04 9.9621898e-01 3.9256853e-04
 3.9783973e-04 6.1420881e-04 3.8098247e-04 5.2398356e-04] [3.8707949e-04 3.0066393e-04 8.1058705e-01 1.8237434e-01 2.5236650e-04
 4.1877092e-03 7.8227557e-04 2.6507248e-04 8.6346170e-04] [9.9779749e-01 2.2525781e-04 2.6279734e-04 3.7738591e-04 3.5033486e-04
 3.7093958e-04 1.6047193e-04 2.2802026e-04 2.2729751e-04] [0.0018722  0.00165554 0.00122159 0.00128709 0.0013247  0.00367807
 0.00196624 0.98536056 0.00163401] [0.05684455 0.02376328 0.08415542 0.08596668 0.02885063 0.5505981
 0.02109699 0.05370471 0.09501963] [9.2421623e-04 9.8840302e-01 3.6046533e-03 8.1630272e-04 3.0173652e-04
 1.9262311e-03 1.5475650e-03 1.8754455e-03 6.0083688e-04] [0.13680829 0.03292846 0.02548577 0.13498354 0.04611982 0.4320458
 0.03806605 0.05326053 0.10030173] [2.2587826e-04 1.3216338e-04 1.5605701e-04 3.7539200e-04 9.9604541e-01
 4.7286303e-04 4.7170775e-04 1.6696726e-04 1.9535881e-03] [1.2389277e-04 2.0034035e-04 3.1007724e-04 5.0065393e-04 1.8960536e-04
 9.9745935e-01 2.3895419e-04 5.4816226e-04 4.2893272e-04] [3.7206977e-03 1.4145549e-03 3.4048161e-03 7.5983782e-03 8.3301298e-04
 4.6887379e-03 2.7269408e-02 8.2633737e-04 9.5024401e-01] [8.0916833e-04 8.5352437e-04 8.1051647e-04 1.2139799e-03 5.8471243e-04
 4.8196316e-04 6.1164185e-04 9.9056518e-01 4.0693092e-03] [0.00159956 0.00135102 0.0031168  0.00319833 0.98063207 0.00150824
 0.00177198 0.00100823 0.00581375] [0.08167781 0.05440601 0.02820494 0.04858839 0.02876873 0.6443048
 0.05721794 0.02334786 0.03348351] [2.2878188e-04 6.0997414e-04 1.3752771e-04 9.9663239e-04 3.2477384e-04
 9.9015957e-01 3.4540866e-03 2.2516212e-04 3.8634737e-03] [2.6606652e-04 6.8083149e-04 4.3917960e-04 5.3109752e-04 6.3023780e-04
 9.9585307e-01 3.0960684e-04 4.6277384e-04 8.2715589e-04] [5.6264247e-03 2.0425112e-03 6.4812915e-04 4.9856491e-03 1.2823801e-03
 1.0694423e-02 9.7158909e-01 1.2043837e-03 1.9269401e-03] [9.9464756e-01 8.7389565e-04 1.2057805e-03 9.4030757e-04 6.5665552e-04
 2.8624421e-04 3.0016422e-04 3.8338357e-04 7.0595171e-04] [0.2931113  0.03882611 0.07560695 0.13141184 0.03652272 0.11539703
 0.06452767 0.10569505 0.13890132] [9.7550440e-04 7.8859198e-04 1.7017219e-03 1.2624721e-03 9.9147463e-01
 1.3699858e-03 5.9429323e-04 7.7315775e-04 1.0596090e-03] [5.9696287e-04 4.0224253e-04 9.9536431e-01 2.5766768e-04 1.3050979e-03
 4.0363226e-04 5.9479719e-04 5.8586389e-04 4.8940728e-04] [0.00236683 0.00159755 0.0082336  0.85403174 0.00316429 0.10076791
 0.00289775 0.00244991 0.02449045] [2.3324827e-04 9.9418417e-04 4.7794075e-04 3.2862520e-04 9.9618202e-01
 4.0453998e-04 4.7138924e-04 2.4304900e-04 6.6501967e-04] [9.9037850e-01 6.3473772e-04 8.2397443e-04 3.8281372e-03 3.1008045e-04
 1.6980615e-03 4.7701062e-04 6.4206182e-04 1.2074735e-03] [0.07470811 0.03023026 0.5847324  0.05339047 0.05836687 0.05241811
 0.1105476  0.01985578 0.01575036] [3.8319966e-04 3.9814773e-04 2.5716613e-04 2.4016810e-04 9.9681109e-01
 3.7694868e-04 7.5076486e-04 4.7100682e-04 3.1144361e-04] [0.01022112 0.02328973 0.64314014 0.03861529 0.03253682 0.02422528
 0.03026973 0.15246898 0.04523292] [6.7675347e-04 4.1770688e-04 9.0418186e-04 1.1574035e-03 5.2169134e-04
 2.6210970e-03 9.8860323e-01 7.3158665e-04 4.3662935e-03] [0.02089769 0.3845527  0.43461818 0.05787136 0.0160392  0.0186831
 0.01219524 0.04002915 0.01511337] [9.9829537e-01 1.7588530e-04 3.3582145e-04 1.3336656e-04 1.3164546e-04
 1.3074288e-04 3.2554707e-04 2.5262253e-04 2.1906800e-04] [4.7776924e-04 4.8259238e-04 3.7310988e-04 3.8336584e-04 3.5490422e-04
 3.8316153e-04 4.1840295e-04 9.9693394e-01 1.9276883e-04] [3.5068952e-04 1.7374784e-03 6.8743899e-04 1.6183838e-04 2.2499848e-04
 5.2244664e-04 9.9530184e-01 3.3715254e-04 6.7613804e-04] [0.03482553 0.02861833 0.02843356 0.6002016  0.03730072 0.05305759
 0.06661727 0.1267231  0.0242223 ] [7.1687988e-05 1.6303782e-04 1.2118334e-04 1.6696927e-04 1.0141782e-04
 2.9252472e-04 9.9896550e-01 5.1620638e-05 6.6107226e-05] [6.04749599e-04 9.95441318e-01 2.07174744e-04 1.17403775e-04
 2.24305806e-03 2.67525786e-04 2.14987216e-04 6.73674163e-04
 2.30036705e-04] [2.0399971e-04 1.6504510e-04 4.3430648e-04 3.7632952e-04 9.9820936e-01
 1.5692688e-04 2.1722906e-04 1.2346332e-04 1.1340009e-04] [0.00512549 0.0173076  0.95544106 0.00227989 0.00377838 0.00382792
 0.00296387 0.00435807 0.00491773] [1.0391535e-04 1.0025315e-04 1.9621145e-04 1.7308758e-03 9.9497080e-01
 3.0161958e-04 2.8381948e-04 9.7898192e-05 2.2145831e-03] [8.8896393e-04 2.2532188e-03 1.0332643e-03 2.6906335e-03 1.7683131e-03
 2.3265982e-03 9.6416235e-01 1.7581857e-03 2.3118423e-02] [2.6373149e-04 2.1087356e-04 5.4125005e-05 1.8060929e-04 9.9862063e-01
 3.2973327e-04 1.3204552e-04 6.0357546e-05 1.4792275e-04] [0.02349626 0.12907867 0.0466726  0.30806676 0.03537405 0.04590773
 0.04493752 0.06358785 0.30287856] [0.09802013 0.05631207 0.03519526 0.01422212 0.02635476 0.09305475
 0.02142221 0.01559274 0.63982594] [1.6727748e-03 9.8744744e-01 9.1921136e-04 4.3463183e-04 6.4810831e-04
 1.7024138e-03 1.4183569e-03 3.0690944e-03 2.6880167e-03] [9.3905756e-04 2.0774875e-03 1.5041372e-03 1.0152475e-03 3.3462921e-03
 1.6208008e-02 3.3705053e-03 9.6410584e-01 7.4334531e-03] [0.03837574 0.06413319 0.0256797  0.05768997 0.04680274 0.4143651
 0.12336752 0.04023185 0.18935421] [0.02656521 0.05536226 0.6009377  0.02525186 0.04036978 0.11726389
 0.04880427 0.03172727 0.05371777] [9.9868399e-01 1.3074701e-04 7.4801537e-05 1.9195249e-04 1.3344572e-04
 1.4986860e-04 1.2301138e-04 2.7683208e-04 2.3530514e-04] [1.57223389e-04 9.98490572e-01 1.21080804e-04 4.82627584e-05
 3.00915039e-04 2.63682072e-04 1.99487273e-04 2.54175451e-04
 1.64612895e-04] [1.3302624e-03 9.9224937e-01 2.0685063e-03 8.9227688e-04 5.1776291e-04
 7.2204851e-04 3.3338642e-04 1.1842058e-03 7.0221745e-04] [6.9736823e-04 1.6528962e-04 4.0731879e-04 1.6627111e-04 1.1104516e-04
 9.2903188e-05 2.4205599e-04 9.9789280e-01 2.2493563e-04] [0.01872297 0.5196179  0.03073524 0.09382555 0.02424421 0.07476843
 0.0265413  0.0131668  0.19837755] [0.0720939  0.03324758 0.19054459 0.12894665 0.05273418 0.18442763
 0.02219117 0.03376657 0.28204775] [9.9853802e-01 3.1265328e-04 2.1955550e-04 2.1088145e-04 1.3987882e-04
 1.6912285e-04 1.5804234e-04 1.1427110e-04 1.3762801e-04] [7.6816115e-04 2.8763770e-04 4.9600634e-04 9.7730279e-04 5.9907685e-04
 1.7630921e-03 9.8997843e-01 2.3449175e-03 2.7853169e-03] [8.2055747e-04 9.9532109e-01 6.0876505e-04 5.9613335e-04 3.2935254e-04
 3.8614945e-04 6.1884662e-04 2.3227520e-04 1.0867759e-03] [6.1651022e-04 2.2366701e-04 1.0315583e-03 9.0556168e-05 9.9721861e-01
 3.0992733e-04 1.8860192e-04 1.9257468e-04 1.2797362e-04] [0.00150031 0.01566216 0.00123062 0.00361966 0.00174449 0.01070526
 0.00307958 0.95074534 0.01171248] [1.6739727e-04 1.5590194e-03 6.9434050e-04 9.9017626e-01 3.1518700e-04
 3.3689211e-03 4.2142509e-04 2.5281656e-04 3.0446218e-03] [7.8011705e-03 9.7908258e-01 2.4297794e-03 1.6407989e-03 1.5238515e-03
 7.1207859e-04 3.8238335e-03 2.2480509e-03 7.3789421e-04] [7.2558637e-04 5.8531860e-04 7.0991576e-01 2.7957743e-01 3.2256800e-03
 1.5936928e-03 2.1831593e-03 5.8509933e-04 1.6083297e-03] [1.1896010e-03 1.1522166e-03 6.5684103e-04 2.7312243e-02 1.3546204e-03
 5.6587560e-03 1.4038110e-03 1.3994201e-03 9.5987248e-01] [5.9789233e-04 4.6235701e-04 9.9510938e-01 1.0801310e-03 2.5346459e-04
 6.5287726e-04 3.7138959e-04 6.0956995e-04 8.6288847e-04] [0.02230455 0.02351432 0.04044969 0.05819275 0.02854293 0.61648214
 0.02771585 0.02206207 0.16073571] [0.0019398  0.00090386 0.0014609  0.57594174 0.00082205 0.00174289
 0.00211176 0.00185717 0.4132198 ] [5.2384771e-03 9.8339373e-01 1.0177207e-03 6.7235512e-04 3.1964625e-03
 4.2234734e-03 8.8655116e-04 5.6871265e-04 8.0248661e-04] [6.54841482e-04 9.97834861e-01 4.86724573e-04 1.43437370e-04
 3.13272118e-04 1.59081857e-04 1.01405785e-04 2.17225635e-04
 8.91311138e-05] [0.9348674  0.00610765 0.02249965 0.00316882 0.00517729 0.00437122
 0.00255173 0.00346057 0.01779565] [0.01142862 0.0098288  0.6389134  0.26303542 0.05570961 0.00472722
 0.00719279 0.00585087 0.00331329] [0.01105568 0.8190443  0.09490484 0.01314912 0.01186238 0.00786154
 0.02196777 0.01216742 0.00798699] [9.9675494e-01 2.2160333e-04 8.3611762e-05 2.4430850e-04 3.4178287e-04
 2.3406846e-04 4.2620269e-04 1.3444012e-03 3.4905315e-04] [2.3143749e-04 6.7396686e-05 4.3711636e-05 1.9022629e-04 3.1557010e-04
 4.6512537e-04 9.9642330e-01 1.1860384e-04 2.1445937e-03] [1.3434604e-03 8.6103810e-04 1.1952363e-03 9.5497700e-04 6.1623350e-04
 9.4835355e-04 9.9285430e-01 4.8251470e-04 7.4386562e-04] [1.8466033e-04 6.3444066e-05 9.9801254e-01 1.2509325e-03 7.6866876e-05
 1.6043047e-04 5.5999124e-05 1.2249274e-04 7.2662020e-05] [0.00260643 0.00251709 0.00365946 0.04122299 0.00397919 0.0034844
 0.01338338 0.92565787 0.00348918] [6.2967173e-04 6.7290425e-04 1.0266084e-03 2.9587690e-03 9.9096012e-01
 5.0378934e-04 4.4118211e-04 1.8782309e-03 9.2872913e-04] [0.00481382 0.00422993 0.00523802 0.01028861 0.00763419 0.01131517
 0.01848392 0.00507013 0.93292624] [2.9281515e-04 7.8725025e-05 9.1867259e-05 1.8372112e-04 4.7366237e-04
 3.9920217e-04 7.0458843e-04 1.7183044e-04 9.9760360e-01] [7.4693625e-04 3.5231307e-04 6.1895150e-01 3.7082332e-01 2.0056944e-03
 1.7130763e-03 7.4535515e-04 2.9125309e-03 1.7493243e-03] [9.96563118e-04 1.46306027e-03 1.56126602e-03 1.92016375e-03
 1.85310794e-03 1.08170705e-02 6.31837058e-04 9.89969354e-04
 9.79766965e-01] [0.03741366 0.16107081 0.41177142 0.03280817 0.04436594 0.02938103
 0.0552778  0.03629797 0.19161326] [1.8220514e-04 9.9774987e-01 4.7795987e-04 6.2364008e-04 1.8053738e-04
 1.8232281e-04 1.9594400e-04 2.3302034e-04 1.7452370e-04] [0.00767085 0.00457565 0.00201061 0.00413381 0.00126099 0.02748811
 0.9442558  0.00418967 0.00441455] [0.01759864 0.01948856 0.0102354  0.02850573 0.01387584 0.1336929
 0.02199121 0.00972919 0.7448825 ] [5.1933917e-04 2.6603914e-03 2.5301788e-04 1.1020923e-03 9.8470169e-01
 1.5427008e-03 1.6401492e-03 3.2445039e-03 4.3360894e-03] [0.0420697  0.11894655 0.01892941 0.06499887 0.04825799 0.1754053
 0.04508726 0.0472235  0.4390815 ] [0.0291658  0.02546041 0.02968629 0.0646189  0.01979634 0.04471524
 0.01502578 0.01624939 0.75528187] [1.2399119e-04 1.2488004e-04 1.0538150e-04 5.3863786e-04 1.0891545e-04
 9.9792719e-01 2.1341983e-04 2.7207483e-04 5.8553659e-04] [0.05315962 0.32412767 0.36546057 0.02097624 0.0968719  0.02542007
 0.06350505 0.02222023 0.02825863] [9.9900001e-01 8.0900245e-05 1.7336661e-04 8.0891055e-05 1.3698796e-04
 1.0171472e-04 1.8467070e-04 1.1487939e-04 1.2654533e-04] [0.8735289  0.10200281 0.00522299 0.00438172 0.00128327 0.00269203
 0.00231847 0.00628571 0.00228408] [0.00373909 0.00292569 0.00186186 0.00559936 0.00472659 0.00621745
 0.00700923 0.9619145  0.0060063 ] [0.01753004 0.10101344 0.58517027 0.10270041 0.01870156 0.04748017
 0.09296014 0.02387455 0.01056941] [9.9749184e-01 1.0614230e-03 1.3808525e-04 1.8320471e-04 1.3346743e-04
 4.2034834e-04 2.8027955e-04 1.3191551e-04 1.5946988e-04] [2.0791797e-03 3.4370928e-04 3.7310945e-04 6.7225896e-04 9.9379551e-01
 4.9863727e-04 6.1073230e-04 8.7388593e-04 7.5292523e-04] [0.02963041 0.24842001 0.0526418  0.08442152 0.04523953 0.04615132
 0.06314024 0.04963322 0.38072196] [2.26716642e-04 2.67100550e-04 1.33561800e-04 4.75768320e-04
 1.28376312e-04 1.20429380e-03 9.96523142e-01 1.21025594e-04
 9.19997576e-04] [1.2861495e-03 5.3801428e-04 3.4123667e-02 9.2325348e-01 1.0308961e-03
 1.3433712e-03 2.4819756e-03 2.5971518e-03 3.3345316e-02] [2.0209735e-04 1.1691501e-04 8.1863563e-04 3.9535208e-04 1.6328583e-04
 9.9631280e-01 5.2586256e-04 2.3191732e-04 1.2331177e-03] [0.5182417  0.03928599 0.13461803 0.03351973 0.0320475  0.08896884
 0.07485579 0.04408854 0.03437386] [4.1025254e-04 3.5056073e-04 2.2776247e-04 8.8224089e-04 2.9576840e-04
 5.4088043e-04 9.8832405e-01 8.3676195e-03 6.0089887e-04] [1.1601868e-03 1.9443950e-04 3.3660757e-04 6.2535127e-04 9.9567944e-01
 4.8762010e-04 3.1614720e-04 3.3017222e-04 8.7006681e-04] [0.00428746 0.0037628  0.01179267 0.00635816 0.00255814 0.0081013
 0.00293332 0.00861927 0.95158684] [9.9826932e-01 1.9222169e-04 1.5944570e-04 2.6123977e-04 2.5922115e-04
 2.5794914e-04 2.9927565e-04 1.3054648e-04 1.7081329e-04] [1.03320432e-04 1.19567230e-04 1.47065570e-04 2.49294360e-04
 7.89681726e-05 1.05192375e-04 9.33567426e-05 9.99008477e-01
 9.48107117e-05] [8.3358231e-05 2.1383262e-04 1.6706542e-04 6.2318344e-05 7.9783182e-05
 1.3841534e-04 6.5217412e-04 9.9797970e-01 6.2332727e-04] [2.9720305e-04 2.1043203e-04 2.0911406e-04 1.4551006e-04 1.5376315e-04
 8.8879111e-04 3.9991000e-04 9.9523228e-01 2.4629426e-03] [0.00382389 0.02164861 0.00622407 0.00601748 0.00529637 0.00547387
 0.00388    0.94414854 0.00348712] [0.00288763 0.00971348 0.01025729 0.00922662 0.00301162 0.10606083
 0.8269722  0.0037696  0.02810078] [3.5508058e-04 4.4430583e-04 2.4752773e-04 2.4202076e-04 1.8588896e-04
 3.5605227e-04 1.2264900e-04 9.9795699e-01 8.9495872e-05] [0.00108241 0.00147471 0.63440216 0.3422271  0.00146574 0.01284505
 0.00210902 0.00144348 0.00295038] [3.6869760e-04 9.9633139e-01 1.3833679e-04 1.9114450e-04 1.3691458e-04
 1.4809687e-03 2.7162058e-04 5.4343184e-04 5.3752115e-04] [0.02315671 0.03270134 0.02824602 0.09070951 0.04599908 0.43021566
 0.10975507 0.10670757 0.13250905] [5.5372441e-04 1.9006716e-03 1.1322246e-03 8.1834313e-04 9.9196613e-01
 1.1584695e-03 6.7463750e-04 6.9519540e-04 1.1005690e-03] [2.2570718e-04 1.5764717e-04 3.2256299e-03 9.9309134e-01 6.8288250e-04
 4.0639733e-04 3.3421966e-04 4.6929307e-04 1.4069134e-03] [0.06409408 0.21789713 0.10656984 0.10169113 0.04513826 0.18277119
 0.123307   0.05683542 0.10169591] [5.9787813e-04 9.9626702e-01 3.0765624e-04 3.3254916e-04 3.2064831e-04
 2.0655990e-04 6.1514584e-04 1.2311509e-03 1.2146214e-04] [1.14833136e-04 1.70293919e-04 1.07291744e-04 1.89409999e-04
 1.01328471e-04 9.97802794e-01 4.29854321e-04 1.08175329e-04
 9.75981122e-04] [9.9796838e-01 2.8914289e-04 2.4280540e-04 1.4744276e-04 2.2301187e-04
 7.2339375e-05 3.6451998e-04 2.4113379e-04 4.5118129e-04] [3.0568941e-04 2.8285215e-04 2.7569107e-04 3.9855082e-04 2.6576672e-04
 1.9887965e-03 2.6403443e-04 3.6955066e-04 9.9584901e-01] [0.06229054 0.01294875 0.01178446 0.01141005 0.01456978 0.808348
 0.01663654 0.00621496 0.05579687] [9.9082232e-01 9.0499799e-04 3.5661065e-03 1.3320483e-03 3.4717470e-04
 5.2463607e-04 4.6685955e-04 9.2269003e-04 1.1131230e-03] [0.00863833 0.00831516 0.91640776 0.01205773 0.00968333 0.00687515
 0.01146508 0.00693215 0.01962526] [1.1012770e-03 4.4908727e-04 4.8141080e-04 8.5930660e-04 9.8577094e-01
 3.5996858e-03 9.5592812e-04 8.0312608e-04 5.9792334e-03] [9.1138361e-05 1.1489128e-04 1.5866778e-04 4.7647368e-04 2.6713376e-04
 9.9730408e-01 4.4057559e-04 1.7882680e-04 9.6824724e-04] [0.00360579 0.00278347 0.00124789 0.98094374 0.00253393 0.0038167
 0.00128046 0.00153589 0.00225219] [9.8003209e-01 2.9587643e-03 5.9899956e-04 1.6364146e-03 4.9554850e-03
 1.1370734e-03 6.1001130e-03 1.5509826e-03 1.0300589e-03] [3.3153151e-04 2.5115832e-04 3.4538930e-04 7.5779442e-04 1.9351568e-04
 3.1877632e-04 3.8415953e-04 9.9724650e-01 1.7124570e-04] [0.0060231  0.00420733 0.00801048 0.04277274 0.0029558  0.00549433
 0.00407453 0.92287254 0.00358917] [0.02813884 0.05045579 0.13933583 0.10153677 0.16862181 0.42536226
 0.02320359 0.04347519 0.01986993] [0.965688   0.0132322  0.00206911 0.00251318 0.00153009 0.0011671
 0.00653889 0.00552731 0.00173419] [4.5936686e-04 3.4055405e-04 3.1404890e-04 9.9216110e-01 2.9169020e-04
 1.5994993e-03 1.0260389e-03 2.8592785e-04 3.5217304e-03] [2.2659263e-04 1.4761490e-04 1.9954173e-04 1.4581154e-04 2.3700368e-04
 4.5272626e-04 9.9786621e-01 2.8163788e-04 4.4292310e-04] [7.5946773e-05 9.1253889e-05 3.4974288e-04 7.9290511e-04 2.8313155e-04
 9.9764878e-01 1.8656242e-04 1.5510201e-04 4.1653222e-04] [0.17185313 0.43766913 0.04334594 0.05438505 0.05095607 0.04390039
 0.01270468 0.0579845  0.12720111] [2.2880628e-03 9.7104674e-04 9.8335141e-01 1.5747790e-03 9.7979698e-04
 2.8158796e-03 1.9687125e-03 4.8521883e-03 1.1981842e-03] [0.01296828 0.01429654 0.02065388 0.04888836 0.01760121 0.16532734
 0.05568491 0.06733117 0.5972483 ] [0.41906926 0.06702563 0.0599652  0.02588841 0.02909666 0.10131254
 0.06934083 0.06885951 0.15944196] [1.3570186e-03 9.3168818e-04 1.4940883e-03 9.8633731e-04 6.1847677e-04
 2.2618778e-03 8.9419889e-04 9.9100596e-01 4.5037476e-04] [0.9760098  0.0043265  0.00418091 0.00247464 0.00294817 0.0013557
 0.0030197  0.00245864 0.00322592] [0.07564099 0.02825692 0.0309957  0.12439772 0.03927747 0.17580006
 0.29957935 0.02881855 0.19723323] [3.4301580e-04 8.2994426e-05 1.4386752e-04 4.9640756e-04 1.2230716e-04
 9.9798501e-01 1.9479722e-04 1.2888333e-04 5.0272653e-04] [0.07358893 0.08636542 0.20400743 0.18575443 0.09347241 0.07281989
 0.05255794 0.08721713 0.14421642] [4.4597703e-04 6.8559189e-04 1.4974561e-04 2.2254758e-04 9.9715757e-01
 2.8253268e-04 6.2726566e-04 2.1078903e-04 2.1802075e-04] [0.12001542 0.03593939 0.1635973  0.01533894 0.02114282 0.02698147
 0.08008694 0.47793373 0.05896401] [9.98403013e-01 2.33775849e-04 1.72245185e-04 2.56719999e-04
 1.51815329e-04 1.25083941e-04 1.26686777e-04 1.18399665e-04
 4.12252848e-04] [0.00371438 0.980257   0.00159506 0.00151075 0.00247961 0.0022234
 0.0025449  0.00293666 0.00273825] [2.65220762e-04 9.96601343e-01 9.94530157e-04 1.46656108e-04
 1.08627275e-04 6.15940313e-04 1.59309595e-04 1.20268553e-04
 9.88019863e-04] [4.6836559e-04 9.6051436e-04 9.1098266e-04 1.0369583e-03 7.4257201e-04
 5.6995982e-03 9.7222924e-01 1.5623678e-02 2.3280778e-03] [4.3842074e-04 1.3352708e-03 9.8792249e-01 5.7580476e-03 8.8434247e-04
 3.5943606e-04 2.5250300e-04 2.3940683e-03 6.5543532e-04] [2.3974646e-04 9.9727172e-01 8.8357000e-04 2.1877284e-04 2.0292020e-04
 2.9181995e-04 2.1356888e-04 2.6157426e-04 4.1624851e-04] [5.7123206e-03 3.5830275e-03 8.5115479e-04 8.1056886e-04 1.8983056e-03
 9.5952640e-04 1.8808154e-03 5.7034530e-03 9.7860080e-01] [7.2813302e-04 1.5697180e-03 4.9911113e-04 5.2420603e-04 3.8541676e-04
 9.6502114e-04 1.3175987e-03 9.9356282e-01 4.4798013e-04] [8.8195485e-04 9.9041629e-01 3.6262604e-03 6.3860905e-04 8.6470944e-04
 6.7966164e-04 8.9376909e-04 9.6525636e-04 1.0335088e-03] [2.9550257e-04 5.1542087e-05 4.2420863e-05 4.2336292e-04 5.7451722e-05
 3.0932747e-04 9.9853325e-01 1.2603251e-04 1.6116023e-04] [3.5617623e-04 9.8113518e-04 9.9464381e-01 1.3179526e-03 4.4428741e-04
 5.3396990e-04 4.7299924e-04 4.6424530e-04 7.8545709e-04] [0.05560764 0.02126914 0.02386187 0.03392443 0.02721572 0.07104795
 0.04194589 0.40572333 0.319404  ] [6.9818174e-04 1.3372401e-03 9.0936612e-04 1.0022387e-03 1.8649979e-03
 5.6975504e-04 9.9227238e-01 5.3093064e-04 8.1490068e-04] [0.01296318 0.00659106 0.00351968 0.01397863 0.00535242 0.02217261
 0.03709452 0.00598796 0.89234   ] [4.7341167e-04 2.8612671e-04 3.2666168e-04 7.1193579e-05 9.9633784e-05
 2.1593737e-04 9.9796981e-01 7.9686128e-05 4.7749156e-04] [1.11289344e-04 1.21268036e-04 8.66121554e-05 1.78392773e-04
 2.12290397e-04 3.15708399e-04 7.97111948e-04 9.97225165e-01
 9.52141534e-04] [6.4329797e-04 5.8939290e-04 1.7550690e-02 9.7775316e-01 3.1303617e-04
 1.0848781e-03 6.7250436e-04 7.0152798e-04 6.9148216e-04] [2.4173767e-03 4.6111990e-04 3.8267390e-04 2.1404265e-03 1.8995127e-04
 1.6205984e-03 9.9099219e-01 1.8289348e-04 1.6127514e-03] [7.2687853e-04 1.0947637e-03 1.2863227e-03 2.6703109e-03 1.4128381e-03
 1.8887330e-02 2.6129107e-03 1.2948770e-03 9.7001374e-01] [5.6011317e-04 7.8568689e-04 3.1761985e-04 2.3281118e-03 1.6265059e-03
 8.7611927e-03 9.8278701e-01 8.9514878e-04 1.9385805e-03] [0.01563597 0.0289084  0.01570862 0.02685836 0.02427336 0.8305724
 0.02425319 0.00876111 0.02502855] [1.5074367e-04 4.4696408e-05 6.0923558e-05 2.1426428e-04 6.5271233e-05
 2.5884202e-04 9.9867427e-01 6.5312517e-05 4.6570419e-04] [7.6180782e-05 8.1887651e-05 9.9924076e-01 2.0050722e-04 6.9103837e-05
 1.0953077e-04 9.9810066e-05 5.6563968e-05 6.5671440e-05] [1.6638390e-03 1.0417078e-03 1.3855239e-03 8.1879884e-04 1.1228503e-03
 9.6690707e-04 1.0211401e-03 9.9111569e-01 8.6351024e-04] [0.0499831  0.04156911 0.05209128 0.3126251  0.02229801 0.16615926
 0.06478818 0.03358576 0.25690016] [3.6491256e-04 1.6103736e-03 8.0250221e-01 1.8382558e-01 9.3880133e-04
 8.4879873e-03 5.4916064e-04 3.0759338e-04 1.4133247e-03] [1.7971022e-04 1.9955020e-04 8.0496538e-04 9.2556322e-05 9.9757844e-01
 2.2632926e-04 4.2531668e-04 2.9059203e-04 2.0255758e-04] [2.8056017e-04 2.4798766e-04 1.0091938e-03 4.5069662e-04 4.2064505e-04
 9.9498582e-01 6.0327386e-04 2.7305842e-04 1.7287986e-03] [3.7969757e-04 7.7739474e-04 4.4914518e-04 8.6843589e-04 9.9630642e-01
 2.3137833e-04 1.9312797e-04 6.1186909e-04 1.8255453e-04] [1.9429720e-03 7.1820791e-04 9.9477839e-01 5.3566624e-04 2.5853081e-04
 4.8699792e-04 2.6374907e-04 3.2407211e-04 6.9144875e-04] [9.6375072e-05 1.1924705e-04 8.4400344e-05 1.2474228e-04 9.9902201e-01
 9.5202231e-05 1.7939965e-04 1.9173547e-04 8.6903543e-05] [0.11770554 0.09482545 0.01954887 0.05408451 0.02103298 0.02502663
 0.07460548 0.01280163 0.58036894] [1.2650390e-03 6.1646020e-03 1.1158629e-03 1.4451842e-03 9.8502499e-01
 7.0454186e-04 2.2142243e-03 8.8509562e-04 1.1803858e-03] [0.01786903 0.00827384 0.00946826 0.0249718  0.02534423 0.01191775
 0.00908823 0.00755959 0.8855073 ] [6.9974677e-04 1.1204274e-03 1.2020775e-03 4.9566076e-04 4.4734101e-03
 1.0044625e-03 9.8710281e-01 1.0997758e-03 2.8016174e-03] [1.0360051e-03 9.8962045e-01 5.7640130e-04 1.1524140e-03 3.7618573e-03
 5.3250021e-04 1.7433572e-03 8.0673583e-04 7.7021786e-04] [6.3942902e-04 1.3604717e-03 3.5989846e-03 1.0024407e-03 9.9136835e-01
 5.9434288e-04 4.4705078e-04 4.3767047e-04 5.5121357e-04] [8.0519367e-04 3.0536857e-04 2.0330828e-02 9.6963733e-01 4.0060487e-03
 1.3337276e-03 1.4060690e-03 9.3615631e-04 1.2392291e-03] [1.4208359e-04 1.1955126e-04 8.6143707e-05 7.5064722e-04 8.5039959e-05
 1.7722078e-04 9.9813026e-01 3.5270260e-04 1.5635008e-04] [0.08936239 0.0703571  0.07711124 0.16522975 0.07057755 0.1718468
 0.05917677 0.17929792 0.11704048] [0.04894999 0.04767281 0.06275411 0.13684683 0.03702033 0.10929263
 0.04282508 0.46772623 0.046912  ] [0.00407275 0.00296862 0.00635291 0.00586569 0.0032284  0.02326807
 0.00360075 0.00379537 0.94684744] [9.9775380e-01 6.0806103e-04 1.6062490e-04 1.3425091e-04 9.2860748e-05
 1.3749265e-04 1.3189303e-04 2.3064014e-04 7.5042818e-04] [0.00188074 0.92438835 0.04329395 0.00102156 0.00599518 0.01333687
 0.00369151 0.00341072 0.00298108] [2.5944746e-04 4.5092715e-04 3.5696372e-04 7.0586638e-04 3.3318385e-04
 9.9541938e-01 4.0862168e-04 1.0457912e-03 1.0198012e-03] [9.9052423e-01 1.0478797e-03 1.3224628e-03 1.7166337e-03 3.0074851e-03
 3.5037214e-04 8.7901193e-04 4.1671732e-04 7.3515956e-04] [7.3342334e-04 1.2391809e-03 5.4781453e-04 1.2024047e-03 9.9150777e-01
 1.3154730e-03 5.4322288e-04 1.6276891e-03 1.2830006e-03] [4.6072074e-04 9.9638712e-01 7.2885561e-04 3.9496683e-04 2.5584662e-04
 8.7825378e-04 4.9303030e-04 2.1473329e-04 1.8649183e-04] [4.0324475e-04 9.9459934e-01 2.7204124e-04 1.6130189e-03 1.9579956e-04
 1.5265051e-03 4.6090965e-04 2.3880911e-04 6.9033541e-04] [0.00248094 0.00412739 0.00287129 0.02629935 0.00737056 0.9005708
 0.01133417 0.002207   0.04273847] [5.6316832e-04 6.1478623e-04 4.3252169e-04 4.0461245e-04 3.7313622e-04
 2.8055259e-03 9.9196833e-01 8.6189248e-04 1.9759738e-03] [0.9528283  0.00996969 0.0030721  0.00681598 0.00560887 0.00335961
 0.00282406 0.00567544 0.00984595] [2.2365188e-03 3.0302103e-03 1.9404916e-03 2.7921102e-03 9.0685021e-04
 6.2370310e-03 2.2832567e-03 9.7878772e-01 1.7858227e-03] [5.2798947e-04 9.9526536e-01 1.4253764e-03 1.7921148e-04 8.8138960e-04
 4.2220062e-04 5.1595480e-04 5.6828826e-04 2.1422576e-04] [0.00411958 0.00223383 0.00196215 0.0067593  0.00188173 0.00269418
 0.00301138 0.00395059 0.9733873 ] [0.00730274 0.01928404 0.9001769  0.00592901 0.00295597 0.00767652
 0.0063816  0.0422508  0.00804239] [9.9824870e-01 9.4562405e-05 8.6500200e-05 8.6209737e-05 9.6951968e-05
 2.4268791e-04 6.8274984e-04 3.5479150e-04 1.0691438e-04] [3.9154646e-04 2.0895377e-04 4.8748343e-04 1.0402482e-03 3.4512609e-04
 9.9100250e-01 7.9216325e-04 6.9316523e-04 5.0388603e-03] [1.2257412e-03 2.9423158e-04 4.2955749e-04 3.3230908e-04 1.4713760e-04
 4.0262204e-04 1.7651058e-04 9.9646449e-01 5.2741281e-04] [0.01332208 0.00921263 0.01046452 0.02023099 0.01108168 0.15079084
 0.03112524 0.01125362 0.7425184 ] [0.19961593 0.02487409 0.02622193 0.06964297 0.03791783 0.15776879
 0.02951713 0.02476714 0.42967418] [9.9785346e-01 1.6524670e-04 1.3884720e-04 3.0793963e-04 2.5265236e-04
 5.8088983e-05 2.1794373e-04 7.3258107e-04 2.7317321e-04] [2.2732373e-04 3.8202453e-04 4.4837059e-04 1.5213707e-04 2.9803277e-04
 2.0815227e-04 4.1548890e-04 9.9713922e-01 7.2926277e-04] [9.3057583e-04 2.3414295e-03 6.3713052e-04 1.5031522e-03 9.8193729e-01
 6.8627000e-03 2.0758084e-03 1.5141882e-03 2.1977157e-03]",8 2 6 3 3 5 5 4 2 3 3 0 7 3 1 8 4 5 8 7 4 5 5 5 6 0 8 4 2 3 4 0 2 4 2 6 2 0 7 6 3 6 1 4 2 4 6 4 2 8 1 7 5 2 0 1 1 7 8 3 0 6 1 4 7 3 1 3 8 2 5 8 1 1 0 2 1 0 6 6 2 7 4 8 8 3 8 3 1 6 3 4 8 3 5 2 0 1 7 2 0 4 8 6 3 5 0 6 4 8 0 7 7 7 7 6 7 3 1 5 4 3 5 1 5 0 8 5 0 2 4 5 3 0 7 7 5 0 3 6 5 1 2 8 0 7 0 3 5 2 4 7 0 1 1 6 2 1 8 7 1 6 2 5 6 8 6 7 3 6 8 6 5 6 2 7 8 3 4 5 4 2 4 8 4 8 6 1 4 3 6 2 2 8 0 1 5 0 4 1 1 5 6 0 7 1 8 2 0 5 7 7 3 0 7 4
1468,4,xgboost,0.02,20000,20000,0.9027777777777778,0.9929108796296295,"[0.02213755 0.6935442  0.12876159 0.01172492 0.01112365 0.02771347
 0.06597799 0.02366599 0.01535066] [0.00509408 0.00500901 0.06294684 0.8293682  0.006099   0.01459311
 0.06113952 0.00596573 0.00978449] [0.00723651 0.0080793  0.00656249 0.15066549 0.01010714 0.3249117
 0.02254165 0.0266071  0.44328862] [8.8015659e-05 1.8397122e-04 1.2755668e-04 4.2595764e-04 1.1516732e-04
 9.9801993e-01 5.5650639e-04 1.6378789e-04 3.1914224e-04] [0.01104974 0.00574938 0.01373679 0.00849974 0.00785107 0.03841333
 0.01613684 0.7776943  0.12086885] [0.00254747 0.00425237 0.00128226 0.00243247 0.96737725 0.00710389
 0.00357768 0.00167673 0.00974993] [1.5601757e-03 3.2842701e-04 2.7102299e-04 3.8487711e-03 3.4268375e-04
 9.9172747e-01 2.6639455e-04 8.0153643e-04 8.5356151e-04] [0.03432761 0.00995035 0.00707027 0.04891159 0.01550277 0.766958
 0.01929649 0.03333998 0.06464294] [0.00361511 0.00937185 0.03288172 0.90580094 0.00295394 0.02724818
 0.0031676  0.00783166 0.00712897] [6.4293728e-03 9.8666579e-01 4.5783357e-03 1.5451412e-03 1.3401872e-04
 9.6170435e-05 3.1587397e-04 1.5971389e-04 7.5516786e-05] [0.4110516  0.0038999  0.01258003 0.5551265  0.00246717 0.00183436
 0.01036579 0.0012413  0.00143336] [7.0633856e-04 1.2723155e-03 2.2391807e-02 9.6649098e-01 2.6472406e-03
 2.9959115e-03 1.4220106e-03 1.3757773e-03 6.9759903e-04] [0.01109968 0.00762176 0.00374583 0.01750862 0.00836355 0.02871742
 0.09862099 0.00867976 0.8156424 ] [4.3686599e-04 3.1653789e-04 2.1585102e-04 6.3138903e-04 9.9675107e-01
 4.4964076e-04 3.5641313e-04 5.4062560e-04 3.0166542e-04] [0.02111312 0.03237187 0.02686907 0.07123372 0.03463745 0.10803592
 0.02408438 0.1300133  0.5516412 ] [2.1054158e-04 1.6994638e-04 5.5574358e-04 2.2606927e-04 9.9733847e-01
 9.1765239e-04 1.2085831e-04 2.1566291e-04 2.4507663e-04] [0.05173031 0.12045815 0.04659691 0.07293593 0.4391086  0.05453289
 0.06563648 0.03314514 0.1158556 ] [0.00755585 0.00630934 0.00964571 0.02978014 0.02444987 0.8582308
 0.01078875 0.00616239 0.04707709] [0.0864379  0.03086973 0.01525483 0.20266753 0.03425426 0.20602003
 0.08615945 0.04834174 0.28999454] [0.00164108 0.9747468  0.0044101  0.00138234 0.00340433 0.00955844
 0.00156417 0.0015688  0.00172383] [9.9712342e-01 1.1184411e-04 1.5754696e-03 2.0877302e-04 2.1614679e-04
 1.4732537e-04 2.7709521e-04 8.6060834e-05 2.5379355e-04] [1.6898479e-02 9.7060502e-01 3.7404383e-03 3.0037628e-03 1.4208507e-03
 5.3957268e-04 8.7712734e-04 1.3598767e-03 1.5548394e-03] [0.09519593 0.09151115 0.12650144 0.18970619 0.04708626 0.23195282
 0.08175953 0.06581742 0.07046931] [9.8081023e-01 2.1470846e-03 3.4845357e-03 2.0055743e-03 1.7829671e-03
 5.7970178e-03 1.5225814e-03 1.5396456e-03 9.1038825e-04] [0.01103801 0.01437511 0.01775884 0.7578018  0.02214283 0.06064073
 0.01261125 0.00919107 0.09444042] [0.00659851 0.01439566 0.00722208 0.00685188 0.9136764  0.01818634
 0.01841013 0.00528606 0.00937302] [0.05465226 0.5753124  0.15700206 0.01137289 0.01865962 0.02327028
 0.06093595 0.05824983 0.04054472] [2.0871758e-04 9.9705827e-01 1.5100639e-03 2.1666694e-04 1.3469550e-04
 1.7912028e-04 2.2009971e-04 2.1902849e-04 2.5339317e-04] [1.5451074e-04 1.2576871e-04 1.4132790e-04 1.0516250e-03 2.7579768e-04
 9.9595392e-01 4.6629249e-04 2.1663863e-04 1.6140809e-03] [1.1998212e-04 1.9033300e-04 3.2423824e-04 4.6932453e-04 1.2981267e-04
 9.4228011e-04 8.6354470e-04 9.9683398e-01 1.2649466e-04] [0.00303909 0.00431667 0.02964401 0.0301532  0.91898406 0.00242346
 0.00300287 0.00713143 0.00130518] [0.02316826 0.02585637 0.01216551 0.03389439 0.01417127 0.05613644
 0.05825083 0.05295695 0.7234    ] [0.0691621  0.05382681 0.02363782 0.11650366 0.04695024 0.29394427
 0.03983471 0.04561578 0.3105246 ] [6.9800328e-04 1.4804156e-03 8.2680437e-04 9.9212986e-01 3.4519067e-04
 2.0518615e-03 2.3138919e-04 6.0883770e-04 1.6276677e-03] [1.8367355e-04 1.3494247e-04 2.3615074e-04 3.0848544e-04 2.4660787e-04
 5.6438451e-04 3.4148860e-04 9.9746799e-01 5.1625143e-04] [1.4729392e-03 8.0435316e-04 5.9799797e-05 3.7226430e-04 9.9293351e-01
 3.8507700e-04 1.2596979e-04 3.3054692e-03 5.4068706e-04] [2.8263126e-04 1.7843374e-04 2.1403393e-04 2.2205846e-04 1.2456754e-04
 3.6107271e-04 9.9808878e-01 1.2644607e-04 4.0200271e-04] [0.03765823 0.03038647 0.06280291 0.1213994  0.04500276 0.16686688
 0.29198316 0.19874568 0.04515451] [0.00105259 0.0012085  0.00199764 0.00209194 0.9871251  0.00174079
 0.00146571 0.00219953 0.00111822] [0.00100097 0.98427975 0.00410308 0.00178585 0.00214593 0.00186766
 0.00164617 0.0012469  0.00192369] [1.2900641e-03 6.0037279e-04 9.8945159e-01 8.8734721e-04 1.6176277e-03
 1.3732563e-03 1.6404040e-03 1.3024025e-03 1.8369252e-03] [0.98281014 0.00144376 0.00505203 0.00139623 0.00135436 0.00103062
 0.00318124 0.0015769  0.00215466] [0.03942946 0.10096608 0.26546726 0.19550487 0.0578088  0.09033372
 0.07385444 0.06631073 0.11032464] [0.02554003 0.01778709 0.02101246 0.8340273  0.018983   0.01450293
 0.02302023 0.03190455 0.01322247] [9.9691355e-01 1.4797185e-04 2.9481371e-04 2.3406353e-04 2.1984900e-04
 3.1068825e-04 1.5499814e-03 1.3079010e-04 1.9823758e-04] [0.02870111 0.00846202 0.02647373 0.03064218 0.01238875 0.04292002
 0.01204825 0.02215074 0.8162132 ] [4.6170087e-04 3.6370521e-03 1.9348889e-03 9.8731345e-01 7.2700606e-04
 1.0244434e-03 1.5518842e-03 6.8160880e-04 2.6679933e-03] [0.00324892 0.0031759  0.01024271 0.0228771  0.03648381 0.03960447
 0.01334033 0.00458725 0.86643946] [0.019819   0.01229934 0.02832814 0.0398385  0.8537907  0.01211405
 0.01043356 0.00786508 0.0155116 ] [1.7877793e-04 8.4123301e-04 5.1778689e-04 3.7494246e-04 9.9606508e-01
 3.5464935e-04 2.3383867e-04 6.4418791e-04 7.8951573e-04] [0.02423406 0.09036742 0.01574074 0.02264358 0.00476496 0.10429716
 0.70371747 0.01585893 0.01837562] [9.6706685e-04 8.3616667e-04 9.8737234e-01 4.4987216e-03 8.4598118e-04
 1.1988779e-03 1.8762683e-03 1.3478935e-03 1.0566236e-03] [0.00343854 0.0145078  0.93747616 0.00932589 0.00247626 0.01272372
 0.0088442  0.00194    0.00926742] [0.0016426  0.00124049 0.9776669  0.00537152 0.0014872  0.00151238
 0.00152746 0.00545967 0.00409178] [5.5739522e-04 9.9501485e-01 1.4088544e-03 6.6319486e-04 2.2370118e-04
 2.4395480e-04 3.7884823e-04 1.1998639e-03 3.0938993e-04] [4.6567046e-04 6.3946418e-04 7.4378273e-04 4.2511686e-04 9.9612123e-01
 8.0903369e-04 3.5395508e-04 2.2071417e-04 2.2106913e-04] [0.00951713 0.01056267 0.08944003 0.84163576 0.012071   0.01175521
 0.00840592 0.0053169  0.01129541] [1.7515030e-04 3.4735963e-04 6.1757157e-05 1.1089234e-04 9.9751210e-01
 8.9677592e-04 1.6342330e-04 2.3089652e-04 5.0167477e-04] [9.9586076e-01 2.8629860e-04 5.7904772e-04 1.9594302e-04 2.3076063e-04
 6.1402982e-04 8.4596017e-04 2.4367255e-04 1.1435737e-03] [0.09245954 0.41377994 0.12709713 0.02966721 0.05152448 0.07993276
 0.02358461 0.04413446 0.13781983] [9.98681486e-01 1.65162375e-04 1.10663146e-04 9.84266808e-05
 1.23308811e-04 4.29203006e-04 1.72339249e-04 9.06817440e-05
 1.28725776e-04] [0.02888677 0.02955842 0.01381697 0.04227286 0.02228833 0.16658369
 0.02626973 0.03321728 0.63710594] [0.00251037 0.00191458 0.9645104  0.01140022 0.01031466 0.00349464
 0.001323   0.00329844 0.00123378] [0.0194201  0.01222962 0.7668736  0.09052332 0.01533217 0.00871625
 0.01411866 0.04030191 0.03248437] [0.06111104 0.03964697 0.01843905 0.06462814 0.08728741 0.19036429
 0.14094308 0.02630605 0.37127396] [0.00377139 0.0035117  0.01193133 0.0020291  0.0051953  0.00929042
 0.00280585 0.9574316  0.0040333 ] [9.9624145e-01 2.5860895e-04 1.4367233e-04 1.4730458e-04 1.8044678e-03
 3.1885621e-04 6.3871092e-04 1.0155436e-04 3.4537225e-04] [5.8957789e-04 9.9365163e-01 2.9247142e-03 4.6259686e-04 4.6242529e-04
 8.4462401e-04 4.6196950e-04 2.2244632e-04 3.7996314e-04] [0.01402088 0.0097239  0.01904348 0.01842589 0.01633477 0.07780355
 0.00766459 0.04622182 0.7907611 ] [7.9362019e-04 6.7910971e-04 9.1355195e-04 2.3291486e-04 3.7457212e-04
 3.9765052e-04 9.9586582e-01 3.2620560e-04 4.1655893e-04] [3.4423327e-04 2.9367159e-04 3.3819352e-04 9.9487537e-01 3.2215117e-04
 3.2080745e-04 3.1159027e-04 2.2989672e-03 8.9502701e-04] [2.2081808e-04 1.3434408e-04 6.2676647e-04 1.2161738e-04 1.0404103e-04
 2.6103755e-04 9.9840826e-01 5.8596070e-05 6.4554908e-05] [9.1890356e-04 1.0089400e-03 8.0122595e-04 9.9042094e-01 8.3324645e-04
 8.3160348e-04 1.7439888e-03 8.8888727e-04 2.5522728e-03] [1.3076584e-03 6.8201096e-04 1.0006330e-03 1.9931768e-03 9.1195124e-04
 1.3890009e-03 9.8576999e-01 1.9812805e-03 4.9642916e-03] [2.3541186e-04 1.4408339e-02 3.7515794e-03 3.5231179e-04 9.7780961e-01
 2.1288285e-04 2.3747724e-03 3.1119058e-04 5.4394914e-04] [0.01636763 0.00914246 0.01674708 0.00730829 0.01360498 0.01549919
 0.01148719 0.87754774 0.03229547] [0.04050332 0.02463736 0.6152712  0.20282102 0.02877583 0.03003309
 0.01911402 0.02289269 0.01595147] [1.9828505e-03 1.1701270e-03 7.1419019e-04 1.0242251e-03 8.4829173e-04
 2.0896911e-03 7.0009206e-04 9.8953956e-01 1.9309581e-03] [1.8275263e-03 9.8348200e-01 3.8610022e-03 1.9084349e-03 1.2798094e-03
 1.7816430e-03 1.2864638e-03 3.6480771e-03 9.2498946e-04] [0.20201635 0.08310059 0.09612929 0.12473668 0.07853066 0.15381281
 0.06146615 0.07319666 0.1270108 ] [5.7066156e-04 7.4961211e-04 9.3923081e-03 1.7217761e-04 9.8742688e-01
 2.4259777e-04 8.0901757e-04 2.7968301e-04 3.5701843e-04] [4.6762094e-04 1.5588100e-04 3.6313772e-04 3.7684210e-04 1.7907008e-04
 4.9617694e-04 9.9717331e-01 1.3865811e-04 6.4925279e-04] [1.6418571e-03 4.9160304e-03 9.6651655e-01 2.0094709e-02 9.1354089e-04
 2.9468092e-03 1.4364807e-03 6.0995144e-04 9.2403975e-04] [4.22664249e-04 9.97241855e-01 1.07525487e-03 1.67758408e-04
 1.12937436e-04 4.47850267e-04 1.87552709e-04 1.24756087e-04
 2.19375288e-04] [2.2567033e-03 3.0667668e-03 9.7738796e-01 2.3258608e-03 1.5430772e-03
 1.0276194e-02 1.9488641e-03 6.2718976e-04 5.6735682e-04] [6.5712963e-04 9.9620950e-01 1.4623876e-04 3.2482657e-04 3.3093800e-04
 8.4033090e-04 2.6454646e-04 6.4220669e-04 5.8428675e-04] [9.1357809e-04 9.9495310e-01 1.2783159e-03 4.0277580e-04 3.6593500e-04
 2.0974896e-04 5.4081483e-04 5.4467353e-04 7.9103722e-04] [0.01320583 0.01506359 0.00523526 0.11161418 0.00873706 0.5423774
 0.05113377 0.02136404 0.23126887] [0.00788344 0.00290011 0.00310911 0.01835446 0.01023822 0.00952179
 0.9304568  0.00972221 0.00781382] [7.1412156e-04 1.0110625e-03 5.9680460e-04 1.8200749e-03 4.1993972e-04
 6.0335570e-04 2.0216827e-03 7.8538468e-04 9.9202758e-01] [1.1663934e-03 9.3889848e-04 1.5701669e-03 7.2971400e-04 4.7435012e-04
 1.2254453e-03 8.1359141e-04 9.9263775e-01 4.4368763e-04] [0.09092668 0.09692142 0.06083699 0.09593211 0.04521745 0.14453176
 0.08990276 0.19003445 0.1856964 ] [0.16711004 0.13335115 0.06381416 0.04068399 0.07986465 0.09826085
 0.09823539 0.06348544 0.25519437] [4.8703834e-04 4.8553527e-04 9.7899057e-04 7.1153563e-04 3.7646529e-04
 4.7677555e-04 8.0466311e-04 9.9491644e-01 7.6258730e-04] [3.5734451e-04 5.0133822e-04 2.0934142e-04 3.2843542e-04 3.7802072e-04
 1.4535888e-03 2.9008661e-04 7.9053093e-04 9.9569136e-01] [1.3926097e-03 3.9762355e-04 3.2028093e-04 4.2162393e-04 3.0219430e-04
 1.4417503e-03 6.2363909e-04 9.9412775e-01 9.7250415e-04] [0.04231047 0.06261197 0.19339143 0.17136395 0.3218932  0.01481004
 0.02055147 0.13814992 0.03491757] [0.6342859  0.01246904 0.27386317 0.00541966 0.0095516  0.04528393
 0.00955465 0.00557224 0.00399974] [1.7612874e-04 1.0901480e-04 2.7323514e-04 1.5638616e-04 2.2991857e-04
 2.2165673e-03 9.9556327e-01 1.6791551e-04 1.1075314e-03] [0.00290589 0.01311374 0.00332516 0.00350385 0.9557708  0.00506123
 0.0035988  0.00850022 0.00422036] [0.06307456 0.05018648 0.04566768 0.11339722 0.05729818 0.05694824
 0.18448253 0.05500092 0.37394416] [9.0727764e-05 7.7069591e-05 3.3905853e-05 1.3504853e-04 9.7032222e-05
 4.1358348e-04 9.9893874e-01 9.1378068e-05 1.2251269e-04] [0.0032989  0.00257626 0.01395537 0.9615172  0.00230306 0.0029265
 0.01072451 0.00159371 0.00110449] [0.0068449  0.04587971 0.14537407 0.73857373 0.00471089 0.03926439
 0.0055512  0.0049181  0.00888306] [1.1320357e-03 3.7710529e-04 1.2918062e-03 6.7885628e-04 9.9336690e-01
 1.9279151e-03 4.6685972e-04 4.9041165e-04 2.6813513e-04] [3.7918621e-04 3.9706685e-04 4.8636264e-04 7.3981564e-04 1.2025682e-03
 6.4375735e-04 5.7555852e-04 9.7395158e-01 2.1624042e-02] [0.04459888 0.0331486  0.0745569  0.19000278 0.07013591 0.18971065
 0.09551858 0.06025261 0.24207501] [1.0736389e-04 8.5321175e-05 8.7278160e-05 2.0764935e-04 6.4491242e-04
 1.6481950e-04 9.9852705e-01 1.3092635e-04 4.4640539e-05] [4.0694670e-04 5.5191631e-04 8.1347011e-04 4.6643324e-04 2.3254378e-04
 9.9563235e-01 1.0630098e-03 2.5866096e-04 5.7463773e-04] [9.7727287e-04 8.3734427e-04 9.1888965e-04 9.9277580e-01 8.7024784e-04
 5.2875251e-04 1.1826411e-03 8.6209399e-04 1.0470127e-03] [5.5645674e-04 3.6218518e-03 9.8865569e-01 2.3942541e-03 5.1767670e-04
 1.2518706e-03 7.8714668e-04 6.3036499e-04 1.5846688e-03] [0.00207647 0.0022585  0.97137004 0.00164967 0.00142543 0.00251319
 0.00128068 0.00126049 0.01616556] [0.10059124 0.10842507 0.2130486  0.1188955  0.18468806 0.04333079
 0.09487049 0.06256165 0.0735886 ] [0.837187   0.01408198 0.01406504 0.01018273 0.00595681 0.07657016
 0.0124637  0.0184367  0.01105582] [0.02964367 0.03428571 0.7723411  0.05660722 0.01339867 0.03522422
 0.0202526  0.01832378 0.01992303] [3.4054383e-04 3.2103711e-04 4.1198460e-04 6.1529857e-04 2.3231888e-03
 4.0205140e-04 5.7875004e-04 9.9448782e-01 5.1930669e-04] [9.9836844e-01 9.3866496e-05 1.6227293e-04 8.0854999e-04 1.1187243e-04
 1.6346722e-04 1.3245178e-04 8.4611151e-05 7.4429976e-05] [0.0429357  0.01881931 0.01070793 0.14542732 0.01196436 0.6348362
 0.03641216 0.02635555 0.07254145] [0.06693025 0.00746922 0.01115803 0.4550849  0.02174008 0.01856085
 0.0351473  0.11689088 0.26701844] [2.5181237e-04 4.5648412e-04 9.9734735e-01 4.1488383e-04 2.2183573e-04
 1.9516480e-04 3.8660399e-04 3.2375436e-04 4.0209256e-04] [4.7689391e-04 2.2143073e-04 1.5400983e-04 5.2144896e-04 2.5925602e-04
 6.3107896e-04 7.6611963e-04 4.1440782e-01 5.8256197e-01] [6.0302153e-04 3.4290686e-04 2.1223657e-04 3.0548076e-04 9.9727279e-01
 3.5968213e-04 1.9788378e-04 4.4337436e-04 2.6257752e-04] [1.4140770e-04 1.4978577e-04 1.3157613e-04 3.9970805e-04 1.8598452e-04
 9.9604577e-01 4.9249490e-04 1.7636350e-03 6.8958587e-04] [0.07556207 0.03346189 0.07706719 0.0461096  0.0379563  0.0857707
 0.05000475 0.54642916 0.04763832] [1.3361291e-04 9.9878579e-01 3.2189582e-04 1.3970767e-04 8.7029359e-05
 1.1923897e-04 9.4992371e-05 2.1994094e-04 9.7765223e-05] [9.3873375e-04 6.7324750e-03 3.2090659e-03 8.2607195e-04 6.5340125e-04
 6.0373923e-04 3.6937263e-04 9.0605504e-04 9.8576111e-01] [2.8878732e-03 9.6538705e-01 3.3328885e-03 7.6506427e-04 1.7735478e-03
 1.4257321e-02 5.1180422e-03 3.0618538e-03 3.4163781e-03] [4.6517194e-04 3.0980571e-04 6.6878798e-04 9.9289459e-01 4.6105613e-04
 4.5226980e-03 1.9778330e-04 2.9604073e-04 1.8401214e-04] [0.23496027 0.07266845 0.17224038 0.11882914 0.05488461 0.08667776
 0.1054551  0.11693745 0.03734681] [3.7593077e-04 2.5790447e-04 4.7368059e-04 1.0416636e-03 4.1483049e-04
 9.8302251e-01 3.2959221e-04 8.2415540e-04 1.3259715e-02] [0.09763838 0.03740093 0.03698808 0.06901604 0.08077267 0.20749126
 0.12755573 0.04848678 0.29465014] [5.2352791e-04 7.3252496e-04 9.6911803e-04 3.7465806e-04 7.3318055e-04
 9.9443275e-01 8.4544841e-04 7.4921286e-04 6.3956727e-04] [1.97913745e-04 9.41303515e-05 5.41489862e-05 1.13186645e-04
 1.28329950e-04 2.72767473e-04 9.98759270e-01 1.10614470e-04
 2.69647979e-04] [0.05955674 0.07690134 0.14338881 0.21753556 0.21969174 0.12045033
 0.05701323 0.06751425 0.03794796] [9.9055874e-01 8.4730855e-04 3.2473870e-03 1.9649633e-03 4.5153234e-04
 8.4693887e-04 5.6668173e-04 8.8446384e-04 6.3199835e-04] [0.02279309 0.01746046 0.02020333 0.02824551 0.02056104 0.05469303
 0.02116876 0.02470185 0.79017293] [0.00102684 0.00134636 0.0019714  0.9693626  0.00151775 0.00569686
 0.00368207 0.0081594  0.00723673] [9.8777295e-04 9.9495798e-01 3.0867493e-04 6.6580193e-04 4.8614884e-04
 3.9656673e-04 1.1198145e-03 3.2097791e-04 7.5629598e-04] [0.00584027 0.9342078  0.02134657 0.00538245 0.00569008 0.01453585
 0.00454431 0.00394013 0.00451253] [0.03889683 0.11011042 0.04657149 0.3687909  0.05590944 0.09559037
 0.19136162 0.04137393 0.05139499] [5.3505751e-04 8.4985286e-04 9.9027354e-01 1.7502969e-03 1.0857751e-03
 1.5673797e-03 1.7382269e-03 9.7934098e-04 1.2205835e-03] [6.2032364e-04 9.8621559e-01 9.1243954e-03 6.4140157e-04 3.4805949e-04
 5.9491070e-04 7.7319267e-04 4.9039192e-04 1.1916679e-03] [9.9436557e-01 9.5571351e-04 6.2110159e-04 4.9271720e-04 3.0604261e-04
 2.6785058e-04 2.0373259e-03 2.3048186e-04 7.2324002e-04] [0.00285689 0.00221708 0.00257402 0.04077967 0.00285432 0.01015739
 0.02722102 0.01124148 0.90009815] [0.10728732 0.02948472 0.02734352 0.0491375  0.02238722 0.51552683
 0.05014117 0.03479341 0.16389829] [0.01550703 0.02630061 0.0327884  0.0795335  0.02010395 0.03041806
 0.01953216 0.03896005 0.73685616] [5.9344497e-04 1.1465284e-03 2.5947508e-04 4.4342128e-04 3.6868101e-04
 1.0385973e-03 8.3137484e-04 9.9356949e-01 1.7489833e-03] [8.5733400e-04 9.8834455e-01 2.5869596e-03 2.8224054e-03 6.9223606e-04
 1.2934830e-03 1.1071546e-03 8.8681688e-04 1.4090498e-03] [0.04397442 0.03890051 0.04674701 0.02870412 0.5595821  0.1000569
 0.04923379 0.03832809 0.09447304] [6.3646788e-04 4.5494834e-04 3.6021188e-04 3.1839526e-04 3.3866780e-04
 4.4246921e-03 4.5939742e-04 9.9276465e-01 2.4259108e-04] [2.7802470e-03 9.7316521e-01 8.1464089e-04 3.0678939e-03 8.2666829e-04
 1.4045033e-02 1.3162416e-03 1.8124940e-03 2.1716517e-03] [0.0039896  0.9726897  0.00128014 0.00165672 0.00159717 0.00825795
 0.00174012 0.00468836 0.00410031] [9.8929602e-01 1.2664129e-03 4.1209065e-04 6.6317203e-03 7.0555118e-04
 8.3230477e-04 2.3331135e-04 2.5904592e-04 3.6357582e-04] [0.00213874 0.02073544 0.95046365 0.00427204 0.00760647 0.00152267
 0.00299033 0.00331278 0.00695783] [0.01885312 0.10961249 0.0414499  0.3859864  0.03279848 0.14130348
 0.14748515 0.02738176 0.09512921] [9.9648523e-01 8.2911487e-04 8.0037344e-04 3.3870526e-04 2.1762123e-04
 4.0369102e-04 4.5171662e-04 2.5140424e-04 2.2219909e-04] [2.3341358e-03 1.6546269e-03 7.1128351e-03 9.7902793e-01 1.2023502e-03
 2.1794476e-03 5.9103128e-04 5.2055414e-03 6.9212820e-04] [3.7000424e-04 2.7944756e-04 4.1645946e-04 1.8980519e-03 5.5230455e-04
 1.2861179e-03 9.9269545e-01 4.2579163e-04 2.0764305e-03] [3.9789896e-04 9.9631643e-01 4.5817529e-04 4.4728987e-04 3.7653765e-04
 1.1603299e-03 2.8002833e-04 2.7134625e-04 2.9192577e-04] [0.00456279 0.00196119 0.01285718 0.00358632 0.95955694 0.00260081
 0.00558418 0.00424051 0.00505003] [0.18142179 0.00102302 0.00201893 0.00108363 0.00167637 0.0024953
 0.7813167  0.01740405 0.01156023] [4.4418033e-04 6.9293723e-04 7.3724659e-04 3.4330107e-04 9.9620134e-01
 4.5066298e-04 5.0722191e-04 3.5492715e-04 2.6820207e-04] [0.23899561 0.02772038 0.01543193 0.50115305 0.1598066  0.01481764
 0.01191108 0.01406884 0.01609488] [1.7950545e-03 7.0501823e-04 1.5866436e-03 1.8347459e-03 5.0556376e-03
 1.3165848e-03 8.3812739e-04 9.8620492e-01 6.6326384e-04] [8.6511769e-05 4.7249727e-05 4.9017137e-05 3.8531914e-04 1.1974326e-04
 6.1413815e-04 9.9840313e-01 9.2475013e-05 2.0247734e-04] [4.5228520e-04 2.2459232e-04 6.5487530e-04 8.9414092e-04 9.9587196e-01
 2.5397420e-04 9.4199402e-04 4.1695422e-04 2.8917598e-04] [2.0482077e-04 8.5923733e-05 1.3439789e-04 1.3774168e-04 1.7873323e-04
 1.4189319e-04 9.9786371e-01 3.4246471e-04 9.1038831e-04] [1.1609631e-03 3.1909670e-04 2.6438912e-04 1.0476637e-03 4.3380060e-04
 3.1343866e-03 4.2303489e-04 9.9236465e-01 8.5202733e-04] [0.04611309 0.04413257 0.43871912 0.22842203 0.04372498 0.02925644
 0.02753242 0.1124047  0.02969467] [5.2803755e-04 4.5950394e-04 2.7379600e-04 1.1885605e-03 5.6291459e-04
 7.3691871e-04 9.0029748e-04 9.9124444e-01 4.1055656e-03] [2.2156326e-04 2.3719114e-04 1.3993157e-04 4.7177207e-04 1.9853358e-04
 2.1764096e-03 9.9575955e-01 2.1215191e-04 5.8295205e-04] [4.9954915e-04 3.6046753e-04 9.9459982e-01 2.4898169e-03 2.5072551e-04
 3.5621604e-04 2.4804822e-04 2.7838029e-04 9.1699813e-04] [0.01712822 0.0125006  0.00598409 0.02536692 0.00941163 0.02071887
 0.4454026  0.01948737 0.4439997 ] [6.3818780e-04 1.0025628e-03 1.4284244e-02 2.4697853e-03 9.7796142e-01
 5.6625949e-04 7.7089469e-04 5.4237223e-04 1.7642210e-03] [6.5783126e-05 5.8203575e-05 4.2232328e-05 4.9117324e-04 9.1841073e-05
 9.9839741e-01 3.2219931e-04 1.4363231e-04 3.8748150e-04] [0.03625398 0.02139365 0.6712413  0.06866129 0.02312784 0.05130868
 0.03081205 0.08050918 0.01669206] [1.5056704e-04 2.3087769e-04 1.8208538e-04 6.0769496e-04 2.5069664e-04
 1.4205675e-03 2.4843230e-04 9.9311393e-01 3.7951914e-03] [1.85216850e-04 7.93302315e-05 1.77034934e-04 1.82105854e-04
 1.19696124e-04 9.97782767e-01 1.69662351e-04 2.48429918e-04
 1.05583121e-03] [1.3952755e-02 7.6351396e-04 3.9136485e-04 1.0620285e-03 6.7614403e-04
 9.7608042e-01 4.6324921e-03 1.1360300e-03 1.3052849e-03] [1.8295196e-04 2.9442465e-04 3.4814433e-04 3.9098001e-04 2.9859721e-04
 9.8742859e-04 3.4743571e-04 9.9679512e-01 3.5489880e-04] [3.7151904e-04 1.7425671e-04 3.9541663e-04 3.4770457e-04 4.5053297e-04
 2.8326770e-03 2.8362504e-04 2.1759937e-04 9.9492669e-01] [7.9020494e-05 1.1997772e-04 3.2350807e-05 3.1366112e-04 5.5676341e-05
 3.9536296e-04 9.9831474e-01 3.7597428e-04 3.1328056e-04] [1.5698733e-04 1.5666816e-04 2.1473529e-04 8.4482133e-04 1.0148360e-04
 1.5794061e-04 9.9787998e-01 2.0450889e-04 2.8292803e-04] [9.9446660e-01 2.8246996e-04 9.8853349e-04 7.1934145e-04 3.3778822e-04
 9.9191710e-04 3.6850836e-04 2.6575461e-04 1.5791013e-03] [0.09694191 0.33389616 0.13999477 0.05718281 0.03568728 0.05489522
 0.14362714 0.08640326 0.05137146] [7.7735493e-04 1.2018805e-03 9.8449266e-01 4.8177019e-03 2.1858646e-03
 1.5119412e-03 1.9659905e-03 2.5084245e-03 5.3817866e-04] [1.0489535e-03 5.2631437e-04 5.6371075e-04 1.1955886e-03 6.7056267e-04
 2.3547239e-03 1.0259965e-03 5.1683816e-03 9.8744583e-01] [0.01321229 0.00450162 0.00212421 0.8949566  0.00785744 0.05973328
 0.00690774 0.00640012 0.00430669] [4.5208193e-04 7.5713155e-04 7.6419069e-04 6.4604770e-04 3.2808774e-04
 1.3950093e-03 5.5468635e-04 9.9129736e-01 3.8053708e-03] [0.886416   0.00838465 0.04693189 0.00593377 0.00442189 0.01217336
 0.00818872 0.01289539 0.01465429] [2.7718977e-04 2.6024180e-04 1.2330159e-03 2.6767387e-04 3.1641577e-04
 8.0276548e-04 3.6492385e-04 9.9261272e-01 3.8650015e-03] [1.1352231e-03 6.2909961e-04 4.6559768e-03 9.8813534e-01 6.1910180e-04
 8.3499640e-04 1.2102685e-03 1.4770799e-03 1.3029194e-03] [4.6705341e-04 2.6889335e-04 1.3618921e-03 9.9067056e-01 6.9795770e-04
 3.7518849e-03 1.0186665e-03 5.4271659e-04 1.2203546e-03] [9.1220951e-04 6.1559316e-04 1.9450162e-03 3.6195293e-04 9.9431854e-01
 6.2888424e-04 2.9105516e-04 2.7233764e-04 6.5442402e-04] [0.00919941 0.00283834 0.01982109 0.00328883 0.02775659 0.00666612
 0.01093768 0.9157409  0.00375104] [0.08009408 0.06783667 0.0596959  0.04479261 0.11570603 0.4414125
 0.07796947 0.07069869 0.04179405] [0.00153572 0.00136699 0.00207584 0.00298253 0.00197162 0.00157395
 0.00158359 0.9854307  0.00147904] [0.05716313 0.10906904 0.03580816 0.04362093 0.03544453 0.31040415
 0.02039391 0.0453326  0.34276354] [9.9874240e-01 1.4509085e-04 1.3494321e-04 1.3148117e-04 1.3241082e-04
 3.7125120e-04 1.4161551e-04 1.1508561e-04 8.5761960e-05] [5.0534151e-04 4.7471220e-04 8.7052409e-05 1.9603872e-04 9.9769920e-01
 3.4006793e-04 1.3371585e-04 2.2563078e-04 3.3823837e-04] [0.00189044 0.00172643 0.00237225 0.00415041 0.00113884 0.00330808
 0.00281247 0.00164585 0.9809552 ] [3.5741736e-04 1.9249987e-04 8.6832049e-05 2.7581092e-04 9.9537498e-01
 1.6141651e-03 2.5823773e-04 1.2101431e-04 1.7190509e-03] [1.2313090e-04 6.2402600e-04 2.7003852e-04 5.3153560e-04 3.2607082e-04
 9.9636996e-01 1.7030563e-04 2.7567090e-04 1.3092452e-03] [4.02572704e-03 4.55307076e-04 4.22080280e-04 3.48860951e-04
 1.14298164e-04 3.45135602e-04 9.93901968e-01 1.78583912e-04
 2.08084239e-04] [7.6930498e-04 6.0747063e-04 5.6585559e-04 3.6867135e-03 5.9123762e-04
 2.6010687e-03 9.8906708e-01 7.7644788e-04 1.3348076e-03] [0.01154695 0.00780464 0.9058589  0.0121852  0.01655446 0.01139611
 0.01592147 0.00762335 0.01110901] [0.00390864 0.00716051 0.00292065 0.01264773 0.0027258  0.00845008
 0.93390447 0.00588974 0.02239241] [5.8294053e-04 6.5005640e-04 2.6027411e-03 9.0109662e-04 9.0807391e-04
 4.9756258e-04 1.4801488e-03 9.9175245e-01 6.2493229e-04] [2.4581555e-04 2.8600567e-04 1.0185099e-03 9.8939383e-01 3.4802721e-04
 1.5051352e-03 4.6334352e-04 4.1608833e-04 6.3232640e-03] [3.6485560e-04 3.0965218e-04 9.9676859e-01 4.9632526e-04 2.8320620e-04
 4.5296163e-04 4.8261730e-04 4.8468640e-04 3.5711212e-04] [9.8443419e-01 1.2043867e-03 3.6220630e-03 2.7365962e-03 9.4781007e-04
 2.8585242e-03 1.8719021e-03 8.3133631e-04 1.4931510e-03] [0.00618704 0.96470815 0.00395587 0.00501549 0.00220891 0.00852394
 0.00505951 0.00194449 0.00239663] [5.4220401e-04 2.9708655e-04 3.0941734e-04 2.0547383e-04 9.9724823e-01
 8.5330568e-04 2.0948728e-04 1.2686927e-04 2.0785010e-04] [0.12018087 0.13834065 0.10532975 0.08700895 0.09194912 0.23901707
 0.06888992 0.06410252 0.08518116] [1.3508298e-03 1.2206273e-03 6.3709385e-04 8.1749068e-04 9.1699796e-04
 1.8465602e-03 9.8331267e-01 3.8258003e-03 6.0719266e-03] [9.9799430e-01 2.3525635e-04 8.7322062e-04 1.0145826e-04 1.2722975e-04
 3.4025693e-04 1.1111187e-04 1.6481374e-04 5.2361142e-05]",1 3 5 5 7 4 5 5 3 1 0 3 8 4 8 4 3 5 8 1 0 1 6 0 3 4 1 1 5 7 2 8 8 3 7 4 6 3 4 1 2 0 1 3 0 8 3 8 4 4 6 2 2 2 1 4 3 4 0 5 0 8 2 2 5 7 0 1 8 6 3 6 3 6 4 7 2 7 1 0 4 6 2 1 2 1 1 5 6 8 7 5 0 7 8 7 2 0 6 4 8 6 3 3 4 7 8 6 5 3 2 2 2 0 2 7 0 5 3 2 8 4 5 8 1 8 1 3 2 5 8 5 6 4 0 8 3 1 1 3 2 1 0 8 5 8 7 1 5 7 1 1 0 2 3 0 3 6 1 4 6 4 0 7 6 4 6 7 2 7 6 2 6 4 5 8 7 5 5 7 8 6 6 0 0 2 8 5 7 0 7 3 3 4 7 5 7 5 0 4 8 4 5 6 6 2 6 7 3 2 0 1 4 7 6 0
1468,0,xgboost,0.02,30000,30000,0.875,0.9855565200617283,"[7.44512872e-05 2.10620987e-04 7.85160373e-05 1.20664656e-04
 1.31195513e-04 9.98770416e-01 7.21654869e-05 5.67373536e-05
 4.85243858e-04] [0.10347369 0.05557324 0.02307341 0.01998979 0.06589554 0.06822132
 0.06899516 0.42413646 0.17064145] [1.5654403e-04 2.4705956e-04 1.2393902e-03 9.9630511e-01 2.4635231e-04
 8.8839635e-04 1.6425054e-04 3.1485275e-04 4.3806725e-04] [0.01480562 0.02049159 0.7483985  0.09554297 0.00828039 0.01366172
 0.01059804 0.05287721 0.03534393] [1.6320542e-04 8.0336853e-05 1.3038864e-04 1.1421017e-03 2.7625659e-04
 2.2837853e-04 9.9758542e-01 7.5614582e-05 3.1835109e-04] [0.01213855 0.02380833 0.8501054  0.01949926 0.00967995 0.01861705
 0.03297962 0.02069367 0.01247818] [0.00303182 0.00815819 0.01537359 0.00667393 0.0042073  0.00709335
 0.00226748 0.00170638 0.95148796] [5.2315282e-04 9.8964405e-01 1.4597904e-03 2.9678082e-03 5.0852197e-04
 7.2650798e-04 8.7785238e-04 3.4494483e-04 2.9473719e-03] [7.7293109e-04 7.2344317e-04 1.7360146e-03 5.6792476e-04 5.7019328e-04
 8.2862843e-04 1.3967393e-03 9.9278271e-01 6.2144257e-04] [2.9738125e-04 1.5727620e-04 1.5978464e-04 2.7533318e-04 9.9836510e-01
 1.4451661e-04 2.6114230e-04 1.8209108e-04 1.5735843e-04] [6.4438739e-04 2.3403669e-04 1.3008197e-03 5.4038729e-04 9.9436200e-01
 5.2234117e-04 9.4301946e-04 8.4720459e-04 6.0572993e-04] [0.00875281 0.00866326 0.00535642 0.94504917 0.00574864 0.00828321
 0.0024941  0.00801128 0.00764113] [0.8737549  0.0244842  0.0110109  0.02394167 0.00895567 0.00371111
 0.02458439 0.02186884 0.00768835] [0.00311839 0.00378136 0.00196889 0.00143883 0.00235645 0.00975686
 0.00201894 0.00110306 0.9744572 ] [9.97702420e-01 2.93237099e-04 1.65833393e-04 2.05126795e-04
 1.68200742e-04 6.48523564e-04 1.90449398e-04 1.15642266e-04
 5.10618498e-04] [0.06530774 0.03646922 0.1310324  0.21726304 0.1200278  0.15897124
 0.04233314 0.08286384 0.14573157] [0.00347173 0.04167865 0.00320003 0.9075187  0.00332751 0.03367566
 0.00205909 0.00184836 0.00322025] [0.27835354 0.02313605 0.02150561 0.5310683  0.01726467 0.02232481
 0.01377358 0.0448397  0.04773371] [8.5863849e-04 7.0768868e-04 8.0482813e-04 1.8483652e-03 8.0111111e-04
 1.1505840e-03 3.1488230e-03 9.8928601e-01 1.3939266e-03] [0.0495384  0.01335703 0.0212522  0.02680985 0.01946719 0.02734347
 0.01166051 0.74022454 0.09034681] [8.6156861e-04 9.8890418e-01 3.9786911e-03 1.9576817e-03 6.1907206e-04
 1.2219519e-03 7.5058895e-04 9.4565033e-04 7.6068990e-04] [5.2955881e-04 9.9494332e-01 2.7853795e-03 2.7582623e-04 4.6382967e-04
 1.0758168e-04 2.1015215e-04 1.3199524e-04 5.5232731e-04] [1.49144456e-04 1.04330335e-04 5.07529949e-05 3.57423123e-04
 9.98546893e-05 2.73911632e-04 9.97825503e-01 6.41233637e-04
 4.97838308e-04] [0.00155258 0.00104629 0.00123732 0.00336031 0.00103082 0.00495518
 0.00186339 0.0020015  0.9829526 ] [9.9837303e-01 1.7647262e-04 1.8656261e-04 9.8773293e-05 1.7628793e-04
 1.5540037e-04 1.7006850e-04 3.2499168e-04 3.3841198e-04] [4.8587649e-04 5.1142921e-04 3.6315824e-04 5.6926074e-04 9.9440855e-01
 7.9907046e-04 4.6124728e-04 5.3170207e-04 1.8696272e-03] [1.4787222e-03 1.3551805e-03 9.8592621e-01 5.1577091e-03 4.4376979e-04
 2.6595329e-03 1.4047805e-03 1.0239073e-03 5.5017864e-04] [6.0813001e-04 1.3483701e-04 6.0702296e-04 2.1466431e-04 9.9691856e-01
 5.5701565e-04 1.9214347e-04 1.5855396e-04 6.0907111e-04] [0.02350106 0.03390206 0.02057184 0.07059438 0.03434261 0.09242515
 0.03721555 0.1667526  0.52069473] [1.5159127e-03 9.8757684e-01 1.0855423e-03 1.8269483e-03 2.6097549e-03
 1.2930122e-03 2.1251300e-03 9.9241035e-04 9.7442453e-04] [1.2212621e-04 1.0628363e-04 1.2585925e-04 1.8734777e-04 2.6220616e-04
 1.0760854e-03 1.7277796e-04 9.9599540e-01 1.9518598e-03] [0.00505055 0.00701085 0.00199342 0.00313885 0.00266607 0.04198727
 0.00419702 0.0030356  0.93092036] [1.2997739e-03 1.2552707e-03 4.0419204e-03 1.2569962e-03 9.8511076e-01
 7.8275870e-04 6.0728827e-04 4.2651123e-03 1.3801355e-03] [0.00443651 0.01063759 0.00694871 0.01871559 0.01390421 0.00772528
 0.0054537  0.02020581 0.91197264] [9.9793601e-01 2.8835642e-04 2.1662080e-04 3.4977685e-04 3.1163334e-04
 1.2484159e-04 2.8246403e-04 1.6816729e-04 3.2214072e-04] [0.05656214 0.06072955 0.02594254 0.23649366 0.04530324 0.1035566
 0.04292405 0.21611607 0.21237211] [1.6399001e-03 1.1946108e-03 1.3391810e-03 9.8858708e-01 8.3432358e-04
 1.4633816e-03 3.1029833e-03 8.2048355e-04 1.0180939e-03] [9.9557966e-01 9.4205304e-04 6.9129467e-04 3.8425662e-04 7.3626469e-04
 3.9841418e-04 4.7997280e-04 2.8471419e-04 5.0339632e-04] [0.07476906 0.09132757 0.41941074 0.06137555 0.05757138 0.08313201
 0.03895304 0.12474042 0.04872021] [3.9671766e-04 7.3106133e-04 6.9744186e-04 9.9251771e-01 6.7576661e-04
 7.0851517e-04 5.4748473e-04 2.2764653e-03 1.4488485e-03] [8.0882997e-04 3.8120928e-04 8.0385304e-04 1.1501033e-03 1.3519552e-03
 1.1611516e-03 7.4468076e-04 4.3661633e-04 9.9316156e-01] [0.01363615 0.00673347 0.00813423 0.00720783 0.01267652 0.04731724
 0.0107102  0.8367202  0.05686416] [0.00268846 0.02117359 0.93468624 0.01743706 0.0045684  0.0032314
 0.00356122 0.00755665 0.00509697] [2.8154193e-03 3.7695121e-04 8.3750079e-04 8.3674758e-04 9.9099743e-01
 1.4250200e-03 1.4677333e-03 7.6099444e-04 4.8217532e-04] [3.9895208e-04 9.9254954e-01 3.2198217e-04 2.4053313e-04 1.4712276e-04
 9.7251948e-05 2.2317459e-04 5.9569406e-04 5.4257065e-03] [1.2884673e-04 4.1066803e-04 2.9413647e-04 7.6685066e-04 1.1759611e-04
 1.4745271e-03 9.9580622e-01 2.9177655e-04 7.0932746e-04] [0.0160096  0.01948168 0.01262188 0.02805385 0.01797491 0.05054646
 0.03749834 0.6262357  0.19157755] [9.8627764e-01 5.2180821e-03 1.3314137e-03 5.4015807e-04 5.5979687e-04
 3.5299633e-03 1.0583383e-03 4.4871369e-04 1.0359413e-03] [1.0338797e-04 9.9628854e-01 8.8396331e-04 2.8057487e-04 1.6436235e-04
 4.3897520e-04 3.3731529e-04 1.0773844e-04 1.3951528e-03] [1.6324999e-04 3.6836977e-04 1.3189358e-04 8.0024166e-04 2.0268311e-04
 9.9701214e-01 1.4942522e-04 1.9486343e-04 9.7716379e-04] [0.03229144 0.02841607 0.01550519 0.25978857 0.01270544 0.54205894
 0.02612886 0.01143615 0.07166928] [3.5959680e-04 2.6348137e-04 9.9391657e-01 3.0502696e-03 1.5531367e-04
 1.2684417e-03 4.1684130e-04 4.2192568e-04 1.4754839e-04] [0.00394116 0.9646055  0.00452612 0.00292064 0.00306053 0.00289576
 0.00299148 0.00794325 0.00711559] [0.04005431 0.01952736 0.06478541 0.03202333 0.05962309 0.08554687
 0.23624377 0.0423931  0.4198028 ] [6.2762015e-03 1.2607813e-03 8.1671198e-04 1.9480322e-03 9.8122209e-01
 1.7718928e-03 1.5269237e-03 2.0624425e-03 3.1148619e-03] [0.02013449 0.02006218 0.04044297 0.03660608 0.05811008 0.13604861
 0.04028795 0.4663469  0.18196069] [0.00311189 0.00115171 0.00250127 0.9702928  0.00216478 0.00320669
 0.00348043 0.00244623 0.01164417] [1.0987216e-03 1.9789026e-03 9.8852146e-01 8.5821556e-04 1.0918630e-03
 1.9228753e-03 1.2910677e-03 2.1694184e-03 1.0674453e-03] [0.10188238 0.10380127 0.05745717 0.08021058 0.15123315 0.21064268
 0.03975715 0.04552904 0.20948659] [0.5175548  0.10020741 0.07472795 0.05113815 0.03385264 0.16149499
 0.02205509 0.0205492  0.01841975] [0.0374386  0.05404647 0.02446405 0.0303479  0.11269059 0.56917274
 0.03892827 0.09905116 0.03386021] [0.00386667 0.00561678 0.01085619 0.01269962 0.8972831  0.0045318
 0.00368581 0.00538793 0.0560721 ] [5.1955431e-04 1.6119843e-03 9.2734501e-04 2.8497534e-04 6.4446108e-04
 1.8627961e-03 1.0239469e-03 9.9265033e-01 4.7465845e-04] [2.18380053e-04 1.36892879e-04 1.01775957e-04 3.39391379e-04
 1.52013803e-04 2.65543145e-04 9.98584747e-01 1.11491994e-04
 8.97765422e-05] [0.00169558 0.00569362 0.9634158  0.01238799 0.00621789 0.00407424
 0.00247216 0.0030342  0.00100855] [3.2069764e-04 9.9792659e-01 3.2069243e-04 3.0039335e-04 2.6533598e-04
 2.7219250e-04 1.8597231e-04 2.2058090e-04 1.8755555e-04] [1.8738684e-03 9.8847079e-01 1.6272449e-03 1.1968249e-03 3.5304385e-03
 5.5776344e-04 8.3901029e-04 4.5857116e-04 1.4454593e-03] [0.0955992  0.08226631 0.05116851 0.13534416 0.05996846 0.13167402
 0.05050542 0.02796626 0.3655077 ] [3.5073265e-04 1.7263921e-04 1.9015558e-04 1.6580036e-04 2.5612939e-04
 7.8728766e-04 3.1516142e-04 9.9695766e-01 8.0447941e-04] [0.07325028 0.06473906 0.07484892 0.24325825 0.04346605 0.02651753
 0.03696658 0.1933679  0.24358544] [0.03160809 0.01803292 0.66308814 0.1235529  0.01742975 0.01557204
 0.03201437 0.08153236 0.01716942] [0.04120943 0.12027942 0.08126651 0.04645928 0.0494583  0.26875517
 0.13865262 0.11655608 0.13736315] [0.34927025 0.05626687 0.18061678 0.10659844 0.04772126 0.04555574
 0.04196713 0.0271671  0.14483646] [1.5941554e-03 2.5322768e-03 1.7259829e-03 1.2344534e-03 9.8761266e-01
 7.1884925e-04 2.8318292e-03 1.0704470e-03 6.7935546e-04] [0.04934687 0.04490797 0.68974066 0.04433865 0.01647861 0.05251101
 0.00933965 0.06561753 0.0277191 ] [7.8911165e-04 7.3649065e-04 1.2569099e-03 5.0078402e-04 6.5922335e-04
 1.1669279e-03 9.9411893e-01 4.5443530e-04 3.1725876e-04] [4.2883243e-04 3.8317169e-04 2.5281627e-04 9.6988626e-04 3.6536981e-04
 2.7774051e-03 4.9815746e-04 9.9060762e-01 3.7167768e-03] [0.01705993 0.01220653 0.01823372 0.5006729  0.01143336 0.06800514
 0.03316082 0.01270068 0.32652694] [1.1119467e-03 2.1639240e-03 9.7721499e-01 6.5685487e-03 9.1977557e-04
 3.9374232e-03 1.5403739e-03 4.6463148e-03 1.8966952e-03] [1.5927531e-04 6.0602155e-04 3.9760105e-04 4.8855797e-04 3.3589211e-04
 4.9746374e-04 2.8964190e-04 9.9700290e-01 2.2263045e-04] [0.01681655 0.01004776 0.04562328 0.03389467 0.59842134 0.12202574
 0.01547372 0.01170449 0.14599246] [0.03074386 0.06782302 0.02160338 0.03410319 0.02822184 0.6512886
 0.02478093 0.07856636 0.06286882] [9.9880910e-01 5.0433615e-04 1.0439444e-04 8.9873480e-05 1.2096313e-04
 9.4657997e-05 7.2428287e-05 1.4568483e-04 5.8563382e-05] [2.0100242e-04 2.9301457e-04 1.8161479e-04 1.0888863e-04 1.6375701e-04
 6.9062930e-04 9.9668866e-01 1.6824630e-04 1.5042052e-03] [6.4507662e-04 9.9556041e-01 8.2644011e-04 3.0007603e-04 4.6641199e-04
 4.1006107e-04 3.2188394e-04 4.4191859e-04 1.0276653e-03] [0.96177    0.00187607 0.00557456 0.00215339 0.00267908 0.01084083
 0.00761798 0.00438697 0.00310113] [1.9209360e-04 1.0386581e-03 3.2229694e-03 9.8716253e-01 8.4086403e-04
 8.3233591e-04 7.4129878e-04 6.2584435e-04 5.3433888e-03] [0.00331029 0.03002296 0.00642509 0.9392629  0.00404949 0.00408731
 0.00550534 0.00218897 0.00514759] [1.9190165e-04 4.2082273e-04 1.2599544e-04 1.6322096e-03 9.9548632e-01
 8.1447285e-04 2.9501441e-04 2.7012604e-04 7.6311914e-04] [1.5591952e-04 4.9884204e-04 1.0429523e-03 1.3051512e-04 9.9728560e-01
 4.2159943e-04 1.3302802e-04 1.4889214e-04 1.8265416e-04] [0.03240934 0.8090645  0.05892146 0.00293911 0.01174142 0.01113518
 0.01756439 0.03606699 0.02015763] [6.8375870e-04 1.0179054e-03 3.6744922e-04 1.9570668e-03 1.2434347e-03
 5.0406269e-04 9.8448253e-01 3.8614022e-04 9.3576768e-03] [0.0553546  0.10648238 0.06152168 0.08047488 0.10528629 0.38232774
 0.06840664 0.05648065 0.08366513] [2.8051247e-03 8.6547836e-04 3.5056588e-03 1.1693327e-03 1.4453178e-03
 5.1158445e-04 3.0393869e-04 9.8850214e-01 8.9146511e-04] [5.6198717e-04 8.9817506e-04 8.5757318e-04 2.1677273e-03 7.2655693e-04
 9.9338269e-01 4.6801192e-04 4.3582631e-04 5.0152728e-04] [1.0496032e-03 8.4186799e-04 8.5850880e-03 6.6135119e-04 1.5171793e-03
 1.4407472e-03 2.2918459e-03 9.8198581e-01 1.6265026e-03] [6.9388581e-05 2.1395701e-04 2.5244869e-04 1.8545896e-04 8.9700923e-05
 2.8991289e-04 9.9864024e-01 1.5044097e-04 1.0841594e-04] [9.9558914e-01 4.3867496e-04 3.4881852e-04 2.8489888e-04 3.8679349e-04
 1.3160345e-03 3.6687043e-04 7.2103244e-04 5.4772024e-04] [2.0993437e-04 1.6640241e-03 4.4935523e-04 4.9805141e-04 9.9414742e-01
 1.4670969e-03 1.8408292e-04 1.8250429e-04 1.1974924e-03] [0.01792398 0.03439352 0.17293544 0.7157725  0.00728564 0.0077841
 0.00737854 0.0227361  0.01379021] [0.04051599 0.03686143 0.02986556 0.07308616 0.05111524 0.54792744
 0.08744704 0.0374116  0.0957695 ] [3.7791129e-04 4.7444881e-04 9.3875220e-04 8.1945118e-04 2.6198328e-04
 9.9505377e-01 2.4196263e-04 1.3408912e-04 1.6976404e-03] [9.9025726e-01 2.2531787e-03 1.1297488e-03 5.0759653e-04 5.2674179e-04
 9.6488232e-04 5.5299629e-04 1.7244759e-03 2.0831095e-03] [0.02423401 0.09665073 0.4596665  0.21811801 0.024553   0.0536021
 0.03450655 0.06770824 0.02096086] [8.2749189e-05 1.6015671e-04 7.8411744e-05 1.6519018e-04 8.4330517e-05
 1.8823762e-04 9.9855059e-01 1.3419575e-04 5.5616035e-04] [0.30527464 0.05475457 0.0647964  0.12050495 0.06667215 0.13249147
 0.03901808 0.14409755 0.0723902 ] [1.2254249e-04 8.6108972e-05 3.0808736e-04 8.9098309e-04 8.2323997e-04
 1.9144964e-03 9.8929709e-01 1.4399595e-04 6.4134849e-03] [9.9845517e-01 4.4568736e-04 3.1998771e-04 1.8742132e-04 9.1018977e-05
 1.3200955e-04 1.9206671e-04 8.7962057e-05 8.8631998e-05] [4.7437102e-04 4.9753778e-04 3.2976820e-04 5.1260437e-04 2.7483932e-04
 9.9670732e-01 3.4630953e-04 4.5261579e-04 4.0458119e-04] [0.0652023  0.1440021  0.08014415 0.14267643 0.04907858 0.10455388
 0.129139   0.17680216 0.1084014 ] [0.03856283 0.01561924 0.4835747  0.13532057 0.03961553 0.05289004
 0.06311067 0.13180354 0.03950288] [1.94504129e-04 7.39847965e-05 1.53029396e-04 1.19257980e-04
 3.13296012e-04 4.82863572e-04 9.98047948e-01 1.06122854e-04
 5.09030826e-04] [0.02927459 0.01114865 0.00779061 0.01004288 0.01258521 0.0095054
 0.05481524 0.07236355 0.7924738 ] [9.8465353e-01 1.0212914e-03 5.0822524e-03 1.6988633e-03 1.4527006e-03
 2.0398914e-03 1.3525189e-03 1.8117726e-03 8.8719191e-04] [7.9147366e-04 1.3601899e-03 1.5657988e-03 3.7696274e-04 5.8824394e-04
 2.3796088e-03 6.6457369e-04 1.1834293e-03 9.9108970e-01] [0.00286353 0.03527207 0.00510488 0.01188195 0.00376295 0.88702434
 0.0168171  0.01781427 0.01945894] [3.8093729e-03 1.5863551e-04 1.0423143e-04 2.4768978e-04 9.8957840e-05
 5.1985565e-04 9.8939067e-01 1.2132815e-04 5.5492185e-03] [7.0810789e-04 9.9168569e-01 2.5783251e-03 5.0504750e-04 5.9975992e-04
 1.5435799e-03 6.4270815e-04 9.6387934e-04 7.7281590e-04] [0.0046147  0.01660044 0.07070657 0.87503684 0.006458   0.00466247
 0.01524108 0.00300991 0.00366998] [0.03658694 0.09486455 0.06448062 0.0883151  0.07497011 0.4597541
 0.03005113 0.02694325 0.1240342 ] [0.00346101 0.00699467 0.00500139 0.00238234 0.00407379 0.00318939
 0.00277652 0.9659235  0.00619741] [0.23885246 0.07658191 0.02662174 0.28825918 0.04453448 0.07291826
 0.05259599 0.10763969 0.09199632] [5.3974771e-04 1.6155126e-04 2.2667517e-04 1.4852826e-04 1.9871125e-04
 1.0563068e-03 9.9685884e-01 1.3558169e-04 6.7402388e-04] [0.03812824 0.02274293 0.0089234  0.08676287 0.01613208 0.20971605
 0.01851714 0.0206097  0.5784676 ] [0.00125359 0.01907054 0.10553654 0.8277305  0.00423805 0.02038017
 0.00653781 0.00349554 0.01175727] [6.8507536e-04 8.2853972e-04 9.9106216e-01 2.9561364e-03 6.9860287e-04
 5.9891940e-04 9.1532693e-04 1.4138879e-03 8.4127678e-04] [8.9027228e-05 9.8365948e-05 2.1639238e-04 1.2221717e-04 1.3094918e-04
 2.2588368e-04 9.9887747e-01 1.4326991e-04 9.6458323e-05] [0.02442542 0.63395065 0.04389266 0.05619419 0.03213223 0.01784913
 0.06747881 0.0828458  0.04123111] [0.22756216 0.072101   0.14356752 0.03533949 0.26266325 0.07237523
 0.0594135  0.0726895  0.05428835] [2.27737881e-04 9.98079777e-01 9.41860562e-05 1.21494835e-04
 2.32410399e-04 4.52064240e-04 5.59912762e-04 1.34719885e-04
 9.76709707e-05] [2.3050563e-04 2.0736991e-04 1.2238596e-04 2.6900898e-04 1.6457023e-04
 9.9800724e-01 1.2147987e-04 8.7506021e-05 7.8990852e-04] [9.6272706e-04 9.3001500e-04 3.8050406e-03 9.6454495e-01 1.7734395e-03
 6.8693454e-03 4.9107233e-03 1.1333161e-03 1.5070391e-02] [0.07245169 0.0625738  0.0455173  0.30776864 0.13373514 0.13011158
 0.09432752 0.04022523 0.11328915] [0.00547724 0.00858842 0.0028524  0.00261759 0.00631732 0.00800552
 0.00317063 0.00321223 0.95975864] [0.0036903  0.0026281  0.01243681 0.8561319  0.00445043 0.07777762
 0.00956305 0.00820178 0.02512006] [0.001588   0.01386633 0.97025675 0.00347669 0.00106978 0.00230181
 0.0016801  0.00254937 0.00321114] [0.03996434 0.01805139 0.00698073 0.08503121 0.010978   0.1570924
 0.02220405 0.03890306 0.62079483] [3.6299892e-04 6.6820398e-04 3.7254023e-04 4.9276528e-04 9.9571663e-01
 3.9053723e-04 1.5186766e-03 2.1943661e-04 2.5820397e-04] [2.2900219e-04 9.9812657e-01 3.8777059e-04 1.3451821e-04 1.3777390e-04
 3.6343496e-04 1.9120571e-04 2.6755480e-04 1.6216340e-04] [0.00494728 0.00370525 0.0034004  0.9571316  0.0038695  0.00813554
 0.01129991 0.00313805 0.00437242] [0.04033358 0.05658051 0.4059426  0.05602041 0.32258832 0.06877906
 0.01739097 0.01622232 0.01614221] [2.2129049e-03 1.7378535e-03 6.2028426e-03 9.6632308e-01 2.5245512e-03
 1.6839156e-02 1.0324386e-03 9.2856138e-04 2.1986519e-03] [1.8262037e-04 9.9743491e-01 1.8437170e-04 2.1752719e-04 6.0763897e-04
 2.3757978e-04 2.8003700e-04 7.6374994e-04 9.1562943e-05] [0.05189003 0.00616176 0.03180281 0.8706301  0.00280683 0.01414517
 0.00283114 0.01184352 0.00788864] [0.0497557  0.06621117 0.02883274 0.22168596 0.02609801 0.2880333
 0.03287273 0.06196564 0.22454478] [0.04876702 0.01592392 0.01285564 0.1369997  0.07929084 0.61224806
 0.02154252 0.01158691 0.06078539] [0.00925215 0.01125452 0.25016263 0.68439865 0.01503864 0.00708992
 0.00575066 0.00499466 0.01205812] [0.00112314 0.00121011 0.00392988 0.00674637 0.9783075  0.00156109
 0.00176957 0.00191864 0.00343374] [6.7960820e-04 2.3096034e-04 3.9153700e-04 9.9686172e-04 3.2949095e-04
 4.6459559e-04 3.6864195e-04 9.9481672e-01 1.7216058e-03] [5.6653790e-04 1.9023329e-03 6.0387529e-02 9.2760557e-01 7.4412359e-04
 3.0579092e-03 1.0089147e-03 1.7027977e-03 3.0243103e-03] [1.9923951e-03 6.3350290e-04 6.3458947e-04 1.8458196e-03 1.8473825e-03
 1.4045993e-03 9.8932225e-01 8.5553521e-04 1.4639281e-03] [0.0069913  0.02564761 0.64526784 0.14478561 0.01441379 0.02386043
 0.06196379 0.01781239 0.0592572 ] [2.7095340e-04 1.6309654e-04 1.4794612e-04 2.6406362e-04 1.8016386e-04
 6.7180034e-04 6.0904369e-04 9.9707294e-01 6.2003371e-04] [0.05200251 0.512959   0.04928865 0.06567101 0.08159391 0.04693908
 0.02095653 0.08044985 0.09013942] [3.7630706e-04 9.9264014e-01 7.1214535e-04 5.7613343e-04 5.4087362e-04
 2.3451396e-03 1.4723173e-03 3.2333910e-04 1.0136744e-03] [0.00741761 0.0367633  0.04097643 0.01203503 0.01085862 0.01618282
 0.01044227 0.04879759 0.81652635] [0.07456293 0.0327471  0.04529536 0.09087812 0.07769763 0.4589746
 0.03717574 0.02728952 0.15537897] [6.3764333e-04 3.2069907e-04 2.4520053e-04 1.0943479e-04 3.1845778e-04
 9.9733174e-01 2.8682707e-04 1.7536698e-04 5.7461095e-04] [8.5660932e-04 2.5438035e-03 1.0064052e-03 2.0624627e-03 2.0236264e-03
 1.4746533e-03 3.2743174e-03 1.7935585e-03 9.8496455e-01] [0.02033725 0.6890468  0.02295457 0.13352868 0.01460343 0.01938402
 0.03908584 0.05257167 0.00848771] [0.01216094 0.8421681  0.01809232 0.0223505  0.00845051 0.01450597
 0.00756079 0.06398142 0.01072945] [0.00316034 0.00319393 0.0030711  0.00403408 0.00368147 0.00184986
 0.01285477 0.95844215 0.00971229] [0.00520772 0.00359228 0.00411891 0.9375557  0.00849789 0.01030871
 0.00355032 0.00445475 0.02271376] [0.01067428 0.01236358 0.00710952 0.02253634 0.0062145  0.8943115
 0.017524   0.00820929 0.02105697] [9.98506606e-01 3.32797412e-04 1.21724166e-04 6.94468836e-05
 1.34670074e-04 1.56089285e-04 4.55724716e-04 1.11399626e-04
 1.11548150e-04] [1.06509870e-04 9.98153627e-01 2.20615926e-04 1.91385654e-04
 1.02417915e-04 1.42731209e-04 6.61905156e-04 3.10305535e-04
 1.10532310e-04] [6.5124576e-04 2.4365933e-04 3.1826209e-04 2.8216658e-04 9.9735779e-01
 3.1716281e-04 4.6056436e-04 2.4083874e-04 1.2831876e-04] [0.06744469 0.01603569 0.01514915 0.02873715 0.02089628 0.03401852
 0.01347195 0.77821445 0.02603208] [0.00267205 0.00148145 0.00142385 0.00652495 0.00195504 0.00517659
 0.00150013 0.00354643 0.9757195 ] [0.03028214 0.0176237  0.01757036 0.00845248 0.8435456  0.02404035
 0.01644625 0.01979913 0.02224001] [9.0854836e-04 1.4940459e-04 1.3849422e-04 2.1117846e-04 2.8619514e-04
 3.2224035e-04 5.4823968e-04 9.9714088e-01 2.9479319e-04] [0.00614736 0.00881026 0.00383682 0.01160176 0.00576725 0.02550351
 0.00610787 0.0094986  0.9227266 ] [0.05551818 0.0570259  0.17681006 0.10815988 0.16525707 0.1739032
 0.13867347 0.05011519 0.07453703] [1.4590663e-03 2.1762697e-03 9.2085404e-04 1.5342329e-03 9.9078077e-01
 1.1244444e-03 5.9304375e-04 5.7234656e-04 8.3900313e-04] [4.1080633e-04 5.5615470e-04 1.4605033e-03 2.4908278e-04 1.0456935e-03
 1.1193776e-03 5.3809065e-04 9.9319816e-01 1.4222150e-03] [1.5926092e-03 9.9207857e-04 4.8187733e-04 7.2024664e-04 6.7427405e-04
 2.3208666e-03 9.8889393e-01 3.1655633e-03 1.1586030e-03] [0.08814946 0.11881799 0.17248157 0.16332437 0.13207449 0.09363506
 0.14476928 0.05519957 0.03154821] [0.9032178  0.01219674 0.01995949 0.01832708 0.00781764 0.00809975
 0.01664175 0.00352234 0.01021741] [6.1007676e-04 6.9221470e-04 9.4423973e-04 2.3592883e-03 9.8904955e-01
 2.6158537e-03 8.4200426e-04 1.6696157e-03 1.2171452e-03] [2.4564340e-04 1.6212210e-04 3.9550371e-04 8.8023124e-05 8.3693049e-05
 9.4935465e-05 9.9836165e-01 7.3009513e-05 4.9543852e-04] [0.01766596 0.05129379 0.0559059  0.27413407 0.16940668 0.27177066
 0.02697692 0.02030701 0.11253899] [0.00269544 0.00181502 0.00188407 0.00275752 0.9791484  0.00417813
 0.00152741 0.00137697 0.00461705] [1.2177912e-04 4.0592963e-04 3.2305528e-04 5.7505275e-04 1.7185749e-04
 5.7287008e-04 9.9583471e-01 1.6920696e-04 1.8255106e-03] [9.9355209e-01 1.1231358e-03 2.3609216e-03 2.7753387e-04 5.7416211e-04
 3.9514492e-04 4.2548031e-04 9.4009901e-04 3.5139456e-04] [0.00897062 0.00797956 0.01606289 0.01859502 0.00818016 0.01617294
 0.86459255 0.04268219 0.0167641 ] [9.9103665e-01 5.9706933e-04 3.0785392e-04 3.1006378e-03 6.8620389e-04
 5.1175599e-04 6.2644872e-04 1.9119834e-03 1.2214006e-03] [0.24952807 0.01444007 0.34308562 0.07065705 0.09785481 0.14688015
 0.01284363 0.01385035 0.05086022] [0.01740936 0.01653432 0.01480187 0.04769084 0.01935522 0.7927226
 0.03119227 0.02707908 0.03321445] [0.00110158 0.9473441  0.00139853 0.00122611 0.00167145 0.00210712
 0.00224953 0.0011641  0.04173744] [0.00868615 0.0022076  0.00131198 0.00180556 0.97299844 0.0013836
 0.00343924 0.0057498  0.00241755] [1.9408410e-04 2.7982009e-04 2.5165093e-04 9.9689144e-01 1.0434113e-03
 5.0272164e-04 2.3742519e-04 2.1206537e-04 3.8742967e-04] [0.00165905 0.9731915  0.00212591 0.00536685 0.00178318 0.00419356
 0.00528796 0.00443077 0.00196122] [0.13280924 0.11035095 0.19265461 0.07947588 0.07801359 0.16750602
 0.05604572 0.04609167 0.13705231] [1.3266666e-03 1.8897445e-03 1.4858854e-03 1.0931183e-03 7.6771801e-04
 8.3749334e-04 1.3238520e-03 9.8856086e-01 2.7146819e-03] [3.8041183e-04 5.9188093e-04 6.1180594e-04 1.4647518e-03 5.9107679e-04
 1.4946600e-03 1.2524660e-03 9.9265337e-01 9.5960224e-04] [9.4046822e-04 7.9100933e-03 9.8580486e-01 8.2740921e-04 7.2239875e-04
 1.4910263e-03 7.2791323e-04 1.1001786e-03 4.7563578e-04] [0.02697472 0.04577132 0.03113424 0.11569621 0.05850477 0.52339643
 0.08082867 0.03470534 0.08298825] [0.01030357 0.01098167 0.79152554 0.14536823 0.00695591 0.00604697
 0.00627222 0.01350184 0.00904407] [7.8767212e-04 4.1643782e-03 1.0915509e-03 5.2185397e-04 9.8515898e-01
 2.1055993e-03 4.4761118e-03 9.9295331e-04 7.0093333e-04] [0.06596369 0.07509211 0.2468444  0.07148537 0.0782899  0.07199028
 0.06828766 0.26589742 0.0561492 ] [0.00845213 0.01974384 0.00688879 0.03949685 0.0111353  0.10374857
 0.02223584 0.01271061 0.77558804] [0.04365294 0.04300878 0.02081536 0.10367164 0.05940724 0.14790629
 0.03460475 0.03337151 0.5135615 ] [0.00402625 0.00529707 0.0074781  0.00552354 0.00264427 0.02098014
 0.00752511 0.00498863 0.9415369 ] [2.4837008e-04 8.4451778e-05 1.6712287e-04 2.0621161e-04 1.0454173e-04
 4.9633102e-04 9.9793637e-01 3.6504105e-04 3.9162143e-04] [0.05817905 0.10581858 0.10059042 0.06674992 0.05878024 0.14138229
 0.33068478 0.0871691  0.05064565] [9.8957694e-01 1.3950220e-03 8.8721252e-04 1.5552077e-03 8.0127409e-04
 1.6123884e-03 7.4242265e-04 2.9418166e-03 4.8774687e-04] [9.2342532e-05 3.8691610e-04 1.5543938e-04 2.0974023e-04 8.0802791e-05
 4.1280242e-04 1.9074659e-04 9.9804783e-01 4.2343204e-04] [9.6239237e-04 9.9450618e-01 3.4796889e-04 3.3029180e-04 1.9190148e-04
 4.0362938e-04 1.4577684e-04 4.9667084e-04 2.6151582e-03] [0.00182807 0.03037658 0.945025   0.00438292 0.00516969 0.00328933
 0.00215281 0.00158815 0.00618746] [1.6838665e-03 1.6915647e-03 2.4886050e-03 2.9944582e-03 9.8207217e-01
 2.3935854e-03 9.8017685e-04 4.2144805e-03 1.4811086e-03] [1.1770036e-03 4.3074254e-04 9.9386674e-01 1.1640878e-03 8.7220082e-04
 9.5211540e-04 8.9010398e-04 3.1989807e-04 3.2710997e-04] [0.04418914 0.04726889 0.01115241 0.5775461  0.02422164 0.04078219
 0.04957196 0.03988132 0.16538627] [8.8580899e-05 8.9357680e-05 2.4422241e-04 1.4191480e-04 1.1372928e-04
 3.7230804e-04 9.9858212e-01 2.9707680e-04 7.0669616e-05] [8.8428456e-04 1.6601316e-03 5.4632005e-04 1.1703400e-03 3.1368376e-03
 6.7968876e-03 9.8062229e-01 1.4824609e-03 3.7004184e-03] [0.2080261  0.08850522 0.10156999 0.05256239 0.06264505 0.10973272
 0.12364153 0.178921   0.07439599] [2.3674710e-04 1.8439465e-04 1.7294972e-04 1.7904145e-04 9.9547869e-01
 1.2400533e-03 1.0286047e-03 6.1917485e-04 8.6035638e-04]",5 0 3 2 6 2 8 1 7 4 4 3 0 8 0 5 3 0 7 7 1 1 6 8 0 4 2 4 7 1 7 8 4 8 0 3 3 0 2 3 8 7 2 4 1 6 7 0 1 5 8 2 1 8 4 7 3 2 5 0 5 4 7 6 2 1 1 5 7 1 2 5 0 4 2 6 7 8 2 7 8 5 0 6 1 0 3 3 4 4 1 6 5 7 5 7 6 0 4 0 5 5 0 2 6 0 6 0 5 3 2 6 8 0 8 5 6 1 3 8 7 6 6 6 2 2 6 1 2 1 5 3 4 8 3 2 3 4 1 3 2 5 1 3 8 5 3 4 7 3 6 2 7 1 1 8 5 5 8 5 1 7 3 8 0 1 4 7 8 4 7 8 8 4 7 6 3 0 4 6 3 4 6 0 6 0 2 5 1 4 3 1 5 7 7 2 5 2 4 3 8 8 8 6 5 0 7 1 2 4 2 3 6 6 0 4
1468,1,xgboost,0.02,30000,30000,0.8935185185185185,0.9884741512345678,"[9.9799156e-01 4.5446819e-04 1.3004836e-04 2.2051911e-04 8.1255450e-05
 3.0471073e-04 2.3948745e-04 3.6150729e-04 2.1650956e-04] [1.1531999e-03 1.6852890e-03 2.4972032e-03 2.1765938e-03 9.8770255e-01
 9.5952553e-04 1.0347292e-03 1.5300300e-03 1.2609527e-03] [9.1699278e-01 2.2728126e-03 1.9185703e-03 7.3809758e-02 6.7375967e-04
 8.5537665e-04 1.1979103e-03 6.1893434e-04 1.6600571e-03] [2.2926490e-04 2.2793484e-04 2.7003500e-03 1.9699890e-04 9.9539101e-01
 2.6007922e-04 1.9794503e-04 3.4636346e-04 4.5009761e-04] [0.02468368 0.03848885 0.08143742 0.0576112  0.50308055 0.02633985
 0.09013888 0.11373316 0.06448638] [2.0195586e-03 9.8416847e-01 6.9049308e-03 9.9310221e-04 7.2984071e-04
 1.9221352e-03 1.2368931e-03 1.1585222e-03 8.6658244e-04] [9.9736649e-01 1.2494480e-03 4.4704188e-04 2.8337099e-04 9.8811572e-05
 1.1206763e-04 1.4230303e-04 2.0001664e-04 1.0052195e-04] [3.7407369e-04 2.2245802e-04 1.9112667e-01 8.0603093e-01 4.1309118e-04
 8.5847575e-04 3.6810551e-04 2.7143807e-04 3.3473517e-04] [9.9224539e-04 1.5383859e-03 1.2495316e-03 7.2945066e-04 1.0462734e-03
 1.1082311e-03 2.4732694e-03 9.8667669e-01 4.1859359e-03] [9.9788636e-01 3.5777452e-04 1.2057923e-04 3.3131710e-04 3.0289456e-04
 3.4389994e-04 2.8799687e-04 2.2296801e-04 1.4623576e-04] [0.0098618  0.00803624 0.8406514  0.02471826 0.00383199 0.06326409
 0.03969803 0.00458858 0.00534959] [0.0022939  0.00462951 0.9692458  0.00653619 0.00164584 0.00617554
 0.00402169 0.00338153 0.00207002] [8.0714503e-04 1.1128287e-03 4.0898522e-04 5.2602112e-04 8.1474538e-04
 1.5628430e-03 1.0467181e-03 9.5310033e-04 9.9276757e-01] [9.98619795e-01 1.64069002e-04 1.09122288e-04 8.00404960e-05
 1.12795125e-04 2.84524198e-04 1.84896766e-04 2.23084877e-04
 2.21731214e-04] [1.8610773e-03 9.9767081e-04 1.5033996e-03 9.4419293e-04 9.7686786e-04
 9.9168944e-01 5.3294504e-04 1.0021998e-03 4.9214368e-04] [0.07866283 0.17674476 0.1763898  0.03499778 0.03968026 0.06328434
 0.11468697 0.24541602 0.07013725] [8.4354486e-03 2.4618488e-04 6.9490488e-04 1.8608441e-04 1.9892427e-04
 6.5976143e-04 9.8824358e-01 9.2556298e-04 4.0951773e-04] [1.2827152e-03 7.7622419e-04 5.4457774e-03 9.8059434e-01 1.4838669e-03
 2.3934494e-03 2.3323675e-03 1.4581413e-03 4.2330776e-03] [3.0365429e-04 4.9795100e-04 1.1672034e-03 7.5512007e-04 9.9610150e-01
 1.3868327e-04 3.7642682e-04 3.4175205e-04 3.1774299e-04] [1.1182117e-03 9.9507660e-01 6.6040963e-04 2.5452345e-04 1.7338873e-04
 1.8115547e-03 4.0928053e-04 1.7060734e-04 3.2541656e-04] [3.1412467e-03 9.8551327e-01 3.7087861e-03 3.1262354e-03 1.0913808e-03
 5.3659326e-04 7.3638180e-04 1.4836417e-03 6.6244375e-04] [0.9299649  0.00108335 0.00101969 0.00287023 0.00290745 0.00750245
 0.00280589 0.00165854 0.05018746] [1.4616972e-04 3.3529493e-04 1.3146640e-04 2.9635790e-04 1.2167725e-04
 1.2740393e-03 9.9663514e-01 5.8446731e-04 4.7539224e-04] [7.3202181e-04 6.5258791e-04 7.5925523e-03 8.4931561e-04 9.8464531e-01
 7.8243151e-04 6.8843301e-04 1.9517880e-03 2.1055122e-03] [0.00907156 0.01229434 0.0157151  0.7349703  0.01364696 0.04059961
 0.01594852 0.01560082 0.1421528 ] [9.9849784e-01 1.7961291e-04 1.6194794e-04 9.7659242e-05 2.3543746e-04
 1.3805917e-04 1.0375626e-04 3.7771687e-04 2.0798417e-04] [1.4319031e-04 4.0705438e-04 4.0604046e-04 5.9253938e-04 4.0575484e-04
 6.2598335e-04 9.9500716e-01 3.5359812e-04 2.0586886e-03] [0.00161502 0.00252511 0.00200557 0.00321148 0.00599908 0.00483009
 0.00155624 0.97719747 0.00105995] [0.9786289  0.00300056 0.00112064 0.00307256 0.00580318 0.00101257
 0.00335755 0.00160439 0.00239972] [2.27114622e-04 9.98316288e-01 3.16563324e-04 8.75724436e-05
 8.51994264e-05 4.50878229e-04 1.30052329e-04 1.09841385e-04
 2.76511448e-04] [0.01010414 0.00861781 0.00489335 0.00596816 0.03699851 0.06120054
 0.83552265 0.01174575 0.02494912] [0.00172562 0.00191985 0.02713536 0.95950973 0.00154017 0.00273257
 0.00219125 0.00149752 0.00174786] [9.8502201e-01 1.6573792e-03 1.2893762e-03 3.5754764e-03 2.9072245e-03
 1.3732022e-03 1.9337666e-03 9.0303889e-04 1.3384696e-03] [0.05151159 0.02008408 0.01864242 0.05651857 0.02467676 0.23735408
 0.0640611  0.03526095 0.49189043] [2.8915901e-04 2.5240937e-04 9.9768233e-01 5.5176881e-04 3.0389006e-04
 2.2236783e-04 4.0863815e-04 1.7785490e-04 1.1161264e-04] [6.0748460e-04 6.4210448e-04 9.9489802e-01 4.5981287e-04 7.3034264e-04
 5.5132731e-04 1.0810916e-03 5.0489657e-04 5.2490347e-04] [0.00842671 0.00839465 0.02394359 0.8783529  0.0087984  0.02117941
 0.01060692 0.01854653 0.02175095] [0.0432579  0.06930369 0.04495227 0.29108018 0.07332541 0.02361787
 0.07233033 0.06718892 0.3149434 ] [5.6828104e-04 4.2549337e-04 3.5852144e-04 1.5054969e-03 9.5914857e-04
 2.0286022e-04 9.9446046e-01 8.4459223e-04 6.7513750e-04] [3.3836352e-04 4.4645442e-04 3.2229957e-04 2.7791832e-03 3.5359946e-04
 5.1443413e-04 3.2531476e-04 9.9305999e-01 1.8603366e-03] [3.2889386e-04 3.6426837e-04 6.1084802e-04 8.3811657e-04 3.4638876e-04
 1.5517642e-03 9.9333328e-01 1.4642809e-03 1.1622310e-03] [0.02875538 0.07080847 0.02936666 0.11164305 0.02571171 0.25854838
 0.07144379 0.07833491 0.32538766] [2.1187686e-04 1.7686166e-04 2.7366760e-04 2.2815683e-04 2.5068474e-04
 3.9146678e-04 1.3271351e-04 9.9759752e-01 7.3701993e-04] [0.01894509 0.01127961 0.01955345 0.03235343 0.01019209 0.06229934
 0.03870167 0.01914921 0.78752613] [0.04631585 0.04300383 0.05567271 0.06350197 0.03925248 0.5014233
 0.0695908  0.07272038 0.1085187 ] [2.3708468e-04 8.0963953e-05 1.2823027e-04 3.6421552e-04 2.9808973e-04
 1.6128639e-04 9.9838424e-01 1.7439482e-04 1.7152217e-04] [1.0999724e-03 1.3039904e-03 9.8187411e-01 9.0124859e-03 5.8670540e-04
 7.5990841e-04 9.6810039e-04 4.1714627e-03 2.2325461e-04] [9.9771297e-01 8.3378452e-04 1.5600582e-04 1.0525915e-04 2.9904410e-04
 2.5696395e-04 2.9824494e-04 2.1265184e-04 1.2513789e-04] [0.00486889 0.0011949  0.00116986 0.01149988 0.00225606 0.90909564
 0.00134771 0.03965273 0.02891434] [0.00590735 0.00569498 0.00718122 0.00654638 0.00257069 0.00232907
 0.00139695 0.96386737 0.00450604] [3.6458214e-04 6.3502026e-04 2.5654861e-04 2.8373196e-04 2.7696008e-04
 9.9577457e-01 1.1514412e-03 1.0290787e-03 2.2805159e-04] [5.1739201e-04 3.0056489e-04 6.4272714e-01 3.5388151e-01 7.6835172e-04
 2.6871997e-04 5.1692891e-04 5.5563613e-04 4.6374384e-04] [0.00655157 0.00981664 0.02423037 0.80111927 0.11002563 0.00982292
 0.01343042 0.00953279 0.0154704 ] [3.6540310e-05 1.2255396e-04 9.0486361e-03 9.9016470e-01 8.9795634e-05
 1.1381464e-04 2.6888703e-04 1.0834025e-04 4.6779111e-05] [0.00168735 0.00205061 0.9841232  0.00183325 0.00155556 0.00141411
 0.00441397 0.00116852 0.00175345] [7.4774574e-04 6.3719641e-04 9.9226111e-01 2.4392433e-03 7.8140991e-04
 6.7940779e-04 8.1185770e-04 8.8001933e-04 7.6202629e-04] [5.9856451e-04 2.0619183e-04 5.7402870e-04 9.8590877e-05 7.9220260e-04
 9.9686193e-01 1.7929128e-04 1.5663436e-04 5.3255196e-04] [9.8988324e-01 7.7172177e-04 9.0857706e-04 7.6751353e-04 4.0543775e-04
 7.8999996e-04 7.3855801e-04 5.0430312e-03 6.9198397e-04] [7.4769120e-04 1.1089446e-03 5.4931676e-04 8.5412879e-03 3.6664499e-04
 3.5235536e-04 6.3117134e-04 9.8686963e-01 8.3296234e-04] [1.9643742e-04 4.7275031e-04 4.6472286e-04 4.6775758e-04 3.9215834e-04
 1.1626523e-03 9.7794527e-01 1.6974976e-02 1.9232820e-03] [0.09080936 0.1006208  0.15485121 0.06004783 0.06571133 0.08804582
 0.05215599 0.05964291 0.32811472] [8.0196786e-04 2.0995834e-03 5.8118050e-04 2.7598569e-03 9.9056131e-01
 8.1114122e-04 7.2938023e-04 1.0870822e-03 5.6845183e-04] [1.9384453e-04 1.8867420e-04 4.7385917e-04 6.3980167e-04 3.3831081e-04
 3.9209315e-04 9.9714130e-01 2.2268514e-04 4.0941738e-04] [5.2265101e-04 2.2932138e-04 8.7310071e-04 4.2809668e-04 3.3818645e-04
 9.9398923e-01 2.5723345e-04 3.5631304e-04 3.0058383e-03] [0.00723399 0.0074049  0.00912436 0.00970817 0.00957325 0.03917058
 0.8612664  0.01114892 0.04536941] [9.9535406e-01 4.0476248e-04 5.3129828e-04 1.0934091e-03 5.4647576e-04
 4.1731287e-04 6.1551569e-04 5.8934005e-04 4.4784712e-04] [0.01456027 0.01343724 0.01438877 0.00808269 0.0175202  0.02433475
 0.00955876 0.0104844  0.88763297] [0.01211106 0.01669469 0.01413036 0.04935319 0.01360123 0.01842168
 0.01855185 0.01370883 0.8434271 ] [0.03850684 0.08139975 0.02179133 0.16125228 0.02016911 0.144794
 0.02361784 0.4963664  0.01210241] [9.8941982e-01 2.3294811e-03 1.0926345e-03 8.1783521e-04 1.5820799e-03
 2.3272685e-03 1.1384019e-03 8.1166194e-04 4.8076399e-04] [1.9915351e-04 2.6520182e-04 1.5467549e-04 9.9773300e-01 2.0977949e-04
 5.9953157e-04 1.3169799e-04 1.4220594e-04 5.6474120e-04] [0.0048227  0.96692723 0.00355277 0.00427948 0.00349304 0.00676841
 0.0030239  0.00196967 0.00516283] [8.5247302e-04 2.0569573e-04 3.7865364e-04 4.9405335e-04 2.7627510e-04
 2.6872670e-04 4.3591080e-04 9.9655497e-01 5.3325586e-04] [7.0815429e-04 7.6815486e-04 1.6893686e-03 2.9141526e-04 9.9378717e-01
 6.8143912e-04 3.4124363e-04 1.2140983e-03 5.1894726e-04] [9.9824560e-01 6.4092234e-04 1.2760206e-04 1.3775681e-04 2.8070059e-04
 8.5109103e-05 1.2782202e-04 1.4883178e-04 2.0566049e-04] [3.7102259e-04 2.1885909e-04 6.6531374e-04 1.0568558e-04 9.9763250e-01
 2.6177446e-04 1.9448418e-04 4.4281705e-04 1.0757853e-04] [0.00805052 0.00793547 0.01524519 0.01388528 0.00661582 0.01260964
 0.00856555 0.91923654 0.00785597] [1.0953045e-04 9.7732642e-05 2.2754706e-04 1.7148869e-04 7.4088552e-05
 7.0280756e-04 9.9808925e-01 1.5921184e-04 3.6828590e-04] [7.1244134e-04 3.4429110e-04 3.1570144e-04 2.3709752e-03 6.8750541e-04
 1.8820867e-03 6.7165488e-04 9.9041909e-01 2.5962580e-03] [1.4094457e-03 3.1806831e-03 1.4262494e-03 1.6146657e-03 1.4799114e-03
 9.6760038e-04 1.2924368e-03 9.8728859e-01 1.3404809e-03] [1.6868721e-03 3.3143480e-04 8.9191500e-04 1.1972523e-03 3.6713245e-04
 9.8905855e-01 3.0782164e-04 2.4898897e-03 3.6691197e-03] [9.8144424e-01 6.4018336e-03 1.8849326e-03 1.0503747e-03 9.9817303e-04
 4.6208869e-03 1.0904383e-03 2.0448333e-03 4.6432353e-04] [0.00435954 0.00462636 0.96989226 0.00303141 0.00400882 0.00296485
 0.00622435 0.00312508 0.00176731] [0.01426577 0.00505648 0.01126396 0.9464872  0.00372672 0.0096824
 0.00339765 0.00212467 0.00399523] [1.4435913e-04 9.9754351e-01 1.3079396e-03 1.9049791e-04 8.8800043e-05
 1.6472657e-04 1.1359670e-04 3.0615291e-04 1.4042913e-04] [1.7558223e-04 2.7334076e-04 1.3726216e-04 2.4446717e-04 1.1107669e-04
 7.1796461e-04 1.8183223e-04 9.9630535e-01 1.8531205e-03] [0.01640225 0.0631685  0.0293717  0.02508144 0.03616842 0.6973957
 0.03768606 0.02673375 0.0679922 ] [2.58959364e-04 7.70071568e-03 1.44986738e-03 1.94759923e-04
 9.89705265e-01 2.74272054e-04 1.11544134e-04 1.85201105e-04
 1.19461627e-04] [1.3869068e-03 3.6652718e-04 2.4268287e-03 9.5628737e-04 7.4753677e-04
 9.9279588e-01 4.4639441e-04 5.0330802e-04 3.7027677e-04] [0.05228432 0.06108042 0.06607287 0.24031185 0.05341303 0.10799477
 0.09892945 0.04780862 0.27210468] [3.4094657e-04 3.3500476e-04 6.0640706e-04 2.0522578e-04 9.9715060e-01
 4.9025187e-04 3.4800384e-04 1.6734072e-04 3.5630169e-04] [0.02560414 0.0082194  0.00442958 0.9458948  0.00247464 0.00330448
 0.00374179 0.0026922  0.00363898] [9.9198127e-01 1.5769029e-03 4.2976835e-04 1.0250114e-03 7.7274983e-04
 9.2283229e-04 2.0092409e-03 4.4920537e-04 8.3301571e-04] [0.00506561 0.00335067 0.04008117 0.9358511  0.00442248 0.00209979
 0.0051409  0.00257597 0.00141236] [0.05270943 0.20794173 0.4452107  0.15626045 0.02266081 0.02693209
 0.02544181 0.02240247 0.04044053] [0.7297374  0.04761244 0.0255302  0.04223702 0.01870958 0.07114373
 0.02790305 0.01384496 0.02328165] [1.7131902e-03 9.7274947e-01 1.6902940e-02 1.9141552e-03 2.4027803e-03
 8.5000001e-04 1.5533206e-03 9.1379695e-04 1.0004059e-03] [2.7088160e-04 5.7405792e-04 1.3995728e-03 2.2596038e-04 9.9527454e-01
 6.4579857e-04 2.9772890e-04 4.4936989e-04 8.6205447e-04] [0.06415119 0.8271788  0.01445785 0.01001477 0.00906034 0.04215309
 0.0093623  0.0054402  0.01818145] [1.4807825e-04 2.9700264e-04 1.8532445e-04 3.5571182e-04 1.6428217e-04
 2.3962601e-04 3.8170602e-04 9.9771416e-01 5.1413465e-04] [0.01653296 0.67458344 0.13427123 0.01054704 0.0457734  0.02390401
 0.01711967 0.0355822  0.0416861 ] [8.2486594e-04 9.8712003e-01 1.0194073e-03 6.5384638e-03 2.1761139e-04
 8.3688943e-04 3.8961397e-04 3.5898725e-04 2.6941807e-03] [5.2502536e-04 1.0574474e-03 9.9444687e-01 6.7818805e-04 5.5933982e-04
 7.3585071e-04 6.8753236e-04 3.9723015e-04 9.1250311e-04] [0.9768579  0.00485685 0.00244404 0.00200219 0.003027   0.00570897
 0.00152277 0.00127203 0.00230823] [7.2297710e-04 1.2377158e-03 8.0832723e-04 1.0967081e-03 9.8138511e-01
 8.3347000e-03 1.6041868e-03 2.8794324e-03 1.9308903e-03] [1.9092120e-03 9.6338683e-01 2.6481403e-02 1.3477126e-03 9.3748019e-04
 1.5847166e-03 1.4603243e-03 2.6593124e-03 2.3305546e-04] [1.09152701e-04 1.15242714e-04 4.76533678e-05 2.74551712e-04
 1.17276977e-04 4.97803150e-04 9.98604715e-01 1.51453060e-04
 8.21964204e-05] [0.05313168 0.05444674 0.24990413 0.1523958  0.03378885 0.16407223
 0.08506208 0.04708893 0.16010958] [0.00543923 0.01229605 0.00684211 0.01178844 0.00529236 0.02243019
 0.00485421 0.00725472 0.9238027 ] [0.21873994 0.2962253  0.11696883 0.02211016 0.05302226 0.10260747
 0.0991851  0.03905665 0.0520843 ] [0.04040426 0.02230603 0.74756116 0.0168651  0.02231134 0.08753207
 0.0255212  0.0260012  0.01149766] [0.00528378 0.00836101 0.9483942  0.0133434  0.00170472 0.00549944
 0.00193486 0.01389713 0.00158146] [0.00310135 0.01478335 0.9525433  0.00280273 0.00320311 0.00326869
 0.00434382 0.0126768  0.00327679] [1.3713193e-03 3.0583772e-04 7.0424896e-04 3.2683145e-04 1.3523616e-03
 9.9306124e-01 6.4406078e-04 5.9360603e-04 1.6405095e-03] [0.01623131 0.01482614 0.01183987 0.03895846 0.01276848 0.40964898
 0.04104874 0.01981085 0.43486717] [0.03348298 0.06889342 0.02449717 0.05897464 0.03454019 0.08738279
 0.11266212 0.05284441 0.52672225] [8.0845429e-04 2.6897393e-04 9.9330915e-05 3.8364896e-04 6.6787034e-05
 3.8694681e-04 9.9763262e-01 1.2493358e-04 2.2829765e-04] [9.7577876e-01 4.1357516e-03 5.8936619e-04 5.9203076e-04 7.6585880e-04
 4.7414523e-04 8.0707145e-04 1.6416796e-02 4.4025161e-04] [1.3817619e-03 1.5057049e-03 9.6607103e-04 3.0314948e-03 2.2944876e-03
 8.1400080e-03 4.2145979e-03 9.7583222e-01 2.6337055e-03] [0.00861751 0.01423488 0.00769686 0.05390264 0.0208387  0.02993308
 0.00789586 0.01771308 0.83916736] [1.0984925e-03 3.3121118e-03 1.5529020e-03 9.7903466e-01 7.3866284e-04
 3.7219757e-03 9.5903961e-04 8.7188493e-04 8.7102102e-03] [1.3904014e-04 9.9882287e-01 1.1610682e-04 1.5711515e-04 3.0436600e-04
 5.0439387e-05 1.2292482e-04 9.6182346e-05 1.9092094e-04] [1.4423644e-04 2.4859680e-04 3.4570741e-04 1.2646940e-04 2.8604583e-04
 1.0207964e-03 9.9727577e-01 2.3727131e-04 3.1517452e-04] [8.7563950e-04 4.5196994e-04 4.4299712e-04 4.5442182e-04 3.7585382e-04
 9.9570423e-01 2.9702033e-04 1.1551582e-03 2.4267816e-04] [0.73022586 0.01653243 0.06219159 0.03172831 0.02660435 0.04675676
 0.02164884 0.02009022 0.04422167] [0.01851736 0.02280891 0.02211175 0.02443646 0.08154774 0.08766738
 0.01202174 0.69064    0.04024863] [1.0674909e-03 4.9343449e-04 1.2331435e-03 5.6878629e-04 4.5077680e-04
 4.2150784e-04 5.6412694e-04 9.9478948e-01 4.1127033e-04] [0.00115379 0.00108187 0.00410679 0.00265204 0.00159523 0.00398174
 0.00278935 0.00139618 0.98124295] [5.2159099e-04 4.4933867e-04 1.3214350e-04 4.6351730e-04 5.0268549e-04
 9.9691808e-01 3.3675935e-04 2.8458980e-04 3.9128878e-04] [0.07735196 0.04685174 0.09264868 0.02562151 0.02981163 0.07246876
 0.0299362  0.60325474 0.02205478] [0.07694861 0.032169   0.06842227 0.07845443 0.03014344 0.27415076
 0.12579004 0.03739185 0.27652955] [0.0332876  0.0517     0.39496416 0.11517118 0.14024937 0.0225845
 0.03612131 0.16841947 0.0375024 ] [0.00932364 0.00924174 0.9432752  0.0058543  0.0069738  0.00557946
 0.00560896 0.00832464 0.00581821] [0.05067333 0.02136254 0.01811699 0.19041087 0.02173306 0.4821339
 0.01481103 0.16114102 0.03961723] [0.01117175 0.87000924 0.07236139 0.0275128  0.00274784 0.00244908
 0.00520175 0.00426769 0.00427844] [0.02501794 0.01633084 0.4550815  0.04620121 0.03060294 0.11343666
 0.02021753 0.27736005 0.01575131] [0.3368483  0.0480257  0.34757477 0.01919343 0.04096406 0.08742375
 0.0538453  0.02546289 0.04066179] [3.3467391e-04 2.3562861e-04 1.4759430e-04 3.9567580e-04 1.9618928e-04
 1.4232399e-03 2.6949108e-04 9.9589783e-01 1.0996414e-03] [9.4017090e-04 2.6261626e-04 3.4392823e-04 5.3408841e-04 2.3896368e-04
 9.9652243e-01 5.5700465e-04 3.4640246e-04 2.5444635e-04] [3.1525691e-04 2.8074344e-04 3.9216850e-04 5.0389708e-04 3.5639698e-04
 1.0055507e-02 9.8616689e-01 4.8304626e-04 1.4460111e-03] [1.0835397e-03 6.6626782e-04 1.3373652e-03 9.1737164e-03 2.1699097e-03
 2.6345777e-03 1.6212483e-03 1.0663179e-03 9.8024702e-01] [0.72224844 0.02959565 0.07219613 0.01950487 0.01954515 0.04994716
 0.02409578 0.04282423 0.02004255] [0.00227998 0.0018276  0.00105484 0.00530347 0.9603447  0.02106425
 0.00179208 0.00145568 0.0048774 ] [1.2949844e-04 1.8886657e-04 3.4644548e-04 1.3178712e-04 9.9808276e-01
 2.2324703e-04 1.6324801e-04 1.6227138e-04 5.7193381e-04] [0.00304242 0.00451215 0.00607638 0.00319613 0.002891   0.01176702
 0.00308017 0.00143191 0.96400285] [4.5359237e-04 3.6146311e-04 9.9539220e-01 5.6224933e-04 3.7133717e-04
 8.5146533e-04 3.5035828e-04 1.4885032e-03 1.6884653e-04] [0.00704584 0.00797464 0.91978675 0.01664612 0.02172073 0.00632954
 0.00546966 0.00704865 0.00797807] [3.0785723e-04 5.0019479e-04 8.4532826e-04 6.3893973e-04 4.3379978e-04
 3.0860137e-03 7.7988103e-04 1.6582196e-03 9.9174970e-01] [0.01328058 0.00598892 0.01523616 0.01744976 0.0297345  0.00859896
 0.02531694 0.00766156 0.8767326 ] [0.00397037 0.00648287 0.00592608 0.00932312 0.9481132  0.0095252
 0.00477746 0.00509156 0.00679017] [0.10885803 0.05931992 0.11844975 0.04271933 0.0712301  0.07667278
 0.06832691 0.39705446 0.05736871] [1.4213254e-03 5.6566345e-04 1.0785037e-02 9.8161376e-01 3.5914974e-04
 1.0320358e-03 6.6550449e-04 9.5976796e-04 2.5977450e-03] [8.38082109e-04 9.47847031e-04 1.20851295e-02 9.67821896e-01
 9.99139156e-04 5.52987354e-03 1.37696904e-03 4.21199854e-03
 6.18901104e-03] [9.7823294e-04 4.3285344e-04 5.9238175e-04 1.7329782e-03 2.0231807e-03
 4.4868636e-04 9.7313849e-04 9.9267232e-01 1.4630365e-04] [0.95985746 0.00243336 0.00341791 0.0058709  0.00658041 0.00640237
 0.00444407 0.00676285 0.00423064] [0.14016654 0.08988084 0.13364029 0.04449976 0.05102303 0.11042093
 0.10835013 0.284555   0.03746348] [2.5051934e-04 1.2312362e-04 1.4151548e-04 1.9365984e-04 9.5410527e-05
 8.3452399e-04 9.9672627e-01 8.6721870e-05 1.5481769e-03] [7.0144277e-04 1.4554030e-04 1.6961207e-04 1.5327209e-04 9.9788290e-01
 2.8538893e-04 2.1297608e-04 2.7896886e-04 1.6985343e-04] [4.6460982e-04 2.9724537e-04 3.4319985e-04 2.7293939e-04 1.6233845e-04
 5.9059332e-04 5.1128410e-04 9.9652702e-01 8.3081971e-04] [0.01554298 0.0052088  0.00842159 0.08049772 0.8325303  0.00984481
 0.01975404 0.02311915 0.00508058] [0.07527173 0.07127077 0.11632326 0.26917347 0.09508947 0.171005
 0.04359509 0.08328711 0.07498408] [4.8863224e-04 6.9592084e-04 1.3442859e-03 1.7544284e-03 6.5626134e-04
 3.2836329e-03 1.0380954e-03 5.0368870e-04 9.9023509e-01] [8.0263941e-04 1.7032858e-03 9.8947048e-01 2.2128418e-03 2.1397471e-03
 1.2348044e-03 9.5939258e-04 6.8068341e-04 7.9611072e-04] [0.00248519 0.00103741 0.00272924 0.00237815 0.00116091 0.9834585
 0.00151831 0.00205388 0.00317836] [5.1627320e-04 7.3342730e-04 9.9668282e-01 9.1164629e-04 2.5734157e-04
 1.9293782e-04 2.3422974e-04 1.8717446e-04 2.8412516e-04] [0.01119323 0.00538811 0.01616741 0.01269626 0.8293177  0.01347034
 0.00779359 0.01401071 0.08996273] [9.9806327e-01 2.6545205e-04 2.6693844e-04 1.5426612e-04 2.7680121e-04
 3.1225738e-04 8.6165615e-05 2.6229391e-04 3.1250346e-04] [2.9668920e-03 2.0673268e-03 8.7681349e-04 9.8345733e-01 2.5660668e-03
 2.3029577e-03 1.4972005e-03 9.6417288e-04 3.3011634e-03] [0.00252343 0.00168879 0.00271312 0.9427877  0.00237229 0.01679387
 0.00242235 0.00744446 0.02125401] [3.9328201e-04 3.0092872e-04 3.1466011e-04 1.9339556e-04 9.9684900e-01
 1.9114425e-04 2.2314720e-04 6.1587751e-04 9.1854396e-04] [9.7769129e-01 1.4591269e-03 1.3548112e-02 8.0978510e-04 2.1197256e-03
 7.8560779e-04 1.6179167e-03 8.2837330e-04 1.1400012e-03] [4.1002251e-04 9.9293476e-01 2.8396219e-03 2.5024061e-04 3.3043826e-04
 2.3221527e-03 1.5676946e-04 5.6619541e-04 1.8981681e-04] [4.6209397e-04 2.8880985e-04 2.2983467e-03 9.9420530e-01 4.8144456e-04
 4.3246310e-04 3.4104940e-04 2.4999154e-04 1.2404937e-03] [0.07781043 0.04561561 0.07242172 0.29802245 0.03077825 0.11158294
 0.05749179 0.09490007 0.21137668] [1.4780236e-03 8.9558179e-04 5.2075079e-03 9.8317516e-01 7.3726458e-04
 5.4210896e-04 8.4681506e-04 6.3166227e-03 8.0091850e-04] [0.018119   0.02354455 0.00605647 0.06537394 0.05019049 0.04579919
 0.02350032 0.01895684 0.7484592 ] [0.00540382 0.00529057 0.00410054 0.01877454 0.0096424  0.07439786
 0.01096697 0.01436158 0.8570617 ] [0.00588282 0.01436668 0.00527776 0.00420525 0.9526871  0.00317478
 0.00334638 0.00568227 0.00537695] [0.03903406 0.0238678  0.02795047 0.06203865 0.07844802 0.5220072
 0.04884586 0.03694778 0.16086015] [7.3980121e-04 2.6513910e-04 2.7820969e-04 3.6016540e-04 9.9662423e-01
 2.4472203e-04 2.8412387e-04 4.9775018e-04 7.0581649e-04] [2.1196000e-04 9.9690551e-01 7.6502305e-04 4.2973363e-04 1.8416124e-04
 1.3547766e-04 5.3974130e-04 2.6546346e-04 5.6297204e-04] [3.6924588e-04 8.5908012e-04 6.6974654e-04 5.6442351e-04 1.6783157e-04
 9.9148881e-01 2.5032173e-04 1.3223329e-03 4.3081781e-03] [7.3970173e-04 7.2358054e-04 5.7768455e-04 1.6676621e-03 1.1275334e-03
 2.6546472e-03 7.9826242e-04 1.6284367e-01 8.2886726e-01] [1.2848200e-03 9.9236906e-01 7.6646247e-04 4.8937293e-04 7.8910840e-04
 1.0228206e-03 9.6789032e-04 1.3001579e-03 1.0103328e-03] [2.1272685e-04 4.2222071e-04 1.3662629e-04 3.1865237e-04 2.5261188e-04
 1.1457507e-03 9.9714774e-01 2.1998349e-04 1.4374695e-04] [3.4972880e-04 2.6093199e-04 3.1437151e-04 2.6567932e-04 1.6061823e-04
 6.5128412e-04 9.9715495e-01 2.3200027e-04 6.1045983e-04] [4.3589869e-04 4.9183134e-04 1.2226340e-04 2.0981701e-04 1.5731512e-04
 3.0130750e-04 9.9778771e-01 1.0867706e-04 3.8519717e-04] [9.1225060e-04 9.9248916e-04 4.0556956e-04 1.6583598e-03 5.4276740e-04
 9.6065854e-04 5.3229195e-04 9.8958302e-01 4.4125775e-03] [0.10285362 0.1453383  0.07204095 0.02881473 0.04869954 0.29946122
 0.08096202 0.182462   0.0393676 ] [0.00443613 0.00179164 0.00117806 0.00138825 0.0019886  0.01142731
 0.00262213 0.00134204 0.9738259 ] [8.4889244e-04 9.3899952e-04 7.3864195e-03 9.8749125e-01 6.7725801e-04
 4.1494047e-04 5.6400639e-04 4.7017881e-04 1.2080214e-03] [0.00893046 0.02380512 0.01612118 0.00849176 0.00535731 0.03735403
 0.00885945 0.00637221 0.8847085 ] [1.0192053e-03 1.6089785e-03 9.8913878e-01 2.7915013e-03 8.9103170e-04
 1.7654126e-03 1.4587960e-03 8.6302974e-04 4.6328109e-04] [0.13895202 0.31794414 0.07469236 0.11978704 0.08440302 0.04582825
 0.13080238 0.05368555 0.03390522] [0.00355131 0.00608534 0.00163949 0.0041952  0.9668728  0.00583119
 0.00211396 0.00389567 0.00581501] [0.02149843 0.852935   0.02556684 0.0079131  0.00770108 0.06528018
 0.0058555  0.00642018 0.00682972] [0.02260969 0.01410975 0.12674895 0.00891867 0.01783402 0.7325546
 0.01065535 0.01816986 0.04839908] [3.4825146e-04 8.4360118e-04 2.4691771e-03 9.8373020e-01 8.0344669e-04
 7.3279226e-03 1.2441196e-03 4.1842015e-04 2.8148172e-03] [0.015016   0.01110235 0.01363809 0.03703367 0.01176493 0.01560707
 0.01506624 0.862856   0.01791571] [1.5046460e-03 3.6650751e-04 7.0536374e-03 9.8795277e-01 3.8301456e-04
 7.4183493e-04 3.1742518e-04 9.0176280e-04 7.7836512e-04] [0.04369655 0.24911867 0.08046074 0.24154253 0.0448712  0.03619677
 0.08142369 0.0507387  0.17195119] [0.01204863 0.01085582 0.0098153  0.0069927  0.0085394  0.02910644
 0.02259035 0.00963304 0.89041835] [0.0103648  0.01095494 0.0361217  0.02999151 0.00866049 0.012978
 0.07919583 0.01564787 0.7960849 ] [0.00998774 0.02144911 0.01577698 0.01650823 0.01920682 0.04256729
 0.02985318 0.80212927 0.04252134] [0.01456405 0.04062051 0.01828374 0.0781308  0.01727724 0.2707478
 0.02616565 0.01419953 0.52001065] [0.05368011 0.37547567 0.21295275 0.04305364 0.03882467 0.08594326
 0.09056874 0.08001322 0.01948789] [1.6856346e-03 5.5492262e-04 1.0179069e-03 9.4776624e-04 1.4466982e-03
 2.5230155e-03 1.3587958e-03 9.8460847e-01 5.8567845e-03] [1.79828552e-04 4.48078179e-04 1.13322376e-03 1.76443544e-04
 9.97165740e-01 3.57510202e-04 2.35602813e-04 2.00282157e-04
 1.03223916e-04] [3.1355684e-04 5.6627474e-04 1.0346078e-03 2.7515471e-03 1.8512861e-04
 6.6761341e-04 2.0749602e-04 9.9387121e-01 4.0257577e-04] [0.0020264  0.00165825 0.01794046 0.00223725 0.00177764 0.00914197
 0.00386078 0.0037565  0.9576007 ] [0.00426137 0.02301601 0.00962907 0.02993823 0.01063013 0.04262989
 0.01109156 0.008936   0.8598677 ] [5.5562973e-04 8.9126691e-04 1.0347415e-03 3.1250776e-04 9.9587303e-01
 2.3180146e-04 3.7081039e-04 2.1934239e-04 5.1084161e-04] [0.00670901 0.01318363 0.01657946 0.8368359  0.00749208 0.05931076
 0.02695015 0.00757777 0.02536127] [0.0042809  0.94138235 0.01508399 0.00623517 0.00555602 0.00725368
 0.008307   0.00820002 0.00370089] [3.7329339e-03 1.7709034e-03 3.0330585e-03 2.4101427e-03 1.3974819e-03
 9.7718951e-04 9.7845739e-01 1.5736710e-03 6.6472082e-03] [0.08267299 0.17509519 0.03365362 0.41459116 0.04367538 0.0659386
 0.05760112 0.04407905 0.0826929 ]",0 4 0 4 4 1 0 3 7 0 2 2 8 0 5 6 6 3 4 1 1 8 6 4 3 0 6 7 0 1 6 3 0 5 2 2 3 6 6 7 6 7 7 8 5 6 2 0 5 7 5 2 2 3 2 2 5 0 7 6 1 4 6 5 6 0 8 8 5 0 3 1 7 4 0 4 7 6 7 7 5 0 2 3 1 7 5 4 5 3 4 0 0 3 2 0 1 4 1 7 1 1 2 0 4 1 6 3 8 1 2 2 2 5 6 8 6 0 7 8 5 1 6 5 0 7 7 8 5 7 5 2 2 5 1 2 5 7 5 6 8 0 4 4 8 2 2 8 8 4 6 3 3 7 0 1 6 4 7 4 2 8 2 5 2 4 0 3 3 4 0 1 3 3 3 8 3 4 5 4 1 5 8 1 6 6 6 7 5 8 3 8 2 1 4 1 8 3 1 3 3 8 8 7 8 1 7 4 7 8 8 4 3 1 6 5
1468,2,xgboost,0.02,30000,30000,0.8935185185185185,0.9891010802469135,"[1.4576546e-04 2.1922321e-04 4.0878128e-04 9.9736339e-01 2.5403308e-04
 6.6080625e-04 1.9325598e-04 1.5941392e-04 5.9528422e-04] [0.00201204 0.00322691 0.00200393 0.00520931 0.00300295 0.02980165
 0.00742435 0.86170495 0.08561394] [0.02768347 0.02684544 0.02251067 0.12332865 0.05873529 0.25784048
 0.13466163 0.03030805 0.3180863 ] [2.4520021e-04 5.3708476e-04 3.5833850e-04 2.5526542e-04 2.1168827e-04
 8.7753811e-04 1.1878770e-03 9.9541193e-01 9.1504079e-04] [9.9766845e-01 6.2357250e-04 2.7291037e-04 1.3262009e-04 2.4295197e-04
 2.5612337e-04 3.9995468e-04 2.2951832e-04 1.7383705e-04] [7.0570539e-05 1.6184826e-04 9.9847823e-01 9.3286544e-05 1.0087344e-04
 8.0104888e-05 6.2775289e-05 8.9845981e-04 5.3862721e-05] [2.7516015e-02 2.2150211e-04 2.8159709e-03 3.2966537e-04 2.4962172e-04
 5.6336954e-04 9.6749955e-01 3.9700131e-04 4.0732801e-04] [1.6689765e-04 3.6949888e-04 4.7716810e-04 1.4343418e-04 9.9780697e-01
 3.6896454e-04 1.5172803e-04 2.3359954e-04 2.8179926e-04] [9.2691631e-04 1.2963628e-03 6.5701228e-04 6.5214285e-03 1.2852082e-03
 2.1683207e-02 9.6450305e-01 1.7497843e-03 1.3769933e-03] [7.2307064e-04 4.7501057e-04 9.4818737e-04 1.0944384e-03 7.0306263e-04
 1.8377751e-03 5.9444481e-04 9.9272859e-01 8.9541409e-04] [0.00708824 0.0351787  0.89226645 0.00303902 0.01163765 0.00848964
 0.01317179 0.0249315  0.00419709] [9.9746007e-01 2.0692858e-04 1.9944565e-04 1.8096079e-04 2.3400162e-04
 6.6324457e-04 3.7456458e-04 4.6570634e-04 2.1515711e-04] [0.04431506 0.07209424 0.17794631 0.09422439 0.09062197 0.0737197
 0.03673337 0.07620674 0.3341382 ] [0.04670675 0.04783212 0.03843836 0.07366221 0.0348052  0.11481812
 0.3933317  0.03467157 0.21573395] [0.05650013 0.03023938 0.01310607 0.18173341 0.03527272 0.18577987
 0.0254914  0.08294517 0.38893187] [9.9872041e-01 2.4983907e-04 7.2257106e-05 9.5537966e-05 1.7967487e-04
 2.9064153e-04 2.1827084e-04 8.3416606e-05 8.9970541e-05] [0.05449727 0.03971875 0.07797164 0.02817474 0.09091979 0.05604482
 0.08419508 0.0487701  0.5197078 ] [0.04130871 0.09282454 0.07440263 0.11461027 0.06553103 0.15174292
 0.04141265 0.3364654  0.08170184] [1.9074518e-04 8.0475809e-05 1.2120431e-04 9.9406199e-05 8.3220250e-05
 6.8852074e-05 9.9910319e-01 9.9171848e-05 1.5377243e-04] [0.06997514 0.12510945 0.06018674 0.04009868 0.04115425 0.33691677
 0.06163239 0.10466998 0.1602566 ] [4.7117003e-04 6.4420840e-04 6.8024284e-04 3.8343272e-01 4.6029288e-04
 1.0705373e-03 4.0762778e-03 1.0236455e-03 6.0814089e-01] [1.8830293e-04 2.2301087e-04 8.8826193e-05 1.5450252e-04 1.1983220e-04
 2.7630394e-04 1.3876658e-04 9.9864656e-01 1.6388790e-04] [0.00629691 0.00341738 0.00441474 0.00714171 0.96935004 0.00180298
 0.00139231 0.00364382 0.00254015] [8.9592737e-04 1.3974323e-03 9.8085785e-01 4.0209508e-03 8.9376146e-04
 7.3243579e-04 1.8629613e-03 8.3910255e-03 9.4772928e-04] [0.00911156 0.00313503 0.97782034 0.00105448 0.00288011 0.00226152
 0.00135208 0.00107514 0.00130981] [4.8300708e-04 2.3532051e-03 9.9182457e-01 9.0137613e-04 7.7303831e-04
 7.8235206e-04 6.8810029e-04 9.4507606e-04 1.2492529e-03] [0.00519654 0.00745312 0.00205039 0.00215219 0.9730592  0.00388286
 0.00250174 0.0016587  0.0020453 ] [0.00258777 0.00383954 0.00237058 0.00280096 0.9777004  0.00224975
 0.00257109 0.00272826 0.00315168] [8.7932960e-05 9.9208730e-05 9.9869531e-01 4.8210614e-04 9.2628135e-05
 1.0673305e-04 1.0031663e-04 2.1466844e-04 1.2108749e-04] [0.004871   0.00928941 0.12464938 0.8204974  0.00380574 0.02769935
 0.00294252 0.00144599 0.00479919] [6.7228568e-04 9.8296493e-01 1.0821244e-02 6.2040269e-04 8.9841656e-04
 9.2817633e-04 1.2307755e-03 1.1690303e-03 6.9472665e-04] [0.00769908 0.00381764 0.02140615 0.9197789  0.01316535 0.01086385
 0.00835777 0.00578381 0.00912739] [9.9824333e-01 1.5769480e-04 2.8200587e-04 4.8267079e-04 1.2156389e-04
 2.4669670e-04 1.3137085e-04 1.2088757e-04 2.1375106e-04] [0.02327688 0.04268853 0.07719296 0.7185985  0.02014311 0.04462062
 0.02218872 0.0200624  0.03122831] [4.4768376e-04 4.9123348e-04 1.8496356e-03 9.8991871e-01 2.9869901e-04
 5.5987374e-03 3.0821894e-04 4.7253026e-04 6.1455095e-04] [2.5879723e-04 9.9484962e-01 6.3217035e-04 1.2280915e-03 4.6897781e-04
 3.8888989e-04 5.0306175e-04 2.8450324e-04 1.3859210e-03] [4.67903970e-04 9.96264517e-01 1.66668836e-03 1.29710548e-04
 2.50098761e-04 2.32790000e-04 1.04405626e-04 5.20456757e-04
 3.63406027e-04] [0.00206406 0.9691957  0.01162917 0.00460588 0.00247662 0.0018683
 0.00110594 0.00291952 0.00413482] [9.9709761e-01 5.6566618e-04 2.0865657e-04 2.6986617e-04 2.3909957e-04
 1.5027505e-04 2.0782286e-04 3.4190659e-04 9.1912615e-04] [0.00356346 0.00544925 0.00676616 0.8567691  0.00588266 0.00768635
 0.00987893 0.01438184 0.08962232] [0.03576715 0.08815102 0.14967035 0.1440393  0.07940546 0.12782903
 0.06575101 0.25440067 0.05498602] [6.7479041e-04 4.5712542e-04 1.4074151e-04 4.7168290e-04 2.4429688e-04
 9.9557805e-01 3.7703841e-04 5.4503221e-04 1.5113017e-03] [3.1117143e-03 3.9935962e-04 4.4715387e-04 4.4690678e-04 9.9399573e-01
 4.6238650e-04 4.1877539e-04 5.1211129e-04 2.0594535e-04] [3.2457468e-04 1.7546148e-04 1.7562555e-04 2.0692644e-03 2.3933068e-04
 3.4549163e-04 3.7016298e-04 9.9557459e-01 7.2546728e-04] [3.6390257e-04 2.3892720e-04 9.9661833e-01 7.2597404e-04 1.9136848e-04
 3.8309503e-04 2.4708113e-04 7.9374854e-04 4.3757417e-04] [5.3830154e-04 4.7673818e-04 7.4062857e-04 4.8701992e-04 6.4774894e-04
 9.9195898e-01 6.5242412e-04 5.5414200e-04 3.9439942e-03] [1.8532867e-04 2.9554887e-04 2.6269993e-04 2.2273719e-04 9.9725455e-01
 5.1577785e-04 1.6249168e-04 1.5900830e-04 9.4188238e-04] [1.7617696e-03 1.8766418e-04 1.1386251e-04 4.8303659e-04 2.9699455e-04
 9.9252758e-04 9.9402964e-01 8.7839790e-04 1.2560959e-03] [0.01810824 0.02040114 0.02828139 0.00820782 0.01672597 0.8203668
 0.01811436 0.02096184 0.04883251] [0.0035255  0.00384499 0.00420317 0.01341285 0.01010971 0.01082724
 0.9311577  0.00574776 0.0171711 ] [0.01359883 0.01628445 0.01006402 0.01699047 0.01794115 0.03458321
 0.01632459 0.02815132 0.84606194] [9.6481846e-05 2.2451683e-04 9.1781243e-05 3.0157954e-04 2.1265242e-04
 8.0989144e-04 1.3619283e-04 9.9717063e-01 9.5628673e-04] [0.03915007 0.20657891 0.11096348 0.12602375 0.03004673 0.40358764
 0.02159472 0.02611339 0.03594132] [2.4831460e-03 5.1589240e-04 4.2304400e-04 9.0095925e-04 5.9120283e-03
 4.8342687e-03 1.4948912e-03 8.0169854e-04 9.8263413e-01] [0.06211545 0.05578306 0.01770514 0.07805035 0.05270239 0.2712947
 0.05863165 0.2067791  0.19693814] [0.09592655 0.0460279  0.00915743 0.01916219 0.01102795 0.01133078
 0.01836979 0.74799675 0.04100062] [7.1623758e-04 9.9514550e-01 7.4896874e-04 2.9743148e-04 8.7322562e-04
 5.2176713e-04 4.6087083e-04 5.5412197e-04 6.8190572e-04] [0.02133095 0.02927627 0.06739886 0.14726803 0.03963766 0.11314213
 0.21567005 0.01152459 0.3547515 ] [0.03770769 0.01860086 0.03253106 0.0309565  0.03310509 0.18127248
 0.03577412 0.02070223 0.60934997] [1.1545394e-03 8.3332891e-03 1.8834536e-03 2.7872908e-03 9.7727066e-01
 3.0065046e-03 2.3507285e-03 2.3120362e-03 9.0152520e-04] [1.8991741e-04 5.8017450e-04 9.2148708e-05 1.3325771e-04 9.9793810e-01
 2.7747557e-04 5.2696076e-04 1.0852885e-04 1.5340107e-04] [0.00621641 0.01067354 0.00298416 0.00774306 0.00438273 0.00370512
 0.00313262 0.95700485 0.00415752] [4.4306932e-04 1.5084899e-03 7.0236856e-04 3.3773223e-03 5.1102781e-04
 2.7656641e-03 9.8796403e-01 1.4837923e-03 1.2441922e-03] [0.01745306 0.01436354 0.26970115 0.6153231  0.0061864  0.00700696
 0.00457466 0.05935783 0.00603323] [0.29655832 0.24737401 0.26029667 0.03583394 0.01511599 0.02371398
 0.02006064 0.05645898 0.04458746] [0.10424858 0.0278309  0.5661981  0.07295853 0.0247847  0.04890592
 0.02667296 0.06056686 0.06783342] [0.0107565  0.0190299  0.66673166 0.22403213 0.01993704 0.023167
 0.01936891 0.0108861  0.00609079] [5.89325093e-04 9.76669669e-01 1.41777415e-02 5.18546789e-04
 7.22084485e-04 3.93379619e-03 1.99437444e-03 7.77661451e-04
 6.16855803e-04] [1.7478713e-04 5.3825957e-04 9.9770480e-01 4.7798135e-04 1.6614643e-04
 1.8700612e-04 4.6460694e-04 1.6219770e-04 1.2426681e-04] [0.00522879 0.00131728 0.00818513 0.003151   0.00523412 0.00172634
 0.00677821 0.96711206 0.00126708] [9.6914333e-01 2.9373243e-02 2.3561963e-04 1.7563951e-04 2.3503769e-04
 1.6108736e-04 2.8197639e-04 1.3268997e-04 2.6143171e-04] [8.94251207e-05 3.29393399e-04 6.93887196e-05 2.34587715e-04
 2.66570074e-04 2.23111158e-04 9.98503208e-01 1.75909852e-04
 1.08386994e-04] [1.82176736e-04 1.92671680e-04 7.84013755e-05 1.02614562e-04
 9.71102490e-05 9.98711944e-01 1.59755858e-04 1.20237164e-04
 3.55128519e-04] [4.8113274e-04 1.9807511e-04 4.7144247e-04 3.2985219e-04 2.3612373e-04
 8.4439421e-04 4.7476433e-04 9.9651730e-01 4.4684787e-04] [0.00648178 0.03682155 0.00903979 0.02620803 0.01020449 0.7453554
 0.10124667 0.02970931 0.03493297] [9.5403113e-05 2.7128719e-04 1.4473576e-04 5.9376471e-04 8.5676264e-05
 5.8300036e-04 9.9727064e-01 1.5541051e-04 8.0005155e-04] [9.9000937e-01 1.2643491e-03 7.6515891e-04 1.9379541e-03 3.8903157e-04
 6.3890213e-04 3.9619597e-04 3.8107520e-04 4.2178989e-03] [6.0576055e-04 4.8100958e-03 8.5490965e-04 1.8650225e-03 6.8593241e-04
 2.3462297e-03 1.0435466e-03 9.8655128e-01 1.2372130e-03] [1.8693799e-04 1.5466233e-03 9.2735427e-04 4.6164903e-04 1.8011408e-04
 3.1833752e-04 2.1533962e-04 9.9583578e-01 3.2781117e-04] [9.1708836e-04 9.8133904e-01 1.6131574e-02 1.2610776e-04 1.5907496e-04
 1.9538062e-04 3.9301615e-04 3.3060109e-04 4.0812921e-04] [0.0022632  0.00197862 0.9657936  0.01423528 0.00136105 0.00772589
 0.0013897  0.00213344 0.00311925] [3.1153075e-04 9.9574924e-01 5.4623443e-04 9.1270875e-04 5.0851417e-04
 1.0417617e-03 4.0572704e-04 3.5460657e-04 1.6968012e-04] [7.5263763e-04 1.3561497e-03 1.0829447e-03 9.8088791e-04 5.8327185e-04
 5.7607144e-04 9.1571669e-04 9.9210465e-01 1.6476866e-03] [9.9888688e-01 2.7892058e-04 1.4602460e-04 1.4538664e-04 9.9819823e-05
 1.0689779e-04 8.6468957e-05 5.9561899e-05 1.9007474e-04] [0.04009064 0.04752525 0.02494631 0.04024153 0.02637343 0.6767664
 0.02265282 0.02297297 0.09843069] [0.03040815 0.12178526 0.07111321 0.08970366 0.06354246 0.21786231
 0.09739696 0.14783463 0.16035339] [0.13186434 0.01032192 0.00201943 0.00229478 0.00356654 0.00170725
 0.00493214 0.00187762 0.841416  ] [0.04313839 0.1589271  0.04716662 0.11790461 0.06841985 0.24166292
 0.13137355 0.02885268 0.16255431] [1.4548260e-03 1.4534767e-03 8.2495942e-04 1.2320089e-03 1.0429756e-03
 3.7551259e-03 9.7622824e-01 7.2848180e-04 1.3279976e-02] [3.0751203e-03 4.0048058e-03 1.0257600e-03 3.6779951e-04 9.5153559e-04
 1.2431159e-03 9.8828530e-01 8.4466074e-04 2.0191782e-04] [1.6409103e-04 2.0776964e-04 9.3320454e-04 1.8991702e-04 3.2266037e-04
 1.9860905e-04 1.1781301e-04 9.9755931e-01 3.0664544e-04] [9.9879164e-01 3.2481304e-04 7.6579563e-05 8.4588028e-05 1.1575393e-04
 1.8385923e-04 1.5951907e-04 1.3126625e-04 1.3205364e-04] [1.2736538e-03 6.0192388e-03 1.9032357e-03 2.5855165e-03 9.8253834e-01
 1.7695399e-03 1.4135233e-03 7.4440858e-04 1.7525329e-03] [3.1047736e-04 2.1000819e-03 2.9825474e-04 2.0987964e-04 9.9447316e-01
 1.5170919e-03 4.8579893e-04 2.4329289e-04 3.6198643e-04] [5.7148881e-04 9.6426612e-01 2.4629643e-02 1.2088811e-03 2.2454618e-03
 2.5898227e-03 1.0273652e-03 1.4508038e-03 2.0103902e-03] [0.9180597  0.01513239 0.00672465 0.00628965 0.01108332 0.00429507
 0.01408257 0.0080577  0.01627498] [0.04443043 0.00416304 0.00242391 0.0025925  0.00536541 0.0027525
 0.00380756 0.92874706 0.00571759] [0.05119798 0.20657854 0.5126273  0.02290111 0.02130596 0.05185158
 0.02315448 0.07134625 0.03903678] [0.00148508 0.00265872 0.00107449 0.00302049 0.00093387 0.0037215
 0.00594092 0.6537958  0.32736915] [0.00920767 0.00957442 0.00277847 0.89898556 0.01277421 0.0173637
 0.00615731 0.00941898 0.03373963] [7.6921214e-04 9.9535757e-01 4.4170598e-04 4.7693256e-04 1.5813400e-03
 2.3061677e-04 4.1674124e-04 3.2466708e-04 4.0120041e-04] [0.00189776 0.06143057 0.00346049 0.0187548  0.00342758 0.04595895
 0.8514662  0.00414147 0.00946221] [2.1445078e-03 9.8473293e-01 4.3178056e-03 1.1009155e-03 1.5776767e-03
 2.0485257e-03 2.2267967e-03 8.4403838e-04 1.0067924e-03] [0.01054774 0.02282118 0.0086544  0.00907915 0.01204252 0.8295882
 0.01497965 0.01812241 0.07416478] [0.00483688 0.00425091 0.0040954  0.9330401  0.01253282 0.00605805
 0.00873728 0.01365291 0.01279567] [9.8066807e-01 3.8474258e-03 3.8752398e-03 1.9523540e-03 2.1398696e-03
 2.6254538e-03 8.8588573e-04 2.5734934e-03 1.4322030e-03] [5.0444491e-03 9.1474067e-04 4.2239571e-04 2.2387321e-03 9.8739678e-01
 8.3271367e-04 5.4412318e-04 1.3221726e-03 1.2838674e-03] [0.01594317 0.01003442 0.00841799 0.02547728 0.00803523 0.8394395
 0.03264316 0.0132797  0.04672958] [5.4179615e-04 3.8305501e-04 9.9734575e-01 3.9769418e-04 2.8891425e-04
 2.9528994e-04 2.7353020e-04 2.9016702e-04 1.8381891e-04] [0.00609102 0.01130268 0.01600109 0.00724586 0.94425875 0.00461005
 0.00245313 0.00370928 0.00432815] [0.0345441  0.03739914 0.09588088 0.157212   0.08002383 0.2653494
 0.04546424 0.13142787 0.15269856] [0.01527389 0.02101691 0.022347   0.06636585 0.01430592 0.81103
 0.01119309 0.01691248 0.0215549 ] [3.3015938e-04 3.9833708e-04 3.8689261e-04 1.2096352e-03 5.1115220e-04
 1.5070236e-03 9.9471813e-01 3.7579524e-04 5.6293968e-04] [1.35730035e-04 2.34005274e-04 1.42067205e-04 2.66285089e-04
 9.98314977e-01 2.31696933e-04 2.95832375e-04 2.66826770e-04
 1.12630005e-04] [0.19627136 0.20622534 0.02869973 0.08629605 0.08134927 0.25089592
 0.03785656 0.02798603 0.08441973] [0.00874925 0.0131553  0.00595638 0.02161578 0.00957251 0.06661063
 0.01403237 0.01866952 0.84163827] [2.1503307e-04 2.6852181e-04 1.4406367e-04 1.1651331e-04 2.1241601e-04
 9.9832255e-01 2.6952446e-04 1.1604812e-04 3.3532878e-04] [0.00446563 0.0037256  0.00680214 0.04881725 0.00844236 0.04518714
 0.00487056 0.00395157 0.8737377 ] [0.03885219 0.14902183 0.0939857  0.19528264 0.03584247 0.3027158
 0.05977903 0.0270806  0.0974397 ] [0.00677665 0.03614058 0.8923847  0.00372622 0.00523243 0.00760909
 0.03302521 0.006483   0.00862216] [2.1264730e-04 7.0768851e-04 4.3757886e-05 4.5717694e-04 3.7076583e-04
 8.9760084e-04 9.9638224e-01 2.9696419e-04 6.3117978e-04] [6.7566028e-03 9.4620532e-01 3.2649327e-02 2.0931938e-03 4.9023503e-03
 1.0912116e-03 2.1690056e-03 8.8780420e-04 3.2451756e-03] [3.5206243e-04 1.5725030e-03 1.7658566e-04 3.5660705e-04 9.9520123e-01
 4.4201879e-04 5.8219407e-04 9.2889590e-04 3.8786817e-04] [1.5087888e-03 6.0355634e-04 2.7154505e-04 1.5716910e-03 3.6607526e-04
 9.9444550e-01 2.5117956e-04 2.4403482e-04 7.3771272e-04] [0.03080075 0.02190283 0.02088646 0.01749207 0.0330333  0.7470465
 0.02766332 0.02995207 0.07122268] [0.03342857 0.02027127 0.02066893 0.49880505 0.03871564 0.08158562
 0.06548552 0.01929132 0.22174802] [0.00985781 0.00282364 0.01127416 0.9436305  0.00230048 0.01220726
 0.00485467 0.00322519 0.00982633] [1.3313785e-02 9.7645694e-01 9.8035019e-04 5.4132484e-04 8.4937684e-04
 9.8913931e-04 4.2989512e-04 5.1050414e-03 1.3341779e-03] [0.88482004 0.0338659  0.01944321 0.01407989 0.00798068 0.00464258
 0.01849927 0.0043399  0.01232856] [1.9362443e-03 2.8059385e-03 2.4994237e-03 9.8159891e-01 1.1502948e-03
 2.9652957e-03 1.6775106e-03 9.3385822e-04 4.4324836e-03] [9.9523419e-01 5.4828968e-04 1.0994831e-03 8.6996891e-04 2.2844749e-04
 4.7875586e-04 3.8748686e-04 6.4152532e-04 5.1191606e-04] [0.12684806 0.10715159 0.09052618 0.06352359 0.06731845 0.11085734
 0.08286603 0.16802822 0.18288054] [2.6944518e-04 3.7908513e-04 7.4580363e-05 3.4479247e-04 1.7472156e-04
 2.8771877e-03 9.9401951e-01 1.9529334e-04 1.6653925e-03] [1.2583860e-04 2.2843959e-04 7.4613672e-05 8.5949001e-04 2.9937745e-04
 9.9754673e-01 4.6866635e-04 2.0149670e-04 1.9531834e-04] [0.06306195 0.2344609  0.04722728 0.05007761 0.0428042  0.04995401
 0.06512235 0.23341817 0.21387355] [0.00287677 0.00369161 0.01201894 0.9548917  0.00178319 0.00483559
 0.01398895 0.00206584 0.0038474 ] [0.01513211 0.00522536 0.00399151 0.00394139 0.0041273  0.02150465
 0.00625621 0.84787893 0.09194252] [0.497739   0.06518321 0.17280678 0.02532284 0.06355872 0.04069143
 0.04937178 0.02913474 0.05619153] [0.04322471 0.00982681 0.4546185  0.408995   0.02516473 0.00687817
 0.03162525 0.00930432 0.01036245] [0.00671649 0.01309383 0.02067713 0.01242794 0.00901532 0.01493822
 0.0081163  0.00822628 0.9067885 ] [1.8913066e-03 9.7975414e-04 3.4741193e-04 1.4143789e-03 1.7049208e-03
 9.7530603e-01 1.1545855e-03 1.0423636e-03 1.6159277e-02] [0.00982074 0.02399696 0.02709707 0.02156281 0.01904308 0.02628652
 0.00989849 0.00591471 0.85637957] [0.00395369 0.00415553 0.00707384 0.0109987  0.8760266  0.00463512
 0.00371107 0.05306187 0.0363836 ] [3.6078866e-04 9.9824464e-01 3.0278089e-04 2.8047586e-04 1.9227652e-04
 2.3283393e-04 1.5587074e-04 1.0777488e-04 1.2261113e-04] [0.0178209  0.02406435 0.6034167  0.06951171 0.03653784 0.01956403
 0.00819954 0.02581505 0.1950699 ] [8.4282964e-04 1.2752347e-03 6.5682124e-04 3.1529071e-03 1.5553350e-03
 1.7985973e-03 1.5912564e-03 1.7617188e-03 9.8736531e-01] [0.0024208  0.00158437 0.00147145 0.00317308 0.95483863 0.01797708
 0.00216968 0.01032757 0.00603729] [0.03368023 0.00557121 0.90551805 0.00404388 0.00809358 0.00658806
 0.01869293 0.00504602 0.01276602] [0.2770295  0.56574064 0.04958951 0.00789533 0.00947527 0.01852041
 0.01367782 0.02511725 0.0329542 ] [1.95032393e-04 3.97723023e-04 2.30654463e-04 2.90444499e-04
 9.97540832e-01 1.17601696e-04 1.60539785e-04 3.26516893e-04
 7.40711810e-04] [9.9722219e-01 6.5050839e-04 4.1944557e-04 4.0602058e-04 2.1162895e-04
 2.2223474e-04 2.8919298e-04 3.5147739e-04 2.2735284e-04] [8.6669682e-04 1.4540667e-03 8.9274737e-04 1.1650170e-03 7.0551218e-04
 7.6442043e-04 1.7560849e-03 9.9215549e-01 2.3998314e-04] [0.04380473 0.31089756 0.02020097 0.1380603  0.02176291 0.05814261
 0.01850701 0.12248635 0.2661376 ] [6.5977027e-04 9.8833930e-01 1.1617561e-03 3.9206301e-03 2.1743528e-03
 7.1469188e-04 5.4412993e-04 2.2059118e-03 2.7944852e-04] [3.0686439e-03 2.0500759e-03 2.2307420e-03 8.0909318e-04 9.8435658e-01
 1.1592732e-03 8.7848649e-04 3.2127062e-03 2.2344296e-03] [4.5248427e-04 5.1653106e-04 2.9439556e-03 9.9168760e-01 4.5219890e-04
 1.5669691e-03 1.1275465e-03 6.5811048e-04 5.9463014e-04] [9.9831235e-01 2.6608133e-04 1.5335705e-04 1.3511571e-04 2.9086962e-04
 1.2135742e-04 1.5796324e-04 9.9530538e-05 4.6333988e-04] [0.02065421 0.02659083 0.74137574 0.0596463  0.02445083 0.03716581
 0.03761512 0.03269714 0.01980397] [2.6163770e-04 1.2245077e-04 1.2310894e-04 2.2804932e-04 8.8159213e-05
 9.9836725e-01 1.6830977e-04 2.0640573e-04 4.3458794e-04] [8.7987212e-04 2.9668368e-03 9.9110121e-01 1.3310021e-03 6.8037136e-04
 5.7415559e-04 5.5787014e-04 1.3314338e-03 5.7732069e-04] [5.1951082e-04 5.0062372e-04 2.0312448e-03 1.7823928e-04 9.9534142e-01
 7.2194287e-04 1.8923634e-04 2.7374798e-04 2.4399135e-04] [0.01520205 0.00824864 0.08582632 0.8456496  0.00691589 0.01018715
 0.00805833 0.00427629 0.01563578] [0.02422183 0.01936018 0.03175926 0.31112546 0.06230467 0.08783555
 0.01917013 0.01539377 0.42882913] [9.6645381e-05 9.1075592e-05 1.7977727e-04 2.3104408e-04 4.7045958e-04
 3.2089470e-04 8.8723842e-05 9.9832183e-01 1.9952339e-04] [0.04735852 0.06283479 0.02001604 0.04372681 0.0232654  0.03399804
 0.01485544 0.02540622 0.72853875] [1.2052093e-03 7.8012142e-04 3.4618124e-04 1.7019719e-03 4.1788246e-04
 5.7904469e-03 9.9500432e-04 4.0864467e-04 9.8835456e-01] [4.4529821e-04 9.8612958e-01 9.0726856e-03 9.4739464e-04 7.0919271e-04
 5.3366681e-04 7.2293164e-04 1.1887026e-03 2.5048648e-04] [0.0667939  0.04220522 0.05489492 0.0609165  0.10500061 0.1940075
 0.07973272 0.07866567 0.31778297] [9.9646592e-01 5.2152551e-04 1.8269090e-04 2.7686893e-04 3.9000050e-04
 5.3389312e-04 1.3545112e-03 1.5315445e-04 1.2145721e-04] [9.98617172e-01 5.39073779e-04 1.00367055e-04 1.27490683e-04
 1.16541363e-04 1.20930199e-04 1.71910724e-04 1.10515321e-04
 9.59728932e-05] [0.00146812 0.89989346 0.07064225 0.00336998 0.00283566 0.01212424
 0.00326106 0.00202288 0.00438236] [4.7729394e-04 9.6785737e-04 5.5912306e-04 9.8845518e-01 6.8378396e-04
 4.8307627e-03 6.9598487e-04 5.5534759e-04 2.7746588e-03] [1.9082121e-03 9.8863435e-01 3.9722929e-03 4.8232047e-04 4.5242760e-04
 1.3433204e-03 1.4024725e-03 1.3548598e-03 4.4979510e-04] [1.0866748e-04 2.3680356e-04 1.4011828e-04 2.8551775e-03 1.9376600e-04
 4.2470163e-04 9.9517113e-01 1.4462732e-04 7.2500488e-04] [6.6576077e-04 1.1655668e-03 7.9068658e-04 2.0090549e-03 6.3445838e-04
 4.3017124e-03 9.8597229e-01 1.6013130e-03 2.8591703e-03] [7.5321738e-04 1.3389823e-03 6.3631282e-04 1.2995448e-03 9.9151528e-01
 1.2123594e-03 8.8496425e-04 1.7805860e-03 5.7877466e-04] [0.04966515 0.01711882 0.08393729 0.05140354 0.03962145 0.5796502
 0.04051257 0.01353408 0.12455692] [0.00148944 0.00206751 0.01591669 0.00164486 0.9687048  0.00100287
 0.00325737 0.00358129 0.00233511] [9.4804121e-04 6.9713674e-04 9.8905820e-01 2.1183346e-03 2.8772680e-03
 8.0577435e-04 8.3154941e-04 1.8759576e-03 7.8778702e-04] [0.00214377 0.9370438  0.04179259 0.00277929 0.00285231 0.00347252
 0.00273911 0.00254157 0.00463507] [0.02281847 0.02408291 0.7208811  0.01553924 0.01212757 0.07546934
 0.01572289 0.0110857  0.10227279] [0.03642825 0.04649235 0.0453508  0.11679156 0.03868117 0.14813079
 0.08963972 0.03369046 0.44479492] [3.0966429e-04 1.1499330e-04 8.0420330e-05 4.3718208e-04 5.2301120e-04
 9.9735332e-01 3.0276709e-04 1.9004138e-04 6.8865134e-04] [1.3729495e-03 9.6496272e-01 2.6135886e-02 9.5185410e-04 1.1755091e-03
 5.7243533e-04 1.3261514e-03 1.2085034e-03 2.2939618e-03] [1.1308034e-04 3.3431410e-04 1.9439207e-04 1.3216902e-04 1.7192318e-04
 9.1516318e-05 2.0490229e-04 9.9845612e-01 3.0160655e-04] [9.9768734e-01 2.6184527e-04 1.0552803e-03 1.1135611e-04 2.0727914e-04
 2.2237295e-04 1.1599097e-04 1.6114967e-04 1.7734090e-04] [3.8521114e-04 4.3502654e-04 5.9658085e-04 1.9447232e-04 4.8090334e-04
 5.8236328e-04 9.9545717e-01 5.5372436e-04 1.3146050e-03] [2.7010142e-04 4.2982993e-04 3.7710695e-04 3.1833287e-04 3.3890622e-04
 4.9475621e-04 2.3811581e-04 9.9638355e-01 1.1492309e-03] [0.00524718 0.00350957 0.0033921  0.01290768 0.0085262  0.85017085
 0.00377874 0.01344716 0.09902053] [0.00413959 0.13998133 0.8236587  0.00744082 0.00325607 0.0043107
 0.00441347 0.00808236 0.004717  ] [0.00800485 0.92514235 0.03550269 0.00195952 0.00221111 0.0197797
 0.00221163 0.0022823  0.0029059 ] [0.00236702 0.00287022 0.00181521 0.00194132 0.001875   0.00318206
 0.00206752 0.00239579 0.9814859 ] [0.09188915 0.00486409 0.00570129 0.02005256 0.00412399 0.0655277
 0.79016626 0.0061755  0.01149947] [0.09269101 0.07607945 0.12222233 0.0214685  0.04812106 0.44201517
 0.04310502 0.05215884 0.10213859] [0.01251301 0.01953764 0.04736277 0.5095743  0.02120718 0.271102
 0.02251837 0.08409902 0.01208568] [1.2291118e-04 2.4664434e-04 1.7331782e-04 4.4283969e-04 4.2818792e-04
 3.6859463e-04 9.9770302e-01 1.4722328e-04 3.6729648e-04] [0.1257936  0.03323648 0.02542698 0.01474694 0.12971216 0.04938783
 0.13409829 0.03102169 0.45657605] [0.0104813  0.01670906 0.8426115  0.01870997 0.04480005 0.02152151
 0.01456557 0.00847298 0.02212804] [0.00190028 0.00184587 0.1512445  0.8334035  0.00101398 0.00297807
 0.0011266  0.00130853 0.00517862] [7.9913897e-04 2.6161531e-03 3.6178224e-03 9.7745979e-01 1.2342923e-03
 7.3590376e-03 2.0712221e-03 7.6610595e-04 4.0763589e-03] [8.0879347e-04 4.4076159e-04 2.7372077e-04 2.8214674e-03 4.2442436e-04
 9.8604453e-01 1.8302473e-03 5.9622817e-04 6.7598848e-03] [3.3894461e-04 8.6016970e-04 1.0356321e-03 6.7902514e-04 9.8836261e-01
 6.5023301e-04 1.6900158e-04 7.3311036e-03 5.7326903e-04] [6.2696420e-04 2.1110811e-04 1.4278678e-04 4.4599175e-04 2.5241502e-04
 7.5751566e-04 3.6293585e-04 1.9477852e-04 9.9700552e-01] [1.9551185e-04 3.2278383e-04 1.9705251e-03 9.9566710e-01 3.3961632e-04
 5.9193716e-04 2.5496513e-04 2.4202220e-04 4.1556172e-04] [1.5703039e-03 9.9025506e-01 4.6321112e-03 4.7929509e-04 6.7032152e-04
 6.7603652e-04 8.6412899e-04 2.8143043e-04 5.7131535e-04] [4.6001622e-04 1.2356946e-03 3.1477941e-04 1.8430180e-04 3.3902942e-04
 3.5191490e-04 3.3421777e-04 9.9606544e-01 7.1462838e-04] [9.9770749e-01 2.5021320e-04 2.7419967e-04 1.2872626e-04 2.0247795e-04
 2.7431553e-04 2.9894523e-04 7.2112714e-04 1.4245913e-04] [0.5148264  0.04098437 0.04494048 0.04932338 0.0374343  0.04844104
 0.02992443 0.03064565 0.20347989] [0.03822714 0.04351958 0.03294406 0.01889708 0.73093694 0.02230856
 0.04416015 0.04737098 0.02163547] [8.6165662e-04 1.4566752e-03 1.1690881e-03 1.0733743e-03 1.8193077e-03
 6.8221376e-03 9.8002934e-01 1.8606158e-03 4.9078562e-03] [5.6429039e-04 6.0029974e-04 6.8850274e-04 9.9353588e-01 1.3679619e-03
 8.4716250e-04 2.9950353e-04 3.2753413e-04 1.7688649e-03] [9.9796319e-01 2.7470916e-04 7.9798338e-04 1.2245304e-04 1.6950200e-04
 1.4091397e-04 3.3352186e-04 1.2454212e-04 7.3223404e-05] [3.2900833e-04 9.9480635e-01 3.2236794e-04 9.1908115e-04 2.8578335e-04
 5.5271201e-04 4.2140225e-04 1.7178821e-03 6.4543996e-04] [1.0431918e-03 9.6165901e-04 4.1431951e-04 9.5285446e-04 7.2524609e-04
 1.6598983e-03 8.6014747e-04 9.8522633e-01 8.1563080e-03] [3.9870173e-04 6.6561258e-04 5.0954282e-04 2.2581540e-04 9.9677151e-01
 5.0606381e-04 3.7580216e-04 2.1589705e-04 3.3106029e-04] [1.33651251e-04 7.47664963e-05 1.26308063e-04 1.96892011e-04
 1.19700395e-04 8.12121551e-04 9.98038232e-01 1.23479491e-04
 3.74844210e-04]",3 7 5 7 0 2 8 4 6 7 2 0 2 6 8 0 6 2 6 8 8 7 4 2 2 2 4 4 2 3 1 3 0 3 3 1 1 1 0 3 3 5 4 7 2 5 4 6 5 6 8 7 8 8 6 7 1 8 8 4 4 7 6 2 0 2 3 1 2 7 0 6 5 7 5 6 0 7 7 1 2 1 7 0 5 6 8 5 6 6 7 0 4 4 1 0 7 1 8 3 1 6 1 5 3 0 4 5 2 4 5 5 6 4 5 8 5 8 8 2 6 1 4 5 3 3 3 1 0 3 0 8 6 5 7 3 7 0 2 8 5 8 4 1 3 8 4 2 0 4 0 7 7 1 4 3 0 2 5 2 4 3 3 7 8 8 1 8 0 0 1 3 1 6 6 4 5 4 2 1 2 5 5 1 7 0 6 7 5 2 1 8 6 5 3 6 8 2 2 3 5 4 8 3 1 7 0 0 4 6 3 0 1 7 4 6
1468,3,xgboost,0.02,30000,30000,0.9351851851851852,0.9936342592592593,"[0.03009757 0.02869925 0.01804867 0.03079942 0.01147586 0.00969301
 0.01690699 0.03311114 0.82116807] [1.7243715e-04 1.3682933e-04 9.9860674e-01 1.3794814e-04 2.1257112e-04
 7.1596660e-05 9.2901057e-05 3.3434352e-04 2.3470781e-04] [6.3855830e-04 1.3418720e-03 7.2682183e-04 5.5708317e-04 4.7603314e-04
 1.1840331e-03 9.9078333e-01 1.3347140e-03 2.9575743e-03] [0.02596756 0.01379064 0.39741248 0.12544341 0.02206682 0.26184407
 0.02249629 0.10164841 0.02933026] [0.02096944 0.01693515 0.05246526 0.78894097 0.04279467 0.02142868
 0.01762568 0.02282711 0.01601304] [3.4742622e-04 2.3550780e-04 1.0584761e-04 1.7627385e-04 2.4639847e-04
 9.9552673e-01 3.2934677e-04 1.0735842e-03 1.9588291e-03] [1.6117035e-04 1.3946708e-04 1.5322064e-04 4.4368245e-04 1.6778879e-04
 9.9755561e-01 4.4606108e-04 7.0159399e-04 2.3138142e-04] [1.7446773e-04 6.3939113e-04 2.9018769e-04 4.8409516e-04 9.9737382e-01
 2.2117744e-04 2.1535507e-04 4.8175393e-04 1.1977288e-04] [5.3531007e-04 6.7104452e-04 9.9457967e-01 5.3137576e-04 1.3533474e-03
 4.0906214e-04 4.7346760e-04 9.0459315e-04 5.4215605e-04] [0.002814   0.00169362 0.00146202 0.97986895 0.00179146 0.00639586
 0.00240529 0.00239593 0.00117283] [6.9073294e-03 2.5975041e-03 8.0978441e-01 1.6879912e-01 1.5378786e-03
 6.2578688e-03 1.2868833e-03 7.6680578e-04 2.0621938e-03] [9.9008453e-01 1.3801202e-03 8.1634970e-04 3.5626302e-04 4.8505349e-04
 5.8360607e-04 3.7623581e-03 1.2464365e-03 1.2853178e-03] [5.1638391e-04 2.5482435e-04 6.2910322e-04 3.1736793e-04 3.5724603e-04
 6.4596016e-04 5.8924768e-04 9.9603170e-01 6.5817131e-04] [0.03727636 0.09843051 0.09761678 0.3246004  0.05935678 0.06512479
 0.04525008 0.05954587 0.21279843] [0.00714886 0.9227235  0.03170852 0.00427356 0.01119914 0.00449455
 0.00272293 0.00847991 0.00724905] [0.05883509 0.22821008 0.02023288 0.03130038 0.02901317 0.1997998
 0.30690017 0.03138917 0.09431928] [2.9882361e-04 3.5267105e-04 1.0656368e-04 9.2302501e-04 9.9376798e-01
 2.4581300e-03 4.4189687e-04 6.1137701e-04 1.0395828e-03] [2.3131252e-04 4.1677928e-04 1.4306937e-04 4.6656150e-04 2.5540043e-04
 9.9217391e-01 2.4033344e-04 5.6268717e-04 5.5099982e-03] [0.00196359 0.00115206 0.00173576 0.00257979 0.00098535 0.00597942
 0.00218192 0.00216062 0.9812615 ] [0.00682803 0.00579121 0.00439996 0.00353895 0.00275165 0.01512023
 0.00885763 0.9273081  0.02540419] [0.00370735 0.00423667 0.00358843 0.00222876 0.88781595 0.00729699
 0.01119138 0.07670949 0.00322503] [0.0204413  0.01568917 0.05499562 0.02591284 0.01090695 0.7969463
 0.01954595 0.03675225 0.01880964] [1.0023009e-03 3.3097659e-04 3.5348249e-04 7.1135354e-03 4.3535521e-04
 9.8919934e-01 6.5914512e-04 4.2745977e-04 4.7846069e-04] [5.4811971e-04 2.3737988e-04 2.1306760e-04 6.4577820e-04 2.7982512e-04
 9.9556881e-01 1.3516698e-03 7.5755094e-04 3.9777919e-04] [6.5720757e-04 4.5058111e-04 5.3148996e-04 1.2779200e-03 8.0219691e-04
 5.6306496e-03 9.8971701e-01 6.3509517e-04 2.9778440e-04] [9.9228609e-01 1.5686477e-03 8.5898908e-04 6.3929078e-04 1.2213447e-03
 7.6671888e-04 7.6085306e-04 8.5790432e-04 1.0401483e-03] [0.02070763 0.291665   0.07162469 0.03880757 0.07424202 0.07864878
 0.07304487 0.02586958 0.32538992] [2.13727937e-04 1.23950129e-04 2.81463581e-04 2.81014567e-04
 9.97459829e-01 2.56370840e-04 7.87763449e-04 1.16701856e-04
 4.79171635e-04] [7.5148162e-04 2.0949198e-03 9.9176425e-01 3.8954127e-04 1.2919627e-03
 8.8886369e-04 1.1584006e-03 1.0453217e-03 6.1518489e-04] [0.00150788 0.00136702 0.00535908 0.945028   0.00451518 0.02331927
 0.00230361 0.00119774 0.01540223] [0.00588735 0.0019256  0.00102907 0.00101865 0.98166025 0.00138339
 0.00327007 0.00264236 0.00118325] [9.9695730e-01 3.8587756e-04 1.4612971e-04 4.1775711e-04 2.1989994e-04
 2.7987326e-04 1.9272076e-04 2.9987440e-04 1.1005588e-03] [0.03797304 0.01102246 0.7622071  0.0852971  0.01542373 0.01572221
 0.01658986 0.00851387 0.04725061] [4.3207672e-04 9.1477274e-04 7.7153929e-04 4.1273545e-04 9.9518687e-01
 4.2168284e-04 1.0510831e-03 5.2845274e-04 2.8079486e-04] [0.00109103 0.00540715 0.9718991  0.00173839 0.00166433 0.00673587
 0.00484306 0.00330526 0.00331578] [6.0369365e-04 1.3362343e-02 2.4923511e-04 2.2738229e-03 2.8342466e-04
 6.1383238e-04 9.8176664e-01 2.9067846e-04 5.5633410e-04] [0.00760985 0.00610155 0.8836903  0.05022658 0.01800809 0.00653695
 0.00764628 0.00686147 0.01331895] [9.9882203e-01 2.2338769e-04 8.6696600e-05 9.2588132e-05 1.8117922e-04
 1.6707285e-04 1.9950479e-04 1.5164747e-04 7.5815318e-05] [8.5338409e-04 1.2077881e-03 4.5851126e-04 6.3751568e-04 5.1358907e-04
 6.4818875e-04 7.4584800e-04 9.9400228e-01 9.3289395e-04] [4.0037488e-04 4.7851473e-04 5.2281620e-04 8.5491140e-04 4.0025788e-04
 1.2957550e-03 9.9518788e-01 3.2355345e-04 5.3586147e-04] [0.07259254 0.02681892 0.02417409 0.4851313  0.03888427 0.03484418
 0.03398563 0.05112724 0.2324418 ] [5.9047296e-05 1.1747370e-04 6.5096443e-05 3.3012393e-04 1.9277859e-04
 5.7277502e-04 9.9843365e-01 6.4396736e-05 1.6469944e-04] [6.3805032e-04 9.9156660e-01 3.8867554e-04 1.6516371e-03 1.2729665e-03
 1.1318943e-03 3.0471059e-04 2.2176765e-03 8.2771608e-04] [2.0424176e-04 2.2733634e-04 3.6521053e-03 2.5577497e-04 9.9460924e-01
 2.2400229e-04 2.5834734e-04 3.6596588e-04 2.0301173e-04] [2.6398856e-04 1.6687830e-03 9.9523842e-01 3.4558665e-04 3.9375637e-04
 3.4953150e-04 2.8020967e-04 3.3906728e-04 1.1206527e-03] [1.1852395e-04 1.9042802e-04 9.4246141e-05 4.0985891e-03 9.8889393e-01
 2.5982510e-03 2.6621591e-04 6.4981857e-04 3.0900296e-03] [0.00202376 0.00555017 0.00959553 0.0049599  0.00524552 0.00500785
 0.9443302  0.00370463 0.01958244] [3.2830826e-04 4.5201753e-04 2.6781714e-04 6.6428212e-04 9.9723464e-01
 1.4741151e-04 1.3279497e-04 6.0645235e-04 1.6626321e-04] [0.04837149 0.06546513 0.3559209  0.130512   0.12872    0.05884138
 0.08817711 0.02898049 0.09501152] [0.00449863 0.00507975 0.00870383 0.00744292 0.02141775 0.01096626
 0.01822339 0.01690397 0.9067635 ] [4.2046348e-04 9.9678636e-01 5.5686902e-04 4.4275526e-04 4.2941867e-04
 1.5512394e-04 4.8778715e-04 2.9140714e-04 4.2977530e-04] [0.00766121 0.00791455 0.00562035 0.00487172 0.00713262 0.00580436
 0.00983333 0.9295726  0.02158925] [0.03404422 0.05776221 0.04448862 0.03266347 0.05754546 0.32511854
 0.07043219 0.05962295 0.31832233] [0.05676403 0.06564458 0.15509146 0.330491   0.04919099 0.09881355
 0.13939832 0.0415394  0.06306665] [9.9442947e-01 2.5420246e-04 2.1591070e-04 1.6813531e-03 7.3883752e-04
 5.5213284e-04 7.4362953e-04 6.1159668e-04 7.7283807e-04] [1.2064210e-04 9.9876666e-01 2.7686817e-04 8.9861263e-05 8.5162050e-05
 1.6398595e-04 1.3218113e-04 1.2105977e-04 2.4364331e-04] [0.00247948 0.96908575 0.00493152 0.00144844 0.00284416 0.0071517
 0.00286955 0.00677291 0.00241644] [1.7891725e-04 1.8518420e-04 3.8863742e-04 4.8683429e-04 1.8736495e-04
 4.2289155e-04 2.5365569e-04 9.9778098e-01 1.1551644e-04] [0.09450956 0.02156752 0.02692357 0.02545641 0.01194653 0.15749314
 0.01291471 0.05343593 0.5957526 ] [0.01366336 0.02237039 0.2642584  0.3622393  0.01615074 0.03900013
 0.03371801 0.01773472 0.23086493] [9.9688053e-01 1.2081042e-04 2.3748759e-04 1.0811359e-04 1.0857856e-04
 1.1674558e-04 2.0394569e-04 1.6646464e-04 2.0573379e-03] [5.0185370e-04 2.4123635e-04 1.9636145e-04 5.2364852e-04 5.5096985e-04
 3.5639079e-03 9.9241614e-01 1.4866961e-03 5.1913067e-04] [1.4613950e-04 9.9719340e-01 4.7214556e-04 1.8393144e-04 1.3771285e-04
 1.2611643e-04 2.1594722e-04 2.6264903e-04 1.2619952e-03] [1.5001009e-04 2.5674561e-04 1.4202874e-03 2.1209517e-04 9.9710375e-01
 1.3628231e-04 2.3240932e-04 2.8295151e-04 2.0550149e-04] [0.0062105  0.00826181 0.01169327 0.00388395 0.01170445 0.00996737
 0.00906767 0.90827805 0.03093296] [2.9313075e-04 5.6715246e-04 2.8787795e-03 9.9069816e-01 3.1816764e-04
 2.9146380e-03 8.1757305e-04 4.5055829e-04 1.0618684e-03] [0.003459   0.9575158  0.00771956 0.00425769 0.00286307 0.0148046
 0.00373422 0.00224325 0.0034028 ] [3.0559133e-04 3.2037913e-04 9.7330883e-02 8.9713895e-01 3.8838963e-04
 1.8817954e-03 1.3306456e-03 1.9294571e-04 1.1104206e-03] [0.00254137 0.0026625  0.00398754 0.00281649 0.00350531 0.01981079
 0.01486158 0.01652971 0.93328464] [3.3537886e-04 4.4107344e-04 9.9742943e-01 2.1973108e-04 2.3273434e-04
 4.7134125e-04 5.1570794e-04 2.0554430e-04 1.4900169e-04] [0.02660355 0.30589488 0.03092207 0.06488596 0.080246   0.13538112
 0.0181686  0.02097055 0.3169273 ] [0.00468276 0.0043399  0.00659641 0.30436552 0.00513036 0.00249336
 0.00356833 0.00278503 0.66603833] [5.4450994e-03 9.8642737e-01 3.1821758e-03 8.8810979e-04 1.0359050e-03
 6.9129857e-04 8.4029074e-04 8.7645260e-04 6.1332685e-04] [3.1177312e-04 9.9434716e-01 2.9151428e-03 2.1364597e-04 2.7838949e-04
 4.1130790e-04 3.2397735e-04 9.0632570e-04 2.9233069e-04] [0.8645834  0.01516504 0.05823624 0.00680428 0.00656333 0.0175219
 0.00699246 0.01494895 0.00918444] [0.02241984 0.01467182 0.8274324  0.02087091 0.01026023 0.02269019
 0.0289435  0.0145864  0.03812477] [8.2616671e-04 9.8113751e-01 1.1997349e-02 7.0477201e-04 1.1828694e-03
 1.3451604e-03 1.0072894e-03 8.6454867e-04 9.3436468e-04] [9.9762183e-01 1.9834761e-04 3.8614692e-04 4.2158408e-05 9.1356786e-05
 7.0964417e-04 1.5134327e-04 1.0693104e-04 6.9224776e-04] [5.3391949e-04 4.0815634e-04 6.2428263e-04 5.4305152e-04 6.4533018e-04
 4.0058512e-03 9.8532528e-01 4.0373948e-04 7.5104167e-03] [0.00432786 0.02542953 0.0048139  0.00437995 0.00758923 0.00660843
 0.93170804 0.0061187  0.00902441] [1.7845283e-04 1.6272180e-04 9.9620605e-01 1.7964778e-03 2.1798477e-04
 6.4516329e-04 1.9378428e-04 2.6775224e-04 3.3156076e-04] [9.8836189e-04 1.0529871e-03 7.4192742e-04 4.9394084e-04 4.9494201e-04
 7.2298828e-04 8.5291464e-04 9.9435645e-01 2.9542582e-04] [1.1900007e-03 8.6617458e-04 1.4359419e-03 1.7032971e-03 9.8663133e-01
 3.2020144e-03 1.2123354e-03 6.9476297e-04 3.0641635e-03] [0.02531823 0.00999803 0.00857393 0.01477581 0.01172644 0.02510503
 0.0279301  0.01113017 0.8654423 ] [3.0381649e-04 4.4677581e-04 4.0466024e-04 1.2029861e-03 3.0187104e-04
 1.0259041e-03 6.8513490e-04 6.1074842e-04 9.9501812e-01] [9.2271337e-04 7.5247255e-04 6.1787713e-02 9.3130702e-01 4.5179532e-04
 9.9659176e-04 1.1819040e-03 1.4387427e-03 1.1611073e-03] [0.00365581 0.00193071 0.00245612 0.01084318 0.00188858 0.01950471
 0.00352465 0.00250737 0.95368886] [0.04847567 0.05369344 0.39185673 0.08955029 0.04620617 0.02845445
 0.09953395 0.15708672 0.08514263] [1.9878875e-04 9.9419361e-01 1.9682713e-03 5.0846208e-04 1.5697673e-04
 1.2561965e-03 3.3775088e-04 5.6992751e-04 8.1003382e-04] [2.9799592e-04 1.7631294e-04 1.4730766e-04 1.1832785e-03 4.8125605e-04
 8.8342727e-04 9.9631834e-01 1.7269180e-04 3.3943099e-04] [0.01454747 0.00629191 0.00342446 0.01224869 0.00675729 0.01728101
 0.02958969 0.2147702  0.6950893 ] [0.00491949 0.00186123 0.00198896 0.00415867 0.9495202  0.00954777
 0.00257467 0.00513356 0.0202955 ] [0.01514401 0.03360152 0.0150245  0.06131111 0.00975357 0.06215475
 0.01479559 0.02342894 0.764786  ] [0.0064547  0.00615764 0.00655893 0.01417471 0.00707264 0.02304903
 0.01076191 0.01321758 0.91255283] [6.2071602e-04 2.1595890e-03 4.2751239e-04 3.6625753e-04 6.4349518e-04
 9.8913425e-01 3.0822030e-04 3.9713780e-04 5.9428811e-03] [0.08223312 0.08277176 0.25656    0.08497986 0.05720115 0.11560415
 0.09622396 0.11355707 0.11086892] [9.9808949e-01 3.7811662e-04 3.3039431e-04 3.1352247e-04 1.4778318e-04
 2.2166189e-04 2.2505550e-04 9.7046301e-05 1.9696300e-04] [0.8045178  0.1865909  0.00193301 0.00098976 0.00130278 0.00156732
 0.0010539  0.00083351 0.001211  ] [0.00585562 0.0380202  0.00701404 0.01167719 0.01616941 0.01941993
 0.01389176 0.8181693  0.0697825 ] [0.02602232 0.02120563 0.5734093  0.05572049 0.02029412 0.24983996
 0.02146607 0.01896942 0.01307265] [9.9459982e-01 1.1355744e-03 5.2037265e-04 5.0845399e-04 1.0328703e-03
 6.7551073e-04 5.4360402e-04 6.3202064e-04 3.5175317e-04] [2.5184435e-04 2.1747393e-04 3.1890441e-04 2.0564957e-04 9.9803740e-01
 1.8210422e-04 2.6855466e-04 2.2592543e-04 2.9214958e-04] [0.0539146  0.04250117 0.0410949  0.17226021 0.06933206 0.08105987
 0.04075609 0.05600885 0.4430722 ] [2.5300891e-04 2.9002308e-04 3.9675285e-04 6.8486913e-04 4.7749071e-04
 4.9803912e-04 9.9576962e-01 4.3058983e-04 1.1996282e-03] [0.00758045 0.00520336 0.1514494  0.79053867 0.00470717 0.01273443
 0.01155356 0.00841439 0.00781856] [1.46317616e-04 1.18147116e-04 8.25954485e-05 6.58260979e-05
 1.70984815e-04 9.97726262e-01 1.47941726e-04 9.45021893e-05
 1.44740252e-03] [0.67747664 0.03759623 0.05762663 0.0221462  0.05192528 0.04795598
 0.0425525  0.02409478 0.03862577] [2.0089318e-04 2.8362323e-04 4.7790571e-04 3.0065631e-04 4.5728459e-04
 5.4004404e-04 9.9710888e-01 2.4317954e-04 3.8756311e-04] [1.0730020e-03 4.9685611e-04 3.4876578e-04 5.9938751e-04 9.8652762e-01
 2.6526048e-03 1.0237721e-03 6.3331160e-03 9.4490615e-04] [0.01804993 0.30651268 0.05766131 0.03200677 0.04444172 0.02981937
 0.01815396 0.01986117 0.47349313] [9.9694437e-01 6.5638253e-04 6.9445738e-04 2.3963646e-04 2.2555406e-04
 6.5384479e-04 2.0169465e-04 2.0212056e-04 1.8193151e-04] [2.0288938e-04 2.3390762e-04 2.6004895e-04 2.2294218e-04 2.8577083e-04
 3.4666678e-04 3.1391683e-04 9.9661535e-01 1.5185013e-03] [6.6670711e-04 4.5964724e-04 7.8123971e-04 8.5606601e-04 4.4349566e-04
 7.9191395e-04 5.3656579e-04 9.9291480e-01 2.5495272e-03] [1.5128301e-04 2.2768670e-04 1.4489025e-04 2.3142789e-03 4.9405283e-04
 1.0719089e-03 2.6534995e-04 9.9476647e-01 5.6407653e-04] [5.1248674e-03 2.1317669e-03 3.2845852e-03 1.6160767e-03 9.6618169e-04
 1.8868102e-03 1.9511192e-03 9.7886193e-01 4.1766488e-03] [0.0081174  0.00320133 0.00512144 0.01006    0.00541614 0.03158659
 0.8634271  0.01856388 0.0545061 ] [1.8489480e-03 7.0276402e-04 6.8948691e-04 5.2391703e-04 1.0985768e-03
 9.5697242e-04 1.2770017e-03 9.8980600e-01 3.0963400e-03] [5.0927780e-04 6.0220790e-04 9.6532285e-02 8.9488643e-01 8.6906378e-04
 2.0093259e-03 9.7204925e-04 5.4741348e-04 3.0719622e-03] [7.8095472e-04 9.9108559e-01 5.8605772e-04 7.9582626e-04 4.4013705e-04
 2.7064412e-04 2.6761941e-03 8.1388408e-04 2.5506471e-03] [0.02544277 0.07919711 0.05138361 0.12184345 0.046824   0.1123942
 0.11734508 0.08153425 0.36403552] [0.00274243 0.00750477 0.01345226 0.005166   0.91811013 0.03013092
 0.01422914 0.00578018 0.00288416] [1.5447069e-03 4.0039126e-04 6.8205081e-02 9.2389613e-01 9.9736953e-04
 1.4708886e-03 1.2081433e-03 1.7713116e-03 5.0598220e-04] [0.06375081 0.3540305  0.03216342 0.01585424 0.04482094 0.19165057
 0.07073133 0.04765925 0.17933893] [1.7683602e-04 9.9384475e-01 3.5396209e-03 3.9520967e-04 1.0667701e-03
 2.1085166e-04 4.4503153e-04 2.2954798e-04 9.1391856e-05] [4.6878093e-04 4.4090694e-04 4.0156173e-04 1.3549594e-03 4.8347758e-04
 9.9347270e-01 6.2814640e-04 2.1583189e-03 5.9119659e-04] [9.9320728e-01 4.0209512e-04 5.5933109e-04 2.1837072e-03 3.3771730e-04
 7.2824885e-04 3.8870616e-04 3.4897937e-04 1.8438740e-03] [2.8128838e-04 5.2379817e-04 2.7552308e-04 1.4319818e-03 7.5024826e-04
 1.4491841e-03 2.7330725e-03 1.6332712e-03 9.9092156e-01] [0.03093567 0.0300464  0.01865418 0.12564978 0.02454746 0.64045686
 0.03243194 0.01550331 0.08177437] [9.9104553e-01 5.9300091e-04 3.8216696e-03 4.9963355e-04 6.5672147e-04
 1.2155907e-03 1.0095965e-03 5.5734563e-04 6.0090260e-04] [0.00307409 0.01223815 0.9193241  0.03872602 0.00447283 0.00581581
 0.0076948  0.00316878 0.00548547] [2.2790029e-04 4.4564618e-04 1.6569301e-04 6.5620667e-03 9.8892665e-01
 8.1567618e-04 4.2541980e-04 4.8688182e-04 1.9440445e-03] [5.5793847e-04 4.0324545e-04 2.6660803e-04 7.0902368e-04 4.7629271e-04
 9.9574190e-01 3.4167510e-04 1.8924967e-04 1.3140378e-03] [2.5716363e-04 4.4786299e-04 2.6957405e-04 9.9518096e-01 4.7487067e-04
 7.1720430e-04 2.9834974e-04 3.0929258e-04 2.0447320e-03] [9.8924595e-01 6.2081643e-04 6.5314299e-03 5.4372055e-04 2.4913339e-04
 8.0885174e-04 3.7776201e-04 9.4732462e-04 6.7497417e-04] [9.7156480e-05 3.6231658e-04 2.0223868e-04 7.7517325e-05 1.3301366e-04
 1.5371693e-04 3.4303282e-04 9.9849200e-01 1.3898109e-04] [2.5829810e-04 3.3539071e-04 1.4599662e-04 6.4407696e-04 5.6204724e-04
 1.6269209e-03 4.2034013e-04 9.9512070e-01 8.8623364e-04] [0.03145009 0.13592088 0.0670454  0.05806176 0.07169992 0.43496585
 0.05522789 0.02739023 0.11823796] [9.8918402e-01 2.6343029e-03 1.0996510e-03 1.1864406e-03 8.9147792e-04
 8.2109921e-04 2.0830079e-03 1.0813683e-03 1.0185961e-03] [0.0087471  0.01554044 0.01465975 0.84182805 0.01578089 0.02652326
 0.01676476 0.01109371 0.04906207] [4.5207012e-04 2.4263115e-04 1.5977406e-04 1.2885705e-03 5.9164932e-04
 7.5170625e-04 9.9384189e-01 1.2759023e-03 1.3957773e-03] [4.5703611e-04 2.2106915e-04 1.0233911e-04 2.6853394e-04 1.5367346e-04
 9.9773383e-01 1.7814673e-04 4.5039394e-04 4.3495034e-04] [0.2940295  0.08642549 0.03255744 0.09845606 0.05159683 0.10612113
 0.06571742 0.0609513  0.2041448 ] [0.00214608 0.00658996 0.97869706 0.0040497  0.00126578 0.00128396
 0.00158296 0.00152016 0.00286433] [0.03568441 0.05343024 0.03366625 0.06579567 0.02857246 0.27421588
 0.03923947 0.07277745 0.3966182 ] [0.84995395 0.04531934 0.02811911 0.0127548  0.01296893 0.01095436
 0.0136112  0.01377802 0.0125403 ] [4.1760606e-04 1.8786334e-03 1.2767003e-03 8.7629416e-04 4.2896724e-04
 1.1221004e-03 2.0530606e-03 9.9139833e-01 5.4828927e-04] [9.8767871e-01 7.9953350e-04 9.9467777e-04 6.5194716e-04 6.4460994e-03
 1.0700991e-03 9.0482354e-04 7.0990523e-04 7.4420881e-04] [0.01293182 0.01885385 0.05184137 0.68831944 0.04312743 0.02259044
 0.02739733 0.04013992 0.09479844] [1.8762994e-04 1.3198130e-04 3.7985898e-04 4.3770400e-05 4.5895657e-05
 9.9860817e-01 2.6053266e-04 7.7335309e-05 2.6480257e-04] [0.01480682 0.06984205 0.6389539  0.07379489 0.04020209 0.06233144
 0.03661342 0.02975403 0.03370138] [1.0746428e-03 8.0632459e-04 8.8618766e-04 9.2703721e-04 9.9077857e-01
 1.1772312e-03 1.0950619e-03 2.2785512e-03 9.7635924e-04] [0.0012819  0.00155964 0.00145533 0.0030219  0.00112643 0.00221183
 0.00111329 0.9858072  0.00242253] [9.9489105e-01 6.7904213e-04 3.6564111e-04 3.7441432e-04 4.2510295e-04
 8.9797075e-04 9.6837775e-04 9.5454487e-04 4.4387073e-04] [1.3945031e-03 9.7507691e-01 3.0421619e-03 5.5115120e-03 4.2858175e-03
 6.5888059e-03 2.2957388e-03 9.5618743e-04 8.4834383e-04] [1.25778810e-04 9.96500492e-01 1.94375531e-03 3.48688947e-04
 1.94273307e-04 1.08490596e-04 3.29439790e-04 2.60678673e-04
 1.88449034e-04] [6.0485664e-04 9.1168808e-04 1.1451811e-03 7.4794781e-03 4.6799690e-04
 6.3635944e-03 9.7911912e-01 5.6935829e-04 3.3386732e-03] [2.7216740e-03 4.1534943e-03 9.7491533e-01 7.8945281e-03 2.3395466e-03
 1.2962925e-03 3.6194643e-03 2.2040398e-03 8.5566973e-04] [1.98093243e-04 9.98199821e-01 5.48959128e-04 3.19257932e-04
 1.20848774e-04 1.96271605e-04 2.27677971e-04 9.24721389e-05
 9.65605213e-05] [0.00468718 0.00947132 0.00720889 0.00422906 0.00319028 0.01857883
 0.00738761 0.0080216  0.9372252 ] [3.3814315e-04 4.9005490e-04 2.7237425e-04 1.4134472e-03 3.0417900e-04
 2.4233508e-04 2.3857916e-04 9.9639636e-01 3.0454123e-04] [3.9879998e-04 9.9696487e-01 3.8198140e-04 5.7722954e-04 2.7661872e-04
 2.3371399e-04 3.0594235e-04 5.4958765e-04 3.1123092e-04] [3.1926617e-04 5.7166810e-05 6.2432338e-04 2.4051708e-03 4.7730136e-05
 3.9420408e-04 9.9558264e-01 1.8621868e-04 3.8331823e-04] [8.7157899e-04 3.1283621e-03 9.8188281e-01 1.7337278e-03 1.6030370e-03
 1.4958872e-03 1.2791299e-03 6.9008521e-03 1.1045375e-03] [0.09784446 0.03026654 0.04152681 0.16558045 0.06302152 0.47315413
 0.0423307  0.02833687 0.0579385 ] [7.8311434e-04 1.3720185e-03 1.9989840e-03 1.1746597e-03 4.3507619e-03
 3.9844174e-04 9.8844796e-01 8.5516932e-04 6.1889802e-04] [0.00486496 0.01005736 0.00483197 0.00377573 0.00678581 0.01961675
 0.01030248 0.01422722 0.9255377 ] [2.7251261e-04 5.7510857e-04 1.8137437e-04 1.7163258e-04 1.6491528e-03
 1.8720445e-04 9.9603683e-01 2.6794555e-04 6.5826881e-04] [3.1672246e-04 1.4379619e-04 8.0860518e-05 2.2467361e-04 3.5911438e-04
 1.9940129e-04 1.2076930e-04 9.9826860e-01 2.8605876e-04] [6.5724575e-04 6.0044881e-04 8.6532235e-03 9.8640257e-01 8.2898338e-04
 1.1956142e-03 3.8374338e-04 8.8781730e-04 3.9040772e-04] [1.4702340e-04 1.3049810e-04 4.9491524e-04 2.4508971e-03 2.2342322e-04
 9.7804866e-04 9.9421269e-01 7.0792023e-04 6.5457594e-04] [6.7638920e-04 1.6173512e-01 6.5424020e-04 1.1294585e-03 7.8425196e-04
 5.6345109e-03 1.4560448e-03 1.3512906e-02 8.1441706e-01] [1.0665828e-04 9.2369854e-05 3.5014920e-04 6.6046783e-04 1.3634661e-04
 8.9543266e-04 9.9594009e-01 1.2384353e-03 5.8006664e-04] [0.01323431 0.00599393 0.00841554 0.05229932 0.01616621 0.7943682
 0.02695568 0.02570316 0.05686358] [1.21636760e-04 5.44796967e-05 5.88011826e-05 1.23687350e-04
 3.98192875e-04 2.85552262e-04 9.98507321e-01 1.04880644e-04
 3.45394888e-04] [1.9719169e-04 6.8050693e-04 9.9706858e-01 4.0353171e-04 8.8604010e-04
 1.7590116e-04 1.4844068e-04 3.1438383e-04 1.2548572e-04] [6.0023798e-04 8.0547697e-04 4.9519708e-04 8.7750377e-04 7.7210832e-04
 3.2114176e-04 6.6511572e-04 9.9487180e-01 5.9142319e-04] [0.10041027 0.06592093 0.064062   0.07864707 0.04373111 0.07264776
 0.03427041 0.06339876 0.47691172] [2.8583908e-04 4.0310153e-04 3.3062950e-01 6.6409433e-01 2.9882690e-04
 2.6283492e-03 6.2019430e-04 4.1662421e-04 6.2320381e-04] [1.8467511e-04 1.8535487e-03 8.0422201e-04 1.9053077e-04 9.9566627e-01
 5.1589153e-04 1.6847459e-04 4.3318971e-04 1.8320738e-04] [4.1204083e-04 2.5555617e-04 1.9538269e-04 1.3192168e-04 3.8739119e-04
 9.9793243e-01 2.1670826e-04 1.9169704e-04 2.7682167e-04] [1.0708759e-03 3.6688219e-04 1.5182581e-04 3.9290842e-03 9.9295557e-01
 2.5392472e-04 9.0806728e-04 1.5314827e-04 2.1065077e-04] [0.00128056 0.00207512 0.9789234  0.00850845 0.00261166 0.00212463
 0.00127485 0.00100365 0.00219771] [3.0395732e-04 3.5844962e-04 1.4115928e-04 1.9029126e-04 9.9601775e-01
 1.5651755e-04 2.3153874e-03 1.5318839e-04 3.6324185e-04] [0.00950915 0.00826757 0.00351592 0.00631029 0.00329633 0.01463876
 0.00771466 0.01326479 0.9334825 ] [0.05715916 0.08896016 0.04982332 0.01028872 0.72184575 0.01279289
 0.00915753 0.01824315 0.03172932] [0.00355952 0.00100056 0.00157355 0.01292221 0.0023098  0.00556747
 0.00261054 0.00145862 0.9689978 ] [9.1181624e-05 1.7863121e-04 9.9320896e-05 2.0632571e-04 1.6254694e-04
 2.2204760e-04 9.9887806e-01 8.7120854e-05 7.4803233e-05] [0.00192866 0.96765375 0.00416564 0.00227707 0.00179065 0.00386592
 0.0046499  0.01027099 0.00339743] [1.8859193e-04 1.0179289e-03 4.8156962e-04 5.6309061e-04 9.9679500e-01
 1.5560193e-04 3.2478542e-04 2.2020117e-04 2.5323883e-04] [0.0029336  0.00178846 0.19204356 0.7725172  0.01049132 0.00641801
 0.00354762 0.00391138 0.00634883] [1.1424139e-04 6.5900909e-05 7.3482654e-05 1.4847071e-03 2.4502937e-04
 2.5778450e-04 9.9737906e-01 8.5940992e-05 2.9382890e-04] [0.07209644 0.0680668  0.3348952  0.16959265 0.08004707 0.070802
 0.05813391 0.05768723 0.08867874] [0.04946748 0.0686858  0.27185473 0.12868042 0.05713668 0.18753733
 0.03886645 0.10548097 0.09229013] [0.02218878 0.01340646 0.01884358 0.02628359 0.01858496 0.04555906
 0.01879198 0.01493706 0.8214046 ] [9.9732935e-01 5.3288654e-04 2.5773354e-04 4.0516295e-04 2.4199176e-04
 3.5298200e-04 4.0579209e-04 3.4408172e-04 1.3002094e-04] [6.2458561e-04 9.6996206e-01 2.5616718e-02 2.8099213e-04 6.4661913e-04
 1.2072339e-03 3.9073383e-04 3.2902899e-04 9.4209117e-04] [5.8195530e-04 1.6724491e-02 2.9626809e-04 2.0397249e-04 1.4639433e-04
 9.7957659e-01 4.9682328e-04 3.0924630e-04 1.6642242e-03] [9.9781275e-01 8.0162281e-04 2.9081971e-04 1.7718854e-04 2.2460699e-04
 1.0947223e-04 1.3478714e-04 2.7545626e-04 1.7323988e-04] [0.00245383 0.00321186 0.00202208 0.00157953 0.97695196 0.00178728
 0.00191235 0.00531584 0.00476521] [8.0179962e-05 9.9887747e-01 2.3646279e-04 1.0289725e-04 7.3540374e-05
 1.2417106e-04 1.4985005e-04 1.6268349e-04 1.9276830e-04] [1.2389311e-03 9.8500305e-01 5.3474092e-04 7.6803134e-04 1.8366292e-03
 8.7881566e-04 2.0868040e-03 1.7518779e-03 5.9010936e-03] [0.00786557 0.00863285 0.00852158 0.04793491 0.01195264 0.13168797
 0.07616551 0.01630314 0.69093585] [1.6880888e-04 2.6164562e-04 1.4899805e-04 8.3268574e-04 1.0406660e-04
 3.8213877e-04 9.9781215e-01 1.4442349e-04 1.4499400e-04] [0.8846958  0.01775238 0.01803048 0.02045935 0.00881826 0.00523564
 0.01380996 0.00992938 0.02126876] [7.6751114e-04 6.6337374e-04 3.4893258e-04 1.1208293e-03 1.0975793e-03
 1.0787369e-03 6.5895589e-04 9.9395716e-01 3.0690344e-04] [0.00232911 0.9644912  0.00898981 0.00189638 0.00627867 0.00308227
 0.00226009 0.00225454 0.00841795] [4.5069525e-04 2.0202748e-03 9.2557486e-04 5.0779842e-03 6.8189896e-04
 2.6561341e-03 2.0130703e-03 1.6972764e-03 9.8447704e-01] [0.02868583 0.02843387 0.69486177 0.02365306 0.04843614 0.02174925
 0.04662954 0.07665671 0.03089383] [9.9536902e-01 9.1933354e-04 5.9949711e-04 1.4434672e-04 5.5641198e-04
 3.1810458e-04 7.6559716e-04 9.1662892e-04 4.1104420e-04] [1.2088016e-03 5.4238056e-04 5.8993947e-04 1.3752681e-03 8.8003819e-04
 9.9251610e-01 6.8298372e-04 5.5977266e-04 1.6447284e-03] [4.3439996e-04 5.4743310e-04 4.5884715e-04 1.0537242e-03 3.4219123e-04
 2.7164229e-04 2.3033543e-04 9.9615061e-01 5.1082950e-04] [0.00292205 0.01687689 0.00366755 0.0115965  0.00402866 0.0289634
 0.00441383 0.01543537 0.9120958 ] [0.01465141 0.03063614 0.0091899  0.6871933  0.01904884 0.10830478
 0.02368663 0.01279891 0.09449015] [9.9871325e-01 1.4320661e-04 3.0926493e-04 2.4393556e-04 5.7925790e-05
 6.6998138e-05 1.2375628e-04 1.3392174e-04 2.0780001e-04] [1.3096324e-04 3.1473459e-04 6.9183361e-04 1.5312441e-04 1.0738760e-04
 2.6610415e-04 1.7153929e-04 9.9785835e-01 3.0592026e-04] [0.00420897 0.00993717 0.00602791 0.02079946 0.92374706 0.013601
 0.00398124 0.00689526 0.01080192]",8 2 6 3 3 5 5 4 2 3 3 0 7 3 1 8 4 5 8 7 4 5 5 5 6 0 8 4 2 3 4 0 2 4 2 6 2 0 7 6 3 6 1 4 2 4 6 4 2 8 1 7 5 2 0 1 1 7 8 3 0 6 1 4 7 3 1 3 8 2 5 8 1 1 0 2 1 0 6 6 2 7 4 8 8 3 8 3 1 6 3 4 8 3 5 2 0 1 7 2 0 4 8 6 3 5 0 6 4 8 0 7 7 7 7 6 7 3 1 5 4 3 5 1 5 0 8 5 0 2 4 5 3 0 7 7 5 0 3 6 5 1 2 8 0 7 0 3 5 2 4 7 0 1 1 6 2 1 8 7 1 6 2 5 6 8 6 7 3 6 8 6 5 6 2 7 8 3 4 5 4 2 4 8 4 8 6 1 4 3 6 2 2 8 0 1 5 0 4 1 1 5 6 0 7 1 8 2 0 5 7 7 3 0 7 4
1468,4,xgboost,0.02,30000,30000,0.8842592592592593,0.9876784336419754,"[0.01259457 0.6776103  0.16431634 0.00783035 0.01419682 0.02162488
 0.0794017  0.01491026 0.00751482] [0.00172453 0.00307446 0.01331829 0.9657289  0.00151887 0.00671171
 0.00144335 0.00171655 0.00476337] [0.00766956 0.00704708 0.01229421 0.26260442 0.0217652  0.03411471
 0.02156295 0.01540279 0.61753905] [1.5417879e-03 2.2536449e-03 1.0765856e-03 4.7800271e-04 4.7611463e-04
 9.9061525e-01 1.9046220e-03 6.0320756e-04 1.0507980e-03] [0.00564407 0.00351836 0.0047418  0.00319967 0.00984967 0.00788263
 0.0037497  0.9556942  0.00571985] [0.00518279 0.00479744 0.0020891  0.00608562 0.9378344  0.01163678
 0.0029604  0.00543087 0.02398254] [3.5844036e-04 2.9431094e-04 1.3515425e-03 1.6978909e-03 5.0771767e-03
 9.8719192e-01 2.9390707e-04 6.4408238e-04 3.0907465e-03] [0.04788556 0.03751736 0.02270751 0.13756259 0.02657356 0.5050581
 0.0223543  0.03674487 0.16359612] [0.00866927 0.010701   0.02680616 0.88282365 0.00622396 0.04204037
 0.00595009 0.00647271 0.01031278] [1.01711084e-04 9.96698439e-01 1.56539248e-03 7.20792974e-04
 8.08669502e-05 2.76209787e-04 3.99679207e-04 8.68281786e-05
 7.00919845e-05] [0.3475994  0.01911447 0.17037946 0.3338793  0.01410339 0.02846237
 0.03630338 0.01569312 0.03446509] [5.6321727e-04 1.7377143e-03 2.6488062e-02 9.6557051e-01 1.2153283e-03
 1.1561309e-03 5.6769827e-04 7.7734736e-04 1.9239762e-03] [0.00343711 0.00220383 0.00288054 0.00595719 0.0020791  0.00915144
 0.00450095 0.00197499 0.96781486] [1.5990151e-04 1.5735090e-03 2.9245875e-04 1.3152164e-04 9.9646914e-01
 6.0521986e-04 3.5492418e-04 2.3450468e-04 1.7885472e-04] [0.05547318 0.09640425 0.0483066  0.04608229 0.06447197 0.1776087
 0.17845103 0.14318985 0.19001208] [1.6238127e-04 2.8413802e-04 1.5639051e-04 1.8000763e-04 9.9806553e-01
 2.3491555e-04 2.5193242e-04 2.2554945e-04 4.3916324e-04] [0.03343273 0.03009073 0.0576942  0.04059498 0.03972797 0.13589726
 0.08873971 0.19802885 0.37579352] [0.00976346 0.01804509 0.01700066 0.03849461 0.02680459 0.649934
 0.02632187 0.02180018 0.19183552] [0.03802275 0.03424005 0.00929318 0.06912722 0.01213234 0.5181802
 0.0285017  0.01626268 0.27423984] [0.00494476 0.97475684 0.00225061 0.00334919 0.0013165  0.00759797
 0.00225587 0.00124355 0.00228476] [9.97914612e-01 4.23107937e-04 1.96117879e-04 8.12862418e-05
 1.06664986e-04 1.34378875e-04 2.12383689e-04 8.45150906e-04
 8.62916640e-05] [8.0477825e-04 9.4553202e-01 2.8385215e-02 8.0808643e-03 6.1070728e-03
 2.4892273e-03 1.3983928e-03 4.0939329e-03 3.1085191e-03] [0.08746574 0.11924445 0.06209585 0.1738771  0.07687997 0.21572497
 0.07437782 0.04339436 0.14693974] [9.9544722e-01 1.4285998e-03 3.6711755e-04 3.0791509e-04 4.3771911e-04
 3.1799945e-04 3.3184420e-04 7.9505285e-04 5.6652696e-04] [0.02990386 0.03552642 0.03170762 0.6828701  0.01822298 0.06719607
 0.03997976 0.01475447 0.07983876] [0.03081018 0.01614138 0.07701977 0.02296061 0.76451147 0.01731884
 0.01600317 0.01367367 0.04156092] [0.03271631 0.8208045  0.02165438 0.02991658 0.01890271 0.01378388
 0.02385574 0.02229481 0.01607108] [6.6249799e-05 9.9563867e-01 2.0409412e-04 1.4491235e-04 9.7444252e-05
 1.4109384e-04 7.6186981e-05 3.4200966e-03 2.1126088e-04] [1.5444234e-04 4.6907013e-04 2.4582286e-04 1.0868714e-03 3.1330474e-04
 9.9574846e-01 8.0045930e-04 2.8494882e-04 8.9670316e-04] [1.0089356e-03 6.5127679e-04 6.1464024e-04 3.8626307e-04 1.0370864e-03
 6.6486833e-04 8.4161171e-04 9.9457091e-01 2.2436757e-04] [3.1214457e-03 3.2480445e-03 2.6391696e-03 3.6968493e-03 9.8105651e-01
 2.9813633e-03 1.1570218e-03 7.8640843e-04 1.3131949e-03] [0.01098495 0.00718357 0.01005212 0.02110124 0.00452818 0.03400256
 0.00842077 0.01020813 0.8935185 ] [0.09297402 0.04366225 0.06495675 0.06412857 0.06760864 0.2602778
 0.21849482 0.05057938 0.13731779] [6.9409906e-04 2.4388473e-04 9.3877793e-04 9.9415910e-01 2.5092842e-04
 1.6924024e-03 5.5330852e-04 3.5709521e-04 1.1104738e-03] [2.5709043e-04 1.0972398e-03 4.2302444e-04 3.3539519e-04 3.2170190e-04
 5.5981486e-04 3.1500129e-04 9.9515766e-01 1.5330767e-03] [1.0264694e-04 2.3505777e-04 6.9610622e-05 2.6456374e-04 9.9652356e-01
 8.5284089e-04 6.3888566e-04 1.9707940e-04 1.1157495e-03] [1.00198136e-04 1.60669588e-04 1.70284533e-04 1.48937281e-04
 7.84954391e-05 3.43186170e-04 9.98632133e-01 8.98009384e-05
 2.76324979e-04] [0.02842534 0.0776047  0.04646669 0.25012434 0.03462019 0.0736317
 0.04285308 0.05487585 0.3913981 ] [2.7380459e-04 5.3639477e-04 1.8968186e-04 2.0529280e-04 9.9779701e-01
 2.8629441e-04 1.4445408e-04 1.9117228e-04 3.7588002e-04] [0.00133253 0.97825783 0.00480586 0.00254366 0.00246908 0.00361388
 0.00416492 0.00140125 0.00141098] [0.0060992  0.00555117 0.9675364  0.00435125 0.00317148 0.00354245
 0.00184617 0.00352467 0.00437724] [0.9553952  0.00485459 0.01979271 0.00327698 0.00330677 0.00221549
 0.00225903 0.00734225 0.00155694] [0.06700758 0.40003964 0.10173002 0.1104479  0.10474214 0.05273909
 0.05670419 0.06253374 0.04405575] [7.1213261e-04 1.2967161e-02 1.4234477e-03 9.7656471e-01 1.0045994e-03
 3.1493152e-03 9.8180945e-04 6.6977984e-04 2.5269743e-03] [9.9013078e-01 1.0730403e-03 2.8612090e-03 3.3008229e-04 4.5442227e-03
 1.6041486e-04 2.9126907e-04 2.7904293e-04 3.2990510e-04] [0.00799582 0.01890957 0.01676499 0.02558827 0.09573001 0.02789582
 0.04661237 0.01225587 0.74824727] [0.00306971 0.00174637 0.00301942 0.96308666 0.0048861  0.00691359
 0.00233156 0.00447493 0.01047173] [9.0115104e-04 2.6006852e-03 2.7248762e-03 3.3582490e-02 1.6707608e-03
 6.5875850e-03 2.5496962e-03 3.2290030e-02 9.1709274e-01] [0.01733246 0.03913622 0.03298484 0.03465798 0.7351439  0.058709
 0.01731079 0.04776559 0.01695923] [5.1115558e-04 4.1295576e-04 6.6710374e-04 4.4907822e-04 9.9631077e-01
 5.2788440e-04 5.8067177e-04 2.5187182e-04 2.8853299e-04] [0.00698334 0.01130573 0.00568933 0.05161266 0.00484485 0.02611794
 0.8548923  0.0241496  0.01440425] [5.7099857e-03 2.2823375e-03 9.8365986e-01 2.7948637e-03 1.4339639e-03
 1.2217398e-03 1.1216046e-03 1.3605602e-03 4.1510616e-04] [0.00404421 0.00398777 0.8662403  0.04744112 0.00878956 0.03261426
 0.00320523 0.01947641 0.01420109] [0.01815665 0.01216464 0.83938146 0.03051373 0.02196388 0.02414024
 0.00925262 0.02696697 0.0174598 ] [1.13507645e-04 9.97826755e-01 2.87659932e-04 1.60374897e-04
 1.64600293e-04 1.86067060e-04 7.51849497e-04 1.87529979e-04
 3.21632135e-04] [1.5892999e-04 7.0491439e-04 2.8939094e-04 1.7748651e-04 9.9761838e-01
 2.0943537e-04 2.1227995e-04 3.7313145e-04 2.5603286e-04] [0.00728764 0.01670788 0.03707929 0.9207396  0.00431099 0.0026542
 0.00326017 0.00302167 0.00493859] [8.5952441e-04 1.6504584e-04 1.9969881e-04 3.1936620e-04 9.9693131e-01
 4.9583969e-04 1.9617929e-04 2.0420382e-04 6.2879117e-04] [9.9324554e-01 9.3756290e-04 5.5328896e-04 7.7999814e-04 5.8060692e-04
 9.7604468e-04 6.3554337e-04 4.2989300e-04 1.8614936e-03] [0.14413679 0.13863866 0.05214807 0.05349164 0.05114459 0.08820704
 0.04049752 0.03206923 0.3996665 ] [9.97261524e-01 2.76007340e-04 2.08624013e-04 1.85688914e-04
 1.73623703e-04 1.17489864e-04 1.11817429e-03 4.06559935e-04
 2.52317579e-04] [0.02020518 0.03689771 0.02270515 0.02290732 0.03156097 0.10627791
 0.01664633 0.03842991 0.70436954] [0.00172605 0.00216077 0.96829337 0.01268831 0.00236734 0.00280337
 0.00435462 0.00398659 0.00161963] [0.01274673 0.01777535 0.76070195 0.04743346 0.02809576 0.06978666
 0.01823283 0.02220291 0.02302434] [0.02839214 0.07252126 0.02376025 0.08775596 0.0430915  0.13912779
 0.11613861 0.04012841 0.4490841 ] [0.00143921 0.00172319 0.01390837 0.00167451 0.00127449 0.0012879
 0.00152285 0.97527915 0.00189033] [9.9505240e-01 1.1921676e-03 1.9568914e-04 2.5078119e-04 1.9297440e-03
 7.4388395e-04 2.2501439e-04 2.5053142e-04 1.5978614e-04] [6.7484536e-04 9.9212134e-01 2.6386441e-03 2.5729323e-04 1.8591873e-03
 7.4289867e-04 3.0757894e-04 2.0382609e-04 1.1944138e-03] [0.01867426 0.02253801 0.0091699  0.02956862 0.00989854 0.4742177
 0.00846199 0.01313742 0.41433352] [2.4867177e-04 1.5785006e-03 5.5439473e-04 6.9155911e-04 4.2807788e-04
 2.6036520e-03 9.9309146e-01 3.5635810e-04 4.4727209e-04] [9.7557314e-04 3.7737732e-04 1.0148372e-03 9.9456561e-01 4.0292085e-04
 1.0818483e-03 3.1404148e-04 3.5298528e-04 9.1476203e-04] [7.6020369e-05 1.3576623e-04 2.0554943e-04 2.7268086e-04 9.2676397e-05
 1.4903810e-04 9.9892884e-01 5.6635796e-05 8.2813232e-05] [0.00122124 0.00130214 0.00183533 0.97915053 0.00127505 0.0020384
 0.00182577 0.00128916 0.01006236] [7.4411248e-04 1.6080072e-03 1.3718782e-03 3.7178984e-03 1.0999833e-03
 4.4965963e-03 9.8046577e-01 9.3469158e-04 5.5611273e-03] [5.3697458e-04 5.2296265e-04 9.2855422e-04 2.4757491e-04 9.9661189e-01
 4.1399748e-04 1.6350862e-04 1.7018217e-04 4.0431856e-04] [0.00413675 0.00160773 0.00628958 0.00224121 0.00186735 0.01384742
 0.00206835 0.95635545 0.01158611] [0.01987632 0.01698824 0.85668516 0.05351673 0.0131667  0.00572577
 0.01305398 0.00867376 0.01231329] [1.2879500e-03 9.5148734e-04 1.0854435e-03 1.1492987e-03 1.3256397e-03
 6.2601110e-03 1.3853079e-03 9.8001784e-01 6.5368884e-03] [4.4180136e-03 9.7228247e-01 1.6582055e-02 1.2551990e-03 1.3188513e-03
 1.4847489e-03 1.0675627e-03 9.5896143e-04 6.3219096e-04] [0.11871196 0.03177166 0.2593115  0.18752728 0.06664136 0.17299306
 0.04801969 0.04364643 0.07137702] [6.1175111e-04 2.1758981e-04 4.7073164e-03 2.8836113e-04 9.9232072e-01
 5.2755984e-04 6.3314184e-04 2.2356980e-04 4.6998999e-04] [5.0682208e-04 2.6569469e-04 4.1104690e-04 2.0514305e-04 3.1324374e-04
 1.5123791e-04 9.9757510e-01 4.4106299e-04 1.3065254e-04] [0.0035072  0.00330189 0.9751159  0.00705769 0.00219839 0.00143117
 0.0021238  0.00211486 0.00314908] [6.6693063e-04 9.8764837e-01 5.3853360e-03 6.8989774e-04 6.5221160e-04
 1.2959922e-03 1.5432808e-03 1.3926539e-03 7.2536134e-04] [1.7156752e-04 8.5792359e-04 9.9785703e-01 1.9452647e-04 1.2040080e-04
 3.6852498e-04 1.3625489e-04 1.3929572e-04 1.5449732e-04] [1.5343844e-04 9.9816412e-01 2.0091352e-04 2.5611330e-04 2.0852109e-04
 2.9270459e-04 1.8624289e-04 2.2424618e-04 3.1370859e-04] [1.8436770e-03 9.8473781e-01 4.1141449e-03 1.3230045e-03 1.3379104e-03
 5.9111539e-04 9.4716885e-04 4.0908875e-03 1.0142787e-03] [0.00857111 0.00403249 0.00896729 0.50872725 0.00742197 0.31271988
 0.02203211 0.0047533  0.12277456] [2.6776132e-04 1.2431471e-04 1.1328228e-04 4.4801101e-04 1.2519417e-04
 4.3080733e-04 9.9675012e-01 9.5427633e-05 1.6451130e-03] [7.5202732e-04 5.1189843e-04 4.9943931e-04 1.7056448e-03 4.6652666e-04
 3.1062723e-03 1.0448585e-03 8.5049664e-04 9.9106288e-01] [1.2598532e-03 1.7349867e-03 4.6354732e-03 8.5866370e-04 1.4804654e-03
 1.6860957e-03 2.1057522e-03 9.8392636e-01 2.3123703e-03] [0.03418802 0.01620855 0.00749638 0.09453497 0.01665913 0.06511848
 0.00938644 0.01014178 0.74626625] [0.14001432 0.21881166 0.1898066  0.09508251 0.06949784 0.07899145
 0.0465334  0.10860353 0.05265867] [4.3299844e-04 2.0926229e-03 1.7024160e-03 4.0229966e-04 4.1319814e-04
 7.8168919e-04 7.1410590e-04 9.9322456e-01 2.3613893e-04] [7.1296241e-04 1.3657263e-03 2.9029089e-03 1.1887132e-03 3.3612840e-03
 1.2662353e-02 1.6632503e-03 9.8556431e-04 9.7515726e-01] [2.3622371e-04 2.2751125e-04 5.1517627e-04 8.5505989e-04 2.1671920e-04
 4.2723893e-04 2.8250230e-04 9.9590528e-01 1.3342352e-03] [0.02669211 0.05530402 0.58784497 0.0616016  0.04617479 0.0726506
 0.04111806 0.06192451 0.04668934] [0.89007205 0.03597266 0.03163726 0.0036852  0.00497789 0.01059192
 0.00299537 0.01841173 0.00165588] [8.7718334e-05 7.6569508e-05 7.6552424e-05 2.7215353e-04 9.2841306e-05
 1.8643142e-03 9.9709213e-01 6.8277324e-05 3.6948407e-04] [2.5406841e-04 1.2772206e-04 1.3672451e-04 1.8876008e-04 9.9629080e-01
 6.0571986e-04 2.4542958e-04 3.9992973e-04 1.7508900e-03] [0.04774118 0.16114002 0.03743788 0.02459965 0.04692543 0.15295543
 0.06835068 0.0387917  0.42205805] [5.6180189e-04 3.3651228e-04 2.7289698e-04 7.6891808e-04 1.1731799e-03
 4.6907617e-03 9.8901993e-01 1.0297354e-03 2.1462983e-03] [4.5834616e-04 2.1285489e-03 6.8906574e-03 9.8229235e-01 8.7331230e-04
 1.2036831e-03 7.0287014e-04 1.6277259e-03 3.8224335e-03] [0.00232994 0.00628537 0.05935457 0.9011008  0.002593   0.00469594
 0.00696138 0.00178204 0.01489695] [1.76103684e-04 4.83304000e-04 9.43335326e-05 3.23559041e-04
 9.97816682e-01 1.92558451e-04 1.09919885e-04 8.98595681e-05
 7.13664922e-04] [0.00273829 0.00225507 0.00160185 0.00585506 0.00229016 0.00678475
 0.00446119 0.9039876  0.07002605] [0.04570086 0.01460392 0.01788574 0.01373669 0.01466359 0.27567345
 0.14801005 0.01490191 0.45482382] [7.7890343e-04 3.2266318e-03 2.1373809e-03 8.1735564e-04 1.3047953e-03
 3.9925571e-03 9.8585147e-01 8.4798969e-04 1.0429536e-03] [2.0105034e-04 5.9565320e-04 7.7092747e-04 5.0020212e-04 1.6558386e-04
 9.9587715e-01 1.5774213e-03 1.8322503e-04 1.2880836e-04] [4.3139394e-04 6.6864229e-04 1.4612083e-03 9.8404908e-01 5.7981897e-04
 3.0094730e-03 6.5186759e-03 6.4555020e-04 2.6361842e-03] [6.7610713e-04 7.7228039e-04 9.9317658e-01 1.1492178e-03 9.4097771e-04
 6.2406762e-04 8.8012300e-04 6.8631367e-04 1.0942804e-03] [0.00433768 0.00266786 0.9794459  0.00296136 0.00266017 0.0024144
 0.00112635 0.00239681 0.0019895 ] [0.11796916 0.06135827 0.41457322 0.11718364 0.05747921 0.09493679
 0.03181161 0.02972089 0.0749672 ] [9.8710513e-01 1.3412873e-03 2.1341641e-03 1.1304092e-03 2.3743086e-03
 1.3502167e-03 2.5113991e-03 1.1320739e-03 9.2095527e-04] [0.00825364 0.01945109 0.9348556  0.00987937 0.00745531 0.00521134
 0.00405462 0.00793967 0.00289938] [1.6388169e-03 5.0702982e-04 1.2384108e-03 3.3753554e-04 5.5247813e-04
 3.8454123e-04 2.6662368e-04 9.9442428e-01 6.5028033e-04] [9.9480635e-01 1.0897551e-03 8.4438542e-04 5.5485731e-04 7.2234991e-04
 4.6933303e-04 7.7131786e-04 3.2730121e-04 4.1431902e-04] [0.04517321 0.02141032 0.02772283 0.04717239 0.03692492 0.45375434
 0.07274934 0.09872488 0.19636779] [0.12777103 0.01770044 0.03765175 0.3170295  0.02331443 0.08222673
 0.05556061 0.07915813 0.25958738] [6.9365028e-04 1.9818365e-03 9.9190921e-01 1.1290646e-03 8.1563706e-04
 4.4301775e-04 1.3976514e-03 7.0391415e-04 9.2599756e-04] [0.00340382 0.00469826 0.00117606 0.0036255  0.0074726  0.00557172
 0.00292199 0.81727606 0.15385403] [1.2635876e-03 1.0216960e-03 1.0638871e-03 1.2301829e-03 9.8462242e-01
 9.3089935e-04 5.7874713e-03 1.3444318e-03 2.7353531e-03] [1.6757289e-04 1.3537568e-04 1.9458996e-04 1.5702014e-04 1.4845541e-04
 9.9794859e-01 1.6356859e-04 1.3459404e-04 9.5023564e-04] [0.05104512 0.12949173 0.14348254 0.16132374 0.08473575 0.23863237
 0.05062612 0.05236943 0.08829324] [9.4983887e-05 9.9795109e-01 9.8729145e-04 1.0694817e-04 7.2012066e-05
 3.7727196e-04 1.2542872e-04 1.1399359e-04 1.7106396e-04] [0.00831705 0.00593136 0.01407799 0.00874588 0.00654714 0.00842266
 0.00707384 0.00713198 0.93375206] [1.1056238e-03 9.8521000e-01 3.3998445e-03 1.2226356e-03 1.1092416e-03
 2.9379502e-03 1.6114600e-03 7.3232566e-04 2.6708944e-03] [3.9601303e-04 2.6547365e-04 5.2838004e-04 9.9754119e-01 1.3097933e-04
 3.6513581e-04 3.1864556e-04 2.4006591e-04 2.1419575e-04] [0.02582225 0.06310466 0.38416147 0.24829707 0.17300802 0.01789584
 0.0191249  0.01284953 0.05573626] [2.0550939e-04 2.3106880e-04 1.6407014e-04 3.0591301e-04 1.5790737e-04
 9.9637789e-01 1.7892108e-04 7.4352254e-04 1.6352200e-03] [0.02465353 0.14471547 0.06651916 0.17991595 0.01650038 0.07898015
 0.0191785  0.01988233 0.44965455] [2.1797433e-03 1.4185911e-03 7.1612810e-04 9.4713405e-04 5.8426464e-04
 9.9169630e-01 9.4451685e-04 1.0514718e-03 4.6189482e-04] [1.5092030e-03 5.9957366e-04 1.5052136e-04 9.9046947e-04 3.1985540e-04
 1.2827693e-03 9.9398547e-01 3.5051320e-04 8.1163755e-04] [0.00368559 0.00206795 0.00217053 0.00203905 0.9686854  0.00211749
 0.00125396 0.00284932 0.01513072] [9.7794527e-01 7.1234540e-03 8.0121134e-04 3.0668259e-03 2.6824218e-03
 1.5227601e-03 4.1975966e-03 1.9334289e-03 7.2710519e-04] [0.01382154 0.15606302 0.0274101  0.3934747  0.01640975 0.12161534
 0.02019122 0.01500566 0.23600872] [1.4988234e-03 2.2249113e-04 1.5820104e-04 9.8990637e-01 4.7084622e-04
 4.9706427e-03 1.5665462e-03 3.5226200e-04 8.5388048e-04] [0.00348806 0.96279526 0.00810116 0.0015451  0.00495617 0.00813774
 0.00313609 0.00405795 0.00378249] [1.8670639e-03 9.7081560e-01 8.1979734e-04 6.0037972e-04 1.1408058e-03
 6.6424167e-04 9.3973108e-04 1.9130765e-02 4.0215594e-03] [0.04950555 0.06646833 0.15557693 0.27375877 0.07909765 0.13661541
 0.03543926 0.06375658 0.13978155] [7.0113392e-04 1.6601981e-03 9.9135584e-01 6.6063344e-04 7.4578222e-04
 8.3373865e-04 7.4350979e-04 2.3391009e-03 9.6004846e-04] [0.00695071 0.96441877 0.01105675 0.00396922 0.00403441 0.00167388
 0.00209379 0.00435966 0.00144287] [0.9749843  0.00238521 0.00486548 0.0020575  0.00214158 0.00382972
 0.00483    0.00285581 0.00205036] [0.01251787 0.06461307 0.01136687 0.08441645 0.00719129 0.04749447
 0.01226567 0.00746272 0.7526716 ] [0.02917112 0.02971346 0.04108552 0.08308922 0.11097301 0.15066028
 0.04442098 0.01887268 0.49201375] [0.00230555 0.00241742 0.00164013 0.00160426 0.00158797 0.00106038
 0.00318453 0.00111133 0.9850884 ] [3.5106920e-04 7.1085861e-04 1.1760001e-03 5.4470939e-04 5.4889050e-04
 1.7530675e-03 4.3059493e-04 9.9403232e-01 4.5246628e-04] [4.0846108e-04 9.8921251e-01 2.9352682e-03 7.1584876e-04 4.2872989e-04
 1.1483560e-03 2.0021335e-03 2.0433946e-03 1.1053130e-03] [0.04999637 0.01644839 0.01236198 0.03048425 0.02125645 0.66908926
 0.04232227 0.03366291 0.12437811] [2.0115029e-04 2.6427902e-04 5.8712816e-04 2.0126678e-04 2.1543755e-04
 1.9572758e-04 3.9871805e-04 9.9721080e-01 7.2553364e-04] [8.6669804e-04 9.7763503e-01 1.4007613e-03 1.2908874e-03 1.1824201e-03
 1.8363094e-03 3.2420363e-03 1.0859312e-02 1.6865915e-03] [0.05562929 0.24101949 0.13177912 0.04288105 0.12056974 0.10478955
 0.09197898 0.08561053 0.12574224] [9.1647726e-01 5.0933316e-04 6.7163090e-04 8.0359571e-02 5.7731470e-04
 5.1393069e-04 2.7207797e-04 3.0583955e-04 3.1309354e-04] [0.0010839  0.00169389 0.9657478  0.01548945 0.00735643 0.00329386
 0.0023324  0.00149599 0.00150628] [0.05130355 0.02308372 0.13256662 0.13169669 0.03817233 0.27049264
 0.07787855 0.05243714 0.22236878] [9.9265820e-01 8.1240333e-04 1.7641181e-03 1.2023548e-03 4.1631219e-04
 1.2805280e-03 8.3851238e-04 4.6782315e-04 5.5969047e-04] [1.1582689e-03 1.8255088e-03 7.5123250e-03 9.8272657e-01 8.9466531e-04
 2.0960034e-03 2.2379744e-03 8.3882676e-04 7.0992199e-04] [1.7926590e-04 3.0685324e-04 1.2523838e-04 1.0853457e-04 1.8369236e-04
 6.0095679e-04 9.9789739e-01 3.4907085e-04 2.4898080e-04] [1.3939392e-04 9.9789411e-01 4.0614267e-04 2.7344996e-04 3.0273170e-04
 2.0420230e-04 1.6596004e-04 3.4601381e-04 2.6797072e-04] [0.0144905  0.02596832 0.01604381 0.01222933 0.8464858  0.02332423
 0.01457153 0.01479169 0.03209484] [0.24873413 0.01901629 0.0047412  0.02419723 0.00657496 0.01490943
 0.6470087  0.00671856 0.02809946] [1.2221780e-03 5.4613850e-04 1.7477140e-04 7.1645848e-04 9.9434471e-01
 9.8880788e-04 6.6406099e-04 9.4664877e-04 3.9627033e-04] [0.19137038 0.00143741 0.0401984  0.7589747  0.00167099 0.00187373
 0.00147355 0.00210605 0.0008948 ] [5.5174337e-04 1.2447592e-03 8.6406176e-04 5.4207514e-04 1.7969675e-03
 7.2100962e-04 6.5352058e-04 9.9167258e-01 1.9532684e-03] [1.7277857e-04 6.7787390e-05 5.3530279e-05 1.8116678e-04 8.4761152e-05
 1.3099333e-03 9.9747223e-01 3.4071913e-04 3.1702803e-04] [2.1314068e-04 8.6517801e-04 3.1960555e-04 4.7535874e-04 9.9631208e-01
 6.1614451e-04 6.7405484e-04 3.1765591e-04 2.0678999e-04] [1.6118452e-04 2.2854733e-04 2.0042682e-04 3.0327338e-04 1.6261129e-04
 4.0415651e-04 9.9773657e-01 1.5669108e-04 6.4651261e-04] [1.9735290e-04 3.5615719e-04 3.3744832e-04 6.3297967e-04 2.5657372e-04
 4.5138571e-04 3.4549632e-04 9.9714738e-01 2.7518312e-04] [0.00626076 0.00722404 0.9336229  0.01685013 0.01226157 0.00548878
 0.00768152 0.0043802  0.00623017] [1.2812070e-03 1.1081992e-03 5.1185983e-04 2.0305526e-03 8.3602377e-04
 1.6374795e-03 1.6398345e-03 9.8660314e-01 4.3517603e-03] [1.0335238e-04 6.0711708e-04 2.6433062e-04 9.0544461e-05 1.3531068e-04
 7.6128560e-04 9.9778509e-01 1.8245257e-04 7.0502050e-05] [4.0738093e-04 7.7982224e-04 9.9594170e-01 6.8935199e-04 5.6591851e-04
 2.9917611e-04 5.8333285e-04 3.6978885e-04 3.6349986e-04] [0.00418328 0.00795304 0.00694204 0.02887036 0.00718849 0.01881513
 0.47166482 0.013054   0.44132882] [0.0144216  0.0031327  0.00251984 0.00260117 0.9667487  0.00251599
 0.00253574 0.00354547 0.00197884] [3.7452186e-04 5.6624940e-05 7.9823818e-05 4.0518085e-04 1.7286431e-04
 9.9821281e-01 1.5646208e-04 9.3775649e-05 4.4789573e-04] [0.08915623 0.21731617 0.05102305 0.20795944 0.06725467 0.12815526
 0.04664896 0.14912991 0.0433563 ] [2.7021722e-04 5.9230172e-04 2.7711503e-04 2.5189607e-04 4.2989114e-04
 3.1345148e-04 7.5567636e-04 9.9562967e-01 1.4797549e-03] [2.2928539e-04 6.6344757e-05 9.4215451e-05 6.0094520e-04 1.2054271e-04
 9.9784863e-01 2.9219294e-04 3.0830986e-04 4.3949785e-04] [1.9941183e-03 3.5240044e-04 2.6939460e-04 1.3074785e-03 7.3597801e-04
 9.9300015e-01 5.9398229e-04 4.9249950e-04 1.2539781e-03] [5.5836665e-04 2.2818169e-03 4.8060936e-04 7.5759983e-04 5.7610974e-04
 1.3340773e-03 1.2174954e-03 9.9223399e-01 5.5994932e-04] [0.0037054  0.00236691 0.00164759 0.00173843 0.00268713 0.0052314
 0.00234232 0.00173559 0.9785452 ] [5.3345102e-05 1.2663644e-04 4.3433993e-05 4.5279920e-04 1.0625272e-04
 5.3963106e-04 9.9825007e-01 2.4265145e-04 1.8520292e-04] [1.8351460e-04 3.1354165e-04 4.3738450e-04 3.4093583e-04 1.4096395e-04
 2.1684557e-04 9.9268919e-01 2.3162476e-04 5.4459944e-03] [9.9693310e-01 1.7755463e-04 5.6695426e-04 2.2238887e-04 1.9686336e-04
 7.2999910e-04 2.1303530e-04 3.2733160e-04 6.3269399e-04] [0.22175829 0.12472036 0.18845955 0.1097591  0.04697188 0.1356138
 0.0594685  0.05318946 0.0600591 ] [0.00881911 0.00771988 0.9289621  0.00713972 0.00683401 0.00779233
 0.01255334 0.01385211 0.00632738] [1.1793791e-03 2.0570992e-03 8.7943842e-04 1.8937463e-03 2.5633774e-03
 6.0016969e-03 2.2092599e-03 1.3569690e-03 9.8185903e-01] [1.2547179e-03 1.0339313e-03 4.6751834e-04 9.8636264e-01 1.0262129e-03
 5.5016703e-03 9.0444990e-04 8.3588454e-04 2.6129552e-03] [3.1254446e-04 3.0148489e-04 2.8435441e-04 1.9352454e-04 2.1013882e-04
 2.0194481e-04 1.5125889e-04 9.9668366e-01 1.6610997e-03] [9.9114418e-01 8.8452460e-04 2.4590287e-03 6.2425900e-04 7.2645507e-04
 2.2396876e-03 5.2713987e-04 6.2706129e-04 7.6771731e-04] [3.8136987e-04 1.6224729e-04 1.9551060e-04 2.0293506e-04 2.6919265e-04
 3.0334282e-04 2.6761257e-04 9.9043393e-01 7.7837934e-03] [1.1091613e-03 2.9781512e-03 2.9679611e-02 9.4802725e-01 8.7823166e-04
 1.4876888e-02 1.0310670e-03 9.1045850e-04 5.0920626e-04] [0.00821517 0.00975086 0.02901497 0.9277868  0.00405497 0.00542964
 0.005763   0.00234346 0.00764104] [2.5252748e-04 3.4694988e-04 1.8327972e-03 6.5072282e-04 9.9554610e-01
 5.8269559e-04 4.1279109e-04 1.4932849e-04 2.2602850e-04] [9.6054631e-04 3.4033773e-03 2.8049788e-03 1.9087975e-03 1.3461080e-03
 1.8539372e-03 1.4173344e-03 9.8413473e-01 2.1702023e-03] [0.06699355 0.09315924 0.20524119 0.08021072 0.08184434 0.15545678
 0.04044681 0.13014048 0.14650695] [1.6507892e-03 7.7998952e-04 1.8953646e-03 4.9903640e-04 6.9010514e-04
 3.7871392e-03 4.9026444e-04 9.8936987e-01 8.3738455e-04] [0.07244156 0.27596977 0.12862867 0.05890534 0.0727182  0.17406206
 0.10901959 0.0452632  0.06299157] [9.9621695e-01 1.0687923e-03 3.5481711e-04 2.0782652e-04 3.1563477e-04
 9.8324951e-04 4.9497973e-04 2.2284585e-04 1.3493552e-04] [2.4011159e-04 1.3271696e-04 2.0652123e-04 3.5030750e-04 9.9806219e-01
 3.1754241e-04 1.4866205e-04 1.2095363e-04 4.2097236e-04] [7.4724708e-04 4.8536452e-04 1.1059173e-03 1.0156257e-03 6.9548667e-04
 2.2732911e-03 4.2648702e-03 1.6909508e-03 9.8772126e-01] [4.0637341e-04 1.4237907e-04 3.3856169e-04 1.2624287e-03 9.9332374e-01
 2.8297235e-04 5.5983156e-04 3.9635037e-04 3.2873349e-03] [9.6849806e-05 6.2209678e-05 9.2509516e-05 1.3746621e-04 8.7690816e-05
 9.9843854e-01 5.6354213e-04 2.8751913e-04 2.3368096e-04] [1.6719550e-02 4.8174392e-04 6.4584514e-04 1.6704176e-04 3.7984640e-04
 2.3776562e-04 9.7985131e-01 1.1909996e-03 3.2592349e-04] [3.8639182e-04 3.9576480e-04 1.9046852e-04 1.9451304e-04 1.2972631e-04
 7.1323360e-04 9.9580234e-01 2.1323122e-03 5.5249006e-05] [0.00132885 0.00703532 0.9681354  0.01092122 0.00121783 0.00165826
 0.00677354 0.00138368 0.00154588] [1.0370645e-03 2.7165000e-04 3.4109247e-04 3.4430302e-03 3.7826010e-04
 5.0938195e-03 9.8710585e-01 2.1212753e-04 2.1171188e-03] [7.9447305e-04 1.1430804e-03 2.4620278e-03 1.0602479e-03 7.6888350e-04
 6.9508626e-04 9.8866236e-04 9.9111068e-01 9.7690278e-04] [3.8573696e-04 3.2074424e-04 7.1043969e-04 9.9235803e-01 1.2732374e-03
 1.2520604e-03 5.2719895e-04 6.7405985e-04 2.4984567e-03] [4.5141258e-04 4.4319215e-03 9.8932040e-01 1.9288694e-03 7.2980922e-04
 1.7987015e-03 5.4720166e-04 4.0577777e-04 3.8594741e-04] [0.9517016  0.01056278 0.00305174 0.00333862 0.00333485 0.00284753
 0.01239693 0.00680841 0.00595749] [0.01120962 0.86427176 0.02097302 0.00703688 0.01016617 0.01522848
 0.01559957 0.01506196 0.04045249] [5.2323700e-03 4.0084851e-04 1.0551433e-03 1.1230379e-04 9.9131572e-01
 7.7009096e-04 7.9832523e-04 1.7279835e-04 1.4236987e-04] [0.06230477 0.34453666 0.17918713 0.08433329 0.09059332 0.02746011
 0.09161039 0.0429627  0.07701159] [3.0201982e-04 1.3154260e-03 3.6877065e-04 4.5959814e-03 5.3995964e-04
 1.5561817e-03 9.6408612e-01 2.5627375e-02 1.6081025e-03] [9.9755365e-01 3.4666655e-04 5.9122796e-04 1.5913123e-04 3.4165900e-04
 8.0701640e-05 1.2772478e-04 2.1410447e-04 5.8519206e-04]",1 3 5 5 7 4 5 5 3 1 0 3 8 4 8 4 3 5 8 1 0 1 6 0 3 4 1 1 5 7 2 8 8 3 7 4 6 3 4 1 2 0 1 3 0 8 3 8 4 4 6 2 2 2 1 4 3 4 0 5 0 8 2 2 5 7 0 1 8 6 3 6 3 6 4 7 2 7 1 0 4 6 2 1 2 1 1 5 6 8 7 5 0 7 8 7 2 0 6 4 8 6 3 3 4 7 8 6 5 3 2 2 2 0 2 7 0 5 3 2 8 4 5 8 1 8 1 3 2 5 8 5 6 4 0 8 3 1 1 3 2 1 0 8 5 8 7 1 5 7 1 1 0 2 3 0 3 6 1 4 6 4 0 7 6 4 6 7 2 7 6 2 6 4 5 8 7 5 5 7 8 6 6 0 0 2 8 5 7 0 7 3 3 4 7 5 7 5 0 4 8 4 5 6 6 2 6 7 3 2 0 1 4 7 6 0
