dataset_id,fold,checkpoint,sparsity,features,features_added,accuracy,roc_auc_score,prediction_probas,ground_truth
188,0,xgboost,0.02,14,0,0.6756756756756757,0.9256094927913221,"[2.3818631e-05 1.2613394e-05 2.3187096e-04 1.4978490e-05 9.9971670e-01] [2.7918801e-02 5.7267566e-06 5.6541929e-05 9.3247855e-01 3.9540317e-02] [5.3043542e-03 4.4005799e-01 5.5415463e-01 1.6212765e-04 3.2087302e-04] [0.97792196 0.00355471 0.00251503 0.01369974 0.00230854] [4.5269227e-01 3.1920490e-04 5.4352367e-01 1.0731892e-03 2.3916627e-03] [1.0857076e-04 1.6101201e-05 2.6548735e-04 1.3548437e-05 9.9959630e-01] [3.4248354e-05 4.0342111e-05 3.4569346e-04 2.4230752e-05 9.9955541e-01] [0.02350569 0.00217713 0.00264434 0.84722906 0.12444377] [9.5541841e-01 2.4343504e-05 4.3705277e-02 6.8573642e-04 1.6627503e-04] [0.19705585 0.00061114 0.00370784 0.52241725 0.27620792] [0.5985411  0.03840753 0.3584975  0.00240555 0.00214834] [2.2960543e-03 1.7121905e-01 8.2480431e-01 1.4170309e-04 1.5388350e-03] [0.2559473  0.06648545 0.674724   0.00172282 0.00112045] [1.1099993e-02 4.3527398e-01 5.5271870e-01 7.8036188e-04 1.2697243e-04] [7.1516158e-03 6.4368448e-03 9.8469073e-01 3.4089194e-04 1.3798972e-03] [3.1395428e-02 1.0611982e-05 4.7740286e-05 9.5865852e-01 9.8876888e-03] [1.1167119e-02 4.2467691e-02 9.4617289e-01 2.4616947e-05 1.6767850e-04] [2.8448438e-04 5.8010744e-04 9.9881434e-01 7.9985337e-05 2.4107272e-04] [3.2909745e-01 3.3307445e-04 6.6947186e-01 1.5185977e-04 9.4581745e-04] [1.0669584e-03 9.7527212e-01 2.3304684e-02 9.7297736e-05 2.5895957e-04] [2.0319156e-05 1.2069174e-07 1.1536939e-06 1.7859631e-03 9.9819249e-01] [0.07664102 0.07560006 0.30152085 0.00953344 0.53670466] [7.5124674e-02 7.7749154e-04 9.2354119e-01 1.5514327e-04 4.0141924e-04] [1.5494005e-03 2.0988883e-02 9.7741187e-01 9.8776009e-06 4.0003866e-05] [1.1887853e-02 1.4473138e-05 8.3839950e-06 9.8737460e-01 7.1476999e-04] [7.2627722e-06 7.9661503e-04 3.5493582e-04 1.0186956e-05 9.9883097e-01] [0.3571104  0.01019896 0.00041793 0.2221875  0.4100852 ] [0.47095996 0.0005263  0.00143012 0.45599905 0.07108452] [1.1903271e-04 6.3019007e-04 9.9904162e-01 9.7775301e-06 1.9932384e-04] [8.6267553e-03 9.6028960e-01 3.0859724e-02 1.1439059e-05 2.1249639e-04] [3.81741370e-03 8.40179382e-06 3.21865846e-05 1.03458084e-01
 8.92683923e-01] [4.6298911e-07 9.9779701e-01 2.1951941e-03 1.7486664e-06 5.5729647e-06] [6.4766896e-03 1.6323518e-05 4.6522488e-05 2.1836016e-01 7.7510029e-01] [2.2307990e-02 9.6924275e-01 5.8056093e-03 5.0876569e-04 2.1348521e-03] [4.5090717e-05 9.8829517e-08 7.1606473e-07 9.1886474e-04 9.9903524e-01] [9.9980086e-01 3.6502283e-07 6.1484338e-06 1.5566341e-04 3.6957965e-05] [2.0597750e-05 4.8435750e-06 9.4202020e-05 6.0325265e-06 9.9987435e-01] [1.07765474e-04 1.63656726e-01 8.35878909e-01 1.63507662e-04
 1.93085114e-04] [2.5022200e-03 1.0947031e-01 8.8756937e-01 6.1678504e-05 3.9644504e-04] [1.2015997e-03 5.8041645e-05 5.0436474e-06 9.9856383e-01 1.7154682e-04] [2.3613760e-02 9.5136344e-01 2.4390627e-02 4.4716045e-04 1.8502185e-04] [0.6704588  0.02444163 0.20200019 0.08187255 0.02122682] [5.3943294e-01 8.8439056e-06 6.1731378e-05 4.4958794e-01 1.0908604e-02] [9.4171816e-01 2.8549787e-04 5.0698385e-02 6.2809470e-03 1.0169778e-03] [4.7052898e-05 7.7799014e-05 1.7761915e-04 6.6496999e-05 9.9963105e-01] [0.21409021 0.76119465 0.02252285 0.00123554 0.00095672] [6.5870088e-01 1.2242810e-04 2.1884394e-05 3.4002358e-01 1.1311995e-03] [7.3613495e-01 7.1829549e-05 2.6300195e-01 4.0589136e-04 3.8541385e-04] [7.4548426e-04 3.4369445e-05 1.6186063e-05 3.1915602e-05 9.9917209e-01] [9.9206877e-01 1.3148635e-05 4.8056897e-04 7.1921609e-03 2.4535044e-04] [8.0058253e-01 3.5218036e-04 1.9318902e-01 3.4112707e-03 2.4649717e-03] [3.0063561e-01 1.2444592e-01 5.7164705e-01 2.9880351e-03 2.8335952e-04] [0.43008715 0.00973401 0.554449   0.00152982 0.00420002] [1.6769527e-04 9.1010499e-01 8.9356400e-02 1.2683001e-04 2.4410036e-04] [5.5290400e-03 7.8656577e-02 9.1514599e-01 1.5552582e-04 5.1286712e-04] [1.2419339e-04 1.2887912e-04 3.2544084e-04 1.7572824e-05 9.9940395e-01] [3.5321293e-04 5.2834098e-06 5.8973988e-04 8.3355761e-01 1.6549416e-01] [9.7444671e-04 1.0286865e-04 4.6165517e-04 9.0649951e-01 9.1961473e-02] [9.8960555e-01 1.8882348e-04 2.5183321e-03 2.9467302e-03 4.7405688e-03] [9.9916828e-01 3.6285892e-05 2.0363209e-04 7.2105737e-05 5.1974022e-04] [8.6227148e-05 7.7632893e-07 6.9759617e-06 2.3329027e-04 9.9967277e-01] [9.8493028e-01 1.5475499e-04 1.4734676e-02 4.3272441e-05 1.3697163e-04] [3.6758312e-05 3.7561260e-06 1.9337303e-05 1.3856048e-03 9.9855453e-01] [3.1668771e-04 3.1531499e-06 7.6083115e-06 8.6482298e-03 9.9102437e-01] [5.47061267e-04 1.93538108e-05 1.06619285e-04 6.87435046e-02
 9.30583477e-01] [5.5059241e-03 9.7874796e-01 1.4272281e-02 2.4869424e-04 1.2250945e-03] [2.7888629e-04 1.3162490e-06 4.1722640e-05 7.1163327e-03 9.9256176e-01] [1.1645692e-04 3.1618107e-04 9.9950516e-01 1.3287912e-05 4.8854257e-05] [2.3020711e-03 4.2428495e-04 9.9675268e-01 2.5327495e-04 2.6766933e-04] [1.0924758e-01 6.4229471e-06 6.5610722e-05 8.7174451e-01 1.8935891e-02] [3.3689241e-05 5.3996423e-06 9.2548507e-05 1.4980538e-05 9.9985337e-01] [8.9244768e-02 4.6099775e-04 8.1522334e-03 8.5026556e-01 5.1876366e-02] [0.37148875 0.00213375 0.27354503 0.3435626  0.00926991] [1.5053203e-02 6.1023206e-02 9.2357886e-01 2.4970659e-04 9.5085110e-05] [1.2456730e-04 6.0245091e-01 3.9732140e-01 4.4535427e-06 9.8617376e-05] [0.20667289 0.00152951 0.6344645  0.09639208 0.06094101] [1.6790538e-04 2.4255489e-03 9.9729723e-01 2.6370559e-05 8.3010818e-05] [5.1931955e-04 1.2534418e-05 2.5852254e-04 6.4862121e-05 9.9914479e-01] [1.58600451e-03 3.93755399e-05 9.97803867e-01 4.69075632e-04
 1.01615326e-04] [1.2032412e-01 1.2462071e-04 8.7790233e-01 1.0640692e-03 5.8481260e-04] [3.1190531e-03 3.5503346e-03 9.9139434e-01 5.5600616e-05 1.8806182e-03] [9.9574281e-03 7.5014977e-05 2.9562862e-04 9.8943043e-01 2.4146827e-04] [5.2579704e-05 5.1403372e-06 2.4349816e-05 4.4242192e-05 9.9987364e-01] [0.02415011 0.00201662 0.0006789  0.60268974 0.37046465] [3.1659134e-02 2.9368810e-03 9.6455264e-01 1.4050413e-04 7.1082759e-04] [0.7375287  0.00101824 0.03093155 0.21404111 0.01648035] [0.84528327 0.00292924 0.03942356 0.09823001 0.01413394] [2.7727106e-01 2.7902788e-04 6.4227229e-04 7.0160818e-01 2.0199407e-02] [3.6746490e-06 9.9956280e-01 4.2925784e-04 1.0528578e-06 3.2203625e-06] [5.6578865e-04 4.0667695e-01 5.9144998e-01 1.4018889e-04 1.1670990e-03] [4.1278931e-03 7.5235698e-06 1.7752941e-04 2.6111528e-03 9.9307585e-01] [0.7208642  0.19487052 0.06053734 0.0186889  0.00503904] [3.9240588e-03 9.1406517e-02 9.0438992e-01 9.2115843e-05 1.8734942e-04] [1.1102569e-03 4.5837367e-01 5.4044443e-01 3.1610452e-05 4.0027669e-05] [2.1391070e-06 9.8447984e-01 1.5514148e-02 5.4293417e-07 3.3484393e-06] [3.4610138e-04 9.7790107e-06 2.8660474e-04 7.0196213e-05 9.9928731e-01] [8.6854052e-05 7.6312334e-03 9.9224126e-01 4.4745120e-06 3.6163219e-05] [0.32438007 0.55510426 0.11747102 0.00057553 0.00246912] [4.8119342e-04 9.8490773e-06 7.6153905e-05 2.9163310e-02 9.7026956e-01] [0.67055225 0.00513262 0.05104809 0.04682957 0.2264375 ] [9.5147693e-01 7.1812960e-05 6.3301623e-03 4.0812779e-02 1.3083363e-03] [1.3302567e-03 5.0731409e-01 4.9100021e-01 1.8574818e-04 1.6969888e-04] [1.2964614e-04 1.5772240e-02 9.8403913e-01 1.4061906e-05 4.4875491e-05] [2.5221623e-05 4.8168752e-01 5.1823527e-01 1.4062040e-05 3.7952374e-05] [9.2629530e-04 8.7768940e-04 4.6591870e-03 6.2152205e-05 9.9347466e-01] [0.61311424 0.00428425 0.13105822 0.09805455 0.15348873] [1.6338736e-05 5.0326388e-08 5.0925667e-07 5.0478190e-04 9.9947840e-01] [1.79622183e-03 7.37146547e-05 1.07174026e-04 9.87023711e-01
 1.09991273e-02] [1.1927657e-01 4.7738149e-04 8.7930387e-01 4.4692963e-05 8.9750503e-04] [0.13748659 0.14011885 0.711637   0.00872415 0.00203339] [6.3474923e-02 3.3171062e-05 7.0701448e-05 9.3143296e-01 4.9882545e-03] [2.7465881e-03 2.6281259e-05 4.0214254e-05 8.8407820e-01 1.1310870e-01] [1.1886845e-03 5.2519692e-05 2.1669161e-02 7.3945230e-01 2.3763728e-01] [1.0272437e-01 1.6999251e-04 6.2259682e-03 8.8604712e-01 4.8325527e-03] [1.2246353e-02 5.1386499e-01 4.7365507e-01 1.1784729e-04 1.1573479e-04] [1.6251323e-03 2.1047124e-06 2.5510621e-05 3.7273637e-03 9.9461985e-01] [2.6444992e-04 2.9353119e-04 3.5451862e-04 1.2968121e-05 9.9907446e-01] [9.8733681e-01 7.1201859e-05 1.2003558e-02 3.0353610e-04 2.8491308e-04] [8.4768873e-01 5.5740257e-03 1.4253041e-01 4.0343697e-03 1.7247618e-04] [9.4986314e-01 3.3111724e-03 4.3320931e-02 4.1373057e-04 3.0910557e-03] [0.3438363  0.00488745 0.13076897 0.49994683 0.02056044] [9.7433120e-01 1.0676887e-04 9.0484158e-04 2.3964489e-02 6.9272792e-04] [7.0439501e-06 3.5607803e-07 8.0124352e-07 1.2279797e-03 9.9876380e-01] [7.7578223e-01 3.3777254e-05 2.2370027e-01 3.2203103e-04 1.6168288e-04] [0.26724812 0.00792743 0.41663408 0.30733964 0.00085077] [9.4657065e-03 3.8060307e-06 3.9187871e-05 9.9044913e-01 4.2168289e-05] [1.2223326e-03 1.1235126e-01 8.8615853e-01 6.9672416e-05 1.9818696e-04] [1.2124396e-02 2.8616138e-02 9.5874739e-01 3.0059635e-04 2.1145903e-04] [0.9157168  0.00574421 0.07147242 0.00378409 0.00328242] [6.6233893e-05 4.1038498e-07 8.7230064e-06 2.5391111e-03 9.9738556e-01] [1.9879036e-03 5.1840264e-01 4.7918385e-01 1.1899058e-04 3.0659258e-04] [4.3289956e-02 7.0278265e-02 8.8508683e-01 8.6424616e-04 4.8068928e-04] [9.6417572e-03 5.1630882e-04 9.8953724e-01 1.4123500e-04 1.6349628e-04] [2.0282812e-02 9.5980978e-01 1.8816067e-02 8.2699157e-04 2.6437230e-04] [2.5819400e-02 3.0420069e-04 7.3813309e-04 9.6947384e-01 3.6643916e-03] [9.9175316e-01 8.6412147e-06 7.9259087e-05 8.0879284e-03 7.1077753e-05] [1.5447907e-01 3.7089796e-04 8.4316510e-01 2.9185155e-04 1.6931432e-03] [0.53627557 0.04382499 0.01766885 0.2829124  0.11931821] [7.8879058e-01 3.6381694e-04 9.5686279e-03 2.0026727e-01 1.0097288e-03] [8.7128450e-05 1.8453501e-02 9.8098594e-01 1.3184275e-04 3.4159113e-04] [5.8083874e-03 2.2737979e-05 6.7140070e-05 9.7607601e-01 1.8025694e-02] [0.07521475 0.00107692 0.2656122  0.65666896 0.00142715] [9.2009157e-01 7.8378269e-04 1.7037138e-02 3.9840363e-02 2.2247218e-02] [0.17846759 0.11812397 0.6992901  0.00323827 0.00088008] [5.6056124e-01 6.9414011e-05 5.7625136e-04 4.3732503e-01 1.4680821e-03] [2.55789564e-05 1.08703665e-04 2.95726815e-04 1.49760681e-05
 9.99555051e-01] [1.3564175e-02 3.3409066e-05 5.9688653e-05 9.8504239e-01 1.3003842e-03] [0.9051668  0.00187597 0.01558702 0.014902   0.06246817]",4 3 2 0 2 4 4 0 2 3 2 1 1 2 2 4 2 2 2 1 4 4 2 2 3 4 3 3 1 1 4 1 3 2 4 0 4 1 2 3 2 2 3 0 4 1 0 2 4 0 2 1 2 1 2 4 4 3 0 0 4 2 4 4 4 1 4 2 2 3 4 0 2 2 2 2 2 4 2 0 2 3 4 4 2 3 0 0 1 1 4 2 2 1 1 4 2 2 4 0 0 1 2 2 4 0 4 3 2 1 3 4 3 0 1 4 4 0 0 2 3 3 4 0 3 3 2 2 0 4 1 1 0 2 4 0 0 3 2 2 4 0 0 1 0 4 3 3
188,1,xgboost,0.02,14,0,0.6394557823129252,0.8787797640787673,"[0.06432702 0.17297794 0.7571816  0.00163886 0.00387464] [0.78615123 0.00084507 0.01722637 0.03657502 0.1592023 ] [2.3985861e-04 3.9583972e-01 6.0349441e-01 1.5948205e-04 2.6652293e-04] [2.1963723e-02 5.1935646e-03 9.7070080e-01 1.7139229e-03 4.2802372e-04] [2.3808941e-06 1.1704271e-05 4.7643612e-06 3.3065119e-06 9.9997783e-01] [2.3571039e-05 3.4168252e-01 6.5711832e-01 2.8815495e-05 1.1468082e-03] [3.0120762e-05 4.9952775e-01 5.0026333e-01 8.3563209e-05 9.5217358e-05] [0.28241035 0.00231224 0.00493719 0.6045996  0.10574065] [0.06101107 0.00149418 0.01762304 0.52256054 0.3973112 ] [2.2986249e-05 6.4776643e-05 9.9990654e-01 3.0836698e-06 2.5630750e-06] [2.0559685e-04 2.0147425e-05 5.9273978e-05 2.9956684e-01 7.0014817e-01] [0.39215568 0.03295737 0.41848144 0.15292116 0.00348436] [5.2203264e-02 1.3521408e-04 9.4725627e-01 2.1188444e-04 1.9332374e-04] [1.4111886e-04 2.9975691e-04 9.9952483e-01 5.0154899e-06 2.9307746e-05] [8.6362641e-03 1.4842093e-01 8.4239089e-01 5.2242697e-04 2.9463392e-05] [1.5273745e-02 1.8958496e-04 4.5907471e-04 7.4921882e-01 2.3485880e-01] [9.9663168e-01 5.5795367e-06 3.9405419e-05 2.5858681e-03 7.3745963e-04] [1.6200545e-05 8.2932428e-07 5.3731031e-07 6.9890812e-04 9.9928349e-01] [4.8891256e-06 4.3938435e-05 8.4063795e-05 3.0948163e-06 9.9986398e-01] [1.6985349e-03 2.6392933e-02 9.7153622e-01 1.9254917e-04 1.7974791e-04] [7.9814553e-02 2.8946765e-03 9.1422755e-01 4.2213863e-04 2.6410942e-03] [4.0151528e-04 4.1651561e-05 9.9947888e-01 4.3417633e-05 3.4580051e-05] [4.0874057e-02 9.5451731e-05 9.0855680e-04 1.5430933e-02 9.4269097e-01] [1.7596020e-03 4.0260389e-01 5.9546131e-01 5.0554889e-05 1.2469215e-04] [1.0567398e-02 1.5809291e-04 9.7637618e-01 1.2393068e-02 5.0523755e-04] [1.05445795e-02 5.40332869e-04 3.44005250e-03 9.67977703e-01
 1.74972899e-02] [7.7466308e-03 1.3263045e-04 9.8984599e-01 2.0300376e-03 2.4473816e-04] [2.2887178e-02 2.7123548e-04 1.0169270e-03 7.5895357e-01 2.1687116e-01] [7.9358977e-01 7.0244081e-02 1.3498805e-01 9.4492733e-04 2.3316113e-04] [0.00489445 0.02205583 0.9540181  0.01710124 0.0019303 ] [3.6169757e-05 4.0385139e-06 1.1867503e-06 2.3484575e-03 9.9761009e-01] [0.0197897  0.03720728 0.9365265  0.00492865 0.00154788] [1.6614565e-04 8.5600902e-07 6.9255152e-06 1.1350687e-03 9.9869102e-01] [6.0149792e-05 5.0460208e-06 2.4417363e-05 7.1660959e-04 9.9919373e-01] [2.4627832e-01 6.6621345e-04 7.5207388e-01 1.5184472e-04 8.2971470e-04] [3.7116292e-01 9.6500124e-05 1.6570042e-01 4.6175334e-01 1.2868413e-03] [0.241868   0.3776943  0.37354517 0.00047147 0.00642103] [8.5105551e-03 4.6461641e-06 1.8795580e-04 1.6830793e-02 9.7446603e-01] [6.9893519e-03 3.5513070e-04 2.8761884e-04 1.4719646e-03 9.9089593e-01] [9.6564781e-04 1.3675119e-04 8.4751769e-04 7.8201443e-03 9.9022990e-01] [1.4413857e-01 1.2400786e-03 8.5286885e-01 2.0550835e-04 1.5469918e-03] [1.7804686e-03 1.8494318e-05 4.3297514e-05 9.0863967e-01 8.9518085e-02] [6.4241533e-05 1.4118883e-07 7.5299459e-07 1.9706251e-05 9.9991512e-01] [0.04263625 0.00077662 0.00534583 0.6846946  0.26654676] [1.3711505e-01 4.4568729e-02 8.1528950e-01 2.7688688e-03 2.5784966e-04] [4.3817909e-04 9.4315044e-05 9.9943513e-01 1.9626064e-05 1.2757387e-05] [6.6432729e-02 8.1975420e-04 7.7783866e-03 9.0241754e-01 2.2551650e-02] [1.3881177e-03 4.2986931e-06 5.6311751e-06 6.8748598e-03 9.9172711e-01] [0.00384064 0.00931355 0.00945024 0.94697785 0.03041779] [0.42241564 0.05792429 0.5173721  0.00098617 0.00130184] [9.2799630e-05 1.2283840e-06 1.1811721e-06 4.4359550e-01 5.5630928e-01] [2.7226470e-03 3.8060904e-02 9.5820504e-01 6.4118271e-04 3.7027712e-04] [3.1782421e-03 5.0331693e-04 9.8775566e-01 8.1895087e-03 3.7320619e-04] [4.8745517e-04 1.0630815e-01 8.9285523e-01 3.7424896e-05 3.1169769e-04] [4.3556429e-07 9.9933285e-01 6.6229037e-04 9.5636130e-07 3.4572379e-06] [2.8519819e-03 9.5105406e-06 9.3091163e-05 2.6440644e-01 7.3263896e-01] [5.8487221e-04 9.4190544e-01 5.7433128e-02 1.8397090e-05 5.8136342e-05] [4.1570747e-04 1.3290719e-03 9.9818438e-01 1.7713513e-05 5.3112912e-05] [0.07310844 0.01014114 0.5181906  0.37617856 0.02238127] [1.02242275e-05 1.00263478e-07 1.69491400e-07 1.01995212e-03
 9.98969555e-01] [3.6313737e-04 8.8873945e-02 9.0968782e-01 5.0389953e-04 5.7120563e-04] [7.9811430e-01 4.8329146e-04 1.9342610e-01 3.0391093e-03 4.9372632e-03] [1.9597821e-03 8.8952229e-06 1.9589235e-05 4.5217863e-01 5.4583311e-01] [0.00918464 0.43187398 0.5519551  0.0027686  0.00421771] [1.0601279e-07 9.9968123e-01 3.1743210e-04 2.3347840e-07 1.0515115e-06] [8.6093452e-05 4.5405835e-01 5.4267716e-01 2.1342777e-03 1.0441403e-03] [2.8258392e-03 3.5716487e-06 4.4784110e-06 8.0935523e-02 9.1623062e-01] [1.5206946e-07 9.9994409e-01 5.4949342e-05 2.8332420e-07 5.0710901e-07] [1.5912151e-04 8.1855636e-05 9.9796653e-01 1.6245896e-03 1.6798024e-04] [4.2593092e-01 1.2482669e-06 2.4677707e-05 5.7386154e-01 1.8162819e-04] [5.5799461e-03 1.4756517e-01 8.4457886e-01 4.7377119e-04 1.8022424e-03] [5.0937070e-04 1.8300976e-05 1.4664187e-05 9.8778510e-01 1.1672550e-02] [0.01331053 0.02266935 0.9541711  0.00630592 0.00354302] [2.1383603e-04 2.0895711e-01 7.8876537e-01 1.9104648e-04 1.8726173e-03] [0.22477132 0.00617801 0.76130724 0.00224175 0.00550162] [1.4173946e-05 7.1394820e-06 2.5641260e-05 6.0512425e-06 9.9994695e-01] [1.4615181e-04 1.8297994e-03 6.6095723e-05 9.9597150e-01 1.9864528e-03] [7.2012132e-01 9.9185714e-03 2.4063902e-01 2.8752279e-02 5.6879799e-04] [0.01469386 0.00270522 0.9539829  0.02765599 0.00096205] [2.1901712e-04 3.6727861e-02 9.6298051e-01 5.0202005e-05 2.2444920e-05] [1.8263932e-03 8.1511826e-06 3.4400646e-03 1.3090626e-04 9.9459451e-01] [2.2226137e-05 2.5871663e-05 5.1722650e-06 6.4535102e-06 9.9994028e-01] [8.1511196e-03 6.1259802e-06 3.4240584e-05 9.9051696e-01 1.2915111e-03] [2.4955083e-05 3.1127945e-01 6.8835813e-01 2.2451874e-05 3.1503924e-04] [6.0027763e-02 1.2274829e-03 2.3444041e-04 9.3806982e-01 4.4045618e-04] [0.05780767 0.01423647 0.8575983  0.06809109 0.00226652] [0.00299989 0.00285209 0.00916718 0.23087405 0.7541068 ] [0.14372554 0.0020316  0.61754364 0.23366028 0.00303893] [2.5802851e-02 7.2137380e-01 2.5221592e-01 4.2239827e-04 1.8501683e-04] [7.1569702e-05 1.7993163e-05 7.5366829e-06 4.8510385e-05 9.9985433e-01] [3.9598865e-05 9.8080885e-01 1.9025346e-02 2.7151349e-05 9.9077210e-05] [9.7465593e-01 4.9840423e-06 3.6857108e-04 2.4949457e-02 2.1055226e-05] [1.1712630e-02 4.8293918e-04 9.8394197e-01 3.5498454e-04 3.5075082e-03] [0.24340476 0.00281232 0.09603173 0.5549621  0.10278907] [3.0412665e-04 1.3406903e-07 6.9285801e-07 2.0506764e-03 9.9764436e-01] [6.6371431e-05 1.7086485e-06 1.8131353e-06 1.0060546e-03 9.9892408e-01] [6.5379958e-05 1.9633244e-05 2.1060293e-04 3.4974673e-01 6.4995766e-01] [3.0262652e-05 1.3008535e-01 8.6987090e-01 5.5021319e-06 8.0200589e-06] [7.7899036e-05 1.9953372e-06 3.5994049e-06 6.6457642e-04 9.9925190e-01] [5.4995999e-06 8.1500197e-03 9.9145168e-01 8.0301215e-05 3.1249650e-04] [0.9798162  0.00638643 0.00692565 0.00393784 0.00293388] [1.2897866e-05 4.1925967e-05 2.6187117e-04 2.8551422e-06 9.9968052e-01] [3.1042635e-03 1.0769431e-04 1.3655848e-04 9.9651414e-01 1.3733740e-04] [2.0462773e-03 2.7846966e-02 9.6952796e-01 2.2162743e-04 3.5722510e-04] [9.9716896e-01 1.2550039e-04 2.4387506e-03 1.8556796e-04 8.1176477e-05] [2.9192602e-03 1.2787732e-03 9.9515545e-01 5.8704620e-04 5.9478662e-05] [3.7490499e-06 2.1778314e-06 4.0620100e-04 4.5252723e-06 9.9958330e-01] [8.7114057e-04 2.5628457e-02 9.7324342e-01 6.5346765e-05 1.9158387e-04] [6.1678118e-05 3.0976965e-03 9.9681336e-01 6.2969120e-06 2.1030683e-05] [4.0872372e-04 1.1223044e-04 1.0069534e-04 9.9612230e-01 3.2560281e-03] [1.72311687e-04 5.71740558e-04 9.99209523e-01 3.57113531e-05
 1.06743255e-05] [2.4895146e-05 5.7114390e-05 3.5774675e-03 3.2087592e-05 9.9630839e-01] [0.08680433 0.00127855 0.8170505  0.06687104 0.02799559] [9.4231850e-01 5.3148068e-02 4.2423503e-03 2.5571935e-04 3.5366033e-05] [0.08837409 0.8912317  0.01584978 0.0029293  0.0016151 ] [3.6187543e-04 1.7354447e-04 2.7429988e-03 3.2360187e-01 6.7311972e-01] [2.9897693e-01 2.9234628e-03 6.9759887e-01 7.1403490e-05 4.2932364e-04] [2.4991916e-05 4.6960745e-06 6.2230088e-06 6.1318467e-05 9.9990273e-01] [7.6718051e-03 2.6573507e-05 1.8581275e-05 4.7090024e-01 5.2138281e-01] [6.87392987e-03 2.48330161e-05 1.29314885e-05 8.86596914e-04
 9.92201686e-01] [1.0640125e-02 3.2900469e-03 1.6438644e-04 9.2207617e-01 6.3829340e-02] [2.0848843e-03 1.4498029e-04 1.5531940e-04 2.8802543e-03 9.9473464e-01] [0.12217089 0.00381001 0.83350605 0.00365721 0.03685585] [9.9597824e-01 8.6261380e-06 8.7387353e-04 2.4892453e-03 6.4999599e-04] [1.4868972e-04 1.0151365e-02 9.8924679e-01 2.7345982e-04 1.7964712e-04] [3.0201127e-05 7.9300380e-01 2.0694064e-01 1.4719092e-05 1.0650142e-05] [7.3650211e-01 7.3116724e-05 2.6148239e-01 1.6862896e-03 2.5607581e-04] [1.6886988e-03 7.5032461e-01 2.4762610e-01 1.1596056e-04 2.4463405e-04] [1.0281653e-01 3.8310571e-04 1.3767198e-03 1.9021831e-02 8.7640184e-01] [5.1413435e-03 9.5087424e-02 8.9821279e-01 6.9628016e-04 8.6215918e-04] [0.00645509 0.00186962 0.84302586 0.14202532 0.00662411] [0.09800667 0.00127077 0.22709559 0.2908804  0.38274658] [8.6687098e-05 2.4306119e-05 8.1065999e-05 6.1618209e-01 3.8362584e-01] [4.6828639e-04 2.4403913e-01 7.5522345e-01 6.0521557e-05 2.0858154e-04] [3.564952e-03 4.769773e-05 9.946372e-01 2.613180e-04 1.488848e-03] [8.2344985e-01 3.2420314e-04 8.5922983e-03 1.6635573e-01 1.2779218e-03] [1.3069964e-03 9.3231905e-01 6.6288352e-02 5.4871696e-05 3.0677311e-05] [1.3176736e-01 3.2054693e-05 4.2419406e-04 2.5134981e-02 8.4264141e-01] [2.3945668e-04 5.6879294e-01 4.2905489e-01 1.6943247e-03 2.1843155e-04] [0.00094616 0.6112089  0.37351054 0.00718272 0.00715171] [0.892094   0.00548692 0.06772117 0.03340444 0.00129343] [2.3461898e-06 7.8038474e-06 9.9996865e-01 6.5061458e-06 1.4673143e-05] [3.8021922e-04 5.9278170e-07 1.3630982e-06 1.0812720e-03 9.9853659e-01] [4.3761398e-04 2.6638040e-04 9.9900097e-01 3.5390487e-05 2.5966880e-04] [0.08834447 0.00536087 0.8816526  0.01973265 0.00490937] [1.8696973e-02 7.6914072e-04 9.8047584e-01 5.9595095e-06 5.2111027e-05] [4.8500482e-05 6.2266600e-01 3.7725180e-01 9.8422952e-06 2.3834205e-05]",2 3 1 2 4 2 2 3 3 2 4 1 0 1 1 4 2 4 4 2 2 1 4 1 2 3 0 0 2 2 4 2 4 4 2 2 2 4 4 4 0 3 4 3 0 2 3 4 3 1 3 1 2 2 2 3 2 2 0 4 2 0 3 1 1 2 3 1 2 3 2 3 0 2 0 4 4 0 0 0 4 4 3 2 3 2 3 2 1 4 1 0 0 0 4 4 4 1 4 2 2 4 3 2 0 2 4 1 2 3 1 4 0 1 0 3 2 4 4 4 3 4 2 4 2 1 0 2 4 0 2 0 4 1 0 0 2 4 1 0 0 2 4 0 2 2 1
188,2,xgboost,0.02,14,0,0.6462585034013606,0.9171831383323379,"[3.4137354e-06 9.4878685e-01 5.1172655e-02 2.6440846e-05 1.0588585e-05] [1.09119224e-04 8.22373033e-01 1.77449092e-01 3.04009100e-05
 3.83223160e-05] [5.7007996e-06 5.0183498e-06 2.8036808e-05 3.3407698e-05 9.9992788e-01] [9.8496062e-01 1.2552917e-03 1.2976507e-02 8.6641485e-05 7.2100054e-04] [4.2636722e-02 1.4321918e-02 9.4042045e-01 3.1539111e-04 2.3054960e-03] [6.7936607e-02 3.5366148e-02 8.9592081e-01 1.1356073e-04 6.6285999e-04] [1.2925549e-02 3.7206234e-03 3.0906487e-04 4.1726450e-04 9.8262745e-01] [9.6730366e-03 2.2708708e-02 9.6744573e-01 1.2652222e-04 4.5964731e-05] [0.8712896  0.01534895 0.09832101 0.00633335 0.00870711] [2.7934878e-04 1.6493837e-03 1.6297278e-03 9.8949057e-01 6.9509787e-03] [4.4880323e-03 9.9074686e-01 4.0715304e-03 5.3007063e-04 1.6357130e-04] [0.2412817  0.00827021 0.73428035 0.01240579 0.00376198] [6.2902569e-04 7.7542254e-06 1.0743892e-05 6.4825058e-01 3.5110188e-01] [3.5094632e-05 5.4368752e-01 4.5623827e-01 2.0700383e-05 1.8444112e-05] [7.7979639e-06 1.7621045e-05 9.7954653e-06 1.0355638e-05 9.9995446e-01] [4.5476127e-03 5.2990905e-05 1.2862514e-05 9.9141580e-01 3.9707320e-03] [4.5484256e-05 3.2883615e-03 9.9614394e-01 4.3147634e-04 9.0666981e-05] [9.9009234e-01 8.5617095e-04 6.8714689e-03 8.5869612e-04 1.3213328e-03] [8.0130357e-01 6.1886816e-04 1.6943475e-02 5.1356308e-02 1.2977782e-01] [4.1713860e-04 2.4487157e-01 7.5429100e-01 9.9331570e-05 3.2094694e-04] [6.7168754e-01 8.1103608e-05 1.9316623e-04 3.2703784e-01 1.0003940e-03] [1.9109017e-01 1.8645787e-05 1.1378907e-04 8.0830872e-01 4.6864757e-04] [9.7820801e-01 2.6246069e-06 1.3790146e-05 2.3374057e-03 1.9438224e-02] [0.45335445 0.00286125 0.5405595  0.00247304 0.00075178] [6.1908145e-07 9.9875689e-01 1.2353335e-03 3.9189181e-06 3.2697199e-06] [0.18593493 0.02770914 0.77337855 0.00770018 0.00527722] [1.0482064e-03 2.1349704e-01 7.8523165e-01 1.5294315e-04 7.0113019e-05] [1.6904998e-05 9.0928030e-01 9.0655692e-02 4.1754967e-05 5.3960248e-06] [4.3170312e-05 2.8587574e-05 4.4833461e-05 3.2852859e-05 9.9985051e-01] [5.4483314e-04 8.5875112e-01 1.3999578e-01 3.4971291e-04 3.5861574e-04] [4.1516838e-03 1.0596828e-04 7.5431727e-04 9.9456620e-01 4.2186279e-04] [5.2559781e-06 4.7944754e-06 8.3340956e-06 2.4902072e-05 9.9995673e-01] [1.5693056e-05 8.5906893e-01 1.4076917e-01 5.3140950e-05 9.3082221e-05] [0.00413777 0.0017657  0.9917687  0.0010173  0.00131051] [6.8423979e-05 9.8808706e-01 1.1807596e-02 8.4760250e-06 2.8420127e-05] [4.4449735e-02 1.0823776e-03 9.5425224e-01 6.9069021e-05 1.4657291e-04] [9.7507687e-04 8.2167792e-01 1.7678659e-01 9.5527423e-05 4.6481399e-04] [9.6637863e-01 3.9482235e-05 1.1287028e-03 3.1938221e-02 5.1495899e-04] [3.3190045e-06 2.3778154e-04 1.0898305e-03 2.3351056e-05 9.9864572e-01] [2.8602331e-05 2.4994739e-07 5.7910611e-06 1.8223721e-04 9.9978310e-01] [1.2316205e-05 9.9955887e-01 4.1200497e-04 8.7248891e-06 8.0277096e-06] [3.16885940e-04 5.52254990e-02 9.44283247e-01 6.26049004e-05
 1.11833724e-04] [1.5814565e-04 1.0905204e-02 9.8885310e-01 5.6129316e-05 2.7408150e-05] [4.9188504e-05 4.8901343e-06 3.5014968e-06 3.2890230e-04 9.9961358e-01] [9.4964290e-01 1.5000453e-04 4.1400485e-02 8.3372751e-03 4.6929426e-04] [3.0386636e-05 8.3519626e-07 5.6129916e-06 2.1237065e-04 9.9975079e-01] [2.8228250e-04 4.2730716e-01 5.7232958e-01 3.5387133e-05 4.5601377e-05] [0.00623283 0.0155275  0.9589335  0.01831669 0.00098956] [1.7897779e-03 3.1247756e-03 9.9419928e-01 2.6135021e-04 6.2482461e-04] [9.6311278e-06 2.4986724e-07 1.6539749e-06 1.9711451e-04 9.9979132e-01] [0.17792119 0.00363725 0.33317015 0.45796165 0.0273098 ] [8.3978251e-05 2.7449225e-06 6.6310226e-05 7.5346138e-03 9.9231237e-01] [0.07222909 0.01123364 0.902319   0.01295238 0.00126585] [4.1499138e-01 1.4750213e-02 5.6289130e-01 7.2859568e-03 8.1125552e-05] [0.6591867  0.00466607 0.3317116  0.00090385 0.00353173] [9.7418897e-04 4.4604594e-06 2.4920691e-05 7.7503850e-04 9.9822134e-01] [0.29316425 0.15450098 0.54266584 0.00109864 0.00857033] [7.9453998e-04 1.6749284e-04 1.5774259e-03 3.9874975e-04 9.9706179e-01] [1.4776920e-04 2.5087446e-01 7.4862868e-01 4.9497565e-05 2.9959541e-04] [1.7357044e-03 7.5296330e-01 2.4416704e-01 2.4184813e-04 8.9208636e-04] [1.2123335e-02 3.3578610e-05 3.6159810e-04 9.5741361e-01 3.0067928e-02] [1.11544105e-04 3.22295688e-02 9.67175066e-01 1.94066830e-04
 2.89793941e-04] [2.3248498e-03 5.5005370e-05 3.3194665e-04 9.9716491e-01 1.2332779e-04] [2.6303499e-03 8.4549242e-01 1.5169904e-01 3.8396647e-05 1.3978350e-04] [0.88051397 0.00136801 0.0049994  0.04331464 0.06980404] [4.7195176e-04 6.8383799e-03 9.8868936e-01 3.1557174e-03 8.4460684e-04] [0.18438207 0.00615931 0.77647066 0.03029402 0.00269396] [3.3856217e-02 4.6550678e-05 1.7433745e-03 9.6390980e-01 4.4412701e-04] [6.1868268e-01 2.8982738e-04 3.4662795e-01 3.3142436e-02 1.2570471e-03] [2.6765507e-02 4.0658764e-05 8.9531175e-05 2.9080415e-02 9.4402391e-01] [4.3747717e-05 7.3270121e-07 1.8708166e-06 8.0015749e-04 9.9915349e-01] [3.0597468e-05 4.5445045e-06 3.0599206e-06 3.5943597e-04 9.9960238e-01] [4.5378882e-04 1.6867093e-06 1.4007448e-05 2.8827850e-04 9.9924231e-01] [9.3308929e-04 7.3397248e-05 2.0265202e-04 2.4241160e-01 7.5637925e-01] [0.00072319 0.7132928  0.28445578 0.00080637 0.00072186] [8.6127874e-04 9.8034018e-01 1.8561620e-02 1.3483495e-04 1.0206890e-04] [0.00503498 0.01185182 0.02086503 0.9463199  0.01592825] [0.06715982 0.00561757 0.6481349  0.27581358 0.00327417] [6.7699963e-05 1.8741479e-02 9.8083031e-01 2.6148561e-04 9.8981625e-05] [3.7804518e-02 1.1825096e-04 2.2397211e-03 9.0551668e-01 5.4320820e-02] [2.0086596e-04 1.5142535e-04 9.1543309e-03 2.7757941e-04 9.9021578e-01] [2.9915251e-05 2.7185357e-07 6.4236428e-07 1.1179585e-03 9.9885118e-01] [4.8351839e-01 3.3065051e-04 5.9949611e-03 1.4056598e-01 3.6959004e-01] [1.2467984e-03 2.2876555e-02 9.7415346e-01 2.1816909e-04 1.5049792e-03] [6.0496334e-04 2.3722655e-01 7.5672805e-01 4.5545232e-03 8.8594703e-04] [7.1079907e-05 8.1333108e-02 9.1853982e-01 2.1575106e-05 3.4435943e-05] [1.4568720e-04 5.1987972e-06 3.5713387e-05 9.4386768e-01 5.5945672e-02] [1.2710623e-03 4.3666045e-05 2.0902751e-04 9.1209620e-01 8.6380027e-02] [6.3843043e-03 8.2418489e-01 1.6847812e-01 6.1196426e-04 3.4077672e-04] [1.3808328e-05 9.8707461e-01 1.2751506e-02 9.2984483e-05 6.7141067e-05] [0.00392716 0.05520527 0.9317159  0.00526832 0.00388339] [1.5011971e-03 6.1170042e-01 3.8594046e-01 3.1098616e-04 5.4694718e-04] [0.1954874  0.00078507 0.03659913 0.76596063 0.0011677 ] [4.9737138e-03 4.6966212e-05 1.6316611e-04 1.0305219e-03 9.9378562e-01] [0.29572168 0.16590519 0.34241638 0.18243596 0.01352077] [1.6003451e-03 1.0674034e-06 4.9558862e-06 3.8178468e-03 9.9457574e-01] [1.9774339e-05 6.2911324e-02 9.3693274e-01 1.2465984e-04 1.1529233e-05] [8.1886019e-06 9.9583840e-01 4.1472968e-03 2.9091850e-06 3.2177982e-06] [0.10504149 0.5686987  0.20538343 0.03039559 0.09048077] [1.5070933e-01 4.8841066e-05 4.6005276e-05 8.2842994e-01 2.0765902e-02] [6.7703845e-04 4.5146290e-04 1.6055621e-03 9.9352831e-01 3.7376387e-03] [2.4783940e-04 3.0955307e-05 9.7475358e-06 8.2408580e-05 9.9962902e-01] [5.416531e-06 9.849680e-08 3.084797e-07 1.812939e-04 9.998129e-01] [2.3644870e-02 9.3994668e-06 3.6100353e-04 9.6267426e-01 1.3310387e-02] [6.8187779e-05 3.9602026e-01 6.0374576e-01 3.2628672e-05 1.3319247e-04] [0.3745234  0.00668067 0.6104773  0.00414691 0.00417166] [1.6495858e-07 9.9973243e-01 2.6259228e-04 1.7986739e-06 2.9924840e-06] [1.4397979e-01 5.0822702e-05 6.0789986e-04 8.2332593e-01 3.2035541e-02] [5.3800452e-03 9.0213764e-01 9.1714509e-02 3.6138986e-04 4.0637460e-04] [1.7261980e-04 2.2570814e-06 2.6220007e-06 7.4984878e-03 9.9232399e-01] [5.5937227e-03 2.2900973e-04 9.9400443e-01 9.4821415e-05 7.8035620e-05] [1.1763133e-03 1.6072915e-03 9.9534339e-01 4.6733720e-04 1.4055994e-03] [1.4251070e-02 9.1580405e-05 5.2422727e-04 1.4449720e-01 8.4063596e-01] [9.6341260e-03 9.2838484e-01 6.0300238e-02 1.5722128e-03 1.0855305e-04] [6.0342584e-04 6.3730919e-01 3.6173421e-01 2.7816018e-04 7.4966149e-05] [3.9814383e-02 2.6305873e-04 1.3428265e-03 6.9592977e-01 2.6265001e-01] [0.01838442 0.39627585 0.58273095 0.000707   0.0019018 ] [0.6431602  0.00259079 0.03759912 0.31055605 0.00609383] [0.35138497 0.2560939  0.35699368 0.02773241 0.00779506] [3.3776919e-04 3.3799536e-06 1.5771526e-05 6.6298072e-04 9.9898010e-01] [9.5958525e-01 1.1094326e-05 1.9294040e-03 3.6843117e-02 1.6310794e-03] [6.8507361e-01 3.9676685e-04 9.2203608e-03 2.9553849e-01 9.7707603e-03] [0.3377023  0.00062346 0.5989627  0.0621079  0.00060363] [0.6612544  0.00091117 0.20258573 0.06016696 0.07508177] [6.3496746e-02 3.0559146e-01 6.2989551e-01 3.2030474e-04 6.9597311e-04] [1.5729523e-04 6.0358103e-02 9.3898422e-01 1.8223925e-04 3.1814625e-04] [3.3938490e-05 9.8877895e-01 1.1124023e-02 4.3666038e-05 1.9389052e-05] [1.8142022e-01 3.0195553e-04 8.1759322e-01 2.9325736e-04 3.9132722e-04] [2.1381090e-04 4.3973154e-01 5.5978519e-01 9.2823291e-05 1.7664779e-04] [6.1876926e-04 2.3314103e-03 5.6866738e-03 5.9550599e-04 9.9076766e-01] [4.15956136e-03 1.24506405e-05 4.47257407e-05 4.19951715e-02
 9.53788042e-01] [1.3489547e-01 4.1354366e-04 3.4442896e-03 8.4008247e-01 2.1164274e-02] [9.4463742e-01 4.8309026e-04 5.1975526e-02 2.7461283e-04 2.6293972e-03] [2.0168129e-05 1.9482331e-05 7.7536388e-06 1.2417020e-04 9.9982834e-01] [2.1123135e-02 6.3618885e-05 1.6327847e-04 2.4737994e-04 9.7840261e-01] [0.22818284 0.00110169 0.6498864  0.11839112 0.00243793] [2.6936218e-02 1.4165103e-04 3.3940448e-04 7.4722670e-04 9.7183549e-01] [0.3621349  0.35104954 0.20844689 0.07074469 0.00762398] [7.600540e-01 6.902554e-04 2.328455e-01 5.473714e-03 9.365059e-04] [0.04896299 0.6481411  0.2336346  0.02681197 0.04244935] [3.8446492e-01 6.3835709e-05 6.1005020e-01 5.3584673e-03 6.2607884e-05] [2.0724733e-04 8.3609509e-01 1.6220790e-01 6.3944038e-04 8.5031631e-04] [1.2818725e-03 1.3499477e-04 5.1501906e-03 9.9069947e-01 2.7334422e-03] [5.0455745e-02 7.5456186e-04 7.5207511e-03 9.0536857e-01 3.5900384e-02] [0.01398981 0.0046183  0.11279394 0.24511069 0.6234873 ] [0.11221749 0.0019524  0.26257947 0.5995616  0.02368906] [3.4467766e-06 1.7962819e-05 9.7013935e-06 1.0355680e-05 9.9995852e-01]",1 1 4 2 2 1 4 2 2 3 0 2 4 2 4 3 2 0 0 1 0 3 3 2 1 0 1 2 4 2 3 4 1 0 2 0 1 0 4 4 1 2 2 4 0 4 1 2 2 4 0 4 2 1 2 4 1 4 1 2 3 2 3 2 3 2 0 3 0 3 4 4 4 4 1 1 3 0 2 3 4 4 0 2 2 1 4 3 2 1 2 2 0 4 0 4 2 1 2 3 4 4 4 3 2 0 1 3 2 4 2 2 4 1 2 3 2 0 2 4 0 3 2 3 2 2 2 0 1 4 4 0 0 4 4 0 4 2 0 2 0 2 4 3 3 0 4
188,3,xgboost,0.02,14,0,0.5986394557823129,0.8765891165543838,"[1.5416498e-01 9.4831164e-05 3.0413072e-04 8.4330601e-01 2.1300346e-03] [3.6136784e-02 4.7630430e-04 6.6857612e-01 2.6893103e-01 2.5879739e-02] [9.6756905e-01 2.7481373e-04 2.6889607e-02 3.9112899e-03 1.3552605e-03] [9.4047242e-01 1.3824561e-04 2.4585757e-02 1.2294050e-02 2.2509480e-02] [1.02593185e-04 8.70476129e-07 1.04689861e-05 8.60530604e-03
 9.91280735e-01] [1.4806346e-05 5.6770627e-08 7.4060966e-07 8.0302320e-03 9.9195415e-01] [0.5134637  0.00630076 0.00378934 0.4433295  0.0331167 ] [1.2998781e-03 2.7363453e-06 8.8240849e-05 7.3571496e-02 9.2503768e-01] [3.9623957e-02 2.6239443e-03 9.5648611e-01 5.3258630e-04 7.3344930e-04] [7.9707706e-01 2.6954623e-04 1.9141303e-01 9.5574707e-03 1.6829114e-03] [4.51993492e-06 1.21563222e-04 1.04631865e-04 8.09099765e-06
 9.99761164e-01] [9.0598576e-03 2.0158619e-03 9.8778987e-01 9.9473947e-04 1.3964518e-04] [1.10296998e-02 2.69052340e-04 9.88497019e-01 1.02313956e-04
 1.01961930e-04] [4.4753330e-04 9.7300345e-01 2.6533978e-02 7.4087125e-06 7.6694250e-06] [9.3124155e-03 3.5961034e-06 3.1939679e-05 4.0708915e-03 9.8658121e-01] [1.1785388e-05 2.2900404e-01 7.7082700e-01 3.4307817e-05 1.2288587e-04] [5.9555453e-04 6.1679668e-07 3.2802564e-05 4.9334195e-02 9.5003688e-01] [0.86286473 0.00548169 0.08365469 0.0413641  0.00663477] [0.39465132 0.00180018 0.6018631  0.0009213  0.00076411] [9.9046517e-04 3.2168173e-04 1.7563645e-04 2.7729981e-02 9.7078222e-01] [6.4057554e-04 4.1172346e-03 9.9512684e-01 6.9759306e-05 4.5588997e-05] [0.2269093  0.00713294 0.00750574 0.6343171  0.12413492] [4.4379626e-06 2.7527923e-07 3.5266503e-06 3.6639131e-03 9.9632782e-01] [6.8737939e-03 1.0031654e-05 9.9307138e-01 1.3816116e-05 3.1026462e-05] [7.4881226e-02 6.0131983e-04 8.1928402e-01 1.7305622e-02 8.7927826e-02] [0.7361583  0.00344378 0.00632808 0.25261515 0.00145466] [0.8267142  0.00184622 0.11446342 0.05445564 0.0025205 ] [1.8382247e-04 3.8995188e-02 9.6056277e-01 7.6424774e-05 1.8181815e-04] [3.3718511e-01 9.9547971e-05 2.6363319e-02 5.7998031e-01 5.6371696e-02] [1.2926279e-02 6.9250171e-05 7.0983260e-05 3.6197923e-02 9.5073557e-01] [0.72031873 0.0018012  0.15445696 0.10198613 0.02143699] [4.3250658e-03 6.4824903e-03 9.8893613e-01 1.9609506e-04 6.0194718e-05] [3.5705958e-05 8.5448693e-07 1.0681159e-06 2.4916937e-05 9.9993742e-01] [2.16904725e-03 4.89614577e-05 1.12705624e-04 1.14744073e-02
 9.86194849e-01] [1.6610229e-02 2.5608048e-05 1.1845373e-03 6.7756587e-01 3.0461377e-01] [1.0885878e-01 1.2983361e-01 7.4248201e-01 5.4228544e-04 1.8283261e-02] [2.7499138e-04 3.6972331e-05 9.9967456e-01 7.7062350e-06 5.8297674e-06] [7.3575327e-05 2.0621179e-03 9.9530244e-01 3.8913853e-04 2.1727120e-03] [2.6474434e-03 8.2173407e-05 5.4369873e-04 1.7960313e-01 8.1712353e-01] [5.5444674e-03 1.4055724e-01 8.5330337e-01 4.2334109e-04 1.7155301e-04] [0.44584966 0.01828762 0.42077923 0.08286334 0.03222016] [3.2221564e-05 6.8005875e-08 1.1918397e-05 3.1210484e-03 9.9683481e-01] [1.6085548e-02 9.1419482e-01 6.6276655e-02 4.0048343e-04 3.0424271e-03] [0.12250809 0.01618719 0.02494579 0.80320615 0.03315273] [1.8704920e-01 7.0295995e-01 1.0965439e-01 1.5746418e-04 1.7903333e-04] [7.7910270e-05 9.8655337e-01 1.3312813e-02 2.2815841e-05 3.3075725e-05] [5.6272374e-06 5.7183292e-06 7.1784543e-06 9.5020459e-06 9.9997199e-01] [1.1677583e-03 9.8631811e-01 1.2471630e-02 1.7772772e-05 2.4753064e-05] [6.9447247e-05 4.9400933e-07 3.9114511e-05 3.5231665e-03 9.9636781e-01] [9.9543262e-01 6.8238123e-06 4.7778708e-06 4.4790688e-03 7.6754135e-05] [3.8897973e-03 4.0356326e-03 9.9138099e-01 6.1700970e-04 7.6508906e-05] [1.7313554e-03 9.3323633e-02 9.0452886e-01 1.1929025e-04 2.9684021e-04] [1.9214961e-01 5.4713619e-05 4.0380228e-03 6.6007179e-01 1.4368586e-01] [0.03017011 0.26787674 0.6917186  0.00371005 0.0065245 ] [9.9617541e-01 1.1928451e-05 5.6593143e-04 2.9470979e-03 2.9961840e-04] [4.6441739e-05 1.9989675e-02 9.7992826e-01 9.5104369e-06 2.6087706e-05] [3.6181962e-05 5.1546413e-01 4.8422199e-01 1.8708849e-04 9.0549460e-05] [0.94992286 0.00349433 0.00117241 0.04434077 0.00106962] [2.6891123e-05 4.3141765e-07 1.7161461e-05 2.4390469e-05 9.9993110e-01] [5.8439374e-04 1.3894070e-05 4.7526937e-05 4.4953212e-01 5.4982209e-01] [1.5294495e-06 9.9906904e-01 9.2736620e-04 1.0740289e-06 1.0447251e-06] [1.6019563e-04 8.3566540e-08 4.3698009e-07 9.9918014e-01 6.5915391e-04] [3.1705052e-04 2.5684485e-01 7.4273551e-01 3.6187335e-05 6.6418812e-05] [1.8559189e-05 3.8726068e-07 3.7396053e-06 9.0700425e-03 9.9090731e-01] [0.07503227 0.00093096 0.01690798 0.6829651  0.22416374] [2.4265409e-04 8.6653352e-02 9.1287339e-01 1.1042818e-04 1.2013874e-04] [3.4061039e-03 9.7954595e-01 1.6948536e-02 3.6995094e-05 6.2389496e-05] [7.1274859e-05 9.8557416e-07 5.3265512e-06 3.1116945e-03 9.9681073e-01] [1.2528279e-02 1.6633669e-04 1.3342402e-02 8.1663054e-01 1.5733238e-01] [5.0220519e-01 8.5679021e-05 1.3601808e-03 1.3636133e-01 3.5998762e-01] [9.2534322e-01 7.0599129e-04 1.6264442e-02 3.7222948e-02 2.0463441e-02] [2.12044877e-04 1.07963415e-05 7.71990817e-05 6.74852217e-03
 9.92951453e-01] [2.81553512e-04 8.87530684e-01 1.12087734e-01 4.45050937e-05
 5.55481347e-05] [4.8128754e-01 9.5810107e-04 2.7486845e-04 4.0909263e-01 1.0838688e-01] [1.3625591e-01 1.5440237e-04 6.2277261e-03 8.5181642e-01 5.5455239e-03] [2.5099069e-03 5.5268477e-04 2.2361397e-03 9.8357314e-01 1.1128116e-02] [9.8854649e-01 4.3687382e-05 1.6433961e-03 3.5686640e-03 6.1977752e-03] [0.10017937 0.32415992 0.5713983  0.00217909 0.00208334] [1.5882859e-02 4.5115907e-05 1.0991886e-03 9.5170873e-01 3.1264111e-02] [2.2830372e-03 4.6778386e-03 9.9077082e-01 2.0240436e-03 2.4420247e-04] [6.6325709e-04 1.5735072e-06 5.6044300e-06 8.6140759e-02 9.1318882e-01] [2.3640548e-03 2.3204961e-05 2.1475650e-04 7.0447487e-01 2.9292312e-01] [3.3277240e-02 1.9989796e-04 2.0279393e-03 4.8999512e-03 9.5959491e-01] [9.4361341e-01 5.1034970e-04 7.7471865e-04 5.4898754e-02 2.0280795e-04] [0.8149856  0.00205213 0.100314   0.01526383 0.06738451] [0.13477422 0.25342083 0.60459334 0.0042762  0.00293542] [9.9149317e-01 3.2315098e-04 1.8414984e-03 4.8639094e-03 1.4783244e-03] [0.39737093 0.05304448 0.21830358 0.12441512 0.20686588] [1.0810997e-05 2.4463436e-02 9.7549385e-01 3.8551548e-06 2.8077611e-05] [1.9210378e-07 9.9965858e-01 3.4091910e-04 1.3536223e-07 1.6028953e-07] [2.4272581e-06 1.3817246e-04 3.4191929e-05 9.5005616e-06 9.9981576e-01] [6.3291773e-05 1.1988712e-05 1.5864283e-05 2.1448597e-05 9.9988735e-01] [0.23022667 0.01752318 0.73261905 0.01439307 0.00523807] [1.7399325e-05 9.2065726e-08 1.1498776e-06 5.5878595e-03 9.9439347e-01] [9.8589075e-01 3.7289126e-05 1.3939106e-02 8.5058324e-05 4.7846224e-05] [4.5408365e-06 7.6942918e-08 2.5544859e-06 1.8857572e-03 9.9810708e-01] [8.5618434e-05 1.4980943e-06 8.1781673e-06 9.4356444e-03 9.9046904e-01] [1.1700987e-01 1.4200565e-04 8.7795240e-01 2.9581452e-03 1.9375096e-03] [2.3805296e-02 4.1936707e-02 9.2300689e-01 1.0386467e-02 8.6466857e-04] [5.0037444e-02 3.8423164e-05 5.1201208e-05 2.6266298e-01 6.8720996e-01] [1.1772052e-04 7.0670550e-04 9.9917173e-01 1.8681121e-06 2.0537950e-06] [0.06463957 0.0261736  0.90074813 0.00592567 0.00251305] [1.6176602e-05 9.6205576e-06 1.4220261e-04 1.1647925e-05 9.9982041e-01] [1.2095839e-02 4.4824058e-04 7.4444292e-03 7.5969465e-02 9.0404207e-01] [0.7376257  0.01734709 0.0011521  0.23743692 0.00643817] [1.0822096e-01 1.8580247e-03 8.8979733e-01 6.4942134e-05 5.8773483e-05] [3.9420318e-02 2.9172319e-01 6.6774440e-01 8.1102626e-04 3.0107715e-04] [3.0437077e-04 4.6450734e-01 5.3495491e-01 4.5002842e-05 1.8837820e-04] [4.0821612e-02 6.9133604e-01 2.6526135e-01 5.9126451e-04 1.9897332e-03] [4.7354373e-08 9.9985659e-01 1.4237591e-04 1.3194662e-07 7.7503876e-07] [0.1538029  0.00097249 0.00931333 0.7533535  0.08255779] [4.5451537e-01 7.7022112e-04 5.4395807e-01 4.0881717e-04 3.4755838e-04] [0.14870344 0.01170722 0.23896724 0.39201444 0.20860767] [1.0467406e-04 4.8704332e-04 9.9933100e-01 6.2776977e-05 1.4507122e-05] [5.2355018e-02 3.0933783e-04 1.5995893e-01 3.5944194e-01 4.2793480e-01] [0.98234814 0.0018282  0.00307106 0.01129192 0.00146063] [6.8512867e-04 8.5543332e-05 3.9620171e-03 1.8945796e-04 9.9507785e-01] [7.5007844e-01 2.1185410e-04 2.5247841e-03 1.3906363e-01 1.0812134e-01] [0.23140506 0.4149988  0.3273781  0.00381774 0.02240032] [3.9846051e-02 2.9488076e-02 9.2952389e-01 3.3492944e-04 8.0706726e-04] [2.4918265e-05 1.6671358e-07 2.0412253e-05 2.2688969e-03 9.9768555e-01] [0.00698662 0.6370767  0.31375587 0.01540627 0.02677459] [0.2088183  0.00167203 0.7872483  0.00118608 0.0010753 ] [1.61791977e-05 4.21241075e-02 9.57693636e-01 6.52494418e-05
 1.00839374e-04] [8.5255189e-04 3.9620691e-06 9.7931639e-05 4.4545408e-02 9.5450014e-01] [8.6640835e-01 1.0017838e-03 1.2775762e-01 4.3236115e-03 5.0862890e-04] [2.6400032e-04 3.5823412e-02 9.6323162e-01 2.8884644e-04 3.9216335e-04] [1.2239334e-03 9.8988628e-01 8.8720769e-03 7.5434759e-06 1.0213119e-05] [1.06512045e-04 9.87967551e-01 1.19021023e-02 7.61220599e-06
 1.62155720e-05] [4.1428360e-05 7.6563293e-01 2.3426010e-01 3.4861601e-05 3.0684907e-05] [0.02629098 0.20822385 0.72228074 0.03358677 0.0096177 ] [3.1403057e-02 7.6728466e-05 6.8141304e-02 3.4647605e-01 5.5390286e-01] [8.2778027e-03 1.1067975e-02 9.7971064e-01 2.1348844e-04 7.3010084e-04] [7.1603276e-06 5.1380557e-05 3.2016782e-05 8.0921318e-06 9.9990129e-01] [3.0526233e-05 1.1088242e-05 2.2540617e-05 1.5240621e-05 9.9992061e-01] [6.2036456e-04 9.7942227e-01 1.9873725e-02 6.9610644e-05 1.4038521e-05] [3.6573525e-05 1.8340282e-02 9.8153460e-01 2.5749530e-05 6.2757070e-05] [4.3288350e-02 6.7127571e-03 9.4962269e-01 1.0218244e-04 2.7396862e-04] [0.08445953 0.06674615 0.7253916  0.00274804 0.12065464] [2.2382208e-03 1.3071715e-04 1.4177783e-02 4.3668810e-04 9.8301655e-01] [2.5712675e-04 4.8544839e-06 5.5426757e-05 9.0395194e-03 9.9064308e-01] [1.4737123e-01 6.3408318e-04 1.6606186e-02 7.9014331e-01 4.5245148e-02] [3.0714265e-01 8.4223185e-04 6.9177246e-01 9.0964124e-05 1.5171671e-04] [0.02696902 0.75568706 0.19660799 0.00087773 0.01985817] [0.13443202 0.02838323 0.802547   0.03322178 0.00141593] [8.253239e-03 5.892747e-01 4.014916e-01 8.939620e-05 8.910426e-04] [4.03735461e-03 9.77636576e-02 8.97238851e-01 1.15959825e-04
 8.44224996e-04]",0 3 0 1 3 3 0 4 2 0 4 0 2 1 4 2 3 2 0 4 2 3 4 2 4 3 2 1 0 3 0 2 4 4 4 2 2 1 4 1 0 4 2 0 2 2 4 2 4 0 2 2 3 2 0 1 1 0 4 3 1 3 1 4 3 0 2 4 4 4 3 4 1 0 3 3 3 2 0 1 4 4 4 0 3 2 3 3 1 1 4 4 2 4 2 4 4 0 2 3 2 2 4 4 0 2 2 1 2 1 3 2 2 2 0 0 4 0 2 2 4 2 0 1 4 2 2 1 2 1 0 0 2 4 4 1 2 1 2 4 4 3 0 2 2 2 1
188,4,xgboost,0.02,14,0,0.6938775510204082,0.9081363762350776,"[1.1778549e-05 8.6080372e-01 1.3915059e-01 1.0785282e-05 2.3079829e-05] [1.39719516e-03 3.93942138e-03 9.94374752e-01 1.84789082e-04
 1.03889055e-04] [9.9869871e-01 1.5096446e-04 5.2681874e-04 5.5927568e-04 6.4261054e-05] [0.09350402 0.00684448 0.00140078 0.8436405  0.05461022] [9.440617e-05 5.453232e-07 7.660444e-06 7.979987e-02 9.200975e-01] [9.1902727e-01 5.8935964e-03 7.3448151e-02 2.7598633e-04 1.3550257e-03] [1.27595093e-03 8.79093477e-06 9.02529791e-05 8.81943166e-01
 1.16681784e-01] [0.82886165 0.00143495 0.00425085 0.15376157 0.01169101] [3.2934535e-04 2.3757143e-01 7.6206577e-01 1.2712982e-05 2.0795802e-05] [1.0480146e-01 2.3527752e-04 8.9372516e-01 1.0182312e-03 2.1988309e-04] [9.2926931e-01 1.5635947e-05 3.8497068e-02 3.0115150e-02 2.1028251e-03] [0.25922298 0.00224749 0.6783836  0.03657784 0.02356809] [3.2601474e-05 7.3008787e-06 3.6719615e-05 6.1908031e-05 9.9986148e-01] [0.59190357 0.01176738 0.39234316 0.00196602 0.00201987] [5.7504971e-05 2.2025688e-06 3.2949645e-06 3.4305188e-03 9.9650639e-01] [1.4972064e-01 1.4651017e-04 5.1888423e-03 8.4033245e-01 4.6115718e-03] [5.1282113e-03 3.8788039e-03 9.9032295e-01 4.4720760e-04 2.2275763e-04] [2.9204222e-05 6.3383332e-03 9.9333245e-01 2.7117983e-04 2.8865965e-05] [1.1501104e-05 4.4226996e-07 6.5267309e-06 7.1713817e-04 9.9926442e-01] [7.2312006e-04 7.3926785e-06 4.9714123e-05 2.3338322e-01 7.6583660e-01] [4.9900926e-05 9.0565175e-07 7.0283686e-06 3.2758538e-04 9.9961460e-01] [1.2241719e-01 7.6704717e-05 8.7694162e-01 1.1044088e-04 4.5404953e-04] [3.2870623e-05 5.6471344e-02 9.4251716e-01 5.7710073e-04 4.0152072e-04] [0.09047302 0.00956829 0.87939274 0.01064312 0.00992288] [0.46923694 0.00232248 0.41427067 0.01180412 0.10236579] [2.1842154e-02 7.4715579e-05 2.0089271e-03 9.7520190e-01 8.7228196e-04] [2.0287754e-03 3.4760890e-04 9.9756074e-01 3.5622688e-05 2.7249433e-05] [9.9225680e-04 4.2148454e-06 3.3632197e-05 3.5317037e-01 6.4579952e-01] [5.0362141e-05 1.0675615e-06 6.5699246e-06 3.3306360e-02 9.6663564e-01] [2.0503516e-03 1.4873426e-05 1.5860412e-03 3.3094434e-04 9.9601775e-01] [0.2651673  0.00330395 0.39134762 0.3341185  0.00606263] [5.9979353e-05 1.1945109e-06 1.7610571e-05 1.3989390e-02 9.8593187e-01] [9.6678406e-02 1.2652215e-02 8.9003658e-01 3.7671012e-04 2.5610387e-04] [0.650263   0.006595   0.00423606 0.33157063 0.0073353 ] [1.7226104e-02 5.4704280e-05 1.4876684e-03 9.7999769e-01 1.2337926e-03] [4.5338446e-01 5.2693725e-01 1.9404968e-02 1.5606142e-04 1.1730873e-04] [3.2252196e-04 5.0989306e-04 9.9901700e-01 4.6833342e-05 1.0370196e-04] [4.6561781e-06 7.7160657e-06 2.4923715e-05 3.2504527e-06 9.9995947e-01] [6.0986462e-03 1.0601255e-01 6.7847215e-02 8.1947970e-01 5.6187116e-04] [1.5354904e-04 3.5307890e-05 3.8088998e-05 9.6600133e-01 3.3771683e-02] [2.2068282e-06 7.8631949e-04 4.9238839e-05 8.6220962e-06 9.9915361e-01] [5.5020114e-06 9.3355866e-06 4.2961350e-05 5.6158337e-06 9.9993658e-01] [4.7382887e-04 7.0195168e-01 2.9740053e-01 1.1999102e-04 5.3958487e-05] [4.6558607e-06 9.9995041e-01 4.2783558e-05 1.0695954e-06 1.0523304e-06] [7.9070080e-05 5.0723388e-06 7.4626107e-05 3.0872412e-05 9.9981040e-01] [8.02350700e-01 8.22806358e-02 1.11097544e-01 2.85470451e-04
 3.98563547e-03] [6.5482891e-04 8.9639175e-01 1.0279324e-01 7.2116236e-05 8.8091438e-05] [5.3926583e-06 9.6361125e-01 3.6340754e-02 1.8475203e-05 2.4076337e-05] [3.3457589e-04 1.3759393e-02 9.8585796e-01 3.0357278e-05 1.7790946e-05] [9.58218932e-01 4.52637432e-05 4.14592475e-02 1.69578620e-04
 1.06938336e-04] [9.7098589e-02 5.4816814e-04 8.9999861e-01 4.6904598e-04 1.8856307e-03] [0.00439052 0.01823441 0.33140185 0.0015198  0.6444534 ] [7.6972014e-01 9.8364742e-04 2.2759107e-01 1.1376110e-03 5.6752545e-04] [4.7993092e-03 4.4429075e-06 1.0230500e-05 9.1707599e-01 7.8109995e-02] [2.3350032e-05 7.3494995e-01 2.6498502e-01 1.9830546e-05 2.1798898e-05] [2.9710454e-06 9.6780950e-06 6.7084722e-05 7.8634030e-06 9.9991238e-01] [0.08993693 0.00257765 0.8899482  0.00107635 0.01646084] [7.0007372e-01 1.9617189e-02 2.8001744e-01 1.9634819e-04 9.5328935e-05] [2.7488546e-05 2.9369506e-01 7.0618153e-01 4.1742420e-05 5.4177915e-05] [1.6785275e-02 3.0893224e-04 7.7465951e-01 1.9957381e-01 8.6724907e-03] [3.3623943e-01 2.1309653e-04 1.0708818e-03 6.7484073e-02 5.9499252e-01] [4.1738257e-04 1.7480832e-03 9.9732387e-01 2.8491669e-04 2.2572171e-04] [3.2047030e-02 3.6045883e-05 6.9734179e-03 9.6045399e-01 4.8955384e-04] [1.0009838e-03 5.1682110e-07 7.1706127e-06 8.6264241e-01 1.3634895e-01] [1.0151743e-02 3.4385934e-01 6.4495587e-01 3.6144446e-04 6.7159132e-04] [1.1324490e-01 1.1833771e-04 3.8824687e-04 7.4367160e-03 8.7881184e-01] [1.0462952e-05 7.9536372e-01 2.0460416e-01 6.0349444e-06 1.5636908e-05] [4.6338657e-01 1.1023862e-04 3.8725513e-04 5.0080162e-01 3.5314314e-02] [7.0421942e-05 1.9364381e-06 1.7738112e-04 4.0829941e-03 9.9566722e-01] [3.8690786e-04 6.3968092e-02 9.3488955e-01 5.4805225e-04 2.0735180e-04] [2.1746013e-05 9.9742836e-01 2.4422284e-03 6.6095577e-05 4.1562071e-05] [0.9792356  0.00103333 0.00790947 0.00396125 0.00786032] [4.8742247e-01 9.6534379e-05 4.7256125e-04 5.0876933e-01 3.2391152e-03] [4.5839222e-03 1.1664296e-04 9.9467814e-01 3.2343305e-04 2.9786560e-04] [7.3786628e-06 1.0322489e-05 7.5531134e-05 8.5427137e-06 9.9989820e-01] [4.5071277e-01 2.6567691e-04 3.6741919e-03 5.4367805e-01 1.6692687e-03] [1.4299595e-06 5.7088083e-04 6.2455001e-05 5.6125937e-06 9.9935967e-01] [2.8450100e-04 2.6411749e-06 5.2942018e-05 8.0224010e-05 9.9957973e-01] [2.8911550e-04 1.2961427e-04 1.8134204e-04 3.1232694e-02 9.6816730e-01] [7.6210642e-01 1.0907871e-03 2.3530918e-01 4.7019310e-04 1.0234690e-03] [2.4195331e-05 9.1947286e-06 9.9996352e-01 2.9682278e-07 2.8273600e-06] [7.91501894e-04 1.33493301e-02 9.84937251e-01 8.21575406e-04
 1.00398116e-04] [3.4697857e-07 9.9975544e-01 2.4232331e-04 6.7464498e-07 1.2645336e-06] [2.8183174e-03 7.5462799e-06 6.2188039e-05 2.0988688e-02 9.7612327e-01] [5.5868097e-02 2.5002995e-01 6.9339621e-01 3.4632499e-04 3.5943030e-04] [0.03736154 0.31192353 0.6166078  0.03342092 0.00068622] [1.0909005e-03 5.3486001e-02 9.4493389e-01 3.8631156e-04 1.0285605e-04] [2.4476037e-03 2.4135986e-02 9.7332454e-01 2.8805787e-05 6.3079118e-05] [2.81408895e-04 9.42073390e-02 9.05397534e-01 1.48752615e-05
 9.88595930e-05] [2.4070477e-03 6.5723202e-06 1.9659844e-04 9.0286117e-03 9.8836118e-01] [8.2284706e-03 6.4372197e-03 9.8475140e-01 5.5873877e-04 2.4176783e-05] [0.1697939  0.01677797 0.72016793 0.03509709 0.05816311] [6.9016337e-06 4.3751297e-06 7.5585114e-05 2.4509718e-06 9.9991071e-01] [0.73217404 0.00518995 0.06914667 0.18945062 0.00403874] [1.8034661e-03 1.1796116e-02 9.8358411e-01 2.4095469e-03 4.0682763e-04] [1.8827216e-04 1.1761579e-05 5.0188071e-05 1.0434722e-01 8.9540261e-01] [0.00874902 0.00328723 0.97579396 0.0097855  0.00238427] [4.9029913e-02 6.4558270e-03 9.4357932e-01 3.0317772e-04 6.3172658e-04] [0.27375987 0.00352724 0.03812493 0.6821951  0.00239284] [9.4703319e-05 8.5434076e-06 3.9162350e-04 9.9252784e-01 6.9773137e-03] [2.7531927e-05 1.3822320e-06 9.3644468e-07 2.5559592e-04 9.9971455e-01] [3.1465395e-05 7.3214167e-01 2.6776198e-01 4.0635376e-05 2.4207749e-05] [4.7743245e-04 6.3509083e-07 3.1267571e-06 3.4116621e-03 9.9610716e-01] [6.1894476e-01 3.8586128e-05 8.9970934e-05 3.7769803e-01 3.2286213e-03] [9.3819815e-01 2.2645996e-04 6.1257981e-02 6.1941246e-05 2.5548728e-04] [2.1595471e-04 3.5672471e-02 9.6375209e-01 1.3414478e-05 3.4604233e-04] [8.3803679e-05 2.4158844e-06 9.3526096e-06 4.5798035e-05 9.9985862e-01] [0.03053735 0.00606434 0.00647156 0.18676035 0.7701664 ] [1.1379424e-03 1.3168005e-04 9.9848241e-01 1.0028645e-04 1.4774635e-04] [1.6869140e-05 2.1595854e-06 1.9308036e-05 8.5034026e-06 9.9995315e-01] [2.4663279e-05 1.8455654e-05 3.0363528e-05 2.8490836e-05 9.9989796e-01] [1.6151219e-04 3.0435236e-05 1.9195957e-05 2.1133001e-05 9.9976772e-01] [0.00602272 0.5565349  0.4344732  0.00091217 0.00205702] [1.6274912e-06 2.2715814e-05 4.6104073e-05 9.3367162e-06 9.9992025e-01] [9.0425819e-01 2.2438818e-04 3.5721934e-04 7.3423043e-02 2.1737160e-02] [3.1209311e-01 1.4004922e-01 5.4771185e-01 7.3153460e-05 7.2654962e-05] [8.1449634e-06 2.1834795e-01 7.8157771e-01 2.6024069e-05 4.0200757e-05] [3.8997064e-04 5.4121566e-01 4.5794624e-01 1.1023607e-04 3.3785129e-04] [1.0343962e-05 9.9697304e-01 3.0038953e-03 3.8667381e-06 8.8116103e-06] [5.1276974e-04 4.1235173e-03 9.9523818e-01 8.2177925e-05 4.3363612e-05] [2.3194309e-04 5.2502514e-07 1.3690745e-05 7.2594774e-03 9.9249434e-01] [8.3008891e-01 2.4079804e-04 1.6703369e-01 1.1857278e-03 1.4508333e-03] [6.8422697e-02 1.5911058e-04 7.5542578e-04 9.0913641e-01 2.1526316e-02] [7.3269231e-04 3.3698734e-03 9.9551302e-01 1.7641655e-04 2.0799207e-04] [3.0182468e-04 4.4474861e-01 5.5404210e-01 2.2137230e-05 8.8531617e-04] [3.1029754e-03 2.0918313e-05 2.0812652e-03 4.0248879e-03 9.9076992e-01] [1.1687267e-02 5.9752743e-05 4.0699854e-03 4.1725542e-02 9.4245744e-01] [0.21959633 0.18862396 0.5819044  0.00868915 0.0011862 ] [0.8577316  0.01915085 0.11342669 0.00777449 0.00191635] [4.8517853e-02 4.6855086e-04 9.4914597e-01 1.5813299e-03 2.8624872e-04] [5.6354386e-01 1.3471828e-04 3.3281269e-04 2.7700129e-01 1.5898731e-01] [6.6208839e-01 6.4108637e-04 3.0653456e-02 2.1809280e-01 8.8524260e-02] [5.3037344e-03 1.3941839e-02 9.7841680e-01 7.7650987e-04 1.5611699e-03] [3.4034038e-03 2.6773099e-05 2.7362784e-04 9.8562792e-02 8.9773345e-01] [9.9808782e-01 7.8871708e-05 1.7704796e-03 3.6347526e-05 2.6498727e-05] [6.0993293e-03 1.4152683e-03 9.9111336e-01 1.1707216e-03 2.0132547e-04] [7.8959507e-05 3.2599555e-06 1.0246984e-04 2.1247072e-03 9.9769068e-01] [4.9544618e-01 1.5933756e-04 5.0433922e-01 3.8125327e-05 1.7167573e-05] [2.3706382e-02 3.7282582e-05 9.7566104e-01 5.5219315e-04 4.3102060e-05] [7.5920793e-06 5.7690881e-06 1.6706676e-05 8.6290656e-06 9.9996126e-01] [9.0472668e-04 9.7487243e-03 9.8874015e-01 1.4586344e-04 4.6056477e-04] [9.8530233e-01 2.2240283e-04 4.5562391e-03 9.6511487e-03 2.6782628e-04] [0.70127463 0.21346737 0.07502567 0.00934932 0.00088303] [0.07226427 0.00114922 0.04328176 0.88172823 0.00157648] [8.1452075e-03 1.9095218e-04 9.9157327e-01 5.1957421e-05 3.8610848e-05] [9.0470354e-07 9.9978107e-01 2.1611236e-04 8.5843368e-07 1.1193267e-06] [8.6599487e-01 1.1300207e-01 2.0284040e-02 5.2953482e-04 1.8951989e-04]",1 0 0 3 4 2 4 2 1 2 0 0 4 2 3 3 1 1 4 4 4 0 2 2 0 3 0 4 4 4 3 4 2 0 3 2 2 4 2 3 4 4 1 1 4 0 1 1 2 2 3 4 2 3 1 4 0 2 2 0 3 2 3 3 2 3 1 3 4 1 1 0 3 0 4 0 4 4 3 0 2 1 1 4 2 1 2 2 2 4 2 2 4 0 1 3 2 2 2 3 4 2 4 0 0 2 4 3 1 4 4 4 1 4 0 2 2 1 2 2 4 0 0 2 1 4 4 2 2 2 4 3 2 3 0 2 4 0 0 4 2 0 2 3 2 1 0
188,0,xgboost,0.02,50,50,0.3783783783783784,0.663333998121397,[3.5991427e-04 1.5520838e-04 2.8180329e-03 1.1850723e-04 9.9654835e-01] [0.6095516  0.00811396 0.03346521 0.04095736 0.30791184] [0.27424914 0.21680681 0.41894278 0.01251019 0.07749107] [0.00233696 0.02442718 0.0159127  0.02738061 0.92994255] [0.03046526 0.02772428 0.06390586 0.16375832 0.7141463 ] [0.02799439 0.0051735  0.12814173 0.22616003 0.61253035] [0.03308859 0.00499    0.03398412 0.05661246 0.8713248 ] [0.3551203  0.01500694 0.06357759 0.00629937 0.55999583] [0.0268716  0.00155006 0.9454736  0.00207684 0.02402792] [4.9479730e-02 3.5794650e-04 7.5729251e-02 1.1239161e-02 8.6319387e-01] [0.09675141 0.36287913 0.27044937 0.00520122 0.2647188 ] [0.07767431 0.01635563 0.8799495  0.01584511 0.01017543] [1.6971858e-02 9.5254904e-01 2.9851535e-02 4.5721652e-04 1.7029088e-04] [0.07771317 0.0419033  0.12141006 0.67284834 0.08612517] [0.00602062 0.01738126 0.13290717 0.15738128 0.6863097 ] [3.6221129e-04 3.2436594e-03 2.6995482e-02 4.8981491e-03 9.6450049e-01] [3.7275263e-04 2.3294806e-02 9.1827458e-01 5.4785281e-02 3.2725977e-03] [0.40777734 0.00601415 0.07745779 0.03743683 0.4713139 ] [0.17056836 0.09769102 0.45530745 0.01231476 0.2641184 ] [0.1064053  0.41363412 0.41775444 0.04274004 0.01946604] [0.10318901 0.07399061 0.5710238  0.05649777 0.19529876] [0.01540107 0.00303121 0.00709067 0.00952624 0.9649508 ] [0.18790084 0.47916892 0.3086632  0.0093095  0.01495754] [7.1957585e-04 9.0925276e-01 6.1394293e-02 6.9768797e-04 2.7935639e-02] [0.00463988 0.01952856 0.00186778 0.04491489 0.9290489 ] [0.29855964 0.03097476 0.19767788 0.3443144  0.12847331] [0.24987136 0.00232192 0.01609233 0.29997    0.43174437] [0.23645292 0.28641868 0.41872346 0.00519648 0.05320843] [0.60038406 0.01692642 0.03341107 0.011111   0.33816743] [0.09111629 0.4604174  0.05378765 0.10740033 0.28727835] [0.70641065 0.00362754 0.00725906 0.11189428 0.17080846] [0.07454485 0.086472   0.16241878 0.03255859 0.6440058 ] [0.00688235 0.00145107 0.02591896 0.8373348  0.12841272] [0.21642406 0.08165515 0.5370942  0.02570991 0.13911673] [0.00200075 0.00341922 0.00512186 0.00820045 0.9812577 ] [0.03296183 0.05931128 0.8301491  0.05628219 0.02129555] [0.06848907 0.01138883 0.32345453 0.07128527 0.5253823 ] [0.4155913  0.46327558 0.08108993 0.03768127 0.00236189] [0.0127625  0.48219928 0.43087927 0.03779875 0.03636021] [0.45510232 0.23611844 0.04237789 0.03933369 0.22706763] [3.3271413e-03 8.5381384e-04 9.8426729e-01 4.7366589e-04 1.1078099e-02] [0.01343617 0.00285581 0.97304124 0.00382337 0.00684341] [0.03800021 0.02743697 0.09712932 0.75929147 0.07814203] [0.23368283 0.06697845 0.05329224 0.18862475 0.45742175] [0.709938   0.04170578 0.06314401 0.08147386 0.10373839] [0.11554643 0.22466877 0.62519956 0.01505147 0.0195338 ] [0.01355754 0.08157276 0.89149344 0.00554993 0.00782635] [1.8787786e-02 5.5351690e-03 9.6321249e-01 9.6403492e-05 1.2368123e-02] [0.09561451 0.17894067 0.11985801 0.00300992 0.60257685] [0.2155468  0.23001176 0.22121303 0.01369302 0.3195354 ] [0.48089552 0.00677129 0.03166368 0.2992051  0.18146437] [0.29994118 0.03889314 0.03815018 0.19943799 0.4235775 ] [0.00282303 0.00941275 0.03688136 0.75604045 0.19484243] [0.84073    0.04565596 0.08083    0.01410242 0.0186816 ] [0.17543146 0.17105885 0.02807998 0.01265315 0.6127766 ] [0.07843973 0.53894544 0.21079186 0.06239339 0.10942953] [0.01500242 0.01268854 0.94432    0.01374155 0.01424752] [0.7708613  0.06287409 0.06447225 0.07416409 0.02762818] [0.65752536 0.01453678 0.09551848 0.02478806 0.20763129] [0.11323458 0.00104983 0.00468493 0.6848629  0.19616772] [0.00461728 0.00237397 0.00974615 0.00416749 0.9790951 ] [0.54552066 0.37057367 0.05225222 0.03070784 0.0009456 ] [0.02703531 0.14821135 0.09669435 0.00848775 0.71957123] [0.34210172 0.24215564 0.00605086 0.34092525 0.06876648] [0.00793613 0.11224347 0.06085487 0.02122669 0.7977388 ] [0.01216337 0.64742553 0.3243112  0.01193788 0.00416206] [0.29860276 0.0156273  0.5643423  0.07524128 0.0461863 ] [0.01166836 0.09054033 0.8714513  0.01713404 0.00920594] [0.6336775  0.09400529 0.11970475 0.02315233 0.12946016] [0.00198926 0.00418693 0.0141528  0.01290677 0.9667643 ] [2.9895434e-03 6.6579194e-03 2.2873662e-02 9.1517065e-04 9.6656370e-01] [0.30999604 0.11264692 0.14541715 0.00404228 0.42789763] [0.04516752 0.19394839 0.7557564  0.00282428 0.00230341] [0.26122913 0.00727571 0.01319958 0.58459777 0.13369784] [0.21706796 0.08538883 0.6655437  0.02530899 0.00669055] [0.00520224 0.05834606 0.6371569  0.19658731 0.10270748] [0.8762763  0.02792341 0.04817625 0.03927941 0.00834461] [0.01575003 0.00509628 0.09861599 0.02591697 0.8546207 ] [0.22496226 0.25542912 0.14485481 0.23192632 0.14282745] [0.5629236  0.02926641 0.31241053 0.08116729 0.01423216] [0.02107336 0.0186704  0.9440088  0.00281715 0.01343026] [0.00924424 0.02648354 0.00797992 0.9513724  0.00491997] [0.08971718 0.02002882 0.7122591  0.04083496 0.13715994] [0.05653536 0.10864928 0.7340339  0.01083277 0.0899487 ] [0.02379132 0.04118209 0.7962534  0.13583075 0.0029425 ] [0.10365312 0.06681323 0.04429973 0.22789352 0.5573404 ] [0.02746211 0.00216051 0.9634195  0.00422355 0.00273434] [0.00405593 0.01635372 0.03560045 0.14694105 0.79704887] [0.09737063 0.05774123 0.8161832  0.02521115 0.00349379] [3.3994319e-03 5.0030466e-02 9.4351214e-01 2.1365162e-03 9.2147681e-04] [8.2765315e-03 1.7737050e-01 8.0677611e-01 1.5014915e-04 7.4267187e-03] [0.00137247 0.00477351 0.9167039  0.07606149 0.00108865] [0.15190935 0.15993476 0.48749232 0.11391537 0.08674819] [0.34267464 0.17005895 0.11450204 0.08570005 0.2870643 ] [0.00653128 0.09242688 0.26169407 0.01091026 0.6284375 ] [3.4346641e-03 2.0224613e-03 6.0186803e-04 3.1504587e-05 9.9390948e-01] [3.1968389e-02 1.4486597e-02 9.5227212e-01 7.1711629e-04 5.5578572e-04] [0.00471455 0.86591244 0.08248817 0.02125947 0.0256254 ] [0.09534996 0.02207215 0.1388     0.47154614 0.2722318 ] [0.02387797 0.04036571 0.05819538 0.01708999 0.86047095] [2.2665568e-02 2.0839084e-02 3.2407788e-04 5.6905173e-02 8.9926612e-01] [0.00115908 0.06327254 0.92279166 0.00879542 0.00398134] [0.016157   0.6977239  0.12249639 0.00309134 0.1605313 ] [0.01182985 0.23907627 0.7442748  0.00375719 0.00106192] [0.1301994  0.04837275 0.5708824  0.00244515 0.2481003 ] [0.00848005 0.13638715 0.55007195 0.00599133 0.2990695 ] [0.53968865 0.00393621 0.01052677 0.14090502 0.30494338] [1.1040275e-03 4.2603325e-04 9.3525790e-02 8.8201624e-01 2.2927886e-02] [0.00702662 0.02142023 0.89383304 0.02905575 0.04866432] [0.5637613  0.00516292 0.33052176 0.01100978 0.08954427] [0.02849493 0.0070587  0.23575856 0.35212082 0.37656695] [0.11136612 0.04950485 0.03380892 0.04137906 0.76394105] [6.6750031e-03 8.5492607e-04 9.0176642e-01 8.7587662e-02 3.1160419e-03] [0.01113576 0.07541965 0.8703879  0.00472401 0.0383327 ] [0.27155226 0.0051219  0.5556992  0.07025045 0.09737614] [0.09012461 0.26283553 0.2245158  0.4019204  0.02060368] [2.1800394e-03 5.4005731e-02 7.6881470e-03 1.6099392e-04 9.3596512e-01] [0.15351169 0.00428015 0.04825015 0.1644064  0.6295516 ] [0.075153   0.02194291 0.11116436 0.14873074 0.643009  ] [0.11052438 0.00480007 0.85677826 0.00666678 0.02123055] [0.01147848 0.49308392 0.40585223 0.04433855 0.04524679] [0.10365845 0.1766529  0.70416677 0.01198824 0.00353362] [0.01044529 0.00322143 0.01614026 0.00148717 0.96870583] [0.00338424 0.00465154 0.961178   0.01281619 0.01797003] [0.02256263 0.00295265 0.24104495 0.04502577 0.688414  ] [0.31459215 0.00635223 0.01137601 0.59818494 0.06949466] [0.03514494 0.02323191 0.9171905  0.02210374 0.00232888] [0.170545   0.07461002 0.69842875 0.03108975 0.02532643] [0.7623734  0.0386229  0.01823633 0.1376049  0.04316249] [0.01085349 0.00384534 0.01399323 0.9325751  0.03873288] [0.25995553 0.00420433 0.57267344 0.11607207 0.04709464] [0.07572705 0.00789132 0.05233072 0.00332019 0.86073077] [0.05877727 0.1429852  0.6727339  0.08326939 0.04223422] [0.01788411 0.02789431 0.8555857  0.09736267 0.00127321] [0.00078796 0.73944646 0.21731336 0.01042763 0.03202462] [0.21001935 0.04613557 0.22781985 0.3229218  0.19310343] [0.002683   0.00859661 0.983107   0.00214827 0.00346515] [0.08856656 0.01944614 0.5061495  0.05391082 0.33192703] [0.01264384 0.00806487 0.00815749 0.02138934 0.9497444 ] [0.02257868 0.10593676 0.83799124 0.02490406 0.0085893 ] [0.02147832 0.01071429 0.00739924 0.3336924  0.6267158 ] [0.9032662  0.016319   0.0215977  0.03612407 0.02269302] [0.01093249 0.01273801 0.1325116  0.04640976 0.7974081 ] [0.6756393  0.00585437 0.02262579 0.01355207 0.28232852] [0.02345311 0.00315404 0.92617685 0.01624245 0.03097351] [2.7944981e-03 3.5933363e-03 3.7865121e-02 6.2781957e-04 9.5511925e-01] [0.75746435 0.17234713 0.00477895 0.06377729 0.00163226] [0.01381807 0.00350174 0.6297541  0.33592802 0.01699803],4 3 2 0 2 4 4 0 2 3 2 1 1 2 2 4 2 2 2 1 4 4 2 2 3 4 3 3 1 1 4 1 3 2 4 0 4 1 2 3 2 2 3 0 4 1 0 2 4 0 2 1 2 1 2 4 4 3 0 0 4 2 4 4 4 1 4 2 2 3 4 0 2 2 2 2 2 4 2 0 2 3 4 4 2 3 0 0 1 1 4 2 2 1 1 4 2 2 4 0 0 1 2 2 4 0 4 3 2 1 3 4 3 0 1 4 4 0 0 2 3 3 4 0 3 3 2 2 0 4 1 1 0 2 4 0 0 3 2 2 4 0 0 1 0 4 3 3
188,1,xgboost,0.02,50,50,0.3129251700680272,0.6534385628616979,[2.2772469e-02 1.5208071e-01 7.8083754e-01 2.4765127e-04 4.4061597e-02] [0.12730616 0.0366874  0.20679787 0.005042   0.6241666 ] [0.00138561 0.01713541 0.97866106 0.00100767 0.00181023] [0.08917429 0.05419993 0.35213962 0.0031669  0.5013193 ] [0.05981564 0.00327222 0.92829    0.00401989 0.00460226] [0.15894215 0.00290949 0.80979663 0.01531759 0.01303417] [0.03671335 0.08405008 0.81891793 0.05469469 0.00562391] [2.2248548e-02 5.1251880e-04 7.4823073e-04 4.3622446e-03 9.7212845e-01] [0.21126738 0.00349512 0.03787255 0.49101004 0.25635496] [0.00644947 0.900568   0.00697448 0.08307388 0.00293421] [0.30666348 0.00909663 0.17374352 0.09575201 0.41474438] [0.6733443  0.02724909 0.00432679 0.25440302 0.04067681] [0.9135866  0.05622833 0.00597571 0.02226315 0.00194615] [0.03819363 0.01201387 0.8475131  0.01411329 0.08816612] [0.00101236 0.5941734  0.34150162 0.00160692 0.06170575] [0.26780927 0.30508697 0.10473505 0.02624675 0.29612195] [1.2734376e-01 3.9661932e-04 8.2423771e-03 2.5491794e-03 8.6146808e-01] [0.0059054  0.00635483 0.00124547 0.01512459 0.97136974] [0.01464453 0.00250177 0.00919132 0.00184909 0.9718133 ] [0.11325977 0.0397279  0.10579375 0.0832975  0.6579211 ] [3.5206429e-03 1.1020643e-03 9.9461681e-01 4.9753865e-04 2.6291824e-04] [0.03024065 0.02239276 0.8591238  0.02993935 0.05830339] [0.3340743  0.00320893 0.2675216  0.22276765 0.17242756] [0.00094668 0.01731379 0.7508952  0.00308201 0.22776225] [0.03390629 0.01037444 0.9473817  0.00202464 0.00631296] [0.05960212 0.0460222  0.09230952 0.05890683 0.74315935] [6.4631298e-02 1.7605610e-03 7.8048394e-04 7.1231365e-02 8.6159635e-01] [0.73324585 0.0094274  0.03351396 0.1664687  0.05734412] [0.0270942  0.01545335 0.94480926 0.00604908 0.00659412] [0.06697785 0.02034254 0.06019185 0.00227187 0.85021585] [0.04577966 0.02246462 0.02096454 0.8414213  0.0693699 ] [7.3158543e-04 9.8333979e-01 1.3300373e-02 9.7399665e-04 1.6542845e-03] [0.76574266 0.04865639 0.08696083 0.0167774  0.0818627 ] [0.06700154 0.06616791 0.09547541 0.08171558 0.68963957] [0.03638206 0.00292376 0.28633955 0.00176292 0.6725917 ] [0.01895064 0.01067724 0.9436951  0.01120326 0.01547375] [1.4187021e-02 1.9682324e-03 9.8308450e-01 2.1960895e-04 5.4062193e-04] [0.15873855 0.03008575 0.43970916 0.15332294 0.21814357] [0.32266492 0.02461673 0.17957488 0.03257289 0.44057056] [0.03103126 0.01619593 0.03135412 0.16696353 0.75445515] [0.05424713 0.01739091 0.48251215 0.02159188 0.42425787] [0.4234242  0.00763892 0.00470496 0.35243002 0.2118019 ] [0.40672317 0.00681593 0.04133127 0.4628093  0.08232037] [0.00969073 0.09834112 0.5333935  0.35566047 0.00291419] [0.09367275 0.09246511 0.7486448  0.0110646  0.05415272] [1.0923736e-02 1.1923973e-02 9.7479111e-01 8.1385230e-04 1.5473062e-03] [0.09536765 0.18516243 0.5628671  0.07931538 0.07728744] [0.09310211 0.00936626 0.01818686 0.05087806 0.8284667 ] [0.80644476 0.0053778  0.06188856 0.04084941 0.08543947] [0.01569194 0.02424196 0.23201959 0.04602338 0.6820231 ] [0.37802196 0.00323401 0.03093984 0.16979179 0.41801238] [0.01131627 0.27150694 0.18068567 0.03738603 0.49910516] [0.26953462 0.08698943 0.58834004 0.02420529 0.03093061] [0.02080892 0.00144803 0.9688111  0.00579129 0.00314062] [8.7219113e-03 1.5540150e-03 9.8680669e-01 5.4133090e-04 2.3760728e-03] [0.04721374 0.00102693 0.00351502 0.0200137  0.9282306 ] [0.01988877 0.09093151 0.772627   0.05753337 0.05901941] [1.6508187e-01 2.5213152e-04 4.0297037e-01 2.2565709e-02 4.0912986e-01] [0.01479411 0.01986857 0.00213456 0.03140816 0.9317945 ] [0.04321644 0.20327167 0.1539176  0.01059795 0.58899635] [0.00903228 0.00419163 0.08625032 0.00350796 0.8970178 ] [0.02514127 0.00857715 0.9294387  0.01991023 0.01693264] [0.01239547 0.49510583 0.0295161  0.4391528  0.0238298 ] [0.11112706 0.00329201 0.30981857 0.02997088 0.5457915 ] [0.03874784 0.03717437 0.9100376  0.00513332 0.00890691] [0.00548638 0.07090802 0.9023686  0.00203719 0.0191998 ] [0.02116189 0.01385254 0.07219922 0.0085384  0.884248  ] [0.05270388 0.21600528 0.6999491  0.02931506 0.00202668] [0.01978605 0.24662143 0.02860494 0.0672712  0.63771635] [0.03211413 0.29374328 0.4099338  0.21129227 0.05291656] [0.00285222 0.00117537 0.00457088 0.0110023  0.98039925] [0.03687004 0.00707009 0.00852065 0.26947042 0.6780688 ] [0.0617493  0.07108859 0.19674043 0.18196009 0.4884616 ] [0.01885847 0.03848952 0.00521618 0.00475859 0.9326772 ] [0.00340958 0.00907354 0.9839533  0.0018757  0.00168788] [7.3550042e-04 1.0668702e-04 7.7969377e-04 8.4349874e-04 9.9753463e-01] [0.01282152 0.04057144 0.70964235 0.00159727 0.23536742] [0.06574544 0.01779825 0.00745751 0.01878013 0.8902187 ] [0.02766227 0.01221867 0.95292866 0.00602161 0.00116885] [0.4597225  0.24739805 0.04443569 0.00644732 0.24199648] [0.02599645 0.00625798 0.91052127 0.00192343 0.05530088] [0.00121477 0.00921652 0.07425699 0.01465231 0.9006594 ] [0.08657042 0.07533175 0.34074807 0.15884924 0.33850053] [0.6899734  0.05752019 0.01631997 0.20634112 0.02984527] [1.3178596e-03 2.7754871e-02 9.6952808e-01 1.1302790e-03 2.6893272e-04] [0.0130267  0.01442276 0.07079192 0.8751011  0.0266575 ] [0.2393681  0.01189145 0.19819528 0.5097665  0.04077863] [0.0075914  0.07122859 0.2757186  0.62843126 0.01703015] [0.0177901  0.02657162 0.01084752 0.02105264 0.9237381 ] [2.3985186e-03 4.5757633e-04 1.9687724e-03 4.2394892e-04 9.9475116e-01] [0.00584086 0.27010188 0.7188609  0.00427129 0.00092503] [0.07128768 0.15184209 0.75878686 0.01663553 0.00144784] [6.8837460e-03 1.0666883e-01 8.8170624e-01 7.9264870e-04 3.9485665e-03] [0.06526691 0.04166287 0.3756968  0.21739241 0.29998097] [0.07981791 0.00098936 0.00910391 0.0035886  0.9065002 ] [0.34193662 0.01484566 0.00321735 0.58315563 0.05684472] [0.00566826 0.00490988 0.01511743 0.5295993  0.44470513] [0.463929   0.07452565 0.02614316 0.00101127 0.43439087] [0.00134078 0.07624454 0.75099957 0.03478944 0.13662565] [0.4888855  0.04075498 0.18996102 0.09065448 0.18974407] [0.22133794 0.03347921 0.0438804  0.24243835 0.45886412] [0.01846652 0.11173949 0.00282225 0.00102244 0.86594933] [0.06467573 0.07181972 0.6336328  0.12326379 0.106608  ] [0.05179769 0.02023419 0.32846233 0.5921085  0.0073973 ] [0.07139833 0.15169118 0.62140477 0.14058423 0.01492146] [0.00749969 0.00942634 0.02872389 0.00374798 0.95060205] [2.1563967e-04 2.5174301e-03 8.1952906e-04 2.2654764e-05 9.9642473e-01] [0.0254213  0.00980851 0.42282593 0.00277175 0.5391725 ] [0.02674818 0.00545837 0.95437914 0.01197515 0.00143913] [0.01090581 0.00635044 0.00145342 0.9137753  0.067515  ] [0.07191898 0.00363377 0.40866995 0.5103801  0.00539721] [1.1893334e-03 1.5914282e-02 6.9751139e-03 1.9814314e-04 9.7572315e-01] [0.00767022 0.01234185 0.9453817  0.00398059 0.0306257 ] [0.21888976 0.12095955 0.24244508 0.11693115 0.30077448] [0.07386785 0.03701125 0.7704009  0.089788   0.02893203] [0.13941495 0.0185854  0.305125   0.37951756 0.1573571 ] [0.04865209 0.86516005 0.06570335 0.01050157 0.00998298] [0.6721119  0.13750651 0.10286368 0.03314948 0.0543684 ] [0.4939896  0.22506827 0.00938632 0.02916887 0.24238694] [0.01174796 0.10798508 0.73755854 0.11363562 0.02907279] [0.03353124 0.05829343 0.7830128  0.12350608 0.00165644] [0.02679523 0.04630277 0.47799626 0.37340897 0.07549679] [0.68733984 0.14747266 0.01535533 0.02650151 0.12333068] [3.1817940e-03 1.2857086e-03 9.2721409e-01 6.2605244e-04 6.7692287e-02] [0.01174365 0.0022882  0.82688224 0.01408616 0.14499976] [0.14999835 0.39338204 0.23392536 0.10188507 0.12080918] [7.7103502e-03 1.4818872e-03 8.2508065e-02 7.7519700e-04 9.0752447e-01] [0.05194229 0.57567716 0.34662786 0.01654064 0.00921204] [1.1777095e-01 1.8076081e-04 1.9209478e-02 6.1940402e-03 8.5664475e-01] [0.30770886 0.346285   0.20133497 0.11405203 0.03061913] [0.0400933  0.0027233  0.9424639  0.00163538 0.01308412] [0.39919975 0.00214325 0.04974499 0.51783633 0.03107568] [0.3164603  0.03020841 0.08626743 0.18515158 0.3819123 ] [0.43795872 0.02853723 0.39708877 0.01414832 0.12226698] [2.6181885e-03 1.6466113e-03 9.7414535e-01 8.6992666e-05 2.1502903e-02] [0.18214363 0.00340367 0.7728118  0.01944502 0.02219596] [0.2855385  0.5354894  0.02269847 0.01900644 0.13726716] [0.13439538 0.00079645 0.00969562 0.4963584  0.35875413] [0.05865715 0.10647848 0.80642855 0.01596046 0.01247534] [0.33485204 0.00110584 0.00241547 0.02599347 0.6356332 ] [0.60845965 0.0554015  0.00435077 0.21007358 0.1217145 ] [0.14224535 0.03300473 0.00880633 0.26471192 0.5512316 ] [8.3008292e-04 9.7150534e-02 1.0982774e-02 8.9864358e-03 8.8205022e-01] [0.04716527 0.02055725 0.03938535 0.52956355 0.3633286 ] [0.16757524 0.03030986 0.56459105 0.08029862 0.15722524] [0.00996973 0.08399282 0.16712102 0.01046014 0.7284563 ] [0.05885527 0.09813968 0.81668305 0.00408595 0.02223612],2 3 1 2 4 2 2 3 3 2 4 1 0 1 1 4 2 4 4 2 2 1 4 1 2 3 0 0 2 2 4 2 4 4 2 2 2 4 4 4 0 3 4 3 0 2 3 4 3 1 3 1 2 2 2 3 2 2 0 4 2 0 3 1 1 2 3 1 2 3 2 3 0 2 0 4 4 0 0 0 4 4 3 2 3 2 3 2 1 4 1 0 0 0 4 4 4 1 4 2 2 4 3 2 0 2 4 1 2 3 1 4 0 1 0 3 2 4 4 4 3 4 2 4 2 1 0 2 4 0 2 0 4 1 0 0 2 4 1 0 0 2 4 0 2 2 1
188,2,xgboost,0.02,50,50,0.42857142857142855,0.669109003954972,"[0.550931   0.11904345 0.14888158 0.14377251 0.03737148] [0.01754887 0.00411824 0.9689293  0.00177141 0.00763214] [0.00851392 0.01964221 0.25146505 0.02487821 0.6955006 ] [0.37989682 0.07238501 0.5286499  0.01277416 0.00629407] [0.00760469 0.00134634 0.8707899  0.00106485 0.11919421] [0.09582391 0.16846283 0.6732081  0.01612202 0.04638312] [0.10741029 0.03254528 0.03530416 0.03071524 0.794025  ] [0.04167534 0.27797717 0.6262496  0.03391184 0.02018602] [0.0928027  0.02594054 0.8653225  0.01290009 0.00303419] [0.08210142 0.01603254 0.7331617  0.09701596 0.07168835] [0.01205594 0.03146547 0.21362206 0.38906062 0.35379595] [0.00594037 0.0015901  0.35649812 0.05981923 0.5761522 ] [0.31346235 0.22861119 0.07754391 0.3102658  0.07011675] [0.13883668 0.10020106 0.34796593 0.40880617 0.00419015] [0.12535675 0.01431804 0.7822368  0.00357094 0.07451751] [0.28156525 0.34515256 0.15315185 0.02013593 0.19999444] [0.01037244 0.01345594 0.00558924 0.00342806 0.9671543 ] [0.08143052 0.03212507 0.7743836  0.03012005 0.08194079] [0.6084308  0.14335915 0.11297809 0.0466566  0.08857531] [0.04576103 0.09034948 0.834542   0.00959744 0.01975013] [0.47453603 0.00073872 0.10912615 0.3491364  0.06646264] [0.5776294  0.00919606 0.22306028 0.021749   0.1683653 ] [0.01634243 0.0160409  0.16471009 0.06100621 0.7419004 ] [4.7111646e-03 8.8099629e-01 1.1374402e-01 2.2034180e-04 3.2812334e-04] [0.03806976 0.7979848  0.0942709  0.00233913 0.06733549] [0.01876711 0.39929274 0.4173921  0.00143516 0.16311288] [0.2527552  0.00453568 0.00747166 0.7229887  0.01224882] [0.0189237  0.01743788 0.24596705 0.5598458  0.15782554] [2.6204943e-04 1.1903297e-05 6.0477378e-05 8.7940466e-04 9.9878615e-01] [0.0614507  0.13860719 0.61994576 0.10390947 0.0760868 ] [0.8921905  0.01893568 0.07520474 0.01178152 0.00188752] [6.7114166e-04 3.8168867e-04 9.3941850e-04 4.0967525e-03 9.9391103e-01] [1.0467514e-03 2.8711427e-02 9.6981257e-01 1.4165224e-04 2.8764203e-04] [0.12974519 0.16381948 0.67275476 0.0282056  0.00547501] [3.3781923e-02 3.2284159e-02 9.2785323e-01 8.0182182e-04 5.2788109e-03] [0.02714456 0.02048121 0.60317814 0.00226049 0.34693557] [0.00829455 0.00310257 0.01956092 0.00115225 0.96788967] [0.8348257  0.011379   0.04048274 0.04432415 0.06898846] [0.0550229  0.186048   0.67813563 0.03061944 0.05017403] [0.72020394 0.16701    0.01167272 0.00221937 0.09889392] [4.8876659e-04 9.0748340e-01 8.4693462e-02 3.2307133e-03 4.1036173e-03] [0.02041985 0.26042622 0.68432146 0.00163371 0.03319875] [0.08335562 0.03772404 0.87631834 0.00158769 0.00101429] [2.4880595e-05 1.5551966e-05 6.6016262e-05 8.5666925e-03 9.9132687e-01] [0.13275139 0.12743542 0.6883152  0.04661007 0.00488798] [0.07387774 0.03032399 0.01070925 0.04414583 0.8409432 ] [0.8365605  0.07886718 0.08065348 0.0009015  0.00301735] [0.00216178 0.05411306 0.8450568  0.0657527  0.03291574] [0.11933457 0.17465599 0.65202427 0.04203067 0.01195447] [0.68530583 0.00574821 0.07049084 0.11498614 0.12346899] [0.30616832 0.07231872 0.21768749 0.38150355 0.02232191] [0.010249   0.00630522 0.01242665 0.1125254  0.8584937 ] [0.01255441 0.0066761  0.3916823  0.02131946 0.56776774] [0.59484845 0.00160872 0.22754109 0.01781576 0.15818602] [0.22798193 0.03955731 0.5284177  0.07867263 0.1253704 ] [0.22712404 0.00967162 0.01850525 0.18239467 0.56230444] [0.00595761 0.4078746  0.3536454  0.00164868 0.23087367] [0.02394491 0.0437062  0.7625481  0.05956843 0.11023236] [0.10486291 0.20420095 0.68462    0.0015823  0.00473382] [0.54542327 0.36258462 0.02042117 0.01371523 0.05785568] [0.1678816  0.19006336 0.12375075 0.04486058 0.47344375] [0.2496968  0.00496219 0.72220355 0.00383329 0.01930416] [0.0019584  0.00147536 0.01301232 0.9051191  0.07843474] [0.25323826 0.20666645 0.5231819  0.01623537 0.000678  ] [0.09746664 0.7104901  0.06977244 0.05256078 0.06971009] [0.09050376 0.39891577 0.4903983  0.00911761 0.01106462] [1.0690082e-02 2.4517236e-05 1.2795578e-04 8.7756114e-03 9.8038185e-01] [0.15850337 0.01930436 0.8016276  0.01813564 0.00242903] [0.04287836 0.00074053 0.00058188 0.41330048 0.54249877] [0.05258635 0.00835306 0.0308204  0.8995692  0.00867093] [0.02778478 0.00410702 0.84874666 0.09271113 0.02665037] [1.21781295e-02 2.53981761e-05 1.21186872e-03 4.47291328e-04
 9.86137331e-01] [0.0185196  0.00173561 0.03347947 0.55820197 0.38806337] [0.1471616  0.01439313 0.0146816  0.6741291  0.14963451] [0.01244537 0.043948   0.926531   0.01567194 0.00140365] [0.02103167 0.7862891  0.09579848 0.02832354 0.06855723] [0.43415543 0.20028792 0.04455131 0.13436751 0.18663785] [0.52791846 0.11705827 0.14109083 0.19153064 0.0224018 ] [0.07563199 0.06265767 0.57938313 0.24849966 0.03382752] [0.788794   0.03698804 0.12255645 0.04390964 0.00775187] [0.09295882 0.05886142 0.10364716 0.0012954  0.74323726] [0.26376858 0.06968729 0.20887709 0.01231445 0.44535255] [0.00999764 0.05702287 0.5977386  0.1098359  0.22540495] [0.07689139 0.4334721  0.4570758  0.01166482 0.02089584] [0.03748252 0.05239304 0.8968485  0.01013075 0.00314522] [0.07614407 0.29175362 0.57406384 0.03220202 0.02583641] [0.03863548 0.11301613 0.15815032 0.00602038 0.6841777 ] [0.29427934 0.0026442  0.12805094 0.2228142  0.3522113 ] [0.03446563 0.09066992 0.3306345  0.511457   0.03277289] [0.12453546 0.39758974 0.03271316 0.39786553 0.04729611] [7.0007336e-03 7.1918303e-03 9.8570758e-01 5.3610693e-05 4.6276698e-05] [0.1301631  0.01000835 0.769985   0.00196699 0.08787653] [0.13127434 0.02153043 0.11547145 0.29455683 0.43716696] [0.09528609 0.06814875 0.16007677 0.06813581 0.6083526 ] [0.19102746 0.29106054 0.20182532 0.28632984 0.02975684] [0.06782921 0.11336704 0.39972827 0.01578683 0.40328866] [0.03117465 0.06087327 0.7998913  0.10460938 0.00345141] [0.02403563 0.00217921 0.79458565 0.00137346 0.17782612] [0.05869004 0.08726237 0.03018065 0.8161417  0.0077252 ] [0.09640526 0.60742146 0.26592842 0.01837271 0.01187218] [0.00479193 0.00200988 0.00985905 0.10556897 0.8777702 ] [0.3481483  0.0144603  0.06889799 0.082964   0.4855294 ] [0.7667986  0.05316092 0.15072374 0.01467591 0.01464087] [0.55895853 0.00879353 0.01334478 0.3640673  0.05483587] [0.00132439 0.0281663  0.53754044 0.00214637 0.43082252] [0.60890496 0.37197125 0.01658208 0.00119514 0.00134658] [0.27249873 0.03872478 0.3106484  0.17206527 0.20606281] [0.02093932 0.02089239 0.8590174  0.06388791 0.03526304] [3.4328409e-02 5.0125039e-01 4.6412283e-01 2.4804226e-04 5.0326500e-05] [2.1758816e-01 5.6851481e-04 1.6677469e-02 8.7748520e-02 6.7741734e-01] [0.02383709 0.05254766 0.59882045 0.03942066 0.28537416] [0.18472727 0.04050485 0.7472353  0.00943631 0.01809628] [0.41472846 0.02297213 0.20269644 0.17615755 0.18344538] [0.33931258 0.02462291 0.00368013 0.21256936 0.419815  ] [6.1908336e-03 3.3216497e-01 6.6142106e-01 1.3837698e-04 8.4793617e-05] [2.1119015e-03 4.4948039e-05 1.8881739e-04 9.0647346e-01 9.1180824e-02] [1.0332854e-02 1.2297382e-01 8.6158919e-01 4.4668610e-03 6.3727569e-04] [1.7990166e-03 3.1028228e-04 4.6625890e-02 6.2595503e-03 9.4500530e-01] [0.46058324 0.004468   0.03199881 0.05957287 0.44337708] [0.16935094 0.73862976 0.02916349 0.03664632 0.02620951] [0.05813844 0.01899096 0.0419088  0.72661024 0.15435156] [0.47899675 0.06663555 0.09752096 0.00884977 0.34799698] [0.0160707  0.30994776 0.50004154 0.17073834 0.00320167] [0.01375524 0.01209237 0.02327549 0.12023874 0.8306382 ] [7.7107288e-03 6.1453506e-03 9.7972178e-01 6.3358527e-03 8.6322456e-05] [0.05657441 0.3888983  0.11806695 0.02177299 0.41468734] [0.02322212 0.08860033 0.87313473 0.01007498 0.00496787] [0.04784196 0.5622777  0.37023216 0.00749759 0.01215062] [0.00944481 0.07586358 0.8311716  0.04071185 0.04280825] [0.15889691 0.00473055 0.7612444  0.04026852 0.03485965] [0.09173743 0.06225555 0.79998606 0.014029   0.03199196] [0.02305291 0.09829403 0.437842   0.3636346  0.07717647] [0.75023335 0.03773746 0.02028688 0.03070878 0.16103353] [0.02376948 0.00753149 0.4426483  0.00267449 0.5233763 ] [0.106576   0.41193342 0.38546833 0.04393531 0.05208694] [0.05594096 0.31332675 0.11850849 0.47902608 0.03319775] [0.11308003 0.00834103 0.04100791 0.03746034 0.8001107 ] [0.04646763 0.00483572 0.00799627 0.35636514 0.5843352 ] [1.3053016e-02 2.9703011e-04 7.0948654e-04 5.6589197e-02 9.2935127e-01] [0.01134816 0.05427606 0.01527416 0.00286903 0.9162326 ] [9.3741212e-03 7.5328034e-01 2.3586036e-01 4.3618228e-04 1.0490316e-03] [0.01478433 0.12849762 0.8401199  0.00608462 0.01051357] [0.00639973 0.0033004  0.00707297 0.9761069  0.00712   ] [0.11117667 0.48931232 0.16044483 0.1649615  0.07410464] [0.03349475 0.00478052 0.27478516 0.65465724 0.0322823 ] [0.08438086 0.1336638  0.00269636 0.10676797 0.672491  ] [3.7691498e-04 7.8381017e-05 1.1615111e-03 3.0530784e-05 9.9835265e-01]",1 1 4 2 2 1 4 2 2 3 0 2 4 2 4 3 2 0 0 1 0 3 3 2 1 0 1 2 4 2 3 4 1 0 2 0 1 0 4 4 1 2 2 4 0 4 1 2 2 4 0 4 2 1 2 4 1 4 1 2 3 2 3 2 3 2 0 3 0 3 4 4 4 4 1 1 3 0 2 3 4 4 0 2 2 1 4 3 2 1 2 2 0 4 0 4 2 1 2 3 4 4 4 3 2 0 1 3 2 4 2 2 4 1 2 3 2 0 2 4 0 3 2 3 2 2 2 0 1 4 4 0 0 4 4 0 4 2 0 2 0 2 4 3 3 0 4
188,3,xgboost,0.02,50,50,0.4013605442176871,0.6518583750915374,[1.4069304e-04 1.0419221e-03 3.0896187e-02 1.4304369e-03 9.6649075e-01] [0.05028756 0.45899093 0.4365902  0.00466157 0.04946973] [0.00730335 0.14721772 0.68949133 0.14616874 0.00981889] [0.01892612 0.05948412 0.0772037  0.00426602 0.8401201 ] [0.11863974 0.02797252 0.0039309  0.7898432  0.05961367] [1.9517196e-03 1.2378951e-03 6.4949732e-04 9.7922438e-01 1.6936494e-02] [0.52823037 0.02837594 0.04017448 0.38326868 0.01995056] [0.02279922 0.00573108 0.00555514 0.00865433 0.9572602 ] [0.06739652 0.4089422  0.48376513 0.00282394 0.03707226] [0.08850238 0.4205108  0.421046   0.06927651 0.00066437] [3.6967162e-03 1.6685303e-04 8.1052928e-04 4.9195769e-05 9.9527669e-01] [0.01407121 0.03320504 0.89658856 0.00308152 0.05305373] [0.00201363 0.0049172  0.00246188 0.00315899 0.9874483 ] [0.02985197 0.53777355 0.42372376 0.00152254 0.00712817] [0.01160172 0.02290685 0.7516856  0.20579536 0.00801048] [0.11180011 0.2659822  0.1888358  0.00439137 0.42899054] [0.83556974 0.00900559 0.11770941 0.02770387 0.0100114 ] [0.75471836 0.00540135 0.04702533 0.02486186 0.16799313] [0.21493253 0.01632399 0.58825964 0.17982833 0.00065557] [0.04568124 0.02877897 0.31733868 0.30735105 0.30085003] [0.04559445 0.24134968 0.6722118  0.00642485 0.03441917] [0.73030674 0.0603313  0.15181668 0.04084901 0.01669627] [0.20769419 0.00448974 0.03828323 0.17960228 0.56993055] [0.2021917  0.09877142 0.55645245 0.13847226 0.00411217] [0.06513109 0.00163421 0.00101384 0.35811347 0.5741074 ] [1.5912604e-03 2.6289183e-01 7.2179043e-01 1.3033154e-02 6.9330214e-04] [1.8262336e-03 5.6865145e-02 9.3931133e-01 4.2254195e-04 1.5747802e-03] [0.03175676 0.53325444 0.41779885 0.0036513  0.01353865] [0.1489182  0.00968125 0.20334831 0.1828254  0.45522684] [0.02872482 0.05595127 0.7289179  0.17823766 0.00816835] [0.32689542 0.00352327 0.00245981 0.08514891 0.5819726 ] [2.6024494e-02 2.9085884e-02 9.4230849e-01 8.7181496e-04 1.7093938e-03] [5.9765932e-04 1.6007210e-03 9.8678201e-01 2.1053695e-03 8.9142751e-03] [0.00618826 0.03083196 0.6731901  0.28297308 0.00681658] [0.22210196 0.01315506 0.13278611 0.07584836 0.5561085 ] [0.7268122  0.05200617 0.09880095 0.10216299 0.02021776] [0.24270214 0.20018992 0.26306626 0.00981482 0.2842269 ] [0.62640375 0.07859024 0.03220771 0.06582835 0.19696993] [0.4340323  0.37647733 0.0641313  0.0859728  0.03938632] [0.26405463 0.31854436 0.22263432 0.17764167 0.01712503] [0.04136829 0.02990715 0.5542666  0.32460034 0.04985769] [9.4647652e-01 8.6539332e-04 2.8136769e-02 9.2438690e-04 2.3596935e-02] [9.1624819e-03 2.9892514e-02 9.5935076e-01 1.2313350e-03 3.6292680e-04] [0.02259143 0.05527849 0.8423886  0.0267757  0.05296582] [0.00997522 0.00942542 0.9740009  0.00542925 0.00116924] [0.00856415 0.05602013 0.86682063 0.00376481 0.06483033] [7.1795145e-04 1.9812349e-03 1.2013893e-02 3.8821987e-04 9.8489875e-01] [0.22978187 0.10508744 0.35934535 0.03722967 0.26855567] [0.13355866 0.12201609 0.37602904 0.18449643 0.1838998 ] [0.4118674  0.04287488 0.14616005 0.02706089 0.37203673] [1.5364265e-03 1.5335558e-03 8.2019524e-04 8.4958082e-01 1.4652900e-01] [0.33414015 0.07574208 0.23541355 0.229608   0.12509619] [3.0965600e-03 1.7280120e-04 6.3622715e-03 9.8351616e-01 6.8522403e-03] [0.05074726 0.00128447 0.9323076  0.01345985 0.00220084] [0.00131093 0.00186715 0.00176772 0.02866028 0.9663939 ] [0.32140496 0.01969926 0.4466977  0.07333998 0.13885807] [0.5303316  0.0017989  0.06936108 0.38559002 0.01291845] [0.14573437 0.5883373  0.00492975 0.16446495 0.09653361] [4.7670803e-03 5.4609438e-04 2.2335465e-03 1.5486528e-02 9.7696680e-01] [0.10432547 0.00148636 0.00777132 0.00095803 0.88545877] [0.05045073 0.19938228 0.73885125 0.00706294 0.00425282] [0.13512598 0.0012413  0.15635525 0.41456598 0.29271153] [0.02488936 0.1610259  0.7958408  0.01438924 0.00385466] [0.8572892  0.00688207 0.00236739 0.03382836 0.09963296] [0.02469094 0.01090285 0.90974575 0.04075498 0.01390546] [7.6221518e-04 7.8521930e-03 9.8811173e-01 1.8708472e-03 1.4030666e-03] [4.2599724e-03 2.7906319e-01 7.1527231e-01 3.5991316e-04 1.0446253e-03] [0.52097976 0.12175045 0.02942139 0.1636326  0.16421579] [0.00688898 0.00679065 0.01661738 0.01087382 0.9588291 ] [0.23581208 0.00912917 0.00177581 0.00150794 0.751775  ] [0.0928798  0.21837075 0.33246285 0.00265637 0.35363021] [2.3689745e-03 4.9170274e-03 6.7206536e-04 9.9092799e-01 1.1139417e-03] [4.4847280e-03 1.2285591e-02 9.8211735e-01 1.8367116e-04 9.2862791e-04] [0.02858605 0.01980869 0.02003906 0.00818085 0.9233854 ] [0.8093354  0.064238   0.08786924 0.02127686 0.01728051] [0.22259524 0.00957783 0.4329002  0.3336512  0.00127552] [0.08939582 0.00504062 0.41448334 0.22629449 0.26478574] [0.11311109 0.2557848  0.5332228  0.05301802 0.04486325] [0.07963794 0.02499873 0.17088488 0.03564256 0.6888359 ] [0.92059875 0.0033301  0.01314735 0.02809814 0.0348257 ] [0.21003532 0.11012734 0.03526564 0.5805259  0.06404577] [0.26431665 0.05046698 0.1662699  0.00228413 0.51666236] [0.67737436 0.0972086  0.01767994 0.00901599 0.19872114] [0.02659691 0.21001193 0.62147224 0.1080943  0.03382459] [0.04756877 0.01272126 0.1526213  0.11627636 0.67081225] [0.02640245 0.19928658 0.7123941  0.02157537 0.04034148] [0.24210864 0.0963454  0.47695467 0.12038528 0.06420601] [0.30567473 0.1887588  0.41228622 0.05158002 0.04170026] [0.01942326 0.91726816 0.05053974 0.00434033 0.00842855] [0.07752852 0.2458007  0.6714483  0.00403815 0.00118433] [1.2822255e-03 8.3567313e-04 8.3690379e-03 9.0648158e-04 9.8860663e-01] [0.01436837 0.00899564 0.6129945  0.01291291 0.35072863] [0.97436666 0.00144293 0.00171335 0.01093269 0.01154436] [0.35038355 0.4252324  0.16117021 0.05948441 0.00372942] [0.00684301 0.14446555 0.72484374 0.11945379 0.0043939 ] [0.05695777 0.0501385  0.38361457 0.05516796 0.45412117] [0.12486305 0.00138096 0.00661851 0.086036   0.78110147] [0.9347408  0.0101171  0.01075596 0.01125505 0.03313106] [0.04095505 0.00497501 0.01177524 0.93428326 0.00801139] [0.0065487  0.02214725 0.11370613 0.00397117 0.8536267 ] [0.04344799 0.01741495 0.0383452  0.8952992  0.00549261] [0.035083   0.02563556 0.89843434 0.00400651 0.03684054] [2.0858925e-03 2.5563920e-04 4.8466417e-01 1.3164878e-04 5.1286268e-01] [0.06452702 0.02220893 0.05389873 0.05281475 0.80655056] [0.0038258  0.00910345 0.75808936 0.2052465  0.02373489] [0.14978746 0.05301555 0.6792934  0.11266337 0.0052402 ] [5.2916184e-02 6.9714128e-04 9.3487990e-01 8.0700889e-03 3.4367307e-03] [0.05626951 0.6008842  0.34041646 0.00123652 0.0011933 ] [0.32035497 0.26111296 0.4139038  0.00257389 0.0020544 ] [3.5975987e-04 1.6732417e-02 9.8190844e-01 4.4849806e-04 5.5087608e-04] [0.05038085 0.14568919 0.7287341  0.05670736 0.01848852] [0.05800091 0.0218942  0.26262614 0.5955578  0.06192092] [0.34343514 0.07667962 0.2694671  0.20154914 0.10886898] [0.70437235 0.06733182 0.05667474 0.15255223 0.01906881] [0.04107092 0.02472298 0.8361745  0.07768548 0.02034613] [0.6713378  0.01500778 0.10092525 0.15517342 0.05755577] [0.00581893 0.00303458 0.93438005 0.00851818 0.04824824] [0.18402933 0.22568215 0.22926413 0.03714314 0.32388124] [0.15253784 0.0581431  0.46828854 0.00497133 0.31605914] [0.06209186 0.006495   0.8572658  0.00652066 0.06762668] [0.06152447 0.00128439 0.0012291  0.00568464 0.9302774 ] [0.00217863 0.050266   0.8281353  0.00855835 0.11086177] [0.3020627  0.4109418  0.15788576 0.02725732 0.10185235] [0.06773357 0.20364957 0.07806934 0.01525328 0.63529426] [0.04309575 0.09164866 0.73717517 0.10953937 0.01854105] [1.8775273e-03 6.4680963e-03 9.8952675e-01 1.4666170e-03 6.6096848e-04] [0.01456482 0.05896858 0.01511048 0.02007105 0.8912851 ] [0.0047712  0.11161669 0.7177563  0.09159017 0.07426564] [0.0096702  0.00524028 0.04020832 0.02687861 0.9180026 ] [0.35088673 0.1628822  0.47397324 0.00991384 0.00234399] [0.15845403 0.04029848 0.41110155 0.23597577 0.15417019] [0.09835648 0.00387224 0.00132323 0.00444607 0.892002  ] [0.10964564 0.00645086 0.82509637 0.01560561 0.0432015 ] [4.5202300e-04 4.1502353e-04 1.7830257e-03 7.6148950e-05 9.9727374e-01] [6.1418675e-04 4.2802289e-02 2.9708469e-01 2.3666356e-02 6.3583249e-01] [0.01206435 0.08711959 0.7831008  0.01597305 0.10174224] [7.5701469e-01 4.0320966e-02 2.0031294e-01 6.9175730e-04 1.6595874e-03] [0.05681509 0.5334221  0.03573913 0.07895771 0.29506594] [0.15053064 0.05890683 0.69896    0.0083531  0.08324937] [0.01343084 0.22428323 0.66122454 0.02543989 0.07562148] [0.03222375 0.00177952 0.56555146 0.37370673 0.02673851] [0.00670445 0.00273005 0.41697213 0.06315316 0.51044023] [4.4964142e-02 9.1918529e-04 9.4821429e-01 7.6380267e-04 5.1385593e-03] [0.1356999  0.06329038 0.6524354  0.01074208 0.13783227] [0.05469797 0.00211171 0.81930375 0.00229634 0.12159019] [0.00530837 0.0084066  0.7852019  0.01475621 0.18632689] [9.8396814e-01 6.1713858e-04 1.2493102e-02 6.7009887e-04 2.2515468e-03],0 3 0 1 3 3 0 4 2 0 4 0 2 1 4 2 3 2 0 4 2 3 4 2 4 3 2 1 0 3 0 2 4 4 4 2 2 1 4 1 0 4 2 0 2 2 4 2 4 0 2 2 3 2 0 1 1 0 4 3 1 3 1 4 3 0 2 4 4 4 3 4 1 0 3 3 3 2 0 1 4 4 4 0 3 2 3 3 1 1 4 4 2 4 2 4 4 0 2 3 2 2 4 4 0 2 2 1 2 1 3 2 2 2 0 0 4 0 2 2 4 2 0 1 4 2 2 1 2 1 0 0 2 4 4 1 2 1 2 4 4 3 0 2 2 2 1
188,4,xgboost,0.02,50,50,0.3469387755102041,0.6872016236847405,"[0.07168814 0.66524523 0.14966862 0.09813748 0.01526055] [0.08643962 0.17181659 0.02252039 0.06417288 0.6550505 ] [0.9149628  0.00999442 0.06123871 0.01051064 0.00329341] [0.01460381 0.8087744  0.15631318 0.00776661 0.01254196] [0.4303287  0.09838019 0.29892933 0.01141467 0.1609471 ] [0.9116885  0.00581908 0.04377864 0.01293594 0.02577786] [0.1692531  0.08165617 0.07065281 0.01316077 0.6652771 ] [0.04768708 0.00264995 0.8057765  0.11273377 0.0311527 ] [0.00771727 0.20286678 0.78314203 0.00456983 0.00170407] [0.03960391 0.00646542 0.28021216 0.02628398 0.64743453] [0.3068049  0.00371668 0.62992257 0.01582747 0.04372838] [0.6815986  0.0228645  0.07771131 0.12790868 0.08991687] [0.85335314 0.02161051 0.00637364 0.00187912 0.11678356] [0.02939698 0.04446486 0.07814419 0.03987768 0.80811626] [0.00775662 0.00183173 0.00338914 0.03192386 0.9550987 ] [0.4424605  0.00957635 0.04153947 0.12106495 0.38535875] [4.1497643e-03 3.4030171e-03 9.8983836e-01 5.3077226e-04 2.0781327e-03] [0.07636036 0.16302064 0.7566629  0.00168778 0.00226832] [0.02664367 0.01433027 0.02374198 0.00859752 0.9266866 ] [0.14007565 0.12850948 0.25490695 0.20788187 0.2686261 ] [1.21555866e-04 7.82537099e-04 1.22057935e-02 1.84723758e-04
 9.86705363e-01] [0.06780026 0.0123125  0.8383436  0.0768974  0.00464619] [0.06129913 0.48339787 0.3651975  0.02649066 0.06361485] [0.1030543  0.03737839 0.02000304 0.01413663 0.82542765] [0.97277415 0.00247577 0.00681987 0.00570583 0.01222442] [0.01034135 0.09499706 0.19465047 0.06605532 0.6339558 ] [9.7795110e-04 9.9281303e-04 9.9774420e-01 3.9802973e-05 2.4524721e-04] [0.6751782  0.01063584 0.03892565 0.21151058 0.06374975] [0.28090698 0.02360377 0.1266965  0.5181059  0.05068688] [0.0803582  0.19078812 0.05602081 0.6476626  0.02517028] [0.38184348 0.00872625 0.49517977 0.00201664 0.11223381] [0.23504686 0.15581012 0.26275918 0.02575066 0.32063317] [0.01517895 0.11095204 0.85948837 0.00802352 0.00635713] [0.16915596 0.73768574 0.00723804 0.00350241 0.08241786] [0.58405685 0.19653618 0.19767335 0.0007013  0.02103232] [0.22037916 0.385346   0.3475031  0.00685398 0.03991776] [0.05747193 0.03827594 0.89267    0.00395307 0.00762906] [0.00436368 0.00215915 0.11668838 0.00123438 0.8755544 ] [0.0673306  0.0073348  0.8600073  0.01912214 0.04620519] [0.06490402 0.44038835 0.44599345 0.04690695 0.00180725] [0.00226342 0.00920043 0.3699159  0.00076955 0.6178507 ] [1.3754709e-02 4.3206448e-03 1.0643999e-02 9.3844277e-04 9.7034216e-01] [0.01814152 0.05530031 0.8917935  0.00827045 0.02649421] [0.08172758 0.3580888  0.37509012 0.18110299 0.00399054] [0.00545414 0.00098204 0.01432869 0.00745013 0.97178495] [0.5107915  0.03946545 0.26765025 0.10433564 0.0777572 ] [0.22856656 0.12099804 0.08574346 0.31922463 0.24546729] [0.02849157 0.0113934  0.06488404 0.16715516 0.72807586] [0.17017058 0.35682693 0.32631892 0.11883415 0.02784943] [0.058676   0.53682727 0.14317669 0.16977374 0.09154629] [1.2530282e-02 1.2924257e-02 2.2832181e-03 5.5961148e-04 9.7170264e-01] [0.5154898  0.09319648 0.02725364 0.12568179 0.23837827] [0.15896082 0.00230448 0.03844331 0.00291723 0.7973741 ] [0.02707893 0.01142333 0.00901862 0.20487413 0.74760497] [0.01428568 0.7288852  0.24252015 0.00353231 0.0107767 ] [0.01890207 0.0233529  0.01942761 0.02114098 0.9171765 ] [0.0984049  0.1607712  0.7017478  0.0128199  0.02625618] [0.00941062 0.3575713  0.2673828  0.01471373 0.35092157] [3.4707962e-04 8.8826078e-01 2.4780806e-03 1.9170885e-04 1.0872233e-01] [0.15542133 0.03812451 0.699852   0.10120228 0.00539992] [0.06122555 0.00678744 0.00183459 0.2501786  0.67997384] [0.02268487 0.37403956 0.10133804 0.02095032 0.4809872 ] [0.10675348 0.09912869 0.58254075 0.19125779 0.02031929] [0.31090784 0.00158055 0.00564977 0.65146744 0.03039443] [3.8471732e-03 2.4019661e-03 9.9127465e-01 1.6304568e-03 8.4582466e-04] [0.09726918 0.0167948  0.0242456  0.57930475 0.28238565] [0.36506432 0.18175843 0.3658523  0.06330191 0.02402305] [0.20156749 0.48544213 0.02637356 0.28505662 0.00156024] [0.9019784  0.00343795 0.01056527 0.00902162 0.07499675] [0.7394216  0.0078863  0.0012921  0.03008023 0.22131976] [0.02955177 0.5019899  0.44612414 0.00688455 0.01544963] [0.2237898  0.0027907  0.00410204 0.7346341  0.03468342] [2.4286471e-02 3.5687083e-01 3.9376123e-04 9.2062233e-03 6.0924268e-01] [0.16824706 0.20721933 0.27994716 0.0400469  0.30453953] [0.09839156 0.03039509 0.08069155 0.00135999 0.78916174] [0.02765773 0.00626455 0.53869927 0.01214866 0.41522983] [0.00236538 0.00164258 0.00690943 0.00157492 0.98750764] [0.00091703 0.00407352 0.00403354 0.1850258  0.80595005] [0.00401677 0.00179081 0.00541249 0.89611006 0.09266993] [0.25502753 0.00374799 0.6390376  0.00086116 0.10132574] [0.8340189  0.04068707 0.09995209 0.00519115 0.02015078] [0.07613096 0.01688178 0.09405299 0.28871167 0.5242226 ] [0.1484086  0.08615149 0.6481629  0.06411069 0.05316631] [0.4234355  0.00300468 0.03106086 0.13265206 0.4098469 ] [0.02596066 0.07301997 0.7544504  0.00111539 0.14545356] [0.01299031 0.01860332 0.9560808  0.00945199 0.0028736 ] [0.09074307 0.09648696 0.5695617  0.08783077 0.1553775 ] [0.01631803 0.07206801 0.4902032  0.0006636  0.42074722] [0.01493991 0.12430352 0.85122335 0.00423336 0.00529987] [0.02049585 0.00169174 0.03376046 0.36050627 0.58354574] [0.00701351 0.06351016 0.78707063 0.13281277 0.00959294] [0.5106619  0.30437744 0.09122605 0.05987399 0.03386062] [0.0337852  0.12987424 0.702193   0.02920787 0.10493965] [0.17315763 0.12220486 0.6940664  0.0064597  0.00411137] [0.5410462  0.08133611 0.3078426  0.01739278 0.05238231] [6.3854549e-03 2.9304289e-04 2.5385657e-02 2.5700646e-02 9.4223523e-01] [0.83278984 0.0318877  0.13311283 0.00091428 0.00129537] [0.36884478 0.04128522 0.45382443 0.10344838 0.0325972 ] [0.5750426  0.2332937  0.13549492 0.00698174 0.04918699] [0.0171138  0.00318979 0.02881943 0.22794089 0.72293603] [0.00559403 0.00242534 0.00230859 0.9460931  0.04357902] [0.04487561 0.29835665 0.64358234 0.00157777 0.01160761] [0.00983352 0.01292475 0.00127864 0.03023256 0.9457305 ] [0.9209194  0.00386562 0.00249923 0.0263314  0.04638436] [2.4921159e-04 5.1751751e-03 9.8778105e-01 6.4770617e-03 3.1746627e-04] [0.02211464 0.01611748 0.9427429  0.0154643  0.00356075] [1.2710048e-02 2.4173316e-03 2.7237677e-03 1.2402536e-04 9.8202479e-01] [0.6709019  0.09814563 0.07250243 0.12409094 0.03435907] [0.00331287 0.00287097 0.9619532  0.0308883  0.00097465] [0.17465423 0.00510199 0.34818605 0.40209928 0.06995843] [0.00402517 0.00175573 0.43014374 0.06104467 0.5030307 ] [0.00259506 0.00867425 0.7990894  0.00104525 0.18859605] [0.03301019 0.01225409 0.05596971 0.00119293 0.8975731 ] [2.2273404e-04 3.7730462e-03 1.8591555e-02 5.5205310e-04 9.7686064e-01] [0.04704012 0.0041982  0.26058754 0.6841126  0.00406154] [1.1218854e-02 1.2697147e-01 8.4905285e-01 1.2359514e-02 3.9736679e-04] [0.05229422 0.12085429 0.07896515 0.718999   0.02888725] [0.05456041 0.68233424 0.1789399  0.0803212  0.00384424] [0.0037222  0.76582056 0.20324492 0.02498153 0.00223072] [0.21643838 0.08179763 0.55371696 0.13430046 0.01374657] [0.22815858 0.00154642 0.02473502 0.00157416 0.7439859 ] [0.18832293 0.02015655 0.36267722 0.2591379  0.16970538] [0.03024095 0.612641   0.34154177 0.01299854 0.0025778 ] [1.3515305e-03 5.0686993e-02 9.3291062e-01 3.9687604e-04 1.4654058e-02] [0.22843575 0.20175527 0.27310398 0.17125514 0.12544982] [0.04207682 0.4292207  0.38741556 0.00687026 0.13441668] [0.2687393  0.01057815 0.51533514 0.18791324 0.01743418] [0.03240594 0.00193399 0.05739906 0.8699211  0.03833991] [0.0204802  0.02886918 0.03622713 0.00565949 0.908764  ] [0.94834954 0.02739669 0.00590425 0.00481866 0.01353082] [0.10216697 0.00434656 0.00379335 0.00099523 0.8886979 ] [0.02232726 0.00283285 0.6953294  0.21356641 0.06594408] [0.00661841 0.00830652 0.43308252 0.5272247  0.02476786] [0.64539933 0.02125597 0.02976027 0.2536594  0.04992506] [0.02867685 0.66069245 0.20305654 0.02502186 0.08255228] [0.02135325 0.04247687 0.9322937  0.00230287 0.00157337] [0.08456559 0.01230223 0.03770187 0.48781714 0.37761313] [0.03397356 0.2021822  0.7055656  0.00095515 0.05732352] [0.65479815 0.01982282 0.00372163 0.30731323 0.01434416] [0.05455142 0.01035266 0.00695882 0.00391187 0.9242252 ] [0.36297625 0.06056255 0.18975286 0.33897212 0.04773618] [0.01108041 0.00473578 0.06248922 0.7322372  0.18945737] [0.02372029 0.00754867 0.05140858 0.2947851  0.6225374 ] [0.04315695 0.02833825 0.10536838 0.16384007 0.65929633] [0.21678592 0.42789444 0.33046252 0.01244494 0.01241217] [0.10847475 0.17170388 0.7024493  0.00630063 0.01107145] [0.1793686  0.13623402 0.16272794 0.00260855 0.5190609 ]",1 0 0 3 4 2 4 2 1 2 0 0 4 2 3 3 1 1 4 4 4 0 2 2 0 3 0 4 4 4 3 4 2 0 3 2 2 4 2 3 4 4 1 1 4 0 1 1 2 2 3 4 2 3 1 4 0 2 2 0 3 2 3 3 2 3 1 3 4 1 1 0 3 0 4 0 4 4 3 0 2 1 1 4 2 1 2 2 2 4 2 2 4 0 1 3 2 2 2 3 4 2 4 0 0 2 4 3 1 4 4 4 1 4 0 2 2 1 2 2 4 0 0 2 1 4 4 2 2 2 4 3 2 3 0 2 4 0 0 4 2 0 2 3 2 1 0
188,0,xgboost,0.02,500,500,0.5,0.8185714755821021,"[0.00660539 0.01484112 0.01365371 0.01059735 0.9543024 ] [0.3360766  0.03277013 0.24172828 0.3659158  0.02350922] [8.2574682e-03 6.9535144e-02 9.1929144e-01 8.2568050e-04 2.0902823e-03] [0.2725603  0.02238535 0.19555406 0.5004215  0.00907872] [0.7690909  0.01937114 0.09188648 0.11315838 0.00649313] [0.00157233 0.00459609 0.05714499 0.00817942 0.92850715] [0.00159891 0.00753432 0.10745434 0.05658741 0.826825  ] [0.666485   0.17431013 0.12346856 0.0236247  0.0121116 ] [0.03384233 0.58817434 0.35316238 0.00468642 0.02013452] [0.35316685 0.12228316 0.25594425 0.1722329  0.09637284] [0.09872655 0.2481088  0.511894   0.04406365 0.09720704] [4.6195976e-02 3.7476972e-02 9.1543484e-01 1.4741201e-04 7.4487337e-04] [0.12840655 0.3370055  0.4425514  0.08021874 0.01181781] [0.16017178 0.14767037 0.49897784 0.164829   0.02835097] [0.05478746 0.02107146 0.9200663  0.0017247  0.00235011] [0.6905101  0.00734959 0.1318075  0.05348803 0.11684477] [0.49941525 0.07407846 0.2200457  0.02547672 0.1809839 ] [0.5411658  0.2534     0.18353389 0.00625277 0.01564746] [0.01014263 0.00450092 0.9782548  0.00137293 0.0057287 ] [0.03007878 0.77262044 0.1810404  0.00974291 0.00651749] [3.9021254e-03 7.3199124e-05 1.5566731e-04 7.9733049e-03 9.8789573e-01] [0.09710041 0.04452327 0.80299217 0.01915445 0.03622968] [0.1162331  0.02608913 0.706274   0.04182849 0.1095753 ] [0.0255325  0.4111404  0.33696297 0.00205961 0.22430456] [0.074918   0.00604941 0.01203151 0.5389697  0.3680314 ] [0.00184435 0.0016976  0.00682468 0.00132769 0.9883057 ] [0.06196473 0.00295216 0.09901217 0.02680331 0.8092676 ] [0.01146625 0.00392571 0.02939988 0.10051914 0.85468894] [0.02555325 0.0447359  0.9242968  0.00389751 0.00151651] [1.8327783e-03 9.0216559e-01 9.5265068e-02 3.5119607e-04 3.8537258e-04] [1.2602354e-02 1.6820260e-04 2.2083432e-04 3.3336192e-02 9.5367235e-01] [6.9195917e-04 1.7794809e-01 8.1937706e-01 1.4511815e-03 5.3166645e-04] [0.01532179 0.00139382 0.10906179 0.11634977 0.7578728 ] [0.01793244 0.88211757 0.04883287 0.0016996  0.04941749] [0.06950146 0.00241947 0.00469597 0.02433655 0.8990466 ] [0.09384704 0.00131639 0.03609896 0.04160542 0.82713217] [3.3138143e-03 2.6004881e-04 1.4973657e-02 2.6868454e-03 9.7876567e-01] [1.4093749e-03 8.1631052e-01 1.8179001e-01 4.2607173e-04 6.4008142e-05] [2.3706628e-02 1.9053059e-02 9.5625269e-01 6.1258173e-04 3.7510225e-04] [0.0053308  0.00089773 0.00122027 0.2052678  0.7872834 ] [0.02437656 0.15593563 0.8133528  0.00480975 0.00152522] [0.9037653  0.0110846  0.02061732 0.04805838 0.01647436] [0.2108792  0.02564218 0.12230283 0.06291408 0.5782617 ] [0.0420499  0.00245202 0.8617075  0.06880353 0.024987  ] [0.05402778 0.00407389 0.01826567 0.00332973 0.9203029 ] [0.3471719  0.05697146 0.15720716 0.42639172 0.01225773] [0.1031918  0.01666278 0.17446975 0.5780993  0.12757635] [0.05893667 0.06247321 0.5750048  0.24089919 0.06268611] [0.00774356 0.00113183 0.8584538  0.00287577 0.12979497] [0.07460099 0.01735293 0.72987455 0.16477518 0.01339638] [0.34250095 0.18806092 0.30216476 0.01730506 0.14996831] [0.40355048 0.0066286  0.40217084 0.17224014 0.01540997] [0.21650903 0.04419412 0.2825561  0.39756715 0.05917357] [8.8505668e-04 8.5231519e-01 1.4573535e-01 7.6344772e-04 3.0091868e-04] [0.00748994 0.00724252 0.9812837  0.00187526 0.00210854] [3.5069531e-04 1.0695098e-03 1.8214909e-03 5.0896928e-03 9.9166858e-01] [6.2138108e-03 7.6193560e-04 1.6484057e-03 5.6296237e-02 9.3507963e-01] [0.01601814 0.00285828 0.00684304 0.44019473 0.5340858 ] [1.4265665e-01 1.0511297e-03 7.1582556e-01 5.5939448e-04 1.3990726e-01] [0.7482466  0.0498173  0.16827154 0.00653353 0.02713095] [0.024334   0.00776789 0.05304835 0.01912295 0.8957268 ] [0.17805733 0.0140381  0.6747214  0.08962081 0.04356231] [7.5893465e-04 3.5353853e-05 6.5280881e-05 3.2865375e-02 9.6627510e-01] [1.8149170e-03 2.6111011e-05 6.5579196e-05 2.6123410e-02 9.7196996e-01] [0.03508975 0.00085856 0.00305649 0.62525976 0.33573544] [0.4606293  0.15907948 0.2585881  0.01462437 0.10707879] [0.09033767 0.00169456 0.03463591 0.5139424  0.35938945] [0.05809577 0.25246587 0.6716375  0.00582906 0.01197182] [0.694676   0.16666715 0.1275135  0.00296936 0.00817398] [0.2919812  0.01666865 0.07938956 0.2496835  0.3622771 ] [6.1720889e-03 9.0498466e-04 3.4592196e-04 2.8134685e-04 9.9229562e-01] [0.20669104 0.10977057 0.16776188 0.44126534 0.07451114] [0.97781473 0.00119801 0.0034374  0.01568301 0.0018668 ] [0.04199421 0.02406703 0.8617203  0.02744755 0.04477084] [0.02333836 0.6879886  0.28587696 0.00122595 0.00157016] [0.22726724 0.06088118 0.5372874  0.13765773 0.03690647] [0.2103264  0.03883208 0.17170124 0.01338229 0.565758  ] [0.00488519 0.00381121 0.02606105 0.00307823 0.9621644 ] [0.02331867 0.09387915 0.6640306  0.08669015 0.13208143] [0.06044376 0.05591356 0.27430612 0.56024045 0.0490961 ] [0.01106578 0.00207296 0.9817547  0.00306928 0.0020373 ] [0.32472992 0.10070127 0.3413551  0.22618112 0.00703258] [7.8624962e-03 2.4736738e-03 1.0108728e-02 6.7786477e-04 9.7887725e-01] [6.516758e-03 8.985800e-04 8.977740e-03 4.114077e-02 9.424662e-01] [0.7315267  0.09753013 0.11359472 0.01229578 0.04505268] [0.036933   0.0033228  0.7236984  0.23208521 0.00396057] [0.15136497 0.04311727 0.11689521 0.26208177 0.42654076] [0.05380401 0.00187234 0.00505268 0.10063259 0.83863837] [7.08022155e-04 8.75955343e-01 1.23046696e-01 2.47061689e-04
 4.29332940e-05] [0.00751419 0.1717246  0.8100515  0.00513812 0.00557165] [0.04735376 0.01575825 0.00991558 0.04496513 0.8820073 ] [0.00998092 0.35536736 0.10240158 0.52742666 0.0048235 ] [0.06013857 0.10940354 0.43844232 0.3821047  0.00991084] [0.01958626 0.3340165  0.6375437  0.00576698 0.00308654] [5.0807733e-02 5.7822478e-01 3.6803210e-01 2.5406429e-03 3.9474751e-04] [2.5698225e-04 4.9687538e-04 6.2325638e-04 3.4751361e-03 9.9514776e-01] [0.20251153 0.01978851 0.309876   0.00524469 0.46257928] [0.58001745 0.03404291 0.3739059  0.00430177 0.007732  ] [0.04489522 0.001104   0.00146232 0.12268684 0.8298516 ] [0.58868223 0.00357027 0.20308422 0.06082408 0.14383915] [0.0939291  0.06969433 0.32612336 0.38762486 0.12262835] [0.00835702 0.18384841 0.80514026 0.00140911 0.00124519] [0.6372637  0.03229531 0.31203008 0.01274154 0.00566933] [0.11790413 0.24919993 0.62251973 0.00573389 0.00464239] [0.03002918 0.01714136 0.80661833 0.00822769 0.13798344] [0.87103164 0.00819146 0.01734458 0.02701299 0.07641935] [1.4677388e-03 4.5359888e-05 2.9666195e-04 4.9698898e-03 9.9322033e-01] [0.02163726 0.00099059 0.05016306 0.9198456  0.00736355] [0.12081724 0.00406467 0.6906483  0.02026709 0.16420273] [0.09098905 0.06088405 0.51100165 0.22946416 0.10766107] [0.46193686 0.01015524 0.03521882 0.23567343 0.25701562] [2.4381440e-02 5.0363149e-05 3.8660917e-04 6.3065290e-02 9.1211635e-01] [0.01167836 0.00164777 0.00683532 0.01273879 0.9670998 ] [0.25813627 0.05590683 0.21865185 0.09793951 0.36936557] [1.3574978e-03 1.8940972e-01 8.0799568e-01 1.0305353e-03 2.0661480e-04] [7.1243201e-03 1.2818053e-04 3.9812541e-04 7.0071086e-02 9.2227829e-01] [2.2664343e-03 8.1979122e-04 4.1895223e-04 5.0840112e-03 9.9141073e-01] [0.0591132  0.00373289 0.0644845  0.01249247 0.8601769 ] [0.39165056 0.09384973 0.13728717 0.2669157  0.11029685] [0.116617   0.01058446 0.77256864 0.0100762  0.09015374] [0.22837369 0.01502747 0.08944285 0.473176   0.19398001] [0.45827448 0.0224098  0.11015339 0.26580068 0.14336166] [0.08398172 0.00067265 0.01314099 0.259113   0.6430916 ] [0.648347   0.00952634 0.21988149 0.04011292 0.08213224] [0.1110229  0.0685764  0.02752738 0.7763873  0.01648609] [0.20067205 0.01658152 0.24565376 0.41377896 0.12331372] [9.7559839e-03 1.5371190e-02 9.7369528e-01 4.1058418e-04 7.6689816e-04] [0.23921171 0.16556615 0.43322596 0.11838537 0.04361081] [0.3346121  0.29183623 0.09573015 0.05466314 0.2231584 ] [5.8308668e-03 5.1541665e-05 1.3050834e-04 1.2165337e-02 9.8182172e-01] [0.18933919 0.7244556  0.0638887  0.02050084 0.00181566] [0.505617   0.0236268  0.46502528 0.00150685 0.00422401] [0.12648344 0.20409715 0.646545   0.01341061 0.00946379] [0.29356965 0.10816605 0.49707472 0.02175786 0.07943172] [0.72469705 0.00819629 0.05248098 0.17784868 0.03677703] [0.06327974 0.00287556 0.01433963 0.11106083 0.8084443 ] [0.07949821 0.01103799 0.89094925 0.0050234  0.01349112] [0.04029724 0.05499052 0.3516831  0.08718108 0.46584806] [0.16264313 0.14166264 0.20976228 0.3661902  0.11974175] [7.9581747e-03 2.2644904e-02 9.6328783e-01 5.1720846e-03 9.3700399e-04] [0.03149837 0.00106158 0.0041762  0.07302736 0.89023656] [0.07951868 0.01906891 0.7898966  0.09512768 0.01638815] [0.03022482 0.00892088 0.6651815  0.00632005 0.28935272] [0.4719083  0.07943202 0.39911893 0.04126155 0.00827919] [0.03686544 0.05957275 0.08415841 0.10081571 0.71858776] [3.6888765e-03 7.0498377e-04 4.5163878e-03 4.4212975e-03 9.8666847e-01] [0.14911295 0.00576142 0.04998194 0.6065677  0.18857597] [0.03106143 0.15163511 0.3641579  0.01003875 0.44310683]",4 3 2 0 2 4 4 0 2 3 2 1 1 2 2 4 2 2 2 1 4 4 2 2 3 4 3 3 1 1 4 1 3 2 4 0 4 1 2 3 2 2 3 0 4 1 0 2 4 0 2 1 2 1 2 4 4 3 0 0 4 2 4 4 4 1 4 2 2 3 4 0 2 2 2 2 2 4 2 0 2 3 4 4 2 3 0 0 1 1 4 2 2 1 1 4 2 2 4 0 0 1 2 2 4 0 4 3 2 1 3 4 3 0 1 4 4 0 0 2 3 3 4 0 3 3 2 2 0 4 1 1 0 2 4 0 0 3 2 2 4 0 0 1 0 4 3 3
188,1,xgboost,0.02,500,500,0.42857142857142855,0.7808675729923087,[0.00307782 0.01424066 0.97312474 0.00766865 0.0018881 ] [0.04088861 0.00912445 0.07465419 0.31788066 0.557452  ] [0.03591461 0.02905994 0.90257937 0.00793527 0.02451075] [0.25214112 0.07113554 0.5268386  0.10601001 0.04387468] [2.0658332e-03 9.6297701e-04 4.7350260e-03 2.7710500e-03 9.8946512e-01] [0.04495039 0.43768856 0.5020019  0.00583585 0.00952334] [0.0818358  0.46566936 0.42529696 0.01471544 0.01248249] [0.0269388  0.04556524 0.09858936 0.32812074 0.5007859 ] [0.0407402  0.00685844 0.08832088 0.12237709 0.7417034 ] [0.01394651 0.22155507 0.7314875  0.00161053 0.03140041] [0.09337004 0.0081614  0.00725888 0.7520809  0.13912883] [0.14553808 0.0461893  0.11275885 0.68234223 0.01317153] [0.24077351 0.03749118 0.64171857 0.00566794 0.07434878] [0.08634101 0.23119876 0.6477142  0.02370942 0.01103662] [0.16974935 0.06430605 0.71356344 0.02704879 0.02533237] [0.19777347 0.00170349 0.00448766 0.05216175 0.74387366] [0.07367727 0.00452108 0.01431256 0.4235338  0.48395535] [1.9927567e-02 1.3028734e-03 5.4389180e-04 2.3609686e-01 7.4212879e-01] [4.2943101e-04 2.1536756e-04 6.9039286e-04 9.2971022e-05 9.9857187e-01] [2.4550452e-03 1.2688640e-01 8.6879075e-01 1.3696708e-03 4.9819465e-04] [0.18208079 0.07481257 0.6943537  0.00856256 0.0401904 ] [0.02070484 0.14751856 0.81596506 0.00880312 0.00700839] [0.04729858 0.00813681 0.14833917 0.1066828  0.6895426 ] [2.2569381e-02 1.4006162e-02 9.6040219e-01 7.8929472e-04 2.2329965e-03] [0.6126427  0.07035801 0.12598932 0.1706504  0.0203596 ] [0.03058529 0.04325412 0.20427564 0.05994434 0.66194063] [0.02889166 0.02307377 0.8522945  0.03142715 0.06431291] [0.21223325 0.00369353 0.0281799  0.03826303 0.71763027] [0.373843   0.01440729 0.05413939 0.5020622  0.05554811] [0.01855709 0.00644068 0.07208184 0.8843608  0.0185596 ] [5.1617059e-03 4.9219088e-04 8.0252648e-04 1.9906569e-01 7.9447788e-01] [0.03876232 0.04005134 0.8234768  0.09481626 0.00289333] [0.18447489 0.01181438 0.03546313 0.01945917 0.7487884 ] [3.4852191e-03 7.5415854e-05 2.5353997e-03 6.7782323e-03 9.8712569e-01] [0.6652028  0.01387036 0.24894579 0.06320089 0.00878017] [0.12871143 0.03459531 0.49560434 0.29825464 0.04283432] [0.00391312 0.02767283 0.8380372  0.00303365 0.12734321] [2.0034455e-01 5.1918376e-04 6.5448711e-04 5.1543403e-02 7.4693841e-01] [0.0211774  0.00642662 0.02019241 0.6758175  0.27638608] [0.01450565 0.0046447  0.00705597 0.19275047 0.78104323] [0.3155661  0.0268613  0.26840794 0.04199766 0.34716696] [9.5427772e-03 4.5009234e-04 4.1867006e-03 1.5486480e-02 9.7033399e-01] [0.03203798 0.00102811 0.00754661 0.01965322 0.9397341 ] [0.14508966 0.02220432 0.41355473 0.24208148 0.17706983] [0.42323047 0.00420655 0.57053584 0.00087871 0.00114847] [0.29423803 0.09330781 0.31617934 0.21306935 0.08320545] [0.45671234 0.01498251 0.02195249 0.4458786  0.06047409] [0.27601165 0.00083604 0.01366617 0.05002363 0.6594625 ] [0.09452098 0.01539469 0.04853994 0.07809508 0.76344925] [0.12365132 0.01671267 0.53987175 0.00459459 0.31516966] [0.00212025 0.0010442  0.00738318 0.12552725 0.8639251 ] [0.06844849 0.02442967 0.8896004  0.00228541 0.01523603] [0.09524331 0.05052663 0.721378   0.07304477 0.05980721] [0.16242786 0.5087524  0.31433323 0.00700843 0.00747804] [0.0403068  0.49006492 0.45225984 0.01464632 0.00272215] [0.02714486 0.00296024 0.01552522 0.02858755 0.9257821 ] [0.05729013 0.5780068  0.35027808 0.00116231 0.01326271] [0.05621804 0.23636806 0.24419154 0.0122201  0.4510022 ] [0.04376028 0.01162646 0.01713462 0.7814808  0.14599785] [4.0421681e-03 2.0766481e-04 1.2252820e-04 4.2439356e-02 9.5318830e-01] [0.01292962 0.02145438 0.9145996  0.01743906 0.03357729] [0.03188947 0.04382965 0.87029356 0.01431259 0.03967474] [1.0959536e-03 1.4034440e-04 6.8814465e-04 1.3669117e-02 9.8440647e-01] [0.21527453 0.15053648 0.55802816 0.03264243 0.04351839] [1.7345587e-02 3.1868365e-01 6.6316801e-01 4.1848421e-04 3.8425220e-04] [0.01199966 0.00551994 0.9796672  0.00110525 0.00170794] [0.09577595 0.00154375 0.00155071 0.17182891 0.72930074] [7.0129737e-04 9.6897942e-01 2.9929796e-02 2.8935223e-04 1.0008828e-04] [0.01636705 0.01336729 0.935975   0.02587372 0.00841688] [0.27266103 0.0101139  0.19838057 0.25616533 0.26267916] [0.01193413 0.1333709  0.8458162  0.00685004 0.00202874] [0.26336914 0.00715533 0.0771354  0.07676081 0.5755793 ] [0.617791   0.06945466 0.22271818 0.0441963  0.04583984] [2.5222721e-03 8.7229675e-03 9.8479813e-01 3.6394710e-03 3.1713152e-04] [0.01806535 0.00287063 0.97508836 0.00108912 0.00288653] [1.4259058e-04 6.8508489e-03 1.9159709e-03 1.4454608e-03 9.8964512e-01] [0.0091075  0.00577979 0.09192526 0.5504632  0.34272423] [0.17443629 0.0139192  0.79512846 0.00891763 0.00759838] [0.0423802  0.1620045  0.7326751  0.03890051 0.02403975] [0.74935627 0.01322111 0.20080458 0.02145155 0.01516654] [0.05926991 0.00818223 0.04108759 0.02138168 0.8700786 ] [3.9751391e-04 8.6677384e-05 1.1214650e-04 1.6660661e-04 9.9923706e-01] [0.05403733 0.0060652  0.06149073 0.79787123 0.08053555] [3.7602889e-03 7.0905551e-02 9.2021680e-01 4.3361844e-03 7.8119349e-04] [0.14795767 0.10142016 0.5225781  0.15602836 0.07201573] [0.04988491 0.03857338 0.8171662  0.0687627  0.02561279] [0.01764105 0.00724122 0.00501755 0.69791126 0.27218893] [0.78538924 0.03214951 0.11708355 0.05593419 0.00944353] [0.03267713 0.04047434 0.8362255  0.06686381 0.0237592 ] [2.6263078e-04 2.1033418e-04 1.9789268e-03 1.1411786e-02 9.8613632e-01] [8.9242274e-04 4.9466702e-01 5.0411004e-01 2.0796848e-04 1.2255802e-04] [0.04310219 0.06190778 0.6647702  0.16548479 0.06473507] [0.00335029 0.01421022 0.95605135 0.00227459 0.02411348] [0.01226078 0.0242701  0.40519246 0.14934778 0.4089288 ] [5.2967318e-03 2.8049332e-04 1.0513279e-03 1.4354191e-03 9.9193609e-01] [4.8315059e-03 3.9295878e-04 3.9264077e-04 2.4184500e-01 7.5253785e-01] [0.08576901 0.00091176 0.00187645 0.7978563  0.11358656] [4.3534995e-03 1.3245761e-01 8.6113352e-01 1.8383228e-03 2.1704832e-04] [0.02223568 0.00406177 0.03043515 0.01370979 0.9295576 ] [0.02618896 0.28785217 0.6713859  0.00086042 0.01371255] [0.06405026 0.00719095 0.14625455 0.7551411  0.02736316] [0.00395409 0.00519459 0.02654681 0.00116206 0.9631425 ] [0.41820616 0.0276141  0.06859125 0.2020559  0.28353265] [0.07185607 0.01438779 0.9032166  0.00772565 0.00281384] [0.19690324 0.00376405 0.6977156  0.00233913 0.09927797] [0.09798177 0.00957732 0.8071676  0.02971738 0.05555589] [1.3400303e-03 1.3574654e-04 1.4993051e-03 9.1472769e-04 9.9611014e-01] [0.00333175 0.02636427 0.8787762  0.00127874 0.09024902] [8.5652806e-04 5.6389326e-01 4.3418458e-01 3.8012170e-04 6.8550510e-04] [0.01278261 0.00140241 0.00169237 0.348846   0.6352766 ] [0.0165563  0.01014529 0.9400442  0.00833206 0.02492208] [1.3016458e-04 2.6971730e-04 9.7565731e-04 8.7288214e-04 9.9775153e-01] [0.02346209 0.01283192 0.12289718 0.82367134 0.0171375 ] [0.09591908 0.02188859 0.8487131  0.02834738 0.00513189] [0.48524305 0.01875611 0.35496333 0.03557169 0.10546584] [0.03447813 0.00432043 0.00140378 0.8050868  0.1547109 ] [0.03884105 0.00787083 0.8787639  0.01209353 0.06243072] [1.5361838e-03 2.8804710e-04 1.7225917e-03 2.1393903e-04 9.9623919e-01] [0.03263445 0.00351983 0.00724889 0.5890305  0.36756632] [0.4007467  0.02142505 0.25462684 0.14113429 0.18206707] [0.3260126  0.02767714 0.0656284  0.0718971  0.5087848 ] [0.17906682 0.05976821 0.39839938 0.19665492 0.16611071] [0.04183426 0.16767411 0.56613326 0.20244789 0.02191045] [0.50988185 0.01794873 0.02538924 0.19220456 0.25457564] [0.00947054 0.7281196  0.258137   0.00208862 0.00218418] [2.1929394e-02 1.0765743e-01 8.6838806e-01 1.2647195e-03 7.6037075e-04] [0.36870423 0.35038382 0.03402022 0.07535072 0.17154104] [0.01483241 0.20420225 0.7745407  0.00351545 0.00290917] [0.0438992  0.00167221 0.00555356 0.64998704 0.298888  ] [0.0599204  0.08689164 0.17023133 0.6621607  0.02079592] [0.09208767 0.03043039 0.7074047  0.14680615 0.02327115] [0.05553881 0.00374609 0.00165635 0.18772916 0.7513296 ] [0.02215178 0.00246981 0.00845794 0.6779677  0.28895274] [0.1382378  0.4085002  0.38466826 0.05813421 0.01045948] [0.7356837  0.00977575 0.16751923 0.04591946 0.04110189] [0.26325938 0.10321432 0.3000929  0.31687525 0.01655817] [0.08998554 0.6128152  0.2851429  0.0077615  0.00429486] [0.71240026 0.00599882 0.03608042 0.198483   0.04703745] [0.01647169 0.42778417 0.54993695 0.00483921 0.00096795] [0.02821032 0.18722416 0.7523711  0.02603497 0.00615942] [0.0895827  0.33937997 0.09613322 0.18768919 0.28721493] [0.01493284 0.06423077 0.9013924  0.01670694 0.00273704] [0.05571763 0.00104533 0.00345058 0.01453791 0.92524856] [0.15249738 0.0905745  0.68253595 0.02153085 0.05286133] [0.19082129 0.07375658 0.6020606  0.0828393  0.05052225] [0.14111711 0.13487813 0.7042157  0.01146774 0.00832133] [0.00896174 0.10713601 0.8766057  0.0046089  0.00268766],2 3 1 2 4 2 2 3 3 2 4 1 0 1 1 4 2 4 4 2 2 1 4 1 2 3 0 0 2 2 4 2 4 4 2 2 2 4 4 4 0 3 4 3 0 2 3 4 3 1 3 1 2 2 2 3 2 2 0 4 2 0 3 1 1 2 3 1 2 3 2 3 0 2 0 4 4 0 0 0 4 4 3 2 3 2 3 2 1 4 1 0 0 0 4 4 4 1 4 2 2 4 3 2 0 2 4 1 2 3 1 4 0 1 0 3 2 4 4 4 3 4 2 4 2 1 0 2 4 0 2 0 4 1 0 0 2 4 1 0 0 2 4 0 2 2 1
188,2,xgboost,0.02,500,500,0.5238095238095238,0.8146160930440605,"[6.0103205e-03 9.4209129e-01 5.0746739e-02 2.7243365e-04 8.7923551e-04] [0.0202747  0.6583639  0.31662625 0.00229856 0.00243659] [1.5427954e-03 2.3203186e-04 2.0328511e-02 2.9993127e-04 9.7759676e-01] [0.01747166 0.01310319 0.92976546 0.01291818 0.02674152] [0.2905252  0.1109514  0.06178007 0.4231547  0.11358865] [1.1053061e-01 3.2056679e-03 8.7733638e-01 5.2836630e-04 8.3989864e-03] [0.14530064 0.04696237 0.64148045 0.04012324 0.12613331] [0.12017833 0.09980965 0.773438   0.00346019 0.00311382] [0.0475384  0.44862378 0.42769593 0.01752252 0.05861941] [0.01274502 0.00692083 0.01965453 0.04253477 0.9181449 ] [0.07044728 0.08464711 0.26799476 0.5723686  0.00454223] [0.455589   0.04008131 0.41938424 0.06740148 0.01754394] [2.2012299e-01 6.2758877e-04 1.4658700e-02 4.6064958e-02 7.1852577e-01] [0.00823823 0.08738115 0.89373803 0.00915658 0.00148605] [0.0093984  0.01653096 0.3598209  0.01165664 0.6025931 ] [0.11356173 0.00172768 0.01193466 0.00410162 0.86867434] [0.20819241 0.31057763 0.39928234 0.05547336 0.02647422] [0.54851073 0.03000849 0.16848038 0.18729626 0.06570417] [0.93700254 0.01315022 0.00452374 0.0304427  0.01488077] [0.07360985 0.40943915 0.49150947 0.0062612  0.01918033] [0.02635344 0.00228963 0.176803   0.15923233 0.6353216 ] [0.06518817 0.00594609 0.9148167  0.00816513 0.00588398] [0.5684016  0.03096045 0.08293288 0.2965675  0.02113757] [0.13458091 0.00632645 0.5520547  0.0190678  0.28797013] [1.8640421e-03 9.8467815e-01 1.3107572e-02 1.5573519e-04 1.9448658e-04] [0.5509099  0.03374732 0.30859855 0.01635351 0.09039077] [0.3414539  0.06985361 0.30586457 0.03450825 0.2483197 ] [0.15936288 0.3619568  0.47349662 0.00231859 0.00286508] [0.00410158 0.07009351 0.07374553 0.08209591 0.76996344] [1.9700262e-03 9.5263106e-01 4.2588584e-02 8.8237110e-04 1.9279743e-03] [0.12571718 0.03467326 0.01237935 0.308035   0.51919526] [1.4866306e-03 2.0064002e-04 3.5383790e-03 1.7481742e-03 9.9302614e-01] [7.0053607e-04 8.2710028e-01 1.7175178e-01 1.9147061e-04 2.5598545e-04] [0.11852384 0.01855727 0.8230171  0.00741122 0.03249057] [4.1961973e-03 8.8871455e-01 1.0668290e-01 3.1009232e-04 9.6239317e-05] [0.07503156 0.01197501 0.81836206 0.01506987 0.07956146] [0.01107393 0.167167   0.8195749  0.00109867 0.00108552] [0.27681184 0.524947   0.11375689 0.07965928 0.004825  ] [0.00373535 0.00415072 0.17907657 0.00286364 0.8101737 ] [3.4043239e-03 1.8305838e-04 4.5840273e-04 4.1035293e-03 9.9185067e-01] [1.4932311e-04 9.0183020e-01 9.7896449e-02 6.2634201e-05 6.1419989e-05] [0.01798402 0.09086842 0.8814092  0.00136957 0.00836872] [0.09260787 0.4492139  0.45433983 0.00245962 0.00137882] [0.01279506 0.00371631 0.22359331 0.00715362 0.75274175] [0.37676427 0.01214051 0.45127973 0.1307245  0.02909097] [3.98207605e-02 7.31360225e-04 9.23684239e-03 1.04241595e-01
 8.45969379e-01] [0.05549872 0.00580183 0.9242015  0.00876433 0.0057336 ] [0.50090754 0.02308956 0.33682683 0.11608101 0.02309507] [0.13557492 0.02007631 0.83462024 0.00327936 0.0064491 ] [1.7497653e-02 2.2299193e-04 7.8492408e-04 7.1481660e-02 9.1001278e-01] [0.48127484 0.01728934 0.01127595 0.0905383  0.39962155] [6.8549858e-03 3.0060035e-05 7.7313765e-05 2.6070518e-02 9.6696711e-01] [0.07159202 0.21064337 0.6927111  0.01491458 0.01013895] [0.4718589  0.03536731 0.12655045 0.3641246  0.00209872] [0.05027642 0.07512014 0.21896657 0.4384684  0.21716848] [0.02249284 0.00265883 0.8505467  0.02617968 0.0981219 ] [0.19793679 0.45731422 0.11100306 0.04943773 0.18430825] [0.05143237 0.00546056 0.02386215 0.01551569 0.9037292 ] [0.04234178 0.6543242  0.14332286 0.15737809 0.00263308] [0.5416879  0.17502002 0.12950751 0.14457434 0.00921022] [0.46818158 0.00863394 0.02456864 0.23693183 0.26168403] [8.5083833e-03 7.9027480e-01 1.9940801e-01 1.5681679e-03 2.4063078e-04] [0.15472625 0.17937171 0.27738798 0.32732934 0.0611847 ] [6.0863700e-03 3.1975398e-03 9.8935610e-01 3.9758164e-04 9.6243620e-04] [0.03198129 0.00472138 0.0574124  0.69064057 0.2152444 ] [0.02149837 0.6881687  0.22550724 0.05488341 0.00994227] [0.27200234 0.04483593 0.64192206 0.01829442 0.02294527] [0.29930112 0.0450232  0.01307483 0.13192384 0.51067704] [0.6807054  0.00989825 0.20080647 0.04097518 0.06761464] [0.14545771 0.00161527 0.01330384 0.2923781  0.5472451 ] [4.1262403e-02 4.0676884e-04 8.3472114e-04 1.8150491e-01 7.7599126e-01] [4.6524525e-04 1.5031325e-04 1.5525016e-03 1.4677714e-03 9.9636418e-01] [0.09798111 0.00481803 0.030141   0.7487294  0.11833043] [3.4800021e-03 3.1688996e-04 7.0568977e-04 5.4106468e-01 4.5443270e-01] [0.95337355 0.02031692 0.01536358 0.00838835 0.00255761] [1.2811809e-03 8.6746979e-01 1.2969832e-01 1.0062801e-03 5.4445828e-04] [0.01248398 0.01870783 0.7403399  0.14827555 0.08019277] [0.06085484 0.03385928 0.28107572 0.03790634 0.58630383] [1.0484872e-02 8.3751887e-01 1.4986673e-01 6.5555517e-04 1.4740330e-03] [0.08036537 0.00258941 0.00951242 0.8338959  0.07363682] [0.0091964  0.01052416 0.4807782  0.00444448 0.49505675] [1.5996490e-02 6.1486737e-04 1.9383787e-03 1.4420396e-01 8.3724624e-01] [0.21187519 0.01097813 0.06354257 0.26033327 0.45327082] [0.07974476 0.10504522 0.8026916  0.009301   0.00321739] [0.01862347 0.15360384 0.81455505 0.01199461 0.001223  ] [0.00863143 0.20571116 0.75683224 0.0031576  0.0256676 ] [0.01962183 0.00375642 0.00439767 0.7122237  0.26000032] [0.39505064 0.00941922 0.0032988  0.12535912 0.46687222] [7.30731525e-03 8.80990446e-01 1.11161456e-01 2.15760432e-04
 3.25051165e-04] [4.9415126e-04 3.4261206e-01 6.5657389e-01 2.2954386e-04 9.0384005e-05] [0.25715798 0.04536185 0.56871986 0.01922025 0.10954004] [0.21654353 0.04853946 0.514716   0.00921648 0.21098451] [0.02223827 0.00500985 0.7020201  0.2637997  0.00693212] [0.03422762 0.00750392 0.6787865  0.02038031 0.25910163] [0.10960124 0.08555719 0.7462808  0.05116552 0.00739526] [1.0683102e-03 1.7175877e-04 1.5233312e-03 9.2906076e-03 9.8794597e-01] [0.34374973 0.35824013 0.28819963 0.00695587 0.00285464] [1.1157998e-02 7.7978574e-02 9.0953404e-01 1.0870659e-03 2.4232990e-04] [0.10612813 0.26507518 0.5772759  0.01464875 0.03687213] [0.07587412 0.00648855 0.04885386 0.68928456 0.17949891] [0.02728234 0.00170187 0.00323176 0.34942967 0.6183543 ] [4.3996670e-03 3.1988832e-04 6.3000177e-03 5.3630100e-04 9.8844415e-01] [0.00223331 0.00122422 0.00099479 0.11827464 0.8772731 ] [3.3309855e-02 5.2840455e-04 8.8946605e-03 9.3186533e-01 2.5401777e-02] [0.02657046 0.41841292 0.53548765 0.01804205 0.00148692] [0.40215924 0.5125791  0.05867449 0.02360262 0.00298462] [5.824621e-04 6.628158e-01 3.359832e-01 5.257186e-04 9.279998e-05] [0.17309332 0.00318556 0.03560362 0.5447685  0.24334899] [0.00364233 0.08417308 0.9087767  0.00181688 0.00159102] [1.8600427e-04 1.2059301e-05 1.3150232e-05 1.2813113e-03 9.9850744e-01] [0.11944247 0.05696156 0.48159817 0.33404288 0.00795496] [0.15837318 0.01596407 0.4843357  0.06371834 0.27760866] [2.3011733e-02 6.2275323e-04 1.7851905e-03 6.7665793e-02 9.0691459e-01] [3.2696761e-02 9.2410171e-01 3.8076341e-02 4.2439364e-03 8.8129420e-04] [0.7272773  0.0804689  0.18699314 0.00250137 0.0027593 ] [0.3302532  0.00262934 0.19119304 0.01348613 0.46243826] [0.03345808 0.8785006  0.07979496 0.00155611 0.00669026] [0.03620304 0.00678989 0.14381406 0.8026772  0.01051579] [8.1861613e-04 3.9578141e-03 9.9391323e-01 3.4039188e-04 9.6990413e-04] [0.01549795 0.00136902 0.00152477 0.36201286 0.6195954 ] [0.4862958  0.00933359 0.22923398 0.25890422 0.01623247] [0.07487875 0.01163733 0.09253696 0.7654693  0.05547771] [0.29025164 0.02792679 0.32741332 0.22333169 0.13107662] [0.41098893 0.0130804  0.1569806  0.37074822 0.04820183] [0.03001268 0.71719265 0.21675761 0.00420861 0.03182842] [0.2422385  0.6823925  0.05648265 0.01155538 0.00733099] [1.3556193e-02 4.5453951e-01 5.3100032e-01 6.7666837e-04 2.2733743e-04] [0.3507677  0.08705066 0.48349464 0.03560131 0.04308567] [9.8449213e-04 2.3927739e-01 7.5923210e-01 3.8911158e-04 1.1692476e-04] [0.8247529  0.01276355 0.04682605 0.08622128 0.02943617] [0.14702323 0.00053173 0.0147819  0.47847196 0.35919112] [0.03917645 0.21108133 0.01292226 0.65349257 0.08332744] [0.08321518 0.02312959 0.6945223  0.17804801 0.02108493] [2.6980645e-03 2.2513289e-02 2.0116536e-02 3.1610785e-04 9.5435601e-01] [0.28055966 0.0568919  0.14739226 0.16540672 0.34974945] [0.19008915 0.00702155 0.00346579 0.79551476 0.00390875] [0.11577937 0.0386577  0.48083505 0.04159523 0.32313257] [0.27254352 0.4007728  0.30349374 0.01995265 0.00323724] [0.44280243 0.0617541  0.3422686  0.00941215 0.14376277] [0.01928104 0.40314806 0.5633709  0.01079028 0.0034097 ] [0.6022085  0.02181659 0.17162135 0.15922199 0.04513156] [0.01247644 0.325633   0.6483641  0.0114167  0.00210968] [0.38353348 0.01316158 0.25546396 0.15306307 0.1947779 ] [0.02390891 0.00868145 0.10716704 0.82581425 0.03442832] [0.09877314 0.01371129 0.38293633 0.22277    0.28180918] [0.04232574 0.01283951 0.8140569  0.08739223 0.04338561] [4.6831355e-03 4.3986705e-03 7.2501488e-03 6.4292719e-04 9.8302507e-01]",1 1 4 2 2 1 4 2 2 3 0 2 4 2 4 3 2 0 0 1 0 3 3 2 1 0 1 2 4 2 3 4 1 0 2 0 1 0 4 4 1 2 2 4 0 4 1 2 2 4 0 4 2 1 2 4 1 4 1 2 3 2 3 2 3 2 0 3 0 3 4 4 4 4 1 1 3 0 2 3 4 4 0 2 2 1 4 3 2 1 2 2 0 4 0 4 2 1 2 3 4 4 4 3 2 0 1 3 2 4 2 2 4 1 2 3 2 0 2 4 0 3 2 3 2 2 2 0 1 4 4 0 0 4 4 0 4 2 0 2 0 2 4 3 3 0 4
188,3,xgboost,0.02,500,500,0.4421768707482993,0.7694567333573676,"[0.18581161 0.12028159 0.10502043 0.5721869  0.01669948] [0.01184592 0.00486174 0.66031694 0.01774806 0.30522728] [0.35365513 0.01694585 0.60498714 0.01499546 0.00941637] [0.6200623  0.07295348 0.16015702 0.08554319 0.06128404] [0.06468692 0.0066565  0.003822   0.03249021 0.89234436] [6.6002272e-03 7.1853178e-04 1.9457557e-03 4.4794254e-02 9.4594127e-01] [0.72132653 0.00857708 0.05640184 0.04167895 0.1720156 ] [0.23937722 0.00114713 0.00904512 0.5457456  0.20468493] [0.08812957 0.13725448 0.6615826  0.08061891 0.03241444] [0.02716449 0.02018993 0.92116624 0.01470365 0.01677563] [8.0051913e-04 8.0501608e-04 1.3159392e-03 8.9090895e-03 9.8816943e-01] [0.0714364  0.8368151  0.06402281 0.00790425 0.01982138] [0.16132449 0.5188583  0.16936523 0.06502011 0.08543183] [7.2918542e-02 7.7009493e-01 1.5062198e-01 6.1825244e-03 1.8197131e-04] [0.44749868 0.01274408 0.25490645 0.04549859 0.23935224] [2.5536777e-02 2.1648189e-01 7.5641543e-01 1.3956216e-03 1.7023225e-04] [0.14604507 0.00142276 0.00941523 0.02426396 0.81885296] [0.25354618 0.44677353 0.21428148 0.07439557 0.01100327] [0.05104096 0.02575357 0.41764095 0.00351881 0.5020457 ] [2.3534528e-03 5.0025963e-04 3.1916518e-04 8.2678556e-02 9.1414851e-01] [0.0981759  0.15197061 0.733188   0.01129554 0.00536995] [0.11749641 0.01006666 0.04946441 0.5950097  0.22796285] [1.1647710e-02 2.2373498e-04 2.0591568e-03 4.3503735e-02 9.4256562e-01] [0.05777534 0.22199504 0.7064126  0.00619876 0.00761824] [0.22606105 0.12648389 0.41877258 0.02807122 0.20061128] [0.2366652  0.07509678 0.10560048 0.17969847 0.40293908] [0.3622891  0.4643942  0.05455985 0.06492515 0.05383167] [0.0358215  0.1256649  0.8174491  0.01256742 0.00849702] [0.0617064  0.00651969 0.11386494 0.54531145 0.27259752] [0.01750414 0.00126479 0.02528693 0.6344093  0.32153478] [0.31380334 0.0694007  0.51287925 0.05534759 0.04856917] [1.8402917e-02 8.1395066e-01 1.6674812e-01 7.6613040e-04 1.3215262e-04] [5.7774124e-04 2.6843246e-04 2.2808600e-03 2.3855011e-03 9.9448746e-01] [0.0424487  0.00155575 0.00283923 0.38572025 0.5674361 ] [1.8462859e-02 9.0740598e-04 7.8469404e-04 3.2851521e-02 9.4699353e-01] [0.0195968  0.35713357 0.07396855 0.01403352 0.5352676 ] [0.07621887 0.09523262 0.80026215 0.00830006 0.01998633] [0.08473043 0.07051243 0.8193639  0.02346434 0.0019289 ] [0.04972428 0.00391584 0.02474842 0.12998201 0.7916295 ] [1.4141848e-02 9.2956680e-01 3.8566746e-02 1.7427016e-02 2.9754586e-04] [0.01048636 0.06200613 0.40756863 0.39936003 0.12057883] [0.01787981 0.0010039  0.00360647 0.4394717  0.53803813] [0.02929831 0.0773688  0.8825584  0.00569267 0.00508179] [0.1213838  0.03296332 0.09687314 0.05886713 0.6899126 ] [0.5245868  0.19789906 0.21948533 0.00707142 0.0509574 ] [0.00538247 0.3679391  0.60685074 0.00615127 0.01367639] [3.6703685e-04 1.9096768e-04 6.3493109e-04 3.8537302e-04 9.9842167e-01] [0.00360159 0.88056684 0.09572393 0.00137933 0.01872829] [0.35408688 0.00146712 0.00473117 0.24288428 0.3968306 ] [0.22211899 0.02714386 0.61488444 0.03687205 0.09898065] [0.10307071 0.07082869 0.7980696  0.02197053 0.00606046] [0.01128349 0.03484521 0.8034935  0.00265358 0.14772418] [0.0754742  0.05347863 0.0721252  0.5517707  0.2471513 ] [0.0443229  0.15701057 0.76685995 0.01097708 0.02082952] [0.21904719 0.03038098 0.08728308 0.59179485 0.07149392] [2.3242572e-02 1.3243443e-02 9.5427525e-01 8.7238876e-03 5.1486131e-04] [6.94357464e-03 3.94134223e-01 5.98525882e-01 2.92632874e-04
 1.03629245e-04] [0.16522965 0.03397251 0.7867045  0.00526811 0.0088252 ] [3.0743929e-03 4.6891593e-05 1.9780504e-04 2.9324945e-03 9.9374843e-01] [0.10879324 0.00231255 0.00216564 0.49107736 0.39565122] [8.85584275e-04 9.47515845e-01 5.10719232e-02 4.18811396e-04
 1.07801905e-04] [0.02089711 0.001587   0.00713964 0.02861652 0.9417597 ] [0.03799458 0.7071485  0.25102574 0.00258738 0.0012438 ] [2.1524527e-03 9.0228576e-05 2.7034918e-04 1.7257599e-02 9.8022938e-01] [0.03785651 0.07175291 0.18206456 0.65264994 0.05567606] [0.0478515  0.3334977  0.35194653 0.00359826 0.26310605] [7.7256779e-03 3.9306927e-02 9.5276833e-01 1.2961071e-04 6.9422269e-05] [0.03771755 0.00135694 0.00149172 0.0564126  0.90302116] [0.05632576 0.00303094 0.01519006 0.399951   0.52550226] [0.08084862 0.00766406 0.8405277  0.03590896 0.03505061] [0.5553014  0.0143032  0.18251027 0.04317597 0.20470917] [1.2053705e-02 2.5099146e-04 1.3559125e-03 1.3937034e-01 8.4696907e-01] [2.80532613e-02 1.60669267e-01 8.10727060e-01 4.40745702e-04
 1.09657456e-04] [0.05700685 0.00866602 0.11805597 0.17362121 0.64265   ] [0.44058713 0.01692086 0.2406611  0.27098605 0.03084485] [0.09638473 0.02863909 0.01947941 0.71507573 0.14042103] [0.24314442 0.01839918 0.6065651  0.03048854 0.10140273] [0.63387036 0.15233769 0.18367139 0.0172749  0.01284565] [0.46033433 0.01255934 0.2616715  0.23215494 0.03327987] [0.04309828 0.01405454 0.91058207 0.02308265 0.00918244] [1.2485818e-02 6.3752529e-04 1.8785584e-04 4.0551282e-02 9.4613755e-01] [0.02689566 0.00201046 0.03189057 0.88683486 0.05236844] [0.12447006 0.00834459 0.12673073 0.06752668 0.672928  ] [0.2672241  0.07111599 0.28479266 0.34294358 0.03392366] [0.32213023 0.02473073 0.38302207 0.12685442 0.14326252] [0.62672937 0.02616914 0.23627019 0.09026696 0.02056431] [5.5288454e-03 6.2698619e-03 9.8659569e-01 4.7111226e-04 1.1344632e-03] [0.7691923  0.06795429 0.01073123 0.08508435 0.06703784] [0.00175975 0.5474778  0.44639978 0.00350891 0.0008538 ] [0.05261379 0.42478833 0.5207166  0.00121805 0.00066322] [2.0118749e-03 5.9801684e-04 2.0090217e-02 2.5096553e-04 9.7704893e-01] [1.8404983e-04 9.9454417e-05 3.0816228e-03 4.4502911e-05 9.9659038e-01] [0.27767435 0.02800878 0.2264369  0.45046988 0.01741008] [3.2247191e-03 1.6913658e-04 1.1992001e-04 9.7306892e-02 8.9917940e-01] [0.07270241 0.00598791 0.01291362 0.0039787  0.9044174 ] [7.0394143e-02 5.8787101e-04 5.2504212e-04 1.8759433e-02 9.0973347e-01] [7.4136178e-03 6.9968204e-04 6.6179214e-03 9.5158166e-01 3.3687145e-02] [0.29506263 0.06290729 0.41729173 0.07729746 0.14744093] [0.01574297 0.8244609  0.15094362 0.00371767 0.00513481] [5.4792673e-03 2.4148711e-04 3.7176316e-03 5.3847057e-01 4.5209101e-01] [1.3342431e-02 1.4233097e-01 8.3361852e-01 1.0391135e-02 3.1691577e-04] [0.08146854 0.55404735 0.33568695 0.00219696 0.02660017] [0.01552576 0.00463024 0.0125412  0.01972988 0.9475729 ] [0.00470478 0.00329494 0.15377373 0.17416011 0.6640665 ] [0.11335274 0.06587746 0.06177507 0.7548523  0.00414239] [0.8961333  0.01075205 0.07470623 0.00803827 0.01037012] [0.47523174 0.15356645 0.16902281 0.1635897  0.03858934] [0.01292984 0.00591451 0.9557527  0.00717534 0.01822761] [0.09498675 0.05591701 0.7931885  0.02769229 0.02821543] [1.8062674e-04 9.2663723e-01 7.3099628e-02 2.4888635e-05 5.7577043e-05] [0.07871711 0.06302153 0.01268108 0.3287708  0.5168095 ] [0.35661596 0.17588384 0.21803996 0.20957772 0.03988255] [0.03910309 0.01626444 0.06480168 0.5021094  0.3777214 ] [0.02112804 0.5685212  0.35407555 0.05257088 0.00370431] [0.2562277  0.01600368 0.29344988 0.09575358 0.3385652 ] [0.12725991 0.0155456  0.81464034 0.0118695  0.03068463] [0.00256107 0.00562056 0.5016495  0.00931004 0.48085877] [0.3907711  0.01147793 0.11519559 0.35488358 0.1276718 ] [0.05678164 0.05631773 0.8729197  0.00302243 0.01095853] [0.04579438 0.04597136 0.29177698 0.49717182 0.11928543] [0.32407263 0.00294446 0.00195271 0.21515127 0.45587897] [0.01348824 0.05447492 0.9065497  0.01113892 0.01434826] [0.05743625 0.01761625 0.8906294  0.00561956 0.02869849] [0.01749808 0.22923338 0.7296055  0.00197431 0.02168869] [1.57578685e-03 1.05910614e-04 1.68533437e-03 2.86698919e-02
 9.67963040e-01] [0.05483211 0.41936964 0.41213778 0.06776172 0.04589873] [1.0322774e-03 3.1115374e-02 9.6611786e-01 1.5030911e-03 2.3140048e-04] [7.3376610e-03 9.0016192e-01 9.1452487e-02 2.4219822e-04 8.0573600e-04] [0.01390533 0.7983014  0.17405657 0.0016209  0.01211575] [1.6557886e-03 9.7421491e-01 2.3267746e-02 7.0587842e-04 1.5571887e-04] [0.12487465 0.00499796 0.8046801  0.04694063 0.01850664] [0.01094083 0.01106598 0.10556101 0.60371697 0.26871517] [0.2087217  0.04195588 0.66789126 0.05077391 0.03065723] [8.8342355e-04 3.0964674e-04 2.2685869e-02 8.9114321e-05 9.7603196e-01] [4.8616252e-04 7.6982738e-03 3.2696631e-02 1.0555298e-03 9.5806342e-01] [0.13189165 0.4609871  0.37139577 0.03456905 0.0011564 ] [0.36441454 0.04928023 0.2380322  0.03902426 0.30924878] [0.3800229  0.3181302  0.23766248 0.03528799 0.02889645] [0.5203403  0.03120963 0.21633688 0.01092781 0.22118536] [0.14099507 0.0580587  0.25308612 0.1333162  0.41454393] [0.28920248 0.00084039 0.01222242 0.38426635 0.31346837] [0.83870405 0.00990434 0.09094481 0.01404089 0.04640586] [0.25450882 0.02619771 0.6627368  0.00844918 0.04810753] [0.01850365 0.5256118  0.44162196 0.0117887  0.00247385] [0.22825666 0.02279833 0.5919855  0.14614806 0.01081142] [0.6372022  0.15146406 0.13619824 0.01526912 0.05986636] [7.7655548e-03 4.5756693e-03 9.8555005e-01 1.7547461e-03 3.5395799e-04]",0 3 0 1 3 3 0 4 2 0 4 0 2 1 4 2 3 2 0 4 2 3 4 2 4 3 2 1 0 3 0 2 4 4 4 2 2 1 4 1 0 4 2 0 2 2 4 2 4 0 2 2 3 2 0 1 1 0 4 3 1 3 1 4 3 0 2 4 4 4 3 4 1 0 3 3 3 2 0 1 4 4 4 0 3 2 3 3 1 1 4 4 2 4 2 4 4 0 2 3 2 2 4 4 0 2 2 1 2 1 3 2 2 2 0 0 4 0 2 2 4 2 0 1 4 2 2 1 2 1 0 0 2 4 4 1 2 1 2 4 4 3 0 2 2 2 1
188,4,xgboost,0.02,500,500,0.47619047619047616,0.7957158919548529,"[2.18294784e-02 1.18123606e-01 8.59135091e-01 8.14682804e-04
 9.70907349e-05] [3.4210369e-02 3.2077346e-02 9.3193895e-01 9.0783974e-04 8.6553139e-04] [0.17060708 0.13202599 0.58775467 0.08219426 0.02741799] [0.1094349  0.05089342 0.25447908 0.21314964 0.37204298] [0.02333825 0.00158437 0.0234811  0.11658701 0.83500934] [0.08653446 0.09397481 0.22525205 0.1393262  0.45491248] [4.73279273e-03 8.09976540e-04 1.48514770e-02 8.55679631e-01
 1.23926155e-01] [0.7753692  0.00732516 0.0534937  0.04418346 0.11962841] [6.6755838e-03 8.4922957e-01 1.3945918e-01 4.0626815e-03 5.7302142e-04] [0.05973249 0.00919693 0.38439614 0.43043503 0.11623938] [0.330183   0.00921012 0.3756959  0.22406983 0.06084115] [9.5079187e-03 1.6329861e-01 8.2381862e-01 3.0040473e-03 3.7081362e-04] [0.04470997 0.0183624  0.15161566 0.04885325 0.7364587 ] [0.01057792 0.1053539  0.77156115 0.08491342 0.02759364] [1.2761008e-03 2.1925777e-04 1.0007159e-03 3.1892881e-02 9.6561104e-01] [0.14539441 0.01456224 0.09950039 0.30526304 0.43527994] [0.2649723  0.1800345  0.5383397  0.00932605 0.0073275 ] [0.03518231 0.05308793 0.9089589  0.00130869 0.00146215] [1.28711946e-03 2.15198943e-05 1.00324265e-04 1.30634429e-02
 9.85527635e-01] [1.6519483e-02 5.0108519e-04 4.2729652e-03 8.1863455e-02 8.9684308e-01] [0.02147865 0.00140524 0.00255985 0.01687312 0.95768315] [0.01131996 0.01365522 0.8821184  0.0215363  0.07137017] [0.11643296 0.0501867  0.7304904  0.0917216  0.01116834] [0.02011186 0.09715951 0.83222395 0.04552605 0.00497855] [0.76935816 0.05841805 0.0152108  0.12040772 0.03660529] [0.05804655 0.02306903 0.51618904 0.32621816 0.07647719] [6.0499337e-02 8.2809580e-03 9.2868859e-01 7.7153422e-04 1.7596229e-03] [9.08767618e-03 3.30191891e-04 1.21003073e-02 1.19733205e-02
 9.66508567e-01] [3.9240918e-03 9.6977492e-05 1.8563692e-04 4.4776373e-02 9.5101690e-01] [0.36965746 0.21645783 0.27857214 0.01523762 0.12007493] [0.12295148 0.06343042 0.22751704 0.25658077 0.3295203 ] [2.0973005e-03 1.9558192e-04 1.7622771e-04 9.1846446e-03 9.8834628e-01] [0.00753336 0.01924212 0.93334544 0.0239622  0.01591693] [0.07425783 0.00422481 0.00479545 0.5195032  0.3972187 ] [0.2340911  0.05292202 0.6630103  0.03395946 0.0160171 ] [0.13317887 0.01404804 0.85070986 0.0012004  0.00086284] [0.02941753 0.06797711 0.8786914  0.01227129 0.01164276] [0.0043871  0.00128507 0.03406924 0.0031743  0.95708424] [0.69156516 0.01212405 0.16167508 0.11041041 0.02422529] [0.13009974 0.0088347  0.07088275 0.61779547 0.17238735] [5.1703368e-04 1.3507317e-03 4.6943529e-03 1.0907688e-04 9.9332881e-01] [0.00113439 0.00137245 0.01602851 0.00126495 0.9801997 ] [1.8395126e-03 8.4491545e-01 1.5088385e-01 1.7731023e-03 5.8807031e-04] [0.01989187 0.3768612  0.5996049  0.00164724 0.00199481] [0.0197883  0.0344448  0.00528239 0.00486365 0.93562084] [0.02299746 0.05538101 0.6254169  0.00293873 0.2932659 ] [3.0889712e-02 1.2286559e-01 8.4399253e-01 1.7421818e-03 5.1001488e-04] [2.1848978e-02 1.3473228e-01 8.4193802e-01 9.6635922e-04 5.1434664e-04] [0.03365508 0.02279694 0.9285282  0.01376164 0.00125812] [0.20081398 0.00926812 0.6679649  0.06866921 0.05328386] [0.07043266 0.17818494 0.7388094  0.00596139 0.00661164] [0.0087533  0.04842352 0.9097652  0.00139874 0.03165929] [0.18519253 0.01783074 0.7456268  0.02687245 0.0244775 ] [0.08393136 0.00383569 0.00508348 0.18345687 0.72369266] [0.256405   0.01569429 0.6764983  0.05051911 0.00088331] [8.2879391e-04 1.1671977e-04 3.5290357e-02 4.2127556e-04 9.6334291e-01] [0.01832784 0.02683976 0.9011177  0.0204683  0.03324644] [0.34413055 0.01241226 0.5300769  0.08495837 0.02842193] [0.00971468 0.42835635 0.5601756  0.00085435 0.00089902] [0.06612903 0.00815557 0.33010587 0.5727277  0.02288182] [0.45015746 0.0107064  0.06409133 0.05655203 0.41849276] [0.04051296 0.41860822 0.5191663  0.01178593 0.00992663] [0.16948235 0.01038119 0.0762317  0.56649256 0.17741221] [7.7082943e-03 4.1122921e-04 1.0911729e-02 2.7764143e-02 9.5320457e-01] [0.66126806 0.10126356 0.2094335  0.01470711 0.01332778] [0.05157072 0.02703395 0.05716542 0.3407036  0.5235263 ] [3.2074039e-03 4.1079387e-01 5.8575398e-01 1.1647842e-04 1.2830894e-04] [0.2644847  0.0139579  0.1844284  0.5206742  0.01645477] [2.8953025e-02 5.2879908e-04 7.0440513e-04 1.5496603e-01 8.1484771e-01] [6.0503315e-03 7.3011351e-01 2.6274884e-01 9.1888889e-04 1.6839766e-04] [2.1849808e-03 7.1399637e-02 9.2450798e-01 1.5993766e-03 3.0805529e-04] [0.18980022 0.00387437 0.75509125 0.04215063 0.00908356] [0.2532014  0.00510498 0.35640454 0.15065627 0.2346328 ] [0.05162577 0.0274986  0.88473463 0.00520669 0.03093432] [0.00631049 0.00118153 0.01282869 0.01402747 0.96565187] [0.68858325 0.01013422 0.0110197  0.27093348 0.01932939] [0.07547247 0.01013151 0.08045893 0.03705021 0.79688686] [0.02918874 0.00094648 0.00655623 0.02807359 0.93523496] [0.03020785 0.00176376 0.00524683 0.7152316  0.24754992] [0.16709487 0.04552421 0.7384913  0.01998718 0.02890246] [0.04110727 0.015768   0.930562   0.00616331 0.00639947] [0.0285939  0.04881058 0.8839665  0.02955588 0.00907316] [1.3666666e-03 3.3664632e-01 6.6151810e-01 3.0065849e-04 1.6822859e-04] [0.01261459 0.00122448 0.02640975 0.811673   0.14807816] [0.0240691  0.09929451 0.86922836 0.00131476 0.00609325] [0.04409045 0.04880358 0.8234101  0.06192708 0.02176883] [0.03136283 0.10731404 0.8538472  0.00389211 0.0035838 ] [0.09552636 0.07440145 0.81983674 0.00292709 0.00730838] [0.1687108  0.6155938  0.201855   0.00385561 0.00998479] [0.04933767 0.00325057 0.00959298 0.20310454 0.73471427] [0.16669337 0.02032444 0.15957391 0.5268483  0.12655997] [0.52018446 0.08586347 0.18834622 0.08346431 0.12214155] [0.0180413  0.00202965 0.00214696 0.00112518 0.9766569 ] [0.09274011 0.38244757 0.14175451 0.33236313 0.05069473] [0.10545465 0.05544788 0.8275056  0.00594321 0.00564866] [4.9743806e-03 5.7586888e-04 5.6946027e-04 1.5616491e-01 8.3771539e-01] [0.01783804 0.28559914 0.65588915 0.0328326  0.00784102] [0.02844956 0.0499045  0.8919894  0.01116636 0.0184902 ] [0.5482125  0.0109111  0.03491838 0.4010424  0.00491563] [0.20076653 0.00500871 0.00904857 0.34892935 0.4362468 ] [1.1049210e-03 1.5696485e-05 3.5764408e-06 5.1762408e-04 9.9835819e-01] [0.1615684  0.5669093  0.26037183 0.0093344  0.00181604] [0.03398801 0.0104654  0.12048435 0.05664966 0.77841264] [0.2192668  0.04037981 0.03183307 0.28040162 0.42811868] [0.03355673 0.07467206 0.35316086 0.4372461  0.10136421] [2.6939522e-02 1.7994140e-01 7.9125369e-01 5.8352371e-04 1.2818577e-03] [5.4886253e-03 5.1670999e-04 1.5717410e-02 2.8857671e-02 9.4941956e-01] [4.3843775e-03 3.6210447e-04 1.4660737e-03 2.8603561e-02 9.6518385e-01] [0.03040449 0.11673782 0.84781665 0.00414886 0.00089223] [3.5486494e-03 1.7090483e-02 1.7373530e-02 1.5046468e-04 9.6183681e-01] [0.01267091 0.03137222 0.03738666 0.0055183  0.9130519 ] [0.00701273 0.00424057 0.0062152  0.00127833 0.9812532 ] [0.01033253 0.5066339  0.44925168 0.00316677 0.03061509] [0.19598141 0.00579703 0.04775169 0.01753537 0.7329345 ] [0.118967   0.02789748 0.00987271 0.1630228  0.68024   ] [0.02560286 0.29755732 0.6572382  0.01271181 0.00688977] [0.12541297 0.28268355 0.55863607 0.0273739  0.00589353] [0.08129714 0.40452826 0.44203195 0.05369351 0.01844916] [4.3436112e-03 6.7531461e-01 3.1977844e-01 3.8916967e-04 1.7420654e-04] [3.2145868e-03 5.1685844e-02 9.4478041e-01 2.7965859e-04 3.9513987e-05] [0.07211982 0.00101939 0.00261009 0.2805573  0.6436934 ] [0.117281   0.00687041 0.01062289 0.8547238  0.01050188] [0.12545463 0.02163914 0.16266188 0.56021124 0.13003308] [0.6345821  0.18069267 0.1589397  0.01580695 0.00997858] [2.0069921e-02 2.8563839e-01 6.9218123e-01 6.7858445e-04 1.4318938e-03] [0.82921153 0.01369698 0.03116543 0.05587858 0.07004753] [0.0038999  0.0031995  0.00200871 0.01793372 0.97295815] [0.37397113 0.07032332 0.13764074 0.31061745 0.10744732] [0.08262439 0.04580741 0.83299154 0.01043624 0.02814038] [0.08014496 0.02654757 0.8735998  0.00858088 0.0111267 ] [0.17824572 0.00352158 0.00412305 0.14437549 0.6697342 ] [0.1544617  0.01953553 0.35808232 0.0435572  0.42436326] [0.00583716 0.09676583 0.87161434 0.00481748 0.02096524] [0.19906425 0.03760087 0.1433807  0.5185003  0.10145382] [0.07875787 0.0152092  0.88942176 0.00194474 0.01466649] [0.24821988 0.6102588  0.13058224 0.00920205 0.00173702] [3.9381022e-03 1.7650845e-04 1.8574258e-04 2.6328225e-02 9.6937144e-01] [0.51766723 0.01195487 0.45376825 0.00556389 0.01104571] [0.31404033 0.02845508 0.24743964 0.25250712 0.15755786] [0.00348135 0.00529808 0.03153954 0.00369244 0.95598865] [0.03844075 0.35838315 0.5699947  0.00608409 0.02709733] [0.10025843 0.04459266 0.6764638  0.17256887 0.00611622] [0.07476945 0.18478897 0.27268475 0.4582529  0.0095039 ] [0.5706216  0.04487433 0.33553228 0.03269335 0.01627843] [0.80915266 0.09285408 0.0610422  0.01537    0.02158109] [1.8129494e-03 2.6549619e-02 9.7126997e-01 2.0628050e-04 1.6125172e-04] [0.17890735 0.23878594 0.5718133  0.00654815 0.00394527]",1 0 0 3 4 2 4 2 1 2 0 0 4 2 3 3 1 1 4 4 4 0 2 2 0 3 0 4 4 4 3 4 2 0 3 2 2 4 2 3 4 4 1 1 4 0 1 1 2 2 3 4 2 3 1 4 0 2 2 0 3 2 3 3 2 3 1 3 4 1 1 0 3 0 4 0 4 4 3 0 2 1 1 4 2 1 2 2 2 4 2 2 4 0 1 3 2 2 2 3 4 2 4 0 0 2 4 3 1 4 4 4 1 4 0 2 2 1 2 2 4 0 0 2 1 4 4 2 2 2 4 3 2 3 0 2 4 0 0 4 2 0 2 3 2 1 0
188,0,xgboost,0.02,2000,2000,0.5405405405405406,0.8075326746919839,"[9.8859542e-04 4.0579671e-03 1.4915791e-02 4.9044733e-04 9.7954720e-01] [0.7327317  0.00477259 0.04697017 0.08710649 0.12841907] [0.02496777 0.49557048 0.4711829  0.00197402 0.00630486] [0.06309929 0.07791264 0.69569945 0.08868151 0.07460704] [0.3293696  0.0203823  0.6160663  0.02560581 0.00857599] [0.00983483 0.01013448 0.07774091 0.00442049 0.8978693 ] [0.00500493 0.00598635 0.00680256 0.00224102 0.9799651 ] [0.2235083  0.08605915 0.34187087 0.17331304 0.17524864] [0.2673953  0.02113421 0.66311055 0.02232603 0.02603388] [0.3310617  0.10797845 0.4852495  0.04091891 0.03479151] [0.6401447  0.14743347 0.065717   0.08951472 0.05719011] [0.04568627 0.05142235 0.8918664  0.00274556 0.00827947] [0.22597943 0.06625742 0.6947879  0.0065799  0.00639534] [0.40487114 0.10134605 0.4422473  0.04705393 0.00448161] [0.08544675 0.5682962  0.2620042  0.00907589 0.07517695] [0.0127795  0.0080549  0.02708606 0.44416076 0.5079188 ] [0.0540879  0.75325644 0.18586884 0.00346719 0.00331966] [0.01321978 0.47513673 0.4969341  0.00210169 0.01260769] [0.01969281 0.25454828 0.71444786 0.00398611 0.00732494] [0.02662706 0.31243932 0.6392043  0.02071258 0.00101676] [0.03142064 0.00979489 0.03508314 0.05699736 0.866704  ] [0.76138705 0.01005751 0.21512993 0.00802224 0.00540329] [0.08417465 0.03140708 0.84991616 0.00961282 0.02488927] [0.03084026 0.89064544 0.07302121 0.00181961 0.00367351] [0.08672511 0.02579451 0.32149306 0.4395712  0.12641612] [0.00409733 0.00281805 0.04720905 0.00121171 0.9446638 ] [0.3088613  0.42110416 0.06747884 0.05526862 0.14728713] [0.04675398 0.01510454 0.07058365 0.2075241  0.6600337 ] [0.09356479 0.6453623  0.236108   0.01455685 0.01040803] [2.1745237e-03 5.3461146e-01 4.6239200e-01 1.6501808e-04 6.5699121e-04] [1.6855417e-02 1.3205122e-04 7.4678741e-04 3.5064027e-02 9.4720173e-01] [3.2542753e-03 8.6951667e-01 1.2509847e-01 7.8034034e-04 1.3503069e-03] [0.04204046 0.0025757  0.02471462 0.17165071 0.7590185 ] [0.13298234 0.05798056 0.6292817  0.02050714 0.1592483 ] [0.0208894  0.0009466  0.01371816 0.04419721 0.9202486 ] [0.44324487 0.01790226 0.09359139 0.21425578 0.23100565] [0.02739289 0.04150093 0.3210683  0.01486567 0.5951722 ] [1.8875513e-02 4.1758530e-02 9.3859887e-01 4.3851524e-04 3.2863012e-04] [0.02204924 0.5332329  0.43968412 0.00150789 0.00352583] [1.2603175e-02 4.9346569e-04 5.0554168e-03 1.5240964e-01 8.2943827e-01] [0.05457822 0.1690832  0.7618818  0.00935002 0.00510669] [0.16511942 0.08556723 0.49428624 0.23567612 0.01935101] [0.03473496 0.00132243 0.00399247 0.00982775 0.9501224 ] [0.29116336 0.0066253  0.34934103 0.34202608 0.01084423] [3.6654687e-03 1.8812929e-03 3.0076176e-02 5.6927843e-04 9.6380776e-01] [0.02693681 0.00178981 0.93962425 0.02845823 0.00319098] [0.15468931 0.02636793 0.02899944 0.5623571  0.22758617] [0.06200884 0.01396595 0.8887496  0.01178685 0.02348871] [0.08429649 0.00236191 0.05379321 0.02082318 0.83872527] [0.29903033 0.02328987 0.53081375 0.08335264 0.06351341] [0.20003714 0.03350646 0.590719   0.02259497 0.1531424 ] [0.20458366 0.05616231 0.41895    0.20851538 0.11178865] [0.12897822 0.02492159 0.5169816  0.30127314 0.02784539] [7.6480542e-04 5.5445504e-01 4.4407332e-01 4.6205928e-04 2.4472989e-04] [0.24047087 0.02890396 0.60293967 0.1198842  0.00780131] [0.00362883 0.00838928 0.04521153 0.02312502 0.91964537] [0.17103028 0.0032047  0.00557602 0.31389397 0.506295  ] [1.1109019e-03 5.0954719e-04 1.7434632e-03 4.2236432e-01 5.7427180e-01] [0.17407827 0.01837617 0.4602931  0.08862806 0.25862443] [0.78056717 0.06655991 0.05236401 0.05996275 0.04054619] [7.6242688e-04 1.0085527e-03 1.3592221e-03 7.6957420e-04 9.9610019e-01] [0.1432587  0.01368409 0.82411915 0.00482457 0.01411349] [1.2525245e-02 2.2899799e-04 8.3484664e-04 3.1161236e-02 9.5524967e-01] [0.05131941 0.00123922 0.00162779 0.28158212 0.6642314 ] [0.02034353 0.00074582 0.00578391 0.72654516 0.24658161] [0.13885328 0.16554023 0.3134942  0.22775857 0.1543537 ] [0.07523677 0.00372691 0.01276166 0.20943482 0.69883984] [0.00961845 0.01112791 0.96907747 0.00144491 0.00873124] [0.02885524 0.10984323 0.8379861  0.00300626 0.02030918] [0.09563707 0.00567023 0.00178193 0.20100835 0.6959024 ] [3.5986928e-03 6.4405671e-04 2.1964228e-03 2.2851015e-03 9.9127567e-01] [0.08569954 0.03494149 0.5064573  0.35131314 0.02158848] [0.60627973 0.12714554 0.12751451 0.05252038 0.0865398 ] [0.01740789 0.13384436 0.84578305 0.00193198 0.0010327 ] [1.7210225e-02 1.8692428e-01 7.9403824e-01 7.2692771e-04 1.1003802e-03] [0.03170348 0.01204807 0.15614814 0.03160615 0.7684942 ] [0.11268283 0.07451435 0.78997254 0.01076046 0.0120698 ] [6.9411204e-04 3.9373283e-04 3.2943508e-04 3.0226097e-03 9.9556005e-01] [0.32295358 0.23631634 0.2626486  0.06294069 0.1151408 ] [0.11156877 0.03471191 0.7123621  0.08424964 0.05710758] [0.0129043  0.01030799 0.9677105  0.00373872 0.00533854] [0.1418239  0.01382736 0.02363516 0.81002986 0.01068369] [1.2970626e-02 5.0240126e-04 3.5516033e-03 2.6090248e-03 9.8036641e-01] [0.09483363 0.03293571 0.00980848 0.40609366 0.45632848] [0.21067363 0.06517959 0.67807686 0.00289008 0.04317984] [0.3303911  0.0052926  0.24484295 0.40567484 0.01379847] [0.4802592  0.0583138  0.13267843 0.05442343 0.2743251 ] [0.01218166 0.01027891 0.03233502 0.43387166 0.51133275] [1.8917529e-03 4.0252489e-01 5.9434158e-01 6.5538281e-04 5.8642455e-04] [3.2270424e-02 2.5314530e-02 9.3964654e-01 2.1159099e-03 6.5264711e-04] [0.02127576 0.00419472 0.01114116 0.02878995 0.93459845] [0.06730168 0.0268289  0.81715995 0.06397832 0.02473109] [0.30242506 0.10813937 0.517349   0.0563766  0.01570998] [0.03920234 0.13681026 0.8160234  0.00659953 0.00136448] [2.8455092e-02 7.5284284e-01 2.1689190e-01 7.1591890e-04 1.0942746e-03] [6.1471929e-04 7.6618406e-04 1.0242484e-02 3.2463863e-03 9.8513031e-01] [0.08838023 0.16696572 0.72097325 0.00144522 0.02223557] [0.20570911 0.01098135 0.77091074 0.00850492 0.00389387] [2.23073945e-03 6.44621206e-04 1.50778238e-03 1.18861355e-01
 8.76755476e-01] [0.21207698 0.00278337 0.72131944 0.02447024 0.03934998] [0.64358246 0.01664479 0.19622354 0.11249752 0.03105166] [0.00812179 0.22259721 0.7624685  0.00505477 0.00175771] [0.24322286 0.05859389 0.56642616 0.12393773 0.00781939] [0.11060093 0.24935652 0.6273974  0.00879198 0.00385318] [0.02527856 0.01258995 0.22819959 0.04942475 0.68450713] [0.0561465  0.07674698 0.15965894 0.03787536 0.66957223] [1.2636951e-02 4.6105724e-04 8.9811528e-04 2.8035311e-02 9.5796859e-01] [0.13607721 0.00462141 0.01606592 0.38059887 0.4626366 ] [0.13056481 0.06304824 0.6037552  0.00378422 0.19884759] [0.03562709 0.13965145 0.79341143 0.02509634 0.00621367] [0.16209395 0.00723418 0.03289514 0.0828036  0.7149731 ] [1.7242620e-02 4.0495273e-04 5.0263118e-04 1.1245400e-01 8.6939579e-01] [0.08718064 0.0137352  0.02338905 0.09327513 0.78242   ] [0.0490511  0.00727978 0.7136592  0.10914685 0.12086307] [0.01587408 0.48287007 0.49767348 0.00270571 0.00087663] [1.2208659e-03 1.2730653e-04 4.4532766e-04 7.2753578e-03 9.9093115e-01] [0.00351534 0.01245049 0.10481178 0.00106245 0.87815994] [0.25021443 0.02295955 0.6555015  0.02934408 0.04198045] [0.29958582 0.14807983 0.40686482 0.03649633 0.10897317] [0.22593027 0.06280782 0.48746347 0.06395718 0.15984122] [0.17106764 0.00170048 0.01466511 0.804571   0.00799578] [0.1351444  0.02517413 0.16261844 0.6177827  0.05928036] [0.07442446 0.00144194 0.00240224 0.28498396 0.63674736] [0.06434546 0.04220631 0.6541569  0.17092954 0.06836177] [0.07945577 0.02343524 0.6164994  0.25416082 0.02644876] [0.7718748  0.00362901 0.13861103 0.0259489  0.05993626] [2.2782220e-02 4.3899287e-02 9.3211323e-01 8.7352033e-04 3.3174639e-04] [0.1909236  0.23692851 0.40836456 0.14989245 0.01389083] [0.10872754 0.06315224 0.7572065  0.04620371 0.02471002] [1.0325674e-02 1.3710020e-04 5.0119474e-04 1.3337119e-02 9.7569883e-01] [0.01088913 0.06557882 0.8431955  0.07639313 0.00394343] [0.28832957 0.21552356 0.47607592 0.00723285 0.01283817] [0.12584814 0.01423635 0.52004707 0.3306619  0.0092066 ] [7.5283214e-02 1.0966447e-02 9.0255421e-01 1.0532368e-02 6.6369056e-04] [0.29550022 0.00493769 0.00301207 0.5429314  0.15361868] [0.12498838 0.00361175 0.06190328 0.5939849  0.21551168] [0.11306382 0.05739036 0.69130397 0.09172874 0.04651308] [0.15859285 0.06998442 0.08178087 0.0835968  0.606045  ] [0.28375635 0.06176555 0.3308341  0.258082   0.06556199] [0.47636497 0.20823012 0.26426542 0.04206512 0.00907436] [5.6364074e-02 7.1548490e-04 6.7226338e-04 7.2736478e-01 2.1488342e-01] [0.08851217 0.02235815 0.59321624 0.13934135 0.15657209] [0.06706993 0.03555233 0.6929101  0.11890011 0.08556754] [0.10607514 0.00175224 0.88461053 0.00391247 0.00364964] [0.23306029 0.28276587 0.07629001 0.3256743  0.08220956] [0.07171489 0.00624797 0.00706707 0.00941578 0.90555435] [0.03575417 0.03112016 0.13062996 0.4502316  0.35226414] [0.04568644 0.38770768 0.14707093 0.06284612 0.35668883]",4 3 2 0 2 4 4 0 2 3 2 1 1 2 2 4 2 2 2 1 4 4 2 2 3 4 3 3 1 1 4 1 3 2 4 0 4 1 2 3 2 2 3 0 4 1 0 2 4 0 2 1 2 1 2 4 4 3 0 0 4 2 4 4 4 1 4 2 2 3 4 0 2 2 2 2 2 4 2 0 2 3 4 4 2 3 0 0 1 1 4 2 2 1 1 4 2 2 4 0 0 1 2 2 4 0 4 3 2 1 3 4 3 0 1 4 4 0 0 2 3 3 4 0 3 3 2 2 0 4 1 1 0 2 4 0 0 3 2 2 4 0 0 1 0 4 3 3
188,1,xgboost,0.02,2000,2000,0.5102040816326531,0.7849527779231796,[0.02532737 0.02912287 0.94127566 0.00263544 0.00163867] [0.14691044 0.00105164 0.01221498 0.123096   0.71672696] [0.01405009 0.6068086  0.33123657 0.00285858 0.04504614] [0.10818799 0.09509614 0.5814129  0.1730848  0.04221817] [0.00181666 0.00108691 0.01472019 0.00311135 0.97926486] [0.04177559 0.6374479  0.31087056 0.0062347  0.00367133] [0.01036706 0.00245711 0.98329824 0.00254256 0.00133506] [0.7926604  0.02149906 0.11836395 0.04173974 0.02573679] [0.15479122 0.02402188 0.21030042 0.08742716 0.5234593 ] [0.02383988 0.08823402 0.8820672  0.003634   0.00222495] [4.9783220e-03 6.7746837e-04 3.3338005e-03 2.7337277e-01 7.1763766e-01] [0.12859139 0.0040062  0.82496446 0.03902084 0.00341709] [0.05728972 0.0375151  0.32451203 0.02169134 0.5589918 ] [0.21556002 0.04645481 0.6949223  0.03456073 0.00850217] [0.02042156 0.00976084 0.9159941  0.05107473 0.00274876] [0.35493317 0.01601627 0.07385546 0.1990282  0.3561669 ] [0.10967921 0.00767172 0.10338619 0.5168044  0.26245847] [3.7152052e-02 4.1205005e-04 1.4943888e-03 6.7231677e-02 8.9370984e-01] [1.8883536e-03 1.4992540e-03 6.1697932e-04 1.1973906e-03 9.9479795e-01] [0.253019   0.30932763 0.38249543 0.0429727  0.01218521] [0.0235192  0.00861016 0.9263135  0.01444606 0.02711102] [0.11445504 0.2611764  0.58850837 0.01046302 0.02539711] [0.19458103 0.00742456 0.30091724 0.13735208 0.35972506] [0.3238247  0.2231378  0.30178562 0.01014787 0.14110403] [0.1546742  0.08228897 0.14918599 0.06679273 0.5470581 ] [0.04488475 0.02075505 0.09281737 0.49096826 0.3505746 ] [0.03178086 0.05092374 0.4598325  0.0968648  0.36059812] [0.07591981 0.00740739 0.01485179 0.22534712 0.6764739 ] [0.04314747 0.0109098  0.9163493  0.01388141 0.01571198] [0.07425205 0.02609608 0.20354754 0.58613086 0.10997347] [0.02498071 0.00109152 0.00191815 0.7908777  0.18113193] [0.11648676 0.05118918 0.66968614 0.02492905 0.13770886] [0.04641043 0.05740828 0.03493095 0.21342038 0.64782995] [2.2843944e-02 4.9531576e-04 7.2413700e-04 4.0897649e-02 9.3503898e-01] [0.28040048 0.07589558 0.61405355 0.02198867 0.00766169] [0.5491004  0.04032003 0.03771055 0.2939936  0.07887547] [0.13891238 0.10544396 0.72613364 0.00357266 0.02593732] [4.3229139e-03 1.7507066e-04 4.8237019e-03 2.2679029e-02 9.6799928e-01] [0.04310976 0.00536437 0.00535387 0.38588127 0.5602907 ] [0.01561558 0.00748673 0.00678612 0.1470492  0.82306236] [0.02725875 0.00479782 0.3682474  0.01348602 0.5862101 ] [0.2681502  0.00392455 0.01065826 0.32857877 0.38868824] [0.00786283 0.008591   0.02282058 0.02443745 0.9362881 ] [0.05494823 0.00596351 0.00262072 0.34212148 0.5943461 ] [0.19481361 0.0366417  0.7091669  0.02397743 0.03540042] [0.18694831 0.01913176 0.59040457 0.04085494 0.16266043] [0.17122081 0.00082866 0.00245221 0.7805165  0.04498179] [0.16896564 0.00081871 0.00470738 0.12188779 0.70362043] [0.17157948 0.04752701 0.47069085 0.15998006 0.15022267] [0.01728761 0.00479345 0.9658044  0.00249999 0.00961459] [9.1786915e-03 1.3149373e-04 1.7427932e-04 1.2739585e-01 8.6311972e-01] [0.01111904 0.02595288 0.9245195  0.00216503 0.03624353] [0.01792123 0.10141098 0.68624645 0.06246806 0.13195327] [0.02658543 0.42762977 0.52151185 0.00845255 0.01582043] [0.00183684 0.7204671  0.27060887 0.00549283 0.00159432] [0.33926547 0.00271287 0.02097689 0.2124606  0.42458418] [0.04266874 0.3394503  0.59687686 0.00376692 0.01723718] [6.0691428e-03 9.9584637e-03 9.8286563e-01 6.4714503e-04 4.5959288e-04] [0.11930779 0.0240573  0.03010581 0.67326087 0.15326825] [4.5181293e-02 5.0301320e-04 7.7983021e-04 1.7278844e-01 7.8074741e-01] [0.04660841 0.01470018 0.83477193 0.08600054 0.01791893] [0.05391591 0.01095128 0.8687837  0.05266224 0.01368682] [2.1559712e-03 9.5930060e-05 6.3634064e-04 5.1005032e-02 9.4610673e-01] [0.28593096 0.02523312 0.6001557  0.02563922 0.06304098] [5.0858958e-03 8.5665566e-01 1.3586321e-01 4.9040047e-04 1.9047606e-03] [0.03147266 0.54423255 0.13620704 0.18809725 0.09999045] [0.0787511  0.00178216 0.00143372 0.40032148 0.5177115 ] [1.4360311e-03 9.6243519e-01 3.5305485e-02 3.8419021e-04 4.3908827e-04] [0.2001323  0.01333382 0.6521543  0.0111365  0.12324305] [0.09528643 0.00568494 0.05010512 0.22271647 0.62620705] [0.03523204 0.11243434 0.8000157  0.01733254 0.03498533] [0.15196858 0.00508358 0.04977699 0.03646831 0.7567025 ] [0.18162425 0.11853929 0.5201786  0.1097063  0.0699516 ] [4.0818695e-03 9.4580942e-01 4.8881717e-02 8.3083281e-04 3.9619088e-04] [0.1153493  0.00727525 0.78475976 0.00429177 0.08832388] [4.7598078e-04 1.6943810e-03 8.8161025e-03 1.7452306e-03 9.8726827e-01] [0.04221046 0.00871741 0.04726349 0.25789836 0.6439103 ] [0.00943413 0.04568278 0.8621405  0.03512844 0.04761419] [0.27516857 0.13949542 0.16764903 0.3457071  0.07197989] [0.15291542 0.07352646 0.62224805 0.05760868 0.09370142] [0.01040466 0.01532722 0.03847273 0.00533329 0.9304621 ] [0.00645559 0.00370665 0.0049245  0.0020461  0.9828672 ] [0.46736217 0.01261184 0.17773107 0.30219486 0.04010002] [0.031356   0.7634451  0.13046259 0.01071715 0.0640192 ] [0.5181259  0.01528196 0.22593002 0.17794469 0.06271745] [0.41069862 0.17112608 0.35621655 0.05339728 0.00856142] [0.03216725 0.00553978 0.01952448 0.48790324 0.4548653 ] [0.12378356 0.00936333 0.26265034 0.14633554 0.4578672 ] [0.850338   0.01899479 0.07450516 0.02944075 0.02672136] [2.2953830e-03 1.8497320e-03 5.0056831e-04 1.2940665e-03 9.9406022e-01] [2.6651251e-03 5.6642151e-01 4.2925781e-01 2.9541462e-04 1.3601065e-03] [0.05025437 0.00905831 0.59229875 0.22038959 0.12799901] [0.10715987 0.04327855 0.5397373  0.06228886 0.24753545] [0.04582113 0.04016847 0.12506539 0.5634428  0.22550224] [0.01192281 0.00992477 0.00234022 0.04308481 0.9327274 ] [1.6531503e-03 4.7679634e-05 5.8767433e-05 8.5630892e-03 9.8967731e-01] [0.01307128 0.00064841 0.00126031 0.45298275 0.53203726] [0.00348141 0.11311667 0.8802802  0.00121031 0.00191139] [0.00749467 0.0121759  0.00332914 0.0024084  0.9745919 ] [0.14919436 0.17587388 0.59812003 0.01264536 0.06416637] [0.21568398 0.0578975  0.60133046 0.03167478 0.09341326] [8.6064875e-04 2.6974275e-03 1.7724341e-02 8.8340376e-04 9.7783422e-01] [0.7174156  0.06216182 0.09269263 0.03408249 0.09364748] [0.23910144 0.0838567  0.62054163 0.03225103 0.02424923] [0.14547071 0.16704953 0.54029936 0.03573221 0.11144825] [0.32305568 0.02067885 0.17008957 0.3839495  0.10222644] [0.0210155  0.00306328 0.01087378 0.00395047 0.96109694] [0.0140378  0.15227383 0.80381393 0.00193844 0.02793596] [0.15941042 0.0594684  0.77758527 0.00170825 0.00182766] [0.46609858 0.0063347  0.01767377 0.4599999  0.04989309] [0.05053433 0.00822515 0.90321827 0.02118585 0.01683638] [1.3957840e-03 8.8731450e-04 7.6977751e-04 6.1369350e-04 9.9633336e-01] [0.6268918  0.00974165 0.13884896 0.1991537  0.0253639 ] [0.0101779  0.04440565 0.89740175 0.04488673 0.00312794] [0.6033637  0.0233275  0.19617799 0.10047768 0.07665311] [0.1142021  0.00168699 0.00129146 0.8492852  0.03353431] [0.29705706 0.01359207 0.5430249  0.06019005 0.08613594] [2.0459777e-04 1.4506273e-04 1.1669216e-03 8.9494447e-04 9.9758852e-01] [0.02491386 0.00174313 0.01048882 0.04160184 0.92125237] [0.21373782 0.02033291 0.02042086 0.11020082 0.63530755] [0.21613914 0.00899494 0.09761988 0.27224225 0.40500376] [0.34914324 0.0150683  0.45860237 0.09630641 0.08087969] [0.07439516 0.01987179 0.7404486  0.10996538 0.05531909] [0.47977507 0.01473387 0.2661633  0.05086924 0.18845855] [0.08676156 0.6261648  0.06526289 0.18626644 0.03554432] [0.08665293 0.30303448 0.59872025 0.00327417 0.00831815] [0.24210888 0.02821773 0.29111755 0.05742972 0.38112608] [0.14731579 0.64080703 0.20710889 0.00152187 0.00324644] [2.7663283e-02 5.3014205e-04 4.0655276e-03 1.6304877e-02 9.5143616e-01] [0.85561687 0.02744114 0.08229275 0.01800186 0.01664741] [0.09336724 0.1227591  0.39919642 0.31608066 0.06859661] [0.51964694 0.00450939 0.01406755 0.08750503 0.37427112] [0.04423513 0.00188723 0.00198258 0.19973078 0.7521643 ] [0.01354855 0.03675273 0.9317601  0.01071163 0.00722703] [0.06787895 0.00675387 0.88389087 0.01156685 0.0299094 ] [0.1735043  0.00593482 0.79260075 0.02244342 0.00551672] [0.11828963 0.02920051 0.67413014 0.11234038 0.06603934] [0.39545202 0.03867206 0.11183586 0.41537395 0.03866608] [0.06566274 0.55354655 0.35649583 0.01243071 0.01186417] [0.07524571 0.02312749 0.505132   0.1585245  0.2379703 ] [0.44488597 0.03350116 0.32791832 0.17837095 0.0153236 ] [0.10701963 0.513361   0.31863496 0.04892148 0.01206302] [0.00302912 0.00179649 0.00629282 0.01068094 0.97820055] [0.15669775 0.20390719 0.23200199 0.05961072 0.34778237] [0.21553934 0.04341462 0.48016873 0.22810917 0.03276817] [0.02139317 0.00483537 0.9116126  0.01886921 0.04328965] [0.10406185 0.52505124 0.3605502  0.00480024 0.00553647],2 3 1 2 4 2 2 3 3 2 4 1 0 1 1 4 2 4 4 2 2 1 4 1 2 3 0 0 2 2 4 2 4 4 2 2 2 4 4 4 0 3 4 3 0 2 3 4 3 1 3 1 2 2 2 3 2 2 0 4 2 0 3 1 1 2 3 1 2 3 2 3 0 2 0 4 4 0 0 0 4 4 3 2 3 2 3 2 1 4 1 0 0 0 4 4 4 1 4 2 2 4 3 2 0 2 4 1 2 3 1 4 0 1 0 3 2 4 4 4 3 4 2 4 2 1 0 2 4 0 2 0 4 1 0 0 2 4 1 0 0 2 4 0 2 2 1
188,2,xgboost,0.02,2000,2000,0.5238095238095238,0.8075979260817678,[3.0615728e-03 6.8001586e-01 3.1633869e-01 4.8731480e-04 9.6574542e-05] [0.06215896 0.25976333 0.65759367 0.01750292 0.00298113] [1.0084518e-02 1.7424675e-03 9.9271256e-03 7.3324918e-04 9.7751266e-01] [0.14448556 0.09873072 0.38322863 0.19033402 0.18322104] [0.09319694 0.08276244 0.79326564 0.01790293 0.01287206] [0.1416793  0.09766385 0.62532777 0.00571231 0.12961678] [0.27790892 0.04589986 0.13903725 0.04890407 0.4882499 ] [0.12402482 0.32905582 0.5395185  0.00417389 0.003227  ] [0.1404748  0.06819272 0.73359245 0.02160418 0.03613587] [0.09243709 0.05685649 0.0322995  0.65540606 0.16300093] [0.23894271 0.61114097 0.04684319 0.0821524  0.02092079] [0.09615754 0.0593742  0.8096409  0.01278446 0.02204289] [3.5086956e-02 3.8210540e-03 6.2863558e-04 7.1382590e-02 8.8908082e-01] [6.0954466e-03 4.1888837e-02 9.5072478e-01 9.5712504e-04 3.3385595e-04] [1.2971499e-03 7.8969746e-04 4.8157158e-03 2.2337958e-04 9.9287403e-01] [0.5495271  0.00189429 0.00672441 0.07510753 0.36674663] [0.01566426 0.04250332 0.89584035 0.01292013 0.03307189] [0.06191682 0.00696394 0.72038084 0.1054493  0.10528906] [0.26508346 0.0159555  0.06471766 0.12704816 0.52719516] [0.01356616 0.03354593 0.93166053 0.00635527 0.01487213] [0.16310385 0.01445382 0.20869297 0.12298808 0.49076128] [0.5886956  0.00569721 0.05098105 0.11921911 0.23540701] [0.09806158 0.05116433 0.793646   0.05184184 0.00528622] [0.83937955 0.00679728 0.04634636 0.01248344 0.09499341] [2.3567977e-03 7.8523445e-01 2.1139148e-01 8.0102880e-04 2.1624395e-04] [0.63962066 0.01599562 0.12916502 0.15400536 0.06121339] [0.02485719 0.02507605 0.65408796 0.2616163  0.03436253] [0.05771903 0.29567227 0.578158   0.05451922 0.01393144] [0.02179868 0.01096084 0.0375625  0.0066005  0.9230775 ] [6.5181265e-03 7.6327032e-01 2.2252925e-01 6.9261598e-03 7.5618760e-04] [0.03122686 0.03665867 0.07110514 0.8180519  0.0429575 ] [3.5341966e-03 2.9590534e-04 1.9434264e-02 7.0035679e-04 9.7603524e-01] [1.5820139e-03 8.4019291e-01 1.5740448e-01 6.5557804e-04 1.6497025e-04] [0.0177526  0.05253618 0.9218057  0.00407571 0.00382983] [8.6203841e-03 7.1095997e-01 2.7883652e-01 6.8964314e-04 8.9351292e-04] [0.07175479 0.0509627  0.86152077 0.00453773 0.01122403] [0.03099983 0.24527676 0.71398926 0.00371055 0.00602358] [0.61461717 0.02965421 0.07697862 0.05915025 0.21959975] [0.02644799 0.0039522  0.09523548 0.00098034 0.873384  ] [0.02883556 0.00110837 0.00296708 0.01463571 0.95245326] [0.00366118 0.83674425 0.15685804 0.00134245 0.00139408] [0.02237656 0.19923916 0.77557397 0.00141599 0.00139436] [0.1319766  0.1747668  0.6782357  0.01040038 0.00462053] [1.2820635e-02 1.7562583e-04 3.0125245e-02 2.8816002e-04 9.5659029e-01] [0.15209754 0.29324886 0.36484388 0.11258312 0.07722655] [0.06881783 0.00138837 0.00520051 0.02848067 0.8961126 ] [0.15962218 0.07829598 0.7274079  0.01887147 0.01580253] [0.18882647 0.05842984 0.7023667  0.03976731 0.01060968] [0.00853242 0.7807551  0.16225678 0.00360456 0.04485109] [6.9717863e-03 9.3454379e-05 4.3648612e-05 1.1962628e-02 9.8092848e-01] [0.31659892 0.10723638 0.37615559 0.0875021  0.11250699] [1.9946504e-02 6.6103105e-04 1.0182424e-03 1.8860206e-01 7.8977221e-01] [0.03129415 0.18744393 0.77249414 0.00442672 0.00434111] [0.00565166 0.00652465 0.94700146 0.03769988 0.0031224 ] [0.26008633 0.077434   0.46340477 0.0235192  0.17555568] [0.11954224 0.00259555 0.41146997 0.05757299 0.4088193 ] [0.05698258 0.02143613 0.90554494 0.00919159 0.00684475] [0.04171113 0.00257238 0.01283007 0.0195314  0.923355  ] [0.02004639 0.10062931 0.87094617 0.00636439 0.00201375] [0.05716209 0.23753712 0.6547293  0.03895345 0.01161803] [0.06951342 0.00283871 0.2338197  0.22560823 0.46821994] [0.2820532  0.18955225 0.4882374  0.02606661 0.01409051] [0.30204347 0.00646108 0.03339698 0.64133435 0.01676411] [0.27892232 0.02334552 0.6768144  0.01445789 0.00645993] [0.0569124  0.00430056 0.6833163  0.08443377 0.17103697] [0.01437973 0.41429088 0.50533676 0.02527967 0.04071297] [0.14616995 0.05852338 0.49860114 0.2574277  0.03927789] [0.11208831 0.01339201 0.75053686 0.02735885 0.09662393] [0.21486658 0.00327513 0.02902009 0.74776167 0.0050765 ] [0.26384988 0.0091236  0.02217939 0.11351281 0.5913343 ] [3.8334053e-02 1.3663194e-03 4.0928606e-04 2.6438562e-02 9.3345177e-01] [0.01281967 0.01088548 0.20136574 0.01590087 0.75902826] [0.03293416 0.00126577 0.00880624 0.05788272 0.89911115] [5.6671831e-03 3.1351511e-04 4.1517071e-04 2.8105927e-01 7.1254492e-01] [0.07887257 0.19054721 0.7091611  0.01729009 0.00412902] [0.01092052 0.44016966 0.54758674 0.0006054  0.00071771] [0.10263306 0.01440789 0.01785133 0.1485159  0.71659184] [0.12541819 0.09938254 0.21309139 0.3789937  0.18311416] [0.01812567 0.7076241  0.26358992 0.00648726 0.00417304] [0.14302818 0.00506582 0.00323225 0.64949495 0.19917876] [0.02729322 0.00364544 0.26103035 0.00184728 0.70618373] [0.01140246 0.00143292 0.00234404 0.06430608 0.92051446] [0.0792256  0.0108095  0.27860653 0.14391969 0.48743874] [0.13535306 0.43981394 0.33190706 0.0770876  0.01583833] [0.05770638 0.7206879  0.09370048 0.07654825 0.05135693] [0.03145135 0.03834206 0.9110008  0.0056821  0.0135237 ] [0.65837127 0.01186937 0.07098434 0.20882323 0.04995177] [0.5466232  0.00589283 0.00873275 0.30404782 0.13470344] [1.4244373e-02 2.1981309e-01 7.6487470e-01 7.0651894e-04 3.6132723e-04] [9.2635322e-03 9.7921890e-01 1.0220611e-02 9.3246816e-04 3.6447818e-04] [0.17445858 0.10158395 0.11485045 0.2766316  0.33247542] [0.01910471 0.01519833 0.9341785  0.01083186 0.02068659] [0.09255503 0.08776794 0.058638   0.33330107 0.427738  ] [0.22398598 0.09461068 0.08510537 0.08519112 0.51110685] [0.06756601 0.0072883  0.91509706 0.00402602 0.00602262] [7.0871348e-03 1.0682144e-03 8.2639506e-04 1.1564733e-01 8.7537092e-01] [0.06313616 0.8189087  0.0888833  0.02583649 0.00323536] [0.0183456  0.66409403 0.31116998 0.00077533 0.0056151 ] [0.02179029 0.03154831 0.83622813 0.03371456 0.07671875] [0.11133118 0.00744918 0.1030755  0.5453259  0.23281828] [0.03771373 0.02809578 0.03442884 0.67197317 0.22778848] [5.5589671e-03 8.4969494e-04 9.8845679e-03 2.3508535e-03 9.8135597e-01] [3.3826858e-02 1.4958335e-03 3.4489055e-04 8.0443352e-02 8.8388914e-01] [0.17656732 0.00426639 0.25219083 0.03344359 0.53353184] [0.14693126 0.46313083 0.3861705  0.00270298 0.00106448] [1.4778813e-02 6.8625659e-03 9.7170144e-01 5.7225446e-03 9.3466637e-04] [2.5764152e-03 8.3596838e-01 1.6058074e-01 6.3771574e-04 2.3676925e-04] [0.4623388  0.0026691  0.00663948 0.0808214  0.4475312 ] [0.05930373 0.02187109 0.8989871  0.00300014 0.01683795] [6.1191455e-03 3.4306364e-04 6.7410275e-04 7.0765591e-03 9.8578715e-01] [0.19835076 0.13996686 0.57040924 0.05418986 0.03708326] [0.22058639 0.04056548 0.612396   0.03432281 0.09212929] [0.14771885 0.0105707  0.3305264  0.43130717 0.07987691] [1.8021846e-02 9.5106857e-03 9.6975827e-01 1.8951115e-03 8.1409467e-04] [0.30566224 0.04043465 0.4750682  0.13927956 0.03955529] [0.0650135  0.00318855 0.00216963 0.10047516 0.8291532 ] [0.01440735 0.08157726 0.83671457 0.00776895 0.05953185] [0.27539843 0.00851464 0.05064843 0.49421012 0.17122836] [0.07461247 0.01721711 0.8345811  0.06689781 0.00669151] [0.01109414 0.00194293 0.00314737 0.3715842  0.6122314 ] [0.47389758 0.01234331 0.22552322 0.15083587 0.13740002] [0.1225137  0.0143796  0.55837643 0.12126378 0.18346651] [0.14367774 0.03637224 0.5648968  0.06464818 0.190405  ] [0.31272957 0.05468648 0.20354868 0.20041275 0.22862248] [0.00645154 0.33340332 0.6547634  0.00258041 0.00280137] [0.03485032 0.5493903  0.3667938  0.02933978 0.0196258 ] [4.2851199e-03 2.4625927e-01 7.4899077e-01 3.1035001e-04 1.5451631e-04] [0.13685709 0.18685159 0.529121   0.12611748 0.0210529 ] [0.00809383 0.13006212 0.8381931  0.017334   0.00631692] [0.33078068 0.01980535 0.31160003 0.02720221 0.31061172] [0.05631258 0.0022036  0.01816466 0.3248613  0.5984578 ] [0.05547915 0.0030954  0.03910147 0.88854647 0.01377758] [0.27923864 0.06184749 0.39283177 0.23708163 0.02900052] [0.01894452 0.00175739 0.00360881 0.00878679 0.9669025 ] [0.36540842 0.00715268 0.18285605 0.18889874 0.2556841 ] [0.46438572 0.03112814 0.4619738  0.00758073 0.03493167] [0.49542117 0.03673938 0.0538395  0.05411447 0.35988545] [0.1604762  0.11179084 0.61758196 0.08535772 0.02479331] [0.51597756 0.03928053 0.3081897  0.01348411 0.12306815] [0.05454846 0.86881655 0.02230565 0.01542607 0.03890327] [0.13249913 0.01381428 0.66252136 0.18165517 0.00951008] [0.00519486 0.46622604 0.52610785 0.00119306 0.00127815] [0.05558771 0.04341886 0.5818889  0.03757789 0.28152663] [0.05899443 0.02789994 0.03589005 0.80405617 0.07315937] [0.15906063 0.01454549 0.6410005  0.0701277  0.11526568] [0.15255864 0.03436422 0.5493372  0.1895954  0.07414449] [0.0164599  0.00366663 0.04049843 0.00307698 0.9362981 ],1 1 4 2 2 1 4 2 2 3 0 2 4 2 4 3 2 0 0 1 0 3 3 2 1 0 1 2 4 2 3 4 1 0 2 0 1 0 4 4 1 2 2 4 0 4 1 2 2 4 0 4 2 1 2 4 1 4 1 2 3 2 3 2 3 2 0 3 0 3 4 4 4 4 1 1 3 0 2 3 4 4 0 2 2 1 4 3 2 1 2 2 0 4 0 4 2 1 2 3 4 4 4 3 2 0 1 3 2 4 2 2 4 1 2 3 2 0 2 4 0 3 2 3 2 2 2 0 1 4 4 0 0 4 4 0 4 2 0 2 0 2 4 3 3 0 4
188,3,xgboost,0.02,2000,2000,0.4965986394557823,0.807811876295718,[0.10464142 0.03159685 0.06080412 0.4496455  0.35331208] [0.1236909  0.01335418 0.12544434 0.05258359 0.684927  ] [0.12468383 0.05712369 0.7673296  0.02545804 0.02540483] [0.08686019 0.0928484  0.67367727 0.0646309  0.08198323] [2.2777873e-03 2.0782612e-04 6.5101404e-04 3.3023387e-01 6.6662949e-01] [4.8162840e-02 8.7351887e-04 4.0476383e-03 3.9845254e-02 9.0707082e-01] [0.0183456  0.00605286 0.9513069  0.01021093 0.01408369] [0.17962058 0.00162374 0.04354778 0.6523905  0.12281743] [0.03629564 0.03295004 0.9150866  0.00746599 0.00820176] [0.08718263 0.02571952 0.8198262  0.04520176 0.02206991] [4.1514197e-03 6.5402657e-04 9.3735401e-03 6.4402504e-04 9.8517704e-01] [0.04397703 0.75516695 0.15468115 0.00506455 0.04111037] [0.10241278 0.21345735 0.5928805  0.05101738 0.04023202] [0.06730473 0.4397833  0.48895448 0.00237279 0.00158464] [0.08596065 0.01678025 0.0838476  0.01664278 0.7967687 ] [4.1163098e-03 3.1166664e-01 6.8336236e-01 7.2567438e-04 1.2896959e-04] [0.07428443 0.00640489 0.00659766 0.44184583 0.47086713] [0.03784499 0.06225137 0.16999292 0.10170186 0.6282089 ] [0.12322123 0.21579371 0.498285   0.06241458 0.10028552] [0.0022117  0.00493883 0.00117619 0.750751   0.2409223 ] [1.7004453e-02 6.9823015e-01 2.8354976e-01 6.1606831e-04 5.9957447e-04] [0.11552546 0.04562785 0.6406613  0.11202019 0.08616519] [6.2911171e-03 2.3028844e-04 3.3983227e-04 1.2599683e-01 8.6714196e-01] [0.33548957 0.03058444 0.6207926  0.00466268 0.00847068] [0.31168586 0.46904248 0.19699393 0.00707812 0.01519965] [0.20463051 0.03359338 0.20753582 0.38543355 0.16880672] [0.1427718  0.04198436 0.7966379  0.01481172 0.00379426] [0.00693527 0.08500944 0.8795088  0.00470097 0.02384555] [0.6056108  0.03881577 0.04309521 0.23589876 0.07657948] [0.15903802 0.01392848 0.0651317  0.4809321  0.28096974] [0.20359573 0.01594502 0.23103765 0.36364043 0.1857812 ] [0.01608254 0.0513756  0.86854315 0.05266948 0.01132916] [9.0081204e-04 5.5824884e-04 4.4999644e-03 2.1411667e-03 9.9189985e-01] [0.00437532 0.01310085 0.01044094 0.9523078  0.01977507] [0.00779393 0.00266067 0.00148295 0.1838262  0.80423623] [0.06286329 0.21364878 0.6580789  0.00221387 0.06319518] [0.24730039 0.10399783 0.5838827  0.00763214 0.05718695] [0.27976826 0.05093259 0.65827155 0.00741378 0.00361378] [0.01651235 0.00097323 0.01945064 0.2998253  0.6632385 ] [0.08327059 0.03759215 0.80388796 0.07125764 0.00399167] [0.12049052 0.00668851 0.5892385  0.26557785 0.01800463] [2.0977834e-02 2.0617238e-04 4.6151696e-04 2.5978437e-02 9.5237601e-01] [0.0019066  0.6811706  0.31494266 0.00115147 0.00082876] [0.01838735 0.03140849 0.01510797 0.84683067 0.08826555] [0.02827489 0.17276265 0.7212408  0.00745969 0.07026196] [0.02493162 0.06982728 0.888453   0.00124062 0.01554747] [0.03446859 0.01368198 0.07677472 0.00363882 0.8714359 ] [0.01189679 0.6163562  0.36850217 0.00126066 0.0019842 ] [3.9936234e-03 1.6350149e-04 8.1057037e-04 3.4239471e-02 9.6079278e-01] [0.10387886 0.0123534  0.6733096  0.14579369 0.06466437] [1.2636770e-02 8.0157799e-01 1.8263815e-01 2.5810199e-03 5.6608795e-04] [0.05730486 0.19270605 0.7177016  0.00530862 0.02697878] [0.21562782 0.03015418 0.40526506 0.17383425 0.17511865] [0.06077254 0.0307305  0.88000417 0.0244226  0.0040702 ] [0.7217887  0.0276803  0.17644367 0.03402992 0.04005741] [0.01538971 0.13115443 0.84971005 0.00202168 0.00172415] [3.1617472e-03 7.4354482e-01 2.5180945e-01 1.3300583e-03 1.5388617e-04] [0.2536545  0.17116797 0.1291154  0.27214244 0.1739197 ] [4.8097328e-04 1.4476103e-04 4.1761808e-03 1.2869689e-04 9.9506938e-01] [0.39919773 0.00824346 0.02506077 0.37386897 0.19362907] [1.9434092e-03 8.2551503e-01 1.7087017e-01 6.9735479e-04 9.7402598e-04] [0.0195861  0.01616116 0.17936113 0.37156874 0.4133229 ] [0.5971447  0.09563132 0.28404593 0.01841241 0.00476558] [2.1318348e-02 2.7044714e-04 4.6950724e-04 1.3912176e-02 9.6402955e-01] [0.3467855  0.01908521 0.1989373  0.04380634 0.3913856 ] [0.05819012 0.78663605 0.13917832 0.00174124 0.0142543 ] [2.9747009e-02 6.4789534e-02 9.0407467e-01 5.7113724e-04 8.1767637e-04] [0.52608114 0.00378365 0.00259343 0.07670088 0.3908409 ] [0.16151842 0.00538133 0.01626624 0.10534076 0.7114932 ] [0.26575482 0.02413308 0.03824788 0.510276   0.16158819] [0.20460641 0.01402147 0.12000443 0.2476958  0.4136719 ] [0.0480862  0.001677   0.01198904 0.05312061 0.8851272 ] [0.08632476 0.40062195 0.5063653  0.00413308 0.00255494] [0.04001824 0.00371678 0.06130502 0.19270411 0.7022559 ] [0.07913586 0.00860876 0.8910806  0.0130524  0.00812233] [0.06286564 0.1080063  0.53347933 0.23690288 0.05874586] [0.21050018 0.00701762 0.09232227 0.63516414 0.05499578] [0.04075542 0.04438733 0.8642935  0.04868118 0.0018826 ] [0.5362164  0.01097666 0.01981299 0.4127405  0.02025349] [0.0698246  0.04292939 0.27710757 0.0713394  0.53879905] [0.02491364 0.00214704 0.00339677 0.36232984 0.6072127 ] [0.19041407 0.00633087 0.02493154 0.55538243 0.22294107] [0.38820162 0.00833491 0.11345559 0.05463196 0.43537587] [0.13491233 0.04741319 0.5906297  0.2201903  0.00685446] [0.257284   0.02501143 0.4572517  0.18084693 0.07960595] [0.03669017 0.08053993 0.8454607  0.01592111 0.02138811] [0.38131765 0.06661336 0.514908   0.03028042 0.00688059] [0.18839666 0.55298984 0.11901321 0.06905657 0.07054371] [0.01971004 0.30079225 0.6740715  0.00336782 0.00205838] [1.7180419e-02 7.1292365e-01 2.6866743e-01 5.4850598e-04 6.8005518e-04] [2.7605111e-04 2.0821511e-03 1.2452607e-03 6.3061167e-04 9.9576592e-01] [7.8802514e-05 5.9927074e-04 2.0468934e-03 1.8259198e-04 9.9709249e-01] [0.06481281 0.03550048 0.8552705  0.03521755 0.00919862] [0.01000337 0.00125011 0.00115026 0.1237037  0.8638925 ] [0.10896751 0.06778108 0.17055617 0.01992772 0.6327675 ] [9.6438117e-03 7.2520808e-04 2.3419058e-03 3.9812978e-02 9.4747615e-01] [0.22919174 0.00712833 0.32716164 0.09631427 0.34020403] [0.18048622 0.03429446 0.48846394 0.08793039 0.20882504] [0.1722746  0.71675986 0.0920979  0.01115124 0.00771642] [0.01851806 0.00563824 0.00794283 0.21855499 0.7493459 ] [0.2808195  0.05813211 0.58760375 0.04703482 0.02640978] [0.14276265 0.17193997 0.577936   0.0397422  0.06761923] [1.0894767e-03 1.4587690e-03 1.0302655e-02 2.8577656e-04 9.8686337e-01] [0.02350337 0.01016523 0.08945952 0.41808757 0.4587843 ] [0.23912896 0.04596861 0.45196423 0.19453947 0.06839874] [0.12575631 0.01210183 0.83905816 0.02039144 0.00269224] [0.06511236 0.34124187 0.5743474  0.01079487 0.00850351] [0.09316757 0.12699421 0.6679804  0.09709451 0.01476332] [0.05153702 0.03467388 0.79626024 0.01943826 0.0980906 ] [2.2668883e-03 8.7580431e-01 1.2162184e-01 1.4813493e-04 1.5878545e-04] [0.02985658 0.03326309 0.00341285 0.7186041  0.21486342] [0.61206365 0.01323628 0.26998222 0.09880728 0.00591058] [0.05300853 0.01717263 0.16570495 0.74591    0.01820391] [6.3615353e-03 6.7858475e-01 3.1196061e-01 2.5005529e-03 5.9255521e-04] [0.04161548 0.00749919 0.04750899 0.08658972 0.8167866 ] [0.29058474 0.01423742 0.13034949 0.52904475 0.03578358] [0.05084616 0.02308817 0.42194214 0.01193396 0.49218962] [0.38409656 0.03890549 0.50144094 0.03713227 0.03842468] [0.00532893 0.17592452 0.8087147  0.00343461 0.00659723] [0.06430193 0.17187981 0.6932655  0.02591508 0.0446377 ] [1.1293184e-02 3.2886001e-04 1.3017361e-03 2.8692776e-02 9.5838350e-01] [0.02402769 0.12235165 0.7576008  0.03063938 0.06538051] [0.26238373 0.24745628 0.16228768 0.05023427 0.27763805] [0.01396106 0.08020529 0.9011134  0.00276156 0.00195871] [0.04168339 0.00176984 0.00371918 0.04550267 0.9073249 ] [0.16612135 0.03415885 0.70928025 0.06933514 0.02110443] [0.0116063  0.11325353 0.8640158  0.00601798 0.00510634] [0.00214389 0.91552085 0.07971394 0.0010617  0.00155965] [0.01965372 0.40485585 0.56893796 0.00276728 0.0037852 ] [0.12025885 0.21844162 0.6585645  0.00148723 0.0012478 ] [0.453734   0.19887571 0.28057298 0.02502247 0.04179487] [0.03994995 0.00943679 0.6850067  0.23695248 0.02865409] [0.05590083 0.02029789 0.7637936  0.08541939 0.07458827] [1.4456412e-03 3.0510430e-04 1.1983425e-03 2.5713535e-03 9.9447954e-01] [2.1572749e-03 4.5851857e-04 7.2119414e-04 5.0355634e-03 9.9162745e-01] [0.03180251 0.15671375 0.7750364  0.03277707 0.00367023] [0.11203549 0.35808232 0.2463827  0.04565195 0.2378475 ] [0.00725995 0.00475357 0.97906196 0.00549314 0.0034314 ] [0.28655714 0.06849778 0.550148   0.08697104 0.00782605] [0.00755556 0.0193729  0.24362825 0.06316394 0.6662794 ] [0.02089196 0.00281668 0.00351579 0.07962523 0.8931503 ] [0.15285204 0.01880988 0.01500835 0.20507509 0.6082547 ] [6.8874322e-03 6.1532310e-03 9.8583615e-01 3.1032972e-04 8.1280735e-04] [0.05570899 0.66787136 0.26810873 0.00480379 0.00350716] [0.06903991 0.08031858 0.4936081  0.0410891  0.3159443 ] [0.02206821 0.19813338 0.75113374 0.0151954  0.01346927] [0.02709628 0.34339982 0.6200652  0.00659976 0.00283894],0 3 0 1 3 3 0 4 2 0 4 0 2 1 4 2 3 2 0 4 2 3 4 2 4 3 2 1 0 3 0 2 4 4 4 2 2 1 4 1 0 4 2 0 2 2 4 2 4 0 2 2 3 2 0 1 1 0 4 3 1 3 1 4 3 0 2 4 4 4 3 4 1 0 3 3 3 2 0 1 4 4 4 0 3 2 3 3 1 1 4 4 2 4 2 4 4 0 2 3 2 2 4 4 0 2 2 1 2 1 3 2 2 2 0 0 4 0 2 2 4 2 0 1 4 2 2 1 2 1 0 0 2 4 4 1 2 1 2 4 4 3 0 2 2 2 1
188,4,xgboost,0.02,2000,2000,0.54421768707483,0.8116947613363198,"[0.09176493 0.46968937 0.42683938 0.01085673 0.00084961] [0.01457093 0.27594683 0.5994479  0.03898241 0.07105194] [0.16772991 0.23694281 0.12095714 0.40660632 0.06776376] [0.03609589 0.16593912 0.25661284 0.4458528  0.09549938] [0.0283137  0.00254803 0.01089965 0.47892478 0.47931382] [0.01721824 0.01220955 0.9247574  0.00718999 0.0386248 ] [6.0318564e-03 3.8563070e-04 1.7612468e-03 2.6411204e-02 9.6541005e-01] [0.06111275 0.02434822 0.3363391  0.32458705 0.25361294] [0.24254835 0.4925663  0.2558198  0.00840927 0.00065627] [0.07101663 0.11081535 0.34668306 0.19126768 0.28021732] [0.578145   0.10212544 0.1069192  0.09153401 0.12127633] [0.1665213  0.10070128 0.70509547 0.01775551 0.00992646] [0.02821012 0.01334891 0.09581685 0.03157963 0.8310445 ] [0.11194094 0.07886485 0.7187316  0.0253077  0.06515492] [6.4155739e-03 1.3676066e-04 1.4079717e-04 8.1489027e-02 9.1181779e-01] [0.6953254  0.12037294 0.01539429 0.14339347 0.02551396] [0.03374432 0.00794685 0.9545929  0.0024152  0.00130076] [0.05411054 0.26719132 0.63679683 0.03673757 0.00516373] [5.0193961e-03 4.7187906e-04 1.9503009e-04 4.6577016e-01 5.2854353e-01] [3.6584754e-02 1.6731941e-03 8.2373258e-04 8.4158592e-02 8.7675971e-01] [1.2730449e-02 2.9017142e-04 2.0006844e-03 6.9633836e-04 9.8428231e-01] [0.5706523  0.04131398 0.22906569 0.07133593 0.08763209] [0.03166195 0.41115132 0.5087985  0.04387169 0.00451662] [0.00306797 0.01425243 0.980164   0.00108535 0.00143023] [0.5427778  0.11657464 0.08210034 0.22857812 0.02996915] [0.0630348  0.00768836 0.14908971 0.71662605 0.06356109] [0.01248705 0.06698738 0.91613925 0.00162845 0.00275783] [0.1452371  0.01141733 0.05604478 0.30391353 0.48338726] [3.1605775e-03 2.6305451e-04 1.0407004e-03 5.9550786e-01 4.0002781e-01] [0.06441342 0.13493745 0.5120329  0.03184504 0.2567712 ] [0.47558516 0.0549579  0.06858753 0.08285084 0.31801862] [0.15950286 0.00272718 0.00118244 0.29622093 0.5403666 ] [0.11772524 0.38661355 0.45636582 0.01742258 0.02187282] [0.03500168 0.00659404 0.01927298 0.8839764  0.05515492] [0.17702682 0.18237573 0.42920098 0.05928968 0.15210679] [0.03495393 0.0224791  0.87153745 0.06362303 0.00740647] [0.1456803  0.06976154 0.7713255  0.0077703  0.00546231] [4.1312294e-04 6.1394386e-03 9.2360104e-04 1.9715622e-04 9.9232668e-01] [0.06759583 0.02975098 0.01880787 0.7273702  0.15647505] [1.1347426e-02 7.0492818e-04 2.4118177e-03 1.4703819e-01 8.3849764e-01] [0.00469964 0.00098627 0.01147648 0.00105527 0.98178226] [1.2498859e-03 2.8611945e-03 1.4987329e-01 5.8869459e-04 8.4542692e-01] [2.9471978e-03 9.4341010e-01 5.1850479e-02 1.0370016e-03 7.5522874e-04] [0.00339875 0.5319156  0.46323025 0.00058772 0.00086764] [1.6271007e-03 5.0577114e-04 1.1134029e-03 6.8971812e-04 9.9606401e-01] [0.03499491 0.09197778 0.4468088  0.12273725 0.3034813 ] [0.00897994 0.41369957 0.5720804  0.00117481 0.00406534] [1.7877601e-02 1.1708532e-01 8.6375874e-01 9.6157100e-04 3.1682299e-04] [4.0762536e-02 3.3267513e-02 9.2359990e-01 1.5876326e-03 7.8238931e-04] [0.5092818  0.1087366  0.2077706  0.11683116 0.05737985] [0.23157133 0.55415285 0.19662112 0.01352681 0.00412788] [0.5948822  0.02589125 0.02366588 0.00847246 0.34708825] [0.07754494 0.4179978  0.48971343 0.01304824 0.0016956 ] [0.06021873 0.00140554 0.00182273 0.6339123  0.3026407 ] [4.8032016e-02 6.5068672e-03 9.4314849e-01 1.9246649e-03 3.8792615e-04] [0.00110408 0.00352968 0.00686623 0.00138098 0.9871191 ] [0.11408709 0.16572005 0.3766606  0.09506106 0.24847122] [0.3073099  0.08887467 0.50638497 0.0582501  0.03918039] [0.00691331 0.11235868 0.8742981  0.00094259 0.00548732] [0.5680547  0.04279497 0.09852719 0.0497149  0.24090824] [0.08483918 0.00788724 0.03585159 0.26570988 0.6057121 ] [0.20715384 0.03109334 0.20277117 0.4521217  0.10685999] [0.03182987 0.0098567  0.0297087  0.65155447 0.27705026] [0.11207902 0.0063724  0.11410508 0.24484564 0.5225979 ] [0.1680421  0.18168506 0.47406545 0.09569782 0.08050958] [0.01212039 0.00228162 0.33729833 0.0039092  0.64439046] [1.2921761e-02 3.6621267e-01 6.1990505e-01 1.5487673e-04 8.0564601e-04] [0.5768655  0.04837457 0.15907086 0.08898469 0.12670435] [0.03628251 0.00105113 0.01447229 0.17425333 0.77394074] [0.05820138 0.41712195 0.5122457  0.00986628 0.00256469] [8.9088911e-03 1.5411644e-01 8.3569509e-01 7.3923718e-04 5.4033822e-04] [0.73137134 0.01475259 0.02274648 0.2160709  0.0150587 ] [0.10597017 0.01538746 0.8095597  0.01651222 0.0525705 ] [0.26464584 0.03061531 0.10944805 0.02954275 0.5657481 ] [0.00155389 0.00202532 0.00254705 0.00099734 0.99287635] [0.08003271 0.02512877 0.11269142 0.6982101  0.08393697] [4.9364525e-03 4.0923608e-03 1.5212792e-02 5.7899940e-04 9.7517937e-01] [2.4120093e-03 1.3654197e-03 2.1510335e-02 8.8447088e-04 9.7382778e-01] [0.10012472 0.00360777 0.01764349 0.77937967 0.09924442] [0.1358447  0.02905959 0.66781735 0.00575749 0.16152087] [0.18602934 0.10178185 0.6270428  0.00481732 0.08032876] [0.02217591 0.07359331 0.9018622  0.00134245 0.00102618] [0.00838208 0.45329356 0.5329168  0.00365566 0.00175189] [0.2658629  0.00550373 0.05857074 0.2875428  0.3825198 ] [0.07229155 0.28971362 0.6125446  0.02099179 0.00445849] [0.0225479  0.17837909 0.7603506  0.03451373 0.0042087 ] [0.09360529 0.66856575 0.12426865 0.01574119 0.09781914] [0.10410995 0.04952235 0.8257536  0.00176946 0.01884465] [0.33174002 0.5132179  0.04605306 0.02145055 0.08753839] [0.01280194 0.00247489 0.02298473 0.12086514 0.84087324] [0.59980685 0.04016446 0.1790269  0.15222579 0.02877603] [0.2671489  0.08006486 0.45689502 0.02525221 0.17063902] [0.00577419 0.00104036 0.00254244 0.00102444 0.9896186 ] [0.07125143 0.0072537  0.9094817  0.00990972 0.00210343] [0.01441572 0.5317335  0.44426987 0.00641333 0.00316755] [0.00390979 0.00130915 0.00083174 0.3099817  0.68396765] [0.04889162 0.22571197 0.69666404 0.01357266 0.01515976] [0.20026614 0.14423497 0.53169984 0.09201214 0.03178694] [0.524747   0.09415241 0.0749824  0.29840323 0.00771491] [7.7312184e-03 1.1079417e-03 6.2421482e-04 4.5923900e-02 9.4461274e-01] [6.10111002e-03 1.46254679e-04 1.00001525e-04 9.46872588e-03
 9.84183908e-01] [0.2972718  0.3217626  0.1511092  0.22160254 0.00825391] [0.822669   0.02561807 0.02318258 0.04968278 0.07884752] [0.2949964  0.02249431 0.03053363 0.41903868 0.23293698] [0.22038324 0.02009025 0.49044228 0.2611351  0.00794909] [0.01511358 0.02025282 0.9618279  0.00154697 0.00125871] [4.5475853e-03 8.5575774e-04 1.0392069e-02 2.4627014e-03 9.8174185e-01] [0.07555223 0.01200637 0.11729167 0.24431181 0.55083793] [0.01394228 0.4966371  0.47967982 0.00730282 0.002438  ] [0.00256089 0.00907354 0.00491202 0.00206746 0.9813861 ] [0.00688096 0.00177103 0.00361677 0.00157283 0.98615843] [2.4911065e-03 3.8054108e-04 6.6908584e-03 2.3520455e-02 9.6691710e-01] [0.18301457 0.0260727  0.23951419 0.38268057 0.16871798] [0.06683651 0.00996907 0.01749646 0.00346797 0.90223   ] [0.38208795 0.02012043 0.27893722 0.18580218 0.13305219] [0.14258376 0.05732948 0.7701235  0.01649112 0.01347215] [0.24825247 0.09300572 0.46114695 0.18509248 0.01250233] [0.01506872 0.7987119  0.04849401 0.11609148 0.02163395] [1.7767253e-03 6.2869072e-01 3.6776632e-01 1.5822647e-03 1.8403291e-04] [0.00665678 0.09132982 0.89689827 0.00151008 0.00360505] [0.01601336 0.00254844 0.00402082 0.08350614 0.89391124] [0.10393625 0.25491545 0.09026318 0.53846896 0.01241619] [0.29556072 0.0294379  0.08213314 0.48993212 0.10293617] [0.01701567 0.02394539 0.9481743  0.00913461 0.00173008] [0.04254903 0.46491444 0.47590134 0.00349016 0.01314505] [0.15116131 0.390398   0.15330335 0.12226041 0.18287693] [1.4272117e-02 5.2465789e-04 2.2277227e-03 2.3069071e-02 9.5990646e-01] [0.137188   0.02522786 0.7123679  0.04912112 0.07609511] [0.14582653 0.10512837 0.6586729  0.02721606 0.06315614] [0.78809315 0.04180251 0.15118127 0.01194988 0.00697315] [0.0259437  0.00674151 0.00665746 0.15638073 0.8042766 ] [0.18001132 0.00665779 0.02158337 0.082649   0.70909846] [0.26546347 0.1898853  0.52844626 0.00831013 0.00789481] [0.03078687 0.00223822 0.00622785 0.20193993 0.7588072 ] [0.15044057 0.09797486 0.6187721  0.1238732  0.00893929] [1.5355537e-02 1.3159488e-02 9.6835357e-01 2.2169247e-03 9.1442739e-04] [1.7639223e-02 5.2482157e-04 2.1077679e-03 7.5022846e-01 2.2949979e-01] [0.12241383 0.03284312 0.79808205 0.02838942 0.01827154] [0.2989896  0.13019851 0.31570724 0.2285456  0.0265591 ] [0.26133174 0.02138132 0.02862071 0.01704027 0.671626  ] [0.05357521 0.36251625 0.5614599  0.01511857 0.00733007] [0.30762833 0.0461363  0.14138675 0.4792028  0.02564585] [0.04830125 0.1465762  0.02330781 0.7477758  0.03403892] [0.3504175  0.02546108 0.52878165 0.08194178 0.01339799] [0.19173287 0.2274068  0.57096547 0.0074658  0.00242911] [1.4158103e-03 9.6075934e-01 3.7335988e-02 2.3127231e-04 2.5761392e-04] [0.03101282 0.02616301 0.9185527  0.00856777 0.01570371]",1 0 0 3 4 2 4 2 1 2 0 0 4 2 3 3 1 1 4 4 4 0 2 2 0 3 0 4 4 4 3 4 2 0 3 2 2 4 2 3 4 4 1 1 4 0 1 1 2 2 3 4 2 3 1 4 0 2 2 0 3 2 3 3 2 3 1 3 4 1 1 0 3 0 4 0 4 4 3 0 2 1 1 4 2 1 2 2 2 4 2 2 4 0 1 3 2 2 2 3 4 2 4 0 0 2 4 3 1 4 4 4 1 4 0 2 2 1 2 2 4 0 0 2 1 4 4 2 2 2 4 3 2 3 0 2 4 0 0 4 2 0 2 3 2 1 0
188,0,xgboost,0.02,5000,5000,0.5608108108108109,0.855150192342727,[7.1652356e-04 5.1311380e-04 6.6890212e-04 1.5182413e-04 9.9794966e-01] [0.36182216 0.00239538 0.10035904 0.52810526 0.00731815] [0.00883299 0.06805278 0.86463076 0.00279696 0.05568653] [0.73903954 0.00996746 0.07258774 0.1668892  0.01151608] [0.39515835 0.04494961 0.44708842 0.09442286 0.01838081] [0.00852423 0.00332296 0.00954768 0.00145405 0.97715116] [0.00837182 0.00181792 0.05657576 0.00796252 0.9252719 ] [0.03476487 0.01849765 0.78693616 0.13949338 0.02030797] [0.03430112 0.09854169 0.83819324 0.01473686 0.01422702] [0.21407504 0.01407351 0.6412746  0.0566455  0.07393142] [0.03218664 0.10048356 0.7997468  0.00872882 0.05885417] [0.16048189 0.05578147 0.7815074  0.00089433 0.00133494] [0.0127255  0.10835131 0.87111413 0.00536838 0.00244067] [1.9771375e-02 2.3566993e-02 9.5540839e-01 7.8429998e-04 4.6896923e-04] [0.04342746 0.02129254 0.9256022  0.00173433 0.00794348] [0.03936694 0.00682219 0.00640867 0.920065   0.02733716] [0.04496892 0.55951965 0.34503493 0.00940298 0.04107351] [0.04394319 0.5143727  0.4209376  0.00962549 0.011121  ] [0.08303683 0.27605975 0.5735351  0.05224528 0.01512306] [3.3361388e-03 6.0222268e-02 9.3432540e-01 8.8232534e-04 1.2338494e-03] [1.2924923e-03 8.1770253e-05 4.1048042e-04 2.6719186e-02 9.7149605e-01] [0.4266572  0.02656398 0.35172582 0.01681155 0.17824145] [0.14500724 0.00974877 0.6947705  0.0141991  0.13627435] [0.01797717 0.06251611 0.8987868  0.00469673 0.01602323] [0.02168133 0.00700447 0.09304885 0.38464594 0.49361935] [4.7908627e-04 9.6826424e-04 2.0822750e-03 1.8753293e-03 9.9459511e-01] [0.03456574 0.0034812  0.00496084 0.00895773 0.94803447] [0.39845702 0.00810774 0.02114426 0.4861566  0.08613439] [0.02211428 0.07829304 0.8932256  0.00336012 0.00300693] [0.04311736 0.11588603 0.83276546 0.00231338 0.00591781] [1.3986615e-02 1.8534512e-04 7.2599889e-04 1.9597536e-01 7.8912663e-01] [8.1765774e-04 2.7401292e-01 7.2490227e-01 1.1478947e-04 1.5236763e-04] [0.02474586 0.00388723 0.01414892 0.8684626  0.08875537] [0.4362292  0.08006591 0.24621853 0.01277041 0.22471598] [1.5985852e-02 3.4206046e-04 2.0979927e-03 2.2683473e-02 9.5889062e-01] [2.3653798e-02 8.4695482e-04 8.2959443e-02 2.5693854e-02 8.6684597e-01] [8.5115846e-04 9.7774609e-04 1.9246704e-03 5.3806789e-04 9.9570835e-01] [0.02178467 0.11668164 0.84582317 0.01243535 0.00327519] [0.06429169 0.29945773 0.62913036 0.00460282 0.00251741] [0.14233036 0.0055919  0.00679798 0.3146265  0.5306533 ] [0.1089187  0.22685528 0.5449286  0.09936523 0.01993217] [0.24045555 0.14399211 0.1825734  0.24466988 0.1883091 ] [0.16370177 0.00135774 0.00347612 0.13755038 0.693914  ] [0.21052553 0.00876045 0.7499821  0.02558283 0.00514905] [2.7321023e-03 1.8137642e-03 1.3869648e-03 9.7372133e-04 9.9309349e-01] [0.01569674 0.0059631  0.9714371  0.00482147 0.00208159] [0.10438261 0.00685138 0.01187038 0.82946175 0.04743388] [0.04656742 0.02473059 0.34588343 0.05511161 0.527707  ] [0.3183845  0.03536313 0.37878144 0.05290086 0.2145701 ] [0.33954173 0.0019374  0.17988929 0.35372823 0.12490332] [0.10923859 0.09309684 0.6654302  0.00839161 0.12384281] [0.09168158 0.02957436 0.54938966 0.30784217 0.02151222] [0.05686243 0.01025672 0.8378238  0.07455826 0.02049876] [8.2249558e-03 9.7334868e-01 1.7622478e-02 4.1374314e-04 3.9013257e-04] [0.03714293 0.01587312 0.89962053 0.04172087 0.00564248] [1.2440815e-03 7.8752980e-04 5.0499528e-03 1.2151542e-03 9.9170333e-01] [0.01714895 0.00231671 0.01078047 0.7426865  0.22706732] [3.6351669e-03 4.6907979e-04 2.1368526e-03 7.9404008e-01 1.9971885e-01] [0.5284687  0.00780795 0.16690384 0.01031379 0.28650567] [0.49067578 0.11067684 0.3347292  0.01241804 0.05150007] [2.8774941e-03 1.5078502e-02 3.7081579e-03 9.3294843e-04 9.7740287e-01] [0.6516013  0.10972819 0.18055257 0.0132044  0.04491352] [3.1503867e-02 6.1858911e-04 6.9267926e-04 1.7797138e-01 7.8921354e-01] [1.1806407e-02 1.2254401e-04 2.9473667e-04 5.8719009e-02 9.2905730e-01] [1.2103495e-02 1.0063902e-03 3.8536041e-04 2.0223938e-01 7.8426540e-01] [0.03926023 0.09826889 0.53117776 0.31346703 0.0178261 ] [4.0030859e-02 4.8838282e-04 3.1074469e-03 5.5172473e-01 4.0464857e-01] [0.04380468 0.07065674 0.5325419  0.0133399  0.3396568 ] [0.14547183 0.42899874 0.3684315  0.03821838 0.0188795 ] [0.24597973 0.00201968 0.09138272 0.30142197 0.3591959 ] [0.00365307 0.00679044 0.01583796 0.00870188 0.96501666] [0.20957802 0.01096813 0.6898715  0.08149102 0.00809137] [0.3854331  0.01115563 0.5098347  0.0799986  0.01357793] [0.0138933  0.44724232 0.53529114 0.0010915  0.00248173] [3.3303376e-02 2.6334174e-02 9.3810570e-01 1.4392409e-03 8.1752712e-04] [0.04804643 0.00839433 0.63869447 0.07372247 0.23114231] [0.05432717 0.03938888 0.8900441  0.00395633 0.01228346] [1.8038030e-04 2.3561479e-04 5.3803995e-04 1.3938783e-03 9.9765211e-01] [0.262148   0.06778412 0.280999   0.2729709  0.11609799] [0.0159166  0.00603385 0.963205   0.00437588 0.01046873] [0.01559027 0.02070114 0.9441192  0.00653523 0.01305412] [0.07688908 0.1577782  0.13863735 0.6059499  0.02074554] [4.5478176e-03 1.8584615e-03 4.6305126e-03 5.9416826e-04 9.8836899e-01] [0.04730983 0.0020578  0.00424337 0.42759466 0.5187943 ] [0.07941237 0.0650005  0.82658774 0.01437259 0.01462683] [0.05666433 0.05003494 0.861171   0.02640847 0.00572125] [0.5220742  0.00648027 0.01803014 0.37366256 0.07975284] [0.29090813 0.018474   0.05526436 0.36532888 0.27002466] [4.1785854e-04 9.4483107e-01 5.4491322e-02 7.1924202e-05 1.8787662e-04] [0.04953581 0.47155437 0.46100888 0.00405526 0.01384563] [1.1723419e-03 2.2107876e-04 1.6500631e-03 1.6437972e-02 9.8051858e-01] [0.22837295 0.24700323 0.2790421  0.21288395 0.03269781] [0.26014522 0.04609918 0.14231582 0.48945147 0.06198832] [6.2978049e-03 2.1872394e-02 9.7046196e-01 1.1079254e-03 2.5988172e-04] [3.0274332e-02 9.4649869e-01 2.2636764e-02 4.5271861e-04 1.3749885e-04] [0.00354958 0.00264382 0.00351887 0.0062033  0.9840844 ] [1.8268923e-03 3.1719587e-03 9.9286026e-01 1.3059088e-03 8.3497289e-04] [0.03098853 0.05123385 0.90508235 0.00754002 0.00515523] [0.08368675 0.00177784 0.00157626 0.11864556 0.7943136 ] [0.15639843 0.04224071 0.16116194 0.11049076 0.52970815] [0.1848329  0.01042819 0.7603674  0.0149955  0.02937601] [9.0489788e-03 3.2306188e-01 6.6614616e-01 1.0992077e-03 6.4376678e-04] [0.03569917 0.10761277 0.8260151  0.01933824 0.01133473] [0.02015762 0.4865481  0.48173398 0.00791239 0.00364792] [0.00951534 0.00302489 0.1098542  0.00198596 0.87561965] [0.2965161  0.01603924 0.04743902 0.5601905  0.07981516] [0.03276456 0.001256   0.00368858 0.12144025 0.8408506 ] [0.26317117 0.00557951 0.01975578 0.4171222  0.29437134] [0.00565833 0.00372554 0.9820004  0.00268772 0.00592795] [0.15713431 0.26655295 0.42558596 0.07747289 0.07325391] [0.02550703 0.00150311 0.05049621 0.90230125 0.02019242] [0.11094099 0.00298387 0.01362342 0.70954907 0.1629026 ] [0.00943324 0.00360092 0.00548848 0.05853461 0.92294276] [0.21352792 0.01168387 0.13292477 0.39982492 0.24203855] [1.8259531e-02 4.6565568e-01 5.1406378e-01 1.6440290e-03 3.7702156e-04] [1.0462724e-02 1.5013436e-04 5.5037986e-04 4.5554440e-02 9.4328237e-01] [0.00405447 0.00146351 0.00263788 0.00138685 0.9904573 ] [0.3866992  0.02286267 0.42566347 0.09582883 0.06894585] [0.49088696 0.01250446 0.39677563 0.0133291  0.0865039 ] [0.0829211  0.16558218 0.722676   0.01775013 0.01107062] [0.3895745  0.02791448 0.4238166  0.10747144 0.051223  ] [0.25439423 0.00747672 0.59397084 0.05030984 0.09384833] [3.1718172e-02 4.4716540e-04 3.0904429e-04 1.6234104e-01 8.0518454e-01] [0.44680554 0.04603058 0.35872737 0.12659478 0.0218417 ] [0.37808195 0.0170366  0.3822116  0.212298   0.0103719 ] [0.17488758 0.02293815 0.02304708 0.76007205 0.01905515] [6.8117431e-03 2.5531653e-02 9.6544439e-01 4.8032185e-04 1.7319601e-03] [0.09863272 0.05753163 0.80402005 0.01895846 0.0208571 ] [0.5735889  0.07080287 0.29035994 0.01741206 0.04783626] [5.2154507e-03 2.8810298e-04 1.3262415e-03 4.5057885e-02 9.4811237e-01] [0.09704813 0.31537822 0.5831908  0.00354625 0.00083657] [0.08466924 0.01096825 0.89782155 0.00249171 0.00404931] [0.4809352  0.34951922 0.13836771 0.02423392 0.00694393] [0.01727467 0.04349308 0.9188157  0.01453917 0.0058774 ] [0.19556227 0.00663    0.03873535 0.38054064 0.37853178] [0.21948597 0.01049571 0.43430758 0.1409379  0.19477287] [0.3703815  0.02487511 0.4296044  0.02664092 0.14849807] [0.03379143 0.00733703 0.12144373 0.24172251 0.59570533] [0.47153047 0.02535362 0.36629966 0.08131254 0.05550367] [0.02124861 0.47553286 0.4987557  0.00178314 0.00267968] [5.2393347e-02 5.5066304e-04 1.0241159e-03 8.5443474e-02 8.6058843e-01] [0.07620261 0.01377489 0.06253896 0.31102145 0.5364621 ] [0.32567888 0.04161744 0.41200367 0.2101863  0.01051369] [0.04896229 0.03807838 0.90400356 0.00343015 0.00552557] [0.07548148 0.00869179 0.06797905 0.8228633  0.02498443] [8.9087238e-04 1.9541604e-03 9.0397941e-03 8.8063447e-04 9.8723453e-01] [0.13736323 0.02418533 0.07421853 0.7088262  0.05540669] [0.33611506 0.06444678 0.30905515 0.17497219 0.11541079],4 3 2 0 2 4 4 0 2 3 2 1 1 2 2 4 2 2 2 1 4 4 2 2 3 4 3 3 1 1 4 1 3 2 4 0 4 1 2 3 2 2 3 0 4 1 0 2 4 0 2 1 2 1 2 4 4 3 0 0 4 2 4 4 4 1 4 2 2 3 4 0 2 2 2 2 2 4 2 0 2 3 4 4 2 3 0 0 1 1 4 2 2 1 1 4 2 2 4 0 0 1 2 2 4 0 4 3 2 1 3 4 3 0 1 4 4 0 0 2 3 3 4 0 3 3 2 2 0 4 1 1 0 2 4 0 0 3 2 2 4 0 0 1 0 4 3 3
188,1,xgboost,0.02,5000,5000,0.46258503401360546,0.7829595117725592,"[0.03110136 0.07856897 0.88348985 0.00410803 0.00273181] [0.57524204 0.03709562 0.06561027 0.23628816 0.08576389] [0.01728098 0.7525503  0.22422762 0.00363654 0.00230456] [0.02189227 0.03027648 0.46468413 0.09140941 0.39173776] [0.00490566 0.0091644  0.07358842 0.00586482 0.90647674] [0.04588158 0.08877461 0.86057377 0.00332744 0.00144265] [0.11277556 0.43600377 0.38515827 0.05111241 0.01494999] [0.11961076 0.00571553 0.77976346 0.03205594 0.06285434] [0.02805115 0.00831789 0.01023607 0.07411118 0.87928367] [0.01667077 0.08589327 0.8817957  0.00892967 0.00671061] [0.02153997 0.00112386 0.00418408 0.03653592 0.9366162 ] [0.08517428 0.01039721 0.69680125 0.20067541 0.00695191] [0.04994674 0.01775376 0.89587164 0.01848884 0.01793903] [0.07784846 0.45423192 0.43908924 0.01198994 0.01684044] [0.753268   0.05101868 0.10850254 0.02221201 0.06499874] [0.31467792 0.00912608 0.01962128 0.15239097 0.5041837 ] [0.33360904 0.03551988 0.06301042 0.2217223  0.3461384 ] [2.0511763e-03 8.5670137e-05 5.4954526e-05 6.7031211e-03 9.9110502e-01] [0.00357633 0.0054165  0.02378464 0.0022344  0.9649881 ] [2.1863140e-02 9.3197280e-01 4.4727858e-02 1.0209839e-03 4.1525092e-04] [0.07513029 0.32162008 0.3190735  0.01134049 0.27283564] [0.02133215 0.02296553 0.94629604 0.00279307 0.00661323] [0.07828773 0.02140086 0.13963197 0.06101753 0.69966185] [0.01791783 0.2832934  0.6713255  0.01345009 0.01401322] [0.00826112 0.0019088  0.00533821 0.9146454  0.0698465 ] [0.02596835 0.10902458 0.1511146  0.33675727 0.37713516] [0.10939009 0.11774709 0.340378   0.40863785 0.02384692] [0.04095402 0.00598189 0.04094534 0.25153333 0.66058546] [0.10877406 0.01151191 0.867166   0.00838358 0.00416444] [0.12427151 0.04112381 0.689759   0.10768861 0.03715705] [1.7856528e-03 2.3015297e-03 6.6646247e-04 1.7195594e-01 8.2329041e-01] [0.5840342  0.07928395 0.15099116 0.14342664 0.04226408] [0.03504633 0.00247496 0.04740322 0.14856242 0.7665131 ] [6.83673425e-03 3.16174992e-04 5.61031746e-04 1.24651864e-01
 8.67634237e-01] [0.215408   0.00293267 0.75401694 0.02101863 0.00662374] [0.22422287 0.07485914 0.46641234 0.21821697 0.01628866] [0.02829224 0.11627717 0.8387154  0.00467144 0.01204374] [3.9384412e-03 1.6850897e-04 1.5533282e-03 2.4066656e-03 9.9193305e-01] [0.00872948 0.01141252 0.01390166 0.09256908 0.8733873 ] [0.0104487  0.0176114  0.01451913 0.43650237 0.5209184 ] [0.15939412 0.02104207 0.27770197 0.14981595 0.39204592] [7.9598445e-03 2.8752250e-04 3.4332841e-03 6.6557042e-02 9.2176223e-01] [0.00616051 0.00239951 0.00311177 0.01851444 0.96981376] [0.16864988 0.01794256 0.00782009 0.69586134 0.10972612] [0.3555572  0.05804355 0.43978372 0.12113563 0.02547989] [0.07791623 0.03195454 0.74563503 0.01147231 0.13302186] [0.09450606 0.00284265 0.01015814 0.05969556 0.83279765] [0.21290015 0.00311154 0.01396508 0.4407012  0.32932207] [0.061939   0.02864146 0.03563089 0.3683345  0.5054541 ] [0.2363371  0.04043855 0.60743046 0.01356327 0.10223062] [0.04808977 0.00121845 0.00275695 0.18199596 0.7659389 ] [0.00363274 0.02067966 0.9554229  0.00471229 0.01555242] [0.05918383 0.26450923 0.49981624 0.02815527 0.1483354 ] [0.00795625 0.36889067 0.61568433 0.00381268 0.00365604] [0.00289745 0.35168818 0.64343125 0.00131603 0.00066705] [0.8429429  0.01415353 0.02624849 0.05476699 0.06188803] [0.01865786 0.18745786 0.7658765  0.00353738 0.02447046] [0.0509805  0.55665416 0.35453454 0.00833785 0.02949292] [0.13034128 0.08041702 0.03625832 0.5800556  0.17292778] [2.2845231e-03 1.2489552e-04 2.0143577e-04 3.3630695e-02 9.6375853e-01] [5.0693126e-03 2.7459417e-02 9.6007377e-01 6.7536319e-03 6.4391014e-04] [0.11644517 0.02674828 0.46315607 0.06319311 0.33045742] [1.5531449e-02 5.8652338e-04 5.5054841e-03 1.2956570e-01 8.4881079e-01] [0.11742922 0.3930445  0.4315187  0.03113061 0.02687694] [3.9093677e-04 8.6736476e-01 1.3203382e-01 1.2321673e-04 8.7250170e-05] [0.00332652 0.95929754 0.02794544 0.00549542 0.00393505] [0.01869743 0.00645657 0.00684813 0.08946715 0.87853074] [1.4059104e-03 5.5599642e-01 4.4052482e-01 4.2180729e-04 1.6510722e-03] [0.2886048  0.3004587  0.30237654 0.07884227 0.02971764] [0.7550597  0.01011064 0.06298273 0.1226849  0.04916199] [0.13630706 0.51214546 0.26135343 0.06598058 0.02421346] [0.53134525 0.00552698 0.01885521 0.03624783 0.40802473] [0.20992182 0.05459913 0.5846974  0.02152381 0.12925781] [0.05055832 0.56572866 0.38039103 0.00216873 0.00115329] [0.08400655 0.01504983 0.5974614  0.03069417 0.27278805] [6.4738165e-04 4.7630159e-04 6.1409380e-03 5.7407506e-03 9.8699468e-01] [0.01385966 0.02660238 0.10431986 0.18914565 0.6660725 ] [0.1613023  0.05049135 0.68821144 0.01166121 0.0883337 ] [0.16963518 0.01460241 0.7455333  0.03580891 0.03442022] [0.46563432 0.04740286 0.22696856 0.0873903  0.17260398] [0.01761625 0.00273764 0.15998212 0.00119278 0.8184712 ] [4.7306367e-04 1.6915424e-03 7.6703215e-03 9.5269846e-04 9.8921239e-01] [0.31856704 0.00673159 0.02363681 0.6166072  0.03445735] [0.00341819 0.9439394  0.04971839 0.00096531 0.00195873] [0.11084125 0.03189253 0.7013768  0.12165987 0.03422961] [0.26276344 0.06274526 0.33311468 0.30711508 0.03426155] [0.01309308 0.01934642 0.02548129 0.9156557  0.0264236 ] [0.07950921 0.06692726 0.7125447  0.12878604 0.01223282] [0.12930222 0.0413527  0.12531161 0.461092   0.24294151] [8.2170550e-04 1.2041676e-03 2.4942947e-03 2.2693900e-03 9.9321049e-01] [0.0017654  0.29835397 0.6971305  0.00166287 0.00108733] [0.35402736 0.1587619  0.3808412  0.0657386  0.04063091] [0.01723881 0.01852591 0.9289475  0.02265728 0.01263053] [0.05200253 0.05822323 0.0573141  0.43756315 0.39489695] [0.00323523 0.00112856 0.00260076 0.00688218 0.98615324] [1.2806663e-03 3.2366239e-04 1.1633669e-04 3.5908077e-02 9.6237123e-01] [0.17269285 0.0052746  0.01197885 0.2615231  0.54853064] [0.00756823 0.519544   0.46325088 0.00855553 0.00108135] [0.00439958 0.00923693 0.05838737 0.00388388 0.92409223] [0.00716548 0.6246421  0.35717598 0.004112   0.00690447] [0.2959857  0.04295202 0.5472114  0.07458603 0.03926485] [2.3351924e-03 1.8782939e-03 5.4597859e-03 8.7322172e-04 9.8945355e-01] [0.13125375 0.0143183  0.01627144 0.3365287  0.5016278 ] [0.2852894  0.25083053 0.4127422  0.02275964 0.02837818] [0.01866101 0.02650961 0.8966177  0.04178804 0.01642361] [0.72356474 0.00570029 0.07108739 0.1845898  0.01505777] [1.3330523e-03 2.5818727e-04 2.3671263e-03 1.6467845e-03 9.9439490e-01] [0.00511509 0.01834236 0.9684733  0.00244399 0.00562522] [0.08625826 0.38647774 0.5122342  0.0106143  0.00441548] [0.20276666 0.00643145 0.01335838 0.34816766 0.42927584] [0.03564016 0.39499143 0.5253948  0.03255324 0.01142044] [3.5967215e-04 2.7857249e-04 4.6320795e-03 2.8004448e-04 9.9444962e-01] [0.42262438 0.05023024 0.08476768 0.13822788 0.30414978] [0.05129241 0.04239178 0.8924272  0.00741592 0.00647272] [0.04856089 0.03670644 0.8657977  0.01265631 0.03627872] [6.2712304e-02 6.0523290e-04 4.8994558e-04 7.1903691e-02 8.6428887e-01] [0.41793716 0.14888836 0.38166562 0.03563675 0.01587212] [7.2887435e-04 3.0676174e-04 7.3220693e-03 1.6755639e-03 9.8996675e-01] [9.1268625e-03 8.5658272e-04 4.6866364e-03 7.2258390e-02 9.1307151e-01] [0.02874989 0.00891278 0.0591466  0.72108823 0.18210253] [0.01552089 0.00491216 0.0045486  0.0224241  0.9525943 ] [0.1754905  0.00531771 0.50146097 0.07144818 0.2462826 ] [0.4980197  0.15824378 0.13133934 0.08797809 0.12441911] [0.63023996 0.03618114 0.09736051 0.18131377 0.05490465] [0.00922165 0.12120309 0.86431444 0.00187201 0.00338886] [0.01145222 0.20585391 0.77499145 0.00268121 0.00502127] [0.29608175 0.0369978  0.47534323 0.13880233 0.05277485] [0.04426917 0.6459858  0.3051821  0.00315983 0.0014031 ] [2.1761602e-03 3.4403778e-04 5.9012766e-03 5.3365726e-02 9.3821287e-01] [0.54764235 0.19759683 0.21547829 0.02606278 0.01321977] [0.20821948 0.10071401 0.46155247 0.04800565 0.18150833] [0.39468724 0.00832824 0.01938117 0.1452089  0.43239442] [0.02413511 0.00096304 0.00210243 0.37981373 0.59298575] [0.04230423 0.30271086 0.61477995 0.03490305 0.00530191] [0.09660456 0.01981175 0.69865537 0.00974195 0.17518638] [0.2382862  0.0859013  0.35965076 0.29548648 0.02067523] [0.44873846 0.13603781 0.37096834 0.01756646 0.02668896] [0.8434389  0.00576064 0.02149481 0.10382084 0.02548477] [0.00290289 0.45983443 0.5353543  0.00111302 0.00079531] [0.02114937 0.30015162 0.57790226 0.03456948 0.06622731] [0.6498617  0.0667185  0.15252453 0.07276974 0.05812554] [0.05742647 0.877876   0.0337062  0.0233228  0.00766855] [0.03481384 0.00563068 0.03333565 0.0149406  0.91127926] [0.21147305 0.28667852 0.33913776 0.0189728  0.14373787] [0.01625254 0.04943144 0.9194546  0.01075754 0.0041039 ] [0.13904113 0.03056287 0.6950535  0.03588078 0.09946172] [2.9929958e-03 1.3992356e-02 9.8243123e-01 2.4689108e-04 3.3657302e-04]",2 3 1 2 4 2 2 3 3 2 4 1 0 1 1 4 2 4 4 2 2 1 4 1 2 3 0 0 2 2 4 2 4 4 2 2 2 4 4 4 0 3 4 3 0 2 3 4 3 1 3 1 2 2 2 3 2 2 0 4 2 0 3 1 1 2 3 1 2 3 2 3 0 2 0 4 4 0 0 0 4 4 3 2 3 2 3 2 1 4 1 0 0 0 4 4 4 1 4 2 2 4 3 2 0 2 4 1 2 3 1 4 0 1 0 3 2 4 4 4 3 4 2 4 2 1 0 2 4 0 2 0 4 1 0 0 2 4 1 0 0 2 4 0 2 2 1
188,2,xgboost,0.02,5000,5000,0.5238095238095238,0.8402686102852217,"[0.00955048 0.45555118 0.53242934 0.00177938 0.00068968] [1.2407544e-02 6.4500332e-02 9.2139030e-01 9.8574487e-04 7.1607303e-04] [0.01013715 0.00492806 0.03234945 0.01310076 0.9394846 ] [0.11684402 0.04002438 0.6641771  0.01518805 0.16376643] [0.01958937 0.03450909 0.53304356 0.00504688 0.40781105] [0.03297105 0.01114975 0.9391114  0.00292418 0.01384365] [0.29526207 0.45557845 0.06412315 0.05574666 0.12928967] [0.05179757 0.00886594 0.9208417  0.00252751 0.0159673 ] [0.07073768 0.7438177  0.13084559 0.01846379 0.03613523] [0.06215451 0.02638835 0.01041542 0.18366885 0.71737283] [0.11316462 0.3267937  0.39559138 0.15803112 0.0064192 ] [0.4842302  0.05865973 0.3664697  0.03331165 0.05732875] [0.5062128  0.00352121 0.00735323 0.12437078 0.358542  ] [0.14570192 0.25542122 0.58813554 0.00397793 0.00676337] [0.02090214 0.017126   0.15287821 0.02355579 0.78553784] [0.16000731 0.00238678 0.0072581  0.3838645  0.44648337] [0.04828042 0.03088754 0.82132363 0.04064731 0.05886104] [0.02380659 0.00152229 0.90422416 0.00901424 0.06143267] [0.29929167 0.08849085 0.16736676 0.36576182 0.07908894] [0.02332357 0.11900976 0.8520528  0.00099518 0.00461872] [0.07964576 0.0118686  0.00226052 0.05365314 0.852572  ] [0.14249533 0.00262553 0.00944423 0.19026074 0.6551742 ] [0.06289042 0.00591219 0.03519843 0.85539365 0.04060528] [0.05700402 0.0147935  0.91250825 0.00583736 0.00985682] [1.1190213e-03 7.5677902e-01 2.4096055e-01 7.3865592e-04 4.0272551e-04] [0.12721531 0.02062722 0.6804087  0.05281086 0.11893793] [0.13018247 0.349634   0.49749798 0.01154709 0.01113852] [0.23393014 0.10094418 0.65040475 0.01363044 0.00109051] [1.3973586e-03 4.3864985e-04 4.9570175e-03 6.6299498e-04 9.9254405e-01] [0.03835198 0.50736654 0.44167176 0.00621344 0.00639631] [0.08048271 0.03288908 0.03165378 0.26198772 0.59298676] [1.3023911e-03 9.5468562e-04 2.4001882e-03 7.9015450e-04 9.9455255e-01] [4.4606300e-03 1.9041803e-01 8.0422390e-01 3.4171250e-04 5.5574963e-04] [0.01606695 0.0191031  0.9546551  0.00377811 0.00639668] [2.1452354e-03 8.4875578e-01 1.4825776e-01 3.7876240e-04 4.6248653e-04] [0.30671015 0.08281033 0.41929936 0.00755614 0.18362406] [4.3469029e-03 1.9209355e-01 8.0131775e-01 7.2262343e-04 1.5191315e-03] [0.39731425 0.08558642 0.07524944 0.2806547  0.16119516] [9.48763103e-04 1.12790585e-04 5.61273145e-03 2.67600932e-04
 9.93058085e-01] [1.16434194e-01 7.82771793e-04 4.00956161e-03 5.82982749e-02
 8.20475161e-01] [1.7790193e-03 6.7309958e-01 3.2383424e-01 3.6277354e-04 9.2436827e-04] [0.00558584 0.33735356 0.6508184  0.00191028 0.00433191] [0.08003628 0.15632042 0.7599023  0.00278418 0.0009568 ] [0.00652239 0.00357369 0.01542062 0.01917982 0.9553035 ] [0.5325008  0.01427758 0.06796605 0.22716305 0.1580925 ] [0.05491799 0.00584598 0.07064568 0.27945292 0.58913743] [0.01671769 0.01981766 0.92818236 0.02426895 0.01101331] [0.11419517 0.16675048 0.68560326 0.01254673 0.02090436] [0.00994929 0.3017772  0.6824299  0.00314069 0.00270289] [3.4406690e-03 1.0058421e-04 3.1993806e-04 1.2668758e-02 9.8347002e-01] [0.20233157 0.03622824 0.264004   0.05393597 0.44350016] [2.2108728e-02 5.2917207e-04 4.7973639e-04 1.0688311e-01 8.6999923e-01] [0.01059986 0.09861859 0.8857185  0.00241057 0.00265247] [0.12460437 0.65699804 0.07548659 0.12709902 0.01581204] [0.19130856 0.01857588 0.73281544 0.03591852 0.02138158] [0.119041   0.00456838 0.35479063 0.46671605 0.0548839 ] [0.08301771 0.02843077 0.17027989 0.06832527 0.64994633] [0.00387773 0.00157752 0.03399257 0.00366137 0.95689076] [0.48096132 0.2604575  0.20035352 0.0398033  0.0184244 ] [0.03538275 0.14629462 0.78387994 0.01650192 0.01794079] [0.42450428 0.01420042 0.06079657 0.33121786 0.16928083] [0.2963914  0.03091676 0.6470707  0.02283277 0.00278835] [0.03838675 0.00462615 0.01379135 0.9231537  0.02004209] [0.16957352 0.03308839 0.7566902  0.01093507 0.0297128 ] [0.10619392 0.01441474 0.6354832  0.09177279 0.15213539] [0.01674607 0.2603467  0.69827396 0.01096187 0.01367138] [0.02963511 0.00509948 0.8977349  0.02227349 0.04525709] [0.27190936 0.03094691 0.29810584 0.30872628 0.09031158] [0.8591794  0.00787255 0.09106112 0.03055381 0.01133317] [0.20967568 0.01483827 0.1289979  0.4731181  0.17337003] [1.5282264e-03 8.1392231e-05 8.3155850e-05 3.2934900e-03 9.9501377e-01] [5.7182537e-04 2.7792211e-04 1.6587338e-03 8.7815960e-04 9.9661332e-01] [0.3034461  0.01633947 0.14468075 0.2769986  0.2585351 ] [1.6846251e-03 8.6263688e-05 3.2770447e-04 1.4074200e-02 9.8382723e-01] [0.31347853 0.21164845 0.4465578  0.02361135 0.00470383] [2.2441994e-03 8.5188210e-01 1.4452319e-01 6.7406037e-04 6.7652302e-04] [0.04031436 0.02222162 0.15201353 0.38773805 0.39771247] [0.05364784 0.00913973 0.25250024 0.1951603  0.4895519 ] [0.01502647 0.83585846 0.13998115 0.00519861 0.00393525] [0.04215112 0.00224166 0.04530818 0.796298   0.11400099] [0.00704065 0.01080157 0.4164865  0.00199543 0.5636758 ] [9.8396754e-03 5.5473915e-04 1.5228494e-03 1.3719986e-01 8.5088283e-01] [0.06728429 0.02557841 0.01255949 0.7776001  0.11697765] [0.16630794 0.41854936 0.40193987 0.01012734 0.00307555] [0.12897646 0.13860391 0.7084016  0.02182178 0.00219623] [0.10430565 0.04872499 0.83052915 0.00291988 0.0135203 ] [0.05754344 0.00301228 0.00308998 0.38086423 0.5554901 ] [0.01000592 0.00234231 0.00171862 0.7604618  0.22547135] [0.01565266 0.5342376  0.44725105 0.00125707 0.00160165] [6.6311317e-03 8.0819708e-01 1.8431048e-01 4.0135009e-04 4.5993298e-04] [0.02777253 0.09179682 0.8388548  0.0257143  0.01586164] [0.03635346 0.00563103 0.93881136 0.00598528 0.01321885] [0.05255414 0.03410845 0.18507965 0.5043688  0.22388898] [0.40661782 0.00904558 0.18400155 0.01307138 0.38726363] [0.15249854 0.2713614  0.4918464  0.02133992 0.0629537 ] [3.7752565e-02 4.7657912e-04 1.5822619e-03 1.3573428e-02 9.4661516e-01] [0.1048298  0.49373117 0.32628903 0.06618316 0.00896687] [7.3149693e-03 8.0263376e-01 1.8970355e-01 2.1450562e-04 1.3319185e-04] [0.10849555 0.45224684 0.2940057  0.10504927 0.04020261] [0.06938842 0.001305   0.00431339 0.06769862 0.8572946 ] [0.03433838 0.00523782 0.00552497 0.92223996 0.03265882] [6.5360486e-04 2.3740843e-04 5.7738106e-04 1.3588016e-03 9.9717283e-01] [7.1893553e-03 6.6724548e-05 9.9009500e-05 3.3220455e-02 9.5942450e-01] [0.02497635 0.00644959 0.01872797 0.2875903  0.6622558 ] [0.02082144 0.33327654 0.6369501  0.00642836 0.00252356] [0.54292613 0.03482635 0.34324467 0.03533174 0.04367109] [6.10529038e-04 6.06834114e-01 3.92368674e-01 1.11578636e-04
 7.51112821e-05] [0.07961512 0.02175332 0.13383192 0.6435601  0.12123953] [0.00248503 0.527363   0.46294516 0.00196455 0.00524226] [0.22983694 0.00061463 0.00149135 0.1642939  0.6037632 ] [0.33690342 0.11664291 0.2643685  0.01308064 0.26900452] [0.3629739  0.14783995 0.27465206 0.11391952 0.1006146 ] [0.05733991 0.00120164 0.00259252 0.4991658  0.4397001 ] [0.07910846 0.11032596 0.7937531  0.01550754 0.00130494] [0.0908625  0.09787967 0.7846474  0.01256287 0.01404753] [0.19442911 0.00244226 0.10310473 0.24952757 0.45049632] [0.07216058 0.3387963  0.5837949  0.00112131 0.00412689] [0.48194587 0.14910078 0.18046631 0.14572732 0.04275972] [0.17081806 0.03055073 0.7557621  0.02259547 0.02027359] [1.1972901e-03 4.8449065e-04 2.5537645e-04 6.5094098e-02 9.3296868e-01] [0.1117803  0.01052679 0.47007787 0.06784489 0.33977014] [0.2452605  0.02625762 0.13635452 0.16488619 0.42724118] [0.14415997 0.14908503 0.49432448 0.12816525 0.08426529] [0.32934386 0.07389212 0.25232014 0.12457776 0.21986613] [0.0071699  0.05205962 0.93592095 0.00264041 0.00220912] [0.0443503  0.52224934 0.42704704 0.00250219 0.00385107] [4.6003396e-03 6.1315056e-02 9.3300253e-01 9.6114364e-04 1.2093009e-04] [0.0706737  0.00694061 0.8575684  0.01217774 0.0526395 ] [0.06077525 0.5730183  0.36048546 0.00316353 0.00255743] [0.04534433 0.15262654 0.6866429  0.02797737 0.08740881] [1.8970300e-02 6.0505676e-04 2.1626709e-02 9.2741467e-02 8.6605644e-01] [0.19958702 0.01290898 0.0438156  0.4195811  0.3241073 ] [0.15923408 0.07215114 0.74529886 0.01126121 0.0120547 ] [0.01370205 0.00428907 0.05508377 0.01676264 0.91016245] [0.19578211 0.0235848  0.1374127  0.06994484 0.57327557] [0.4443346  0.0157954  0.18346398 0.26172152 0.0946845 ] [0.45068303 0.1445619  0.14104481 0.12978864 0.13392168] [0.4519282  0.12442792 0.19315603 0.19696707 0.03352077] [0.05862924 0.0051056  0.92125285 0.00590709 0.00910522] [0.07492498 0.14116369 0.74380314 0.02374122 0.01636698] [0.10842306 0.0596487  0.29905626 0.44297427 0.08989768] [0.00642791 0.5435636  0.42085442 0.02511565 0.00403843] [0.03651665 0.03507124 0.13331588 0.39506838 0.4000278 ] [0.01881743 0.03126102 0.16074538 0.40016752 0.38900858] [0.03402676 0.01792637 0.07498964 0.22657488 0.6464824 ] [0.20025097 0.0473535  0.2590792  0.43843243 0.05488388] [9.7141025e-04 5.8243243e-04 3.7177760e-04 4.3178460e-04 9.9764258e-01]",1 1 4 2 2 1 4 2 2 3 0 2 4 2 4 3 2 0 0 1 0 3 3 2 1 0 1 2 4 2 3 4 1 0 2 0 1 0 4 4 1 2 2 4 0 4 1 2 2 4 0 4 2 1 2 4 1 4 1 2 3 2 3 2 3 2 0 3 0 3 4 4 4 4 1 1 3 0 2 3 4 4 0 2 2 1 4 3 2 1 2 2 0 4 0 4 2 1 2 3 4 4 4 3 2 0 1 3 2 4 2 2 4 1 2 3 2 0 2 4 0 3 2 3 2 2 2 0 1 4 4 0 0 4 4 0 4 2 0 2 0 2 4 3 3 0 4
188,3,xgboost,0.02,5000,5000,0.5510204081632653,0.8435916852105315,"[0.51361436 0.0136662  0.20792791 0.05945087 0.20534065] [0.04841246 0.00806396 0.20060211 0.0514485  0.69147295] [0.1471848  0.02456515 0.724335   0.088504   0.015411  ] [0.0694306  0.03271389 0.74986655 0.10698003 0.04100896] [0.015837   0.00361987 0.00705534 0.17396288 0.7995249 ] [5.6446018e-03 1.8774981e-04 9.6546154e-04 4.3149358e-03 9.8888725e-01] [0.3006287  0.21742271 0.24502413 0.16888516 0.06803933] [0.03176263 0.00204106 0.00230804 0.10499027 0.8588979 ] [0.01417942 0.11804629 0.848213   0.01553811 0.00402313] [0.29433084 0.00977445 0.11521105 0.5644259  0.01625778] [0.00607208 0.00333328 0.01524817 0.00793969 0.9674068 ] [0.16695577 0.10233565 0.6563788  0.0169542  0.05737556] [0.01192307 0.5731688  0.3515064  0.03054115 0.0328606 ] [3.8726248e-02 2.9894060e-01 6.5517634e-01 6.5340796e-03 6.2273239e-04] [0.36017525 0.04870897 0.14045224 0.17317756 0.27748594] [0.0609877  0.53867906 0.39020607 0.00903202 0.00109509] [5.5716127e-02 7.4701139e-04 1.8603797e-03 7.0914321e-02 8.7076211e-01] [0.12911776 0.03862816 0.698538   0.109023   0.02469306] [0.00977074 0.00797071 0.9772341  0.00145876 0.0035657 ] [0.00412348 0.00352632 0.0021433  0.12690052 0.86330634] [0.02350059 0.01939413 0.94834524 0.00409625 0.00466376] [0.18161392 0.00805293 0.11863853 0.6226642  0.06903041] [5.3201830e-03 9.0868198e-05 3.2246838e-04 3.4994651e-02 9.5927185e-01] [0.1249681  0.01182182 0.8123531  0.0059135  0.04494346] [0.10649253 0.3998912  0.04857028 0.12909476 0.31595123] [0.12230072 0.00511277 0.00739025 0.84761447 0.01758184] [0.1831759  0.00811449 0.79892373 0.00713645 0.00264943] [0.41110164 0.0772552  0.31694752 0.10317429 0.0915213 ] [0.3215866  0.07766341 0.18581982 0.04707856 0.3678516 ] [0.01299704 0.00384092 0.05951393 0.06328684 0.8603612 ] [0.60579    0.0083102  0.11093857 0.03850033 0.23646088] [0.18619569 0.33446318 0.4552808  0.01643327 0.00762705] [2.3137047e-03 2.6202173e-04 7.4632262e-04 3.6888910e-04 9.9630898e-01] [0.04234815 0.00175552 0.00223041 0.2704861  0.68317986] [0.06989159 0.00128083 0.00323755 0.07710334 0.8484867 ] [0.0423125  0.04382538 0.83059555 0.00485582 0.07841072] [0.33085164 0.03575457 0.61394626 0.00398416 0.01546337] [0.12676027 0.06332837 0.793949   0.00793328 0.00802907] [0.02372049 0.00437069 0.00771558 0.27470738 0.68948585] [0.51954275 0.1983027  0.18380968 0.08938028 0.00896461] [0.08919388 0.05838927 0.73630375 0.06160043 0.05451263] [2.1279965e-02 1.3496153e-04 3.7181168e-04 2.7054012e-02 9.5115924e-01] [2.4241111e-03 9.7283733e-01 2.1495964e-02 4.4944193e-04 2.7931009e-03] [0.03961058 0.02277882 0.09954264 0.08340903 0.754659  ] [0.09039643 0.20957364 0.6732228  0.0038265  0.02298067] [0.00217796 0.14630702 0.8484358  0.0020051  0.00107414] [9.8518957e-04 2.6017320e-04 1.6526525e-03 1.0936503e-04 9.9699259e-01] [0.00973237 0.6975357  0.28874087 0.00256954 0.00142155] [5.8404484e-04 3.7525024e-05 1.4539489e-04 6.8129683e-03 9.9242002e-01] [0.69966143 0.02974763 0.1828011  0.03482685 0.05296304] [0.00855643 0.16545576 0.82116896 0.00291747 0.00190142] [0.00685935 0.01138938 0.9722082  0.00121042 0.00833262] [0.26993775 0.01344755 0.07964163 0.47614667 0.16082636] [0.14253423 0.03307133 0.8030223  0.0118091  0.00956305] [0.6703043  0.01731835 0.03363386 0.12713985 0.15160365] [0.05873767 0.09837724 0.8278093  0.0096659  0.00540989] [1.5074092e-02 5.6510127e-01 4.1858172e-01 8.6423173e-04 3.7869063e-04] [0.3215936  0.0818844  0.34379417 0.03520101 0.2175268 ] [4.7630607e-04 4.6908646e-04 6.1377557e-04 6.1340944e-04 9.9782735e-01] [0.02902073 0.00146141 0.00651486 0.46050626 0.5024968 ] [0.02290714 0.66702074 0.3054816  0.00281383 0.00177673] [0.128405   0.00305169 0.02200334 0.41855255 0.42798746] [0.06181945 0.18724243 0.7341934  0.01061804 0.00612666] [2.2014009e-03 7.4604504e-05 2.7601104e-04 1.6765697e-03 9.9577135e-01] [0.05429807 0.04659022 0.2695321  0.2909665  0.33861303] [0.03328171 0.19324481 0.7472862  0.00649614 0.01969113] [0.06285699 0.1521751  0.77843666 0.00289339 0.00363783] [0.07406712 0.0030406  0.01673276 0.10605632 0.80010325] [0.11911616 0.00139966 0.00193418 0.18759577 0.6899542 ] [0.5901394  0.00444361 0.01337975 0.32531416 0.06672309] [0.47050387 0.02014655 0.03672566 0.2388501  0.23377386] [2.8568147e-02 7.6710014e-04 1.2881546e-03 2.2607110e-02 9.4676954e-01] [0.00574877 0.12135918 0.8707474  0.00116097 0.00098373] [0.09362123 0.00634974 0.03468804 0.024118   0.84122294] [0.7880765  0.0047371  0.19153515 0.01280723 0.002844  ] [0.10588749 0.0365371  0.04720087 0.31128296 0.49909154] [0.28804183 0.00638338 0.11220881 0.57328814 0.02007782] [0.06201072 0.3499957  0.5723484  0.01333148 0.00231368] [0.15760419 0.01204668 0.01003183 0.675144   0.14517322] [0.0367506  0.18322513 0.6976039  0.03211588 0.05030445] [7.2359606e-03 2.1772194e-04 9.7990665e-04 2.2811726e-02 9.6875471e-01] [0.0475812  0.00100292 0.00772137 0.08721329 0.8564812 ] [0.14201885 0.07802439 0.17916936 0.42611378 0.17467366] [0.57358855 0.00930372 0.02826263 0.07677906 0.31206608] [0.5259801  0.0061084  0.07927229 0.3754888  0.01315036] [0.14172599 0.07013252 0.7605273  0.01387718 0.01373701] [0.71153486 0.03510861 0.16024226 0.03410138 0.05901289] [0.3596705  0.05088391 0.04996997 0.47822556 0.06125012] [3.8429529e-03 9.3413389e-01 5.9990373e-02 1.2524654e-03 7.8032940e-04] [0.30884254 0.310987   0.37583584 0.00357325 0.00076138] [2.4135204e-03 5.6582881e-04 1.9550305e-02 7.4192038e-04 9.7672844e-01] [2.8030744e-03 3.4452879e-04 9.6619636e-04 2.9526500e-04 9.9559093e-01] [0.19291587 0.17508811 0.49879444 0.11147503 0.02172656] [1.5641777e-03 5.7364781e-05 6.8503214e-05 2.1317932e-03 9.9617815e-01] [0.07693922 0.03911094 0.76471525 0.01266713 0.10656752] [6.4025410e-03 5.7992543e-04 6.4127520e-03 4.6715517e-02 9.3988919e-01] [0.0390128  0.00430429 0.03091553 0.10738619 0.8183812 ] [0.11520576 0.00356844 0.84010834 0.02591603 0.01520145] [0.01812659 0.07919937 0.8938384  0.00784221 0.00099345] [1.00383535e-02 2.00469382e-04 1.33557059e-03 2.17598956e-02
 9.66665685e-01] [0.36810338 0.0952599  0.24916814 0.2506874  0.03678116] [0.03148571 0.07649571 0.7843937  0.00792032 0.09970453] [0.00693721 0.00578174 0.01032798 0.00336108 0.973592  ] [0.02127593 0.00480297 0.01818411 0.1632096  0.79252744] [0.22290523 0.07346307 0.12378602 0.48376706 0.09607862] [0.08843186 0.16021633 0.6645651  0.07254882 0.01423797] [2.0009691e-02 1.4003658e-01 8.3907193e-01 5.8757799e-04 2.9427448e-04] [0.07562824 0.06065432 0.3685384  0.02550375 0.46967527] [0.02469299 0.02806448 0.8231765  0.01087857 0.11318749] [1.0556757e-04 9.8955029e-01 1.0270528e-02 4.6993166e-05 2.6655183e-05] [0.37363052 0.01136242 0.03654593 0.27275032 0.30571085] [0.05911133 0.10714532 0.27628586 0.546118   0.01133944] [0.1648195  0.00785344 0.0251597  0.16459675 0.63757056] [0.31593445 0.13929339 0.46564656 0.06987761 0.009248  ] [0.43432525 0.00440799 0.198339   0.26182994 0.10109778] [0.3353354  0.0467754  0.5706434  0.0319531  0.01529271] [0.02444293 0.006943   0.03522256 0.01185087 0.9215406 ] [0.35224873 0.03354809 0.5332131  0.04640263 0.03458751] [0.06874152 0.52192914 0.1319284  0.01293486 0.26446605] [0.18981786 0.19700168 0.5324621  0.0170375  0.06368086] [0.57993525 0.00077246 0.00253911 0.3371625  0.0795907 ] [0.06538264 0.13101514 0.5006851  0.09923672 0.20368041] [0.6828961  0.05111105 0.1946386  0.00962434 0.06172998] [0.01578633 0.5143425  0.46079454 0.00346556 0.00561109] [0.17672978 0.00068797 0.00140241 0.21887457 0.6023053 ] [0.21203297 0.06257697 0.61326975 0.04081446 0.07130586] [0.0349996  0.59381944 0.36313012 0.0046276  0.00342324] [0.0098583  0.05391228 0.9287152  0.00094634 0.0065679 ] [0.03054838 0.17935684 0.78370035 0.00172393 0.00467049] [1.0774258e-02 8.9173722e-01 9.5493674e-02 4.7653634e-04 1.5182457e-03] [0.04628268 0.07193463 0.84421474 0.02721472 0.01035321] [0.16998099 0.02763086 0.1331616  0.02481289 0.64441365] [0.18669961 0.02449236 0.68386203 0.03884142 0.06610455] [0.02551691 0.06088652 0.04292887 0.00402755 0.86664015] [1.0230525e-03 6.7538250e-04 8.5367105e-04 2.2678760e-04 9.9722111e-01] [0.20727317 0.24696994 0.51939386 0.02362449 0.00273852] [0.16027698 0.06920009 0.58665514 0.03526876 0.14859897] [0.265285   0.073585   0.23162247 0.38194484 0.04756271] [0.10736343 0.03832907 0.809192   0.03283223 0.01228327] [0.03944636 0.00382843 0.03292438 0.00840579 0.9153951 ] [1.5796080e-02 2.0888371e-04 2.8661915e-04 2.9274166e-02 9.5443428e-01] [0.08389249 0.00543599 0.5653128  0.32063836 0.02472033] [0.08578973 0.06166054 0.5256546  0.01512797 0.31176716] [0.00480936 0.6415233  0.3474612  0.00135916 0.00484702] [0.06843706 0.15117234 0.26614314 0.4379291  0.07631835] [0.05115462 0.5622373  0.37128767 0.00514744 0.01017295] [0.08482455 0.10231367 0.74351615 0.03795988 0.03138576]",0 3 0 1 3 3 0 4 2 0 4 0 2 1 4 2 3 2 0 4 2 3 4 2 4 3 2 1 0 3 0 2 4 4 4 2 2 1 4 1 0 4 2 0 2 2 4 2 4 0 2 2 3 2 0 1 1 0 4 3 1 3 1 4 3 0 2 4 4 4 3 4 1 0 3 3 3 2 0 1 4 4 4 0 3 2 3 3 1 1 4 4 2 4 2 4 4 0 2 3 2 2 4 4 0 2 2 1 2 1 3 2 2 2 0 0 4 0 2 2 4 2 0 1 4 2 2 1 2 1 0 0 2 4 4 1 2 1 2 4 4 3 0 2 2 2 1
188,4,xgboost,0.02,5000,5000,0.564625850340136,0.8380093677028742,"[1.4493112e-02 3.0761567e-01 6.7518169e-01 2.4180729e-03 2.9140306e-04] [0.03351374 0.02490232 0.9327195  0.00241173 0.0064527 ] [0.29368493 0.10978414 0.429245   0.03966799 0.12761794] [0.031716   0.0428863  0.47841188 0.25930887 0.18767697] [0.06398815 0.0010965  0.00311646 0.07735157 0.85444736] [0.13981399 0.01438304 0.541882   0.01797136 0.28594962] [3.1607121e-02 6.6282909e-04 1.3271198e-03 2.0964313e-01 7.5675982e-01] [0.0414461  0.01675281 0.3670955  0.50824535 0.06646021] [0.0711934  0.26984686 0.63538754 0.01040491 0.01316734] [0.06181483 0.01133984 0.87131023 0.03450313 0.02103194] [0.34502393 0.18659174 0.17708942 0.19856574 0.09272917] [0.03448577 0.11493658 0.83270633 0.00991942 0.00795189] [1.8700217e-03 4.0336148e-04 1.9862396e-03 6.3502681e-03 9.8939008e-01] [0.05950894 0.11296295 0.7977507  0.01257191 0.01720546] [3.7867425e-03 9.7328966e-04 7.7451108e-04 1.2235725e-01 8.7210816e-01] [0.19345765 0.03716276 0.06517921 0.6354259  0.06877446] [0.04272299 0.03314431 0.9016488  0.01721956 0.00526431] [1.2279451e-02 1.5003122e-02 9.6867442e-01 3.1949398e-03 8.4810937e-04] [4.4962385e-04 1.0117575e-04 1.0581087e-04 2.6466267e-02 9.7287714e-01] [4.4660505e-02 6.9607369e-04 5.1477635e-03 1.3985261e-01 8.0964303e-01] [6.266140e-03 3.875045e-04 9.497433e-04 3.775189e-03 9.886214e-01] [0.25613534 0.06689512 0.49216124 0.06359004 0.12121828] [0.0091933  0.00677089 0.9627969  0.01400927 0.00722955] [0.06546695 0.11959801 0.76569206 0.02276107 0.02648198] [0.20354632 0.19331245 0.16271865 0.38646942 0.05395319] [0.22817363 0.04161951 0.06274752 0.05531136 0.612148  ] [0.0338038  0.0803044  0.87153393 0.00435252 0.01000533] [2.7511775e-02 5.4807577e-04 2.2722604e-03 7.4107565e-02 8.9556032e-01] [9.7864969e-03 5.7674013e-04 9.7049214e-04 5.4887798e-02 9.3377846e-01] [0.6583739  0.07949408 0.04319528 0.07618314 0.14275357] [0.30919525 0.01195018 0.02366437 0.01821011 0.6369801 ] [0.03380581 0.0016395  0.00203074 0.20782658 0.7546973 ] [0.11456141 0.05749267 0.71487385 0.07095182 0.04212021] [0.10785531 0.01999934 0.4135808  0.27935576 0.1792088 ] [0.49004146 0.04423313 0.0528709  0.23750745 0.17534706] [0.04619377 0.51350033 0.43087175 0.00440535 0.00502881] [0.02736298 0.07725568 0.70443785 0.00589082 0.18505265] [0.00519262 0.03374477 0.00603149 0.0024202  0.9526109 ] [0.70509076 0.01651771 0.03114075 0.23690422 0.01034653] [0.05347131 0.00327528 0.00560364 0.16401315 0.77363664] [0.00302007 0.00099935 0.00363394 0.00331705 0.98902965] [0.01646731 0.00251744 0.08403799 0.00293693 0.89404035] [0.02220334 0.36491117 0.6024651  0.00537449 0.0050459 ] [0.00513335 0.69473106 0.2978209  0.00081898 0.00149575] [6.36341795e-03 5.92626864e-04 1.16803665e-02 2.78284959e-02
 9.53535140e-01] [0.21759689 0.10418236 0.5858609  0.06744394 0.02491592] [1.5447957e-03 2.3192835e-01 7.6549453e-01 6.2123517e-04 4.1112074e-04] [8.6398087e-03 2.7501309e-01 7.1585590e-01 2.9246870e-04 1.9869814e-04] [0.13288645 0.62347955 0.23874384 0.00370343 0.00118673] [0.5920292  0.01640116 0.20826545 0.16484267 0.01846154] [0.02329764 0.30257574 0.65265435 0.00422266 0.0172496 ] [0.45416823 0.08681513 0.27702144 0.02685308 0.15514214] [0.12187897 0.04886499 0.5859775  0.01081074 0.2324678 ] [0.06587127 0.00310734 0.01288864 0.6923042  0.22582848] [0.01277885 0.46046856 0.52298915 0.00217712 0.00158629] [0.00206628 0.00394629 0.00276791 0.00138783 0.9898317 ] [0.20626312 0.13057071 0.36451775 0.25312623 0.04552219] [0.33148846 0.0220909  0.53766847 0.03307736 0.07567483] [0.07513529 0.39256886 0.5199897  0.00178442 0.01052174] [0.06151642 0.25856283 0.14809291 0.47189486 0.05993301] [0.03030928 0.00826193 0.0513437  0.74799085 0.16209425] [0.00987716 0.04314113 0.9402612  0.00203773 0.00468282] [0.07697953 0.01071724 0.10149954 0.5580601  0.2527436 ] [0.26401028 0.01757576 0.02405504 0.41005453 0.28430438] [0.19556113 0.15986031 0.5332537  0.02191348 0.08941137] [0.02098529 0.01802557 0.40295836 0.04308167 0.5149491 ] [0.00761011 0.6499933  0.33903942 0.00088195 0.00247526] [0.00718233 0.02026961 0.01014682 0.9222307  0.04017056] [3.6028477e-03 9.0209424e-04 1.0540462e-03 3.9722141e-02 9.5471889e-01] [7.7817868e-03 5.2404955e-02 9.3823045e-01 1.2005843e-03 3.8223417e-04] [0.00842842 0.2830718  0.7018764  0.00087964 0.00574371] [0.10943479 0.01529562 0.64157456 0.20481655 0.02887846] [0.38084108 0.01421569 0.17670886 0.05842089 0.3698135 ] [0.11839323 0.01965246 0.33124068 0.04128238 0.4894312 ] [0.05286365 0.02566402 0.11718923 0.01231291 0.79197013] [0.4916523  0.02649234 0.10652922 0.3029857  0.07234037] [3.0399896e-03 3.1361184e-03 2.9337350e-03 6.5343280e-04 9.9023670e-01] [0.00743161 0.00391955 0.05290303 0.00201084 0.933735  ] [0.21355964 0.01363116 0.02440717 0.5144308  0.23397122] [0.05722774 0.07941277 0.7714539  0.02411898 0.06778662] [0.05649281 0.2217967  0.58077025 0.0100627  0.13087751] [0.13527589 0.21077813 0.6366328  0.00802722 0.00928597] [0.00992684 0.87902826 0.10856599 0.00116195 0.00131698] [1.9422926e-02 5.7343638e-04 2.8520883e-03 9.1304742e-03 9.6802104e-01] [3.2014709e-03 2.3871584e-02 9.7150886e-01 1.8654631e-04 1.2315557e-03] [0.25163198 0.39744872 0.30025283 0.04183665 0.00882983] [0.10926556 0.2728932  0.60326844 0.00857146 0.00600134] [0.25066733 0.22299023 0.410184   0.07518133 0.04097707] [0.05528938 0.01369683 0.9139477  0.01241922 0.0046468 ] [4.2903949e-02 4.4875516e-04 1.7482504e-03 1.7239543e-02 9.3765956e-01] [0.26030406 0.085797   0.56783235 0.07353517 0.01253142] [0.03105967 0.13371669 0.7981839  0.01017812 0.02686159] [0.00320229 0.00518153 0.01567384 0.00115773 0.97478455] [0.02920536 0.01877739 0.9300672  0.01817868 0.00377134] [0.01786438 0.01246068 0.96124566 0.00202803 0.00640126] [0.11776598 0.00351651 0.00375771 0.43259752 0.44236228] [0.08213169 0.22219554 0.6883081  0.0045526  0.00281205] [0.00630116 0.01335596 0.9694491  0.00115555 0.00973823] [0.42666206 0.04039584 0.20738022 0.18529668 0.14026524] [0.1309763  0.11535776 0.04227057 0.30955994 0.40183547] [4.28018393e-04 4.53839129e-05 4.69580373e-05 1.01529965e-02
 9.89326596e-01] [0.01035897 0.07749716 0.90794784 0.00322485 0.00097122] [0.17155871 0.04584428 0.07672866 0.2652911  0.44057727] [5.4097259e-03 5.0234527e-04 8.6406420e-04 1.1291990e-02 9.8193192e-01] [0.07679209 0.06131605 0.2047306  0.08764132 0.56951994] [0.01881425 0.6758436  0.2970958  0.00412458 0.00412176] [0.00178284 0.00753348 0.0102266  0.00859583 0.9718613 ] [0.07560293 0.00401382 0.05942475 0.22265129 0.6383072 ] [0.01856162 0.0199106  0.9513645  0.00311815 0.00704508] [0.00487979 0.00117096 0.00872616 0.00466143 0.9805617 ] [3.7222554e-04 3.6867152e-04 4.8434995e-03 4.1031009e-03 9.9031246e-01] [2.6129355e-04 6.7348953e-04 6.0711163e-03 2.5040275e-04 9.9274373e-01] [0.07465831 0.10532239 0.73476034 0.07221285 0.0130461 ] [6.7829760e-03 9.9703716e-04 2.8231557e-02 4.9923104e-04 9.6348917e-01] [0.5407968  0.02058601 0.20366311 0.16068439 0.07426971] [0.06469335 0.01349575 0.8830465  0.03739212 0.00137223] [0.09438497 0.26254368 0.598207   0.04231046 0.00255392] [0.09888669 0.48668596 0.39535627 0.01006421 0.00900689] [0.00284147 0.44186437 0.5531773  0.00103495 0.00108193] [9.8172605e-02 1.4797921e-01 7.5152200e-01 1.6110596e-03 7.1516115e-04] [2.01151962e-03 1.10249130e-04 4.60933632e-04 1.46175865e-02
 9.82799649e-01] [0.18853983 0.03579424 0.5626342  0.19473755 0.01829414] [0.08366858 0.00659077 0.42045504 0.46701083 0.02227477] [0.01710172 0.16645403 0.81383663 0.00113719 0.00147048] [0.01154735 0.20512155 0.771538   0.0031225  0.00867059] [0.41933063 0.00746567 0.12010299 0.32932547 0.12377524] [1.6594542e-02 1.7108789e-04 1.9519090e-03 2.5312137e-03 9.7875130e-01] [0.07525437 0.14551654 0.6341135  0.03188694 0.11322864] [0.23890692 0.10867588 0.54964453 0.01719001 0.08558266] [0.11371008 0.14050259 0.68071723 0.02895056 0.03611955] [0.5007148  0.00907978 0.01277403 0.04517252 0.4322589 ] [0.12384594 0.02992346 0.45227915 0.27766955 0.11628191] [0.07296038 0.24003828 0.6402108  0.01781454 0.02897596] [2.3776947e-02 7.6773198e-04 1.5409129e-03 4.1468196e-02 9.3244624e-01] [0.23924248 0.10951343 0.59311306 0.0320268  0.02610422] [0.01711589 0.11111429 0.86766726 0.00150751 0.00259508] [1.3365478e-03 5.1278924e-04 4.5285485e-04 4.8274953e-02 9.4942290e-01] [0.33831486 0.01342676 0.6085228  0.00976695 0.02996865] [0.70464605 0.01465478 0.23902443 0.0318331  0.00984164] [0.00632447 0.00156531 0.00217507 0.00287752 0.9870576 ] [0.04710815 0.06313384 0.8872108  0.00103369 0.00151355] [0.30862358 0.05507296 0.4558215  0.08183958 0.09864242] [0.35840684 0.20948757 0.40273568 0.02180486 0.00756506] [0.63033015 0.08165891 0.187491   0.03280731 0.06771264] [0.69676954 0.00872961 0.26615068 0.02272318 0.00562699] [1.75846256e-02 8.68654907e-01 1.12428635e-01 4.75160108e-04
 8.56651517e-04] [0.07258265 0.6644793  0.09984667 0.12170196 0.04138941]",1 0 0 3 4 2 4 2 1 2 0 0 4 2 3 3 1 1 4 4 4 0 2 2 0 3 0 4 4 4 3 4 2 0 3 2 2 4 2 3 4 4 1 1 4 0 1 1 2 2 3 4 2 3 1 4 0 2 2 0 3 2 3 3 2 3 1 3 4 1 1 0 3 0 4 0 4 4 3 0 2 1 1 4 2 1 2 2 2 4 2 2 4 0 1 3 2 2 2 3 4 2 4 0 0 2 4 3 1 4 4 4 1 4 0 2 2 1 2 2 4 0 0 2 1 4 4 2 2 2 4 3 2 3 0 2 4 0 0 4 2 0 2 3 2 1 0
188,0,xgboost,0.02,10000,10000,0.5,0.817610674261784,"[0.00196399 0.00234495 0.00234392 0.00105591 0.9922913 ] [0.33263293 0.00580947 0.08282696 0.2228538  0.35587686] [0.01297963 0.5172027  0.45022476 0.00165756 0.01793538] [0.23936811 0.1298111  0.27323997 0.33355886 0.02402198] [0.43686202 0.03153675 0.40289566 0.07777567 0.05092988] [0.01747843 0.00199126 0.0040629  0.00780586 0.96866155] [2.9991514e-03 1.7362332e-04 2.3682235e-02 5.8458140e-04 9.7256041e-01] [0.7077476  0.01313882 0.14221966 0.03699208 0.09990187] [0.10998825 0.42056048 0.44556284 0.00863093 0.01525751] [0.16596153 0.07163063 0.6464324  0.080115   0.03586045] [0.12494912 0.10857303 0.47358882 0.12050416 0.17238483] [0.02485571 0.1500657  0.8185827  0.00318698 0.00330886] [0.01248344 0.33822602 0.64331436 0.00428051 0.00169567] [0.04713089 0.10138533 0.83829445 0.01163581 0.00155352] [0.0179796  0.14776845 0.8295441  0.00190201 0.00280579] [0.05300975 0.00650276 0.01213186 0.7790824  0.14927322] [0.08792333 0.5292656  0.3285622  0.04566442 0.00858446] [0.09675669 0.21520835 0.65910685 0.0081936  0.02073449] [1.25305895e-02 7.65171409e-01 2.19138309e-01 7.11412518e-04
 2.44826474e-03] [0.00846924 0.16950269 0.8152218  0.00307027 0.00373602] [1.4014462e-02 1.1756140e-04 3.2484924e-04 6.0458556e-03 9.7949731e-01] [0.03932995 0.09559195 0.8225845  0.01711123 0.02538234] [0.11491882 0.01976358 0.8395214  0.01461452 0.01118167] [0.10517202 0.09415384 0.7435186  0.01562965 0.0415259 ] [0.06413882 0.00796206 0.06793202 0.39141962 0.46854752] [0.00275525 0.0050841  0.02785436 0.0081221  0.9561842 ] [0.07090479 0.00500008 0.21981634 0.06580677 0.638472  ] [0.06561126 0.07156779 0.2407038  0.04274119 0.5793759 ] [0.00288507 0.12959862 0.8643478  0.00175793 0.00141055] [7.0526921e-03 6.5710461e-01 3.2296047e-01 3.4688006e-04 1.2535327e-02] [2.4241585e-02 2.8160997e-04 1.5851359e-03 3.2932539e-02 9.4095910e-01] [4.5854137e-03 6.2222209e-02 9.3127960e-01 1.1681308e-03 7.4463041e-04] [0.01879039 0.00122231 0.00569085 0.13629648 0.83799994] [0.04276166 0.5379857  0.09587171 0.16737549 0.15600546] [4.9037593e-03 2.6033598e-04 1.0042617e-03 2.2712158e-02 9.7111952e-01] [0.13095453 0.00562608 0.18483792 0.6289201  0.04966142] [9.1305579e-04 2.1548732e-03 4.3786862e-03 4.2457896e-04 9.9212885e-01] [0.00486246 0.11962829 0.8734459  0.00106961 0.00099373] [7.0102136e-03 6.3927776e-01 3.5277909e-01 1.7917807e-04 7.5378502e-04] [0.006053   0.00152291 0.00768171 0.72841245 0.25632998] [0.0812496  0.19686589 0.7053042  0.00914756 0.00743276] [0.40285563 0.12256449 0.26846397 0.09419193 0.11192396] [0.00969641 0.00104693 0.00174382 0.02170304 0.9658098 ] [0.15920907 0.01371117 0.7490724  0.05234772 0.02565968] [0.00327742 0.00318803 0.0067797  0.00270251 0.9840523 ] [0.19817221 0.01834605 0.77107507 0.00804605 0.00436062] [0.16441673 0.01279668 0.02894618 0.27393097 0.51990944] [0.7226635  0.05653289 0.16297789 0.01299359 0.04483212] [0.06359904 0.00472808 0.13668697 0.01688336 0.7781026 ] [0.09419824 0.00669523 0.1253704  0.29622823 0.47750792] [0.04288203 0.21853516 0.66983104 0.00847482 0.06027693] [0.3473104  0.29389516 0.20151888 0.12771048 0.02956512] [0.35989726 0.03066072 0.44738665 0.04238728 0.11966811] [7.6953869e-04 9.3771732e-01 6.1083227e-02 2.3773247e-04 1.9214339e-04] [0.19704254 0.04109769 0.6817377  0.06988201 0.01024005] [0.00690507 0.00258488 0.00710716 0.00107834 0.9823246 ] [0.02436747 0.00213471 0.027853   0.02451808 0.9211267 ] [0.07749148 0.00415594 0.01542749 0.4738844  0.42904064] [0.49249464 0.02852652 0.35733867 0.02894098 0.09269917] [0.1174929  0.3140759  0.20330381 0.15824525 0.2068822 ] [0.00504684 0.00156363 0.01311539 0.00611095 0.9741632 ] [0.68864673 0.04370807 0.11156371 0.02040404 0.13567747] [1.6042080e-03 2.0116247e-04 2.0865188e-04 7.7997655e-02 9.1998833e-01] [8.0629624e-03 2.3784401e-04 2.0470611e-04 2.4471055e-01 7.4678391e-01] [0.02025362 0.0016134  0.00159509 0.1583302  0.8182077 ] [0.10505806 0.14615469 0.59296936 0.1157264  0.04009153] [0.01881964 0.00217174 0.00284409 0.3023732  0.67379135] [0.5604097  0.05529781 0.3348427  0.02219675 0.02725306] [0.11285249 0.09545212 0.7810882  0.00558326 0.00502396] [0.15531217 0.00773453 0.04718389 0.29557204 0.4941973 ] [2.8790059e-03 7.7219534e-04 2.3555273e-02 1.4390604e-02 9.5840287e-01] [0.22416347 0.03971244 0.2171912  0.5100759  0.00885695] [0.09973111 0.01577167 0.5990508  0.2074121  0.07803433] [0.01579537 0.48379913 0.4981218  0.00130401 0.00097977] [1.6571403e-02 7.6330096e-01 2.1787128e-01 1.5922012e-03 6.6416635e-04] [0.2691829  0.03614451 0.48580417 0.03869623 0.17017215] [0.23232946 0.03460206 0.7206481  0.00610651 0.00631387] [1.0348537e-02 7.6385599e-04 1.5338214e-02 1.6037285e-03 9.7194564e-01] [0.08757105 0.1773823  0.4924089  0.20341061 0.03922716] [0.06717538 0.02203642 0.7141345  0.02862884 0.16802487] [0.1468873  0.08748237 0.42451957 0.2047467  0.13636407] [0.27188674 0.01389794 0.17531596 0.3174903  0.22140905] [1.0002116e-03 3.5679416e-04 2.2054985e-03 8.2238024e-04 9.9561512e-01] [0.19752692 0.00484813 0.00601772 0.08293624 0.708671  ] [0.49253055 0.20654619 0.20293818 0.03037964 0.06760541] [0.45801416 0.0468221  0.32755306 0.0290405  0.13857019] [0.6734878  0.01641817 0.12158321 0.0865846  0.10192624] [0.04397001 0.00505038 0.01888713 0.01449388 0.91759855] [3.8431741e-03 9.2989749e-01 6.5905459e-02 2.5978932e-04 9.4040210e-05] [0.06274637 0.1466914  0.7765553  0.0019514  0.01205555] [2.2704873e-04 1.0746984e-04 1.9913595e-04 1.0447534e-02 9.8901880e-01] [0.22288789 0.15877868 0.25937146 0.3094457  0.04951626] [0.08702947 0.28165808 0.51032984 0.03778538 0.08319725] [0.15684895 0.10204294 0.73282856 0.00573515 0.00254442] [2.2311915e-02 7.0921791e-01 2.6731849e-01 5.5354723e-04 5.9812103e-04] [0.00367786 0.00109251 0.01315791 0.00154229 0.9805295 ] [0.0323284  0.01637797 0.94056976 0.00175478 0.00896901] [0.78192335 0.02925831 0.17686242 0.00650581 0.00545017] [0.03869011 0.00139883 0.00981215 0.45357382 0.49652505] [0.24298868 0.02108267 0.21113573 0.10991725 0.41487566] [0.16867046 0.00823058 0.56175715 0.09134568 0.1699961 ] [8.2588634e-03 3.9988197e-02 9.4815081e-01 3.2265207e-03 3.7555632e-04] [0.35245034 0.04475569 0.52892286 0.04606825 0.02780283] [0.06885712 0.36793327 0.55861837 0.00279272 0.00179847] [0.10437336 0.0115395  0.04937591 0.00343431 0.8312769 ] [0.30829278 0.0169541  0.1834025  0.3998411  0.09150951] [5.1354929e-03 1.5049172e-04 2.5040880e-04 1.1527470e-02 9.8293614e-01] [0.03627831 0.002403   0.00956934 0.190386   0.7613633 ] [0.12668967 0.21952412 0.4869945  0.01691146 0.14988029] [0.41890922 0.18592635 0.12380258 0.17781958 0.09354223] [0.12559481 0.01480634 0.28524128 0.26452732 0.30983028] [0.01500615 0.00170125 0.02069225 0.28393772 0.6786626 ] [0.01094896 0.00183369 0.0185747  0.05526934 0.91337335] [0.43075013 0.00692794 0.06503295 0.24424689 0.25304207] [7.6316991e-03 1.9394383e-01 7.9621077e-01 1.8162043e-03 3.9749645e-04] [1.5444873e-03 5.1130537e-05 4.7437893e-04 6.2052025e-03 9.9172473e-01] [0.00219172 0.00255574 0.01562627 0.00111603 0.97851026] [0.30728835 0.01325607 0.64895356 0.01873484 0.01176718] [0.14811653 0.06785752 0.58420736 0.07002954 0.12978902] [0.11042454 0.01574869 0.7977151  0.0532683  0.02284332] [0.12647231 0.02727076 0.40221465 0.42094558 0.02309664] [0.63856345 0.01093149 0.08874311 0.18847322 0.07328871] [0.0689062  0.00234559 0.00337275 0.20144042 0.723935  ] [0.11463745 0.1704433  0.43323603 0.20899841 0.07268477] [0.02928989 0.01541326 0.05147774 0.8992912  0.00452792] [0.5022226  0.01758633 0.20745252 0.12635975 0.14637882] [0.08092926 0.314202   0.6019382  0.00193935 0.0009912 ] [0.36010563 0.3517206  0.23437221 0.02958053 0.024221  ] [0.1030069  0.04768735 0.57340974 0.09221333 0.18368268] [5.1950617e-03 7.1492046e-05 1.0304343e-04 1.9988915e-02 9.7464150e-01] [0.3378548  0.32747135 0.20326146 0.12034095 0.01107146] [0.10983957 0.0196523  0.8639869  0.00151924 0.00500201] [0.07303098 0.03202694 0.83218914 0.05498517 0.00776777] [0.0416422  0.03287424 0.915209   0.00453779 0.00573673] [0.0471982  0.00445912 0.03244831 0.29071963 0.6251747 ] [0.1609228  0.00558878 0.06557161 0.26023176 0.50768507] [0.31268618 0.02896467 0.5992285  0.01927081 0.03984988] [0.00922044 0.00308503 0.05092238 0.01797786 0.91879433] [0.22200981 0.05577556 0.32742828 0.35435042 0.04043599] [0.03369186 0.1355415  0.82133096 0.00236413 0.00707156] [4.7482327e-02 8.3013799e-04 4.9374169e-03 8.9115226e-01 5.5597842e-02] [0.27271575 0.01565115 0.0371308  0.2648239  0.40967843] [0.75410265 0.01746241 0.09705622 0.11808571 0.01329301] [0.02780685 0.01163515 0.9413545  0.01647993 0.00272351] [0.09465208 0.0196552  0.11681566 0.10525424 0.66362286] [0.01852176 0.03111765 0.19774786 0.00212147 0.7504912 ] [0.05511606 0.01648332 0.07870811 0.1019638  0.7477287 ] [0.09261225 0.01979036 0.26752535 0.00425509 0.6158169 ]",4 3 2 0 2 4 4 0 2 3 2 1 1 2 2 4 2 2 2 1 4 4 2 2 3 4 3 3 1 1 4 1 3 2 4 0 4 1 2 3 2 2 3 0 4 1 0 2 4 0 2 1 2 1 2 4 4 3 0 0 4 2 4 4 4 1 4 2 2 3 4 0 2 2 2 2 2 4 2 0 2 3 4 4 2 3 0 0 1 1 4 2 2 1 1 4 2 2 4 0 0 1 2 2 4 0 4 3 2 1 3 4 3 0 1 4 4 0 0 2 3 3 4 0 3 3 2 2 0 4 1 1 0 2 4 0 0 3 2 2 4 0 0 1 0 4 3 3
188,1,xgboost,0.02,10000,10000,0.5510204081632653,0.8430430034401644,"[0.11816103 0.20845999 0.6648098  0.0054104  0.00315877] [0.5138148  0.01236788 0.06512276 0.18768556 0.22100905] [0.0135495  0.65052676 0.33300823 0.00096608 0.00194943] [0.3937757  0.04024752 0.30313024 0.17633766 0.08650889] [0.00341679 0.01569344 0.0137638  0.01122977 0.95589626] [0.01005452 0.6685126  0.30665374 0.01078115 0.00399803] [0.05085641 0.75771534 0.1576335  0.02677881 0.00701592] [0.296653   0.00962414 0.0591961  0.47972474 0.15480201] [0.01334889 0.03892054 0.06581379 0.49372795 0.38818875] [0.0139036  0.17293051 0.7536649  0.00256853 0.0569324 ] [3.9924732e-03 3.8798476e-04 7.3654600e-04 1.9681331e-02 9.7520173e-01] [0.31477514 0.20799312 0.10002543 0.3640613  0.01314497] [0.5347959  0.12526184 0.31425443 0.01159413 0.01409373] [0.32723024 0.01261796 0.5690353  0.04413028 0.04698621] [0.05763114 0.1776139  0.5983123  0.01500869 0.15143394] [0.03242887 0.00246818 0.00524575 0.05031314 0.909544  ] [0.01937119 0.00208675 0.04727489 0.01846815 0.912799  ] [5.0031357e-03 8.7950655e-05 3.3158439e-04 1.3506586e-02 9.8107076e-01] [9.7755308e-04 3.4752468e-04 6.0922978e-03 1.3633600e-03 9.9121922e-01] [9.5554302e-03 9.3516630e-01 5.3369775e-02 1.2012954e-03 7.0717570e-04] [0.30720174 0.17335287 0.49961305 0.00928783 0.01054455] [0.01522366 0.03577405 0.94253737 0.00360873 0.00285618] [0.03362144 0.00797653 0.03378575 0.02928664 0.8953297 ] [0.15121561 0.1363435  0.6290663  0.00554138 0.07783318] [0.31207362 0.15035598 0.26803872 0.14632215 0.12320953] [0.08711303 0.07314134 0.15642583 0.6225045  0.06081534] [0.04187017 0.47850597 0.39644757 0.03209221 0.05108408] [0.08723588 0.00737536 0.17738046 0.47988728 0.24812104] [0.08911473 0.03068007 0.7565941  0.04492111 0.07869001] [0.22640485 0.16434483 0.10440338 0.08756603 0.41728094] [1.4085517e-03 3.9574545e-04 3.7750971e-04 1.2649943e-01 8.7131876e-01] [0.0962906  0.01990357 0.8029636  0.02810787 0.05273439] [0.05901884 0.0031797  0.00427771 0.16666692 0.76685685] [2.6850382e-02 3.6800513e-04 1.7654108e-03 2.1826131e-02 9.4919008e-01] [0.22825874 0.02310421 0.67497593 0.06329212 0.01036902] [0.10851683 0.01111992 0.32658914 0.35969546 0.19407865] [8.3774133e-03 1.1766775e-01 8.6247486e-01 7.2033948e-04 1.0759694e-02] [0.1328652  0.00118506 0.01070812 0.02958952 0.8256521 ] [7.0467526e-03 3.5663167e-04 1.4822783e-03 1.0426724e-02 9.8068768e-01] [0.02763915 0.00472021 0.02683981 0.5396961  0.40110475] [0.06471848 0.00811613 0.47744292 0.1349949  0.31472754] [2.5744312e-03 2.3878849e-04 6.9709163e-04 1.1462596e-02 9.8502707e-01] [1.0629885e-03 3.4685966e-04 9.6544996e-03 5.6897564e-04 9.8836666e-01] [0.55884004 0.00996525 0.03337331 0.26835856 0.12946288] [0.21326159 0.03149607 0.6049235  0.10088411 0.04943475] [0.17730743 0.5019229  0.261631   0.01811865 0.04102   ] [0.0676221  0.00124069 0.00374131 0.8076884  0.11970747] [0.04730467 0.00267814 0.02917448 0.09927343 0.8215692 ] [0.35018164 0.04574352 0.08322329 0.41993883 0.1009127 ] [0.18587212 0.22094856 0.5448168  0.03298122 0.0153813 ] [3.9700442e-03 1.7637682e-04 5.2231271e-04 2.3935193e-02 9.7139603e-01] [0.01494118 0.0755314  0.819698   0.00988087 0.07994861] [0.21679693 0.25243026 0.39485943 0.02982172 0.10609159] [0.01586791 0.33038908 0.6425007  0.00775573 0.00348659] [0.00519113 0.56030256 0.43219024 0.00113201 0.00118412] [0.04523315 0.02124316 0.00797607 0.177908   0.7476396 ] [0.07286763 0.08830645 0.81546724 0.01507642 0.00828225] [0.03036963 0.834594   0.117824   0.00705899 0.01015335] [0.4824121  0.03196858 0.06917239 0.32063633 0.09581055] [7.4336724e-03 5.5127579e-04 3.6696752e-04 5.7916876e-02 9.3373114e-01] [0.03327475 0.03146059 0.8993994  0.01734555 0.01851978] [0.34479284 0.01808498 0.3578577  0.1454033  0.13386121] [4.3484480e-03 3.6088977e-04 4.1190758e-03 9.0521969e-02 9.0064961e-01] [0.33413628 0.0837708  0.55587757 0.01844691 0.00776845] [2.5385091e-04 9.0754145e-01 9.1938913e-02 1.4695685e-04 1.1880269e-04] [0.21666275 0.7544377  0.01868769 0.00381197 0.00639989] [0.06194423 0.0010857  0.00324386 0.37196386 0.5617624 ] [2.7312704e-03 9.3943900e-01 5.6524735e-02 9.6514367e-04 3.3983478e-04] [0.07345154 0.06783082 0.63027006 0.00824463 0.22020294] [0.15803018 0.00518235 0.00387172 0.2984448  0.5344709 ] [0.1433038  0.29557398 0.4980799  0.03772197 0.02532036] [0.07567596 0.00732437 0.01134807 0.7929593  0.11269233] [0.16346402 0.17322473 0.56674623 0.0229597  0.07360534] [0.00562667 0.80693436 0.16620536 0.00152097 0.01971266] [0.34885466 0.02982785 0.5411564  0.03127886 0.04888223] [4.9402704e-03 1.5859820e-03 1.0520800e-03 9.4070070e-04 9.9148095e-01] [0.1263619  0.01247068 0.01075912 0.6090443  0.24136399] [0.20386283 0.09007493 0.12575462 0.0800986  0.500209  ] [0.04567141 0.0068631  0.08398107 0.41215008 0.45133433] [0.49673486 0.03223218 0.39567482 0.0592976  0.01606057] [1.7300110e-03 7.4892730e-04 5.5363599e-02 1.7025961e-03 9.4045484e-01] [5.1387312e-04 2.5337044e-04 2.3792090e-03 3.7611232e-04 9.9647743e-01] [0.17204444 0.01758501 0.01618896 0.25479537 0.5393862 ] [0.01195649 0.23547931 0.73809075 0.00345425 0.01101916] [0.13130316 0.05528288 0.23005095 0.47245544 0.11090754] [0.27260494 0.55563706 0.04804037 0.07896367 0.04475397] [0.03502968 0.04947561 0.08936179 0.23971736 0.5864156 ] [0.23722531 0.04523373 0.40948838 0.24815239 0.05990017] [0.251774   0.13839784 0.5211363  0.07559452 0.01309731] [0.00439421 0.00222572 0.07101104 0.0074583  0.91491073] [1.5139563e-03 8.6683756e-01 1.3124351e-01 1.2789224e-04 2.7707519e-04] [0.3169711  0.02088256 0.4227662  0.2245429  0.01483729] [0.11640808 0.06040273 0.6641616  0.06403391 0.09499364] [0.30782136 0.02576152 0.06349254 0.57787234 0.02505225] [0.0119539  0.00546786 0.01191102 0.04971564 0.92095155] [1.15283288e-03 2.59386812e-04 8.99003586e-04 1.10762745e-01
 8.86926055e-01] [7.6122512e-03 5.1122590e-04 9.6186815e-04 4.5080319e-02 9.4583440e-01] [0.06821077 0.4204123  0.5077035  0.00272124 0.00095222] [2.4691909e-03 2.0199813e-04 3.2994507e-03 2.8010758e-03 9.9122822e-01] [0.04089601 0.015977   0.925133   0.00418577 0.01380828] [0.3391711  0.34101346 0.1538252  0.04452325 0.12146699] [0.01845933 0.00186273 0.04454623 0.01253573 0.922596  ] [0.46708405 0.13792622 0.14963672 0.2304438  0.01490917] [0.1571104  0.26882675 0.5237643  0.03235102 0.01794751] [0.51416254 0.00864248 0.06804509 0.00928789 0.39986202] [0.13386211 0.11585046 0.37227717 0.33260402 0.04540627] [6.3229032e-04 3.1398705e-04 1.2231912e-02 2.9019732e-04 9.8653167e-01] [0.00191442 0.06765456 0.91884756 0.00186952 0.00971396] [0.03523122 0.5261623  0.43243137 0.00505556 0.00111956] [0.05701587 0.0114301  0.00670507 0.8723174  0.05253157] [0.18413354 0.45888782 0.2515077  0.04682006 0.0586509 ] [2.6570502e-04 6.3238590e-04 1.9798053e-03 1.0322501e-03 9.9608994e-01] [0.55311847 0.01227167 0.20598602 0.1311816  0.09744227] [0.13814403 0.03531665 0.7679387  0.03663773 0.02196293] [0.395458   0.01544672 0.23442686 0.09961873 0.2550497 ] [0.01088813 0.00221067 0.00312695 0.52236056 0.46141368] [0.13693093 0.02768659 0.45164025 0.00274093 0.38100132] [0.00276718 0.00459402 0.00375859 0.00378569 0.98509455] [6.5529821e-03 4.8086443e-04 4.2205658e-03 3.8827363e-02 9.4991821e-01] [0.14609052 0.0154948  0.12380826 0.17888315 0.53572327] [0.02308602 0.00359962 0.0091887  0.78508174 0.17904387] [0.23473507 0.00715544 0.4929647  0.02486042 0.24028438] [0.06324986 0.02323744 0.75263035 0.02270723 0.1381751 ] [0.31994805 0.01280861 0.07687674 0.24579144 0.34457514] [0.01818629 0.14647523 0.81456053 0.01253205 0.00824594] [3.2671657e-03 1.6299370e-01 8.2906681e-01 4.3801931e-03 2.9211844e-04] [0.44593847 0.03709893 0.29234728 0.15212615 0.07248923] [0.00782641 0.7428834  0.2465095  0.00110271 0.00167799] [3.0148139e-02 4.2747453e-04 1.0656764e-02 2.4026101e-02 9.3474156e-01] [0.05569072 0.06061232 0.76652616 0.07196726 0.04520353] [0.19996633 0.02574282 0.5602289  0.1559019  0.05816004] [0.04155203 0.0017501  0.01109343 0.09722023 0.84838414] [4.1009341e-03 3.5710749e-04 7.8513130e-04 3.9487056e-02 9.5526981e-01] [5.1999572e-03 2.7531135e-01 7.1683359e-01 2.4735427e-03 1.8154843e-04] [0.11321574 0.0211603  0.8286756  0.02204489 0.01490348] [0.18202654 0.02082529 0.39742753 0.3757772  0.02394343] [0.1056574  0.0908756  0.7894465  0.01166952 0.00235098] [0.14176118 0.0058303  0.07209305 0.56493974 0.2153757 ] [0.01114816 0.2959977  0.6848966  0.00326547 0.00469207] [0.12742636 0.5394385  0.15049393 0.11847794 0.06416333] [0.37163198 0.11865138 0.2923704  0.05037872 0.1669675 ] [0.08100038 0.02466794 0.87349176 0.00422741 0.01661249] [2.0060547e-04 7.8030973e-04 6.7753796e-03 2.2420015e-03 9.9000168e-01] [0.06105668 0.10840549 0.1877849  0.17201556 0.47073734] [0.0962869  0.04748134 0.60052127 0.08114649 0.17456403] [0.06871071 0.01024322 0.90039015 0.00264021 0.01801573] [0.05654517 0.00899264 0.92626244 0.00592741 0.00227237]",2 3 1 2 4 2 2 3 3 2 4 1 0 1 1 4 2 4 4 2 2 1 4 1 2 3 0 0 2 2 4 2 4 4 2 2 2 4 4 4 0 3 4 3 0 2 3 4 3 1 3 1 2 2 2 3 2 2 0 4 2 0 3 1 1 2 3 1 2 3 2 3 0 2 0 4 4 0 0 0 4 4 3 2 3 2 3 2 1 4 1 0 0 0 4 4 4 1 4 2 2 4 3 2 0 2 4 1 2 3 1 4 0 1 0 3 2 4 4 4 3 4 2 4 2 1 0 2 4 0 2 0 4 1 0 0 2 4 1 0 0 2 4 0 2 2 1
188,2,xgboost,0.02,10000,10000,0.5714285714285714,0.8667028416575381,[0.01956129 0.41312215 0.5613254  0.00472626 0.00126492] [0.0437676  0.02428544 0.925294   0.00521467 0.00143829] [0.0243219  0.00164628 0.06139888 0.0073507  0.90528226] [0.15131469 0.08386629 0.3925808  0.03616101 0.33607715] [0.46716723 0.05790694 0.4041175  0.02150974 0.04929855] [0.04467719 0.04705768 0.8722754  0.00252403 0.03346567] [0.26917765 0.21614708 0.29203677 0.05398064 0.16865787] [0.06730432 0.54263866 0.3790911  0.00701288 0.00395301] [0.0984329  0.2577414  0.6071401  0.01046645 0.02621915] [0.00562921 0.00475067 0.03194749 0.25600693 0.7016657 ] [0.11646175 0.18757086 0.5863623  0.08044872 0.02915635] [0.15062335 0.00766485 0.30315095 0.01229278 0.52626806] [0.19120087 0.00504103 0.01316981 0.27391046 0.5166778 ] [0.10879158 0.64804757 0.23771043 0.00315603 0.00229433] [0.00208736 0.00257465 0.02423783 0.00131338 0.96978676] [0.03375084 0.00159079 0.00473365 0.4645673  0.4953574 ] [0.03350056 0.04315794 0.8876631  0.0061928  0.02948556] [0.0909168  0.04172044 0.49344143 0.03313646 0.34078488] [0.14619221 0.01166929 0.34251827 0.19804887 0.30157137] [0.04144197 0.672119   0.27935827 0.00248092 0.00459985] [0.02604427 0.01428131 0.05065266 0.30843082 0.60059094] [0.02763631 0.0041985  0.01536579 0.88442403 0.06837539] [0.22556086 0.02613662 0.15664323 0.5490078  0.04265155] [0.08156675 0.01695458 0.8351551  0.01290134 0.05342217] [5.5564818e-04 9.4381493e-01 5.4468460e-02 5.7132234e-04 5.8971613e-04] [0.7146119  0.01586543 0.04705427 0.02042946 0.20203893] [0.01679371 0.06624463 0.90366936 0.00401729 0.00927503] [0.00314094 0.3403669  0.647551   0.00824514 0.00069606] [1.8328123e-03 7.0135971e-04 2.0814195e-02 8.9194922e-04 9.7575969e-01] [0.01085072 0.15863852 0.8108604  0.01336922 0.00628111] [0.30658716 0.02198019 0.39682484 0.17148848 0.10311933] [0.00328673 0.00345824 0.01873755 0.00291534 0.97160214] [0.03359473 0.391675   0.5456224  0.01145299 0.01765487] [0.14024484 0.2649658  0.46450603 0.05351933 0.07676397] [0.01058973 0.4490379  0.5382848  0.00117944 0.00090814] [0.02614493 0.04343895 0.90239596 0.00221532 0.02580477] [0.04091999 0.55084264 0.37488008 0.00301127 0.030346  ] [0.374437   0.0404415  0.05101655 0.15972258 0.37438232] [1.1635118e-03 4.4278620e-04 5.2424488e-03 7.6021184e-04 9.9239105e-01] [5.7609114e-03 2.4044610e-04 2.2236116e-03 9.9776931e-02 8.9199811e-01] [7.8634908e-03 9.6168888e-01 2.9632244e-02 3.3619962e-04 4.7926174e-04] [0.0129456  0.74060345 0.24317686 0.00076792 0.00250612] [0.07880829 0.46185437 0.42791957 0.02263985 0.00877791] [1.7797550e-03 7.9913344e-04 1.1574329e-03 3.1387366e-03 9.9312496e-01] [0.688355   0.05543322 0.10661159 0.08704286 0.06255733] [0.05029049 0.0018497  0.00595909 0.11413408 0.82776666] [0.06980847 0.09773866 0.4372472  0.03177821 0.36342746] [0.5283328  0.18259394 0.24561313 0.02989026 0.01356986] [0.05306697 0.08775121 0.84628046 0.00512607 0.00777528] [5.4400149e-03 9.0964051e-05 2.3328964e-04 1.4536590e-02 9.7969913e-01] [0.14205612 0.01060175 0.09632758 0.2132449  0.5377697 ] [2.2173036e-02 4.1694511e-04 8.1098027e-04 1.5211874e-01 8.2448030e-01] [0.02703299 0.57569784 0.39272597 0.0029038  0.00163943] [0.26421672 0.20926447 0.44592494 0.07615682 0.00443704] [0.11423345 0.02431353 0.6694286  0.01125102 0.18077344] [0.26139912 0.02202219 0.02499973 0.43853435 0.25304464] [0.29838023 0.1981949  0.44456306 0.01815168 0.04071015] [0.26369423 0.00622769 0.13870515 0.00504634 0.58632666] [0.14448176 0.28483352 0.37386018 0.18694891 0.00987557] [0.67198884 0.06776443 0.1701121  0.04897129 0.04116335] [0.02244288 0.00331925 0.0105143  0.47954163 0.48418194] [0.02260324 0.5161563  0.4535694  0.00540965 0.00226133] [0.263255   0.01254367 0.04358343 0.63852096 0.04209695] [0.06885435 0.00392457 0.9105133  0.01035813 0.00634966] [0.11924391 0.04717375 0.18126483 0.21342397 0.4388936 ] [0.02305068 0.04061059 0.8944758  0.02802082 0.01384212] [0.7892147  0.02220756 0.12207925 0.05353309 0.01296542] [0.06325883 0.01459541 0.58867514 0.20438838 0.12908222] [0.28276742 0.00895153 0.13436566 0.5427276  0.03118783] [0.09927218 0.01215725 0.0307859  0.785314   0.07247068] [6.4604334e-03 2.1410066e-04 6.2045560e-04 4.4176158e-02 9.4852883e-01] [3.6043229e-03 6.7058747e-04 6.4000576e-03 1.5271551e-03 9.8779792e-01] [0.06050438 0.00393138 0.02296809 0.07955365 0.8330425 ] [0.02447926 0.00108607 0.00467399 0.257692   0.7120686 ] [0.3015328  0.25745872 0.43124947 0.00581708 0.00394189] [5.3101860e-04 8.6833107e-01 1.3001043e-01 4.2514980e-04 7.0235378e-04] [0.07133789 0.00392751 0.08708219 0.60134035 0.23631202] [0.24668305 0.16220662 0.33154914 0.17647517 0.08308601] [0.10119904 0.16641961 0.5846951  0.1247655  0.02292075] [0.13316785 0.00235725 0.00719721 0.50699085 0.35028684] [0.06286366 0.0211037  0.08012268 0.00535549 0.8305545 ] [4.2022853e-03 1.7190649e-04 3.0740397e-04 4.3637160e-02 9.5168126e-01] [0.10321392 0.01532045 0.12594096 0.6269259  0.12859876] [0.01935454 0.02199047 0.9528455  0.00399735 0.00181209] [0.06755993 0.04442451 0.88069063 0.0052903  0.00203468] [0.04880656 0.6825066  0.2583334  0.00483289 0.00552051] [1.2061932e-02 3.6059695e-04 3.8751839e-03 2.6626208e-01 7.1744019e-01] [0.36294812 0.0059049  0.00919936 0.50689805 0.11504955] [0.09599077 0.08375525 0.81047755 0.0036991  0.00607737] [8.4686594e-04 5.9527898e-01 4.0349600e-01 1.9247713e-04 1.8568603e-04] [0.2317014  0.0468454  0.62070197 0.04107027 0.05968091] [0.07403366 0.17884889 0.6641569  0.04077718 0.04218334] [0.04124887 0.04189202 0.03352553 0.7515311  0.13180245] [0.70997673 0.00753246 0.06089853 0.02462991 0.19696239] [0.04445335 0.03409572 0.87214273 0.04006701 0.00924116] [2.0652084e-02 2.4291020e-04 7.4810267e-04 9.2114117e-03 9.6914542e-01] [0.16509816 0.19273907 0.61255753 0.02038224 0.00922296] [3.3608784e-03 5.6010664e-01 4.3600366e-01 3.1101058e-04 2.1782624e-04] [0.11749259 0.1830837  0.476411   0.17941348 0.04359923] [0.0355182  0.00193426 0.01155832 0.12399987 0.82698935] [0.03599403 0.00894713 0.03431645 0.7545885  0.16615385] [1.4685793e-03 2.6182688e-04 2.5514471e-03 7.6695328e-04 9.9495125e-01] [1.1955379e-02 2.3518779e-04 1.2415062e-03 2.0859063e-02 9.6570891e-01] [0.35873264 0.01947054 0.01027456 0.12807031 0.4834519 ] [0.03721407 0.814069   0.13458999 0.00976636 0.00436065] [0.44998363 0.01066101 0.4098926  0.07651726 0.05294556] [4.3251086e-04 8.7122571e-01 1.2793508e-01 2.0053281e-04 2.0611772e-04] [0.22678703 0.00783559 0.6166601  0.04959881 0.09911842] [8.7808520e-03 7.2727621e-02 9.1559118e-01 6.8554434e-04 2.2147924e-03] [6.7577041e-03 1.3067345e-04 2.2426876e-03 2.3813596e-02 9.6705532e-01] [0.0490016  0.05057186 0.7230869  0.09041246 0.08692714] [0.20154835 0.04506567 0.7256139  0.01134243 0.01642967] [0.34459946 0.00392143 0.03246573 0.4565572  0.16245613] [0.07746631 0.04477903 0.8689486  0.00382767 0.00497846] [0.46410578 0.02267883 0.45949796 0.02105541 0.03266205] [0.09550225 0.00307138 0.01455512 0.2850802  0.6017911 ] [7.9533430e-03 2.3562256e-01 7.5372005e-01 6.7686947e-04 2.0271323e-03] [0.59828925 0.01393588 0.07406648 0.30528373 0.00842465] [0.00824767 0.01359767 0.9196345  0.05597593 0.00254421] [1.4911310e-03 1.1499656e-04 1.6267457e-04 1.4941125e-01 8.4881991e-01] [0.40346563 0.08518863 0.09573314 0.36102095 0.05459163] [0.37307462 0.08993938 0.1548111  0.11185765 0.27031723] [0.19047765 0.12685092 0.08212892 0.22371577 0.37682673] [0.30322185 0.00824947 0.04872286 0.46100092 0.17880492] [0.01973495 0.45584884 0.5162416  0.00364549 0.00452914] [0.02471582 0.2780122  0.67389756 0.00598519 0.0173892 ] [7.5283553e-03 1.3353124e-01 8.5687280e-01 1.5111351e-03 5.5644196e-04] [0.5536552  0.03108958 0.33697644 0.04200996 0.03626882] [0.0349545  0.03577098 0.9207377  0.00313309 0.00540374] [0.5299343  0.07937374 0.20879728 0.04853019 0.13336448] [0.06704454 0.003267   0.00431132 0.05433021 0.87104696] [0.10962629 0.01553678 0.4040496  0.44933748 0.02144982] [0.36179778 0.03429312 0.4566385  0.04112701 0.10614356] [1.0105636e-02 9.5823425e-04 2.2565382e-02 4.6199467e-03 9.6175081e-01] [0.07590045 0.00928906 0.70846486 0.07391633 0.1324293 ] [0.17199828 0.02410533 0.18955176 0.4836101  0.13073456] [0.25302747 0.01058887 0.08636831 0.06116231 0.58885306] [0.15066285 0.25022155 0.423037   0.14080007 0.03527848] [0.05378773 0.01107113 0.8542814  0.01500597 0.06585375] [0.08741565 0.03905256 0.8319697  0.00479145 0.03677064] [0.46031293 0.01652798 0.46924666 0.02193709 0.03197539] [0.00780681 0.28029138 0.70868945 0.00118478 0.00202756] [0.5054006  0.00781852 0.07615957 0.07485719 0.33576408] [0.06728069 0.00733311 0.01167317 0.7901834  0.12352963] [0.25847745 0.04313901 0.4161572  0.21929835 0.06292799] [0.0480052  0.24584532 0.05617689 0.5427557  0.10721691] [0.00323456 0.00238726 0.02852098 0.01787512 0.9479821 ],1 1 4 2 2 1 4 2 2 3 0 2 4 2 4 3 2 0 0 1 0 3 3 2 1 0 1 2 4 2 3 4 1 0 2 0 1 0 4 4 1 2 2 4 0 4 1 2 2 4 0 4 2 1 2 4 1 4 1 2 3 2 3 2 3 2 0 3 0 3 4 4 4 4 1 1 3 0 2 3 4 4 0 2 2 1 4 3 2 1 2 2 0 4 0 4 2 1 2 3 4 4 4 3 2 0 1 3 2 4 2 2 4 1 2 3 2 0 2 4 0 3 2 3 2 2 2 0 1 4 4 0 0 4 4 0 4 2 0 2 0 2 4 3 3 0 4
188,3,xgboost,0.02,10000,10000,0.5850340136054422,0.8378940966301279,"[0.5969406  0.00542504 0.28005654 0.06490147 0.05267642] [0.19417775 0.04047689 0.15119196 0.37283495 0.24131842] [0.44037133 0.03099767 0.2601574  0.236808   0.03166553] [0.53254974 0.13040428 0.1930955  0.09682216 0.04712837] [1.1713709e-03 3.9699345e-04 7.9464552e-04 4.2388812e-02 9.5524812e-01] [3.3076510e-03 4.0394432e-04 5.3551426e-04 5.1084429e-02 9.4466847e-01] [0.03537646 0.01225066 0.70679677 0.14947383 0.09610225] [0.0145804  0.00172666 0.00150666 0.1856544  0.7965319 ] [0.03925194 0.01137652 0.9108405  0.02135551 0.01717554] [0.2583364  0.03638024 0.5850102  0.09959449 0.02067868] [0.01465293 0.00995854 0.03320855 0.00902911 0.9331508 ] [0.01640198 0.12032186 0.79621965 0.0407946  0.02626193] [0.00900041 0.26912063 0.6828464  0.01821276 0.02081979] [1.6229438e-02 6.7934549e-01 3.0247506e-01 1.4514998e-03 4.9850007e-04] [0.12634164 0.03610235 0.2819425  0.01314085 0.54247266] [7.5648814e-03 7.0757449e-02 9.1997552e-01 1.3590942e-03 3.4304411e-04] [0.08462716 0.00112469 0.00754135 0.23940068 0.6673061 ] [0.07308818 0.03465554 0.7068621  0.14212908 0.04326509] [0.17533161 0.28302497 0.45384654 0.02123202 0.06656491] [0.0124055  0.0022596  0.00178567 0.16860579 0.81494343] [0.04584599 0.06267811 0.86099154 0.00266058 0.02782374] [0.28706104 0.01872648 0.03697595 0.2560997  0.4011368 ] [4.7953697e-03 2.8237596e-04 3.2175973e-04 5.1988506e-01 4.7471541e-01] [0.12035447 0.07718957 0.77286106 0.01345067 0.01614419] [0.05605528 0.0656877  0.7789189  0.06265415 0.03668391] [0.41067123 0.0265827  0.01156397 0.49440733 0.05677475] [0.27205488 0.07937808 0.629678   0.00894173 0.00994734] [0.03784236 0.53324914 0.3255661  0.02756248 0.07577992] [0.42562175 0.02571242 0.06125854 0.06681701 0.42059028] [0.02543961 0.00614749 0.01402416 0.20008391 0.7543048 ] [0.5394595  0.00674475 0.20624545 0.22561795 0.02193232] [0.5558754  0.10049909 0.291717   0.01978382 0.03212467] [1.2456505e-03 2.7757371e-04 1.4264507e-03 8.0019381e-04 9.9625009e-01] [0.01048887 0.00645888 0.0056966  0.32294998 0.6544057 ] [0.15991192 0.01781167 0.0258317  0.3150545  0.48139018] [0.00858922 0.11402785 0.8635128  0.00226998 0.01160017] [0.16083245 0.04581488 0.4298959  0.01767409 0.3457827 ] [0.0282306  0.7837086  0.1530303  0.01701709 0.01801346] [0.03173051 0.00447841 0.01733731 0.06387296 0.88258076] [0.13783164 0.07248561 0.7225742  0.06145012 0.00565844] [0.08093445 0.006796   0.8564547  0.028689   0.02712589] [0.05159848 0.00127526 0.00335255 0.10152716 0.84224653] [0.00339995 0.87263155 0.11976649 0.00240125 0.00180079] [0.04179803 0.0390934  0.10314287 0.46018422 0.35578147] [0.07532521 0.07087579 0.8404409  0.00462243 0.00873563] [0.04749963 0.29475552 0.65087134 0.00264312 0.00423039] [0.06598381 0.00713893 0.08436291 0.03819662 0.8043178 ] [0.01315996 0.1888158  0.7894146  0.00508967 0.00351998] [5.0491905e-03 2.9891578e-04 1.2340088e-03 5.8524378e-02 9.3489355e-01] [0.67217994 0.01100679 0.11637178 0.14284147 0.05759998] [0.13733074 0.34072864 0.4749497  0.04183086 0.00516009] [0.02410958 0.06707919 0.8893514  0.0028086  0.01665118] [0.2627554  0.00327782 0.01286517 0.63366914 0.08743248] [0.02139942 0.16091232 0.7999554  0.0102619  0.00747092] [0.06294718 0.00999225 0.0253912  0.87967944 0.02198997] [0.06786118 0.12388448 0.7738023  0.03362079 0.00083128] [0.0211146  0.4784367  0.49502572 0.00408801 0.00133492] [0.1173052  0.01614563 0.4924519  0.24200737 0.13208991] [3.0560987e-03 4.7644190e-04 9.3731756e-04 6.8814604e-04 9.9484199e-01] [0.04304333 0.00091715 0.00254686 0.8463562  0.1071364 ] [6.8396404e-03 9.2060691e-01 6.9839440e-02 1.9689880e-03 7.4506638e-04] [0.0277083  0.00316964 0.01076937 0.83009803 0.1282547 ] [0.01348726 0.5563726  0.42591348 0.00208986 0.0021368 ] [8.15649284e-04 1.20937846e-04 3.99568846e-04 4.41482738e-02
 9.54515517e-01] [0.01613518 0.00267985 0.0461149  0.8935986  0.04147142] [4.263560e-03 5.539728e-03 6.502834e-01 5.437815e-04 3.393696e-01] [1.4316614e-03 6.2620930e-02 9.3556774e-01 1.9997604e-04 1.7966161e-04] [0.12808138 0.01190226 0.03554497 0.362452   0.46201938] [3.6619991e-02 3.6922167e-04 3.9998846e-04 9.0798819e-01 5.4622553e-02] [0.46359235 0.01293357 0.09699703 0.3178614  0.10861563] [0.3076687  0.00799878 0.19271655 0.46546394 0.02615205] [4.1835732e-03 8.2402467e-04 3.3170686e-03 8.7610757e-01 1.1556779e-01] [6.0480908e-03 1.2710713e-01 8.6608016e-01 4.9421529e-04 2.7048166e-04] [0.28307697 0.01699697 0.04383304 0.23745564 0.41863742] [0.37526196 0.03855935 0.157145   0.37197596 0.05705778] [0.1284661  0.0274462  0.41244125 0.12716672 0.30447966] [0.05879684 0.00539796 0.06817669 0.7988275  0.06880098] [0.36740825 0.20297475 0.400826   0.02238643 0.00640454] [0.7507615  0.01153795 0.11236954 0.06407516 0.06125588] [0.04832318 0.01395456 0.88651294 0.02369648 0.02751289] [0.06622458 0.00329305 0.00983874 0.47153205 0.44911152] [0.03108745 0.00207012 0.00949451 0.11658923 0.84075874] [0.06201687 0.11701798 0.594116   0.04757774 0.17927147] [0.171136   0.00601667 0.02734549 0.29583743 0.49966443] [0.21251285 0.00624414 0.3013676  0.4090719  0.07080351] [0.00613083 0.00105649 0.98875856 0.00104099 0.0030131 ] [0.21062241 0.05009307 0.6212913  0.10164379 0.01634947] [0.05208263 0.11421669 0.29451713 0.28220242 0.25698113] [0.0107693  0.23609611 0.707905   0.03298888 0.01224073] [1.52776632e-02 1.08239606e-01 8.75395954e-01 7.18570780e-04
 3.68138455e-04] [3.4602480e-03 3.5786763e-04 2.4368556e-03 9.4389293e-04 9.9280119e-01] [3.5573161e-04 1.9239723e-04 1.2614825e-03 7.5735780e-04 9.9743301e-01] [0.20773213 0.08958313 0.4427808  0.2475202  0.01238373] [2.5328241e-02 7.7016972e-04 8.2151819e-04 6.8885759e-02 9.0419424e-01] [0.11686155 0.01753568 0.83455276 0.00821466 0.0228354 ] [3.5735331e-03 1.6239056e-04 6.3856784e-04 3.9752431e-02 9.5587307e-01] [0.02297656 0.00104776 0.02499666 0.02257415 0.92840487] [0.17476077 0.05845291 0.4000222  0.28777373 0.07899041] [0.05160756 0.1888508  0.73467726 0.02233559 0.00252877] [2.1955810e-02 7.4062427e-04 1.0595303e-03 3.9948739e-02 9.3629533e-01] [0.098345   0.02158013 0.5917579  0.28589326 0.0024237 ] [0.02260505 0.08190218 0.87469214 0.00746969 0.01333101] [2.3417794e-03 5.5598799e-04 1.6139381e-02 7.2576571e-04 9.8023707e-01] [0.01887766 0.00472642 0.00902925 0.86849326 0.09887341] [0.24989372 0.10434849 0.26070234 0.37560996 0.00944549] [0.13680619 0.05447333 0.5552746  0.23955041 0.01389548] [0.07136636 0.06460337 0.846269   0.01343537 0.00432581] [0.21179345 0.07205836 0.5744925  0.07829834 0.06335736] [0.10039653 0.03933653 0.22923617 0.03266246 0.5983683 ] [1.1110904e-03 9.6559095e-01 3.2341380e-02 5.7864713e-04 3.7788515e-04] [0.05476844 0.01241433 0.17553513 0.612816   0.14446615] [0.5603965  0.02180532 0.0190376  0.36569306 0.03306751] [0.06034528 0.01552283 0.12169701 0.24391642 0.55851847] [0.11185319 0.10769911 0.7180275  0.05019435 0.0122259 ] [0.04280235 0.00840173 0.0078258  0.8151109  0.12585923] [0.01041593 0.00129068 0.94210654 0.0276648  0.01852207] [0.00357152 0.00594223 0.02334305 0.00752838 0.9596148 ] [0.19701713 0.06127568 0.2739677  0.41459125 0.05314821] [0.04050707 0.29200968 0.5150882  0.08135927 0.07103577] [0.13369152 0.09814639 0.6956022  0.02264849 0.04991146] [0.03106537 0.0006329  0.0021523  0.55717313 0.4089763 ] [0.03651935 0.02275113 0.31914896 0.04860215 0.57297844] [0.03422026 0.19518355 0.7552569  0.00902161 0.00631771] [0.00655707 0.09071586 0.8987865  0.0015722  0.00236838] [0.03745432 0.00180039 0.0015868  0.18521701 0.7739415 ] [0.01107517 0.01335875 0.9598803  0.00421934 0.01146643] [0.00999154 0.33437273 0.6415717  0.00857155 0.00549249] [7.8383666e-03 3.3710894e-01 6.5347916e-01 3.9947502e-04 1.1740860e-03] [0.00544998 0.06150777 0.9262243  0.00218207 0.00463582] [0.00848561 0.08483002 0.90205944 0.00247946 0.0021455 ] [0.03069176 0.14194278 0.8059599  0.00632718 0.01507838] [0.03058308 0.04599198 0.08154694 0.3616984  0.48017955] [0.07123772 0.02684307 0.87614745 0.01335895 0.0124128 ] [0.00326087 0.0013485  0.00606939 0.00288306 0.98643816] [5.2916567e-04 6.4887560e-04 2.9369539e-03 1.9252382e-04 9.9569255e-01] [0.01218618 0.5203274  0.45692363 0.00889767 0.00166515] [0.15768324 0.09791676 0.71479076 0.0211555  0.00845368] [0.19063082 0.1318809  0.32834968 0.33949    0.00964857] [0.02170344 0.01580424 0.910454   0.00694108 0.04509727] [0.09353312 0.05392719 0.3089743  0.05364303 0.48992234] [2.3969591e-02 3.1956696e-04 5.0136610e-04 1.3425572e-01 8.4095377e-01] [0.06442254 0.00446491 0.05945665 0.20030226 0.67135364] [0.02576954 0.01830101 0.951673   0.00103531 0.00322122] [0.01001783 0.1696765  0.8137435  0.00364947 0.00291275] [0.04120266 0.01404682 0.8058469  0.04961174 0.08929183] [0.0111062  0.8029435  0.1774942  0.00117206 0.00728399] [0.13940045 0.07580247 0.77574426 0.00486535 0.00418751]",0 3 0 1 3 3 0 4 2 0 4 0 2 1 4 2 3 2 0 4 2 3 4 2 4 3 2 1 0 3 0 2 4 4 4 2 2 1 4 1 0 4 2 0 2 2 4 2 4 0 2 2 3 2 0 1 1 0 4 3 1 3 1 4 3 0 2 4 4 4 3 4 1 0 3 3 3 2 0 1 4 4 4 0 3 2 3 3 1 1 4 4 2 4 2 4 4 0 2 3 2 2 4 4 0 2 2 1 2 1 3 2 2 2 0 0 4 0 2 2 4 2 0 1 4 2 2 1 2 1 0 0 2 4 4 1 2 1 2 4 4 3 0 2 2 2 1
188,4,xgboost,0.02,10000,10000,0.5374149659863946,0.8484987901559329,"[8.9013102e-03 1.5056013e-01 8.3937901e-01 8.2221185e-04 3.3731456e-04] [0.07673719 0.28401828 0.6228533  0.00219326 0.01419801] [0.1772851  0.28444576 0.27200806 0.12746945 0.1387916 ] [0.02308613 0.04849304 0.18377765 0.4839055  0.26073775] [1.6578576e-02 6.8072201e-04 2.4385497e-03 7.5318418e-02 9.0498370e-01] [0.10303391 0.12607558 0.3725009  0.02158104 0.37680852] [3.2652512e-02 4.9986993e-04 2.1524034e-03 1.5958101e-02 9.4873708e-01] [0.6694902  0.03957229 0.10491668 0.1004774  0.08554336] [0.04439979 0.37475866 0.559452   0.01205953 0.00933004] [0.07574274 0.03935764 0.77259916 0.01905681 0.09324363] [0.2372292  0.09792215 0.30308378 0.29468712 0.06707777] [1.1244971e-02 8.7451143e-03 9.7729683e-01 1.8713040e-03 8.4170309e-04] [0.14395997 0.03935536 0.20249347 0.01345421 0.600737  ] [0.02044659 0.1195773  0.834892   0.01110077 0.01398337] [3.7410425e-03 4.3848873e-04 1.2949797e-03 5.6612462e-02 9.3791306e-01] [0.14222534 0.00728559 0.15227157 0.4391152  0.25910226] [5.0218357e-03 5.0499551e-02 9.4123697e-01 2.4291945e-03 8.1241509e-04] [2.0887639e-02 2.0236587e-02 9.5305508e-01 5.5727838e-03 2.4784316e-04] [1.9162215e-02 2.3295055e-04 2.7037121e-04 3.3184391e-02 9.4715005e-01] [0.02737539 0.00153468 0.00533549 0.05422907 0.9115254 ] [0.03115527 0.00261913 0.02098885 0.00639805 0.93883866] [0.1039876  0.02488576 0.84933376 0.00984623 0.01194667] [0.10559154 0.27960572 0.575529   0.03526834 0.00400543] [0.00802668 0.02425566 0.91259223 0.05156253 0.00356293] [0.3430946  0.02662736 0.56538886 0.05558068 0.0093085 ] [0.19691452 0.00606805 0.28964394 0.29216608 0.21520741] [3.1223535e-03 5.4871030e-02 9.4085979e-01 3.7889465e-04 7.6789962e-04] [0.06092684 0.00176535 0.00523959 0.14317459 0.78889364] [3.4363456e-03 9.2635171e-05 1.5464019e-04 1.3788037e-02 9.8252833e-01] [0.23963195 0.02643947 0.49509105 0.05946336 0.17937417] [0.29754078 0.03162925 0.19186641 0.09260383 0.38635975] [7.5667412e-03 8.9719368e-05 4.1945302e-04 1.7204259e-02 9.7471976e-01] [0.05455691 0.3368013  0.5578907  0.00569302 0.04505808] [0.08393889 0.01269317 0.02308209 0.85401887 0.02626701] [0.09584978 0.01517705 0.15553057 0.02932403 0.70411855] [0.06138131 0.24750388 0.68321043 0.00299311 0.00491131] [0.2916299  0.14391176 0.5000055  0.01296515 0.0514877 ] [2.6372527e-03 4.1599810e-04 7.6595861e-03 5.6300004e-04 9.8872417e-01] [0.28603357 0.00575876 0.02894863 0.66738707 0.01187197] [1.2907916e-02 5.7345512e-04 8.8699278e-04 1.0826283e-01 8.7736881e-01] [9.0201438e-04 1.1311442e-03 4.0755440e-03 1.7209105e-04 9.9371922e-01] [0.00336376 0.00496811 0.03657528 0.00319277 0.95190006] [0.01189239 0.4284328  0.5561197  0.00124702 0.00230817] [0.00620311 0.48710084 0.50207907 0.00151559 0.00310142] [0.02061575 0.00758416 0.08494417 0.00507258 0.88178337] [0.1550496  0.22670083 0.4171151  0.02221513 0.1789194 ] [0.00575563 0.13208914 0.85908246 0.0010365  0.00203627] [5.4208017e-03 7.6896675e-02 9.1650027e-01 4.2525909e-04 7.5695832e-04] [3.0635891e-02 2.9508641e-02 9.3673372e-01 2.2598503e-03 8.6193095e-04] [0.03512502 0.01866445 0.612402   0.32580024 0.00800826] [0.5715348  0.1666673  0.22358836 0.02011094 0.01809856] [0.1295171  0.26231351 0.29702726 0.1396497  0.17149244] [0.6653483  0.1938245  0.05627737 0.05962976 0.02492006] [0.05846912 0.00130128 0.00188706 0.02947872 0.9088638 ] [0.05517872 0.18167078 0.7480029  0.01410104 0.00104652] [7.7968976e-04 2.7698174e-03 3.2982952e-03 2.4562520e-03 9.9069595e-01] [0.19740711 0.02644554 0.37113577 0.26931566 0.13569592] [0.264108   0.10295586 0.39087525 0.2178614  0.02419951] [0.16037522 0.46467364 0.36151892 0.00451123 0.00892099] [0.06892986 0.02371125 0.8480257  0.03986533 0.01946794] [0.29898667 0.0104682  0.05300329 0.3628774  0.27466443] [0.03515621 0.11127347 0.778443   0.02045628 0.05467103] [0.2855256  0.02470076 0.39079148 0.23367614 0.06530607] [0.29414502 0.00399988 0.07027195 0.1124976  0.5190856 ] [0.04436588 0.0314292  0.86595196 0.02530638 0.03294659] [0.01120525 0.00522966 0.01898159 0.41750354 0.54708   ] [0.02223722 0.5237857  0.45101833 0.00152275 0.00143597] [0.04357547 0.01221467 0.05049843 0.84249187 0.05121953] [1.9205858e-03 9.5427204e-05 3.8900506e-04 7.4746078e-03 9.9012041e-01] [0.02486775 0.15878078 0.813224   0.00221776 0.00090975] [0.00272202 0.6118752  0.3839079  0.00065605 0.00083881] [0.08321221 0.0449305  0.80115086 0.05434819 0.01635827] [0.07805403 0.00766816 0.08730005 0.02946693 0.7975108 ] [0.09458701 0.12541452 0.71544564 0.02874932 0.03580355] [3.7289746e-03 9.8488596e-04 7.0163351e-03 7.3006225e-04 9.8753977e-01] [0.08612081 0.00343286 0.7670291  0.11666752 0.02674972] [0.00572504 0.00707939 0.01439532 0.00261563 0.9701846 ] [8.8979391e-04 2.4431734e-03 7.7376557e-03 1.1063240e-03 9.8782301e-01] [0.00613376 0.00309909 0.00205601 0.4919132  0.49679798] [0.10988842 0.088271   0.7240531  0.02244628 0.05534127] [0.03486308 0.28544286 0.66123384 0.01190156 0.00655866] [1.1126854e-02 4.2475689e-02 9.4436038e-01 1.1121263e-03 9.2489220e-04] [0.00148559 0.53395265 0.46313563 0.00071817 0.00070799] [0.12472524 0.00442481 0.00494956 0.38392442 0.48197594] [0.00698632 0.06513902 0.91827464 0.00551189 0.00408809] [0.02687037 0.33187094 0.6293958  0.00863484 0.00322804] [0.13669658 0.04986778 0.61079943 0.13751958 0.06511665] [0.16125807 0.18658464 0.6438999  0.0047602  0.00349718] [0.05603046 0.07257336 0.86770505 0.00217207 0.00151903] [1.4971519e-02 6.3330919e-04 3.1306844e-03 2.2872880e-01 7.5253570e-01] [0.12350777 0.00609714 0.7443446  0.12245114 0.00359935] [0.21990031 0.01080751 0.53905475 0.19237806 0.03785938] [0.00482078 0.00277988 0.00493476 0.00371048 0.9837541 ] [0.31836694 0.04034735 0.56111366 0.06464103 0.01553107] [0.02236477 0.02857925 0.9421171  0.00558547 0.00135337] [0.04556126 0.00440301 0.02001088 0.57911056 0.35091427] [0.0313767  0.07693168 0.8615677  0.00860136 0.02152263] [9.5967371e-03 3.9755283e-03 9.8578519e-01 1.6886047e-04 4.7374281e-04] [0.341682   0.02281212 0.06786899 0.54692346 0.02071344] [0.00513126 0.00063917 0.00154601 0.3902378  0.6024458 ] [7.7093538e-04 2.4316916e-05 2.2271319e-05 2.9892395e-03 9.9619329e-01] [0.03731386 0.416597   0.5421468  0.00334068 0.00060164] [0.1691838  0.009552   0.1226814  0.32106325 0.37751958] [0.14357415 0.00697469 0.08136936 0.513386   0.25469583] [0.4423984  0.02981359 0.42994246 0.08104105 0.01680444] [0.10845975 0.02973069 0.7822314  0.01734119 0.06223701] [0.0098797  0.00713274 0.038175   0.03134656 0.91346604] [4.6391869e-03 6.3663389e-04 3.5958602e-03 3.2960434e-02 9.5816797e-01] [3.5072905e-03 1.3118732e-01 8.6427212e-01 1.7131136e-04 8.6199155e-04] [0.00528379 0.00899276 0.15065585 0.00669934 0.82836825] [0.01021758 0.01811588 0.00904988 0.00300488 0.9596117 ] [0.01232725 0.00783604 0.11393786 0.0059795  0.85991937] [0.04537121 0.47429517 0.45274323 0.00915911 0.01843129] [3.8883470e-03 2.4144136e-04 5.5957359e-04 3.9400179e-03 9.9137056e-01] [0.30536237 0.01106003 0.42433232 0.10162524 0.15762004] [0.03586686 0.08827773 0.86627734 0.00772161 0.00185644] [0.0275544  0.04907119 0.91673374 0.00471605 0.00192459] [0.01052567 0.24717371 0.7287344  0.01014529 0.00342099] [0.00317533 0.8790058  0.11527729 0.0015495  0.00099214] [7.28492439e-03 1.04803875e-01 8.87126327e-01 4.85368801e-04
 2.99500505e-04] [1.5010469e-03 3.9467006e-05 1.2148384e-04 1.8189163e-03 9.9651909e-01] [0.2998189  0.11256606 0.4605977  0.09546117 0.03155613] [0.16143401 0.02063549 0.14676128 0.34851727 0.32265192] [0.01821008 0.07151268 0.905619   0.00306768 0.00159049] [0.0873273  0.32404462 0.5751396  0.0043201  0.00916839] [0.19800106 0.03463158 0.08911072 0.03504089 0.6432158 ] [1.2667093e-02 7.5540983e-04 2.3496684e-03 1.9684458e-02 9.6454340e-01] [0.22965786 0.0356053  0.21148345 0.19920722 0.32404616] [0.00542631 0.02629966 0.95950055 0.00342309 0.00535042] [0.04405139 0.04664467 0.8761229  0.02190515 0.0112759 ] [0.02669561 0.00211902 0.00271759 0.16968088 0.7987869 ] [0.44983724 0.03649129 0.16486076 0.2911965  0.05761421] [2.6199007e-03 1.0309784e-02 9.8214853e-01 9.7108929e-04 3.9507174e-03] [5.3282846e-02 6.1942422e-04 3.9431788e-03 2.5681734e-01 6.8533719e-01] [0.03414838 0.0567572  0.8869144  0.0078427  0.01433739] [0.3163462  0.03477342 0.6367475  0.00737341 0.00475948] [5.3525115e-03 1.8947132e-04 7.5033400e-04 1.6767398e-02 9.7694027e-01] [0.05474865 0.02571052 0.914429   0.00094921 0.00416254] [0.1655061  0.0938015  0.7019096  0.02923606 0.00954676] [0.0060256  0.00100819 0.00726929 0.00108527 0.9846117 ] [0.03932149 0.24896656 0.70377314 0.00356846 0.00437034] [0.34183925 0.03525602 0.52382773 0.01922986 0.07984713] [0.12915117 0.03550561 0.24932505 0.5812617  0.00475648] [0.3060215  0.02205469 0.17056148 0.20340449 0.29795784] [0.03604474 0.01023537 0.9120114  0.01178122 0.02992725] [3.2927888e-03 7.7491212e-01 2.2127895e-01 2.1917146e-04 2.9702636e-04] [0.32232815 0.0502006  0.35842484 0.04950418 0.21954224]",1 0 0 3 4 2 4 2 1 2 0 0 4 2 3 3 1 1 4 4 4 0 2 2 0 3 0 4 4 4 3 4 2 0 3 2 2 4 2 3 4 4 1 1 4 0 1 1 2 2 3 4 2 3 1 4 0 2 2 0 3 2 3 3 2 3 1 3 4 1 1 0 3 0 4 0 4 4 3 0 2 1 1 4 2 1 2 2 2 4 2 2 4 0 1 3 2 2 2 3 4 2 4 0 0 2 4 3 1 4 4 4 1 4 0 2 2 1 2 2 4 0 0 2 1 4 4 2 2 2 4 3 2 3 0 2 4 0 0 4 2 0 2 3 2 1 0
188,0,xgboost,0.02,20000,20000,0.5743243243243243,0.8472074630395706,[0.00966656 0.00109406 0.01853705 0.01152321 0.95917904] [0.29661077 0.00925502 0.07344503 0.32839432 0.29229486] [0.027679   0.7443036  0.22075996 0.00106516 0.00619233] [0.01212094 0.01122566 0.1915993  0.7670052  0.01804888] [0.6273735  0.08026247 0.13826387 0.13109626 0.02300389] [4.6981598e-04 5.4333466e-03 2.6796982e-03 1.3784836e-03 9.9003863e-01] [1.1785328e-03 3.9860504e-04 9.9084526e-04 2.1288190e-04 9.9721909e-01] [0.4858228  0.16245659 0.20998739 0.11636657 0.02536669] [0.03304252 0.08047421 0.78711486 0.04578509 0.05358333] [0.16523187 0.01605883 0.64439744 0.07557931 0.09873258] [0.8108927  0.05747087 0.06905687 0.02778438 0.03479518] [0.07092134 0.08775454 0.83425796 0.00212492 0.00494126] [0.03578744 0.05869133 0.9020336  0.00222159 0.00126603] [0.09794808 0.24627621 0.6436805  0.00991301 0.00218216] [0.03389322 0.33656794 0.6216502  0.0020951  0.00579353] [0.25243405 0.02169167 0.07717566 0.44082528 0.20787336] [0.27732268 0.13025613 0.5797739  0.00497281 0.00767445] [0.14522958 0.10297865 0.71396273 0.03452557 0.00330343] [0.02781803 0.05033372 0.91696274 0.00130746 0.0035781 ] [0.02537332 0.07125051 0.899715   0.0026258  0.00103532] [3.9755818e-03 1.2295775e-04 6.4158655e-04 5.3292755e-02 9.4196713e-01] [0.03865546 0.03767072 0.87250197 0.02162593 0.02954593] [0.09223758 0.00703305 0.87715393 0.00826726 0.01530815] [7.6643671e-03 5.9731536e-02 9.2970908e-01 6.7361194e-04 2.2214032e-03] [0.10378172 0.00759654 0.11506651 0.73808426 0.035471  ] [5.7234155e-04 3.4067198e-04 1.9974380e-03 2.5547729e-04 9.9683410e-01] [0.09776086 0.04534052 0.22899514 0.20749664 0.42040688] [0.0417303  0.0044135  0.03484338 0.19731973 0.7216931 ] [0.00312003 0.1375339  0.85686326 0.0011764  0.00130641] [2.8780128e-03 1.3453689e-01 8.6030483e-01 4.0084479e-04 1.8794286e-03] [1.1252973e-02 4.6814670e-04 6.0168892e-04 1.3804264e-01 8.4963453e-01] [3.5967054e-03 6.1546731e-01 3.7981269e-01 6.2875915e-04 4.9459719e-04] [0.04607514 0.00395479 0.05317648 0.764482   0.13231151] [0.05192656 0.22885512 0.6490232  0.01187263 0.05832255] [1.8791576e-03 4.2863016e-04 7.6901645e-04 3.1106682e-02 9.6581650e-01] [0.16503793 0.01109904 0.06397793 0.47630307 0.283582  ] [5.5202721e-03 7.0237217e-04 2.3053654e-03 9.3199289e-04 9.9054003e-01] [3.0256812e-03 2.7171132e-01 7.2421741e-01 5.9030001e-04 4.5527451e-04] [0.03069406 0.25329256 0.70888054 0.00294778 0.00418507] [0.08592342 0.00978807 0.00525409 0.04550165 0.8535328 ] [0.11964402 0.07133117 0.7778209  0.01226224 0.01894161] [0.06329428 0.56464106 0.23387532 0.12297508 0.01521425] [0.03154511 0.01765604 0.38697731 0.11111744 0.45270416] [0.2740626  0.03307173 0.18245499 0.3528279  0.15758277] [0.00582448 0.00232236 0.00374901 0.01281943 0.9752847 ] [0.05306484 0.01367448 0.9064405  0.01311531 0.01370494] [0.06593817 0.04090182 0.04477394 0.5420639  0.3063222 ] [0.1348228  0.03506273 0.7424162  0.07274929 0.01494902] [0.21503252 0.05518023 0.31719652 0.05516946 0.35742125] [0.5246412  0.01099124 0.08229382 0.08171009 0.30036366] [0.03232889 0.4190685  0.521771   0.00503126 0.02180031] [0.77147704 0.02964894 0.15379807 0.03958718 0.00548872] [0.09699662 0.27168837 0.5855458  0.03215739 0.01361181] [1.4299644e-03 8.9718086e-01 1.0084905e-01 2.2477774e-04 3.1528299e-04] [0.17070419 0.13634036 0.6670069  0.02240367 0.00354483] [2.0509437e-03 5.0652586e-04 3.2247340e-03 4.5032316e-04 9.9376750e-01] [0.0988012  0.0045803  0.00943893 0.19661273 0.69056684] [0.02272848 0.00427378 0.00882975 0.3655901  0.5985779 ] [0.73972446 0.00677222 0.11763362 0.01689358 0.11897609] [0.29412785 0.13908719 0.38037044 0.02421884 0.16219571] [2.5654542e-03 5.4832007e-04 1.8811653e-03 2.0532196e-03 9.9295181e-01] [0.32775918 0.01957174 0.567307   0.01045407 0.07490803] [4.4183660e-02 2.4690441e-04 3.5869592e-04 1.0601113e-01 8.4919965e-01] [3.8704779e-02 1.7533982e-04 8.5224950e-04 3.6777481e-01 5.9249282e-01] [0.15509133 0.00212293 0.00225228 0.13034163 0.71019185] [0.03967049 0.0733542  0.775885   0.05771934 0.05337092] [0.04792706 0.00084189 0.00136917 0.71504223 0.23481967] [0.05629909 0.01735998 0.9172795  0.00406022 0.00500123] [5.6024183e-02 3.3729076e-03 9.3741667e-01 7.8038895e-04 2.4059082e-03] [0.0300029  0.00501532 0.01910109 0.35625872 0.58962196] [1.0952599e-03 1.0214705e-03 8.0140750e-04 4.2863184e-04 9.9665326e-01] [0.04328799 0.00533026 0.92342645 0.02075184 0.00720343] [0.13644695 0.01589832 0.36922657 0.4496586  0.02876958] [0.00577827 0.0233666  0.9641003  0.00277121 0.00398354] [0.0350544  0.1310508  0.8295139  0.00152246 0.0028584 ] [0.2173826  0.02105143 0.5979912  0.03453536 0.12903939] [0.02154869 0.00865046 0.960929   0.00474144 0.00413046] [0.0059562  0.00176876 0.00492247 0.00252168 0.98483086] [0.21022655 0.09555089 0.2926828  0.34682336 0.05471643] [0.22911935 0.0136237  0.457966   0.251206   0.048085  ] [0.18330802 0.18225068 0.3600624  0.1259771  0.14840186] [0.027271   0.00296441 0.03711053 0.9190893  0.01356479] [0.14958148 0.0103315  0.00940547 0.02852896 0.80215263] [5.2413037e-03 7.9482526e-04 1.5591313e-03 9.1394270e-03 9.8326528e-01] [0.1567112  0.26594013 0.33834982 0.00682815 0.23217075] [0.3099471  0.03757693 0.17841086 0.36742166 0.10664348] [0.11141545 0.05116269 0.10417967 0.03521092 0.6980313 ] [0.1369041  0.0246225  0.12489212 0.10016493 0.6134164 ] [1.9458826e-03 9.8284400e-01 1.5074974e-02 8.0303107e-05 5.4866407e-05] [0.03212997 0.22926271 0.72724503 0.00535403 0.00600821] [0.05505066 0.00175144 0.00218564 0.1507369  0.7902754 ] [0.24591742 0.07300262 0.28953466 0.2377803  0.15376502] [0.2422469  0.07291304 0.05426217 0.10895717 0.52162075] [0.11800029 0.30139267 0.5788685  0.00103337 0.00070509] [0.03587062 0.49650595 0.46515712 0.00118346 0.00128289] [0.05041241 0.00278    0.0145117  0.00974233 0.92255354] [0.03166415 0.25519156 0.69700044 0.00714111 0.00900271] [0.8468781  0.0328131  0.08808095 0.01245955 0.01976824] [0.07534597 0.00098752 0.00591471 0.56539214 0.3523597 ] [0.01507288 0.00194244 0.02072145 0.03371163 0.92855155] [0.06068389 0.00733122 0.23559742 0.07745048 0.618937  ] [0.28079152 0.22316657 0.4755294  0.01540328 0.00510918] [0.17716217 0.14488985 0.52224004 0.10184332 0.05386459] [0.01911335 0.5290316  0.44743055 0.00280692 0.00161762] [0.04093305 0.00950635 0.10544831 0.00359908 0.8405132 ] [0.85322946 0.00602364 0.04046469 0.04260992 0.0576723 ] [6.3834959e-03 2.2669605e-04 2.7265548e-04 3.1072827e-02 9.6204430e-01] [0.03948061 0.00886593 0.0401882  0.7361854  0.17527989] [0.04461514 0.01300946 0.88470984 0.01973927 0.03792627] [0.25962162 0.21845692 0.24256054 0.19297847 0.08638245] [0.24417098 0.01360784 0.15502924 0.45997205 0.12721993] [0.19105409 0.00814011 0.0031338  0.43064737 0.3670246 ] [0.02186399 0.00417317 0.00599304 0.23451713 0.73345274] [0.36946884 0.01832039 0.32481796 0.06028531 0.22710752] [0.01287502 0.15886164 0.8250445  0.00199298 0.00122582] [3.8794894e-02 4.0272265e-04 1.3451230e-03 7.6825537e-02 8.8263172e-01] [7.7820080e-04 7.2812475e-04 2.1791051e-03 4.3036169e-04 9.9588424e-01] [0.6712754  0.00893348 0.16483346 0.12099317 0.03396451] [0.16684677 0.01062579 0.7828353  0.02997593 0.00971621] [0.1569304  0.0332241  0.5349027  0.19292976 0.08201305] [0.29739946 0.00844755 0.14458105 0.51583713 0.03373481] [0.27973524 0.0184873  0.34732768 0.15735061 0.19709916] [0.01950802 0.00237811 0.00569104 0.12648506 0.8459377 ] [0.42102548 0.02823303 0.4787438  0.04123928 0.03075838] [0.04462649 0.02925481 0.52452266 0.34260705 0.05898898] [0.29024982 0.02092677 0.11990945 0.47334298 0.09557095] [0.05536998 0.08079294 0.85785735 0.00248769 0.00349204] [0.2431151  0.02849298 0.6780912  0.04328479 0.00701589] [0.52502894 0.07117813 0.22663556 0.06478789 0.11236951] [3.0314163e-03 6.0739003e-05 1.5260059e-04 1.0809297e-02 9.8594600e-01] [0.09391967 0.03208903 0.8599067  0.00831221 0.00577237] [0.29909348 0.05492505 0.6124202  0.01220217 0.02135909] [0.21125531 0.03535988 0.7160401  0.02555071 0.01179403] [0.05706311 0.05214917 0.8786424  0.00796454 0.00418076] [1.3898544e-02 7.8785414e-04 3.7538467e-03 3.3382557e-02 9.4817722e-01] [0.26730654 0.00515893 0.27444625 0.05435605 0.39873224] [0.20911124 0.01566494 0.73025167 0.03390622 0.01106597] [0.34244192 0.10662078 0.2096706  0.11531767 0.22594897] [0.07073747 0.01455863 0.69397235 0.17147592 0.04925561] [0.02561518 0.41804984 0.54598284 0.00428466 0.00606746] [2.8571643e-02 3.8705155e-04 2.4832156e-03 8.7857500e-02 8.8070059e-01] [0.01007458 0.01054086 0.1563725  0.12610823 0.6969038 ] [0.09325986 0.00705893 0.8476761  0.02252955 0.02947555] [0.09309752 0.02012031 0.8802337  0.00384374 0.00270466] [0.17928012 0.04365195 0.08814862 0.42325482 0.2656645 ] [9.6934923e-04 4.4171198e-04 1.4689281e-02 5.3811277e-04 9.8336154e-01] [0.03513796 0.01011523 0.00960155 0.24146871 0.7036765 ] [0.05177385 0.01776523 0.6904935  0.1082091  0.1317583 ],4 3 2 0 2 4 4 0 2 3 2 1 1 2 2 4 2 2 2 1 4 4 2 2 3 4 3 3 1 1 4 1 3 2 4 0 4 1 2 3 2 2 3 0 4 1 0 2 4 0 2 1 2 1 2 4 4 3 0 0 4 2 4 4 4 1 4 2 2 3 4 0 2 2 2 2 2 4 2 0 2 3 4 4 2 3 0 0 1 1 4 2 2 1 1 4 2 2 4 0 0 1 2 2 4 0 4 3 2 1 3 4 3 0 1 4 4 0 0 2 3 3 4 0 3 3 2 2 0 4 1 1 0 2 4 0 0 3 2 2 4 0 0 1 0 4 3 3
188,1,xgboost,0.02,20000,20000,0.4897959183673469,0.8230031639575583,[0.10306147 0.0626177  0.78349584 0.04912022 0.00170475] [0.43145233 0.01935007 0.06619368 0.3741713  0.10883258] [0.00702928 0.27454066 0.71417165 0.00204609 0.00221234] [0.04266746 0.1403583  0.06230915 0.04401251 0.7106526 ] [5.2545208e-04 8.9108088e-04 4.5177988e-03 4.8722042e-04 9.9357843e-01] [0.03389042 0.05439302 0.90628165 0.00249223 0.00294267] [0.5005956  0.14134778 0.33385277 0.01337959 0.01082426] [0.22169556 0.01401199 0.2118616  0.1466527  0.4057782 ] [0.01089569 0.0009399  0.01035155 0.04337771 0.9344351 ] [0.02350191 0.0102386  0.96371543 0.00104385 0.00150016] [1.9618436e-03 6.1144389e-04 1.4669239e-03 8.7976706e-01 1.1619273e-01] [0.06337807 0.08875579 0.7753208  0.06355552 0.00898978] [0.12967843 0.00167887 0.86282694 0.00435591 0.00145981] [0.01091974 0.00772172 0.96763444 0.00759734 0.00612677] [0.3495474  0.03468331 0.27463064 0.20443878 0.13669993] [0.02503416 0.00659114 0.00488366 0.61214364 0.35134736] [0.16539462 0.02008011 0.14846851 0.31144798 0.35460883] [0.02521538 0.00133361 0.00213477 0.32509467 0.6462216 ] [8.1343489e-04 1.0598386e-03 5.0961454e-03 2.0762398e-03 9.9095434e-01] [0.04409816 0.22867897 0.7218138  0.00450034 0.00090876] [0.07930606 0.17946061 0.73391706 0.00534835 0.00196792] [0.02963745 0.30338377 0.61892235 0.00770484 0.04035162] [0.01520514 0.01358964 0.04255499 0.15475225 0.773898  ] [0.03968288 0.5490978  0.33126718 0.00885727 0.07109492] [0.04552378 0.01912639 0.3342946  0.15270764 0.44834757] [0.00404357 0.00546146 0.04797674 0.9224691  0.02004911] [0.01378001 0.11521386 0.8279394  0.02475582 0.01831098] [0.10971611 0.02171434 0.04671534 0.63570726 0.18614693] [0.8254219  0.00653971 0.06965745 0.04992992 0.04845101] [0.09704043 0.03444182 0.3047081  0.17891313 0.38489652] [1.2873823e-03 2.1144471e-04 2.9964527e-04 1.9376539e-02 9.7882491e-01] [0.40591335 0.20277038 0.37620437 0.00749185 0.00762004] [0.12815699 0.00533037 0.06844584 0.03992186 0.758145  ] [7.9585165e-03 3.7197943e-04 3.9398979e-04 1.6458946e-01 8.2668602e-01] [0.61972237 0.00535127 0.27290502 0.0631033  0.038918  ] [0.28344104 0.01499372 0.15544613 0.5407493  0.00536977] [0.03285708 0.6273598  0.25261146 0.00832355 0.0788481 ] [8.1467191e-03 2.3865975e-04 4.1809292e-03 1.5011206e-02 9.7242242e-01] [0.02531112 0.00492957 0.02884087 0.44662982 0.49428862] [0.00363349 0.00155542 0.00285279 0.12411973 0.86783856] [0.63815117 0.0065275  0.06489479 0.04205943 0.24836715] [0.03237437 0.00188613 0.0049105  0.14957725 0.8112517 ] [3.1439203e-03 3.3852071e-04 1.5474696e-03 9.8678982e-04 9.9398333e-01] [0.02518221 0.00978545 0.013003   0.87951    0.07251931] [0.08204798 0.01352767 0.8903816  0.01205015 0.00199261] [0.02033407 0.0199829  0.9300246  0.00394446 0.02571395] [0.21158193 0.0051724  0.02434535 0.17531292 0.5835874 ] [9.1025205e-03 2.6994682e-04 9.5604791e-04 1.4452761e-02 9.7521871e-01] [0.05895659 0.07302025 0.12328759 0.6368437  0.10789192] [0.22145665 0.07647516 0.6060451  0.03224804 0.06377503] [3.7615555e-03 1.5365935e-04 4.8997626e-04 2.3227857e-02 9.7236699e-01] [0.00749176 0.28639483 0.7009804  0.00269166 0.00244131] [0.07151974 0.05200892 0.8319507  0.02573596 0.01878467] [0.00736243 0.7419526  0.24328627 0.00434709 0.00305161] [0.01187705 0.5662782  0.41452408 0.00459303 0.00272767] [0.38824785 0.00220534 0.00413819 0.56510943 0.04029921] [0.37844756 0.3035238  0.30433664 0.00593416 0.00775785] [0.03737785 0.05952018 0.8746644  0.00452048 0.0239171 ] [0.08782975 0.05076949 0.5456627  0.23765646 0.07808162] [1.0747656e-03 3.6743961e-05 1.8485242e-05 4.5722146e-03 9.9429780e-01] [0.02343276 0.15836498 0.7916106  0.01572404 0.01086766] [0.12763064 0.01093159 0.34490907 0.08815609 0.4283726 ] [4.0685888e-03 3.6843584e-04 5.2584987e-03 2.2547056e-01 7.6483393e-01] [0.6688888  0.09115257 0.20317546 0.02612088 0.01066225] [0.02217341 0.74273074 0.22914757 0.00316222 0.00278611] [0.00640376 0.8344593  0.154133   0.00223931 0.00276466] [0.15247533 0.00131957 0.00615184 0.5506997  0.28935352] [0.0070284  0.799434   0.18791528 0.00380169 0.0018206 ] [0.17143108 0.05063564 0.36529624 0.09467922 0.31795782] [0.6259458  0.00497977 0.08409523 0.21145605 0.07352311] [0.01724653 0.03792932 0.9114458  0.00992703 0.02345138] [0.39809096 0.00303792 0.01498061 0.22485287 0.35903764] [0.04396759 0.42513123 0.38682422 0.04110834 0.10296868] [0.01382713 0.4087969  0.5733796  0.00260503 0.00139134] [0.18894233 0.00959086 0.6726686  0.00852636 0.12027188] [0.00617675 0.00507398 0.00633118 0.00212215 0.98029596] [0.09158149 0.02513783 0.08988184 0.50490075 0.2884981 ] [0.4870121  0.03061995 0.3814159  0.03610148 0.06485061] [0.09633269 0.03188011 0.3934899  0.091813   0.3864843 ] [0.20824873 0.0415908  0.5838019  0.09059003 0.07576857] [0.09769277 0.02998484 0.18941973 0.00331475 0.6795879 ] [8.3070900e-03 6.6320493e-04 4.2384826e-03 1.0888126e-03 9.8570234e-01] [0.01416316 0.00109026 0.00150172 0.01870741 0.96453744] [0.00681343 0.7674245  0.21487947 0.0058819  0.00500067] [0.23919047 0.03306432 0.30335456 0.23894905 0.18544158] [0.18586452 0.08587332 0.17194036 0.51740396 0.03891786] [0.01013002 0.00257499 0.00226016 0.28785804 0.69717675] [0.16054137 0.01302455 0.7007777  0.0803142  0.04534211] [0.27741903 0.27236733 0.11437608 0.26311132 0.07272622] [5.5216748e-04 1.0704065e-03 1.0210584e-03 1.2320762e-03 9.9612433e-01] [0.00246305 0.83344734 0.16055249 0.00091958 0.00261755] [0.6085129  0.03006018 0.20910381 0.07764707 0.07467609] [0.05366804 0.03652264 0.79682314 0.09318505 0.0198011 ] [0.38017818 0.11988144 0.30355293 0.07259088 0.1237966 ] [0.00731662 0.00611532 0.01249817 0.04254266 0.93152726] [4.8966834e-04 6.9657355e-05 1.3229983e-04 3.1066751e-01 6.8864089e-01] [0.0241934  0.00372123 0.00594585 0.548304   0.41783547] [6.1846385e-04 5.4272652e-01 4.5624605e-01 2.7972367e-04 1.2925664e-04] [3.1249798e-03 6.4489106e-04 2.7262695e-02 4.8753503e-03 9.6409214e-01] [0.04626006 0.58012056 0.36083648 0.00641526 0.00636765] [0.5477235  0.02135779 0.22579166 0.07487899 0.13024805] [0.03740095 0.01261018 0.0189758  0.01710145 0.9139116 ] [0.3315213  0.03152461 0.02494135 0.11246934 0.49954337] [0.01060322 0.12891673 0.8479648  0.00838604 0.00412917] [0.5107598  0.02821434 0.14525017 0.01264211 0.3031336 ] [0.20566717 0.33970508 0.0373513  0.38725993 0.03001654] [1.5129584e-03 3.9116978e-03 2.1948998e-03 5.8786955e-04 9.9179256e-01] [9.2389863e-03 1.9759512e-02 9.5575511e-01 4.7960467e-04 1.4766801e-02] [0.02567158 0.10962576 0.8558213  0.00310645 0.00577493] [0.01852182 0.00210355 0.0027505  0.21275693 0.7638672 ] [0.006875   0.1085235  0.82913643 0.01918527 0.03627979] [0.00107036 0.00113215 0.00223082 0.00146412 0.99410254] [0.8383725  0.04370206 0.04363335 0.0349616  0.03933046] [0.26399365 0.04728094 0.2990449  0.33294517 0.05673529] [0.5167039  0.0512589  0.21069412 0.03265235 0.18869074] [0.05097806 0.00361522 0.015285   0.8214443  0.10867742] [0.07491071 0.04892702 0.8303229  0.03417499 0.01166439] [0.00189833 0.00099156 0.00870834 0.00470824 0.98369354] [0.01113954 0.00122965 0.00531959 0.2472389  0.7350723 ] [0.18012124 0.01280325 0.30590853 0.37009948 0.13106745] [0.05275432 0.01042333 0.08069246 0.49127746 0.36485246] [0.14092533 0.01114835 0.35147077 0.04966975 0.44678584] [0.1447726  0.25270286 0.21519093 0.02287796 0.3644556 ] [0.5052634  0.04595673 0.04653865 0.04358278 0.3586584 ] [0.0249152  0.47770593 0.47166705 0.01464162 0.01107022] [0.03604467 0.3542743  0.6040685  0.00334259 0.00226992] [0.44417152 0.16341184 0.1101802  0.16282536 0.11941107] [0.05969877 0.39824057 0.5370118  0.00239445 0.00265443] [6.9711460e-03 4.8555370e-04 1.4014185e-02 6.0589913e-02 9.1793925e-01] [0.08967041 0.11541561 0.70071405 0.0643724  0.02982757] [0.09636127 0.0442865  0.7427578  0.07196049 0.04463388] [0.15911828 0.01374432 0.08319405 0.5501606  0.19378278] [0.10204589 0.00313244 0.01086884 0.6213022  0.26265064] [0.06262822 0.05515083 0.8765229  0.00428631 0.00141177] [0.09819838 0.11310997 0.7065124  0.00982616 0.0723531 ] [0.0298515  0.04250881 0.88194144 0.03448004 0.01121816] [0.09961671 0.12069668 0.7021013  0.04915586 0.02842944] [0.5610323  0.0142142  0.01844573 0.31310692 0.09320082] [0.00228411 0.834346   0.16061437 0.00144421 0.00131129] [0.08206463 0.17633153 0.68596    0.01096194 0.04468189] [0.85336226 0.03198867 0.04153789 0.02341403 0.04969721] [0.08585437 0.15123975 0.68162715 0.05591758 0.02536116] [0.00294773 0.00139352 0.00118267 0.010306   0.9841701 ] [0.02861656 0.6989809  0.15921462 0.00980994 0.10337793] [0.19415173 0.2800149  0.4203088  0.08451155 0.021013  ] [0.04581039 0.02854894 0.881392   0.00913288 0.0351158 ] [0.00814935 0.07537678 0.91007113 0.00396612 0.00243658],2 3 1 2 4 2 2 3 3 2 4 1 0 1 1 4 2 4 4 2 2 1 4 1 2 3 0 0 2 2 4 2 4 4 2 2 2 4 4 4 0 3 4 3 0 2 3 4 3 1 3 1 2 2 2 3 2 2 0 4 2 0 3 1 1 2 3 1 2 3 2 3 0 2 0 4 4 0 0 0 4 4 3 2 3 2 3 2 1 4 1 0 0 0 4 4 4 1 4 2 2 4 3 2 0 2 4 1 2 3 1 4 0 1 0 3 2 4 4 4 3 4 2 4 2 1 0 2 4 0 2 0 4 1 0 0 2 4 1 0 0 2 4 0 2 2 1
188,2,xgboost,0.02,20000,20000,0.5238095238095238,0.835824427496128,[4.9557723e-03 5.2942216e-01 4.6473449e-01 5.0842215e-04 3.7917765e-04] [0.04195301 0.7318518  0.21586838 0.00903807 0.00128865] [2.3376048e-03 3.4615825e-04 1.8809307e-03 1.1308850e-04 9.9532229e-01] [0.0413674  0.01326752 0.6517333  0.04348813 0.25014368] [0.17769696 0.2391787  0.13919719 0.14071755 0.30320963] [0.1596171  0.11259986 0.6932795  0.01368685 0.02081671] [0.09654973 0.15987524 0.6944428  0.02522034 0.02391187] [0.08397157 0.02360126 0.88070714 0.01030891 0.00141108] [0.00775068 0.01438386 0.7747994  0.04382178 0.15924433] [0.03621854 0.02349721 0.03755701 0.69431305 0.20841424] [0.07552531 0.71036696 0.11002907 0.07831684 0.02576182] [0.13750492 0.03430983 0.5944823  0.07267314 0.16102983] [0.08005831 0.01033756 0.09300953 0.704489   0.11210565] [0.04291536 0.285566   0.66713774 0.00253614 0.00184477] [4.6854457e-03 4.8556010e-04 9.6825202e-04 8.6569524e-04 9.9299508e-01] [0.09782507 0.00143762 0.0086536  0.32560447 0.5664792 ] [0.05032852 0.08295047 0.6980468  0.11472683 0.05394737] [0.05915789 0.0221604  0.1816982  0.02980554 0.707178  ] [0.3570868  0.0593135  0.5221617  0.01537181 0.04606618] [0.05874223 0.14151861 0.79605114 0.00179439 0.00189362] [0.07683257 0.00438707 0.0033461  0.17576529 0.73966897] [0.29793566 0.00883714 0.02573993 0.57045877 0.09702846] [0.41185233 0.03042492 0.3409269  0.15658388 0.06021203] [0.4699584  0.00407957 0.49146825 0.00856306 0.02593078] [4.3656849e-04 7.3572338e-01 2.6348183e-01 1.2933680e-04 2.2896116e-04] [0.27215862 0.02728095 0.31838247 0.10477001 0.27740794] [0.06222969 0.38590315 0.49031705 0.04316662 0.01838353] [0.11120214 0.5664388  0.3121479  0.00774838 0.00246281] [6.7201268e-04 4.3514787e-04 3.3207464e-03 3.8833939e-04 9.9518377e-01] [0.01521821 0.58309144 0.3636045  0.02975675 0.00832912] [0.25929034 0.02020734 0.22088219 0.3873583  0.11226185] [0.01064175 0.0034464  0.01109309 0.00572195 0.96909684] [0.0283911  0.41088808 0.55290264 0.00145652 0.00636167] [0.05863375 0.10660852 0.5932832  0.20797098 0.0335036 ] [1.6105704e-02 8.7537104e-01 1.0747301e-01 6.6868647e-04 3.8153733e-04] [0.28122103 0.09410512 0.5808314  0.02470619 0.01913628] [0.11911962 0.05026062 0.8016071  0.01330698 0.01570569] [0.0776445  0.14179172 0.10269821 0.2865127  0.39135283] [3.1984686e-03 8.2069746e-04 1.6612627e-03 1.5198311e-03 9.9279976e-01] [1.8299773e-02 2.6952304e-04 2.2482080e-03 1.3622782e-01 8.4295470e-01] [3.2439490e-03 9.4760329e-01 4.8642766e-02 2.6371382e-04 2.4623441e-04] [0.1265778  0.14903095 0.7164506  0.00670715 0.00123353] [0.08892111 0.16467014 0.73875874 0.00328478 0.00436518] [0.00454588 0.00162557 0.00404151 0.0017085  0.98807853] [0.34527722 0.06239958 0.05191008 0.5105474  0.02986572] [0.06097022 0.00173919 0.03023003 0.14199461 0.76506597] [0.03145595 0.04991683 0.90175766 0.0033958  0.01347379] [0.04322344 0.10098676 0.77841705 0.06325755 0.01411517] [0.00832381 0.06116127 0.91274196 0.00721628 0.0105567 ] [9.5197029e-04 7.9091282e-05 1.9518200e-04 4.1183863e-02 9.5758986e-01] [0.09187773 0.02432848 0.2005433  0.11060328 0.5726472 ] [4.0241065e-03 1.7919428e-04 5.4246793e-04 3.4911010e-02 9.6034324e-01] [0.3243847  0.33376667 0.31781468 0.01609141 0.00794252] [0.01684908 0.006716   0.96823156 0.00418262 0.00402078] [0.08386766 0.03316295 0.84305024 0.0253267  0.01459243] [0.11551997 0.03268589 0.15457563 0.05081189 0.64640665] [0.04980218 0.01485521 0.16048563 0.00768699 0.76717   ] [0.03667642 0.06028756 0.721887   0.03863401 0.14251499] [0.16432954 0.13271232 0.6946238  0.00286229 0.00547203] [0.0791473  0.07918642 0.8354863  0.00341614 0.00276387] [0.5719991  0.0074585  0.01424777 0.20984867 0.19644599] [0.47297502 0.3122947  0.19029967 0.01156852 0.01286214] [0.03532255 0.0208873  0.04419493 0.8865964  0.01299884] [0.06090034 0.01399219 0.8207019  0.09867633 0.00572928] [0.15995897 0.09416142 0.2398186  0.11822834 0.3878327 ] [0.20013008 0.3195824  0.32977307 0.03969816 0.11081626] [0.27823228 0.04879443 0.58794934 0.05368944 0.03133447] [0.02982789 0.01019744 0.3066246  0.06787957 0.5854705 ] [0.03453571 0.00858768 0.91626364 0.03759207 0.00302087] [0.38684604 0.00308024 0.35115266 0.17976847 0.07915258] [1.3546078e-02 2.2364972e-04 6.3302182e-04 3.9640851e-02 9.4595641e-01] [5.9717044e-04 5.8357435e-04 2.8774380e-03 2.5906663e-03 9.9335116e-01] [0.16296035 0.01535873 0.16261387 0.3973882  0.26167887] [8.7242899e-03 5.2598771e-04 2.8671281e-04 9.0748690e-02 8.9971435e-01] [0.3779407  0.3441422  0.23127186 0.02729503 0.01935017] [3.3555608e-04 9.9134690e-01 8.2093272e-03 4.1047155e-05 6.7184345e-05] [0.14345072 0.00904828 0.12458342 0.6659951  0.05692247] [0.05266435 0.04749171 0.11784437 0.25493756 0.527062  ] [0.00876218 0.9284901  0.03687009 0.01806995 0.00780771] [0.19575232 0.00615313 0.03932923 0.57321167 0.18555364] [0.02052794 0.00490757 0.04023995 0.00166962 0.9326549 ] [4.3329359e-03 1.3379310e-04 3.3383092e-04 1.2612479e-02 9.8258692e-01] [0.0593443  0.05328183 0.1889767  0.44495407 0.25344306] [0.02444174 0.12672578 0.8299611  0.00998066 0.00889064] [0.01812239 0.02721291 0.9314262  0.01774328 0.00549516] [0.07047948 0.12807298 0.7897236  0.00490092 0.00682303] [0.04289727 0.00160956 0.00665276 0.87237245 0.07646795] [0.1252454  0.00107613 0.00862566 0.42915803 0.4358948 ] [3.0010691e-02 7.7737623e-01 1.9132763e-01 7.8516593e-04 5.0028937e-04] [4.0748643e-04 8.1712168e-01 1.8191612e-01 1.6306601e-04 3.9167580e-04] [0.02650984 0.00416917 0.91762775 0.04293076 0.00876251] [0.1025263  0.08143676 0.57259434 0.14788449 0.09555808] [0.12383077 0.01590982 0.36270535 0.31803203 0.179522  ] [0.34383842 0.06459592 0.16261014 0.2578044  0.17115116] [0.278264   0.39691967 0.29738975 0.01930922 0.00811738] [4.1771089e-03 1.0706239e-04 6.2700210e-04 1.2207288e-02 9.8288155e-01] [0.00399321 0.5846959  0.4079459  0.00153663 0.00182842] [1.5573505e-02 6.5817302e-01 3.2437181e-01 1.2362199e-03 6.4545602e-04] [0.2788429  0.2065504  0.23076166 0.25101566 0.03282937] [0.07223099 0.00693945 0.02303777 0.47966403 0.41812775] [0.04117135 0.01766294 0.07766525 0.3349012  0.52859926] [0.04695005 0.07519695 0.09956913 0.07832035 0.6999635 ] [6.4779492e-03 2.2650861e-04 5.1432342e-04 2.9491426e-02 9.6328980e-01] [0.15679488 0.01043916 0.11086039 0.02738737 0.69451827] [0.09989341 0.33619428 0.54507166 0.01402937 0.00481123] [0.5745655  0.01225698 0.2580236  0.13819806 0.01695587] [8.7926589e-04 9.6406800e-01 3.4724653e-02 1.7478704e-04 1.5334215e-04] [0.24151556 0.02076664 0.2496852  0.3165584  0.17147425] [0.02992187 0.55728316 0.40687162 0.00333253 0.0025908 ] [1.8023999e-02 2.0424370e-04 4.1748004e-04 4.5838341e-02 9.3551600e-01] [0.00762952 0.00926163 0.9353376  0.00401156 0.04375969] [0.25138438 0.11001872 0.5567882  0.06139012 0.02041859] [0.05098261 0.00514892 0.18797381 0.6849149  0.07097977] [0.02784198 0.74205685 0.22637172 0.00287312 0.00085638] [0.20678127 0.20513497 0.5187742  0.05114888 0.01816064] [0.1818938  0.0036     0.00813909 0.22174342 0.5846237 ] [2.9217817e-03 3.1907042e-03 9.9162018e-01 2.7359536e-04 1.9936794e-03] [0.2750411  0.03402319 0.13794728 0.5465918  0.00639666] [0.05333041 0.03208365 0.9038898  0.00421637 0.00647979] [8.7860301e-03 7.1887381e-04 4.2999440e-04 7.8910105e-02 9.1115505e-01] [0.14447308 0.00927699 0.01890322 0.81443554 0.01291116] [0.25118992 0.01822372 0.09833969 0.50724345 0.12500319] [0.08781978 0.04931279 0.5128493  0.1401971  0.20982109] [0.44592214 0.01522276 0.07007859 0.40170464 0.06707183] [0.02717954 0.13075306 0.83316886 0.0033232  0.00557536] [0.03933205 0.08950546 0.8363214  0.00978502 0.02505606] [1.8459710e-03 2.9520817e-02 9.6677154e-01 1.0853244e-03 7.7630539e-04] [0.26000562 0.01881125 0.6860834  0.02569501 0.00940473] [0.05429436 0.4056048  0.522182   0.00885014 0.00906874] [0.09701481 0.00475071 0.8496457  0.03158625 0.01700258] [0.12835027 0.00149616 0.01932353 0.22676818 0.6240618 ] [0.13595898 0.01507321 0.37635756 0.42463627 0.04797393] [0.2009897  0.24149212 0.2778077  0.22891402 0.05079646] [0.00287837 0.01336353 0.02603962 0.00532605 0.95239246] [0.01058103 0.003629   0.07031281 0.04921747 0.86625975] [0.12356066 0.01062227 0.45305315 0.22830774 0.18445624] [0.22572409 0.00547465 0.58966845 0.14852236 0.03061048] [0.6591965  0.21475156 0.0731111  0.0144293  0.03851154] [0.04201672 0.00844925 0.9411249  0.00212608 0.006283  ] [0.26266858 0.4551896  0.25042248 0.0080239  0.02369541] [0.7017902  0.00490611 0.05226466 0.03131761 0.20972143] [0.00666234 0.02323197 0.96744317 0.00132595 0.00133661] [0.0883957  0.00704325 0.08660822 0.7428556  0.0750972 ] [0.09320312 0.00586689 0.02727512 0.8192198  0.05443505] [0.05193188 0.00476374 0.8351305  0.02971166 0.07846219] [0.15693596 0.5321822  0.05281645 0.09151883 0.16654655] [3.5075785e-04 1.5674114e-04 7.0516526e-04 2.1607205e-04 9.9857128e-01],1 1 4 2 2 1 4 2 2 3 0 2 4 2 4 3 2 0 0 1 0 3 3 2 1 0 1 2 4 2 3 4 1 0 2 0 1 0 4 4 1 2 2 4 0 4 1 2 2 4 0 4 2 1 2 4 1 4 1 2 3 2 3 2 3 2 0 3 0 3 4 4 4 4 1 1 3 0 2 3 4 4 0 2 2 1 4 3 2 1 2 2 0 4 0 4 2 1 2 3 4 4 4 3 2 0 1 3 2 4 2 2 4 1 2 3 2 0 2 4 0 3 2 3 2 2 2 0 1 4 4 0 0 4 4 0 4 2 0 2 0 2 4 3 3 0 4
188,3,xgboost,0.02,20000,20000,0.5578231292517006,0.8380669496797555,"[0.60980034 0.01252067 0.05657063 0.2639319  0.05717647] [0.05741829 0.03086364 0.0654057  0.03225972 0.81405264] [0.19036639 0.03903215 0.3391257  0.41014037 0.02133539] [0.06353918 0.00936018 0.7672719  0.04382747 0.11600131] [0.01607775 0.0031452  0.0060293  0.49642333 0.47832447] [0.02499603 0.00638574 0.00637452 0.44845122 0.51379246] [0.01711318 0.01369859 0.34510258 0.6128286  0.01125699] [0.32391667 0.0088024  0.09840696 0.33239517 0.23647882] [0.00735581 0.03863214 0.9484188  0.00283356 0.00275963] [0.13851315 0.01302177 0.10612663 0.71532714 0.02701127] [3.9247866e-03 7.4505369e-04 4.2845961e-03 3.9888176e-04 9.9064672e-01] [0.11464811 0.06639414 0.7427944  0.02484097 0.05132244] [0.05763333 0.10124862 0.77273005 0.01886291 0.04952511] [1.9461181e-02 3.1480792e-01 6.6448337e-01 6.6928443e-04 5.7826476e-04] [0.6016125  0.03919833 0.06447621 0.08582068 0.20889229] [0.01608267 0.14052902 0.8401555  0.00235143 0.0008814 ] [0.13464563 0.00662648 0.01342424 0.4542245  0.3910792 ] [0.19634679 0.04699402 0.4969315  0.10685711 0.15287055] [0.1438896  0.04469656 0.7414007  0.00412578 0.06588737] [6.9999014e-04 5.1133311e-04 9.4710913e-04 2.6130942e-01 7.3653215e-01] [0.26092836 0.09241211 0.6192653  0.00365442 0.0237398 ] [0.12544805 0.00801749 0.20178    0.6080144  0.05674003] [8.1126150e-03 3.6811695e-04 4.7769168e-04 7.4737273e-02 9.1630429e-01] [0.12431153 0.02644765 0.8130908  0.02650477 0.0096453 ] [0.07099055 0.00739224 0.89229345 0.00378001 0.02554371] [0.04955193 0.00628873 0.00909952 0.90564597 0.0294139 ] [0.07331833 0.00767854 0.9090978  0.00832482 0.00158048] [0.16840613 0.08232797 0.6821311  0.01387533 0.05325953] [0.47744596 0.02798519 0.17559591 0.12814088 0.19083203] [0.02895525 0.00319873 0.06048142 0.22187497 0.68548965] [0.15380326 0.01010631 0.65700424 0.15011702 0.02896916] [0.2802528  0.005865   0.16174917 0.54776365 0.00436937] [2.7193897e-03 1.6988091e-04 1.3767345e-03 1.8100044e-03 9.9392396e-01] [0.00920384 0.00186785 0.00178718 0.60615534 0.38098583] [0.2613808  0.00838041 0.00793476 0.5686864  0.15361756] [0.563697   0.0961519  0.316892   0.0038826  0.01937656] [0.24663179 0.06411526 0.65906465 0.00902945 0.02115885] [0.0977475  0.7653019  0.11849294 0.01247706 0.00598055] [0.08609685 0.0128874  0.0362631  0.36722076 0.49753186] [0.23289081 0.02348996 0.7373017  0.0029571  0.00336043] [0.36996135 0.025861   0.3579924  0.22320195 0.0229833 ] [3.8558617e-03 1.8515036e-04 3.1012855e-04 2.3156514e-02 9.7249234e-01] [0.01375223 0.67690283 0.2981172  0.00529023 0.00593751] [0.11601525 0.02148581 0.32113332 0.4700129  0.07135266] [0.06294565 0.2609806  0.6632747  0.00755156 0.00524746] [0.03172796 0.69471955 0.24814484 0.0183281  0.00707953] [0.00176404 0.00102304 0.00379649 0.00141855 0.9919979 ] [0.02826173 0.15686297 0.81146926 0.00157088 0.00183518] [7.2096265e-04 7.8503923e-05 1.6283419e-04 6.0226475e-03 9.9301505e-01] [0.1865335  0.0228013  0.3902887  0.20080876 0.19956772] [0.10145243 0.27956766 0.57386065 0.03495165 0.01016762] [0.03419897 0.01668842 0.9363465  0.00166117 0.01110496] [0.14358447 0.01253161 0.14060035 0.13783221 0.5654514 ] [0.0366993  0.232788   0.7012984  0.01312557 0.01608868] [0.34062934 0.04528831 0.35715747 0.2338425  0.02308244] [0.3813917  0.15279548 0.4367534  0.01683343 0.01222598] [1.8673848e-02 6.9263227e-02 9.0700144e-01 4.4720555e-03 5.8945594e-04] [0.3397066  0.12490419 0.3892632  0.09598856 0.05013742] [0.00375083 0.00272744 0.08445441 0.10451232 0.804555  ] [5.8399677e-02 6.6073943e-04 1.0552063e-03 7.5626534e-01 1.8361907e-01] [0.00213012 0.44019976 0.55327326 0.00310263 0.00129421] [0.14205009 0.00584753 0.01652641 0.2300788  0.6054972 ] [0.04544446 0.6364027  0.3048277  0.01194066 0.00138446] [1.1748124e-03 1.5191802e-04 7.0383446e-04 3.1950280e-02 9.6601915e-01] [0.07454912 0.00601978 0.03568308 0.8128475  0.0709005 ] [0.01910282 0.03411243 0.9144348  0.00445853 0.02789139] [8.3899023e-03 8.2954746e-01 1.6176319e-01 1.3839173e-04 1.6104415e-04] [0.0774078  0.00311391 0.04185392 0.09310829 0.78451604] [3.3061570e-03 3.8122066e-04 9.4061071e-04 3.9896205e-01 5.9640998e-01] [0.4416882  0.00973491 0.12556814 0.39153373 0.03147497] [0.10260897 0.04743834 0.0638741  0.304035   0.48204356] [8.2185147e-03 3.5284174e-04 6.9716113e-04 4.9552554e-01 4.9520597e-01] [0.01822664 0.12750623 0.8513669  0.00151216 0.00138806] [0.0226977  0.00982543 0.4304777  0.2056106  0.3313885 ] [0.57515436 0.04345413 0.16715129 0.19979273 0.01444748] [0.04225907 0.0283392  0.2528045  0.3713107  0.30528653] [0.40770587 0.01395466 0.4287456  0.12739013 0.02220375] [0.02139821 0.29819328 0.6747601  0.00413438 0.00151405] [0.09564042 0.01119201 0.6485511  0.07152384 0.17309262] [0.13928214 0.2838392  0.5495098  0.01431065 0.0130582 ] [1.0674318e-02 7.2267238e-04 4.8289663e-04 9.6408628e-02 8.9171147e-01] [0.3321009  0.00423832 0.01371712 0.37354967 0.27639398] [0.08589024 0.10782602 0.08529722 0.10880924 0.61217725] [0.19419022 0.02384545 0.5021582  0.2561086  0.02369748] [0.08461711 0.01254593 0.20913151 0.53061587 0.1630896 ] [0.09496056 0.0946975  0.7717364  0.02048175 0.01812379] [0.13881585 0.01972928 0.71627504 0.02915035 0.09602942] [0.09438819 0.01285295 0.3186383  0.19227281 0.38184777] [0.00704908 0.39026204 0.59607637 0.00184015 0.00477238] [1.0971893e-02 6.4466083e-01 3.4392798e-01 2.5706532e-04 1.8222995e-04] [0.02443318 0.02419866 0.12763377 0.0066426  0.8170918 ] [0.00348855 0.00227051 0.00377375 0.0049232  0.985544  ] [0.13782844 0.05038646 0.55149066 0.1556212  0.10467321] [6.6632958e-04 5.8862461e-05 2.3018260e-04 9.3601838e-02 9.0544283e-01] [0.22598547 0.02021006 0.334911   0.08620264 0.3326908 ] [1.1196853e-02 6.3264300e-04 7.7468553e-04 7.8928083e-02 9.0846777e-01] [5.4124493e-02 7.9912803e-04 4.4738208e-03 4.5723516e-02 8.9487904e-01] [0.10146554 0.07978337 0.74808764 0.0374632  0.03320024] [0.047381   0.20558341 0.7188446  0.01208837 0.01610259] [0.01588192 0.00095226 0.00157681 0.16652755 0.8150614 ] [0.34928745 0.05029228 0.53573966 0.03894042 0.02574017] [0.02059469 0.03336028 0.8622586  0.0137765  0.07000989] [1.9828719e-03 4.5674818e-04 2.9866379e-03 1.0991330e-03 9.9347466e-01] [0.00936071 0.00162037 0.00198324 0.04781742 0.9392182 ] [0.13366945 0.00813588 0.26292092 0.5842003  0.01107339] [0.19077814 0.07599223 0.6471434  0.07273588 0.01335033] [0.33766747 0.4402612  0.21618739 0.00457075 0.00131319] [0.1329062  0.06121718 0.35438284 0.07850934 0.37298444] [0.11205247 0.01699792 0.6649083  0.02027591 0.18576539] [3.0675551e-03 6.5411723e-01 3.4099600e-01 6.2723248e-04 1.1919792e-03] [0.04087564 0.01115572 0.0885952  0.6237997  0.23557374] [0.13028853 0.07381828 0.44916403 0.25427473 0.09245449] [0.2759618  0.02093863 0.14566453 0.33330193 0.22413309] [8.2967347e-03 2.6794706e-02 9.6148217e-01 2.7003998e-03 7.2603306e-04] [0.24913299 0.02368324 0.04800119 0.35470286 0.32447973] [0.58935416 0.02459462 0.23054764 0.11705808 0.03844554] [0.01532221 0.00481709 0.10711477 0.00323437 0.8695116 ] [0.46181118 0.09101312 0.05380204 0.25670493 0.13666877] [0.03339219 0.07562621 0.83715636 0.02675914 0.02706613] [0.13440108 0.1838076  0.5591442  0.02400993 0.09863721] [1.97606180e-02 7.07946951e-04 1.00644410e-03 1.30519215e-02
 9.65473056e-01] [0.02054732 0.08495148 0.7099467  0.08913087 0.09542363] [0.3327218  0.07526216 0.31001216 0.05440339 0.22760049] [0.01273755 0.03447526 0.9486978  0.00168342 0.00240601] [0.20237564 0.00329185 0.01433744 0.21767305 0.562322  ] [0.07634795 0.01569772 0.868727   0.01744116 0.02178613] [0.01832878 0.68052506 0.29860693 0.00151571 0.00102347] [0.00117703 0.48635364 0.5110316  0.00062052 0.00081718] [0.02840979 0.19882183 0.75729716 0.00339597 0.01207523] [0.01098047 0.8292756  0.15734781 0.00085037 0.00154576] [0.1287319  0.06552307 0.78811985 0.01334168 0.00428352] [0.12573321 0.00923158 0.08138279 0.22279325 0.56085914] [0.01073003 0.11996307 0.7617944  0.05724384 0.05026865] [1.4511747e-03 8.5202919e-04 9.8901428e-04 2.6112265e-04 9.9644667e-01] [0.01782384 0.00932839 0.01990702 0.01212777 0.94081295] [0.17882872 0.2830774  0.5294562  0.00545908 0.00317859] [0.0619343  0.27082822 0.53422695 0.07664812 0.05636242] [0.05350076 0.0072435  0.9130618  0.0187215  0.00747247] [0.16475062 0.0410046  0.7002125  0.02401416 0.07001809] [0.00707319 0.00262227 0.05286675 0.00499646 0.93244135] [2.0041654e-02 6.5361697e-04 3.3624321e-03 8.3402403e-02 8.9253986e-01] [0.24981998 0.0073808  0.12210978 0.04500262 0.5756868 ] [0.1143342  0.4040378  0.47029513 0.006413   0.00491986] [0.10616285 0.2234772  0.6646055  0.00203089 0.00372354] [0.02363762 0.13447829 0.3565688  0.09528911 0.39002612] [0.02839315 0.34298915 0.60702306 0.00966646 0.01192822] [0.02552273 0.10682714 0.85207826 0.0126988  0.00287309]",0 3 0 1 3 3 0 4 2 0 4 0 2 1 4 2 3 2 0 4 2 3 4 2 4 3 2 1 0 3 0 2 4 4 4 2 2 1 4 1 0 4 2 0 2 2 4 2 4 0 2 2 3 2 0 1 1 0 4 3 1 3 1 4 3 0 2 4 4 4 3 4 1 0 3 3 3 2 0 1 4 4 4 0 3 2 3 3 1 1 4 4 2 4 2 4 4 0 2 3 2 2 4 4 0 2 2 1 2 1 3 2 2 2 0 0 4 0 2 2 4 2 0 1 4 2 2 1 2 1 0 0 2 4 4 1 2 1 2 4 4 3 0 2 2 2 1
188,4,xgboost,0.02,20000,20000,0.54421768707483,0.8574448920786584,"[3.4809124e-02 1.6962762e-01 7.9488188e-01 4.6987497e-04 2.1147015e-04] [0.01447932 0.03347632 0.8882811  0.05810294 0.00566032] [0.24276091 0.11496135 0.47155082 0.06376366 0.10696328] [0.04643832 0.01903345 0.22996458 0.6035212  0.10104246] [4.4872966e-03 1.7751225e-04 5.6848355e-04 6.3012796e-03 9.8846543e-01] [0.51872236 0.26136878 0.16245136 0.01671519 0.04074231] [7.2527849e-03 2.0419451e-04 3.1695243e-03 2.1092296e-02 9.6828115e-01] [0.23192126 0.01293153 0.1202035  0.5756565  0.05928725] [0.08849035 0.63852125 0.25841042 0.01245199 0.00212601] [0.2202805  0.01043673 0.09985761 0.04050633 0.6289188 ] [0.4554216  0.0180535  0.3199398  0.07940018 0.12718493] [0.22073498 0.19827701 0.50283027 0.05714482 0.02101291] [0.00437516 0.00279193 0.00416325 0.002613   0.9860567 ] [0.04061607 0.03487836 0.8937942  0.00357675 0.02713465] [7.878661e-02 9.843329e-04 7.741813e-04 9.409771e-02 8.253572e-01] [0.40373147 0.0131554  0.01225145 0.19201249 0.37884924] [0.00630891 0.8498051  0.13706186 0.00390117 0.00292297] [0.01329539 0.1502891  0.8308293  0.00346853 0.00211765] [1.1635498e-02 4.6858692e-04 9.0230885e-04 3.3498567e-01 6.5200794e-01] [2.9629929e-02 9.1408967e-04 1.9229605e-03 4.5573872e-02 9.2195922e-01] [0.00646408 0.00109453 0.00699821 0.00691997 0.97852314] [0.15555117 0.03313572 0.7373581  0.0495277  0.02442731] [0.06272123 0.20309192 0.7128388  0.01917884 0.00216918] [0.01195215 0.01678749 0.9674616  0.00173749 0.00206125] [0.14048472 0.03508951 0.07510974 0.6742421  0.0750739 ] [0.26867044 0.03909883 0.33982837 0.2806697  0.07173265] [0.02414907 0.1151733  0.85555387 0.00091726 0.00420653] [0.02956575 0.00065208 0.00272369 0.38786894 0.57918954] [2.8605426e-03 1.0786025e-04 3.0724827e-04 3.8330823e-02 9.5839357e-01] [0.04424446 0.0290284  0.05884042 0.04745099 0.8204357 ] [0.06693204 0.01679065 0.11416987 0.0457815  0.75632596] [1.9089922e-02 2.8334992e-04 3.0121280e-04 4.3614987e-02 9.3671054e-01] [0.06663386 0.11807578 0.6812467  0.06993999 0.06410372] [0.050979   0.00593065 0.01313826 0.7836907  0.14626142] [0.6236344  0.02519652 0.2788608  0.02990812 0.04240014] [0.04292624 0.02193949 0.9285058  0.00354254 0.0030859 ] [0.01444622 0.33781224 0.6314182  0.01461461 0.00170871] [1.1013912e-02 7.2250527e-04 3.4552456e-03 1.2154041e-03 9.8359299e-01] [0.30961394 0.0848007  0.25816712 0.30304894 0.04436932] [0.12746944 0.00135121 0.00623994 0.45570612 0.40923327] [0.01306189 0.01518212 0.00848911 0.002171   0.96109587] [0.00151062 0.00237254 0.02810296 0.00133468 0.96667916] [1.3105163e-03 9.6792775e-01 3.0175224e-02 3.6122056e-04 2.2524854e-04] [1.0322696e-02 4.4840857e-01 5.3996813e-01 8.1331149e-04 4.8724143e-04] [1.1926761e-03 4.9080290e-03 7.1818074e-03 7.2026072e-04 9.8599720e-01] [0.05640181 0.08526853 0.79669833 0.03343596 0.02819534] [7.8461744e-04 1.9675846e-01 8.0207789e-01 1.1687149e-04 2.6217359e-04] [1.0644681e-02 7.2480118e-01 2.6320753e-01 8.6924428e-04 4.7740393e-04] [0.07241221 0.5563318  0.36744767 0.00269618 0.00111212] [0.13523142 0.0108557  0.04808941 0.4243116  0.3815119 ] [0.17804942 0.09094197 0.69377714 0.03170002 0.00553149] [0.17794728 0.12421065 0.43386787 0.02892336 0.2350508 ] [0.59365404 0.01183338 0.20143807 0.01097648 0.18209805] [0.06323065 0.00561807 0.00947601 0.64157516 0.28010014] [0.02150779 0.31214666 0.657577   0.00509212 0.00367643] [5.8201439e-04 2.3477951e-04 1.1754481e-03 6.3329714e-04 9.9737442e-01] [0.2832988  0.04714185 0.5896876  0.02749763 0.05237417] [0.05300323 0.01223546 0.65487367 0.01360991 0.26627773] [0.05264894 0.09174717 0.8535136  0.00095127 0.00113908] [0.22884382 0.01419008 0.11085328 0.13171142 0.51440144] [0.5334272  0.00434002 0.00811059 0.30518886 0.14893328] [0.30360314 0.45734584 0.1536352  0.05602041 0.02939547] [0.3290519  0.02171724 0.2267126  0.20650509 0.21601316] [5.5293194e-03 2.9126334e-04 2.6301586e-04 2.8934972e-03 9.9102294e-01] [0.05452722 0.03703134 0.877495   0.0148238  0.01612268] [0.18985052 0.0036668  0.03218573 0.12228517 0.6520118 ] [3.3067215e-02 8.2086307e-01 1.4566728e-01 2.2008909e-04 1.8237277e-04] [0.36308745 0.12284617 0.04682826 0.37349108 0.09374703] [0.05284142 0.00250512 0.00269578 0.5300647  0.411893  ] [0.15747096 0.47936156 0.35679784 0.00392876 0.0024409 ] [1.40926605e-02 4.12811004e-02 9.42732811e-01 6.65223924e-04
 1.22823624e-03] [0.45330513 0.03268214 0.23940627 0.23734285 0.03726356] [0.3119417  0.01709233 0.05010467 0.4961859  0.12467543] [0.21473339 0.03395192 0.5975579  0.01629069 0.1374661 ] [0.05999586 0.00334624 0.01195693 0.00518885 0.91951215] [0.08725643 0.01077909 0.09623747 0.7369206  0.06880642] [0.00947705 0.00195461 0.03885621 0.00161065 0.9481015 ] [0.08493555 0.01208813 0.08791589 0.00900321 0.8060573 ] [0.13666825 0.01842564 0.01026535 0.5658253  0.26881546] [0.34137982 0.21689664 0.27425262 0.01700567 0.15046525] [0.03149823 0.01893454 0.9423376  0.00207474 0.00515488] [0.0499609  0.25092748 0.69267964 0.00386143 0.00257056] [4.6238303e-03 3.2231301e-01 6.7261839e-01 2.5438282e-04 1.9040705e-04] [0.21477148 0.00269993 0.048067   0.21181925 0.5226423 ] [4.3466249e-03 4.0661477e-02 9.5323932e-01 9.7455847e-04 7.7796559e-04] [0.04111396 0.21723805 0.73728657 0.00148897 0.00287245] [0.01812342 0.06447618 0.90898764 0.00446433 0.00394838] [0.02288287 0.06610696 0.90799713 0.00154529 0.00146778] [0.35922143 0.29930127 0.31757885 0.01689655 0.00700191] [0.01779689 0.00284999 0.00421872 0.18375054 0.79138386] [0.0764835  0.12257192 0.59911996 0.032297   0.16952762] [0.11201082 0.11178529 0.37538183 0.27724576 0.12357627] [0.00438049 0.00454464 0.00656682 0.00177434 0.9827337 ] [0.3396392  0.1397249  0.4544181  0.02575082 0.04046703] [0.05179565 0.69705683 0.24535269 0.00288824 0.00290657] [3.5035508e-03 6.0126756e-04 2.1806997e-03 2.1311319e-01 7.8060132e-01] [0.15135513 0.08608789 0.7156441  0.03704103 0.00987183] [0.06920278 0.03796377 0.86663955 0.00835228 0.01784164] [0.03817547 0.08685694 0.35567117 0.46010476 0.05919161] [0.02683799 0.00523623 0.0120058  0.9059153  0.05000466] [6.6155446e-04 3.7554171e-05 3.1191157e-05 1.0268533e-03 9.9824286e-01] [0.01106947 0.73171127 0.24866286 0.00243705 0.00611933] [0.27985102 0.00951909 0.18799303 0.478312   0.04432489] [0.08309382 0.01031053 0.04041748 0.4839516  0.38222653] [0.22973394 0.05244455 0.5849949  0.10213027 0.03069635] [0.04002894 0.33099744 0.6194909  0.00619055 0.00329216] [0.06175488 0.01348453 0.01254965 0.0236695  0.88854146] [0.00376217 0.0012367  0.00116794 0.03568684 0.9581464 ] [0.02201865 0.52288985 0.44353643 0.0076327  0.00392238] [8.5852243e-04 1.9620884e-04 2.6476982e-03 3.3560608e-04 9.9596196e-01] [8.7243359e-04 8.9819434e-05 3.8280163e-04 9.8892255e-04 9.9766600e-01] [0.00526339 0.00221253 0.03653135 0.00174334 0.9542494 ] [0.02849001 0.31299654 0.63567567 0.00985953 0.01297828] [5.3434179e-04 4.9607677e-04 3.2047746e-03 5.0992018e-04 9.9525487e-01] [0.59361225 0.01721312 0.24816716 0.07438903 0.06661844] [0.12032617 0.13452418 0.700213   0.04261123 0.00232538] [0.01815448 0.44694725 0.5245228  0.00553615 0.00483934] [0.04692519 0.47892636 0.4571782  0.01158067 0.00538958] [0.00350548 0.59564537 0.39906496 0.0011709  0.00061331] [4.6384934e-02 1.3575345e-01 8.1579059e-01 1.2883471e-03 7.8270078e-04] [6.0485718e-03 1.4775396e-04 8.0409765e-05 2.4268698e-02 9.6945459e-01] [0.09346724 0.02095962 0.61133796 0.21301843 0.06121673] [0.14253663 0.03272086 0.20836891 0.56556684 0.05080679] [0.00568476 0.09370057 0.8977276  0.0017928  0.00109428] [1.1986102e-02 4.9759284e-02 9.3424714e-01 4.8885803e-04 3.5186568e-03] [0.07193409 0.01712323 0.6783992  0.09049626 0.14204721] [7.2001410e-03 7.0648442e-04 3.0012936e-03 1.1204678e-02 9.7788745e-01] [0.29103568 0.4277285  0.05101615 0.06018418 0.17003548] [0.07743132 0.24723634 0.62952906 0.00435228 0.04145098] [0.5447688  0.31848606 0.12346236 0.00630426 0.00697854] [0.03367089 0.00919424 0.06969404 0.47176945 0.41567135] [0.5164754  0.04294004 0.19537918 0.18420683 0.06099858] [6.8498473e-03 1.7235711e-02 9.7165447e-01 7.9701451e-04 3.4628990e-03] [0.1552228  0.00089457 0.00891498 0.15680815 0.67815953] [0.06456411 0.03405708 0.855912   0.01151613 0.0339507 ] [0.00666578 0.00988682 0.98095036 0.00133475 0.00116227] [3.0449878e-03 2.9034051e-04 5.4370723e-04 1.4571286e-02 9.8154968e-01] [0.07525849 0.00428027 0.8062355  0.00286295 0.11136273] [0.39387143 0.04659048 0.11415878 0.3476784  0.09770095] [3.5782470e-03 3.6596965e-02 1.4371947e-02 8.1945129e-04 9.4463336e-01] [1.7685367e-03 1.9164301e-02 9.7825193e-01 5.5163936e-04 2.6357014e-04] [0.25839955 0.04007903 0.40261447 0.12591548 0.17299147] [0.08753558 0.10631724 0.15549117 0.64166653 0.00898944] [0.0583484  0.00852653 0.02702491 0.8236114  0.0824888 ] [0.47194734 0.05800141 0.36053893 0.00873673 0.10077556] [4.4439589e-03 8.5777116e-01 1.3690524e-01 5.6402449e-04 3.1564888e-04] [0.10874536 0.02029791 0.6155337  0.23930036 0.01612263]",1 0 0 3 4 2 4 2 1 2 0 0 4 2 3 3 1 1 4 4 4 0 2 2 0 3 0 4 4 4 3 4 2 0 3 2 2 4 2 3 4 4 1 1 4 0 1 1 2 2 3 4 2 3 1 4 0 2 2 0 3 2 3 3 2 3 1 3 4 1 1 0 3 0 4 0 4 4 3 0 2 1 1 4 2 1 2 2 2 4 2 2 4 0 1 3 2 2 2 3 4 2 4 0 0 2 4 3 1 4 4 4 1 4 0 2 2 1 2 2 4 0 0 2 1 4 4 2 2 2 4 3 2 3 0 2 4 0 0 4 2 0 2 3 2 1 0
188,0,xgboost,0.02,30000,30000,0.5945945945945946,0.8488437789842159,"[0.02534292 0.00693405 0.0202342  0.00249866 0.9449902 ] [0.19860777 0.00729897 0.290082   0.48727536 0.01673592] [1.6990330e-02 7.1440792e-01 2.6643190e-01 2.4147278e-04 1.9284056e-03] [0.03471709 0.01520306 0.06315048 0.857627   0.02930245] [0.27875438 0.02899642 0.42954156 0.1664005  0.09630717] [0.01540113 0.00195426 0.35402092 0.00276094 0.6258627 ] [1.5065480e-03 3.3675565e-04 8.0712456e-03 7.7297550e-04 9.8931247e-01] [0.48489738 0.23331337 0.16904259 0.0498637  0.06288298] [0.03848208 0.09433211 0.77331215 0.03842853 0.05544516] [0.3288804  0.0613621  0.2648741  0.0862311  0.25865227] [0.21565764 0.5282579  0.11950475 0.0247826  0.11179711] [0.08936227 0.03634968 0.8591096  0.00538732 0.00979115] [0.02336715 0.63700086 0.3327114  0.00373495 0.00318569] [0.0697607  0.21895707 0.69551474 0.00828007 0.00748744] [0.11187539 0.3086602  0.55158556 0.00436748 0.02351135] [0.03077113 0.0093792  0.03309535 0.85326314 0.07349116] [0.01017642 0.03877104 0.9460108  0.00159404 0.00344773] [0.05573405 0.3046983  0.5653571  0.04811256 0.02609803] [0.01560249 0.48276263 0.4975907  0.00087631 0.00316784] [1.440678e-02 2.776107e-01 7.063145e-01 6.875814e-04 9.803990e-04] [3.7252503e-03 2.6477076e-04 2.1693173e-04 6.0773395e-02 9.3501961e-01] [0.2766726  0.0894832  0.51005447 0.03012292 0.09366683] [0.25927776 0.0393613  0.52980685 0.04997196 0.12158215] [0.04794591 0.04189302 0.90496284 0.0014518  0.00374644] [0.0632055  0.01306744 0.11018757 0.1710841  0.6424554 ] [0.00205753 0.00316463 0.01685086 0.00156869 0.9763583 ] [0.04599407 0.00493619 0.11550091 0.07684242 0.7567264 ] [0.06085458 0.02148247 0.02555983 0.41391993 0.47818315] [7.92642310e-03 1.20495945e-01 8.70555580e-01 4.94637527e-04
 5.27474273e-04] [0.13203606 0.5461927  0.29935107 0.00198902 0.02043116] [1.1690433e-02 4.9812626e-04 3.5912681e-03 7.0229107e-01 2.8192905e-01] [2.961482e-03 2.612933e-01 7.352341e-01 2.462410e-04 2.648937e-04] [0.05001817 0.00129221 0.00265843 0.26136166 0.68466955] [0.10001158 0.6272452  0.20096879 0.02199774 0.04977668] [3.2519004e-03 2.8258871e-04 6.3114503e-04 1.2459954e-02 9.8337448e-01] [0.01475672 0.00150342 0.00258072 0.00911631 0.9720428 ] [0.01262499 0.0015447  0.00673013 0.00261518 0.976485  ] [8.7793982e-03 8.5495517e-02 9.0453756e-01 8.2906452e-04 3.5847072e-04] [2.8407653e-03 9.1727799e-01 7.9229578e-02 2.5032836e-04 4.0134846e-04] [0.04688497 0.00811208 0.06275993 0.7903788  0.09186418] [0.15639965 0.33492628 0.3832964  0.09340928 0.03196837] [0.31669208 0.13037264 0.13609862 0.34880668 0.06803002] [0.16376325 0.02132715 0.14600632 0.42396235 0.24494097] [0.39149266 0.03873038 0.15705232 0.26687768 0.14584701] [3.7206411e-03 3.6216728e-04 3.3171186e-03 7.0157601e-04 9.9189854e-01] [0.27415437 0.11459954 0.5646092  0.03154135 0.01509552] [0.5264978  0.01219387 0.02062516 0.2586117  0.18207149] [0.17591058 0.06295476 0.6916886  0.02284612 0.04659995] [0.3278087  0.00461041 0.36178344 0.09011205 0.21568543] [0.07568754 0.01884663 0.06609064 0.70120925 0.13816598] [0.29645973 0.22927947 0.12439257 0.03385196 0.3160163 ] [0.17191705 0.08220647 0.55272716 0.17015037 0.02299897] [0.01354692 0.00558925 0.95795554 0.01250244 0.01040585] [0.00868446 0.8447818  0.14172216 0.00316629 0.00164527] [0.36021814 0.21438101 0.21199    0.19332485 0.02008604] [0.02389915 0.00673361 0.03349349 0.00119243 0.93468136] [0.08535586 0.00285826 0.00693783 0.05911048 0.8457376 ] [0.21256004 0.00555097 0.0107895  0.2457483  0.52535117] [0.40683168 0.00903894 0.35354987 0.04799919 0.18258029] [0.17770478 0.07331382 0.42091787 0.0584967  0.26956677] [0.00685402 0.00189506 0.01114105 0.00704296 0.97306687] [0.14961356 0.01736104 0.7335542  0.0345787  0.06489254] [2.6827278e-03 1.4847312e-04 8.5039734e-05 1.8050835e-02 9.7903293e-01] [2.3957575e-02 4.5488219e-04 1.4499810e-03 3.9907721e-01 5.7506031e-01] [4.6503320e-02 4.1209414e-04 9.8420051e-04 7.8390270e-02 8.7371016e-01] [0.08696792 0.5491481  0.27114198 0.06203229 0.03070972] [0.06324089 0.00089636 0.00440887 0.2477265  0.6837274 ] [0.07584807 0.02306957 0.84134144 0.03001848 0.02972249] [0.04287571 0.06350728 0.8749758  0.00835923 0.01028201] [0.10065366 0.00576719 0.17656656 0.09813727 0.6188754 ] [0.0042553  0.001939   0.00181974 0.00327703 0.9887089 ] [0.5238621  0.0161648  0.17374918 0.2678776  0.01834631] [0.08920933 0.0127303  0.6069627  0.24442802 0.04666962] [0.3321265  0.28489473 0.3675639  0.00390229 0.01151252] [0.08203308 0.17196396 0.73410475 0.00457909 0.00731907] [0.08732429 0.03271222 0.33074042 0.2715897  0.2776334 ] [0.02010482 0.26364648 0.66820717 0.00889403 0.03914749] [0.0325735  0.00188397 0.00782724 0.00430708 0.95340824] [0.05665336 0.01583369 0.8224107  0.04241483 0.06268747] [0.22947584 0.08719032 0.63955003 0.02263722 0.02114659] [0.6423419  0.01753659 0.27544764 0.01465628 0.05001757] [0.03601422 0.00610606 0.01510414 0.9303613  0.01241427] [0.00906943 0.00466001 0.00538606 0.00942589 0.97145855] [0.06468719 0.00941083 0.00928559 0.09851423 0.8181022 ] [0.21055356 0.03289701 0.73717463 0.00296803 0.01640674] [0.05649626 0.06142101 0.30176723 0.5231676  0.05714793] [0.11459232 0.00917443 0.11410225 0.2111209  0.5510101 ] [0.05015475 0.00598018 0.02277755 0.31951487 0.60157263] [5.29019441e-03 9.24946368e-01 6.94301128e-02 2.17024048e-04
 1.16312476e-04] [1.6228585e-02 2.9312031e-02 9.5271188e-01 5.1070051e-04 1.2368695e-03] [4.3026311e-03 5.5681699e-04 1.3867008e-03 2.7441042e-02 9.6631283e-01] [0.1413842  0.28283218 0.4373882  0.087722   0.05067342] [0.04710208 0.03657753 0.87708676 0.01951466 0.01971895] [0.18212374 0.22743621 0.58697045 0.00236941 0.00110019] [5.5053383e-03 4.5090324e-01 5.4232413e-01 7.3351996e-04 5.3373672e-04] [0.00574653 0.0030399  0.06554974 0.00625596 0.91940784] [0.01771889 0.03173408 0.93601453 0.00286793 0.01166454] [0.4168699  0.18462661 0.2558352  0.13838704 0.00428124] [1.5320675e-02 6.1402662e-04 9.1978291e-04 7.3860455e-01 2.4454094e-01] [0.06997965 0.01227005 0.07109375 0.14853181 0.6981247 ] [0.503824   0.02583988 0.25005326 0.11173943 0.10854347] [5.6934753e-03 3.1183401e-01 6.8072933e-01 1.4363476e-03 3.0682230e-04] [0.04583646 0.16130224 0.732147   0.04474682 0.01596747] [0.04966946 0.05211589 0.8940267  0.0028891  0.00129881] [0.02773113 0.01212507 0.25689724 0.00800735 0.6952392 ] [0.42779142 0.03694586 0.25576892 0.09470194 0.1847919 ] [2.7590520e-03 2.1957541e-04 3.6283399e-04 7.3533446e-02 9.2312515e-01] [0.10345194 0.00519812 0.01803519 0.75128776 0.12202703] [0.11584985 0.03872726 0.76497597 0.01168116 0.06876571] [0.17426951 0.4579707  0.30130866 0.03481521 0.03163594] [0.10928282 0.01349462 0.13700834 0.21942975 0.52078444] [2.3857800e-02 8.4835204e-04 3.7398309e-04 6.6459930e-01 3.1032059e-01] [0.04338065 0.0015964  0.0082653  0.03439089 0.91236675] [0.14515725 0.01403903 0.03871356 0.15651016 0.64558   ] [2.2977943e-02 7.9872912e-01 1.6933762e-01 8.4366873e-03 5.1866943e-04] [7.1154698e-04 9.4649353e-05 2.1151628e-04 3.8063921e-02 9.6091837e-01] [0.00279122 0.00222894 0.017332   0.00115253 0.97649527] [0.2738398  0.06355438 0.40393123 0.12908202 0.12959254] [0.08605581 0.106038   0.5120292  0.13599971 0.15987729] [0.0780359  0.24270147 0.6014884  0.01842443 0.05934972] [0.15607712 0.01851262 0.39358783 0.41421878 0.01760362] [0.13310784 0.01204979 0.10939322 0.6442113  0.10123786] [0.02649106 0.00102053 0.00636919 0.22691344 0.7392058 ] [0.35918218 0.11882194 0.42372948 0.05131504 0.04695136] [0.15287901 0.20163482 0.3340183  0.11264089 0.19882697] [0.35047767 0.03639681 0.14871942 0.31419805 0.15020806] [1.2971794e-02 1.1805684e-01 8.6807078e-01 5.5031700e-04 3.5030820e-04] [0.05032013 0.2171573  0.6151567  0.09988093 0.01748492] [0.456718   0.03766222 0.30365893 0.03269684 0.16926405] [9.13564768e-03 2.89190619e-04 6.16661855e-04 1.01440616e-01
 8.88517857e-01] [0.20212252 0.35584474 0.32265037 0.10496347 0.01441889] [3.0506635e-03 5.2240496e-03 9.8941749e-01 6.7579723e-04 1.6319723e-03] [0.1406788  0.03147439 0.77426076 0.04981558 0.00377054] [0.5783191  0.09752952 0.23192191 0.0739228  0.01830669] [0.05492735 0.01456682 0.0147776  0.09462098 0.8211072 ] [0.10845299 0.01926712 0.15754844 0.5908954  0.12383603] [0.26118204 0.0079005  0.58065194 0.03085457 0.1194109 ] [0.02787635 0.06064818 0.16453372 0.14041272 0.606529  ] [0.19733159 0.04978558 0.36294067 0.13266511 0.25727707] [0.00678207 0.01915117 0.9693068  0.00102785 0.00373206] [0.01482362 0.00126192 0.00291116 0.69098246 0.29002082] [0.06998178 0.0140414  0.04549057 0.25185338 0.61863285] [0.09472255 0.01110593 0.8608268  0.01714827 0.01619647] [0.05094761 0.00945551 0.9218111  0.00696699 0.01081882] [0.7725624  0.00888847 0.02802273 0.1443882  0.04613828] [3.0359314e-03 9.3668170e-04 4.1391999e-03 3.5377598e-04 9.9153441e-01] [0.02631558 0.00581571 0.09032005 0.7240352  0.15351346] [0.23241034 0.04997414 0.64753747 0.05010536 0.01997275]",4 3 2 0 2 4 4 0 2 3 2 1 1 2 2 4 2 2 2 1 4 4 2 2 3 4 3 3 1 1 4 1 3 2 4 0 4 1 2 3 2 2 3 0 4 1 0 2 4 0 2 1 2 1 2 4 4 3 0 0 4 2 4 4 4 1 4 2 2 3 4 0 2 2 2 2 2 4 2 0 2 3 4 4 2 3 0 0 1 1 4 2 2 1 1 4 2 2 4 0 0 1 2 2 4 0 4 3 2 1 3 4 3 0 1 4 4 0 0 2 3 3 4 0 3 3 2 2 0 4 1 1 0 2 4 0 0 3 2 2 4 0 0 1 0 4 3 3
188,1,xgboost,0.02,30000,30000,0.5306122448979592,0.8184039944610768,"[0.02777845 0.03620697 0.9176921  0.01334241 0.00498003] [0.26766    0.00678001 0.05354791 0.607788   0.06422412] [0.04665427 0.13864738 0.75722545 0.00653157 0.0509413 ] [0.02487348 0.02291184 0.9219281  0.01852818 0.0117584 ] [0.01046484 0.01006124 0.01289442 0.00338611 0.96319336] [0.11262628 0.603842   0.27247855 0.00384226 0.00721088] [0.03807372 0.09155935 0.81080604 0.05309159 0.00646934] [0.06079831 0.00995056 0.75234735 0.08058584 0.096318  ] [0.04642466 0.01018526 0.01602682 0.28177422 0.645589  ] [0.0291611 0.090921  0.8657093 0.0040718 0.0101368] [2.7998309e-03 1.3752445e-04 1.1257195e-03 5.7717782e-02 9.3821913e-01] [0.15468962 0.09075129 0.3735628  0.3544688  0.02652743] [0.19135988 0.03496183 0.712374   0.03756214 0.02374216] [0.22185217 0.00834517 0.49876085 0.05205369 0.21898814] [0.2969284  0.03305751 0.62978107 0.0055688  0.03466415] [0.09080624 0.00892493 0.03363147 0.08620916 0.7804282 ] [0.007616   0.00308105 0.00562896 0.88442045 0.09925346] [0.02289416 0.00099143 0.00114093 0.1963099  0.7786636 ] [2.9467137e-03 8.6590322e-04 1.3180996e-02 5.0846377e-04 9.8249799e-01] [0.25012347 0.35436603 0.36120266 0.02729579 0.00701209] [0.05818336 0.16512264 0.72790325 0.0050779  0.04371287] [0.00529941 0.45076007 0.5354428  0.00258277 0.00591493] [0.04730203 0.00780906 0.05176445 0.04675999 0.8463645 ] [0.02427449 0.29731598 0.6731354  0.00392451 0.00134963] [0.03086296 0.06633712 0.06957647 0.46887842 0.36434507] [0.07424428 0.03647667 0.11061212 0.46130183 0.31736505] [0.11347602 0.09378159 0.7371873  0.01547089 0.04008418] [0.14850381 0.02638806 0.36034474 0.17653425 0.28822917] [0.34445217 0.02227411 0.55205816 0.01873846 0.06247709] [0.10487397 0.06188415 0.4538812  0.03381245 0.34554818] [7.3369029e-03 5.6702079e-04 1.4562209e-03 9.1750845e-02 8.9888895e-01] [0.13923603 0.01739881 0.53998893 0.14164901 0.16172725] [0.17914945 0.01475554 0.26194364 0.1220265  0.42212492] [1.20836258e-01 1.49371393e-03 7.74877903e-04 1.01654544e-01
 7.75240600e-01] [0.32088876 0.15725471 0.41201654 0.06578063 0.04405933] [0.846374   0.00513551 0.09951524 0.04042722 0.00854809] [0.01662077 0.09149837 0.8744347  0.00601626 0.01142982] [0.07625402 0.00261992 0.00819445 0.12815809 0.7847735 ] [0.00456904 0.00356828 0.00279434 0.44457582 0.54449254] [0.07322142 0.00386725 0.00573989 0.55026054 0.36691087] [0.26632792 0.01076484 0.18025906 0.09863015 0.44401804] [2.9567188e-02 7.2931335e-04 3.5684677e-03 3.5776544e-02 9.3035847e-01] [0.01297683 0.00150476 0.00289024 0.00728736 0.97534084] [0.08791409 0.06951755 0.09040662 0.22997779 0.52218395] [0.55174816 0.13173728 0.30085427 0.01002715 0.00563316] [0.6688496  0.06213035 0.24938667 0.00361181 0.01602159] [0.1913528  0.00443706 0.00530041 0.6064281  0.19248164] [0.07184751 0.00203633 0.00570493 0.04156286 0.8788484 ] [0.02856399 0.00847093 0.03964531 0.84033674 0.08298298] [0.02160735 0.02035567 0.92920375 0.00469224 0.02414098] [0.01797013 0.00075773 0.00317199 0.2212837  0.75681645] [0.01661457 0.03596723 0.91876036 0.00178434 0.02687353] [0.01503128 0.04808797 0.9195806  0.01454417 0.00275598] [0.01879701 0.6476017  0.32723615 0.00273431 0.00363082] [0.01211221 0.6536779  0.32776585 0.00397393 0.00247021] [0.1392915  0.00155141 0.00842329 0.44524938 0.40548438] [1.9334655e-02 7.6253586e-02 8.9923424e-01 6.6708791e-04 4.5104632e-03] [0.01144419 0.03804003 0.9006019  0.01605538 0.03385847] [0.04194199 0.01630672 0.11612596 0.6716929  0.15393248] [2.2054203e-02 5.3454138e-04 9.7282114e-04 1.2177717e-01 8.5466129e-01] [0.2107032  0.17381091 0.59716755 0.01070761 0.00761074] [0.0459324  0.01642979 0.0753813  0.10117304 0.7610835 ] [1.2778214e-02 7.3383236e-04 6.1231805e-03 1.7608097e-01 8.0428386e-01] [0.08064225 0.24238282 0.59866923 0.07007581 0.00822985] [3.4830350e-04 9.8609793e-01 1.3407535e-02 5.6621488e-05 8.9653462e-05] [0.00498069 0.47618386 0.49706134 0.00565338 0.01612076] [0.02075268 0.00085723 0.00232202 0.13334443 0.8427236 ] [0.0482028  0.6155059  0.32359654 0.00599489 0.00669989] [0.23140107 0.03766476 0.494951   0.18848158 0.04750161] [0.24602984 0.00388339 0.11706182 0.37419972 0.25882527] [0.19045196 0.56806535 0.22303158 0.00537249 0.01307858] [0.34589705 0.01069851 0.08554347 0.10194849 0.45591247] [0.18372647 0.5467859  0.18413061 0.04697267 0.03838435] [0.13898018 0.292581   0.53486735 0.01953692 0.01403453] [0.10868022 0.01639633 0.8441707  0.0083355  0.02241726] [0.00123578 0.0010568  0.00691001 0.00142182 0.9893756 ] [0.02238871 0.00295697 0.04303454 0.09265143 0.83896834] [0.29623765 0.03458965 0.6245473  0.02471682 0.01990854] [0.25882813 0.06844666 0.4749515  0.10702748 0.09074627] [0.16900003 0.05022406 0.73160356 0.00527752 0.04389482] [0.01570022 0.00176329 0.14090903 0.00299341 0.838634  ] [5.8275677e-04 7.9112599e-04 4.1638394e-03 9.3687419e-04 9.9352539e-01] [0.1663992  0.07082277 0.05377692 0.45684928 0.2521518 ] [0.01394489 0.7918518  0.17064229 0.00576354 0.01779748] [0.04110244 0.02247956 0.39820635 0.26910445 0.2691072 ] [0.33557418 0.15172824 0.4043784  0.08554272 0.02277639] [0.01307492 0.00306577 0.00371832 0.11495278 0.86518824] [0.20395686 0.07564749 0.36439493 0.3277508  0.02824995] [0.36572555 0.09184292 0.47097373 0.02233907 0.04911873] [0.00288595 0.01398005 0.01991201 0.00143562 0.9617863 ] [7.6076866e-04 7.8766489e-01 2.1095994e-01 2.4143790e-04 3.7294877e-04] [0.7250598  0.00815255 0.04548496 0.19803283 0.02326986] [0.08433855 0.03965406 0.51297045 0.03880378 0.32423314] [0.05575864 0.0771482  0.13007703 0.563476   0.1735401 ] [0.02505509 0.00207124 0.00301477 0.0119039  0.957955  ] [1.5205512e-03 2.5031509e-04 5.2089163e-04 1.2721591e-01 8.7049234e-01] [0.02872441 0.00107906 0.00186697 0.6081696  0.36016   ] [1.2866325e-03 2.9773483e-02 9.6836609e-01 4.2204099e-04 1.5175750e-04] [9.8424859e-04 1.2969280e-03 1.5431084e-03 2.6296712e-03 9.9354607e-01] [0.00694093 0.12883723 0.8501174  0.00597859 0.00812589] [0.3046343  0.07017263 0.33080837 0.07773779 0.2166469 ] [2.3901253e-03 1.5331876e-03 7.7501461e-03 2.4943374e-04 9.8807716e-01] [0.63254446 0.03137745 0.05575024 0.18535167 0.09497615] [0.00636788 0.0272295  0.93902165 0.00190386 0.02547711] [0.05443243 0.02540484 0.70081854 0.19528858 0.02405558] [0.06968991 0.02631742 0.19289191 0.6302131  0.08088768] [5.4318807e-04 4.7371519e-04 1.0116795e-03 7.4933155e-04 9.9722207e-01] [0.00164251 0.06456981 0.92525417 0.00100506 0.00752848] [0.10923136 0.36081466 0.5123904  0.01406566 0.00349793] [0.05164866 0.00334073 0.00641841 0.79622376 0.14236847] [0.0514632  0.02720621 0.6889855  0.00964758 0.22269748] [0.0671472  0.0039237  0.08367571 0.01066022 0.8345932 ] [0.1957658  0.01221234 0.05879546 0.3066143  0.42661208] [0.18711829 0.0764768  0.24610364 0.15021352 0.34008774] [0.22841059 0.0623591  0.44829223 0.03710864 0.22382946] [0.0641873  0.00188479 0.00523584 0.8300546  0.09863751] [0.20675123 0.05659452 0.64182466 0.01446436 0.0803652 ] [4.4628736e-03 5.1397737e-04 6.7690229e-03 5.1555713e-04 9.8773861e-01] [0.01429266 0.00108684 0.0088863  0.07002271 0.9057115 ] [0.07390875 0.00117115 0.2823979  0.01773146 0.6247907 ] [0.02175761 0.00426173 0.11315744 0.2314029  0.62942034] [0.07271142 0.00784293 0.07634341 0.01979081 0.8233114 ] [0.06951118 0.05484594 0.2974038  0.56108093 0.01715811] [0.43507555 0.02323127 0.08296073 0.42719707 0.03153536] [0.01947011 0.22049968 0.7319846  0.01759262 0.01045301] [5.0886963e-03 8.3483672e-01 1.5943286e-01 3.2432424e-04 3.1744942e-04] [0.5825883  0.25034302 0.13900948 0.01722113 0.010838  ] [0.0052412  0.3548824  0.63664055 0.00221315 0.0010227 ] [1.6953545e-02 5.8916572e-04 6.7928969e-03 3.7498809e-03 9.7191453e-01] [0.02507131 0.09598903 0.83256006 0.02996862 0.01641098] [0.03976481 0.01761317 0.30969822 0.5362693  0.09665451] [0.10177348 0.00968041 0.05892697 0.61076325 0.21885586] [5.3382940e-03 3.4555563e-04 3.1753333e-04 1.5734069e-01 8.3665794e-01] [0.00709705 0.08660278 0.90246636 0.00272422 0.00110955] [0.21001785 0.00711501 0.7433008  0.01781919 0.02174721] [0.4037676  0.0822651  0.44885552 0.05326835 0.01184348] [0.29574266 0.13047992 0.5372539  0.01468778 0.02183571] [0.26899907 0.00485353 0.0582509  0.63271123 0.03518524] [0.00457718 0.20932467 0.7826486  0.00193834 0.00151122] [0.05574477 0.07557756 0.7927509  0.00768506 0.06824166] [0.08058035 0.02272598 0.5325944  0.35623044 0.00786881] [0.08471636 0.41838565 0.3835148  0.08650949 0.02687373] [0.02430377 0.01607247 0.04499516 0.07861504 0.8360136 ] [0.03533225 0.16361658 0.73802334 0.03773524 0.02529262] [0.15771407 0.19576785 0.49544927 0.05496197 0.09610684] [0.06125741 0.00769464 0.8557491  0.0051614  0.07013749] [0.01854617 0.09500288 0.8744717  0.00524935 0.00672988]",2 3 1 2 4 2 2 3 3 2 4 1 0 1 1 4 2 4 4 2 2 1 4 1 2 3 0 0 2 2 4 2 4 4 2 2 2 4 4 4 0 3 4 3 0 2 3 4 3 1 3 1 2 2 2 3 2 2 0 4 2 0 3 1 1 2 3 1 2 3 2 3 0 2 0 4 4 0 0 0 4 4 3 2 3 2 3 2 1 4 1 0 0 0 4 4 4 1 4 2 2 4 3 2 0 2 4 1 2 3 1 4 0 1 0 3 2 4 4 4 3 4 2 4 2 1 0 2 4 0 2 0 4 1 0 0 2 4 1 0 0 2 4 0 2 2 1
188,2,xgboost,0.02,30000,30000,0.5850340136054422,0.8519811056733436,"[0.00370634 0.5351512  0.45771948 0.00267588 0.00074713] [1.14338726e-01 1.40111506e-01 7.43750989e-01 1.09640521e-03
 7.02410995e-04] [0.00485556 0.00108532 0.0867925  0.00193919 0.9053274 ] [0.05572677 0.0723917  0.5141949  0.01052393 0.3471627 ] [0.29148483 0.03207033 0.6044615  0.02273711 0.04924627] [0.07453894 0.0196429  0.80533695 0.01061735 0.08986381] [0.2117356  0.06412631 0.6406094  0.03804976 0.04547896] [0.02755463 0.13997428 0.8197194  0.00751888 0.00523287] [0.27980208 0.06795904 0.6234973  0.01924885 0.00949269] [0.03731677 0.02238288 0.01576069 0.3906829  0.5338568 ] [0.01263624 0.6728917  0.1643343  0.14149301 0.00864478] [0.14082128 0.03195971 0.50717777 0.14347406 0.17656723] [0.18830772 0.00958169 0.03138983 0.65762085 0.11309995] [0.10849666 0.17839733 0.7058332  0.00264204 0.00463079] [2.8744373e-03 7.1005482e-04 9.9498937e-03 3.9783443e-04 9.8606783e-01] [0.2828163  0.00683311 0.45202926 0.13639271 0.12192867] [0.24540117 0.16027783 0.4544011  0.07265858 0.06726132] [0.28802058 0.04825787 0.2840077  0.06967895 0.3100349 ] [0.3735183  0.12759659 0.25033268 0.04381924 0.20473325] [0.04493472 0.39964673 0.54183203 0.00230527 0.01128127] [0.08966767 0.01077756 0.01619839 0.1337304  0.749626  ] [0.17925657 0.01903044 0.09062896 0.20893422 0.5021498 ] [0.36268142 0.08876274 0.23168631 0.16573231 0.15113723] [0.25523952 0.0208506  0.5743354  0.06720531 0.08236916] [1.9410852e-03 8.7238497e-01 1.2529764e-01 1.9047297e-04 1.8577717e-04] [0.5682178  0.0180523  0.33120546 0.02961615 0.05290829] [0.19086951 0.08069208 0.6375353  0.06572105 0.02518208] [0.08278578 0.08781828 0.8100102  0.0115827  0.0078031 ] [0.01494025 0.00186338 0.03342588 0.00387524 0.94589525] [0.011969   0.73557    0.24656922 0.00328294 0.00260883] [0.0281785  0.02602606 0.56839305 0.32930213 0.0481002 ] [1.7015013e-03 4.3761052e-04 1.5378675e-03 3.8009419e-04 9.9594289e-01] [0.02539657 0.64658326 0.31990048 0.00341046 0.00470919] [0.10076009 0.12393929 0.69336057 0.02638392 0.05555619] [2.9727959e-03 4.1944787e-01 5.7640553e-01 5.2483322e-04 6.4894301e-04] [0.08693729 0.1164544  0.6874907  0.00669822 0.10241944] [0.16965191 0.41645312 0.34511256 0.01532101 0.05346139] [0.61194193 0.01671036 0.09784684 0.23153402 0.04196681] [1.4874833e-03 3.3750501e-03 2.4589850e-02 7.2904240e-04 9.6981859e-01] [3.8371742e-02 8.0973335e-04 6.6332896e-03 1.1747524e-01 8.3671004e-01] [0.00899119 0.510377   0.47744334 0.00197031 0.00121818] [5.0891647e-03 9.1729062e-03 9.8389292e-01 3.4218375e-04 1.5028443e-03] [0.03911088 0.05104931 0.89175403 0.01313983 0.00494593] [8.3746773e-04 4.9686723e-04 2.2697521e-03 6.1729569e-03 9.9022293e-01] [0.4220672  0.03910472 0.07183739 0.03615021 0.4308405 ] [2.5986288e-02 8.5237989e-04 8.5069728e-04 1.7299306e-02 9.5501137e-01] [0.13254316 0.05185689 0.33320877 0.00574956 0.4766416 ] [0.38161913 0.06697716 0.13240913 0.37836206 0.0406325 ] [0.02969158 0.10938136 0.84090734 0.01192347 0.00809623] [5.1562390e-03 9.6853584e-04 5.0617626e-04 1.1652738e-01 8.7684160e-01] [0.13047054 0.01616574 0.6439433  0.12452284 0.08489756] [0.04412984 0.00132603 0.00121059 0.07593616 0.8773974 ] [0.12052467 0.06881851 0.7996579  0.00596799 0.00503095] [0.11500183 0.03481752 0.7090454  0.13156731 0.00956786] [0.30355585 0.01760381 0.46877286 0.02308716 0.18698026] [0.40301472 0.04583171 0.2187919  0.19673009 0.1356316 ] [0.10951205 0.0309368  0.63893926 0.04701624 0.17359562] [0.18541333 0.01736981 0.12571627 0.01362023 0.6578804 ] [0.16393058 0.14799577 0.6704766  0.01165793 0.00593905] [0.08390931 0.3557357  0.10034153 0.42061794 0.0393955 ] [0.12555662 0.00343318 0.02419289 0.5572823  0.28953502] [0.09901818 0.15407673 0.6795322  0.00785485 0.05951806] [0.21030337 0.01488281 0.03004028 0.7115753  0.03319821] [0.13477524 0.0582419  0.6225957  0.02651104 0.15787609] [0.21704994 0.02127352 0.08710898 0.55450183 0.12006573] [0.06963747 0.1849314  0.6759527  0.03574636 0.03373209] [0.59475833 0.04361847 0.24120218 0.08892377 0.03149721] [0.20683672 0.01143208 0.3763233  0.27369177 0.13171615] [0.7883481  0.00596329 0.03663692 0.15154059 0.01751112] [0.05717181 0.00602908 0.01157826 0.80289644 0.12232447] [1.2657197e-02 2.6966544e-04 7.3481700e-04 2.6378751e-02 9.5995963e-01] [9.1244525e-04 2.3863242e-04 9.1150729e-03 8.5771986e-04 9.8887616e-01] [0.1165877  0.00795144 0.04377596 0.12587425 0.70581067] [1.7364366e-02 2.2421432e-04 6.8310753e-04 7.2208941e-02 9.0951937e-01] [0.51337194 0.24597318 0.20598279 0.02550787 0.00916424] [1.4540753e-03 8.4429038e-01 1.5369731e-01 1.6188550e-04 3.9637470e-04] [0.1645036  0.00925684 0.22481163 0.53128535 0.07014258] [0.02340412 0.00266707 0.4639644  0.02259012 0.48737434] [0.06721607 0.5642252  0.24722905 0.02757253 0.09375712] [0.03898096 0.00162063 0.01533026 0.16901624 0.77505195] [0.00869832 0.00294133 0.1978637  0.00186046 0.7886362 ] [1.1140744e-02 7.1985496e-04 1.0018764e-03 1.2763672e-01 8.5950077e-01] [0.08734807 0.00934602 0.02784604 0.63718253 0.23827738] [0.02241622 0.39057785 0.57514685 0.0095546  0.00230449] [0.05209109 0.04854114 0.83149433 0.05664891 0.01122454] [0.0502383  0.25735012 0.68589056 0.00343032 0.00309072] [0.08775517 0.00279343 0.0182212  0.27613002 0.6151002 ] [0.00988956 0.00276612 0.01399009 0.48353058 0.48982364] [0.0265017  0.6892307  0.2799007  0.00166834 0.00269857] [0.00321928 0.41365018 0.5799516  0.00126497 0.00191401] [0.39479727 0.1228668  0.41557467 0.04167108 0.02509016] [0.11155132 0.04817989 0.80523443 0.01561984 0.01941448] [0.06806505 0.01302577 0.05029923 0.08321528 0.78539467] [0.15243529 0.04252325 0.23872235 0.1637484  0.40257072] [0.0981914  0.15101065 0.734033   0.0088296  0.00793539] [0.00982415 0.00124983 0.00165879 0.09663052 0.89063674] [0.07532606 0.33464992 0.5795461  0.00786621 0.0026117 ] [2.7961187e-02 7.3693109e-01 2.3424995e-01 3.8877726e-04 4.6898797e-04] [0.07572987 0.25027275 0.57890517 0.07254127 0.02255096] [0.03643488 0.00265296 0.02006394 0.6799519  0.26089635] [0.14103362 0.01616502 0.0191379  0.41735888 0.40630463] [0.06330946 0.00300177 0.01319489 0.00637384 0.91412   ] [7.7313879e-03 2.6123162e-04 8.2956400e-04 3.1025033e-02 9.6015275e-01] [0.08113479 0.01706346 0.17987904 0.39453852 0.3273841 ] [0.22363764 0.602488   0.14133443 0.01628676 0.01625318] [0.39315516 0.03222434 0.5177693  0.04394463 0.0129066 ] [3.3305777e-04 8.7798053e-01 1.2152120e-01 9.2317168e-05 7.2927556e-05] [0.12167786 0.00560745 0.01483693 0.7836274  0.07425036] [0.40691563 0.2863309  0.21886916 0.00605967 0.08182467] [1.5236000e-02 2.0738313e-04 3.5714908e-04 2.6651688e-02 9.5754778e-01] [0.17807731 0.0789194  0.59422344 0.03455462 0.11422528] [0.41805828 0.19570719 0.20598806 0.02758851 0.152658  ] [0.09440212 0.00386343 0.01857918 0.45573825 0.42741698] [0.05459823 0.79279476 0.13761277 0.01296248 0.00203177] [0.05281429 0.35895264 0.5557091  0.01601903 0.01650497] [0.03433743 0.00348984 0.01009409 0.0941845  0.8578941 ] [0.0349911  0.13828988 0.81889105 0.0016354  0.00619254] [0.23402807 0.01551852 0.30619994 0.1871633  0.25709018] [0.09066559 0.04790046 0.8420802  0.00459019 0.01476358] [2.2121524e-03 3.2333622e-04 3.6576285e-04 1.9679658e-02 9.7741902e-01] [0.13836472 0.0189893  0.1921696  0.3815538  0.2689226 ] [0.18722557 0.01901243 0.5596401  0.07445157 0.15967031] [0.18151642 0.04436987 0.64106137 0.01557611 0.11747622] [0.2796499  0.03729573 0.05063539 0.50830704 0.12411195] [0.10115914 0.13066652 0.7497103  0.00279571 0.01566825] [0.1616757  0.07053361 0.7297389  0.02754532 0.01050653] [0.02072666 0.29079342 0.6822989  0.00491956 0.00126145] [0.15413377 0.00613893 0.72236514 0.00593521 0.11142696] [0.00917591 0.25111133 0.73720574 0.00145499 0.00105199] [0.19988239 0.05244893 0.5713084  0.03211689 0.14424343] [0.0209717  0.0021292  0.00715216 0.281566   0.688181  ] [0.09644027 0.01469077 0.30695415 0.5044515  0.07746335] [0.66877437 0.07819291 0.10975064 0.02071608 0.12256602] [0.00241114 0.00207192 0.00254497 0.00128376 0.9916882 ] [0.46265775 0.02664689 0.27454302 0.07213781 0.16401446] [0.413062   0.01865734 0.05158607 0.3708681  0.1458265 ] [0.03150194 0.00721354 0.854478   0.0374494  0.06935716] [0.22651897 0.2944249  0.4569272  0.01914782 0.00298112] [0.09343851 0.04551568 0.5786007  0.01392458 0.26852056] [0.13281411 0.5527028  0.16437083 0.01674106 0.13337117] [0.32544035 0.00915528 0.526419   0.13009928 0.00888608] [0.02440647 0.61756814 0.35407287 0.00221509 0.00173748] [0.14583027 0.00601026 0.0824401  0.3098862  0.45583326] [0.4023128  0.02210014 0.1202686  0.34998333 0.10533512] [0.143493   0.01882891 0.07736278 0.37519303 0.38512227] [0.09859575 0.02814891 0.24393281 0.5524373  0.07688519] [0.00111565 0.0014754  0.01475652 0.00155762 0.98109484]",1 1 4 2 2 1 4 2 2 3 0 2 4 2 4 3 2 0 0 1 0 3 3 2 1 0 1 2 4 2 3 4 1 0 2 0 1 0 4 4 1 2 2 4 0 4 1 2 2 4 0 4 2 1 2 4 1 4 1 2 3 2 3 2 3 2 0 3 0 3 4 4 4 4 1 1 3 0 2 3 4 4 0 2 2 1 4 3 2 1 2 2 0 4 0 4 2 1 2 3 4 4 4 3 2 0 1 3 2 4 2 2 4 1 2 3 2 0 2 4 0 3 2 3 2 2 2 0 1 4 4 0 0 4 4 0 4 2 0 2 0 2 4 3 3 0 4
188,3,xgboost,0.02,30000,30000,0.5510204081632653,0.8313222742473723,"[0.14949042 0.05047454 0.57120043 0.07541399 0.15342066] [0.11573576 0.02170491 0.34372523 0.28292152 0.23591258] [0.29432458 0.0177919  0.5636735  0.10760376 0.01660629] [0.1438707  0.06243906 0.48365584 0.05612515 0.2539092 ] [0.01613278 0.0011216  0.00413431 0.14820592 0.83040535] [1.6034948e-02 7.1373302e-04 2.7663906e-03 1.3430917e-01 8.4617573e-01] [0.44440904 0.01472805 0.08474755 0.14579947 0.31031588] [0.21997918 0.00294099 0.01509692 0.62452984 0.13745306] [0.01558912 0.01276687 0.89985967 0.05580008 0.01598427] [0.67296547 0.03507495 0.13701168 0.14828372 0.00666418] [5.8444263e-04 4.2775966e-04 4.4869897e-03 2.4731591e-04 9.9425346e-01] [0.26314387 0.30154526 0.2047274  0.14698556 0.08359792] [0.02587604 0.20768423 0.7384251  0.00865235 0.0193623 ] [0.08652116 0.13168071 0.7777392  0.00190801 0.00215092] [0.24330771 0.03791613 0.09582563 0.25232902 0.37062147] [4.4910004e-03 2.5383109e-01 7.3972440e-01 1.3545295e-03 5.9900276e-04] [2.41559166e-02 5.24092233e-04 2.46196170e-03 1.06899686e-01
 8.65958393e-01] [0.06383889 0.04057926 0.11027522 0.6417888  0.14351788] [0.06890113 0.11496761 0.77215326 0.01087596 0.03310202] [0.00407255 0.00221318 0.01592694 0.4803848  0.49740258] [6.5613184e-03 5.3114343e-02 9.3900764e-01 5.4392178e-04 7.7280926e-04] [0.11939666 0.01193754 0.17542313 0.3025169  0.39072576] [0.10954601 0.00166468 0.00223279 0.11104438 0.77551216] [0.11042716 0.14568609 0.69550097 0.02441872 0.02396712] [0.1376913  0.06984279 0.5032061  0.07031448 0.21894538] [0.03654159 0.00548213 0.07514106 0.70896137 0.17387386] [0.03704773 0.02308158 0.9157657  0.01911449 0.00499054] [0.06757952 0.14032301 0.77353805 0.01113131 0.00742814] [0.70171237 0.00425101 0.20862575 0.00989936 0.07551149] [0.02638851 0.00129109 0.00335018 0.01804055 0.95092964] [0.526349   0.11194568 0.1989119  0.11563122 0.04716218] [0.03674971 0.01076758 0.9059884  0.03689468 0.00959966] [0.00584958 0.00242333 0.07046385 0.04538348 0.87587976] [0.0345     0.00757964 0.00234256 0.53011984 0.42545795] [5.3915437e-03 8.2389114e-04 1.4880589e-03 9.1789556e-01 7.4400961e-02] [0.06516137 0.15593877 0.76617545 0.00229953 0.01042493] [0.5515574  0.07567717 0.34921014 0.006865   0.01669028] [0.06570915 0.25659955 0.5756482  0.09824309 0.00380001] [0.01698816 0.00095521 0.00873365 0.37740487 0.5959181 ] [0.04831289 0.13925521 0.76513255 0.04257165 0.00472767] [0.06731331 0.0058191  0.72722214 0.13451348 0.06513198] [2.7853878e-02 3.9187999e-04 1.0344335e-03 1.2387252e-01 8.4684724e-01] [0.00202319 0.34633902 0.6467106  0.00268224 0.00224498] [0.11015331 0.1823213  0.10899324 0.40661445 0.19191767] [0.04523572 0.08510958 0.8167994  0.01954623 0.03330909] [0.00855132 0.22350708 0.7616047  0.00208001 0.00425681] [1.8872287e-03 3.3167221e-03 3.2549985e-02 5.3616235e-04 9.6170992e-01] [0.00884369 0.53468263 0.45255685 0.00219667 0.00172016] [0.00907225 0.00074082 0.00076833 0.30955037 0.6798682 ] [0.12279279 0.05069306 0.4199795  0.2953893  0.11114531] [0.14575592 0.16838336 0.66497517 0.01616545 0.00472012] [0.09954059 0.21316674 0.65231174 0.00958421 0.02539667] [0.65521485 0.0213407  0.06110245 0.10854749 0.15379451] [0.07125412 0.12107674 0.7384669  0.01344977 0.05575252] [0.2670122  0.05707429 0.45342827 0.19956532 0.02291988] [0.09669246 0.04937324 0.8470174  0.00433061 0.00258627] [4.3517877e-03 5.6198692e-01 4.3200567e-01 1.2052327e-03 4.5035806e-04] [0.3899132  0.03681027 0.33157507 0.0949847  0.14671679] [1.0993775e-02 8.5548026e-04 5.8372384e-03 7.7516804e-03 9.7456181e-01] [0.06104657 0.00178495 0.00512698 0.8824001  0.04964139] [0.00617281 0.06854106 0.9231465  0.00111197 0.00102774] [0.23097569 0.01705375 0.24172848 0.43479884 0.07544325] [0.09685457 0.34584913 0.54901725 0.00288424 0.00539485] [2.7934380e-03 1.6878154e-04 7.0110516e-05 1.1241012e-02 9.8572665e-01] [0.16657817 0.01940529 0.02843051 0.56802994 0.21755609] [0.00584627 0.12224499 0.85252506 0.00246262 0.01692102] [0.03714005 0.28500143 0.67309636 0.00132886 0.00343334] [0.32759696 0.01121659 0.0400979  0.28036216 0.34072635] [0.12794818 0.00424835 0.01998357 0.59271073 0.25510916] [0.11969384 0.00304058 0.01905577 0.4171317  0.44107816] [0.08073391 0.00385666 0.00981294 0.8701485  0.03544804] [5.4273788e-02 7.6895719e-04 1.0361715e-03 1.3824905e-01 8.0567205e-01] [0.03102369 0.6262261  0.34030217 0.00111384 0.00133424] [0.07453992 0.01796597 0.11811543 0.37242568 0.41695303] [0.3202272  0.00628984 0.63624364 0.02954019 0.00769913] [0.0225066  0.01418038 0.04533523 0.8156586  0.10231917] [0.73027927 0.02530522 0.05548077 0.16310255 0.02583218] [0.02488481 0.32433718 0.6419424  0.00507132 0.00376429] [0.11737069 0.0368489  0.3660823  0.36495024 0.11474788] [0.19683407 0.03691979 0.5686078  0.07660558 0.12103276] [4.0511917e-02 5.6141219e-04 6.7698344e-04 2.3787698e-01 7.2037274e-01] [0.18705662 0.00388358 0.00679977 0.7346829  0.0675771 ] [0.32300696 0.06787826 0.31081802 0.04019834 0.25809845] [0.3636766  0.01831821 0.23095562 0.25910017 0.12794939] [0.34656465 0.00376057 0.08253448 0.465198   0.10194231] [0.10980629 0.12373287 0.6973371  0.02183056 0.04729323] [0.01812193 0.05038674 0.90424377 0.02080897 0.00643854] [0.13730198 0.24614607 0.19919957 0.19923294 0.21811938] [0.06167001 0.27843425 0.64931375 0.00520413 0.00537787] [4.5029847e-03 8.9542514e-01 9.9922404e-02 7.0955648e-05 7.8509074e-05] [3.3089041e-04 1.0234370e-03 1.9457284e-02 5.4582133e-04 9.7864258e-01] [0.00908154 0.00681474 0.02595836 0.00330043 0.95484495] [0.18012513 0.02395508 0.76432914 0.01106895 0.02052167] [0.06512082 0.00090313 0.00296153 0.43940237 0.49161214] [0.38021275 0.02139306 0.55262655 0.007839   0.03792862] [3.5322295e-03 2.3056238e-04 3.0086032e-04 1.1575728e-02 9.8436064e-01] [0.2648574  0.01287117 0.02305436 0.3516393  0.34757778] [0.03138436 0.01192971 0.91286683 0.0101974  0.03362168] [0.02534028 0.10922811 0.8602318  0.0037169  0.00148286] [2.0515319e-02 8.5263042e-04 1.0722179e-03 6.7812376e-02 9.0974748e-01] [0.5191356  0.05404999 0.2574496  0.15622517 0.01313965] [0.124772   0.04204197 0.73546237 0.06054282 0.03718084] [9.2253013e-04 1.2263167e-03 3.6419034e-03 5.0091610e-04 9.9370837e-01] [0.08856308 0.0107486  0.01593556 0.23095512 0.6537977 ] [0.12442557 0.05870097 0.36016628 0.44713512 0.00957202] [0.470662   0.01796375 0.47621164 0.02155818 0.01360441] [4.9694881e-02 3.8942028e-02 9.0664035e-01 3.9014383e-03 8.2131481e-04] [0.3073846  0.07995145 0.5402958  0.05641092 0.01595722] [0.05718134 0.12867588 0.65736926 0.01621196 0.14056161] [8.1255223e-04 8.3583355e-01 1.6287331e-01 1.5114622e-04 3.2938714e-04] [0.00547698 0.00120693 0.00454672 0.8960633  0.09270603] [0.11305595 0.01114663 0.7460791  0.10195132 0.02776702] [0.35227174 0.02789793 0.13928948 0.43817753 0.04236327] [0.05750097 0.5735016  0.3442817  0.01690236 0.00781339] [0.04428242 0.00181146 0.00722791 0.08209663 0.8645816 ] [0.15728243 0.01415187 0.77545464 0.02692145 0.02618961] [0.01006129 0.00733589 0.37740546 0.00528928 0.5999081 ] [0.14480583 0.03003646 0.70072794 0.05076406 0.07366571] [0.03121307 0.56480956 0.36237216 0.01683051 0.02477469] [0.06704445 0.09415772 0.75782245 0.03918824 0.04178718] [4.4433475e-02 6.6184998e-04 3.8731380e-03 9.1144383e-02 8.5988718e-01] [0.02913726 0.18265185 0.16086684 0.02560151 0.6017425 ] [0.14151236 0.08036529 0.6330951  0.10407979 0.04094744] [0.02218195 0.32215416 0.6345032  0.00901052 0.01215019] [3.5312623e-02 6.4064062e-04 5.1143905e-04 1.3618879e-01 8.2734656e-01] [0.02542446 0.01269682 0.94734764 0.00530302 0.00922805] [8.5718621e-04 8.9644158e-01 1.0133333e-01 6.9160637e-04 6.7635888e-04] [0.0042754  0.83757746 0.1503396  0.0008969  0.00691064] [0.01747504 0.6027138  0.35569012 0.00809661 0.01602442] [0.03083557 0.5225251  0.43870765 0.00167966 0.00625202] [0.06330477 0.03763336 0.8598374  0.03542508 0.00379942] [0.08157512 0.01902811 0.24194196 0.11777153 0.5396833 ] [0.05909468 0.20420626 0.6370208  0.08291185 0.01676639] [0.00139766 0.00180426 0.03312537 0.00146675 0.962206  ] [3.8641321e-03 1.1616994e-03 2.3762798e-02 7.6583703e-04 9.7044557e-01] [0.32815182 0.37044343 0.25554526 0.03682402 0.00903543] [0.0361555  0.07969301 0.72156316 0.01121559 0.15137276] [0.00741251 0.0604404  0.9211244  0.00688173 0.00414096] [0.09946657 0.0287036  0.83680713 0.00828794 0.02673482] [0.08247834 0.03525351 0.0659541  0.02882699 0.78748703] [1.1464174e-02 2.1636784e-04 5.8739091e-04 6.5483883e-02 9.2224818e-01] [0.04810853 0.00453334 0.6469002  0.28071898 0.01973897] [0.0456821  0.13903068 0.7741377  0.00546812 0.03568138] [0.004734   0.11239402 0.8766161  0.00377236 0.00248346] [0.09747561 0.0507866  0.7580027  0.05065174 0.04308334] [0.00930703 0.6032849  0.3759566  0.00187346 0.009578  ] [0.10609449 0.04482909 0.8378953  0.00338107 0.0078001 ]",0 3 0 1 3 3 0 4 2 0 4 0 2 1 4 2 3 2 0 4 2 3 4 2 4 3 2 1 0 3 0 2 4 4 4 2 2 1 4 1 0 4 2 0 2 2 4 2 4 0 2 2 3 2 0 1 1 0 4 3 1 3 1 4 3 0 2 4 4 4 3 4 1 0 3 3 3 2 0 1 4 4 4 0 3 2 3 3 1 1 4 4 2 4 2 4 4 0 2 3 2 2 4 4 0 2 2 1 2 1 3 2 2 2 0 0 4 0 2 2 4 2 0 1 4 2 2 1 2 1 0 0 2 4 4 1 2 1 2 4 4 3 0 2 2 2 1
188,4,xgboost,0.02,30000,30000,0.5850340136054422,0.8614412451659206,[0.01492598 0.15943135 0.82204413 0.00271437 0.00088416] [0.04776891 0.03644249 0.7823868  0.07690312 0.05649866] [0.17586821 0.0864759  0.53419226 0.1845476  0.018916  ] [0.058525   0.02297256 0.14324082 0.75262654 0.02263513] [8.5252905e-03 3.4634478e-04 9.3727856e-04 7.6979347e-02 9.1321176e-01] [0.5767758  0.03446993 0.28153875 0.02740404 0.07981148] [0.02233583 0.00571926 0.00854915 0.22731565 0.7360801 ] [0.07161277 0.01076619 0.06787586 0.10444061 0.7453046 ] [0.01210259 0.16915914 0.7983526  0.01837867 0.00200698] [0.05086438 0.01247036 0.66625094 0.01598004 0.25443426] [0.71401316 0.01331747 0.12712686 0.02242774 0.12311479] [0.2914591  0.07268414 0.6187716  0.01063813 0.00644699] [2.2163563e-03 4.9180200e-04 3.6584274e-03 2.0737336e-03 9.9155968e-01] [0.03409603 0.07710412 0.8504197  0.00444106 0.03393906] [1.0320665e-02 2.2717362e-04 5.4769556e-04 1.7471302e-02 9.7143316e-01] [0.10521951 0.02768392 0.02728489 0.5782336  0.26157808] [0.09773127 0.02429182 0.86423796 0.00886112 0.00487782] [0.03927522 0.4456238  0.5033465  0.0102031  0.00155139] [2.4985054e-03 2.5725202e-04 3.3611976e-04 3.0267956e-02 9.6664017e-01] [0.02061224 0.00217408 0.00163831 0.04708464 0.9284907 ] [0.00909363 0.00249311 0.0199982  0.00438105 0.9640341 ] [0.16103709 0.01331565 0.8077618  0.01216638 0.00571903] [0.02561015 0.01350233 0.95084536 0.00776487 0.00227732] [0.05378326 0.05393787 0.8708337  0.00767407 0.01377111] [0.3029111  0.04936048 0.13760585 0.37782413 0.13229842] [0.08390118 0.03167505 0.3607101  0.30456877 0.21914488] [0.01735478 0.15763453 0.82160616 0.00166766 0.00173685] [0.022845   0.00134391 0.00732603 0.08340076 0.88508433] [4.9160081e-03 8.7515463e-04 7.0266414e-04 1.9286886e-01 8.0063730e-01] [0.23112087 0.04425657 0.45578524 0.00751653 0.2613208 ] [0.06414942 0.01061148 0.22233081 0.01531889 0.6875894 ] [2.2226755e-02 5.2401487e-04 5.7399180e-04 1.0332951e-01 8.7334573e-01] [0.01660624 0.22270067 0.7244788  0.02003833 0.01617602] [0.12582113 0.2008494  0.12759236 0.33825934 0.20747776] [0.10533004 0.0178696  0.7926933  0.06596701 0.01814003] [0.05860596 0.06282231 0.8637566  0.00678483 0.0080303 ] [0.02424082 0.06719318 0.87693155 0.01669307 0.0149414 ] [1.5546964e-03 4.8295860e-04 6.9309832e-03 3.0695699e-04 9.9072438e-01] [0.6748141  0.01766219 0.0651758  0.22338827 0.01895965] [0.02973206 0.00262946 0.0177002  0.27893794 0.67100036] [4.6876334e-03 7.5435435e-04 1.3465603e-02 8.5646339e-04 9.8023593e-01] [3.4038716e-03 9.9638682e-03 2.0392140e-02 6.3224876e-04 9.6560782e-01] [3.3367774e-03 9.3126768e-01 6.4728200e-02 3.5151272e-04 3.1582499e-04] [0.00774633 0.6979107  0.29152    0.00144129 0.00138161] [1.1364300e-03 7.0214551e-04 8.5213035e-03 7.8345538e-04 9.8885673e-01] [0.3489509  0.10462898 0.3924702  0.00902294 0.144927  ] [0.04336083 0.35130543 0.6029315  0.0013854  0.00101685] [0.19783942 0.30814677 0.4906568  0.00192098 0.00143605] [0.04458962 0.08244545 0.86663836 0.00364553 0.00268107] [0.39182004 0.02410946 0.4641424  0.09473797 0.02519016] [0.6971784  0.01209236 0.2623483  0.00783568 0.02054531] [0.20541722 0.16982989 0.14052647 0.02338314 0.4608433 ] [0.11011691 0.13775305 0.67793554 0.02001802 0.05417646] [0.04536761 0.00409269 0.03632624 0.38236648 0.531847  ] [0.02081967 0.6427366  0.3277727  0.00639727 0.00227373] [0.00576256 0.00883272 0.00278821 0.00475645 0.9778601 ] [0.5305975  0.04940284 0.19395351 0.12958315 0.09646297] [0.18842667 0.325706   0.3835168  0.03805193 0.06429863] [1.0041829e-02 8.6382136e-02 9.0129012e-01 6.6703162e-04 1.6188825e-03] [0.24682055 0.02589909 0.3070218  0.10525385 0.31500474] [0.25198483 0.00164228 0.00507382 0.19316375 0.54813534] [0.02419319 0.05369753 0.79692113 0.0412648  0.08392335] [0.10237663 0.00725613 0.05355005 0.79730344 0.03951374] [0.09350684 0.00221666 0.01222076 0.01502202 0.8770337 ] [0.01820876 0.34431466 0.5996953  0.01696537 0.02081587] [0.34422916 0.01518539 0.02912123 0.06681523 0.544649  ] [1.4362357e-02 9.7110343e-01 1.3982414e-02 1.8568056e-04 3.6609126e-04] [0.17713983 0.18106294 0.20376559 0.32776818 0.1102635 ] [2.8700477e-02 2.0546686e-04 5.8489293e-04 5.9914370e-03 9.6451765e-01] [0.021657   0.60602057 0.36973935 0.00178239 0.00080062] [0.0145776  0.22781953 0.7512784  0.00259047 0.00373396] [0.05160053 0.03957367 0.31909183 0.5828028  0.00693118] [0.26591542 0.06511651 0.33612213 0.20208882 0.13075712] [0.03500328 0.11394497 0.7695167  0.01222428 0.06931073] [0.00403824 0.00982229 0.0261262  0.00165031 0.9583629 ] [0.24981013 0.00844685 0.22963777 0.50467914 0.00742612] [0.00462695 0.02579853 0.04480343 0.00316777 0.9216034 ] [1.0666955e-02 3.8307055e-04 1.1375613e-02 6.5260817e-04 9.7692174e-01] [0.01517303 0.00147768 0.00440697 0.164201   0.81474125] [0.12800813 0.02973412 0.5043316  0.01175773 0.32616845] [0.09736766 0.09575327 0.7964721  0.00381548 0.00659147] [0.0674394  0.13498192 0.79044616 0.00487618 0.00225636] [1.0381346e-02 4.2466825e-01 5.6304342e-01 1.4017117e-03 5.0522102e-04] [0.29586676 0.00283873 0.02197155 0.06491499 0.61440796] [0.01672753 0.12701975 0.8439715  0.00301672 0.00926452] [0.08644571 0.06464116 0.8120268  0.03105887 0.00582749] [0.26689944 0.45381966 0.201708   0.05621727 0.02135561] [0.01792219 0.15190168 0.82134426 0.00194915 0.00688273] [0.0906688  0.17127563 0.67248183 0.00944246 0.05613131] [0.08997326 0.00351962 0.00871117 0.34774628 0.55004966] [0.22620535 0.06447122 0.6030865  0.07965158 0.02658536] [0.48332182 0.06934004 0.0602928  0.0966039  0.29044142] [0.00275427 0.00218193 0.10707155 0.00230476 0.88568753] [0.02533225 0.07165441 0.8662162  0.03346757 0.00332963] [0.062819   0.4232681  0.48320118 0.01265486 0.01805689] [0.01562428 0.0023901  0.0076914  0.772287   0.20200719] [0.10108144 0.3833961  0.4473668  0.02536488 0.04279082] [0.11520843 0.01924197 0.81780565 0.01921674 0.0285272 ] [0.49589077 0.0151495  0.11629756 0.31943852 0.05322366] [0.04639088 0.00289711 0.01081651 0.7676907  0.17220479] [1.3856195e-04 3.1981013e-05 4.1881824e-05 9.7082835e-03 9.9007928e-01] [0.00385549 0.8948227  0.09865539 0.00174739 0.00091902] [0.10326189 0.00398279 0.02202757 0.5092263  0.36150143] [0.7298572  0.00551668 0.04537892 0.10777974 0.1114675 ] [0.16344354 0.13685867 0.44579196 0.19815035 0.05575543] [0.00980159 0.03068427 0.94487405 0.00373964 0.01090041] [1.4288322e-03 8.7996363e-04 2.7104917e-03 2.1625385e-03 9.9281824e-01] [5.4870895e-03 5.0618831e-04 8.1720361e-03 1.7596217e-02 9.6823847e-01] [0.05562473 0.24395627 0.687612   0.00709418 0.00571278] [0.02179981 0.01105502 0.01981471 0.00265329 0.9446771 ] [0.00268388 0.00172201 0.00317506 0.00253688 0.9898822 ] [5.9690775e-04 4.5656229e-04 1.1642849e-02 1.1920588e-03 9.8611164e-01] [0.03544988 0.08221888 0.85156274 0.00924422 0.02152431] [4.2911586e-03 1.0217640e-03 9.5953215e-03 5.9337233e-04 9.8449832e-01] [0.4750958  0.04480037 0.04779101 0.19897477 0.23333801] [0.117117   0.02736338 0.84377426 0.00806822 0.00367714] [0.19405125 0.04714534 0.74880415 0.0064858  0.00351348] [0.01650043 0.03179569 0.9302894  0.01506902 0.00634553] [1.3598737e-03 9.3430459e-01 6.3891977e-02 2.6276539e-04 1.8076831e-04] [0.01653025 0.10530167 0.87541014 0.00128292 0.00147504] [2.3538368e-02 3.7376571e-04 3.1034073e-03 8.1213720e-02 8.9177072e-01] [0.44212127 0.04050488 0.2934531  0.13737664 0.08654411] [0.05678082 0.0138447  0.02288956 0.8495684  0.0569165 ] [3.4465748e-03 5.0726950e-02 9.4357383e-01 1.5899272e-03 6.6270510e-04] [0.06387518 0.33634442 0.56789845 0.00482902 0.02705292] [0.05718248 0.00911438 0.16037227 0.08819871 0.68513215] [0.04001161 0.0165734  0.03490417 0.1115229  0.79698795] [0.26774165 0.0839017  0.530344   0.06279998 0.05521265] [0.00986476 0.01439339 0.9651792  0.00580611 0.00475658] [0.26129803 0.19376619 0.47443593 0.0507061  0.01979377] [0.05875345 0.00211258 0.02086895 0.02242938 0.8958357 ] [0.04650583 0.00912051 0.08353397 0.1813246  0.6795151 ] [3.7715059e-02 2.0783940e-02 9.3970072e-01 7.3447597e-04 1.0658287e-03] [0.09262066 0.00210058 0.00422392 0.53298074 0.36807415] [0.25445026 0.04156888 0.6414245  0.01847393 0.0440825 ] [0.08068358 0.0483242  0.8564116  0.00911609 0.00546459] [5.7150894e-03 2.6705026e-04 1.1356528e-03 1.1649224e-02 9.8123300e-01] [0.02802137 0.01007228 0.9407062  0.00193022 0.01926999] [0.43511656 0.11552129 0.2513913  0.18557362 0.01239724] [0.00788014 0.01125042 0.03342102 0.00101711 0.94643134] [0.03450999 0.09318613 0.86675775 0.00278397 0.00276219] [0.0677896  0.08348024 0.7878104  0.0340465  0.02687332] [0.14366983 0.00893147 0.8073117  0.02772179 0.01236523] [0.698332   0.05734123 0.05228206 0.15873142 0.03331325] [0.39310864 0.10125703 0.40010282 0.01334507 0.09218641] [2.0504710e-03 1.8864663e-01 8.0850863e-01 3.4693145e-04 4.4727241e-04] [0.15531191 0.18314153 0.36896464 0.05714106 0.23544085],1 0 0 3 4 2 4 2 1 2 0 0 4 2 3 3 1 1 4 4 4 0 2 2 0 3 0 4 4 4 3 4 2 0 3 2 2 4 2 3 4 4 1 1 4 0 1 1 2 2 3 4 2 3 1 4 0 2 2 0 3 2 3 3 2 3 1 3 4 1 1 0 3 0 4 0 4 4 3 0 2 1 1 4 2 1 2 2 2 4 2 2 4 0 1 3 2 2 2 3 4 2 4 0 0 2 4 3 1 4 4 4 1 4 0 2 2 1 2 2 4 0 0 2 1 4 4 2 2 2 4 3 2 3 0 2 4 0 0 4 2 0 2 3 2 1 0
